Drug,ICD,PubMed_query_name,FDR (molecular overlap),Reported indication,PubMed count,% Male Trajectories,% Female Trajectories
Etanercept,A01,typhoid and paratyphoid fevers,0.0086503890442959,False,3.0,0.0,0.0
Ustekinumab,A02,salmonella infections,0.0197436864289855,False,0.0,0.0,0.0
Tildrakizumab,A02,salmonella infections,0.0336877723922002,False,0.0,0.0,0.0
Botulinum Toxin Type B,A05,bacterial foodborne intoxications,3.381926492009891e-07,False,0.0,0.0,0.0
Cisplatin,A15,"respiratory tuberculosis, bacteriologically and histologically confirmed",0.0362499149222483,False,1066.0,0.0,0.0
Lapatinib,A15,"respiratory tuberculosis, bacteriologically and histologically confirmed",0.0012244932105268,False,7.0,0.0,0.0
Cholesterol,A15,"respiratory tuberculosis, bacteriologically and histologically confirmed",0.03775059933262,False,704.0,0.0,0.0
Rilonacept,A15,"respiratory tuberculosis, bacteriologically and histologically confirmed",0.0109616863305869,False,0.0,0.0,0.0
Pomalidomide,A15,"respiratory tuberculosis, bacteriologically and histologically confirmed",0.03775059933262,False,2.0,0.0,0.0
Afatinib,A15,"respiratory tuberculosis, bacteriologically and histologically confirmed",0.0277435694968966,False,14.0,0.0,0.0
Osimertinib,A15,"respiratory tuberculosis, bacteriologically and histologically confirmed",0.0277435694968966,False,21.0,0.0,0.0
Foreskin keratinocyte (neonatal),A15,"respiratory tuberculosis, bacteriologically and histologically confirmed",0.0035746793275313,False,0.0,0.0,0.0
Curcumin,A15,"respiratory tuberculosis, bacteriologically and histologically confirmed",0.004393989953519,False,96.0,0.0,0.0
Mifamurtide,A15,"respiratory tuberculosis, bacteriologically and histologically confirmed",0.0046024920756659,False,3.0,0.0,0.0
Flunisolide,A17,tuberculosis of nervous system,0.0458502670625731,False,0.0,0.0,0.0
Diflorasone,A17,tuberculosis of nervous system,0.0197436864289855,False,0.0,0.0,0.0
Alclometasone,A17,tuberculosis of nervous system,0.0336877723922002,False,0.0,0.0,0.0
Medrysone,A17,tuberculosis of nervous system,0.0336877723922002,False,0.0,0.0,0.0
Amcinonide,A17,tuberculosis of nervous system,0.0336877723922002,False,0.0,0.0,0.0
Fluorometholone,A17,tuberculosis of nervous system,0.0458502670625731,False,0.0,0.0,0.0
Megestrol acetate,A17,tuberculosis of nervous system,0.0458502670625731,False,0.0,0.0,0.0
Beclomethasone dipropionate,A17,tuberculosis of nervous system,0.0458502670625731,False,0.0,0.0,0.0
Desoximetasone,A17,tuberculosis of nervous system,0.0197436864289855,False,0.0,0.0,0.0
Fluocinolone Acetonide,A17,tuberculosis of nervous system,0.0458502670625731,False,0.0,0.0,0.0
Ulobetasol,A17,tuberculosis of nervous system,0.0336877723922002,False,0.0,0.0,0.0
Flumethasone,A17,tuberculosis of nervous system,0.0336877723922002,False,0.0,0.0,0.0
Fludrocortisone,A17,tuberculosis of nervous system,0.0458502670625731,False,4.0,0.0,0.0
Mometasone,A17,tuberculosis of nervous system,0.0458502670625731,False,0.0,0.0,0.0
Hydrocortamate,A17,tuberculosis of nervous system,0.0336877723922002,False,0.0,0.0,0.0
Clocortolone,A17,tuberculosis of nervous system,0.0197436864289855,False,0.0,0.0,0.0
Flurandrenolide,A17,tuberculosis of nervous system,0.0336877723922002,False,0.0,0.0,0.0
Loteprednol,A17,tuberculosis of nervous system,0.0197436864289855,False,0.0,0.0,0.0
Rimexolone,A17,tuberculosis of nervous system,0.0336877723922002,False,0.0,0.0,0.0
Methylprednisolone,A17,tuberculosis of nervous system,0.0458502670625731,False,31.0,0.0,0.0
Clobetasol propionate,A17,tuberculosis of nervous system,0.0458502670625731,False,0.0,0.0,0.0
Fluocinonide,A17,tuberculosis of nervous system,0.0458502670625731,False,0.0,0.0,0.0
Prednicarbate,A17,tuberculosis of nervous system,0.0197436864289855,False,0.0,0.0,0.0
Budesonide,A17,tuberculosis of nervous system,0.0336877723922002,False,0.0,0.0,0.0
Desonide,A17,tuberculosis of nervous system,0.0197436864289855,False,0.0,0.0,0.0
Cortisone acetate,A17,tuberculosis of nervous system,0.0336877723922002,False,15.0,0.0,0.0
Paramethasone,A17,tuberculosis of nervous system,0.0458502670625731,False,0.0,0.0,0.0
Difluprednate,A17,tuberculosis of nervous system,0.0197436864289855,False,0.0,0.0,0.0
Fluticasone furoate,A17,tuberculosis of nervous system,0.0458502670625731,False,0.0,0.0,0.0
Tixocortol,A17,tuberculosis of nervous system,0.0336877723922002,False,0.0,0.0,0.0
Difluocortolone,A17,tuberculosis of nervous system,0.0336877723922002,False,0.0,0.0,0.0
Clobetasone,A17,tuberculosis of nervous system,0.0197436864289855,False,0.0,0.0,0.0
Marimastat,A48,bacterial diseases,0.000609781575031,False,7.0,0.0,0.0
Iron Dextran,A48,bacterial diseases,0.0258085049488381,False,102.0,0.0,0.0
Glucosamine,A48,bacterial diseases,0.0456000038902015,False,662.0,0.0,0.0
Clenbuterol,A48,bacterial diseases,0.0456000038902015,False,10.0,33.33333333333333,0.0
Pentaerythritol Tetranitrate,A48,bacterial diseases,0.0258085049488381,False,3.0,33.33333333333333,0.0
Dalteparin,A48,bacterial diseases,0.0258085049488381,False,8.0,0.0,0.0
Nitrous acid,A48,bacterial diseases,0.0101182811240116,False,644.0,0.0,0.0
Copper,A48,bacterial diseases,0.0070752696047191,False,2987.0,66.66666666666666,0.0
Oxygen,A48,bacterial diseases,0.0173862538623696,False,17581.0,33.33333333333333,0.0
Sodium ferric gluconate complex,A48,bacterial diseases,0.0101182811240116,False,0.0,0.0,0.0
Ferric pyrophosphate citrate,A48,bacterial diseases,0.0173862538623696,False,1.0,0.0,0.0
Hydroxychloroquine,A63,sexually transmitted diseases,0.0458502670625731,False,69.0,0.0,0.0
Infliximab,A71,trachoma,0.0458502670625731,False,0.0,0.0,0.0
Golimumab,A71,trachoma,0.0458502670625731,False,0.0,0.0,0.0
Certolizumab pegol,A71,trachoma,0.0458502670625731,False,0.0,0.0,0.0
Marimastat,A75,typhus fever,1.0002545645924952e-07,False,0.0,0.0,0.0
Marimastat,A77,spotted fever [tick-borne rickettsioses],2.5825879559617093e-08,False,0.0,0.0,0.0
Ubidecarenone,A78,q fever,0.0010398408410949,False,0.0,0.0,0.0
Cetuximab,A81,atypical virus infections of central nervous system,0.000950281166973,False,0.0,0.0,0.0
Etanercept,A81,atypical virus infections of central nervous system,0.0016870672274931,False,0.0,0.0,0.0
Adalimumab,A81,atypical virus infections of central nervous system,0.000950281166973,False,1.0,0.0,0.0
Abciximab,A81,atypical virus infections of central nervous system,0.0014128399637688,False,0.0,0.0,0.0
Gemtuzumab ozogamicin,A81,atypical virus infections of central nervous system,0.000950281166973,False,0.0,0.0,0.0
Trastuzumab,A81,atypical virus infections of central nervous system,0.0014128399637688,False,0.0,0.0,0.0
Rituximab,A81,atypical virus infections of central nervous system,0.000950281166973,False,6.0,0.0,0.0
Basiliximab,A81,atypical virus infections of central nervous system,0.0011553017946975,False,0.0,0.0,0.0
Muromonab,A81,atypical virus infections of central nervous system,0.0016870672274931,False,0.0,0.0,0.0
Ibritumomab tiuxetan,A81,atypical virus infections of central nervous system,0.000950281166973,False,0.0,0.0,0.0
Tositumomab,A81,atypical virus infections of central nervous system,0.0007482658795821,False,0.0,0.0,0.0
Alemtuzumab,A81,atypical virus infections of central nervous system,0.0007482658795821,False,0.0,0.0,0.0
Alefacept,A81,atypical virus infections of central nervous system,0.0007482658795821,False,0.0,0.0,0.0
Efalizumab,A81,atypical virus infections of central nervous system,0.0007482658795821,False,0.0,0.0,0.0
Natalizumab,A81,atypical virus infections of central nervous system,0.000950281166973,False,8.0,0.0,0.0
Palivizumab,A81,atypical virus infections of central nervous system,0.0007482658795821,False,0.0,0.0,0.0
Bevacizumab,A81,atypical virus infections of central nervous system,0.0007482658795821,False,0.0,0.0,0.0
Zinc,A81,atypical virus infections of central nervous system,0.0023175562015449,False,0.0,0.0,0.0
Copper,A81,atypical virus infections of central nervous system,0.0070709704518039,False,0.0,0.0,0.0
Levallorphan,A85,viral encephalitis,0.0458502670625731,False,0.0,0.0,0.0
Orciprenaline,A85,viral encephalitis,0.0458502670625731,False,0.0,0.0,0.0
Anileridine,A85,viral encephalitis,0.0458502670625731,False,0.0,0.0,0.0
Procaterol,A85,viral encephalitis,0.0458502670625731,False,0.0,0.0,0.0
Methadyl Acetate,A85,viral encephalitis,0.0458502670625731,False,0.0,0.0,0.0
Protokylol,A85,viral encephalitis,0.0458502670625731,False,0.0,0.0,0.0
Etafedrine,A85,viral encephalitis,0.0458502670625731,False,0.0,0.0,0.0
Lepirudin,A90,dengue fever [classical dengue],0.0458502670625731,False,0.0,0.0,0.0
Coccidioides immitis spherule,B02,zoster [herpes zoster],0.0003252609825099,False,0.0,100.0,100.0
Peginterferon alfa-2a,B18,chronic viral hepatitis,0.0040026508958184,False,2326.0,90.9090909090909,100.0
Interferon alfa-n1,B18,chronic viral hepatitis,0.0016925210586982,False,2.0,100.0,100.0
Interferon alfa-n3,B18,chronic viral hepatitis,0.0016925210586982,False,3.0,100.0,100.0
Peginterferon alfa-2b,B18,chronic viral hepatitis,0.006909854311659,False,1365.0,100.0,100.0
"Interferon Alfa-2a, Recombinant",B18,chronic viral hepatitis,0.0016925210586982,False,4287.0,100.0,100.0
Interferon beta-1a,B18,chronic viral hepatitis,0.0016925210586982,False,33.0,100.0,100.0
Interferon beta-1b,B18,chronic viral hepatitis,0.0016925210586982,False,87.0,100.0,100.0
Interferon alfacon-1,B18,chronic viral hepatitis,0.0016925210586982,False,53.0,100.0,100.0
"Interferon Alfa-2b, Recombinant",B18,chronic viral hepatitis,0.0040026508958184,False,3418.0,90.9090909090909,100.0
Foreskin fibroblast (neonatal),B19,viral hepatitis,0.0221971819867271,False,0.0,0.0,0.0
Foreskin keratinocyte (neonatal),B19,viral hepatitis,0.025652922029341,False,0.0,0.0,0.0
Cyclosporine,B20,human immunodeficiency virus [hiv] disease resulting in infectious and parasitic diseases,0.0176383185679171,False,339.0,100.0,0.0
Calcitriol,B20,human immunodeficiency virus [hiv] disease resulting in infectious and parasitic diseases,0.0182840564821863,False,38.0,100.0,0.0
Cholecalciferol,B20,human immunodeficiency virus [hiv] disease resulting in infectious and parasitic diseases,0.0213286008116315,False,55.0,100.0,0.0
Fluvoxamine,B20,human immunodeficiency virus [hiv] disease resulting in infectious and parasitic diseases,0.0021969419641062,False,2.0,100.0,0.0
Fluconazole,B20,human immunodeficiency virus [hiv] disease resulting in infectious and parasitic diseases,0.0058244621365469,False,431.0,100.0,0.0
Erythromycin,B20,human immunodeficiency virus [hiv] disease resulting in infectious and parasitic diseases,1.2343099265015607e-05,False,783.0,100.0,0.0
Nelfinavir,B20,human immunodeficiency virus [hiv] disease resulting in infectious and parasitic diseases,0.0002636740788192,False,0.0,100.0,0.0
Indinavir,B20,human immunodeficiency virus [hiv] disease resulting in infectious and parasitic diseases,0.0275761303850145,False,192.0,100.0,0.0
Nevirapine,B20,human immunodeficiency virus [hiv] disease resulting in infectious and parasitic diseases,0.0058244621365469,False,1035.0,100.0,0.0
Phenytoin,B20,human immunodeficiency virus [hiv] disease resulting in infectious and parasitic diseases,0.0006937140199716,False,84.0,100.0,0.0
Lidocaine,B20,human immunodeficiency virus [hiv] disease resulting in infectious and parasitic diseases,0.0081711286938895,False,53.0,100.0,0.0
Gefitinib,B20,human immunodeficiency virus [hiv] disease resulting in infectious and parasitic diseases,0.0121688608057478,False,4.0,100.0,0.0
Methadone,B20,human immunodeficiency virus [hiv] disease resulting in infectious and parasitic diseases,0.0081711286938895,False,166.0,100.0,0.0
Terfenadine,B20,human immunodeficiency virus [hiv] disease resulting in infectious and parasitic diseases,0.0345686863876391,False,8.0,100.0,0.0
Diltiazem,B20,human immunodeficiency virus [hiv] disease resulting in infectious and parasitic diseases,0.0058244621365469,False,15.0,100.0,0.0
Amlodipine,B20,human immunodeficiency virus [hiv] disease resulting in infectious and parasitic diseases,0.0123304903655786,False,14.0,100.0,0.0
Sorafenib,B20,human immunodeficiency virus [hiv] disease resulting in infectious and parasitic diseases,0.0286783286300539,False,12.0,100.0,0.0
Nisoldipine,B20,human immunodeficiency virus [hiv] disease resulting in infectious and parasitic diseases,0.008585829995479,False,1.0,100.0,0.0
Alprazolam,B20,human immunodeficiency virus [hiv] disease resulting in infectious and parasitic diseases,0.0182840564821863,False,1.0,100.0,0.0
Cerivastatin,B20,human immunodeficiency virus [hiv] disease resulting in infectious and parasitic diseases,0.0021969419641062,False,0.0,100.0,0.0
Fluoxetine,B20,human immunodeficiency virus [hiv] disease resulting in infectious and parasitic diseases,0.0064791649175859,False,15.0,100.0,0.0
Buspirone,B20,human immunodeficiency virus [hiv] disease resulting in infectious and parasitic diseases,0.0022048526509437,False,2.0,100.0,0.0
Ritonavir,B20,human immunodeficiency virus [hiv] disease resulting in infectious and parasitic diseases,8.307581560507247e-05,False,1013.0,100.0,0.0
Lercanidipine,B20,human immunodeficiency virus [hiv] disease resulting in infectious and parasitic diseases,0.0182840564821863,False,0.0,100.0,0.0
Erlotinib,B20,human immunodeficiency virus [hiv] disease resulting in infectious and parasitic diseases,0.0275761303850145,False,4.0,100.0,0.0
Cyclophosphamide,B20,human immunodeficiency virus [hiv] disease resulting in infectious and parasitic diseases,0.0121688608057478,False,409.0,100.0,0.0
Ciprofloxacin,B20,human immunodeficiency virus [hiv] disease resulting in infectious and parasitic diseases,0.0121688608057478,False,249.0,100.0,0.0
Vincristine,B20,human immunodeficiency virus [hiv] disease resulting in infectious and parasitic diseases,0.0275761303850145,False,80.0,100.0,0.0
Carbamazepine,B20,human immunodeficiency virus [hiv] disease resulting in infectious and parasitic diseases,0.0050650826882028,False,58.0,100.0,0.0
Propranolol,B20,human immunodeficiency virus [hiv] disease resulting in infectious and parasitic diseases,0.0029399632025148,False,89.0,100.0,0.0
Voriconazole,B20,human immunodeficiency virus [hiv] disease resulting in infectious and parasitic diseases,0.008585829995479,False,127.0,100.0,0.0
Diclofenac,B20,human immunodeficiency virus [hiv] disease resulting in infectious and parasitic diseases,0.0379202279016244,False,20.0,100.0,0.0
Ethosuximide,B20,human immunodeficiency virus [hiv] disease resulting in infectious and parasitic diseases,0.001122282734935,False,1.0,100.0,0.0
Cisapride,B20,human immunodeficiency virus [hiv] disease resulting in infectious and parasitic diseases,0.0275761303850145,False,4.0,100.0,0.0
Imatinib,B20,human immunodeficiency virus [hiv] disease resulting in infectious and parasitic diseases,0.0208792233746559,False,58.0,100.0,0.0
Testosterone,B20,human immunodeficiency virus [hiv] disease resulting in infectious and parasitic diseases,0.0005335865563748,False,395.0,100.0,0.0
Efavirenz,B20,human immunodeficiency virus [hiv] disease resulting in infectious and parasitic diseases,0.0010607466264841,False,922.0,100.0,0.0
Prednisone,B20,human immunodeficiency virus [hiv] disease resulting in infectious and parasitic diseases,0.0466433624469089,False,568.0,100.0,0.0
Astemizole,B20,human immunodeficiency virus [hiv] disease resulting in infectious and parasitic diseases,0.008585829995479,False,3.0,100.0,0.0
Simvastatin,B20,human immunodeficiency virus [hiv] disease resulting in infectious and parasitic diseases,0.0064791649175859,False,0.0,100.0,0.0
Estrone,B20,human immunodeficiency virus [hiv] disease resulting in infectious and parasitic diseases,0.0123304903655786,False,12.0,100.0,0.0
Trazodone,B20,human immunodeficiency virus [hiv] disease resulting in infectious and parasitic diseases,0.0213286008116315,False,0.0,100.0,0.0
Aprepitant,B20,human immunodeficiency virus [hiv] disease resulting in infectious and parasitic diseases,0.0466433624469089,False,4.0,100.0,0.0
Midazolam,B20,human immunodeficiency virus [hiv] disease resulting in infectious and parasitic diseases,0.0379202279016244,False,18.0,100.0,0.0
Eplerenone,B20,human immunodeficiency virus [hiv] disease resulting in infectious and parasitic diseases,0.0182840564821863,False,3.0,100.0,0.0
Amprenavir,B20,human immunodeficiency virus [hiv] disease resulting in infectious and parasitic diseases,0.008585829995479,False,49.0,100.0,0.0
Norethisterone,B20,human immunodeficiency virus [hiv] disease resulting in infectious and parasitic diseases,0.0001231217324662,False,25.0,100.0,0.0
Nateglinide,B20,human immunodeficiency virus [hiv] disease resulting in infectious and parasitic diseases,0.042387382763047,False,0.0,100.0,0.0
Hydrocortisone,B20,human immunodeficiency virus [hiv] disease resulting in infectious and parasitic diseases,0.042387382763047,False,373.0,100.0,0.0
Clopidogrel,B20,human immunodeficiency virus [hiv] disease resulting in infectious and parasitic diseases,0.008585829995479,False,8.0,100.0,0.0
Irinotecan,B20,human immunodeficiency virus [hiv] disease resulting in infectious and parasitic diseases,0.0005182969441729,False,2.0,100.0,0.0
Oxcarbazepine,B20,human immunodeficiency virus [hiv] disease resulting in infectious and parasitic diseases,0.0310495187434402,False,9.0,100.0,0.0
Roxithromycin,B20,human immunodeficiency virus [hiv] disease resulting in infectious and parasitic diseases,0.0182840564821863,False,31.0,100.0,0.0
Phenelzine,B20,human immunodeficiency virus [hiv] disease resulting in infectious and parasitic diseases,0.0275761303850145,False,3.0,100.0,0.0
Alfentanil,B20,human immunodeficiency virus [hiv] disease resulting in infectious and parasitic diseases,5.467628562028684e-05,False,0.0,100.0,0.0
Fentanyl,B20,human immunodeficiency virus [hiv] disease resulting in infectious and parasitic diseases,0.0022048526509437,False,23.0,100.0,0.0
Diazepam,B20,human immunodeficiency virus [hiv] disease resulting in infectious and parasitic diseases,0.0081822764488979,False,47.0,100.0,0.0
Mifepristone,B20,human immunodeficiency virus [hiv] disease resulting in infectious and parasitic diseases,0.0121688608057478,False,10.0,100.0,0.0
Tacrolimus,B20,human immunodeficiency virus [hiv] disease resulting in infectious and parasitic diseases,0.0001231217324662,False,90.0,100.0,0.0
Sirolimus,B20,human immunodeficiency virus [hiv] disease resulting in infectious and parasitic diseases,0.0058244621365469,False,57.0,100.0,0.0
Salmeterol,B20,human immunodeficiency virus [hiv] disease resulting in infectious and parasitic diseases,0.0022048526509437,False,1.0,100.0,0.0
Zalcitabine,B20,human immunodeficiency virus [hiv] disease resulting in infectious and parasitic diseases,0.001556844747132,False,672.0,100.0,0.0
Zaleplon,B20,human immunodeficiency virus [hiv] disease resulting in infectious and parasitic diseases,0.0310495187434402,False,2.0,100.0,0.0
Azelastine,B20,human immunodeficiency virus [hiv] disease resulting in infectious and parasitic diseases,0.0213286008116315,False,3.0,100.0,0.0
Telithromycin,B20,human immunodeficiency virus [hiv] disease resulting in infectious and parasitic diseases,0.0182840564821863,False,8.0,100.0,0.0
Ketoconazole,B20,human immunodeficiency virus [hiv] disease resulting in infectious and parasitic diseases,0.0379202279016244,False,302.0,100.0,0.0
Rifampicin,B20,human immunodeficiency virus [hiv] disease resulting in infectious and parasitic diseases,0.0006641982524776,False,558.0,100.0,0.0
Nitrendipine,B20,human immunodeficiency virus [hiv] disease resulting in infectious and parasitic diseases,0.0163046584418511,False,4.0,100.0,0.0
Praziquantel,B20,human immunodeficiency virus [hiv] disease resulting in infectious and parasitic diseases,0.001122282734935,False,5860.0,100.0,0.0
Atorvastatin,B20,human immunodeficiency virus [hiv] disease resulting in infectious and parasitic diseases,0.0176383185679171,False,46.0,100.0,0.0
Pimozide,B20,human immunodeficiency virus [hiv] disease resulting in infectious and parasitic diseases,0.0163046584418511,False,64.0,100.0,0.0
Sertraline,B20,human immunodeficiency virus [hiv] disease resulting in infectious and parasitic diseases,0.0275761303850145,False,17.0,100.0,0.0
Nifedipine,B20,human immunodeficiency virus [hiv] disease resulting in infectious and parasitic diseases,0.0176383185679171,False,29.0,100.0,0.0
Cilostazol,B20,human immunodeficiency virus [hiv] disease resulting in infectious and parasitic diseases,0.0466433624469089,False,1.0,100.0,0.0
Itraconazole,B20,human immunodeficiency virus [hiv] disease resulting in infectious and parasitic diseases,0.0004318566392016,False,333.0,100.0,0.0
Arsenic trioxide,B20,human immunodeficiency virus [hiv] disease resulting in infectious and parasitic diseases,0.042387382763047,False,14.0,100.0,0.0
Phenobarbital,B20,human immunodeficiency virus [hiv] disease resulting in infectious and parasitic diseases,0.0433924059162023,False,79.0,100.0,0.0
Ifosfamide,B20,human immunodeficiency virus [hiv] disease resulting in infectious and parasitic diseases,0.0121688608057478,False,10.0,100.0,0.0
Domperidone,B20,human immunodeficiency virus [hiv] disease resulting in infectious and parasitic diseases,0.0004318566392016,False,22.0,100.0,0.0
Rifapentine,B20,human immunodeficiency virus [hiv] disease resulting in infectious and parasitic diseases,0.0037063736078064,False,38.0,100.0,0.0
Clarithromycin,B20,human immunodeficiency virus [hiv] disease resulting in infectious and parasitic diseases,0.0121688608057478,False,135.0,100.0,0.0
Finasteride,B20,human immunodeficiency virus [hiv] disease resulting in infectious and parasitic diseases,0.0310495187434402,False,0.0,100.0,0.0
Levomethadyl Acetate,B20,human immunodeficiency virus [hiv] disease resulting in infectious and parasitic diseases,0.0466433624469089,False,0.0,100.0,0.0
Saquinavir,B20,human immunodeficiency virus [hiv] disease resulting in infectious and parasitic diseases,0.0064791649175859,False,142.0,100.0,0.0
Dexamethasone,B20,human immunodeficiency virus [hiv] disease resulting in infectious and parasitic diseases,0.0041831129866395,False,763.0,100.0,0.0
Sunitinib,B20,human immunodeficiency virus [hiv] disease resulting in infectious and parasitic diseases,0.0345686863876391,False,11.0,100.0,0.0
Fosphenytoin,B20,human immunodeficiency virus [hiv] disease resulting in infectious and parasitic diseases,0.0310495187434402,False,4.0,100.0,0.0
Digitoxin,B20,human immunodeficiency virus [hiv] disease resulting in infectious and parasitic diseases,0.0466433624469089,False,4.0,100.0,0.0
Ethylmorphine,B20,human immunodeficiency virus [hiv] disease resulting in infectious and parasitic diseases,0.0310495187434402,False,4.0,100.0,0.0
Indacaterol,B20,human immunodeficiency virus [hiv] disease resulting in infectious and parasitic diseases,0.0090770122728302,False,0.0,100.0,0.0
Telaprevir,B20,human immunodeficiency virus [hiv] disease resulting in infectious and parasitic diseases,0.0037063736078064,False,39.0,100.0,0.0
Trastuzumab emtansine,B20,human immunodeficiency virus [hiv] disease resulting in infectious and parasitic diseases,0.0090770122728302,False,0.0,100.0,0.0
Romidepsin,B20,human immunodeficiency virus [hiv] disease resulting in infectious and parasitic diseases,0.0163046584418511,False,24.0,100.0,0.0
Prasugrel,B20,human immunodeficiency virus [hiv] disease resulting in infectious and parasitic diseases,0.0466433624469089,False,2.0,100.0,0.0
Rivaroxaban,B20,human immunodeficiency virus [hiv] disease resulting in infectious and parasitic diseases,0.0182840564821863,False,2.0,100.0,0.0
Temsirolimus,B20,human immunodeficiency virus [hiv] disease resulting in infectious and parasitic diseases,0.001122282734935,False,0.0,100.0,0.0
Oxymetholone,B20,human immunodeficiency virus [hiv] disease resulting in infectious and parasitic diseases,0.001556844747132,False,0.0,100.0,0.0
Armodafinil,B20,human immunodeficiency virus [hiv] disease resulting in infectious and parasitic diseases,0.0466433624469089,False,6.0,100.0,0.0
Midostaurin,B20,human immunodeficiency virus [hiv] disease resulting in infectious and parasitic diseases,0.0050650826882028,False,1.0,100.0,0.0
Artemether,B20,human immunodeficiency virus [hiv] disease resulting in infectious and parasitic diseases,0.0310495187434402,False,2025.0,100.0,0.0
Ivacaftor,B20,human immunodeficiency virus [hiv] disease resulting in infectious and parasitic diseases,0.001122282734935,False,0.0,100.0,0.0
Rilpivirine,B20,human immunodeficiency virus [hiv] disease resulting in infectious and parasitic diseases,0.0121688608057478,False,283.0,100.0,0.0
Crizotinib,B20,human immunodeficiency virus [hiv] disease resulting in infectious and parasitic diseases,0.001122282734935,False,2.0,100.0,0.0
Boceprevir,B20,human immunodeficiency virus [hiv] disease resulting in infectious and parasitic diseases,0.0090770122728302,False,29.0,100.0,0.0
Enzalutamide,B20,human immunodeficiency virus [hiv] disease resulting in infectious and parasitic diseases,0.0004318566392016,False,0.0,100.0,0.0
Ibrutinib,B20,human immunodeficiency virus [hiv] disease resulting in infectious and parasitic diseases,0.0310495187434402,False,9.0,100.0,0.0
Idelalisib,B20,human immunodeficiency virus [hiv] disease resulting in infectious and parasitic diseases,4.4047909259208474e-05,False,4.0,100.0,0.0
Cobicistat,B20,human immunodeficiency virus [hiv] disease resulting in infectious and parasitic diseases,5.467628562028684e-05,False,163.0,100.0,0.0
Daclatasvir,B20,human immunodeficiency virus [hiv] disease resulting in infectious and parasitic diseases,0.0001231217324662,False,32.0,100.0,0.0
Copper,B20,human immunodeficiency virus [hiv] disease resulting in infectious and parasitic diseases,0.0279042811431441,False,610.0,100.0,0.0
Lumacaftor,B20,human immunodeficiency virus [hiv] disease resulting in infectious and parasitic diseases,0.0037063736078064,False,0.0,100.0,0.0
Paritaprevir,B20,human immunodeficiency virus [hiv] disease resulting in infectious and parasitic diseases,0.0466433624469089,False,27.0,100.0,0.0
Opium,B20,human immunodeficiency virus [hiv] disease resulting in infectious and parasitic diseases,0.0466433624469089,False,24.0,100.0,0.0
Elbasvir,B20,human immunodeficiency virus [hiv] disease resulting in infectious and parasitic diseases,4.038490529105504e-06,False,6.0,100.0,0.0
Grazoprevir,B20,human immunodeficiency virus [hiv] disease resulting in infectious and parasitic diseases,0.0466433624469089,False,7.0,100.0,0.0
Asunaprevir,B20,human immunodeficiency virus [hiv] disease resulting in infectious and parasitic diseases,0.0121688608057478,False,3.0,100.0,0.0
Vinflunine,B20,human immunodeficiency virus [hiv] disease resulting in infectious and parasitic diseases,0.0310495187434402,False,0.0,100.0,0.0
Curcumin,B20,human immunodeficiency virus [hiv] disease resulting in infectious and parasitic diseases,0.0213286008116315,False,176.0,100.0,0.0
Tezacaftor,B20,human immunodeficiency virus [hiv] disease resulting in infectious and parasitic diseases,0.0090770122728302,False,0.0,100.0,0.0
Rucaparib,B20,human immunodeficiency virus [hiv] disease resulting in infectious and parasitic diseases,0.0176383185679171,False,0.0,100.0,0.0
Copanlisib,B20,human immunodeficiency virus [hiv] disease resulting in infectious and parasitic diseases,1.2343099265015607e-05,False,1.0,100.0,0.0
Ibalizumab,B20,human immunodeficiency virus [hiv] disease resulting in infectious and parasitic diseases,0.0030924008486902,False,10.0,100.0,0.0
Troleandomycin,B20,human immunodeficiency virus [hiv] disease resulting in infectious and parasitic diseases,0.001556844747132,False,3.0,100.0,0.0
Testosterone cypionate,B20,human immunodeficiency virus [hiv] disease resulting in infectious and parasitic diseases,0.0006641982524776,False,1.0,100.0,0.0
Testosterone enanthate,B20,human immunodeficiency virus [hiv] disease resulting in infectious and parasitic diseases,0.0006641982524776,False,4.0,100.0,0.0
Testosterone undecanoate,B20,human immunodeficiency virus [hiv] disease resulting in infectious and parasitic diseases,0.0006641982524776,False,0.0,100.0,0.0
Rilonacept,B22,human immunodeficiency virus [hiv] disease resulting in specified diseases,0.0002760704555827,False,0.0,0.0,0.0
Polaprezinc,B22,human immunodeficiency virus [hiv] disease resulting in specified diseases,0.0047961839090264,False,0.0,0.0,0.0
Foreskin fibroblast (neonatal),B22,human immunodeficiency virus [hiv] disease resulting in specified diseases,0.0029010946487095,False,0.0,0.0,0.0
Foreskin keratinocyte (neonatal),B22,human immunodeficiency virus [hiv] disease resulting in specified diseases,8.47653362364587e-06,False,0.0,0.0,0.0
Binimetinib,B22,human immunodeficiency virus [hiv] disease resulting in specified diseases,2.6055920649407056e-06,False,0.0,0.0,0.0
Cyclosporine,B24,human immunodeficiency virus [hiv] disease,0.0179201828478142,False,350.0,100.0,0.0
Calcitriol,B24,human immunodeficiency virus [hiv] disease,0.0184495856189986,False,76.0,100.0,0.0
Cholecalciferol,B24,human immunodeficiency virus [hiv] disease,0.0216199373719827,False,123.0,100.0,0.0
Fluvoxamine,B24,human immunodeficiency virus [hiv] disease,0.002231467019821,False,2.0,100.0,0.0
Fluconazole,B24,human immunodeficiency virus [hiv] disease,0.0059127890266171,False,1728.0,100.0,0.0
Erythromycin,B24,human immunodeficiency virus [hiv] disease,1.2608589727426006e-05,False,826.0,100.0,0.0
Nelfinavir,B24,human immunodeficiency virus [hiv] disease,0.000269055411177,False,1182.0,100.0,0.0
Indinavir,B24,human immunodeficiency virus [hiv] disease,0.0278598939874447,False,1820.0,100.0,0.0
Nevirapine,B24,human immunodeficiency virus [hiv] disease,0.0059127890266171,False,3713.0,100.0,0.0
Phenytoin,B24,human immunodeficiency virus [hiv] disease,0.0007069228813232,False,65.0,100.0,0.0
Lidocaine,B24,human immunodeficiency virus [hiv] disease,0.008304242824619,False,45.0,100.0,0.0
Gefitinib,B24,human immunodeficiency virus [hiv] disease,0.0123014381296806,False,5.0,100.0,0.0
Methadone,B24,human immunodeficiency virus [hiv] disease,0.008304242824619,False,1757.0,100.0,0.0
Terfenadine,B24,human immunodeficiency virus [hiv] disease,0.0349663144439571,False,10.0,100.0,0.0
Diltiazem,B24,human immunodeficiency virus [hiv] disease,0.0059127890266171,False,6.0,100.0,0.0
Amlodipine,B24,human immunodeficiency virus [hiv] disease,0.0125086004440123,False,11.0,100.0,0.0
Sorafenib,B24,human immunodeficiency virus [hiv] disease,0.0290725021467702,False,12.0,100.0,0.0
Nisoldipine,B24,human immunodeficiency virus [hiv] disease,0.0086888384730468,False,0.0,100.0,0.0
Alprazolam,B24,human immunodeficiency virus [hiv] disease,0.0184495856189986,False,3.0,100.0,0.0
Cerivastatin,B24,human immunodeficiency virus [hiv] disease,0.002231467019821,False,2.0,100.0,0.0
Fluoxetine,B24,human immunodeficiency virus [hiv] disease,0.0065732282324337,False,52.0,100.0,0.0
Buspirone,B24,human immunodeficiency virus [hiv] disease,0.0022349337947901,False,10.0,100.0,0.0
Ritonavir,B24,human immunodeficiency virus [hiv] disease,8.489373814736334e-05,False,4938.0,100.0,0.0
Lercanidipine,B24,human immunodeficiency virus [hiv] disease,0.0184495856189986,False,0.0,100.0,0.0
Erlotinib,B24,human immunodeficiency virus [hiv] disease,0.0278598939874447,False,10.0,100.0,0.0
Cyclophosphamide,B24,human immunodeficiency virus [hiv] disease,0.0123014381296806,False,488.0,100.0,0.0
Ciprofloxacin,B24,human immunodeficiency virus [hiv] disease,0.0123014381296806,False,470.0,100.0,0.0
Vincristine,B24,human immunodeficiency virus [hiv] disease,0.0278598939874447,False,489.0,100.0,0.0
Carbamazepine,B24,human immunodeficiency virus [hiv] disease,0.0051526390510278,False,65.0,100.0,0.0
Propranolol,B24,human immunodeficiency virus [hiv] disease,0.0029908045829276,False,0.0,100.0,0.0
Voriconazole,B24,human immunodeficiency virus [hiv] disease,0.0086888384730468,False,255.0,100.0,0.0
Diclofenac,B24,human immunodeficiency virus [hiv] disease,0.0384810601732819,False,16.0,100.0,0.0
Ethosuximide,B24,human immunodeficiency virus [hiv] disease,0.0011324434203906,False,0.0,100.0,0.0
Cisapride,B24,human immunodeficiency virus [hiv] disease,0.0278598939874447,False,7.0,100.0,0.0
Imatinib,B24,human immunodeficiency virus [hiv] disease,0.0211770036302416,False,22.0,100.0,0.0
Testosterone,B24,human immunodeficiency virus [hiv] disease,0.000546762402335,False,485.0,100.0,0.0
Efavirenz,B24,human immunodeficiency virus [hiv] disease,0.0010784782711754,False,4066.0,100.0,0.0
Prednisone,B24,human immunodeficiency virus [hiv] disease,0.047016104014674,False,734.0,100.0,0.0
Astemizole,B24,human immunodeficiency virus [hiv] disease,0.0086888384730468,False,9.0,100.0,0.0
Simvastatin,B24,human immunodeficiency virus [hiv] disease,0.0065732282324337,False,54.0,100.0,0.0
Estrone,B24,human immunodeficiency virus [hiv] disease,0.0125086004440123,False,11.0,100.0,0.0
Trazodone,B24,human immunodeficiency virus [hiv] disease,0.0216199373719827,False,9.0,100.0,0.0
Aprepitant,B24,human immunodeficiency virus [hiv] disease,0.047016104014674,False,10.0,100.0,0.0
Midazolam,B24,human immunodeficiency virus [hiv] disease,0.0384810601732819,False,53.0,100.0,0.0
Eplerenone,B24,human immunodeficiency virus [hiv] disease,0.0184495856189986,False,7.0,100.0,0.0
Amprenavir,B24,human immunodeficiency virus [hiv] disease,0.0086888384730468,False,463.0,100.0,0.0
Norethisterone,B24,human immunodeficiency virus [hiv] disease,0.0001251832866469,False,74.0,100.0,0.0
Nateglinide,B24,human immunodeficiency virus [hiv] disease,0.0430068345538095,False,0.0,100.0,0.0
Hydrocortisone,B24,human immunodeficiency virus [hiv] disease,0.0430068345538095,False,325.0,100.0,0.0
Clopidogrel,B24,human immunodeficiency virus [hiv] disease,0.0086888384730468,False,23.0,100.0,0.0
Irinotecan,B24,human immunodeficiency virus [hiv] disease,0.000526805772372,False,12.0,100.0,0.0
Oxcarbazepine,B24,human immunodeficiency virus [hiv] disease,0.0312532652462582,False,6.0,100.0,0.0
Roxithromycin,B24,human immunodeficiency virus [hiv] disease,0.0184495856189986,False,22.0,100.0,0.0
Phenelzine,B24,human immunodeficiency virus [hiv] disease,0.0278598939874447,False,2.0,100.0,0.0
Alfentanil,B24,human immunodeficiency virus [hiv] disease,5.5595684947071445e-05,False,0.0,100.0,0.0
Fentanyl,B24,human immunodeficiency virus [hiv] disease,0.0022349337947901,False,68.0,100.0,0.0
Diazepam,B24,human immunodeficiency virus [hiv] disease,0.0083359823668226,False,29.0,100.0,0.0
Mifepristone,B24,human immunodeficiency virus [hiv] disease,0.0123014381296806,False,33.0,100.0,0.0
Tacrolimus,B24,human immunodeficiency virus [hiv] disease,0.0001251832866469,False,193.0,100.0,0.0
Sirolimus,B24,human immunodeficiency virus [hiv] disease,0.0059127890266171,False,77.0,100.0,0.0
Salmeterol,B24,human immunodeficiency virus [hiv] disease,0.0022349337947901,False,7.0,100.0,0.0
Zalcitabine,B24,human immunodeficiency virus [hiv] disease,0.0015809094389265,False,3820.0,100.0,0.0
Zaleplon,B24,human immunodeficiency virus [hiv] disease,0.0312532652462582,False,2.0,100.0,0.0
Azelastine,B24,human immunodeficiency virus [hiv] disease,0.0216199373719827,False,0.0,100.0,0.0
Telithromycin,B24,human immunodeficiency virus [hiv] disease,0.0184495856189986,False,4.0,100.0,0.0
Ketoconazole,B24,human immunodeficiency virus [hiv] disease,0.0384810601732819,False,416.0,100.0,0.0
Rifampicin,B24,human immunodeficiency virus [hiv] disease,0.0006771669022231,False,1961.0,100.0,0.0
Nitrendipine,B24,human immunodeficiency virus [hiv] disease,0.0165369603329526,False,0.0,100.0,0.0
Praziquantel,B24,human immunodeficiency virus [hiv] disease,0.0011324434203906,False,90.0,100.0,0.0
Atorvastatin,B24,human immunodeficiency virus [hiv] disease,0.0179201828478142,False,90.0,100.0,0.0
Pimozide,B24,human immunodeficiency virus [hiv] disease,0.0165369603329526,False,4.0,100.0,0.0
Sertraline,B24,human immunodeficiency virus [hiv] disease,0.0278598939874447,False,32.0,100.0,0.0
Nifedipine,B24,human immunodeficiency virus [hiv] disease,0.0179201828478142,False,15.0,100.0,0.0
Cilostazol,B24,human immunodeficiency virus [hiv] disease,0.047016104014674,False,2.0,100.0,0.0
Itraconazole,B24,human immunodeficiency virus [hiv] disease,0.0004391430473023,False,838.0,100.0,0.0
Arsenic trioxide,B24,human immunodeficiency virus [hiv] disease,0.0430068345538095,False,9.0,100.0,0.0
Phenobarbital,B24,human immunodeficiency virus [hiv] disease,0.0440233132891439,False,30.0,100.0,0.0
Ifosfamide,B24,human immunodeficiency virus [hiv] disease,0.0123014381296806,False,35.0,100.0,0.0
Domperidone,B24,human immunodeficiency virus [hiv] disease,0.0004391430473023,False,1.0,100.0,0.0
Rifapentine,B24,human immunodeficiency virus [hiv] disease,0.0037541038891161,False,120.0,100.0,0.0
Clarithromycin,B24,human immunodeficiency virus [hiv] disease,0.0123014381296806,False,497.0,100.0,0.0
Finasteride,B24,human immunodeficiency virus [hiv] disease,0.0312532652462582,False,4.0,100.0,0.0
Levomethadyl Acetate,B24,human immunodeficiency virus [hiv] disease,0.047016104014674,False,11.0,100.0,0.0
Saquinavir,B24,human immunodeficiency virus [hiv] disease,0.0065732282324337,False,1257.0,100.0,0.0
Dexamethasone,B24,human immunodeficiency virus [hiv] disease,0.0042610090769946,False,292.0,100.0,0.0
Sunitinib,B24,human immunodeficiency virus [hiv] disease,0.0349663144439571,False,7.0,100.0,0.0
Fosphenytoin,B24,human immunodeficiency virus [hiv] disease,0.0312532652462582,False,0.0,100.0,0.0
Digitoxin,B24,human immunodeficiency virus [hiv] disease,0.047016104014674,False,0.0,100.0,0.0
Ethylmorphine,B24,human immunodeficiency virus [hiv] disease,0.0312532652462582,False,0.0,100.0,0.0
Indacaterol,B24,human immunodeficiency virus [hiv] disease,0.0091519247723907,False,0.0,100.0,0.0
Telaprevir,B24,human immunodeficiency virus [hiv] disease,0.0037541038891161,False,146.0,100.0,0.0
Trastuzumab emtansine,B24,human immunodeficiency virus [hiv] disease,0.0091519247723907,False,1.0,100.0,0.0
Romidepsin,B24,human immunodeficiency virus [hiv] disease,0.0165369603329526,False,54.0,100.0,0.0
Prasugrel,B24,human immunodeficiency virus [hiv] disease,0.047016104014674,False,8.0,100.0,0.0
Rivaroxaban,B24,human immunodeficiency virus [hiv] disease,0.0184495856189986,False,7.0,100.0,0.0
Temsirolimus,B24,human immunodeficiency virus [hiv] disease,0.0011324434203906,False,2.0,100.0,0.0
Oxymetholone,B24,human immunodeficiency virus [hiv] disease,0.0015809094389265,False,0.0,100.0,0.0
Armodafinil,B24,human immunodeficiency virus [hiv] disease,0.047016104014674,False,11.0,100.0,0.0
Midostaurin,B24,human immunodeficiency virus [hiv] disease,0.0051526390510278,False,2.0,100.0,0.0
Artemether,B24,human immunodeficiency virus [hiv] disease,0.0312532652462582,False,70.0,100.0,0.0
Ivacaftor,B24,human immunodeficiency virus [hiv] disease,0.0011324434203906,False,0.0,100.0,0.0
Rilpivirine,B24,human immunodeficiency virus [hiv] disease,0.0123014381296806,False,1013.0,100.0,0.0
Crizotinib,B24,human immunodeficiency virus [hiv] disease,0.0011324434203906,False,0.0,100.0,0.0
Boceprevir,B24,human immunodeficiency virus [hiv] disease,0.0091519247723907,False,87.0,100.0,0.0
Enzalutamide,B24,human immunodeficiency virus [hiv] disease,0.0004391430473023,False,3.0,100.0,0.0
Ibrutinib,B24,human immunodeficiency virus [hiv] disease,0.0312532652462582,False,7.0,100.0,0.0
Idelalisib,B24,human immunodeficiency virus [hiv] disease,4.495645819415612e-05,False,3.0,100.0,0.0
Cobicistat,B24,human immunodeficiency virus [hiv] disease,5.5595684947071445e-05,False,536.0,100.0,0.0
Daclatasvir,B24,human immunodeficiency virus [hiv] disease,0.0001251832866469,False,99.0,100.0,0.0
Copper,B24,human immunodeficiency virus [hiv] disease,0.0287845249861766,False,230.0,100.0,0.0
Lumacaftor,B24,human immunodeficiency virus [hiv] disease,0.0037541038891161,False,0.0,100.0,0.0
Paritaprevir,B24,human immunodeficiency virus [hiv] disease,0.047016104014674,False,59.0,100.0,0.0
Opium,B24,human immunodeficiency virus [hiv] disease,0.047016104014674,False,81.0,100.0,0.0
Elbasvir,B24,human immunodeficiency virus [hiv] disease,4.092701052388472e-06,False,28.0,100.0,0.0
Grazoprevir,B24,human immunodeficiency virus [hiv] disease,0.047016104014674,False,29.0,100.0,0.0
Asunaprevir,B24,human immunodeficiency virus [hiv] disease,0.0123014381296806,False,10.0,100.0,0.0
Vinflunine,B24,human immunodeficiency virus [hiv] disease,0.0312532652462582,False,0.0,100.0,0.0
Curcumin,B24,human immunodeficiency virus [hiv] disease,0.0216199373719827,False,61.0,100.0,0.0
Tezacaftor,B24,human immunodeficiency virus [hiv] disease,0.0091519247723907,False,0.0,100.0,0.0
Rucaparib,B24,human immunodeficiency virus [hiv] disease,0.0179201828478142,False,2.0,100.0,0.0
Copanlisib,B24,human immunodeficiency virus [hiv] disease,1.2608589727426006e-05,False,0.0,100.0,0.0
Ibalizumab,B24,human immunodeficiency virus [hiv] disease,0.0031170804991974,False,78.0,100.0,0.0
Troleandomycin,B24,human immunodeficiency virus [hiv] disease,0.0015809094389265,False,0.0,100.0,0.0
Testosterone cypionate,B24,human immunodeficiency virus [hiv] disease,0.0006771669022231,False,5.0,100.0,0.0
Testosterone enanthate,B24,human immunodeficiency virus [hiv] disease,0.0006771669022231,False,0.0,100.0,0.0
Testosterone undecanoate,B24,human immunodeficiency virus [hiv] disease,0.0006771669022231,False,1.0,100.0,0.0
Glutathione,B27,infectious mononucleosis,0.0193466983197535,False,5.0,0.0,0.0
Cisplatin,B27,infectious mononucleosis,0.0103804886974706,False,0.0,25.0,50.0
Oxaliplatin,B27,infectious mononucleosis,0.00516363574016,False,0.0,50.0,100.0
Carboplatin,B27,infectious mononucleosis,0.0032485951279605,False,0.0,75.0,100.0
Infliximab,B41,paracoccidioidomycosis,0.0197436864289855,False,3.0,0.0,0.0
Amrinone,B41,paracoccidioidomycosis,0.0458502670625731,False,0.0,0.0,0.0
Golimumab,B41,paracoccidioidomycosis,0.0197436864289855,False,0.0,0.0,0.0
Certolizumab pegol,B41,paracoccidioidomycosis,0.0197436864289855,False,0.0,0.0,0.0
Tolcapone,B47,mycetoma,0.0336877723922002,False,0.0,0.0,0.0
Micafungin,B47,mycetoma,0.0458502670625731,False,10.0,0.0,0.0
Nylidrin,B47,mycetoma,0.0458502670625731,False,0.0,0.0,0.0
Opicapone,B47,mycetoma,0.0458502670625731,False,0.0,0.0,0.0
Chloroquine,B54,malaria,0.0208076701918983,True,9799.0,0.0,0.0
Hydroxychloroquine,B54,malaria,0.0029933387425343,True,283.0,0.0,0.0
Glucosamine,B55,leishmaniasis,0.0018820540997838,False,23.0,0.0,0.0
Apremilast,B55,leishmaniasis,0.0023506354308989,False,3.0,0.0,0.0
Foreskin fibroblast (neonatal),B55,leishmaniasis,0.0039961611014397,False,1.0,0.0,0.0
Foreskin keratinocyte (neonatal),B55,leishmaniasis,0.0045991095373961,False,0.0,0.0,0.0
Cisplatin,B67,echinococcosis,0.0274246307018909,False,0.0,0.0,0.0
Isoflurophate,B67,echinococcosis,0.0009087788561708,False,0.0,0.0,0.0
Iron Dextran,B67,echinococcosis,0.0013587219023243,False,0.0,0.0,0.0
Bismuth Subsalicylate,B67,echinococcosis,0.0002048055124329,False,0.0,0.0,0.0
Aluminium,B67,echinococcosis,0.0013587219023243,False,9.0,0.0,0.0
Copper,B67,echinococcosis,0.0197494958092237,False,19.0,0.0,0.0
Rose bengal,B67,echinococcosis,0.0009087788561708,False,12.0,0.0,0.0
Tiopronin,B79,trichuriasis,0.0336877723922002,False,0.0,0.0,0.0
Lyme disease vaccine (recombinant OspA),B86,scabies,0.0197436864289855,False,0.0,0.0,0.0
Tuberculin Purified Protein Derivative,B86,scabies,0.0197436864289855,False,2.0,0.0,0.0
Acetylsalicylic acid,C02,malignant neoplasm of parts of tongue,0.0280908813210454,False,0.0,0.0,0.0
Zinc,C02,malignant neoplasm of parts of tongue,0.0406566304116707,False,0.0,0.0,0.0
Coccidioides immitis spherule,C03,malignant neoplasm of gum,0.0336877723922002,False,0.0,0.0,0.0
Menadione,C04,malignant neoplasm of floor of mouth,0.0138662714297915,False,0.0,0.0,0.0
Fluvoxamine,C04,malignant neoplasm of floor of mouth,0.0077783595357226,False,0.0,0.0,0.0
Nicotine,C04,malignant neoplasm of floor of mouth,0.0003318323654001,False,5.0,0.0,0.0
Caffeine,C04,malignant neoplasm of floor of mouth,0.0160108410930068,False,0.0,0.0,0.0
Sildenafil,C04,malignant neoplasm of floor of mouth,0.0077783595357226,False,0.0,0.0,0.0
Ticlopidine,C04,malignant neoplasm of floor of mouth,0.0052179788679475,False,1.0,0.0,0.0
Theophylline,C04,malignant neoplasm of floor of mouth,0.018322090225968,False,0.0,0.0,0.0
Acetaminophen,C04,malignant neoplasm of floor of mouth,0.0195218255859444,False,0.0,0.0,0.0
Chlorzoxazone,C04,malignant neoplasm of floor of mouth,0.002451881725735,False,0.0,0.0,0.0
Clozapine,C04,malignant neoplasm of floor of mouth,0.0407088402753494,False,0.0,0.0,0.0
Streptozocin,C04,malignant neoplasm of floor of mouth,0.0018820540997838,False,0.0,0.0,0.0
Quinine,C04,malignant neoplasm of floor of mouth,0.0116962459283849,False,0.0,0.0,0.0
Dextromethorphan,C04,malignant neoplasm of floor of mouth,0.018322090225968,False,0.0,0.0,0.0
Cisplatin,C04,malignant neoplasm of floor of mouth,0.0274246307018909,False,39.0,0.0,0.0
Oxaliplatin,C04,malignant neoplasm of floor of mouth,3.2292926007630153e-07,False,0.0,0.0,0.0
Diclofenac,C04,malignant neoplasm of floor of mouth,0.0232454899200166,False,2.0,0.0,0.0
Dexmedetomidine,C04,malignant neoplasm of floor of mouth,0.0013587219023243,False,0.0,0.0,0.0
Clofibrate,C04,malignant neoplasm of floor of mouth,0.0030712880686132,False,0.0,0.0,0.0
Estrone,C04,malignant neoplasm of floor of mouth,0.0148925165483561,False,0.0,0.0,0.0
Tamoxifen,C04,malignant neoplasm of floor of mouth,0.0274246307018909,False,0.0,0.0,0.0
Etoposide,C04,malignant neoplasm of floor of mouth,0.0127006939681155,False,2.0,0.0,0.0
Propofol,C04,malignant neoplasm of floor of mouth,0.0170754281004329,False,1.0,0.0,0.0
Dacarbazine,C04,malignant neoplasm of floor of mouth,0.0013587219023243,False,0.0,0.0,0.0
Clomifene,C04,malignant neoplasm of floor of mouth,0.0044347270877027,False,0.0,0.0,0.0
Ethanol,C04,malignant neoplasm of floor of mouth,0.002305821336832,False,6.0,0.0,0.0
Quinidine,C04,malignant neoplasm of floor of mouth,0.0207745273403259,False,0.0,0.0,0.0
Carboplatin,C04,malignant neoplasm of floor of mouth,0.0086503890442959,False,0.0,0.0,0.0
Azelastine,C04,malignant neoplasm of floor of mouth,0.0068531711024466,False,0.0,0.0,0.0
Thalidomide,C04,malignant neoplasm of floor of mouth,0.0068531711024466,False,0.0,0.0,0.0
Nifedipine,C04,malignant neoplasm of floor of mouth,0.0170754281004329,False,0.0,0.0,0.0
Carvedilol,C04,malignant neoplasm of floor of mouth,0.0219375654720698,False,0.0,0.0,0.0
Itraconazole,C04,malignant neoplasm of floor of mouth,0.0044347270877027,False,1.0,0.0,0.0
Phenobarbital,C04,malignant neoplasm of floor of mouth,0.0245355268628297,False,0.0,0.0,0.0
Dexamethasone,C04,malignant neoplasm of floor of mouth,0.0219375654720698,False,3.0,0.0,0.0
Benzyl alcohol,C04,malignant neoplasm of floor of mouth,0.0030712880686132,False,0.0,0.0,0.0
Rilonacept,C16,malignant neoplasm of stomach,0.0073706083472763,False,0.0,100.0,0.0
Polaprezinc,C16,malignant neoplasm of stomach,0.0034621459283482,False,4.0,100.0,0.0
Foreskin keratinocyte (neonatal),C16,malignant neoplasm of stomach,0.0019676615522602,False,0.0,100.0,0.0
Binimetinib,C16,malignant neoplasm of stomach,0.041086686891397,False,1.0,100.0,0.0
Foreskin keratinocyte (neonatal),C20,malignant neoplasm of rectum,0.0021230044468079,False,1.0,100.0,100.0
Binimetinib,C20,malignant neoplasm of rectum,0.0429611766836963,False,5.0,100.0,100.0
Hyaluronidase,C22,malignant neoplasm of liver and intrahepatic bile ducts,0.0124941029735718,False,87.0,100.0,100.0
Gefitinib,C22,malignant neoplasm of liver and intrahepatic bile ducts,0.0127006939681155,False,287.0,100.0,100.0
Cisplatin,C22,malignant neoplasm of liver and intrahepatic bile ducts,0.0137229096777902,False,5059.0,90.0,100.0
Erlotinib,C22,malignant neoplasm of liver and intrahepatic bile ducts,0.0229208601598636,False,308.0,100.0,100.0
Etoposide,C22,malignant neoplasm of liver and intrahepatic bile ducts,0.0478478730057056,False,988.0,90.0,100.0
Acetylsalicylic acid,C22,malignant neoplasm of liver and intrahepatic bile ducts,0.002305821336832,False,383.0,80.0,100.0
Minocycline,C22,malignant neoplasm of liver and intrahepatic bile ducts,0.0191703797440278,False,14.0,80.0,100.0
Arsenic trioxide,C22,malignant neoplasm of liver and intrahepatic bile ducts,0.0321072105432218,False,216.0,90.0,100.0
Captopril,C22,malignant neoplasm of liver and intrahepatic bile ducts,4.0535255323848936e-06,False,19.0,100.0,100.0
Clomipramine,C22,malignant neoplasm of liver and intrahepatic bile ducts,0.0157797746197792,False,3.0,100.0,100.0
Mecasermin,C22,malignant neoplasm of liver and intrahepatic bile ducts,0.0489434867979232,False,2.0,70.0,100.0
Cilazapril,C22,malignant neoplasm of liver and intrahepatic bile ducts,0.0489434867979232,False,1.0,60.0,100.0
Magnesium salicylate,C22,malignant neoplasm of liver and intrahepatic bile ducts,0.0289854655186604,False,1.0,80.0,100.0
Ginseng,C22,malignant neoplasm of liver and intrahepatic bile ducts,0.0289854655186604,False,157.0,100.0,100.0
Vandetanib,C22,malignant neoplasm of liver and intrahepatic bile ducts,0.0157797746197792,False,42.0,80.0,100.0
Hyaluronidase (Human Recombinant),C22,malignant neoplasm of liver and intrahepatic bile ducts,0.0124941029735718,False,3.0,100.0,100.0
Pomalidomide,C22,malignant neoplasm of liver and intrahepatic bile ducts,0.0024620156273441,False,5.0,100.0,100.0
Lenvatinib,C22,malignant neoplasm of liver and intrahepatic bile ducts,0.0157797746197792,False,1290.0,100.0,100.0
Nintedanib,C22,malignant neoplasm of liver and intrahepatic bile ducts,0.0127006939681155,False,38.0,80.0,100.0
Polaprezinc,C22,malignant neoplasm of liver and intrahepatic bile ducts,0.0272926214406498,False,4.0,100.0,100.0
Foreskin fibroblast (neonatal),C22,malignant neoplasm of liver and intrahepatic bile ducts,0.0127006939681155,False,1.0,80.0,100.0
Foreskin keratinocyte (neonatal),C22,malignant neoplasm of liver and intrahepatic bile ducts,1.421787110607601e-07,False,0.0,100.0,100.0
Hydrogen peroxide,C22,malignant neoplasm of liver and intrahepatic bile ducts,0.0289854655186604,False,510.0,80.0,100.0
Binimetinib,C22,malignant neoplasm of liver and intrahepatic bile ducts,0.0054682141682247,False,12.0,100.0,100.0
Brigatinib,C22,malignant neoplasm of liver and intrahepatic bile ducts,0.0321072105432218,False,10.0,70.0,100.0
Copanlisib,C22,malignant neoplasm of liver and intrahepatic bile ducts,0.0098194211977363,False,2.0,80.0,100.0
Colchicine,C25,malignant neoplasm of pancreas,0.0288538393054089,False,27.0,100.0,100.0
Glutathione,C32,malignant neoplasm of larynx,0.0023602281477572,False,126.0,100.0,0.0
Nicotine,C34,malignant neoplasm of bronchus and lung,6.091537598936568e-05,False,4482.0,100.0,100.0
Dextromethorphan,C34,malignant neoplasm of bronchus and lung,0.0071583459216517,False,67.0,100.0,100.0
Oxaliplatin,C34,malignant neoplasm of bronchus and lung,0.0039245476682225,False,1032.0,100.0,100.0
Galantamine,C34,malignant neoplasm of bronchus and lung,0.0001736040895259,False,21.0,100.0,100.0
Ethanol,C34,malignant neoplasm of bronchus and lung,0.0031965625247706,False,4392.0,100.0,100.0
Amantadine,C34,malignant neoplasm of bronchus and lung,0.0113850772941705,False,115.0,100.0,100.0
Carboplatin,C34,malignant neoplasm of bronchus and lung,0.0312532652462582,False,6494.0,100.0,100.0
Melatonin,C34,malignant neoplasm of bronchus and lung,0.0479953437771253,False,684.0,100.0,100.0
Pentolinium,C34,malignant neoplasm of bronchus and lung,0.0318190854103997,False,12.0,100.0,100.0
Varenicline,C34,malignant neoplasm of bronchus and lung,0.0016509577320789,False,137.0,100.0,100.0
Calcipotriol,C34,malignant neoplasm of bronchus and lung,0.0318190854103997,False,23.0,100.0,100.0
Cytisine,C34,malignant neoplasm of bronchus and lung,0.0016509577320789,False,28.0,100.0,100.0
Polaprezinc,C34,malignant neoplasm of bronchus and lung,0.0312532652462582,False,6.0,100.0,100.0
Atezolizumab,C37,malignant neoplasm of thymus,0.0458502670625731,False,9.0,0.0,0.0
Avelumab,C37,malignant neoplasm of thymus,0.0458502670625731,False,7.0,0.0,0.0
Becaplermin,C43,malignant melanoma of skin,0.0334384341230416,False,5.0,100.0,100.0
Sorafenib,C43,malignant melanoma of skin,2.44476509966687e-08,False,11.0,100.0,100.0
Imatinib,C43,malignant melanoma of skin,0.0079909074634733,False,29.0,100.0,100.0
Sunitinib,C43,malignant melanoma of skin,1.0209830931568131e-06,False,12.0,100.0,100.0
Pazopanib,C43,malignant melanoma of skin,0.0001205849676869,False,0.0,100.0,100.0
Midostaurin,C43,malignant melanoma of skin,9.228915682635537e-05,False,0.0,100.0,100.0
Regorafenib,C43,malignant melanoma of skin,3.2942712682908025e-08,False,1.0,100.0,100.0
Ponatinib,C43,malignant melanoma of skin,0.000249536733268,False,0.0,100.0,100.0
Lenvatinib,C43,malignant melanoma of skin,0.0194080575913821,False,4.0,100.0,100.0
Nintedanib,C43,malignant melanoma of skin,0.0156451692513865,False,0.0,100.0,100.0
Fostamatinib,C43,malignant melanoma of skin,0.0001978151052521,False,1.0,100.0,100.0
Etonogestrel,C45,mesothelioma,0.0077405151108187,False,0.0,50.0,0.0
Desogestrel,C45,mesothelioma,0.0032492842796602,False,0.0,0.0,0.0
Levonorgestrel,C45,mesothelioma,0.0345761336907476,False,0.0,50.0,0.0
Trimethoprim,C45,mesothelioma,0.0267088665659855,False,2.0,50.0,0.0
Medroxyprogesterone acetate,C45,mesothelioma,0.0267088665659855,False,1.0,50.0,0.0
Pemetrexed,C45,mesothelioma,0.0003040050270516,True,1071.0,0.0,0.0
Mitotane,C45,mesothelioma,0.0429611766836963,False,0.0,0.0,0.0
Ethynodiol diacetate,C45,mesothelioma,0.0032492842796602,False,0.0,0.0,0.0
Norgestimate,C45,mesothelioma,0.0195293566166294,False,0.0,50.0,0.0
Oxybenzone,C45,mesothelioma,0.013297906332801,False,0.0,50.0,0.0
Allylestrenol,C45,mesothelioma,0.0077405151108187,False,0.0,50.0,0.0
Pralatrexate,C45,mesothelioma,0.013297906332801,False,4.0,0.0,0.0
Homosalate,C45,mesothelioma,0.0077405151108187,False,0.0,50.0,0.0
Enzacamene,C45,mesothelioma,0.013297906332801,False,0.0,50.0,0.0
Gestrinone,C45,mesothelioma,0.0267088665659855,False,0.0,50.0,0.0
Glucosamine,C49,malignant neoplasm of connective and soft tissue,0.0148925165483561,False,74.0,0.0,100.0
Apremilast,C49,malignant neoplasm of connective and soft tissue,0.0185255658349739,False,0.0,0.0,0.0
Foreskin fibroblast (neonatal),C49,malignant neoplasm of connective and soft tissue,0.0312532652462582,False,2.0,0.0,100.0
Foreskin keratinocyte (neonatal),C49,malignant neoplasm of connective and soft tissue,0.035771602294568,False,2.0,0.0,100.0
Caffeine,C50,malignant neoplasm of breast,0.0146613009008149,False,0.0,100.0,100.0
Diethylstilbestrol,C50,malignant neoplasm of breast,0.0005303393418616,False,672.0,100.0,100.0
Raloxifene,C50,malignant neoplasm of breast,0.0009582503062546,False,1012.0,100.0,100.0
Oxaliplatin,C50,malignant neoplasm of breast,0.0006722007693883,False,475.0,100.0,100.0
Testosterone,C50,malignant neoplasm of breast,0.0027914131588236,False,1898.0,100.0,100.0
Estrone,C50,malignant neoplasm of breast,3.6060987753375495e-05,False,1554.0,100.0,100.0
Tamoxifen,C50,malignant neoplasm of breast,0.000317810204566,False,17092.0,100.0,100.0
Estradiol,C50,malignant neoplasm of breast,0.0084679835742838,False,10474.0,100.0,100.0
Clomifene,C50,malignant neoplasm of breast,0.0238012724371897,False,119.0,100.0,100.0
Thalidomide,C50,malignant neoplasm of breast,0.0458502670625731,False,74.0,0.0,100.0
Melatonin,C50,malignant neoplasm of breast,0.0076116765619675,False,655.0,100.0,100.0
Arsenic trioxide,C50,malignant neoplasm of breast,0.0050761914333554,False,86.0,100.0,100.0
Dexamethasone,C50,malignant neoplasm of breast,0.0278605605873835,False,929.0,100.0,100.0
Benzophenone,C50,malignant neoplasm of breast,0.0223520897680099,False,60.0,0.0,100.0
Resveratrol,C50,malignant neoplasm of breast,0.0425076639724178,False,553.0,100.0,100.0
Arzoxifene,C50,malignant neoplasm of breast,0.0223520897680099,False,61.0,0.0,100.0
Bazedoxifene,C50,malignant neoplasm of breast,0.0223520897680099,False,81.0,0.0,100.0
Lenvatinib,C50,malignant neoplasm of breast,0.03775059933262,False,0.0,100.0,100.0
Polaprezinc,C50,malignant neoplasm of breast,0.004075355677421,False,0.0,100.0,100.0
Octocrylene,C50,malignant neoplasm of breast,0.0223520897680099,False,1.0,0.0,100.0
Foreskin fibroblast (neonatal),C50,malignant neoplasm of breast,3.567949332152146e-05,False,4.0,100.0,100.0
Foreskin keratinocyte (neonatal),C50,malignant neoplasm of breast,1.108677808036281e-06,False,0.0,100.0,100.0
Binimetinib,C50,malignant neoplasm of breast,0.000394264908645,False,14.0,100.0,100.0
Testosterone cypionate,C50,malignant neoplasm of breast,0.0032097666911946,False,3.0,100.0,100.0
Testosterone enanthate,C50,malignant neoplasm of breast,0.0032097666911946,False,8.0,100.0,100.0
Testosterone undecanoate,C50,malignant neoplasm of breast,0.0032097666911946,False,2.0,100.0,100.0
Estradiol acetate,C50,malignant neoplasm of breast,0.0084679835742838,False,435.0,100.0,100.0
Estradiol benzoate,C50,malignant neoplasm of breast,0.0084679835742838,False,16.0,100.0,100.0
Estradiol cypionate,C50,malignant neoplasm of breast,0.0084679835742838,False,1.0,100.0,100.0
Estradiol dienanthate,C50,malignant neoplasm of breast,0.0084679835742838,False,0.0,100.0,100.0
Estradiol valerate,C50,malignant neoplasm of breast,0.0084679835742838,False,10167.0,100.0,100.0
keyhole limpet hemocyanin,C52,malignant neoplasm of vagina,0.0197436864289855,False,0.0,0.0,0.0
Foreskin keratinocyte (neonatal),C53,malignant neoplasm of cervix uteri,0.0411157469804686,False,1.0,0.0,20.0
Binimetinib,C53,malignant neoplasm of cervix uteri,0.0212475057418352,False,0.0,0.0,100.0
Nicotine,C54,malignant neoplasm of corpus uteri,0.0163907371729195,False,1.0,0.0,75.0
Caffeine,C54,malignant neoplasm of corpus uteri,0.0072234606196872,False,0.0,0.0,100.0
Diethylstilbestrol,C54,malignant neoplasm of corpus uteri,0.0001082148138733,False,6.0,0.0,100.0
Acetaminophen,C54,malignant neoplasm of corpus uteri,5.172508677370169e-06,False,0.0,0.0,100.0
Nitroprusside,C54,malignant neoplasm of corpus uteri,0.0063785038070564,False,0.0,0.0,100.0
Chlorzoxazone,C54,malignant neoplasm of corpus uteri,0.028789280276738,False,0.0,0.0,75.0
Aminoglutethimide,C54,malignant neoplasm of corpus uteri,0.0162483828099703,False,0.0,0.0,100.0
Levonorgestrel,C54,malignant neoplasm of corpus uteri,0.0003616260293011,False,0.0,0.0,100.0
Carbimazole,C54,malignant neoplasm of corpus uteri,0.0063785038070564,False,0.0,0.0,100.0
Progesterone,C54,malignant neoplasm of corpus uteri,0.0004420604543123,False,92.0,0.0,100.0
Streptozocin,C54,malignant neoplasm of corpus uteri,0.0221144251552417,False,0.0,0.0,100.0
Entacapone,C54,malignant neoplasm of corpus uteri,0.0109616863305869,False,0.0,0.0,100.0
Flutamide,C54,malignant neoplasm of corpus uteri,0.0007334339856528,False,0.0,0.0,100.0
Albendazole,C54,malignant neoplasm of corpus uteri,0.0221144251552417,False,0.0,0.0,100.0
Erlotinib,C54,malignant neoplasm of corpus uteri,0.0023506354308989,False,0.0,0.0,100.0
Toremifene,C54,malignant neoplasm of corpus uteri,0.000222869364333,False,1.0,0.0,100.0
Methoxsalen,C54,malignant neoplasm of corpus uteri,0.0162483828099703,False,0.0,0.0,100.0
Propranolol,C54,malignant neoplasm of corpus uteri,0.0028137555461888,False,0.0,0.0,100.0
Diclofenac,C54,malignant neoplasm of corpus uteri,0.0129936586632909,False,0.0,0.0,75.0
Testosterone,C54,malignant neoplasm of corpus uteri,0.0004420604543123,False,11.0,0.0,100.0
Dexmedetomidine,C54,malignant neoplasm of corpus uteri,0.0162483828099703,False,0.0,0.0,100.0
Mitotane,C54,malignant neoplasm of corpus uteri,0.035771602294568,False,0.0,0.0,75.0
Estrone,C54,malignant neoplasm of corpus uteri,2.316712520623059e-06,False,4.0,0.0,100.0
Tamoxifen,C54,malignant neoplasm of corpus uteri,2.3547832270786394e-07,False,21.0,0.0,100.0
Thiabendazole,C54,malignant neoplasm of corpus uteri,0.0063785038070564,False,0.0,0.0,100.0
Pentamidine,C54,malignant neoplasm of corpus uteri,0.0433932396341128,False,0.0,0.0,75.0
Riluzole,C54,malignant neoplasm of corpus uteri,0.0162483828099703,False,0.0,0.0,100.0
Estradiol,C54,malignant neoplasm of corpus uteri,0.001122282734935,False,42.0,0.0,100.0
Propofol,C54,malignant neoplasm of corpus uteri,0.0080861215730574,False,1.0,0.0,100.0
Dacarbazine,C54,malignant neoplasm of corpus uteri,0.0162483828099703,False,2.0,0.0,100.0
Drostanolone,C54,malignant neoplasm of corpus uteri,1.6856242425060413e-05,False,0.0,0.0,100.0
Clomifene,C54,malignant neoplasm of corpus uteri,8.88937170074215e-06,False,2.0,0.0,100.0
Cyclobenzaprine,C54,malignant neoplasm of corpus uteri,0.0162483828099703,False,0.0,0.0,100.0
Edetic Acid,C54,malignant neoplasm of corpus uteri,0.0109616863305869,False,0.0,0.0,100.0
Nandrolone phenpropionate,C54,malignant neoplasm of corpus uteri,0.0027025469781489,False,0.0,0.0,100.0
Tioconazole,C54,malignant neoplasm of corpus uteri,0.0433932396341128,False,0.0,0.0,75.0
Clobetasol propionate,C54,malignant neoplasm of corpus uteri,0.0063785038070564,False,0.0,0.0,100.0
Ketoconazole,C54,malignant neoplasm of corpus uteri,8.88937170074215e-06,False,0.0,0.0,100.0
Isoprenaline,C54,malignant neoplasm of corpus uteri,0.0009763393885722,False,0.0,0.0,100.0
Melatonin,C54,malignant neoplasm of corpus uteri,0.0043802041993938,False,0.0,0.0,100.0
Atazanavir,C54,malignant neoplasm of corpus uteri,0.035771602294568,False,0.0,0.0,75.0
Primaquine,C54,malignant neoplasm of corpus uteri,0.028789280276738,False,0.0,0.0,75.0
Hesperetin,C54,malignant neoplasm of corpus uteri,0.0221144251552417,False,0.0,0.0,100.0
Fluvastatin,C54,malignant neoplasm of corpus uteri,0.0043802041993938,False,0.0,0.0,100.0
Rabeprazole,C54,malignant neoplasm of corpus uteri,0.0433932396341128,False,0.0,0.0,75.0
Carvedilol,C54,malignant neoplasm of corpus uteri,0.0119235243791387,False,0.0,0.0,100.0
Phenobarbital,C54,malignant neoplasm of corpus uteri,0.0141131167073088,False,0.0,0.0,75.0
Fluoxymesterone,C54,malignant neoplasm of corpus uteri,0.0221144251552417,False,0.0,0.0,100.0
Anastrozole,C54,malignant neoplasm of corpus uteri,0.0109616863305869,False,0.0,0.0,100.0
Gemfibrozil,C54,malignant neoplasm of corpus uteri,0.035771602294568,False,0.0,0.0,75.0
Danazol,C54,malignant neoplasm of corpus uteri,0.0007334339856528,False,3.0,0.0,100.0
Clenbuterol,C54,malignant neoplasm of corpus uteri,0.0003616260293011,False,0.0,0.0,100.0
Testosterone propionate,C54,malignant neoplasm of corpus uteri,3.483424754658884e-06,False,1.0,0.0,100.0
Estrone sulfate,C54,malignant neoplasm of corpus uteri,0.035771602294568,False,0.0,0.0,75.0
Cyproterone acetate,C54,malignant neoplasm of corpus uteri,0.0063785038070564,False,0.0,0.0,100.0
Lorcaserin,C54,malignant neoplasm of corpus uteri,0.0433932396341128,False,0.0,0.0,75.0
Eltrombopag,C54,malignant neoplasm of corpus uteri,0.0221144251552417,False,0.0,0.0,100.0
Oxymetholone,C54,malignant neoplasm of corpus uteri,0.0019469218701915,False,0.0,0.0,100.0
Methyltestosterone,C54,malignant neoplasm of corpus uteri,0.0007334339856528,False,0.0,0.0,100.0
Benzyl alcohol,C54,malignant neoplasm of corpus uteri,0.035771602294568,False,0.0,0.0,75.0
Nandrolone decanoate,C54,malignant neoplasm of corpus uteri,0.0109616863305869,False,0.0,0.0,100.0
Ulipristal,C54,malignant neoplasm of corpus uteri,0.028789280276738,False,0.0,0.0,75.0
Manidipine,C54,malignant neoplasm of corpus uteri,0.0433932396341128,False,0.0,0.0,75.0
Norethynodrel,C54,malignant neoplasm of corpus uteri,0.0063785038070564,False,0.0,0.0,100.0
Norgestrel,C54,malignant neoplasm of corpus uteri,0.0162483828099703,False,2.0,0.0,100.0
Gestrinone,C54,malignant neoplasm of corpus uteri,0.0221144251552417,False,0.0,0.0,100.0
Binimetinib,C54,malignant neoplasm of corpus uteri,0.035771602294568,False,0.0,0.0,100.0
Pibrentasvir,C54,malignant neoplasm of corpus uteri,0.028789280276738,False,0.0,0.0,75.0
Glecaprevir,C54,malignant neoplasm of corpus uteri,0.028789280276738,False,0.0,0.0,75.0
Testosterone cypionate,C54,malignant neoplasm of corpus uteri,0.0004981932093667,False,0.0,0.0,100.0
Testosterone enanthate,C54,malignant neoplasm of corpus uteri,0.0004981932093667,False,0.0,0.0,100.0
Testosterone undecanoate,C54,malignant neoplasm of corpus uteri,0.0004981932093667,False,0.0,0.0,100.0
Estradiol acetate,C54,malignant neoplasm of corpus uteri,0.001122282734935,False,9.0,0.0,100.0
Estradiol benzoate,C54,malignant neoplasm of corpus uteri,0.001122282734935,False,0.0,0.0,100.0
Estradiol cypionate,C54,malignant neoplasm of corpus uteri,0.001122282734935,False,0.0,0.0,100.0
Estradiol dienanthate,C54,malignant neoplasm of corpus uteri,0.001122282734935,False,0.0,0.0,100.0
Estradiol valerate,C54,malignant neoplasm of corpus uteri,0.001122282734935,False,42.0,0.0,100.0
Trastuzumab,C56,malignant neoplasm of ovary,0.016630524447463,False,384.0,0.0,100.0
Cladribine,C56,malignant neoplasm of ovary,8.763208363659572e-06,False,7.0,0.0,100.0
Clofarabine,C56,malignant neoplasm of ovary,0.0395476332082677,False,1.0,0.0,100.0
Olaparib,C56,malignant neoplasm of ovary,0.0010161920140011,False,1031.0,0.0,100.0
Niraparib,C56,malignant neoplasm of ovary,0.0395476332082677,False,413.0,0.0,100.0
Brigatinib,C56,malignant neoplasm of ovary,0.0229670051571246,False,3.0,0.0,100.0
Risedronate,C61,malignant neoplasm of prostate,0.0172743697093726,False,26.0,100.0,0.0
Thalidomide,C61,malignant neoplasm of prostate,0.0014745047998394,False,120.0,100.0,0.0
Danazol,C61,malignant neoplasm of prostate,0.0124608289998342,False,6.0,100.0,0.0
Oxybenzone,C61,malignant neoplasm of prostate,0.0011465122753036,False,0.0,100.0,0.0
Benzophenone,C61,malignant neoplasm of prostate,0.0172743697093726,False,18.0,100.0,0.0
Cyproterone acetate,C61,malignant neoplasm of prostate,0.0402886581620646,False,434.0,100.0,0.0
Lasofoxifene,C61,malignant neoplasm of prostate,0.0402886581620646,False,3.0,100.0,0.0
Arzoxifene,C61,malignant neoplasm of prostate,0.0172743697093726,False,3.0,100.0,0.0
Bazedoxifene,C61,malignant neoplasm of prostate,0.0172743697093726,False,2.0,100.0,0.0
Eribulin,C61,malignant neoplasm of prostate,0.0172743697093726,False,5.0,100.0,0.0
Eugenol,C61,malignant neoplasm of prostate,0.0011465122753036,False,10.0,100.0,0.0
Norethynodrel,C61,malignant neoplasm of prostate,0.0402886581620646,False,2.0,100.0,0.0
Octocrylene,C61,malignant neoplasm of prostate,0.0172743697093726,False,0.0,100.0,0.0
Foreskin keratinocyte (neonatal),C61,malignant neoplasm of prostate,0.0010936224989126,False,0.0,100.0,0.0
Homosalate,C61,malignant neoplasm of prostate,0.0402886581620646,False,0.0,100.0,0.0
Enzacamene,C61,malignant neoplasm of prostate,0.0011465122753036,False,0.0,100.0,0.0
Gestrinone,C61,malignant neoplasm of prostate,0.0040696862681309,False,0.0,100.0,0.0
Cisplatin,C64,"malignant neoplasm of kidney, except renal pelvis",0.0447410435522829,False,6.0,100.0,0.0
Arsenic trioxide,C64,"malignant neoplasm of kidney, except renal pelvis",7.85509542253243e-06,False,0.0,100.0,0.0
Dabrafenib,C64,"malignant neoplasm of kidney, except renal pelvis",0.0473267356329157,False,0.0,0.0,0.0
Ginseng,C66,malignant neoplasm of ureter,0.0458502670625731,False,0.0,66.66666666666666,0.0
Diosmin,C66,malignant neoplasm of ureter,0.0197436864289855,False,0.0,0.0,0.0
Indigotindisulfonic Acid,C66,malignant neoplasm of ureter,0.0336877723922002,False,8.0,0.0,0.0
Cantharidin,C66,malignant neoplasm of ureter,0.0197436864289855,False,0.0,0.0,0.0
Lenvatinib,C67,malignant neoplasm of bladder,0.0145528198335428,False,4.0,100.0,100.0
Nintedanib,C67,malignant neoplasm of bladder,0.0116962459283849,False,5.0,100.0,100.0
Sorafenib,C73,malignant neoplasm of thyroid gland,0.0014153036199364,False,33.0,0.0,100.0
Dasatinib,C73,malignant neoplasm of thyroid gland,0.0025255954755286,False,2.0,0.0,100.0
Sunitinib,C73,malignant neoplasm of thyroid gland,0.0078006562669921,False,31.0,0.0,100.0
Vandetanib,C73,malignant neoplasm of thyroid gland,8.596264061929337e-05,False,21.0,0.0,100.0
Pazopanib,C73,malignant neoplasm of thyroid gland,0.0122698086148685,False,7.0,0.0,100.0
Axitinib,C73,malignant neoplasm of thyroid gland,0.0027761755742296,False,3.0,0.0,100.0
Cabozantinib,C73,malignant neoplasm of thyroid gland,0.0317780769414655,False,16.0,0.0,100.0
Regorafenib,C73,malignant neoplasm of thyroid gland,1.150566158658001e-06,False,3.0,0.0,100.0
Ponatinib,C73,malignant neoplasm of thyroid gland,0.0006873481971931,False,1.0,0.0,100.0
Afatinib,C73,malignant neoplasm of thyroid gland,0.0003803486754651,False,1.0,0.0,100.0
Lenvatinib,C73,malignant neoplasm of thyroid gland,0.0043910251918691,False,21.0,0.0,100.0
Nintedanib,C73,malignant neoplasm of thyroid gland,6.074280242337547e-05,False,0.0,0.0,100.0
Fostamatinib,C73,malignant neoplasm of thyroid gland,1.0235192452219317e-19,False,1.0,0.0,100.0
Brigatinib,C73,malignant neoplasm of thyroid gland,0.0091084969141213,False,0.0,0.0,100.0
Acetylsalicylic acid,C74,malignant neoplasm of adrenal gland,0.0242510149524375,False,5.0,0.0,0.0
Diethylstilbestrol,C80,malignant neoplasm,0.008585829995479,False,3619.0,100.0,100.0
Etonogestrel,C80,malignant neoplasm,0.0090770122728302,False,26.0,100.0,100.0
Desogestrel,C80,malignant neoplasm,0.0038201785120934,False,117.0,100.0,100.0
Acetaminophen,C80,malignant neoplasm,0.0166398848048468,False,1196.0,100.0,100.0
Megestrol acetate,C80,malignant neoplasm,0.0090770122728302,False,896.0,100.0,100.0
Levonorgestrel,C80,malignant neoplasm,0.0407088402753494,False,604.0,0.0,33.333333333333336
Progesterone,C80,malignant neoplasm,0.0216926844990385,False,34171.0,100.0,100.0
Lenalidomide,C80,malignant neoplasm,0.0229208601598636,False,4981.0,0.0,100.0
Cisplatin,C80,malignant neoplasm,0.001310899185073,False,67640.0,100.0,100.0
Toremifene,C80,malignant neoplasm,0.0316139926253681,False,548.0,100.0,100.0
Medroxyprogesterone acetate,C80,malignant neoplasm,0.0316139926253681,False,2210.0,0.0,66.66666666666667
Estrone,C80,malignant neoplasm,0.0109915420614869,False,2883.0,100.0,100.0
Tamoxifen,C80,malignant neoplasm,0.0277435694968966,False,20436.0,100.0,100.0
Etoposide,C80,malignant neoplasm,0.008585829995479,False,21559.0,100.0,100.0
Estradiol,C80,malignant neoplasm,0.0416896407347604,False,22767.0,100.0,66.66666666666667
Ethynodiol diacetate,C80,malignant neoplasm,0.0038201785120934,False,64.0,100.0,100.0
Acetylsalicylic acid,C80,malignant neoplasm,0.0075764714429066,False,5866.0,100.0,100.0
Norgestimate,C80,malignant neoplasm,0.0229208601598636,False,28.0,0.0,100.0
Ibuprofen,C80,malignant neoplasm,0.0199319281582555,False,568.0,100.0,33.333333333333336
Trilostane,C80,malignant neoplasm,0.0156046433634918,False,66.0,100.0,100.0
Estramustine,C80,malignant neoplasm,0.0003988741647615,False,1080.0,100.0,100.0
Drospirenone,C80,malignant neoplasm,0.0316139926253681,False,124.0,0.0,66.66666666666667
Oxybenzone,C80,malignant neoplasm,0.000102080797945,False,26.0,100.0,100.0
Allylestrenol,C80,malignant neoplasm,0.0090770122728302,False,6.0,100.0,100.0
Benzophenone,C80,malignant neoplasm,0.0038201785120934,False,458.0,100.0,100.0
Estriol,C80,malignant neoplasm,0.000222869364333,False,736.0,100.0,100.0
Lasofoxifene,C80,malignant neoplasm,0.0090770122728302,False,68.0,100.0,100.0
Arzoxifene,C80,malignant neoplasm,0.0038201785120934,False,70.0,100.0,100.0
Bazedoxifene,C80,malignant neoplasm,0.0038201785120934,False,122.0,100.0,100.0
Crizotinib,C80,malignant neoplasm,0.0316139926253681,False,2706.0,0.0,66.66666666666667
Pomalidomide,C80,malignant neoplasm,0.0316139926253681,False,913.0,0.0,100.0
Afatinib,C80,malignant neoplasm,0.0229208601598636,False,1709.0,100.0,100.0
Eugenol,C80,malignant neoplasm,0.0156046433634918,False,242.0,100.0,100.0
Osimertinib,C80,malignant neoplasm,0.0229208601598636,False,2584.0,0.0,100.0
Isosorbide,C80,malignant neoplasm,0.0090770122728302,False,51.0,100.0,100.0
Octocrylene,C80,malignant neoplasm,0.0038201785120934,False,9.0,100.0,100.0
Homosalate,C80,malignant neoplasm,0.0090770122728302,False,7.0,100.0,100.0
Enzacamene,C80,malignant neoplasm,0.000102080797945,False,4.0,100.0,100.0
Venetoclax,C80,malignant neoplasm,0.0156046433634918,False,3309.0,100.0,100.0
Gestrinone,C80,malignant neoplasm,0.0316139926253681,False,62.0,0.0,66.66666666666667
Estradiol acetate,C80,malignant neoplasm,0.0416896407347604,False,1214.0,100.0,66.66666666666667
Estradiol benzoate,C80,malignant neoplasm,0.0416896407347604,False,139.0,100.0,66.66666666666667
Estradiol cypionate,C80,malignant neoplasm,0.0416896407347604,False,9.0,100.0,66.66666666666667
Estradiol dienanthate,C80,malignant neoplasm,0.0416896407347604,False,0.0,100.0,66.66666666666667
Estradiol valerate,C80,malignant neoplasm,0.0416896407347604,False,22071.0,100.0,66.66666666666667
Epirubicin,C81,hodgkin's disease,0.0327913754875279,False,181.0,0.0,0.0
Cisplatin,C81,hodgkin's disease,0.0460571269289332,False,390.0,0.0,0.0
Oxaliplatin,C81,hodgkin's disease,0.0164364707690396,False,47.0,0.0,0.0
Etoposide,C81,hodgkin's disease,0.000517592965459,False,1895.0,0.0,0.0
Carboplatin,C81,hodgkin's disease,0.0081822764488979,False,173.0,0.0,0.0
Busulfan,C81,hodgkin's disease,0.0443936766817182,False,243.0,0.0,0.0
Podofilox,C81,hodgkin's disease,0.0327913754875279,False,1439.0,0.0,0.0
Peginterferon alfa-2a,C82,follicular [nodular] non-hodgkin's lymphoma,0.0083825584562548,False,0.0,100.0,100.0
Interferon alfa-n1,C82,follicular [nodular] non-hodgkin's lymphoma,0.0035058920389023,False,0.0,100.0,100.0
Interferon alfa-n3,C82,follicular [nodular] non-hodgkin's lymphoma,0.0035058920389023,False,0.0,100.0,100.0
Peginterferon alfa-2b,C82,follicular [nodular] non-hodgkin's lymphoma,0.0144283542241347,False,1.0,100.0,100.0
"Interferon Alfa-2a, Recombinant",C82,follicular [nodular] non-hodgkin's lymphoma,0.0035058920389023,False,40.0,100.0,100.0
Interferon beta-1a,C82,follicular [nodular] non-hodgkin's lymphoma,0.0035058920389023,False,0.0,100.0,100.0
Interferon beta-1b,C82,follicular [nodular] non-hodgkin's lymphoma,0.0035058920389023,False,0.0,100.0,100.0
Interferon alfacon-1,C82,follicular [nodular] non-hodgkin's lymphoma,0.0035058920389023,False,0.0,100.0,100.0
Muromonab,C82,follicular [nodular] non-hodgkin's lymphoma,0.0042242130749372,False,1.0,100.0,100.0
"Interferon Alfa-2b, Recombinant",C82,follicular [nodular] non-hodgkin's lymphoma,0.0083825584562548,False,40.0,100.0,100.0
Podofilox,C82,follicular [nodular] non-hodgkin's lymphoma,0.0211770036302416,False,123.0,50.0,100.0
Eribulin,C82,follicular [nodular] non-hodgkin's lymphoma,0.0035058920389023,False,0.0,100.0,100.0
Blinatumomab,C82,follicular [nodular] non-hodgkin's lymphoma,0.0035058920389023,False,11.0,100.0,100.0
Inotuzumab ozogamicin,C83,diffuse non-hodgkin's lymphoma,0.0056321363945596,False,12.0,100.0,100.0
Crizotinib,C83,diffuse non-hodgkin's lymphoma,0.0458502670625731,False,5.0,33.333333333333336,100.0
Ceritinib,C83,diffuse non-hodgkin's lymphoma,0.0226437079851842,False,0.0,100.0,100.0
Alectinib,C83,diffuse non-hodgkin's lymphoma,0.0134183454726334,False,1.0,100.0,100.0
Venetoclax,C83,diffuse non-hodgkin's lymphoma,0.0226437079851842,False,128.0,100.0,100.0
Denileukin diftitox,C84,peripheral and cutaneous t-cell lymphomas,0.0001397188312391,False,179.0,100.0,0.0
Aldesleukin,C84,peripheral and cutaneous t-cell lymphomas,0.0036627805299702,False,24.0,100.0,0.0
Adapalene,C84,peripheral and cutaneous t-cell lymphomas,0.0025480031275361,False,5.0,100.0,0.0
Bexarotene,C84,peripheral and cutaneous t-cell lymphomas,0.0009531828636258,False,432.0,100.0,0.0
Rosiglitazone,C84,peripheral and cutaneous t-cell lymphomas,0.0215298340542639,False,267.0,0.0,0.0
Acitretin,C84,peripheral and cutaneous t-cell lymphomas,0.0050342810705132,False,101.0,100.0,0.0
Alitretinoin,C84,peripheral and cutaneous t-cell lymphomas,0.013090616939302,False,30.0,100.0,0.0
Bezafibrate,C84,peripheral and cutaneous t-cell lymphomas,0.0085225947124322,False,51.0,100.0,0.0
Zinc,C84,peripheral and cutaneous t-cell lymphomas,0.0028362007872037,False,2532.0,100.0,0.0
Vorinostat,C84,peripheral and cutaneous t-cell lymphomas,7.390916304647831e-08,False,388.0,100.0,0.0
Doconexent,C84,peripheral and cutaneous t-cell lymphomas,0.0036627805299702,False,0.0,0.0,0.0
Romidepsin,C84,peripheral and cutaneous t-cell lymphomas,0.0003118611304938,True,306.0,100.0,0.0
Tixocortol,C84,peripheral and cutaneous t-cell lymphomas,0.0094784706417799,False,0.0,0.0,0.0
Bufexamac,C84,peripheral and cutaneous t-cell lymphomas,0.0378534280818678,False,1.0,0.0,0.0
Podofilox,C85,specified types of non-hodgkin's lymphoma,0.009590806729815,False,1.0,66.66666666666667,100.0
Colchicine,C85,specified types of non-hodgkin's lymphoma,0.035771602294568,False,0.0,100.0,100.0
Eribulin,C85,specified types of non-hodgkin's lymphoma,0.001588123108345,False,0.0,100.0,100.0
Vorinostat,C90,multiple myeloma and malignant plasma cell neoplasms,1.5643578353087992e-06,False,129.0,0.0,0.0
Romidepsin,C90,multiple myeloma and malignant plasma cell neoplasms,0.0028847506485764,False,34.0,0.0,0.0
Eribulin,C90,multiple myeloma and malignant plasma cell neoplasms,0.0277681259810478,False,7.0,0.0,0.0
Isosorbide,C90,multiple myeloma and malignant plasma cell neoplasms,0.0007971809829925,False,2.0,0.0,0.0
Foreskin fibroblast (neonatal),C90,multiple myeloma and malignant plasma cell neoplasms,0.0413771143377474,False,1.0,0.0,0.0
Foreskin keratinocyte (neonatal),C90,multiple myeloma and malignant plasma cell neoplasms,0.0001025634950016,False,0.0,0.0,0.0
Binimetinib,C90,multiple myeloma and malignant plasma cell neoplasms,0.0184050007511099,False,2.0,0.0,0.0
Caffeine,C91,lymphoid leukaemia,0.0020111824271729,False,33.0,100.0,100.0
Sorafenib,C91,lymphoid leukaemia,0.003472870737265,False,39.0,100.0,100.0
Imatinib,C91,lymphoid leukaemia,0.0462282930905079,True,1026.0,100.0,100.0
Dasatinib,C91,lymphoid leukaemia,1.1505591613575636e-05,False,537.0,100.0,100.0
Sunitinib,C91,lymphoid leukaemia,0.0151282999578388,False,13.0,100.0,100.0
Nilotinib,C91,lymphoid leukaemia,0.0053839179597357,False,148.0,100.0,100.0
Bosutinib,C91,lymphoid leukaemia,0.0086274207651753,False,30.0,100.0,100.0
Regorafenib,C91,lymphoid leukaemia,0.0039296824263847,False,0.0,100.0,100.0
Ponatinib,C91,lymphoid leukaemia,1.2422851371714432e-06,False,223.0,100.0,100.0
Nintedanib,C91,lymphoid leukaemia,0.0069063655908372,False,5.0,100.0,100.0
Isosorbide,C91,lymphoid leukaemia,0.0194170036866856,False,1.0,100.0,100.0
Venetoclax,C91,lymphoid leukaemia,0.0332309700744359,False,1067.0,100.0,100.0
Vitamin E,C92,myeloid leukaemia,0.0147243613919376,False,83.0,100.0,0.0
Adapalene,C92,myeloid leukaemia,0.0136289807394922,False,0.0,100.0,0.0
Cladribine,C92,myeloid leukaemia,0.0040534681610148,False,317.0,100.0,0.0
Sorafenib,C92,myeloid leukaemia,0.0037492806593569,False,568.0,100.0,0.0
Acitretin,C92,myeloid leukaemia,0.0262646571783457,False,9.0,100.0,0.0
Imatinib,C92,myeloid leukaemia,0.0310495187434402,False,8687.0,100.0,0.0
Tazarotene,C92,myeloid leukaemia,0.0051294095989893,False,2.0,100.0,0.0
Dasatinib,C92,myeloid leukaemia,0.0076848615132083,False,2530.0,100.0,0.0
Sunitinib,C92,myeloid leukaemia,0.0003429996045681,False,111.0,100.0,0.0
Ingenol Mebutate,C92,myeloid leukaemia,0.0287497784288376,False,7.0,100.0,0.0
Pazopanib,C92,myeloid leukaemia,0.0123322171320745,False,8.0,100.0,0.0
Midostaurin,C92,myeloid leukaemia,2.3296250127014233e-05,False,599.0,100.0,0.0
Regorafenib,C92,myeloid leukaemia,0.000334205720789,False,13.0,100.0,0.0
Ponatinib,C92,myeloid leukaemia,3.223824959658777e-06,False,753.0,100.0,0.0
Nintedanib,C92,myeloid leukaemia,0.0435082398518694,False,5.0,100.0,0.0
Fostamatinib,C92,myeloid leukaemia,0.0115651623342518,False,10.0,100.0,0.0
alpha-Tocopherol succinate,C92,myeloid leukaemia,0.0147243613919376,False,41.0,100.0,0.0
D-alpha-Tocopherol acetate,C92,myeloid leukaemia,0.0147243613919376,False,41.0,100.0,0.0
Becaplermin,C94,specified leukaemias,0.0066737629349389,False,0.0,0.0,0.0
Sorafenib,C94,specified leukaemias,0.0003828769052576,False,3.0,0.0,0.0
Imatinib,C94,specified leukaemias,0.0095504410407877,False,38.0,0.0,0.0
Sunitinib,C94,specified leukaemias,4.879057655786366e-07,False,2.0,0.0,0.0
Ingenol Mebutate,C94,specified leukaemias,0.0028362007872037,False,0.0,0.0,0.0
Pazopanib,C94,specified leukaemias,9.941957110141028e-05,False,0.0,0.0,0.0
Midostaurin,C94,specified leukaemias,8.332913303045755e-09,False,6.0,0.0,0.0
Tofacitinib,C94,specified leukaemias,0.030360167774933,False,3.0,0.0,0.0
Regorafenib,C94,specified leukaemias,0.00043355316523,False,0.0,0.0,0.0
Ponatinib,C94,specified leukaemias,0.0001758943136817,False,2.0,0.0,0.0
Fostamatinib,C94,specified leukaemias,9.675907587559703e-11,False,0.0,0.0,0.0
Becaplermin,C95,leukaemia of cell type,0.0460599945518101,False,70.0,0.0,0.0
Cladribine,C95,leukaemia of cell type,6.18188013341343e-05,False,578.0,0.0,0.0
Dexrazoxane,C95,leukaemia of cell type,0.0199014046888666,False,23.0,0.0,0.0
Imatinib,C95,leukaemia of cell type,0.0153824368040463,False,4639.0,0.0,0.0
Fludrocortisone,C95,leukaemia of cell type,0.0460599945518101,False,3.0,0.0,0.0
Azathioprine,C95,leukaemia of cell type,0.0078721688719506,False,122.0,0.0,0.0
Doxorubicin,C95,leukaemia of cell type,0.0340130573632789,False,4066.0,0.0,0.0
Mercaptopurine,C95,leukaemia of cell type,0.0019585801151968,False,1065.0,0.0,0.0
Fluoxymesterone,C95,leukaemia of cell type,0.0050597244733578,False,9.0,0.0,0.0
Dasatinib,C95,leukaemia of cell type,0.0031283213502893,False,1204.0,0.0,0.0
Pazopanib,C95,leukaemia of cell type,0.0059799115771297,False,6.0,0.0,0.0
Regorafenib,C95,leukaemia of cell type,0.0221144251552417,False,15.0,0.0,0.0
Ponatinib,C95,leukaemia of cell type,0.0098961104825861,False,0.0,0.0,0.0
Norethynodrel,C95,leukaemia of cell type,0.0460599945518101,False,1.0,0.0,0.0
Homosalate,C95,leukaemia of cell type,0.0460599945518101,False,0.0,0.0,0.0
Gestrinone,C95,leukaemia of cell type,0.0050597244733578,False,0.0,0.0,0.0
Sorafenib,C96,"specified malignant neoplasms of lymphoid, haematopoietic and related tissue",0.0160758539535647,False,482.0,0.0,0.0
Regorafenib,C96,"specified malignant neoplasms of lymphoid, haematopoietic and related tissue",0.0169849603888014,False,52.0,0.0,0.0
Trastuzumab,D05,carcinoma in situ of breast,0.0458251198510291,False,291.0,0.0,0.0
Levonorgestrel,D05,carcinoma in situ of breast,0.0148925165483561,False,1.0,0.0,0.0
Raloxifene,D05,carcinoma in situ of breast,0.0266973025279406,False,53.0,0.0,100.0
Clomifene,D05,carcinoma in situ of breast,0.0266973025279406,False,2.0,0.0,100.0
Danazol,D05,carcinoma in situ of breast,0.0223520897680099,False,0.0,0.0,0.0
Methyltestosterone,D05,carcinoma in situ of breast,0.0223520897680099,False,0.0,0.0,0.0
Palbociclib,D05,carcinoma in situ of breast,0.0032485951279605,False,5.0,0.0,100.0
Ribociclib,D05,carcinoma in situ of breast,0.0013587219023243,False,0.0,0.0,100.0
Abemaciclib,D05,carcinoma in situ of breast,0.0266973025279406,False,0.0,0.0,100.0
Diethylstilbestrol,D07,carcinoma in situ of genital organs,4.9201808100157925e-06,True,18.0,100.0,0.0
Levonorgestrel,D07,carcinoma in situ of genital organs,3.827750760087132e-05,False,1.0,100.0,0.0
Raloxifene,D07,carcinoma in situ of genital organs,0.000109945777844,False,2.0,100.0,0.0
Oxaliplatin,D07,carcinoma in situ of genital organs,0.0421214998844496,False,0.0,100.0,0.0
Testosterone,D07,carcinoma in situ of genital organs,0.0016937975986498,False,76.0,100.0,0.0
Mitotane,D07,carcinoma in situ of genital organs,0.0096252274410785,False,0.0,0.0,0.0
Estrone,D07,carcinoma in situ of genital organs,7.3023581269297666e-06,False,6.0,100.0,0.0
Tamoxifen,D07,carcinoma in situ of genital organs,3.0424727162411992e-05,False,18.0,100.0,0.0
Etoposide,D07,carcinoma in situ of genital organs,0.0390090874190526,False,7.0,100.0,0.0
Drostanolone,D07,carcinoma in situ of genital organs,0.0016822922042252,False,0.0,0.0,0.0
Clomifene,D07,carcinoma in situ of genital organs,0.0140878922078351,False,0.0,100.0,0.0
Norgestimate,D07,carcinoma in situ of genital organs,0.0042979903519881,False,0.0,100.0,0.0
Carboplatin,D07,carcinoma in situ of genital organs,0.0269126054883881,False,2.0,100.0,0.0
Nandrolone phenpropionate,D07,carcinoma in situ of genital organs,0.0006929546588287,False,0.0,0.0,0.0
Melatonin,D07,carcinoma in situ of genital organs,0.035771602294568,True,1.0,100.0,0.0
Trilostane,D07,carcinoma in situ of genital organs,0.0028940896805361,False,0.0,0.0,0.0
Fluoxymesterone,D07,carcinoma in situ of genital organs,0.0059478360077432,False,0.0,100.0,0.0
Estramustine,D07,carcinoma in situ of genital organs,0.0059478360077432,True,0.0,100.0,0.0
Danazol,D07,carcinoma in situ of genital organs,8.211287600622e-05,False,1.0,100.0,0.0
Oxybenzone,D07,carcinoma in situ of genital organs,5.865284713902969e-06,False,0.0,100.0,0.0
Prasterone,D07,carcinoma in situ of genital organs,0.000409533451447,False,3.0,0.0,0.0
Benzophenone,D07,carcinoma in situ of genital organs,0.0006929546588287,False,0.0,0.0,0.0
Estriol,D07,carcinoma in situ of genital organs,0.0042979903519881,False,1.0,0.0,0.0
Estrone sulfate,D07,carcinoma in situ of genital organs,0.0096252274410785,True,2.0,0.0,0.0
Cyproterone acetate,D07,carcinoma in situ of genital organs,0.0016822922042252,False,3.0,0.0,0.0
Lasofoxifene,D07,carcinoma in situ of genital organs,0.0016822922042252,True,0.0,0.0,0.0
Arzoxifene,D07,carcinoma in situ of genital organs,0.0006929546588287,False,0.0,0.0,0.0
Bazedoxifene,D07,carcinoma in situ of genital organs,0.0006929546588287,False,0.0,0.0,0.0
Methyltestosterone,D07,carcinoma in situ of genital organs,8.211287600622e-05,False,1.0,100.0,0.0
Nandrolone decanoate,D07,carcinoma in situ of genital organs,0.0028940896805361,False,0.0,0.0,0.0
Eugenol,D07,carcinoma in situ of genital organs,5.865284713902969e-06,False,0.0,0.0,0.0
Norethynodrel,D07,carcinoma in situ of genital organs,0.0016822922042252,False,3.0,0.0,0.0
Norgestrel,D07,carcinoma in situ of genital organs,0.0042979903519881,False,4.0,100.0,0.0
Octocrylene,D07,carcinoma in situ of genital organs,0.0006929546588287,False,0.0,0.0,0.0
Homosalate,D07,carcinoma in situ of genital organs,0.0016822922042252,False,0.0,100.0,0.0
Enzacamene,D07,carcinoma in situ of genital organs,5.865284713902969e-06,False,0.0,100.0,0.0
Gestrinone,D07,carcinoma in situ of genital organs,0.0059478360077432,False,0.0,100.0,0.0
Testosterone cypionate,D07,carcinoma in situ of genital organs,0.0018590643176993,False,1.0,100.0,0.0
Testosterone enanthate,D07,carcinoma in situ of genital organs,0.0018590643176993,False,0.0,100.0,0.0
Testosterone undecanoate,D07,carcinoma in situ of genital organs,0.0018590643176993,False,0.0,100.0,0.0
Peginterferon alfa-2a,D45,polycythaemia vera,0.0025255954755286,False,41.0,0.0,0.0
Interferon alfa-n1,D45,polycythaemia vera,0.0010542799875788,False,0.0,0.0,0.0
Interferon alfa-n3,D45,polycythaemia vera,0.0010542799875788,False,0.0,0.0,0.0
Peginterferon alfa-2b,D45,polycythaemia vera,0.0043260906844352,False,47.0,0.0,0.0
"Interferon Alfa-2a, Recombinant",D45,polycythaemia vera,0.0010542799875788,False,127.0,0.0,0.0
Interferon beta-1a,D45,polycythaemia vera,0.0010542799875788,False,1.0,0.0,0.0
Interferon beta-1b,D45,polycythaemia vera,0.0010542799875788,False,0.0,0.0,0.0
Interferon alfacon-1,D45,polycythaemia vera,0.0010542799875788,False,0.0,0.0,0.0
"Interferon Alfa-2b, Recombinant",D45,polycythaemia vera,0.0025255954755286,False,109.0,0.0,0.0
Iron Dextran,D45,polycythaemia vera,0.006510299695629,False,1.0,0.0,0.0
Pentaerythritol Tetranitrate,D45,polycythaemia vera,0.006510299695629,False,0.0,0.0,0.0
Ruxolitinib,D45,polycythaemia vera,0.0025255954755286,False,488.0,0.0,0.0
Tofacitinib,D45,polycythaemia vera,0.0116962459283849,False,14.0,0.0,0.0
Nitrous acid,D45,polycythaemia vera,0.0025255954755286,False,2.0,0.0,0.0
Oxygen,D45,polycythaemia vera,0.0043260906844352,False,180.0,0.0,0.0
Sodium ferric gluconate complex,D45,polycythaemia vera,0.0025255954755286,False,0.0,0.0,0.0
Baricitinib,D45,polycythaemia vera,0.035771602294568,False,8.0,0.0,0.0
Ferric pyrophosphate citrate,D45,polycythaemia vera,0.0043260906844352,False,0.0,0.0,0.0
Cladribine,D46,myelodysplastic syndromes,0.000251187462871,False,38.0,100.0,100.0
Dexrazoxane,D46,myelodysplastic syndromes,0.0075489320481542,False,2.0,100.0,60.0
Azacitidine,D46,myelodysplastic syndromes,0.0075489320481542,False,1783.0,100.0,60.0
Cyanocobalamin,D51,vitamin b12 deficiency anaemia,4.316010360270492e-07,False,4714.0,100.0,0.0
Hydroxocobalamin,D51,vitamin b12 deficiency anaemia,1.4584324681100465e-07,False,166.0,100.0,0.0
Cyanocobalamin,D52,folate deficiency anaemia,0.0003363137289997,False,1696.0,66.66666666666667,100.0
Hydroxocobalamin,D52,folate deficiency anaemia,0.0173092281378977,False,36.0,33.333333333333336,50.0
Cyanocobalamin,D53,nutritional anaemias,1.1874886518967822e-09,False,863.0,100.0,100.0
Hydroxocobalamin,D53,nutritional anaemias,3.2580035803301615e-10,False,15.0,100.0,100.0
Iron Dextran,D56,thalassaemia,0.0038201785120934,False,45.0,0.0,0.0
Iron,D56,thalassaemia,0.0190110738951611,False,7146.0,0.0,0.0
Pentaerythritol Tetranitrate,D56,thalassaemia,0.0038201785120934,False,0.0,0.0,0.0
Nitrous acid,D56,thalassaemia,0.0014868883916653,False,8.0,0.0,0.0
Oxygen,D56,thalassaemia,0.0025608311121563,False,821.0,0.0,0.0
Sodium ferric gluconate complex,D56,thalassaemia,0.0014868883916653,False,0.0,0.0,0.0
Ferric pyrophosphate citrate,D56,thalassaemia,0.0025608311121563,False,0.0,0.0,0.0
Iron Dextran,D57,sickle-cell disorders,0.006510299695629,False,7.0,0.0,0.0
Apremilast,D57,sickle-cell disorders,0.0145856411738086,False,0.0,0.0,100.0
Pentaerythritol Tetranitrate,D57,sickle-cell disorders,2.590888323925348e-05,False,0.0,0.0,0.0
Nitrous acid,D57,sickle-cell disorders,0.0025255954755286,False,33.0,0.0,0.0
Oxygen,D57,sickle-cell disorders,0.0043260906844352,False,2146.0,0.0,0.0
Polaprezinc,D57,sickle-cell disorders,0.0401063855502195,False,0.0,0.0,100.0
Sodium ferric gluconate complex,D57,sickle-cell disorders,0.0025255954755286,False,0.0,0.0,0.0
Ferric pyrophosphate citrate,D57,sickle-cell disorders,0.0043260906844352,False,0.0,0.0,0.0
Zinc,D59,acquired haemolytic anaemia,0.0028930554603636,False,4.0,0.0,100.0
Rilonacept,D59,acquired haemolytic anaemia,0.0117993649860054,False,0.0,0.0,0.0
Foreskin keratinocyte (neonatal),D59,acquired haemolytic anaemia,0.0039898534208498,False,0.0,0.0,100.0
Binimetinib,D59,acquired haemolytic anaemia,0.0013648114339889,False,0.0,0.0,50.0
Glucosamine,D61,aplastic anaemias,0.0138662714297915,False,1.0,100.0,37.5
Apremilast,D61,aplastic anaemias,0.0170900517058848,False,0.0,50.0,37.5
Foreskin fibroblast (neonatal),D61,aplastic anaemias,0.0288538393054089,False,0.0,50.0,100.0
Foreskin keratinocyte (neonatal),D61,aplastic anaemias,0.033288379723556,False,0.0,50.0,100.0
Cyclosporine,D64,anaemias,1.7554891473764036e-05,False,2971.0,100.0,66.66666666666667
Vitamin C,D64,anaemias,0.0093205163659703,False,1558.0,75.0,33.333333333333336
Pravastatin,D64,anaemias,4.168852921466464e-06,False,5.0,100.0,100.0
Fluvoxamine,D64,anaemias,0.0322276442361732,False,2.0,75.0,33.333333333333336
Erythromycin,D64,anaemias,0.0139613870895613,False,228.0,75.0,33.333333333333336
Reserpine,D64,anaemias,0.0105017933629747,False,16.0,75.0,33.333333333333336
Nelfinavir,D64,anaemias,0.0024254181888904,False,10.0,75.0,33.333333333333336
Indinavir,D64,anaemias,8.699315014589731e-07,False,21.0,100.0,100.0
Lovastatin,D64,anaemias,8.880116903676813e-08,False,27.0,100.0,100.0
Phenytoin,D64,anaemias,0.0001957414775102,False,203.0,75.0,100.0
Olmesartan,D64,anaemias,0.0009758288444228,False,6.0,100.0,100.0
Conjugated estrogens,D64,anaemias,0.0006792611011122,False,24.0,75.0,33.333333333333336
Morphine,D64,anaemias,0.0015313413528532,False,297.0,75.0,33.333333333333336
Valproic Acid,D64,anaemias,0.0307829412658382,False,112.0,75.0,33.333333333333336
Codeine,D64,anaemias,0.0176072053047043,False,58.0,75.0,33.333333333333336
Indomethacin,D64,anaemias,0.0012694077063862,False,159.0,75.0,66.66666666666667
Terfenadine,D64,anaemias,0.0378108196529642,False,1.0,75.0,33.333333333333336
Diltiazem,D64,anaemias,0.0105017933629747,False,15.0,75.0,33.333333333333336
Aminohippuric acid,D64,anaemias,0.0322276442361732,False,10.0,75.0,33.333333333333336
Megestrol acetate,D64,anaemias,0.0359656802605568,False,13.0,75.0,33.333333333333336
Grepafloxacin,D64,anaemias,0.0139613870895613,False,2.0,75.0,33.333333333333336
Digoxin,D64,anaemias,0.0378108196529642,False,103.0,75.0,33.333333333333336
Beclomethasone dipropionate,D64,anaemias,0.0359656802605568,False,2.0,75.0,33.333333333333336
Progesterone,D64,anaemias,0.0010936224989126,False,398.0,75.0,66.66666666666667
Sorafenib,D64,anaemias,0.0008013502384969,False,103.0,100.0,66.66666666666667
Spironolactone,D64,anaemias,0.0015313413528532,False,42.0,100.0,66.66666666666667
Cerivastatin,D64,anaemias,8.699315014589731e-07,False,0.0,100.0,100.0
Trimethoprim,D64,anaemias,0.0034553476428434,False,385.0,75.0,33.333333333333336
Levothyroxine,D64,anaemias,0.0001150839170856,False,497.0,100.0,100.0
Zidovudine,D64,anaemias,0.0070358403016573,False,600.0,75.0,33.333333333333336
Ritonavir,D64,anaemias,2.714637334663605e-07,False,97.0,100.0,100.0
Cisplatin,D64,anaemias,0.0209693409137144,False,2441.0,75.0,66.66666666666667
Caspofungin,D64,anaemias,0.0053263936784928,False,36.0,75.0,33.333333333333336
Erlotinib,D64,anaemias,0.0015313413528532,False,73.0,75.0,33.333333333333336
Vincristine,D64,anaemias,0.0015313413528532,False,833.0,75.0,33.333333333333336
Methotrexate,D64,anaemias,4.0482408231113535e-06,False,1243.0,100.0,100.0
Carbamazepine,D64,anaemias,3.028836888877415e-06,False,122.0,100.0,100.0
Vinblastine,D64,anaemias,0.0267126466142227,False,439.0,75.0,33.333333333333336
Diclofenac,D64,anaemias,0.0010936224989126,False,101.0,75.0,66.66666666666667
Ivermectin,D64,anaemias,0.0053263936784928,False,70.0,75.0,33.333333333333336
Chloroquine,D64,anaemias,0.0105017933629747,False,646.0,75.0,33.333333333333336
Efavirenz,D64,anaemias,0.0218239029249752,False,65.0,75.0,33.333333333333336
Simvastatin,D64,anaemias,8.880116903676813e-08,False,24.0,100.0,100.0
Verapamil,D64,anaemias,0.000420288937542,False,30.0,75.0,33.333333333333336
Tamoxifen,D64,anaemias,0.0209693409137144,False,125.0,75.0,33.333333333333336
Losartan,D64,anaemias,0.0001150839170856,False,0.0,100.0,100.0
Mycophenolate mofetil,D64,anaemias,4.0854050190043165e-09,False,640.0,100.0,100.0
Daunorubicin,D64,anaemias,0.0024254181888904,False,0.0,75.0,33.333333333333336
Amprenavir,D64,anaemias,0.000440324442628,False,1.0,100.0,66.66666666666667
Hydrocortisone,D64,anaemias,0.0024254181888904,False,320.0,75.0,33.333333333333336
Clopidogrel,D64,anaemias,0.0139613870895613,False,181.0,75.0,33.333333333333336
Irinotecan,D64,anaemias,4.168852921466464e-06,False,497.0,100.0,100.0
Mometasone,D64,anaemias,0.0359656802605568,False,3.0,75.0,33.333333333333336
Etoposide,D64,anaemias,5.816773331207189e-06,False,728.0,100.0,100.0
Estradiol,D64,anaemias,0.000244711425381,False,371.0,75.0,33.333333333333336
Naproxen,D64,anaemias,0.0176072053047043,False,47.0,75.0,66.66666666666667
Mifepristone,D64,anaemias,0.0006363911851541,False,36.0,100.0,66.66666666666667
Sirolimus,D64,anaemias,0.0105017933629747,False,581.0,75.0,33.333333333333336
Iron Dextran,D64,anaemias,0.0020182638533882,False,925.0,100.0,66.66666666666667
Quinidine,D64,anaemias,0.0121688608057478,False,67.0,75.0,33.333333333333336
Buprenorphine,D64,anaemias,0.0035870702671861,False,21.0,75.0,33.333333333333336
Fexofenadine,D64,anaemias,0.0077435558166645,False,0.0,75.0,33.333333333333336
Methylprednisolone,D64,anaemias,0.0359656802605568,False,1163.0,75.0,33.333333333333336
Azelastine,D64,anaemias,0.0267126466142227,False,0.0,75.0,33.333333333333336
Ezetimibe,D64,anaemias,2.0700285008615644e-06,False,27.0,100.0,100.0
Ethinyl Estradiol,D64,anaemias,0.000440324442628,False,81.0,100.0,66.66666666666667
Doxorubicin,D64,anaemias,0.0209693409137144,False,1235.0,75.0,33.333333333333336
Ketoconazole,D64,anaemias,0.0010936224989126,False,58.0,75.0,33.333333333333336
Rifampicin,D64,anaemias,8.237996346595077e-08,False,320.0,100.0,100.0
Ibuprofen,D64,anaemias,0.0009469479718794,False,96.0,75.0,100.0
Atazanavir,D64,anaemias,0.0077435558166645,False,18.0,75.0,66.66666666666667
Atorvastatin,D64,anaemias,3.2720071748978267e-10,False,29.0,100.0,100.0
Fluvastatin,D64,anaemias,8.880116903676813e-08,False,4.0,100.0,100.0
Rosuvastatin,D64,anaemias,0.0001150839170856,False,14.0,100.0,100.0
Nifedipine,D64,anaemias,0.0081822764488979,False,53.0,75.0,33.333333333333336
Pioglitazone,D64,anaemias,0.0218239029249752,False,31.0,75.0,66.66666666666667
Sulfinpyrazone,D64,anaemias,0.0267126466142227,False,11.0,75.0,33.333333333333336
Phenobarbital,D64,anaemias,6.575933592167309e-05,False,189.0,75.0,33.333333333333336
Naloxone,D64,anaemias,0.0267126466142227,False,16.0,75.0,33.333333333333336
Domperidone,D64,anaemias,0.0139613870895613,False,8.0,75.0,33.333333333333336
Clarithromycin,D64,anaemias,0.0006363911851541,False,136.0,100.0,66.66666666666667
Paclitaxel,D64,anaemias,7.913374437242629e-06,False,1370.0,100.0,66.66666666666667
Saquinavir,D64,anaemias,4.168852921466464e-06,False,9.0,100.0,100.0
Dexamethasone,D64,anaemias,0.0009469479718794,False,944.0,75.0,33.333333333333336
Gemfibrozil,D64,anaemias,0.0077435558166645,False,10.0,75.0,33.333333333333336
Docetaxel,D64,anaemias,0.0001150839170856,False,751.0,100.0,66.66666666666667
Lapatinib,D64,anaemias,0.0077435558166645,False,17.0,75.0,33.333333333333336
Sunitinib,D64,anaemias,0.0378108196529642,False,130.0,75.0,33.333333333333336
Colchicine,D64,anaemias,0.0176072053047043,False,110.0,75.0,33.333333333333336
Liotrix,D64,anaemias,0.0029751739261512,False,0.0,100.0,100.0
Iron,D64,anaemias,0.0267126466142227,False,45438.0,75.0,33.333333333333336
Zinc,D64,anaemias,0.0141710697547021,False,2557.0,75.0,33.333333333333336
Cholic Acid,D64,anaemias,0.0034120025443807,False,13.0,75.0,33.333333333333336
Nilotinib,D64,anaemias,0.0139613870895613,False,42.0,75.0,33.333333333333336
Cobimetinib,D64,anaemias,0.0034553476428434,False,0.0,75.0,33.333333333333336
Telaprevir,D64,anaemias,0.0077435558166645,False,0.0,75.0,66.66666666666667
Romidepsin,D64,anaemias,0.0008759920223474,False,15.0,75.0,33.333333333333336
Eltrombopag,D64,anaemias,0.0034553476428434,False,394.0,75.0,33.333333333333336
Simeprevir,D64,anaemias,0.0006363911851541,False,61.0,100.0,100.0
Ambrisentan,D64,anaemias,1.2566525275448823e-05,False,22.0,100.0,100.0
Pazopanib,D64,anaemias,0.0035870702671861,False,61.0,100.0,100.0
Apixaban,D64,anaemias,0.0139613870895613,False,68.0,75.0,33.333333333333336
Axitinib,D64,anaemias,0.000440324442628,False,15.0,100.0,66.66666666666667
Cabazitaxel,D64,anaemias,4.13796598598943e-06,False,52.0,100.0,100.0
Pitavastatin,D64,anaemias,8.699315014589731e-07,False,0.0,100.0,100.0
Rilpivirine,D64,anaemias,0.0176072053047043,False,7.0,75.0,33.333333333333336
Gadoxetic acid,D64,anaemias,0.0020182638533882,False,1.0,100.0,66.66666666666667
Enzalutamide,D64,anaemias,0.0139613870895613,False,51.0,75.0,33.333333333333336
Fluticasone furoate,D64,anaemias,0.0359656802605568,False,0.0,75.0,33.333333333333336
Dabrafenib,D64,anaemias,0.0011599923737584,False,13.0,75.0,33.333333333333336
Idelalisib,D64,anaemias,1.986340104564967e-05,False,13.0,100.0,100.0
Daclatasvir,D64,anaemias,0.0001755991409233,False,73.0,100.0,100.0
Nitrous acid,D64,anaemias,0.0359656802605568,False,164.0,75.0,33.333333333333336
Technetium Tc-99m mebrofenin,D64,anaemias,0.0156037375820814,False,0.0,75.0,33.333333333333336
Iron saccharate,D64,anaemias,0.0156037375820814,False,0.0,75.0,33.333333333333336
Technetium Tc-99m sestamibi,D64,anaemias,0.0156037375820814,False,8.0,75.0,33.333333333333336
Polaprezinc,D64,anaemias,0.0019456513991676,False,7.0,100.0,100.0
Sacubitril,D64,anaemias,0.0359656802605568,False,13.0,75.0,33.333333333333336
Paritaprevir,D64,anaemias,9.73577830070354e-05,False,52.0,100.0,100.0
Sodium ferric gluconate complex,D64,anaemias,0.0359656802605568,False,49.0,75.0,33.333333333333336
Selexipag,D64,anaemias,9.73577830070354e-05,False,0.0,100.0,100.0
Grazoprevir,D64,anaemias,0.0053263936784928,False,9.0,75.0,66.66666666666667
Asunaprevir,D64,anaemias,0.0176072053047043,False,9.0,75.0,33.333333333333336
Thimerosal,D64,anaemias,0.0077435558166645,False,3.0,75.0,66.66666666666667
Velpatasvir,D64,anaemias,0.0001755991409233,False,17.0,100.0,100.0
Ertugliflozin,D64,anaemias,0.0077435558166645,False,0.0,75.0,66.66666666666667
Apalutamide,D64,anaemias,0.0267126466142227,False,0.0,75.0,33.333333333333336
Voxilaprevir,D64,anaemias,0.0001755991409233,False,4.0,100.0,100.0
Letermovir,D64,anaemias,4.168852921466464e-06,False,7.0,100.0,100.0
Rucaparib,D64,anaemias,5.119300985891976e-07,False,53.0,100.0,100.0
Levomenol,D64,anaemias,0.0156037375820814,False,1.0,75.0,33.333333333333336
Parachlorophenol,D64,anaemias,0.0359656802605568,False,0.0,75.0,33.333333333333336
Troleandomycin,D64,anaemias,0.0267126466142227,False,0.0,75.0,33.333333333333336
Enasidenib,D64,anaemias,1.0323248402471157e-05,False,6.0,100.0,66.66666666666667
Pibrentasvir,D64,anaemias,9.73577830070354e-05,False,8.0,100.0,100.0
Glecaprevir,D64,anaemias,9.73577830070354e-05,False,8.0,100.0,100.0
Estradiol acetate,D64,anaemias,0.000244711425381,False,35.0,75.0,33.333333333333336
Estradiol benzoate,D64,anaemias,0.000244711425381,False,3.0,75.0,33.333333333333336
Estradiol cypionate,D64,anaemias,0.000244711425381,False,2.0,75.0,33.333333333333336
Estradiol dienanthate,D64,anaemias,0.000244711425381,False,0.0,75.0,33.333333333333336
Estradiol valerate,D64,anaemias,0.000244711425381,False,355.0,75.0,33.333333333333336
Lepirudin,D65,disseminated intravascular coagulation [defibrination syndrome],0.0458502670625731,False,9.0,0.0,0.0
Drotrecogin alfa,D65,disseminated intravascular coagulation [defibrination syndrome],0.001298526429611,False,27.0,0.0,0.0
Danaparoid,D65,disseminated intravascular coagulation [defibrination syndrome],0.0458502670625731,False,29.0,0.0,0.0
Antithrombin III human,D65,disseminated intravascular coagulation [defibrination syndrome],0.0458502670625731,False,842.0,0.0,0.0
"Antihemophilic factor, human recombinant",D66,hereditary factor viii deficiency,0.008585829995479,False,895.0,0.0,0.0
"Antihemophilic Factor (Recombinant), PEGylated",D66,hereditary factor viii deficiency,0.0011324434203906,False,85.0,0.0,0.0
Anti-inhibitor coagulant complex,D66,hereditary factor viii deficiency,0.0046669117486503,False,163.0,0.0,0.0
Lonoctocog alfa,D66,hereditary factor viii deficiency,0.008585829995479,False,10.0,0.0,0.0
Moroctocog alfa,D66,hereditary factor viii deficiency,0.008585829995479,False,210.0,0.0,0.0
"Antihemophilic factor, human recombinant",D68,coagulation defects,6.566348111438471e-08,False,951.0,100.0,100.0
Drotrecogin alfa,D68,coagulation defects,7.615440392612691e-06,False,48.0,100.0,100.0
Coagulation Factor IX (Recombinant),D68,coagulation defects,0.0001875285582238,False,1264.0,100.0,100.0
Menadione,D68,coagulation defects,5.581161198886319e-07,False,46.0,100.0,100.0
Sodium Tetradecyl Sulfate,D68,coagulation defects,0.001814574343035,False,1.0,100.0,100.0
Fondaparinux,D68,coagulation defects,0.001814574343035,False,64.0,100.0,100.0
Enoxaparin,D68,coagulation defects,0.0042784098356224,False,169.0,100.0,100.0
Thrombomodulin Alfa,D68,coagulation defects,0.001814574343035,False,24.0,100.0,100.0
Human C1-esterase inhibitor,D68,coagulation defects,0.0195218255859444,False,7.0,50.0,100.0
Turoctocog alfa,D68,coagulation defects,8.763208363659572e-06,False,75.0,100.0,100.0
Conestat alfa,D68,coagulation defects,0.0195218255859444,False,1.0,50.0,100.0
Bemiparin,D68,coagulation defects,0.0074116314707965,False,4.0,100.0,100.0
"Antihemophilic Factor (Recombinant), PEGylated",D68,coagulation defects,2.898484223426869e-05,False,67.0,100.0,100.0
Kappadione,D68,coagulation defects,8.724465020698534e-09,False,0.0,100.0,100.0
Antithrombin Alfa,D68,coagulation defects,0.001814574343035,False,28.0,100.0,100.0
Thrombin,D68,coagulation defects,0.0005236344253429,False,5896.0,100.0,100.0
Human Thrombin,D68,coagulation defects,0.0002767459527324,False,5223.0,100.0,100.0
Thrombin Alfa,D68,coagulation defects,0.0002767459527324,False,3.0,100.0,100.0
Betrixaban,D68,coagulation defects,0.0074116314707965,False,4.0,100.0,100.0
Nafamostat,D68,coagulation defects,0.0242510149524375,False,65.0,0.0,100.0
Protein S human,D68,coagulation defects,8.763208363659572e-06,False,2284.0,100.0,100.0
Coagulation factor VII human,D68,coagulation defects,0.0042784098356224,False,3963.0,100.0,100.0
Anti-inhibitor coagulant complex,D68,coagulation defects,2.3438293891105066e-06,False,179.0,100.0,100.0
Coagulation Factor IX Human,D68,coagulation defects,0.0001875285582238,False,5038.0,100.0,100.0
Antihemophilic factor human,D68,coagulation defects,8.763208363659572e-06,False,0.0,100.0,100.0
Emicizumab,D68,coagulation defects,0.001814574343035,False,618.0,100.0,100.0
Lonoctocog alfa,D68,coagulation defects,6.566348111438471e-08,False,9.0,100.0,100.0
Moroctocog alfa,D68,coagulation defects,6.566348111438471e-08,False,248.0,100.0,100.0
Cetuximab,D69,purpura and haemorrhagic conditions,0.0133367225008653,False,602.0,100.0,100.0
Etanercept,D69,purpura and haemorrhagic conditions,0.0009670834538792,False,1066.0,100.0,100.0
Immune Globulin Human,D69,purpura and haemorrhagic conditions,0.0105863200052687,True,156378.0,100.0,100.0
Adalimumab,D69,purpura and haemorrhagic conditions,0.0004291252220751,False,1158.0,100.0,100.0
Abciximab,D69,purpura and haemorrhagic conditions,1.6889742833345396e-05,False,469.0,100.0,100.0
Gemtuzumab ozogamicin,D69,purpura and haemorrhagic conditions,0.0133367225008653,False,293.0,100.0,100.0
Trastuzumab,D69,purpura and haemorrhagic conditions,0.0194170036866856,False,1100.0,100.0,100.0
Rituximab,D69,purpura and haemorrhagic conditions,0.0133367225008653,False,10078.0,100.0,100.0
Basiliximab,D69,purpura and haemorrhagic conditions,0.0161704710089108,False,286.0,100.0,100.0
Muromonab,D69,purpura and haemorrhagic conditions,0.0228733548196093,False,296.0,100.0,100.0
Ibritumomab tiuxetan,D69,purpura and haemorrhagic conditions,0.0133367225008653,False,124.0,100.0,100.0
Tositumomab,D69,purpura and haemorrhagic conditions,0.0105863200052687,False,44.0,100.0,100.0
Alemtuzumab,D69,purpura and haemorrhagic conditions,0.0105863200052687,False,1179.0,100.0,100.0
Alefacept,D69,purpura and haemorrhagic conditions,0.0105863200052687,False,59.0,100.0,100.0
Efalizumab,D69,purpura and haemorrhagic conditions,0.0105863200052687,False,54.0,100.0,100.0
Natalizumab,D69,purpura and haemorrhagic conditions,0.0133367225008653,False,477.0,100.0,100.0
Palivizumab,D69,purpura and haemorrhagic conditions,0.0105863200052687,False,49.0,100.0,100.0
Bevacizumab,D69,purpura and haemorrhagic conditions,0.0105863200052687,False,2382.0,100.0,100.0
Menadione,D69,purpura and haemorrhagic conditions,0.0458502670625731,False,81.0,100.0,80.0
Tirofiban,D69,purpura and haemorrhagic conditions,0.0110651768536986,False,342.0,100.0,100.0
Sarilumab,D69,purpura and haemorrhagic conditions,0.0083511915557863,False,53.0,100.0,100.0
Memantine,D72,disorders of white blood cells,0.0336246622450487,False,12.0,33.333333333333336,66.66666666666667
Omeprazole,D73,diseases of spleen,0.0157093944190287,False,8.0,40.0,0.0
Mexiletine,D73,diseases of spleen,0.0044347270877027,False,0.0,20.0,0.0
Flutamide,D73,diseases of spleen,0.0067909096497399,False,0.0,20.0,0.0
Leflunomide,D73,diseases of spleen,0.0034120025443807,False,10.0,20.0,0.0
Resveratrol,D73,diseases of spleen,0.0488183436972677,False,27.0,60.0,0.0
Iron Dextran,D74,methaemoglobinaemia,0.0007482658795821,False,0.0,0.0,0.0
Pentaerythritol Tetranitrate,D74,methaemoglobinaemia,0.0007482658795821,False,0.0,0.0,0.0
Nitrous acid,D74,methaemoglobinaemia,0.0002760704555827,False,448.0,0.0,0.0
Copper,D74,methaemoglobinaemia,0.0076331218302673,False,33.0,0.0,0.0
Oxygen,D74,methaemoglobinaemia,0.0004956258336613,False,901.0,0.0,0.0
Sodium ferric gluconate complex,D74,methaemoglobinaemia,0.0002760704555827,False,0.0,0.0,0.0
Ferric pyrophosphate citrate,D74,methaemoglobinaemia,0.0004956258336613,False,0.0,0.0,0.0
"Antihemophilic factor, human recombinant",D75,diseases of blood and blood-forming organs,0.0466117216348664,False,383.0,50.0,0.0
Lonoctocog alfa,D75,diseases of blood and blood-forming organs,0.0466117216348664,False,1.0,50.0,0.0
Moroctocog alfa,D75,diseases of blood and blood-forming organs,0.0466117216348664,False,70.0,50.0,0.0
Cholesterol,D89,disorders involving the immune mechanism,0.0169849603888014,False,412.0,0.0,0.0
Lobeglitazone,D89,disorders involving the immune mechanism,0.0219375654720698,False,0.0,0.0,100.0
Etanercept,E10,insulin-dependent diabetes mellitus,0.0454421550559565,False,41.0,0.0,25.0
Aldesleukin,E10,insulin-dependent diabetes mellitus,0.0092596817323381,False,3.0,42.857142857142854,37.5
Icosapent,E10,insulin-dependent diabetes mellitus,0.0322276442361732,False,97.0,14.285714285714286,12.5
Cholecalciferol,E10,insulin-dependent diabetes mellitus,4.338837550709499e-05,False,233.0,100.0,100.0
Fluvoxamine,E10,insulin-dependent diabetes mellitus,0.0383259659971864,False,3.0,28.571428571428573,62.5
Bortezomib,E10,insulin-dependent diabetes mellitus,0.0064571734569483,False,3.0,57.142857142857146,75.0
Fluconazole,E10,insulin-dependent diabetes mellitus,0.0127006939681155,False,0.0,28.571428571428573,62.5
Sildenafil,E10,insulin-dependent diabetes mellitus,0.0383259659971864,False,21.0,28.571428571428573,62.5
Ticlopidine,E10,insulin-dependent diabetes mellitus,0.021100640750724,False,26.0,42.857142857142854,62.5
Pantoprazole,E10,insulin-dependent diabetes mellitus,0.0092596817323381,False,4.0,42.857142857142854,50.0
Eletriptan,E10,insulin-dependent diabetes mellitus,0.0383259659971864,False,0.0,0.0,12.5
Glimepiride,E10,insulin-dependent diabetes mellitus,0.0011708501841552,False,93.0,100.0,100.0
Indinavir,E10,insulin-dependent diabetes mellitus,0.0383259659971864,False,4.0,14.285714285714286,62.5
Lovastatin,E10,insulin-dependent diabetes mellitus,0.0046012938200284,False,91.0,57.142857142857146,87.5
Dapsone,E10,insulin-dependent diabetes mellitus,0.0024907877488851,False,19.0,100.0,87.5
Sulfanilamide,E10,insulin-dependent diabetes mellitus,0.0041602800528828,False,78.0,57.142857142857146,75.0
Sulfisoxazole,E10,insulin-dependent diabetes mellitus,0.0408219530604627,False,0.0,14.285714285714286,12.5
Venlafaxine,E10,insulin-dependent diabetes mellitus,0.0165887590302037,False,4.0,14.285714285714286,25.0
Valproic Acid,E10,insulin-dependent diabetes mellitus,0.0037041585086793,False,36.0,28.571428571428573,62.5
Gefitinib,E10,insulin-dependent diabetes mellitus,0.021100640750724,False,0.0,42.857142857142854,62.5
Indomethacin,E10,insulin-dependent diabetes mellitus,0.0017353098800806,False,99.0,71.42857142857143,50.0
Omeprazole,E10,insulin-dependent diabetes mellitus,0.0454421550559565,False,12.0,28.571428571428573,50.0
Diltiazem,E10,insulin-dependent diabetes mellitus,0.0127006939681155,False,18.0,28.571428571428573,62.5
Trimethadione,E10,insulin-dependent diabetes mellitus,0.0041602800528828,False,0.0,57.142857142857146,75.0
Rosiglitazone,E10,insulin-dependent diabetes mellitus,0.0031097226321835,False,192.0,85.71428571428571,50.0
Zolpidem,E10,insulin-dependent diabetes mellitus,0.0322276442361732,False,2.0,28.571428571428573,50.0
Cerivastatin,E10,insulin-dependent diabetes mellitus,0.0019607618744457,False,1.0,57.142857142857146,87.5
Teniposide,E10,insulin-dependent diabetes mellitus,0.0064571734569483,False,0.0,57.142857142857146,87.5
Chloramphenicol,E10,insulin-dependent diabetes mellitus,0.0263246437012709,False,19.0,28.571428571428573,62.5
Lansoprazole,E10,insulin-dependent diabetes mellitus,0.0383259659971864,False,4.0,28.571428571428573,62.5
Loratadine,E10,insulin-dependent diabetes mellitus,0.0092596817323381,False,0.0,42.857142857142854,50.0
Dronabinol,E10,insulin-dependent diabetes mellitus,0.0165887590302037,False,5.0,85.71428571428571,62.5
Celecoxib,E10,insulin-dependent diabetes mellitus,0.0263246437012709,False,7.0,14.285714285714286,25.0
Cisplatin,E10,insulin-dependent diabetes mellitus,0.0266973025279406,False,9.0,28.571428571428573,62.5
Cyclophosphamide,E10,insulin-dependent diabetes mellitus,0.021100640750724,False,292.0,28.571428571428573,62.5
Rofecoxib,E10,insulin-dependent diabetes mellitus,0.0092596817323381,False,1.0,85.71428571428571,37.5
Zafirlukast,E10,insulin-dependent diabetes mellitus,0.0127006939681155,False,0.0,57.142857142857146,12.5
Fenoprofen,E10,insulin-dependent diabetes mellitus,0.0024286922654343,False,1.0,100.0,87.5
Valdecoxib,E10,insulin-dependent diabetes mellitus,0.0001278679966049,False,1.0,100.0,100.0
Voriconazole,E10,insulin-dependent diabetes mellitus,0.0165887590302037,False,9.0,71.42857142857143,62.5
Diclofenac,E10,insulin-dependent diabetes mellitus,0.0194170036866856,False,11.0,28.571428571428573,25.0
Cisapride,E10,insulin-dependent diabetes mellitus,0.0383259659971864,False,32.0,14.285714285714286,62.5
Efavirenz,E10,insulin-dependent diabetes mellitus,0.0263246437012709,False,2.0,28.571428571428573,62.5
Simvastatin,E10,insulin-dependent diabetes mellitus,0.0046012938200284,False,90.0,57.142857142857146,87.5
Epinephrine,E10,insulin-dependent diabetes mellitus,0.0046012938200284,False,833.0,57.142857142857146,87.5
Chlorpropamide,E10,insulin-dependent diabetes mellitus,0.0064571734569483,False,150.0,100.0,75.0
Aprepitant,E10,insulin-dependent diabetes mellitus,0.0064571734569483,False,1.0,57.142857142857146,87.5
Warfarin,E10,insulin-dependent diabetes mellitus,0.021100640750724,False,17.0,42.857142857142854,62.5
Amprenavir,E10,insulin-dependent diabetes mellitus,0.0165887590302037,False,0.0,28.571428571428573,62.5
Methazolamide,E10,insulin-dependent diabetes mellitus,0.021100640750724,False,0.0,14.285714285714286,12.5
Delavirdine,E10,insulin-dependent diabetes mellitus,0.0127006939681155,False,0.0,28.571428571428573,62.5
Nateglinide,E10,insulin-dependent diabetes mellitus,0.0031097226321835,False,34.0,100.0,87.5
Esomeprazole,E10,insulin-dependent diabetes mellitus,0.0408219530604627,False,1.0,14.285714285714286,12.5
Modafinil,E10,insulin-dependent diabetes mellitus,0.0092596817323381,False,0.0,57.142857142857146,87.5
Carbinoxamine,E10,insulin-dependent diabetes mellitus,0.0092596817323381,False,0.0,42.857142857142854,37.5
Tranylcypromine,E10,insulin-dependent diabetes mellitus,0.0127006939681155,False,2.0,14.285714285714286,12.5
Clopidogrel,E10,insulin-dependent diabetes mellitus,0.0165887590302037,False,29.0,28.571428571428573,62.5
Methimazole,E10,insulin-dependent diabetes mellitus,0.0127006939681155,False,27.0,14.285714285714286,25.0
Phenelzine,E10,insulin-dependent diabetes mellitus,0.0383259659971864,False,2.0,14.285714285714286,50.0
Phenylbutazone,E10,insulin-dependent diabetes mellitus,0.0092596817323381,False,0.0,85.71428571428571,37.5
Meloxicam,E10,insulin-dependent diabetes mellitus,0.0064571734569483,False,2.0,100.0,75.0
Brompheniramine,E10,insulin-dependent diabetes mellitus,0.0322276442361732,False,2.0,14.285714285714286,12.5
Perphenazine,E10,insulin-dependent diabetes mellitus,0.021100640750724,False,2.0,14.285714285714286,12.5
Terbinafine,E10,insulin-dependent diabetes mellitus,0.0165887590302037,False,2.0,57.142857142857146,12.5
Repaglinide,E10,insulin-dependent diabetes mellitus,0.0041602800528828,False,51.0,57.142857142857146,87.5
Felbamate,E10,insulin-dependent diabetes mellitus,0.0064571734569483,False,0.0,57.142857142857146,75.0
Isoniazid,E10,insulin-dependent diabetes mellitus,0.0383259659971864,False,18.0,0.0,12.5
Azelastine,E10,insulin-dependent diabetes mellitus,0.0322276442361732,False,1.0,42.857142857142854,62.5
Oxaprozin,E10,insulin-dependent diabetes mellitus,0.0408219530604627,False,1.0,57.142857142857146,12.5
Tioconazole,E10,insulin-dependent diabetes mellitus,0.0127006939681155,False,0.0,57.142857142857146,12.5
Glyburide,E10,insulin-dependent diabetes mellitus,0.000652401101142,False,600.0,100.0,87.5
Guanfacine,E10,insulin-dependent diabetes mellitus,0.0024286922654343,False,5.0,100.0,87.5
Tolterodine,E10,insulin-dependent diabetes mellitus,0.0127006939681155,False,0.0,57.142857142857146,12.5
Selegiline,E10,insulin-dependent diabetes mellitus,0.0263246437012709,False,2.0,14.285714285714286,25.0
Fenofibrate,E10,insulin-dependent diabetes mellitus,0.0003803486754651,False,50.0,100.0,100.0
Thalidomide,E10,insulin-dependent diabetes mellitus,0.0015128463131631,False,9.0,100.0,100.0
Ibuprofen,E10,insulin-dependent diabetes mellitus,0.0012904013054844,False,15.0,100.0,87.5
Glipizide,E10,insulin-dependent diabetes mellitus,2.3886446077402943e-05,True,154.0,100.0,100.0
Atorvastatin,E10,insulin-dependent diabetes mellitus,0.0103613341748514,False,79.0,57.142857142857146,87.5
Fluvastatin,E10,insulin-dependent diabetes mellitus,0.0046012938200284,False,15.0,57.142857142857146,87.5
Rosuvastatin,E10,insulin-dependent diabetes mellitus,0.003812543328339,False,28.0,57.142857142857146,87.5
Sertraline,E10,insulin-dependent diabetes mellitus,0.0383259659971864,False,13.0,0.0,25.0
Miconazole,E10,insulin-dependent diabetes mellitus,0.0172853531530951,False,2.0,14.285714285714286,25.0
Amiodarone,E10,insulin-dependent diabetes mellitus,0.0046012938200284,False,8.0,57.142857142857146,100.0
Gliclazide,E10,insulin-dependent diabetes mellitus,0.0024286922654343,False,172.0,100.0,100.0
Tolbutamide,E10,insulin-dependent diabetes mellitus,0.0263246437012709,True,313.0,14.285714285714286,25.0
Bicalutamide,E10,insulin-dependent diabetes mellitus,0.0024286922654343,False,1.0,100.0,87.5
Rabeprazole,E10,insulin-dependent diabetes mellitus,0.0127006939681155,False,2.0,42.857142857142854,62.5
Proguanil,E10,insulin-dependent diabetes mellitus,0.0064571734569483,False,1.0,57.142857142857146,75.0
Pioglitazone,E10,insulin-dependent diabetes mellitus,2.8436237973676386e-05,False,201.0,100.0,100.0
Ifosfamide,E10,insulin-dependent diabetes mellitus,0.021100640750724,False,0.0,42.857142857142854,62.5
Gemfibrozil,E10,insulin-dependent diabetes mellitus,0.0002300599497658,False,37.0,100.0,100.0
Lapatinib,E10,insulin-dependent diabetes mellitus,0.0092596817323381,False,0.0,57.142857142857146,87.5
Hydralazine,E10,insulin-dependent diabetes mellitus,0.0408219530604627,False,21.0,14.285714285714286,12.5
Lumiracoxib,E10,insulin-dependent diabetes mellitus,0.0041602800528828,False,0.0,100.0,75.0
Glucosamine,E10,insulin-dependent diabetes mellitus,0.0064571734569483,False,96.0,85.71428571428571,75.0
Fosphenytoin,E10,insulin-dependent diabetes mellitus,0.0041602800528828,False,0.0,57.142857142857146,87.5
Cefazolin,E10,insulin-dependent diabetes mellitus,0.0383259659971864,False,6.0,0.0,12.5
Bezafibrate,E10,insulin-dependent diabetes mellitus,0.021100640750724,False,39.0,42.857142857142854,62.5
Ginseng,E10,insulin-dependent diabetes mellitus,0.0408219530604627,False,42.0,14.285714285714286,12.5
Pranlukast,E10,insulin-dependent diabetes mellitus,0.0127006939681155,False,0.0,14.285714285714286,50.0
Acenocoumarol,E10,insulin-dependent diabetes mellitus,0.0064571734569483,False,1.0,57.142857142857146,87.5
Aminophenazone,E10,insulin-dependent diabetes mellitus,0.0165887590302037,False,6.0,14.285714285714286,12.5
Antipyrine,E10,insulin-dependent diabetes mellitus,0.0015128463131631,False,23.0,100.0,75.0
Zinc,E10,insulin-dependent diabetes mellitus,0.0038487105925967,False,0.0,14.285714285714286,25.0
Lopinavir,E10,insulin-dependent diabetes mellitus,0.0127006939681155,False,2.0,14.285714285714286,25.0
Etoricoxib,E10,insulin-dependent diabetes mellitus,0.0001278679966049,False,0.0,100.0,100.0
Topiroxostat,E10,insulin-dependent diabetes mellitus,0.0322276442361732,False,0.0,42.857142857142854,62.5
Resveratrol,E10,insulin-dependent diabetes mellitus,0.0266973025279406,False,86.0,85.71428571428571,87.5
Doconexent,E10,insulin-dependent diabetes mellitus,0.0092596817323381,False,0.0,42.857142857142854,62.5
Oleic Acid,E10,insulin-dependent diabetes mellitus,0.0263246437012709,False,0.0,14.285714285714286,25.0
Maraviroc,E10,insulin-dependent diabetes mellitus,0.0175857846458088,False,1.0,57.142857142857146,75.0
Clevidipine,E10,insulin-dependent diabetes mellitus,0.021100640750724,False,0.0,100.0,100.0
Ospemifene,E10,insulin-dependent diabetes mellitus,0.0041602800528828,False,0.0,57.142857142857146,75.0
Trabectedin,E10,insulin-dependent diabetes mellitus,0.0041602800528828,False,0.0,100.0,75.0
Brivaracetam,E10,insulin-dependent diabetes mellitus,0.0041602800528828,False,0.0,57.142857142857146,75.0
Apremilast,E10,insulin-dependent diabetes mellitus,2.9850422168902545e-06,False,0.0,100.0,100.0
Abiraterone,E10,insulin-dependent diabetes mellitus,0.021100640750724,False,0.0,14.285714285714286,25.0
Prasugrel,E10,insulin-dependent diabetes mellitus,0.0064571734569483,False,8.0,57.142857142857146,87.5
Sitaxentan,E10,insulin-dependent diabetes mellitus,0.0024286922654343,False,0.0,100.0,87.5
Rilonacept,E10,insulin-dependent diabetes mellitus,0.0408219530604627,False,4.0,14.285714285714286,12.5
Armodafinil,E10,insulin-dependent diabetes mellitus,0.0064571734569483,False,0.0,57.142857142857146,87.5
Etravirine,E10,insulin-dependent diabetes mellitus,0.0041602800528828,False,0.0,57.142857142857146,87.5
Apixaban,E10,insulin-dependent diabetes mellitus,0.0165887590302037,False,3.0,28.571428571428573,62.5
Artemether,E10,insulin-dependent diabetes mellitus,0.0041602800528828,False,5.0,57.142857142857146,87.5
Nilvadipine,E10,insulin-dependent diabetes mellitus,0.0322276442361732,False,2.0,100.0,100.0
Lornoxicam,E10,insulin-dependent diabetes mellitus,0.0408219530604627,False,1.0,57.142857142857146,12.5
Aceclofenac,E10,insulin-dependent diabetes mellitus,0.0408219530604627,False,0.0,57.142857142857146,12.5
Ketobemidone,E10,insulin-dependent diabetes mellitus,0.021100640750724,False,0.0,28.571428571428573,12.5
Seratrodast,E10,insulin-dependent diabetes mellitus,0.0127006939681155,False,0.0,57.142857142857146,12.5
Parecoxib,E10,insulin-dependent diabetes mellitus,0.0011708501841552,False,0.0,100.0,100.0
Vismodegib,E10,insulin-dependent diabetes mellitus,0.0127006939681155,False,0.0,14.285714285714286,25.0
Tofacitinib,E10,insulin-dependent diabetes mellitus,0.0064571734569483,False,3.0,57.142857142857146,100.0
Enzalutamide,E10,insulin-dependent diabetes mellitus,0.0165887590302037,False,0.0,28.571428571428573,62.5
Pomalidomide,E10,insulin-dependent diabetes mellitus,0.0041602800528828,False,0.0,57.142857142857146,87.5
Luliconazole,E10,insulin-dependent diabetes mellitus,0.0408219530604627,False,0.0,14.285714285714286,12.5
Clinofibrate,E10,insulin-dependent diabetes mellitus,0.0408219530604627,False,1.0,14.285714285714286,12.5
Cannabidiol,E10,insulin-dependent diabetes mellitus,2.1595987320806057e-05,False,14.0,100.0,87.5
Vortioxetine,E10,insulin-dependent diabetes mellitus,0.0383259659971864,False,0.0,14.285714285714286,62.5
Stiripentol,E10,insulin-dependent diabetes mellitus,0.0092596817323381,False,0.0,42.857142857142854,37.5
Eslicarbazepine acetate,E10,insulin-dependent diabetes mellitus,0.0408219530604627,False,0.0,14.285714285714286,12.5
Lobeglitazone,E10,insulin-dependent diabetes mellitus,0.0064571734569483,False,2.0,57.142857142857146,87.5
Polaprezinc,E10,insulin-dependent diabetes mellitus,0.0024907877488851,False,1.0,85.71428571428571,87.5
Manidipine,E10,insulin-dependent diabetes mellitus,0.0127006939681155,False,3.0,100.0,100.0
Lumacaftor,E10,insulin-dependent diabetes mellitus,0.0092596817323381,False,1.0,42.857142857142854,50.0
Ixazomib,E10,insulin-dependent diabetes mellitus,0.0064571734569483,False,0.0,57.142857142857146,75.0
Foreskin fibroblast (neonatal),E10,insulin-dependent diabetes mellitus,0.0008224117567084,False,0.0,100.0,100.0
Foreskin keratinocyte (neonatal),E10,insulin-dependent diabetes mellitus,0.0011256011904873,False,0.0,100.0,100.0
Omega-3 fatty acids,E10,insulin-dependent diabetes mellitus,0.0024286922654343,False,230.0,100.0,87.5
Asunaprevir,E10,insulin-dependent diabetes mellitus,0.021100640750724,False,0.0,28.571428571428573,62.5
Rupatadine,E10,insulin-dependent diabetes mellitus,0.0041602800528828,False,1.0,57.142857142857146,75.0
Isavuconazole,E10,insulin-dependent diabetes mellitus,0.0005336666515017,False,5.0,100.0,87.5
Curcumin,E10,insulin-dependent diabetes mellitus,0.0322276442361732,False,49.0,57.142857142857146,62.5
Apalutamide,E10,insulin-dependent diabetes mellitus,0.0322276442361732,False,0.0,14.285714285714286,12.5
Binimetinib,E10,insulin-dependent diabetes mellitus,0.0002300599497658,False,1.0,100.0,100.0
Isoflavone,E10,insulin-dependent diabetes mellitus,0.0175857846458088,False,51.0,57.142857142857146,75.0
Troleandomycin,E10,insulin-dependent diabetes mellitus,0.0322276442361732,False,0.0,28.571428571428573,62.5
Ferrous sulfate,E10,insulin-dependent diabetes mellitus,0.008997936581668,False,2.0,100.0,100.0
Bioallethrin,E10,insulin-dependent diabetes mellitus,0.0322276442361732,False,0.0,57.142857142857146,75.0
Piperaquine,E10,insulin-dependent diabetes mellitus,0.0024286922654343,False,0.0,100.0,87.5
Fish oil,E10,insulin-dependent diabetes mellitus,0.0127006939681155,False,250.0,100.0,100.0
Nabiximols,E10,insulin-dependent diabetes mellitus,1.6843599440589598e-05,False,0.0,100.0,87.5
Acetyl sulfisoxazole,E10,insulin-dependent diabetes mellitus,0.0408219530604627,False,0.0,14.285714285714286,12.5
Glucagon recombinant,E11,non-insulin-dependent diabetes mellitus,0.0408219530604627,False,588.0,20.0,0.0
D-glucose,E11,non-insulin-dependent diabetes mellitus,0.0031097226321835,False,96620.0,60.0,80.0
Resveratrol,E11,non-insulin-dependent diabetes mellitus,0.0266973025279406,False,326.0,100.0,100.0
Doconexent,E11,non-insulin-dependent diabetes mellitus,0.0092596817323381,False,0.0,40.0,60.0
Liraglutide,E11,non-insulin-dependent diabetes mellitus,0.0408219530604627,False,2560.0,40.0,0.0
Clinofibrate,E11,non-insulin-dependent diabetes mellitus,0.0408219530604627,False,1.0,20.0,0.0
Polaprezinc,E11,non-insulin-dependent diabetes mellitus,0.0024907877488851,False,0.0,80.0,100.0
Glucose,E11,non-insulin-dependent diabetes mellitus,0.0019607618744457,False,96621.0,80.0,80.0
Fludeoxyglucose F-18,E11,non-insulin-dependent diabetes mellitus,0.0322276442361732,False,154.0,20.0,0.0
Foreskin keratinocyte (neonatal),E11,non-insulin-dependent diabetes mellitus,0.0263246437012709,False,0.0,80.0,80.0
Omega-3 fatty acids,E11,non-insulin-dependent diabetes mellitus,0.0024286922654343,False,851.0,80.0,100.0
Binimetinib,E11,non-insulin-dependent diabetes mellitus,0.0092596817323381,False,0.0,60.0,60.0
Isoflavone,E11,non-insulin-dependent diabetes mellitus,0.0175857846458088,False,204.0,60.0,80.0
Glycyrrhizic acid,E11,non-insulin-dependent diabetes mellitus,0.0127006939681155,False,12.0,60.0,60.0
Semaglutide,E11,non-insulin-dependent diabetes mellitus,0.0092596817323381,False,1791.0,60.0,60.0
Fish oil,E11,non-insulin-dependent diabetes mellitus,0.0127006939681155,False,822.0,80.0,100.0
NADH,E13,specified diabetes mellitus,1.279627371628463e-33,False,2.0,100.0,100.0
NADH,E14,diabetes mellitus,7.198444847171926e-29,False,1612.0,100.0,100.0
Fluvoxamine,E14,diabetes mellitus,0.0086105765813181,False,31.0,100.0,100.0
Fluconazole,E14,diabetes mellitus,0.0176072053047043,False,339.0,100.0,100.0
Sildenafil,E14,diabetes mellitus,0.0086105765813181,False,351.0,100.0,100.0
Ticlopidine,E14,diabetes mellitus,0.035771602294568,False,0.0,100.0,100.0
Glimepiride,E14,diabetes mellitus,0.0209691324110275,True,1249.0,100.0,100.0
Lovastatin,E14,diabetes mellitus,0.0246839020917578,False,747.0,100.0,100.0
Dapsone,E14,diabetes mellitus,0.0117012881840737,False,78.0,100.0,100.0
Gefitinib,E14,diabetes mellitus,0.0028882843619342,False,12.0,100.0,100.0
Diltiazem,E14,diabetes mellitus,0.0176072053047043,False,142.0,100.0,100.0
Amlodipine,E14,diabetes mellitus,0.0061005668694668,False,510.0,100.0,100.0
Nimodipine,E14,diabetes mellitus,0.0478478730057056,False,31.0,100.0,100.0
Nisoldipine,E14,diabetes mellitus,0.0257199844266131,False,49.0,100.0,100.0
Alprazolam,E14,diabetes mellitus,0.0417443381760346,False,16.0,100.0,100.0
Cerivastatin,E14,diabetes mellitus,0.0086105765813181,False,44.0,100.0,100.0
Teniposide,E14,diabetes mellitus,0.0067139677843079,False,0.0,100.0,100.0
Chloramphenicol,E14,diabetes mellitus,0.0478478730057056,False,143.0,100.0,100.0
Quinine,E14,diabetes mellitus,0.0246839020917578,False,53.0,100.0,100.0
Dronabinol,E14,diabetes mellitus,0.0257199844266131,False,35.0,100.0,100.0
Flutamide,E14,diabetes mellitus,0.0176072053047043,False,15.0,100.0,100.0
Haloperidol,E14,diabetes mellitus,0.0246839020917578,False,124.0,100.0,100.0
Cyclophosphamide,E14,diabetes mellitus,0.035771602294568,False,592.0,100.0,100.0
Propranolol,E14,diabetes mellitus,0.0117012881840737,False,0.0,100.0,100.0
Fenoprofen,E14,diabetes mellitus,0.0417443381760346,False,3.0,100.0,100.0
Valdecoxib,E14,diabetes mellitus,0.0067139677843079,False,3.0,100.0,100.0
Voriconazole,E14,diabetes mellitus,0.0257199844266131,False,205.0,100.0,100.0
Nicardipine,E14,diabetes mellitus,0.0118487737690872,False,0.0,100.0,100.0
Efavirenz,E14,diabetes mellitus,0.0478478730057056,False,47.0,100.0,100.0
Simvastatin,E14,diabetes mellitus,0.0246839020917578,False,922.0,100.0,100.0
Verapamil,E14,diabetes mellitus,0.0282597266355466,False,339.0,100.0,100.0
Aprepitant,E14,diabetes mellitus,0.0067139677843079,False,8.0,100.0,100.0
Losartan,E14,diabetes mellitus,0.0196188508311493,False,898.0,100.0,100.0
Warfarin,E14,diabetes mellitus,0.035771602294568,False,696.0,100.0,100.0
Eplerenone,E14,diabetes mellitus,0.0417443381760346,False,169.0,100.0,100.0
Amprenavir,E14,diabetes mellitus,0.0257199844266131,False,0.0,100.0,100.0
Delavirdine,E14,diabetes mellitus,0.0176072053047043,False,1.0,100.0,100.0
Nateglinide,E14,diabetes mellitus,0.0153423265235748,True,348.0,100.0,100.0
Pentamidine,E14,diabetes mellitus,0.0176072053047043,False,67.0,100.0,100.0
Modafinil,E14,diabetes mellitus,0.0114376532048675,False,10.0,100.0,100.0
Clopidogrel,E14,diabetes mellitus,0.0257199844266131,False,942.0,100.0,100.0
Granisetron,E14,diabetes mellitus,0.0417443381760346,False,5.0,100.0,100.0
Azelastine,E14,diabetes mellitus,0.0062167820333468,False,3.0,100.0,100.0
Ramelteon,E14,diabetes mellitus,0.0417443381760346,False,0.0,100.0,100.0
Guanfacine,E14,diabetes mellitus,0.0417443381760346,False,15.0,100.0,100.0
Felodipine,E14,diabetes mellitus,0.0377648281294566,False,55.0,100.0,100.0
Ketoconazole,E14,diabetes mellitus,0.0241300698139872,False,114.0,100.0,100.0
Fenofibrate,E14,diabetes mellitus,0.0176072053047043,False,806.0,100.0,100.0
Thalidomide,E14,diabetes mellitus,0.0062167820333468,False,63.0,100.0,100.0
Ibuprofen,E14,diabetes mellitus,0.020490336258003,False,107.0,100.0,100.0
Nitrendipine,E14,diabetes mellitus,0.0478478730057056,False,89.0,100.0,100.0
Melatonin,E14,diabetes mellitus,0.0246839020917578,False,823.0,100.0,100.0
Glipizide,E14,diabetes mellitus,0.0015088903929475,True,712.0,100.0,100.0
Atorvastatin,E14,diabetes mellitus,0.0095235462929766,False,1111.0,100.0,100.0
Fluvastatin,E14,diabetes mellitus,0.0027965851621589,False,137.0,100.0,100.0
Rosuvastatin,E14,diabetes mellitus,0.0196188508311493,False,461.0,100.0,100.0
Nifedipine,E14,diabetes mellitus,0.0095235462929766,False,441.0,100.0,100.0
Amiodarone,E14,diabetes mellitus,0.0027965851621589,False,131.0,100.0,100.0
Gliclazide,E14,diabetes mellitus,0.0015088903929475,False,1038.0,100.0,100.0
Bicalutamide,E14,diabetes mellitus,0.0417443381760346,False,8.0,100.0,100.0
Rabeprazole,E14,diabetes mellitus,0.0176072053047043,False,11.0,100.0,100.0
Pioglitazone,E14,diabetes mellitus,0.0042943562572989,True,3270.0,100.0,100.0
Ifosfamide,E14,diabetes mellitus,0.035771602294568,False,6.0,100.0,100.0
Gemfibrozil,E14,diabetes mellitus,0.0114376532048675,False,213.0,100.0,100.0
Bezafibrate,E14,diabetes mellitus,0.035771602294568,True,206.0,100.0,100.0
Etoricoxib,E14,diabetes mellitus,0.0067139677843079,False,2.0,100.0,100.0
D-glucose,E14,diabetes mellitus,0.0153423265235748,False,210031.0,100.0,100.0
Resveratrol,E14,diabetes mellitus,0.0009050028170043,False,921.0,100.0,100.0
Clevidipine,E14,diabetes mellitus,0.0028882843619342,False,0.0,100.0,100.0
Romidepsin,E14,diabetes mellitus,0.0478478730057056,False,2.0,100.0,100.0
Sitaxentan,E14,diabetes mellitus,0.0417443381760346,False,3.0,100.0,100.0
Dapagliflozin,E14,diabetes mellitus,0.035771602294568,True,2547.0,100.0,100.0
Armodafinil,E14,diabetes mellitus,0.0067139677843079,False,10.0,100.0,100.0
Apixaban,E14,diabetes mellitus,0.0257199844266131,False,89.0,100.0,100.0
Artemether,E14,diabetes mellitus,0.0035058920389023,False,17.0,100.0,100.0
Nilvadipine,E14,diabetes mellitus,0.0062167820333468,False,10.0,100.0,100.0
Hydroxyprogesterone caproate,E14,diabetes mellitus,0.0209691324110275,False,13.0,100.0,100.0
Parecoxib,E14,diabetes mellitus,0.0209691324110275,False,1.0,100.0,100.0
Enzalutamide,E14,diabetes mellitus,0.0257199844266131,False,15.0,100.0,100.0
Cannabidiol,E14,diabetes mellitus,0.0017043680600652,False,69.0,100.0,100.0
Benidipine,E14,diabetes mellitus,0.0417443381760346,False,23.0,100.0,100.0
Manidipine,E14,diabetes mellitus,0.0010612331792284,False,36.0,100.0,100.0
Omega-3 fatty acids,E14,diabetes mellitus,0.0417443381760346,False,1672.0,100.0,100.0
Asunaprevir,E14,diabetes mellitus,0.035771602294568,False,1.0,100.0,100.0
Isavuconazole,E14,diabetes mellitus,0.000874482295046,False,47.0,100.0,100.0
Piperaquine,E14,diabetes mellitus,0.0417443381760346,False,0.0,100.0,100.0
Fish oil,E14,diabetes mellitus,0.0176072053047043,False,1671.0,100.0,100.0
Nabiximols,E14,diabetes mellitus,0.001298526429611,False,1.0,100.0,100.0
Glimepiride,E16,disorders of pancreatic internal secretion,2.0213444829309832e-05,False,7.0,100.0,100.0
Ibutilide,E16,disorders of pancreatic internal secretion,0.0287647208985306,False,0.0,0.0,0.0
Verapamil,E16,disorders of pancreatic internal secretion,0.0131102769783725,False,2.0,57.142857142857146,87.5
Chlorpropamide,E16,disorders of pancreatic internal secretion,0.0160108410930068,False,0.0,100.0,75.0
Glyburide,E16,disorders of pancreatic internal secretion,0.0032485951279605,False,5.0,100.0,87.5
Fenofibrate,E16,disorders of pancreatic internal secretion,0.0240528395542972,False,6.0,100.0,100.0
Thalidomide,E16,disorders of pancreatic internal secretion,0.0436682328723327,False,2.0,100.0,100.0
Glipizide,E16,disorders of pancreatic internal secretion,0.0089864785915599,False,1.0,100.0,100.0
Gliclazide,E16,disorders of pancreatic internal secretion,0.0089864785915599,False,1.0,100.0,100.0
Tolbutamide,E16,disorders of pancreatic internal secretion,0.0384197193419097,False,1.0,14.285714285714286,37.5
Pioglitazone,E16,disorders of pancreatic internal secretion,0.0384197193419097,False,12.0,100.0,100.0
Thiamylal,E16,disorders of pancreatic internal secretion,0.0060011779696427,False,0.0,0.0,12.5
Gemfibrozil,E16,disorders of pancreatic internal secretion,0.0198682044808521,False,1.0,100.0,100.0
Pranlukast,E16,disorders of pancreatic internal secretion,0.0240528395542972,False,0.0,14.285714285714286,37.5
Doconexent,E16,disorders of pancreatic internal secretion,0.0198682044808521,False,0.0,42.857142857142854,50.0
Clevidipine,E16,disorders of pancreatic internal secretion,0.0336246622450487,False,0.0,100.0,100.0
Nilvadipine,E16,disorders of pancreatic internal secretion,0.0436682328723327,False,0.0,100.0,100.0
Manidipine,E16,disorders of pancreatic internal secretion,0.0240528395542972,False,0.0,100.0,100.0
Foreskin keratinocyte (neonatal),E16,disorders of pancreatic internal secretion,0.0384197193419097,False,0.0,100.0,100.0
Thimerosal,E16,disorders of pancreatic internal secretion,0.0198682044808521,False,0.0,0.0,0.0
Isavuconazole,E16,disorders of pancreatic internal secretion,0.0028987925437147,False,0.0,100.0,87.5
Binimetinib,E16,disorders of pancreatic internal secretion,0.0198682044808521,False,0.0,100.0,100.0
Bioallethrin,E16,disorders of pancreatic internal secretion,0.0436682328723327,False,0.0,57.142857142857146,75.0
Fish oil,E16,disorders of pancreatic internal secretion,0.0240528395542972,False,0.0,100.0,100.0
Ziprasidone,E22,hyperfunction of pituitary gland,0.0101127548981574,False,0.0,0.0,0.0
Cabergoline,E22,hyperfunction of pituitary gland,0.0042610090769946,False,1.0,0.0,0.0
Ropinirole,E22,hyperfunction of pituitary gland,0.0025259255066851,False,0.0,100.0,0.0
Olanzapine,E22,hyperfunction of pituitary gland,0.0009005088406268,False,0.0,0.0,0.0
Clozapine,E22,hyperfunction of pituitary gland,0.0008281917965029,False,0.0,100.0,0.0
Sulpiride,E22,hyperfunction of pituitary gland,0.0124992118585998,False,0.0,0.0,0.0
Loxapine,E22,hyperfunction of pituitary gland,0.0119235243791387,False,0.0,0.0,0.0
Remoxipride,E22,hyperfunction of pituitary gland,0.0001418473498615,False,0.0,100.0,0.0
Pramipexole,E22,hyperfunction of pituitary gland,0.0021991925343295,False,0.0,0.0,0.0
Chlorpromazine,E22,hyperfunction of pituitary gland,0.0002751424883956,False,2.0,100.0,0.0
Buspirone,E22,hyperfunction of pituitary gland,0.0219375654720698,False,0.0,100.0,0.0
Haloperidol,E22,hyperfunction of pituitary gland,0.0029043437048704,False,0.0,100.0,0.0
Triflupromazine,E22,hyperfunction of pituitary gland,0.0219375654720698,False,0.0,0.0,0.0
Amoxapine,E22,hyperfunction of pituitary gland,0.0053177407908438,False,0.0,0.0,0.0
Lisuride,E22,hyperfunction of pituitary gland,0.0025259255066851,False,0.0,100.0,0.0
Fluphenazine,E22,hyperfunction of pituitary gland,0.0395097543349019,False,0.0,100.0,0.0
Apomorphine,E22,hyperfunction of pituitary gland,0.0021991925343295,False,0.0,0.0,0.0
Risperidone,E22,hyperfunction of pituitary gland,0.0033411806281208,False,0.0,0.0,0.0
Trifluoperazine,E22,hyperfunction of pituitary gland,0.0395097543349019,False,0.0,0.0,0.0
Flupentixol,E22,hyperfunction of pituitary gland,0.0219375654720698,False,0.0,0.0,0.0
Dopamine,E22,hyperfunction of pituitary gland,0.0079197998360964,False,9.0,100.0,0.0
Pimozide,E22,hyperfunction of pituitary gland,0.0010398408410949,False,0.0,100.0,0.0
Domperidone,E22,hyperfunction of pituitary gland,0.0006392216506744,False,0.0,100.0,0.0
Pergolide,E22,hyperfunction of pituitary gland,0.0033411806281208,False,0.0,0.0,0.0
Bromocriptine,E22,hyperfunction of pituitary gland,8.596264061929337e-05,False,4.0,0.0,0.0
Quetiapine,E22,hyperfunction of pituitary gland,0.0003901852864458,False,0.0,0.0,0.0
Levodopa,E22,hyperfunction of pituitary gland,0.0008269529577542,False,0.0,100.0,0.0
Aripiprazole,E22,hyperfunction of pituitary gland,0.0093205163659703,False,0.0,0.0,0.0
Chlorprothixene,E22,hyperfunction of pituitary gland,0.0012816134640047,False,0.0,0.0,0.0
Paliperidone,E22,hyperfunction of pituitary gland,0.0029043437048704,False,0.0,0.0,0.0
Methotrimeprazine,E22,hyperfunction of pituitary gland,0.0047345193339608,False,0.0,0.0,0.0
Iloperidone,E22,hyperfunction of pituitary gland,0.0025259255066851,False,0.0,100.0,0.0
Rotigotine,E22,hyperfunction of pituitary gland,0.0006392216506744,False,0.0,100.0,0.0
Cariprazine,E22,hyperfunction of pituitary gland,0.0275723424019095,False,0.0,0.0,0.0
Asenapine,E22,hyperfunction of pituitary gland,0.0059348912325312,False,0.0,0.0,0.0
Amisulpride,E22,hyperfunction of pituitary gland,0.0083825584562548,False,0.0,0.0,0.0
Perospirone,E22,hyperfunction of pituitary gland,0.0395097543349019,False,0.0,100.0,0.0
Blonanserin,E22,hyperfunction of pituitary gland,0.0124992118585998,False,0.0,0.0,0.0
Pipamperone,E22,hyperfunction of pituitary gland,0.0003429996045681,False,0.0,0.0,0.0
Dihydro-alpha-ergocryptine,E22,hyperfunction of pituitary gland,0.0083825584562548,False,0.0,0.0,0.0
Tiapride,E22,hyperfunction of pituitary gland,0.0124992118585998,False,0.0,0.0,0.0
Aripiprazole lauroxil,E22,hyperfunction of pituitary gland,0.0093205163659703,False,0.0,0.0,0.0
Desmopressin,E23,hypofunction and disorders of pituitary gland,0.0005046058291688,True,114.0,0.0,0.0
Vasopressin,E23,hypofunction and disorders of pituitary gland,0.0002343487185173,True,425.0,100.0,0.0
Conivaptan,E23,hypofunction and disorders of pituitary gland,0.0150500333028011,False,2.0,100.0,0.0
Terlipressin,E23,hypofunction and disorders of pituitary gland,7.164364834408563e-05,False,0.0,100.0,0.0
Tolvaptan,E23,hypofunction and disorders of pituitary gland,0.0255470909453314,False,4.0,100.0,0.0
Atosiban,E23,hypofunction and disorders of pituitary gland,0.0002343487185173,False,0.0,0.0,0.0
Etomidate,E24,cushing's syndrome,0.0133328735053408,False,81.0,0.0,0.0
Megestrol acetate,E24,cushing's syndrome,0.0037492806593569,False,11.0,0.0,0.0
Progesterone,E24,cushing's syndrome,0.0058244621365469,False,296.0,0.0,100.0
Spironolactone,E24,cushing's syndrome,1.0028168433012374e-05,False,95.0,0.0,0.0
Fluticasone propionate,E24,cushing's syndrome,0.0212475057418352,False,80.0,0.0,0.0
Mitotane,E24,cushing's syndrome,0.0212475057418352,True,336.0,0.0,0.0
Hydrocortisone,E24,cushing's syndrome,0.0014754808762593,False,4126.0,0.0,100.0
Mometasone,E24,cushing's syndrome,0.0037492806593569,False,5.0,0.0,0.0
Mifepristone,E24,cushing's syndrome,0.035771602294568,True,165.0,0.0,0.0
Metyrapone,E24,cushing's syndrome,0.0170754281004329,True,692.0,0.0,0.0
Metoclopramide,E24,cushing's syndrome,0.0003150978817883,False,19.0,0.0,100.0
Dexamethasone,E24,cushing's syndrome,0.0053177407908438,False,2461.0,0.0,100.0
Ulipristal,E24,cushing's syndrome,0.0170754281004329,False,2.0,0.0,0.0
Gestrinone,E24,cushing's syndrome,0.0133328735053408,False,1.0,0.0,0.0
Mitomycin,E25,adrenogenital disorders,0.0458502670625731,False,0.0,0.0,0.0
Etomidate,E26,hyperaldosteronism,0.0327913754875279,False,21.0,50.0,0.0
Metyrapone,E26,hyperaldosteronism,0.04200662932952,False,39.0,0.0,0.0
Menotropins,E28,ovarian dysfunction,0.045076028339839,False,250.0,0.0,0.0
Choriogonadotropin alfa,E28,ovarian dysfunction,0.045076028339839,False,5.0,0.0,0.0
NADH,E28,ovarian dysfunction,1.0172174174734013e-45,False,49.0,0.0,0.0
Levonorgestrel,E28,ovarian dysfunction,0.0009823151446446,False,37.0,0.0,0.0
Progesterone,E28,ovarian dysfunction,0.015337020879385,False,2037.0,0.0,0.0
Testosterone,E28,ovarian dysfunction,0.015337020879385,False,1278.0,0.0,0.0
Estrone,E28,ovarian dysfunction,0.0480025160951662,False,134.0,0.0,0.0
Tamoxifen,E28,ovarian dysfunction,0.0225580652565213,False,128.0,0.0,0.0
Nandrolone phenpropionate,E28,ovarian dysfunction,0.045076028339839,False,0.0,0.0,0.0
Doxorubicin,E28,ovarian dysfunction,0.0225580652565213,False,123.0,0.0,0.0
Melatonin,E28,ovarian dysfunction,0.0024903134410134,False,99.0,0.0,0.0
Trilostane,E28,ovarian dysfunction,0.0050147164602999,False,0.0,0.0,0.0
Fluoxymesterone,E28,ovarian dysfunction,0.0173157131141624,False,0.0,0.0,0.0
Tibolone,E28,ovarian dysfunction,0.0101607594655517,False,5.0,0.0,0.0
Norgestrel,E28,ovarian dysfunction,0.0101607594655517,False,37.0,0.0,0.0
Testosterone cypionate,E28,ovarian dysfunction,0.0019201222191709,False,0.0,0.0,0.0
Testosterone enanthate,E28,ovarian dysfunction,0.0019201222191709,False,6.0,0.0,0.0
Testosterone undecanoate,E28,ovarian dysfunction,0.0019201222191709,False,0.0,0.0,0.0
Cyanocobalamin,E40,kwashiorkor,0.0014868883916653,False,37.0,0.0,0.0
Methionine,E40,kwashiorkor,0.0021023274724569,False,27.0,0.0,0.0
Cyanocobalamin,E46,protein-energy malnutrition,0.0014868883916653,False,65.0,100.0,100.0
Methionine,E46,protein-energy malnutrition,0.0021023274724569,False,75.0,0.0,0.0
Vitamin A,E50,vitamin a deficiency,0.0084427008207022,True,7735.0,0.0,0.0
Valproic Acid,E50,vitamin a deficiency,0.0007547663390771,False,6.0,0.0,0.0
Acetaminophen,E50,vitamin a deficiency,0.0084427008207022,False,0.0,0.0,0.0
Mycophenolate mofetil,E50,vitamin a deficiency,1.3289276285960547e-06,False,0.0,0.0,0.0
Etodolac,E50,vitamin a deficiency,0.0463677363402263,False,0.0,0.0,0.0
Propofol,E50,vitamin a deficiency,0.0068751729961742,False,0.0,0.0,0.0
Mycophenolic acid,E50,vitamin a deficiency,0.0003024841244416,False,0.0,0.0,0.0
Vitamin D,E50,vitamin a deficiency,0.0098151694430376,False,330.0,0.0,0.0
Cyanocobalamin,E53,deficiency of b group vitamins,2.534049305501701e-05,False,2140.0,100.0,66.66666666666667
Hydroxocobalamin,E53,deficiency of b group vitamins,8.88937170074215e-06,False,42.0,100.0,66.66666666666667
Valproic Acid,E53,deficiency of b group vitamins,0.0009446351469852,False,8.0,66.66666666666667,100.0
Acetaminophen,E53,deficiency of b group vitamins,0.0097652298750799,False,3.0,66.66666666666667,100.0
Mycophenolate mofetil,E53,deficiency of b group vitamins,1.821457516084403e-06,False,1.0,100.0,100.0
Propofol,E53,deficiency of b group vitamins,0.0080861215730574,False,1.0,66.66666666666667,66.66666666666667
Mycophenolic acid,E53,deficiency of b group vitamins,0.0003616260293011,False,0.0,100.0,33.333333333333336
Vitamin D,E53,deficiency of b group vitamins,0.0109616863305869,False,1061.0,33.333333333333336,33.333333333333336
Calcitriol,E55,vitamin d deficiency,0.0162483828099703,True,3607.0,0.0,100.0
Calcidiol,E55,vitamin d deficiency,0.0063785038070564,True,2140.0,50.0,100.0
Ergocalciferol,E55,vitamin d deficiency,0.000222869364333,False,1434.0,75.0,100.0
Cholecalciferol,E55,vitamin d deficiency,0.0019469218701915,True,7262.0,50.0,100.0
Valproic Acid,E55,vitamin d deficiency,0.0009446351469852,False,37.0,100.0,100.0
Acetaminophen,E55,vitamin d deficiency,0.0097652298750799,False,4.0,75.0,75.0
Mycophenolate mofetil,E55,vitamin d deficiency,1.821457516084403e-06,False,8.0,100.0,100.0
Propofol,E55,vitamin d deficiency,0.0080861215730574,False,1.0,75.0,75.0
Mycophenolic acid,E55,vitamin d deficiency,0.0003616260293011,False,5.0,75.0,100.0
Alfacalcidol,E55,vitamin d deficiency,5.6694430468698376e-05,False,261.0,100.0,100.0
Vitamin D,E55,vitamin d deficiency,8.42466196170131e-08,False,34566.0,100.0,100.0
Cyanocobalamin,E56,vitamin deficiencies,0.000188473840234,False,10609.0,0.0,0.0
Cholecalciferol,E56,vitamin deficiencies,0.0190110738951611,False,6508.0,0.0,0.0
Hydroxocobalamin,E56,vitamin deficiencies,9.044120612957776e-05,False,300.0,0.0,0.0
Vitamin D,E56,vitamin deficiencies,0.0025608311121563,False,28773.0,0.0,0.0
Cyanocobalamin,E63,nutritional deficiencies,0.008585829995479,False,0.0,0.0,0.0
Methionine,E63,nutritional deficiencies,0.0121266424287296,False,2950.0,0.0,0.0
Fenoprofen,E66,obesity,0.0179201828478142,False,2.0,100.0,100.0
Dobutamine,E66,obesity,0.0179201828478142,False,99.0,100.0,100.0
Clenbuterol,E66,obesity,0.0458502670625731,False,26.0,80.0,83.33333333333333
Omega-3 fatty acids,E66,obesity,0.0179201828478142,False,2498.0,100.0,100.0
L-Phenylalanine,E70,disorders of aromatic amino-acid metabolism,0.0096252274410785,False,10307.0,0.0,0.0
Cupric sulfate,E70,disorders of aromatic amino-acid metabolism,0.0096252274410785,False,12.0,0.0,0.0
Ornithine,E72,disorders of amino-acid metabolism,0.0031178185031227,False,1938.0,0.0,0.0
Gluconolactone,E73,lactose intolerance,0.0336877723922002,False,0.0,0.0,0.0
D-glucose,E74,disorders of carbohydrate metabolism,8.755255606620703e-05,False,8863.0,100.0,100.0
Glucose,E74,disorders of carbohydrate metabolism,0.0031178185031227,False,8864.0,0.0,100.0
Invert sugar,E74,disorders of carbohydrate metabolism,0.013297906332801,False,3.0,0.0,100.0
Chondroitin sulfate,E76,disorders of glycosaminoglycan metabolism,1.3893569312883123e-09,False,1402.0,0.0,0.0
Isradipine,E78,disorders of lipoprotein metabolism and lipidaemias,0.0075604317732158,False,7.0,37.5,50.0
Nimodipine,E78,disorders of lipoprotein metabolism and lipidaemias,0.0008504270302541,False,1.0,87.5,83.33333333333333
Nisoldipine,E78,disorders of lipoprotein metabolism and lipidaemias,0.0136289807394922,False,2.0,50.0,66.66666666666667
Cinnarizine,E78,disorders of lipoprotein metabolism and lipidaemias,0.0028927926145683,False,1.0,75.0,50.0
Verapamil,E78,disorders of lipoprotein metabolism and lipidaemias,0.0477302852153307,False,30.0,37.5,50.0
Ezetimibe,E78,disorders of lipoprotein metabolism and lipidaemias,0.0431553761310349,False,1334.0,12.5,33.333333333333336
Nitrendipine,E78,disorders of lipoprotein metabolism and lipidaemias,0.0212490965460008,False,5.0,25.0,50.0
Dronedarone,E78,disorders of lipoprotein metabolism and lipidaemias,0.0068054213590729,False,0.0,50.0,66.66666666666667
Clevidipine,E78,disorders of lipoprotein metabolism and lipidaemias,0.0006128379497781,False,0.0,100.0,100.0
Nilvadipine,E78,disorders of lipoprotein metabolism and lipidaemias,0.0261253869256966,False,3.0,50.0,50.0
Aranidipine,E78,disorders of lipoprotein metabolism and lipidaemias,0.0001700035095168,False,0.0,100.0,100.0
Tocofersolan,E78,disorders of lipoprotein metabolism and lipidaemias,0.0011280181743868,False,2.0,62.5,83.33333333333333
Azathioprine,E79,disorders of purine and pyrimidine metabolism,0.0013587219023243,False,6975.0,50.0,0.0
Mercaptopurine,E79,disorders of purine and pyrimidine metabolism,0.0038201785120934,False,8533.0,25.0,33.333333333333336
Erythromycin,E80,disorders of porphyrin and bilirubin metabolism,0.0463677363402263,False,36.0,0.0,0.0
Pantoprazole,E80,disorders of porphyrin and bilirubin metabolism,0.0326534257968912,False,3.0,0.0,0.0
Nelfinavir,E80,disorders of porphyrin and bilirubin metabolism,0.0028306052736465,False,10.0,0.0,0.0
Lovastatin,E80,disorders of porphyrin and bilirubin metabolism,0.0037541038891161,False,24.0,0.0,0.0
Morphine,E80,disorders of porphyrin and bilirubin metabolism,0.0020111824271729,False,99.0,0.0,0.0
Valproic Acid,E80,disorders of porphyrin and bilirubin metabolism,9.680828769544446e-11,False,72.0,0.0,0.0
Acetaminophen,E80,disorders of porphyrin and bilirubin metabolism,3.955754402563005e-06,False,386.0,0.0,0.0
Sorafenib,E80,disorders of porphyrin and bilirubin metabolism,0.0092596817323381,False,60.0,0.0,0.0
Entacapone,E80,disorders of porphyrin and bilirubin metabolism,0.0098151694430376,False,5.0,0.0,0.0
Ritonavir,E80,disorders of porphyrin and bilirubin metabolism,0.0054983261720039,False,104.0,0.0,0.0
Lamotrigine,E80,disorders of porphyrin and bilirubin metabolism,0.0048502853923752,False,41.0,0.0,0.0
Simvastatin,E80,disorders of porphyrin and bilirubin metabolism,0.0037541038891161,False,23.0,0.0,0.0
Losartan,E80,disorders of porphyrin and bilirubin metabolism,5.729298916799241e-05,False,20.0,0.0,0.0
Mycophenolate mofetil,E80,disorders of porphyrin and bilirubin metabolism,1.4360253266863283e-10,False,49.0,0.0,0.0
Flurbiprofen,E80,disorders of porphyrin and bilirubin metabolism,0.001067855447087,False,9.0,0.0,0.0
Zileuton,E80,disorders of porphyrin and bilirubin metabolism,0.0260292625758159,False,2.0,0.0,0.0
Etodolac,E80,disorders of porphyrin and bilirubin metabolism,0.0008334963541144,False,5.0,0.0,0.0
Irinotecan,E80,disorders of porphyrin and bilirubin metabolism,0.0037541038891161,False,95.0,0.0,0.0
Estradiol,E80,disorders of porphyrin and bilirubin metabolism,0.0212475057418352,False,293.0,0.0,0.0
Propofol,E80,disorders of porphyrin and bilirubin metabolism,2.6650879414230285e-06,False,49.0,0.0,0.0
Trifluoperazine,E80,disorders of porphyrin and bilirubin metabolism,0.0463677363402263,False,20.0,0.0,0.0
Buprenorphine,E80,disorders of porphyrin and bilirubin metabolism,0.0037541038891161,False,10.0,0.0,0.0
Cyclobenzaprine,E80,disorders of porphyrin and bilirubin metabolism,0.0147727321060433,False,1.0,0.0,0.0
Ezetimibe,E80,disorders of porphyrin and bilirubin metabolism,0.0028306052736465,False,10.0,0.0,0.0
Mycophenolic acid,E80,disorders of porphyrin and bilirubin metabolism,1.4856023384252616e-06,False,42.0,0.0,0.0
Irbesartan,E80,disorders of porphyrin and bilirubin metabolism,0.0326534257968912,False,7.0,0.0,0.0
Rifampicin,E80,disorders of porphyrin and bilirubin metabolism,0.0121383442091414,False,238.0,0.0,0.0
Ibuprofen,E80,disorders of porphyrin and bilirubin metabolism,0.0101127548981574,False,42.0,0.0,0.0
Atazanavir,E80,disorders of porphyrin and bilirubin metabolism,0.0326534257968912,False,119.0,0.0,0.0
Atorvastatin,E80,disorders of porphyrin and bilirubin metabolism,0.0068751729961742,False,38.0,0.0,0.0
Fluvastatin,E80,disorders of porphyrin and bilirubin metabolism,7.067790508060993e-05,False,11.0,0.0,0.0
Gemfibrozil,E80,disorders of porphyrin and bilirubin metabolism,0.0004493637199317,False,10.0,0.0,0.0
Lumiracoxib,E80,disorders of porphyrin and bilirubin metabolism,0.0200138389678666,False,1.0,0.0,0.0
Flunitrazepam,E80,disorders of porphyrin and bilirubin metabolism,0.0042859942064395,False,4.0,0.0,0.0
Ezogabine,E80,disorders of porphyrin and bilirubin metabolism,7.048560671978941e-06,False,3.0,0.0,0.0
Eltrombopag,E80,disorders of porphyrin and bilirubin metabolism,7.016398077141927e-07,False,16.0,0.0,0.0
Nalmefene,E80,disorders of porphyrin and bilirubin metabolism,0.0200138389678666,False,1.0,0.0,0.0
Ambrisentan,E80,disorders of porphyrin and bilirubin metabolism,0.001067855447087,False,1.0,0.0,0.0
Pazopanib,E80,disorders of porphyrin and bilirubin metabolism,0.0037541038891161,False,0.0,0.0,0.0
Axitinib,E80,disorders of porphyrin and bilirubin metabolism,0.0008334963541144,False,4.0,0.0,0.0
Dolutegravir,E80,disorders of porphyrin and bilirubin metabolism,0.0013522334258956,False,10.0,0.0,0.0
Lobeglitazone,E80,disorders of porphyrin and bilirubin metabolism,0.0260292625758159,False,0.0,0.0,0.0
Ertugliflozin,E80,disorders of porphyrin and bilirubin metabolism,0.0004493637199317,False,0.0,0.0,0.0
Binimetinib,E80,disorders of porphyrin and bilirubin metabolism,0.0326534257968912,False,1.0,0.0,0.0
Voxilaprevir,E80,disorders of porphyrin and bilirubin metabolism,0.0326534257968912,False,0.0,0.0,0.0
Letermovir,E80,disorders of porphyrin and bilirubin metabolism,0.0037541038891161,False,0.0,0.0,0.0
Rucaparib,E80,disorders of porphyrin and bilirubin metabolism,0.0068751729961742,False,0.0,0.0,0.0
Enasidenib,E80,disorders of porphyrin and bilirubin metabolism,1.7715723732980526e-08,False,1.0,0.0,0.0
Pibrentasvir,E80,disorders of porphyrin and bilirubin metabolism,0.0003024841244416,False,4.0,0.0,0.0
Glecaprevir,E80,disorders of porphyrin and bilirubin metabolism,0.0003024841244416,False,4.0,0.0,0.0
Estradiol acetate,E80,disorders of porphyrin and bilirubin metabolism,0.0212475057418352,False,22.0,0.0,0.0
Estradiol benzoate,E80,disorders of porphyrin and bilirubin metabolism,0.0212475057418352,False,4.0,0.0,0.0
Estradiol cypionate,E80,disorders of porphyrin and bilirubin metabolism,0.0212475057418352,False,1.0,0.0,0.0
Estradiol dienanthate,E80,disorders of porphyrin and bilirubin metabolism,0.0212475057418352,False,0.0,0.0,0.0
Estradiol valerate,E80,disorders of porphyrin and bilirubin metabolism,0.0212475057418352,False,278.0,0.0,0.0
Etanercept,E84,cystic fibrosis,0.0005890605902605,False,6.0,100.0,100.0
Vitamin E,E84,cystic fibrosis,0.0287398938950695,False,254.0,100.0,100.0
Triamterene,E84,cystic fibrosis,0.0008250628230215,False,0.0,100.0,100.0
Nabumetone,E84,cystic fibrosis,0.0346910486209236,False,0.0,100.0,100.0
Cisplatin,E84,cystic fibrosis,0.0067489847654659,False,28.0,100.0,100.0
Oxaliplatin,E84,cystic fibrosis,0.0016148743083996,False,6.0,100.0,100.0
Amiloride,E84,cystic fibrosis,0.0092596817323381,False,642.0,100.0,100.0
Chloroquine,E84,cystic fibrosis,0.004369894530497,False,0.0,100.0,100.0
Carboplatin,E84,cystic fibrosis,0.016175011393417,False,5.0,100.0,100.0
Thalidomide,E84,cystic fibrosis,0.0114161124438487,False,6.0,100.0,100.0
Clenbuterol,E84,cystic fibrosis,0.0022488213140498,False,0.0,100.0,100.0
Polaprezinc,E84,cystic fibrosis,0.016175011393417,False,0.0,100.0,100.0
Foreskin keratinocyte (neonatal),E84,cystic fibrosis,0.0092596817323381,False,0.0,100.0,100.0
alpha-Tocopherol succinate,E84,cystic fibrosis,0.0287398938950695,False,67.0,100.0,100.0
D-alpha-Tocopherol acetate,E84,cystic fibrosis,0.0287398938950695,False,67.0,100.0,100.0
Zinc,E85,amyloidosis,2.3779988231197374e-06,False,109.0,100.0,0.0
Copper,E85,amyloidosis,1.0177584649056084e-06,False,88.0,100.0,0.0
Doconexent,E88,metabolic disorders,0.0429611766836963,False,0.0,66.66666666666666,0.0
Omega-3 fatty acids,E88,metabolic disorders,0.0195293566166294,False,4996.0,100.0,0.0
Decamethonium,F00,dementia in alzheimer's disease,0.0203762454421303,False,2.0,50.0,100.0
Copper,F01,vascular dementia,0.0087870526499772,False,48.0,0.0,33.333333333333336
Cetuximab,F02,dementia in diseases classified elsewhere,0.0001205849676869,False,0.0,100.0,100.0
Etanercept,F02,dementia in diseases classified elsewhere,0.0002243102874886,False,0.0,100.0,100.0
Adalimumab,F02,dementia in diseases classified elsewhere,0.0001205849676869,False,0.0,100.0,100.0
Abciximab,F02,dementia in diseases classified elsewhere,0.0001867789750576,False,0.0,100.0,100.0
Gemtuzumab ozogamicin,F02,dementia in diseases classified elsewhere,0.0001205849676869,False,0.0,100.0,100.0
Trastuzumab,F02,dementia in diseases classified elsewhere,0.0001867789750576,False,0.0,100.0,100.0
Rituximab,F02,dementia in diseases classified elsewhere,0.0001205849676869,False,0.0,100.0,100.0
Basiliximab,F02,dementia in diseases classified elsewhere,0.0001515921872047,False,0.0,100.0,100.0
Muromonab,F02,dementia in diseases classified elsewhere,0.0002243102874886,False,0.0,100.0,100.0
Ibritumomab tiuxetan,F02,dementia in diseases classified elsewhere,0.0001205849676869,False,0.0,100.0,100.0
Tositumomab,F02,dementia in diseases classified elsewhere,9.444961014918242e-05,False,0.0,100.0,100.0
Alemtuzumab,F02,dementia in diseases classified elsewhere,9.444961014918242e-05,False,0.0,100.0,100.0
Alefacept,F02,dementia in diseases classified elsewhere,9.444961014918242e-05,False,0.0,100.0,100.0
Efalizumab,F02,dementia in diseases classified elsewhere,9.444961014918242e-05,False,0.0,100.0,100.0
Natalizumab,F02,dementia in diseases classified elsewhere,0.0001205849676869,False,0.0,100.0,100.0
Palivizumab,F02,dementia in diseases classified elsewhere,9.444961014918242e-05,False,0.0,100.0,100.0
Bevacizumab,F02,dementia in diseases classified elsewhere,9.444961014918242e-05,False,0.0,100.0,100.0
Zinc,F02,dementia in diseases classified elsewhere,6.529753777167315e-05,False,0.0,0.0,0.0
Copper,F02,dementia in diseases classified elsewhere,0.0002274136551717,False,0.0,0.0,0.0
Glutamic Acid,F03,dementia,8.367292138327177e-05,False,1331.0,100.0,33.333333333333336
Ethopropazine,F03,dementia,0.0346910486209236,False,4.0,100.0,0.0
Pethidine,F03,dementia,3.0288993535401593e-05,False,5.0,100.0,100.0
Pyridostigmine,F03,dementia,0.0346910486209236,False,24.0,0.0,0.0
Isoflurophate,F03,dementia,0.0346910486209236,False,0.0,0.0,0.0
Pralidoxime,F03,dementia,0.0086888384730468,False,2.0,100.0,33.333333333333336
Demecarium,F03,dementia,0.0086888384730468,False,0.0,100.0,33.333333333333336
Felbamate,F03,dementia,0.0022488213140498,False,2.0,100.0,0.0
Rivastigmine,F03,dementia,0.0346910486209236,True,1759.0,100.0,0.0
Edrophonium,F03,dementia,0.0086888384730468,False,14.0,100.0,33.333333333333336
Memantine,F03,dementia,0.0001817396721118,True,2299.0,100.0,100.0
Ambenonium,F03,dementia,0.0086888384730468,False,1.0,100.0,33.333333333333336
Halothane,F03,dementia,0.0497444589862865,False,18.0,100.0,0.0
Orphenadrine,F03,dementia,0.0001817396721118,False,7.0,100.0,66.66666666666667
Neostigmine,F03,dementia,0.0086888384730468,False,33.0,100.0,33.333333333333336
Acetylcysteine,F03,dementia,4.0064536678126555e-06,False,143.0,100.0,66.66666666666667
Ifenprodil,F03,dementia,0.0086888384730468,False,22.0,100.0,33.333333333333336
Amphetamine,F05,delirium,0.0299460072715675,False,68.0,75.0,33.333333333333336
Ziprasidone,F05,delirium,1.5137412729795634e-09,False,53.0,100.0,100.0
Cabergoline,F05,delirium,2.2698398313495558e-10,False,1.0,100.0,100.0
Ropinirole,F05,delirium,8.260891815413109e-11,False,1.0,100.0,100.0
Olanzapine,F05,delirium,8.300708466112327e-09,False,302.0,100.0,100.0
Clozapine,F05,delirium,7.230033010883533e-09,False,107.0,100.0,100.0
Norepinephrine,F05,delirium,0.0006408678200286,False,136.0,100.0,33.333333333333336
Mirtazapine,F05,delirium,4.6541843720945855e-10,False,24.0,100.0,100.0
Sulpiride,F05,delirium,0.0042979903519881,False,25.0,25.0,33.333333333333336
Loxapine,F05,delirium,1.753297252647533e-11,False,13.0,100.0,100.0
Remoxipride,F05,delirium,2.336304115280095e-05,False,2.0,75.0,66.66666666666667
Pramipexole,F05,delirium,5.745961408676424e-11,False,6.0,100.0,100.0
Promazine,F05,delirium,0.0390090874190526,False,17.0,75.0,66.66666666666667
Prazosin,F05,delirium,0.0269126054883881,False,4.0,50.0,33.333333333333336
Imipramine,F05,delirium,0.0037706650553449,False,28.0,75.0,33.333333333333336
Chlorpromazine,F05,delirium,2.361454665162781e-05,False,116.0,100.0,100.0
Brimonidine,F05,delirium,5.865284713902969e-06,False,3.0,100.0,66.66666666666667
Haloperidol,F05,delirium,0.0005582472900042,True,887.0,100.0,66.66666666666667
Nortriptyline,F05,delirium,0.0020111824271729,False,13.0,75.0,66.66666666666667
Amoxapine,F05,delirium,6.507839008463265e-08,False,1.0,75.0,100.0
Lamotrigine,F05,delirium,0.0007314783931883,False,17.0,75.0,33.333333333333336
Clonidine,F05,delirium,0.000409533451447,False,187.0,75.0,66.66666666666667
Lisuride,F05,delirium,8.260891815413109e-11,False,2.0,100.0,100.0
Fluphenazine,F05,delirium,0.0140878922078351,False,15.0,75.0,33.333333333333336
Guanabenz,F05,delirium,0.0016822922042252,False,0.0,100.0,0.0
Trazodone,F05,delirium,0.0212490965460008,False,47.0,75.0,66.66666666666667
Epinephrine,F05,delirium,0.0005582472900042,False,42.0,100.0,100.0
Thioridazine,F05,delirium,0.0188268010789048,False,26.0,75.0,0.0
Ergotamine,F05,delirium,4.1077551302740376e-06,False,13.0,100.0,66.66666666666667
Tizanidine,F05,delirium,1.2862130447498442e-05,False,5.0,100.0,33.333333333333336
Apomorphine,F05,delirium,5.745961408676424e-11,False,9.0,100.0,66.66666666666667
Trimipramine,F05,delirium,6.507839008463265e-08,False,1.0,75.0,100.0
Risperidone,F05,delirium,1.3916082698234448e-10,False,257.0,100.0,100.0
Epinastine,F05,delirium,0.0140878922078351,False,0.0,50.0,33.333333333333336
Propiomazine,F05,delirium,0.0239728934108461,False,0.0,50.0,33.333333333333336
Tolazoline,F05,delirium,2.336304115280095e-05,False,0.0,75.0,66.66666666666667
Fenoldopam,F05,delirium,5.7469843869503194e-05,False,0.0,100.0,100.0
Minaprine,F05,delirium,0.0140878922078351,False,0.0,75.0,66.66666666666667
Pseudoephedrine,F05,delirium,0.0212490965460008,False,2.0,100.0,100.0
Benzphetamine,F05,delirium,0.0077783595357226,False,0.0,25.0,0.0
Flupentixol,F05,delirium,0.0077783595357226,False,3.0,50.0,0.0
Phenoxybenzamine,F05,delirium,0.0001867789750576,False,2.0,75.0,66.66666666666667
Mesoridazine,F05,delirium,0.0016822922042252,False,1.0,75.0,33.333333333333336
Maprotiline,F05,delirium,0.000409533451447,False,4.0,75.0,33.333333333333336
Oxymetazoline,F05,delirium,2.336304115280095e-05,False,1.0,100.0,66.66666666666667
Apraclonidine,F05,delirium,0.0016822922042252,False,0.0,75.0,33.333333333333336
Dopamine,F05,delirium,0.001556844747132,False,322.0,100.0,33.333333333333336
Guanfacine,F05,delirium,0.0042979903519881,False,15.0,50.0,0.0
Promethazine,F05,delirium,0.0269126054883881,False,24.0,50.0,33.333333333333336
Pimozide,F05,delirium,0.0188268010789048,False,4.0,75.0,33.333333333333336
Carvedilol,F05,delirium,0.001556844747132,False,3.0,75.0,66.66666666666667
Doxepin,F05,delirium,2.223963943968855e-07,False,9.0,100.0,100.0
Nefazodone,F05,delirium,0.000409533451447,False,3.0,75.0,66.66666666666667
Desipramine,F05,delirium,0.0023506354308989,False,9.0,75.0,66.66666666666667
Domperidone,F05,delirium,0.0140878922078351,False,3.0,75.0,0.0
Pergolide,F05,delirium,1.3916082698234448e-10,False,1.0,100.0,100.0
Bromocriptine,F05,delirium,2.2698398313495558e-10,False,21.0,100.0,100.0
Ketamine,F05,delirium,0.0390090874190526,False,485.0,25.0,66.66666666666667
Quetiapine,F05,delirium,2.108125710242128e-09,False,277.0,100.0,100.0
Levodopa,F05,delirium,0.0163046584418511,False,58.0,75.0,33.333333333333336
Aripiprazole,F05,delirium,1.3001156474896958e-09,False,55.0,100.0,100.0
Chlorprothixene,F05,delirium,0.0002321051558176,False,9.0,75.0,66.66666666666667
Paliperidone,F05,delirium,1.0773430956210279e-10,False,18.0,100.0,100.0
Ephedra,F05,delirium,1.1381145329054945e-06,False,1.0,100.0,100.0
Yohimbine,F05,delirium,2.4167047506037918e-11,False,17.0,100.0,100.0
Methotrimeprazine,F05,delirium,3.0032791759627515e-10,False,18.0,100.0,100.0
Methamphetamine,F05,delirium,1.5461463127731058e-06,False,32.0,100.0,66.66666666666667
Acepromazine,F05,delirium,0.0096252274410785,False,0.0,75.0,33.333333333333336
Molindone,F05,delirium,0.0028940896805361,False,1.0,75.0,0.0
Pipotiazine,F05,delirium,0.0140878922078351,False,0.0,75.0,33.333333333333336
Thioproperazine,F05,delirium,0.0096252274410785,False,1.0,75.0,33.333333333333336
Thiothixene,F05,delirium,0.0077783595357226,False,2.0,100.0,0.0
Zuclopenthixol,F05,delirium,5.7469843869503194e-05,False,5.0,75.0,66.66666666666667
Fluspirilene,F05,delirium,0.0016822922042252,False,0.0,75.0,0.0
Celiprolol,F05,delirium,3.827750760087132e-05,False,0.0,100.0,66.66666666666667
Dronedarone,F05,delirium,0.0009349352310001,False,1.0,75.0,33.333333333333336
Iloperidone,F05,delirium,3.3285447061865134e-06,False,3.0,100.0,100.0
Rotigotine,F05,delirium,0.000109945777844,False,5.0,75.0,33.333333333333336
Pimavanserin,F05,delirium,0.0006929546588287,False,9.0,75.0,0.0
Cariprazine,F05,delirium,5.7469843869503194e-05,False,2.0,75.0,66.66666666666667
Sertindole,F05,delirium,0.0140878922078351,False,2.0,75.0,66.66666666666667
Mianserin,F05,delirium,2.6142133953767813e-12,False,31.0,100.0,100.0
Pizotifen,F05,delirium,3.3285447061865134e-06,False,0.0,75.0,66.66666666666667
Asenapine,F05,delirium,4.6541843720945855e-10,False,8.0,100.0,100.0
Droxidopa,F05,delirium,0.0002321051558176,False,0.0,100.0,66.66666666666667
Amisulpride,F05,delirium,5.865284713902969e-06,False,19.0,100.0,66.66666666666667
Xylometazoline,F05,delirium,2.336304115280095e-05,False,0.0,100.0,66.66666666666667
Lurasidone,F05,delirium,8.278865149855887e-08,False,10.0,100.0,100.0
Perospirone,F05,delirium,0.0140878922078351,False,7.0,75.0,66.66666666666667
Brexpiprazole,F05,delirium,3.827750760087132e-05,False,1.0,100.0,100.0
Dosulepin,F05,delirium,0.0299460072715675,False,1.0,75.0,66.66666666666667
Lorpiprazole,F05,delirium,0.0118659647290911,False,0.0,75.0,33.333333333333336
Blonanserin,F05,delirium,1.2862130447498442e-05,False,9.0,100.0,66.66666666666667
Zotepine,F05,delirium,0.0118659647290911,False,3.0,100.0,0.0
Pipamperone,F05,delirium,1.468907380042849e-07,False,4.0,100.0,100.0
Racepinephrine,F05,delirium,8.211287600622e-05,False,0.0,100.0,66.66666666666667
Dihydro-alpha-ergocryptine,F05,delirium,0.0028940896805361,False,0.0,75.0,0.0
Tiapride,F05,delirium,1.2862130447498442e-05,False,35.0,75.0,66.66666666666667
Aripiprazole lauroxil,F05,delirium,1.3001156474896958e-09,False,1.0,100.0,100.0
Amphetamine,F09,organic or symptomatic mental disorder,0.0004609152343545,False,561.0,100.0,100.0
Phentermine,F09,organic or symptomatic mental disorder,0.0022942659357587,False,10.0,60.0,100.0
Ziprasidone,F09,organic or symptomatic mental disorder,0.0038487105925967,False,31.0,100.0,100.0
Cabergoline,F09,organic or symptomatic mental disorder,0.0261284943438387,False,15.0,60.0,100.0
Ropinirole,F09,organic or symptomatic mental disorder,0.0005722721290687,False,0.0,60.0,100.0
Conjugated estrogens,F09,organic or symptomatic mental disorder,0.0021571940730003,False,52.0,20.0,50.0
Olanzapine,F09,organic or symptomatic mental disorder,0.0104481402701918,False,255.0,80.0,100.0
Protriptyline,F09,organic or symptomatic mental disorder,0.0277435694968966,False,10.0,40.0,100.0
Clozapine,F09,organic or symptomatic mental disorder,0.0096252274410785,False,232.0,60.0,100.0
Mirtazapine,F09,organic or symptomatic mental disorder,6.292135186173474e-05,False,52.0,100.0,100.0
Sulpiride,F09,organic or symptomatic mental disorder,0.0005754801705976,False,66.0,80.0,0.0
Loxapine,F09,organic or symptomatic mental disorder,0.0047095048923237,False,19.0,100.0,100.0
Remoxipride,F09,organic or symptomatic mental disorder,7.756916644049186e-06,False,9.0,100.0,100.0
Pramipexole,F09,organic or symptomatic mental disorder,0.0136639195163928,False,41.0,80.0,100.0
Promazine,F09,organic or symptomatic mental disorder,0.0205270329923068,False,21.0,100.0,100.0
Methylphenidate,F09,organic or symptomatic mental disorder,0.0408730276648593,False,148.0,20.0,0.0
Prochlorperazine,F09,organic or symptomatic mental disorder,0.0162483828099703,False,10.0,0.0,0.0
Imipramine,F09,organic or symptomatic mental disorder,0.0089567408665767,False,0.0,100.0,50.0
Duloxetine,F09,organic or symptomatic mental disorder,0.0408730276648593,False,53.0,40.0,0.0
Chlorpromazine,F09,organic or symptomatic mental disorder,0.0001495994524605,False,208.0,100.0,100.0
Celecoxib,F09,organic or symptomatic mental disorder,0.0065858625429799,False,272.0,0.0,50.0
Entacapone,F09,organic or symptomatic mental disorder,0.0277435694968966,False,9.0,40.0,50.0
Haloperidol,F09,organic or symptomatic mental disorder,0.0006957955072668,False,297.0,40.0,100.0
Cisplatin,F09,organic or symptomatic mental disorder,0.0042837372118874,False,1164.0,80.0,100.0
Nortriptyline,F09,organic or symptomatic mental disorder,0.0038487105925967,False,90.0,100.0,100.0
Amoxapine,F09,organic or symptomatic mental disorder,5.1992382160299574e-05,False,0.0,100.0,100.0
Fenoprofen,F09,organic or symptomatic mental disorder,0.0408730276648593,False,31.0,60.0,50.0
Fenfluramine,F09,organic or symptomatic mental disorder,0.0005754801705976,False,22.0,60.0,0.0
Lisuride,F09,organic or symptomatic mental disorder,0.0005722721290687,False,9.0,40.0,100.0
Triamcinolone,F09,organic or symptomatic mental disorder,0.0408730276648593,False,0.0,60.0,0.0
Fluphenazine,F09,organic or symptomatic mental disorder,0.004101761820676,False,34.0,60.0,50.0
Trazodone,F09,organic or symptomatic mental disorder,0.0081238538198886,False,64.0,40.0,100.0
Thioridazine,F09,organic or symptomatic mental disorder,0.0065858625429799,False,45.0,80.0,50.0
Apomorphine,F09,organic or symptomatic mental disorder,0.0136639195163928,False,66.0,40.0,100.0
Paroxetine,F09,organic or symptomatic mental disorder,0.0096535938959489,False,118.0,80.0,100.0
Trimipramine,F09,organic or symptomatic mental disorder,0.0016299637082692,False,23.0,60.0,100.0
Nateglinide,F09,organic or symptomatic mental disorder,0.0136639195163928,False,23.0,0.0,50.0
Risperidone,F09,organic or symptomatic mental disorder,0.0008477431052356,False,252.0,60.0,100.0
Minaprine,F09,organic or symptomatic mental disorder,7.570186851680867e-07,False,0.0,100.0,100.0
Donepezil,F09,organic or symptomatic mental disorder,0.0408730276648593,False,388.0,20.0,50.0
Pseudoephedrine,F09,organic or symptomatic mental disorder,0.0081238538198886,False,73.0,100.0,100.0
Dinoprostone,F09,organic or symptomatic mental disorder,0.0394036219685016,False,258.0,0.0,0.0
Cyclobenzaprine,F09,organic or symptomatic mental disorder,0.0408730276648593,False,6.0,20.0,0.0
Mesoridazine,F09,organic or symptomatic mental disorder,8.305338715557989e-05,False,7.0,100.0,100.0
Maprotiline,F09,organic or symptomatic mental disorder,0.0136639195163928,False,29.0,100.0,50.0
Dopamine,F09,organic or symptomatic mental disorder,2.95474064463509e-06,False,2468.0,100.0,100.0
Rivastigmine,F09,organic or symptomatic mental disorder,0.0277435694968966,False,246.0,20.0,0.0
Balsalazide,F09,organic or symptomatic mental disorder,0.0408730276648593,False,2.0,40.0,0.0
Ibuprofen,F09,organic or symptomatic mental disorder,0.0468690619025293,False,1233.0,60.0,100.0
Promethazine,F09,organic or symptomatic mental disorder,0.0116443772006374,False,45.0,80.0,50.0
Tegaserod,F09,organic or symptomatic mental disorder,0.004101761820676,False,13.0,40.0,0.0
Pimozide,F09,organic or symptomatic mental disorder,0.0065858625429799,False,27.0,40.0,100.0
Sertraline,F09,organic or symptomatic mental disorder,0.0096535938959489,False,155.0,60.0,100.0
Doxepin,F09,organic or symptomatic mental disorder,0.0038487105925967,False,44.0,100.0,100.0
Nefazodone,F09,organic or symptomatic mental disorder,0.0136639195163928,False,15.0,40.0,100.0
Desipramine,F09,organic or symptomatic mental disorder,0.0047095048923237,False,97.0,100.0,100.0
Domperidone,F09,organic or symptomatic mental disorder,0.004101761820676,False,28.0,40.0,0.0
Pergolide,F09,organic or symptomatic mental disorder,0.0008477431052356,False,10.0,60.0,100.0
Bromocriptine,F09,organic or symptomatic mental disorder,0.0261284943438387,False,70.0,60.0,100.0
Ketamine,F09,organic or symptomatic mental disorder,0.0205270329923068,False,210.0,60.0,0.0
Quetiapine,F09,organic or symptomatic mental disorder,0.0047095048923237,False,0.0,80.0,100.0
Levodopa,F09,organic or symptomatic mental disorder,0.0052664505649086,False,292.0,20.0,50.0
Aripiprazole,F09,organic or symptomatic mental disorder,0.0034582281931822,False,118.0,80.0,100.0
Chlorprothixene,F09,organic or symptomatic mental disorder,0.0081238538198886,False,7.0,80.0,100.0
Clomipramine,F09,organic or symptomatic mental disorder,0.0065858625429799,False,66.0,60.0,100.0
Paliperidone,F09,organic or symptomatic mental disorder,0.0006957955072668,False,48.0,60.0,100.0
Yohimbine,F09,organic or symptomatic mental disorder,0.0002785203822705,False,146.0,60.0,100.0
Methotrimeprazine,F09,organic or symptomatic mental disorder,0.0013933138940703,False,7.0,100.0,100.0
Methamphetamine,F09,organic or symptomatic mental disorder,0.0096535938959489,False,243.0,40.0,100.0
Zinc,F09,organic or symptomatic mental disorder,0.0076849874396669,False,12473.0,60.0,100.0
Molindone,F09,organic or symptomatic mental disorder,0.0277435694968966,False,4.0,80.0,0.0
Pipotiazine,F09,organic or symptomatic mental disorder,0.004101761820676,False,1.0,100.0,50.0
Thiothixene,F09,organic or symptomatic mental disorder,0.0015790238110671,False,13.0,100.0,50.0
Zuclopenthixol,F09,organic or symptomatic mental disorder,0.0022942659357587,False,12.0,60.0,100.0
Fluspirilene,F09,organic or symptomatic mental disorder,0.0162483828099703,False,8.0,0.0,0.0
Tetrabenazine,F09,organic or symptomatic mental disorder,0.0277435694968966,False,38.0,0.0,50.0
Iloperidone,F09,organic or symptomatic mental disorder,0.0005722721290687,False,4.0,80.0,100.0
Rotigotine,F09,organic or symptomatic mental disorder,0.004101761820676,False,10.0,60.0,50.0
Pimavanserin,F09,organic or symptomatic mental disorder,0.006909854311659,False,3.0,40.0,0.0
Cariprazine,F09,organic or symptomatic mental disorder,2.898484223426869e-05,False,14.0,100.0,100.0
Sertindole,F09,organic or symptomatic mental disorder,0.004101761820676,False,3.0,60.0,50.0
Mianserin,F09,organic or symptomatic mental disorder,6.292135186173474e-05,False,55.0,80.0,100.0
Asenapine,F09,organic or symptomatic mental disorder,0.0018780157075902,False,8.0,80.0,100.0
Amisulpride,F09,organic or symptomatic mental disorder,0.0002693119065644,False,52.0,100.0,50.0
Vilazodone,F09,organic or symptomatic mental disorder,0.0408730276648593,False,9.0,20.0,0.0
Dexmethylphenidate,F09,organic or symptomatic mental disorder,0.0277435694968966,False,1.0,40.0,50.0
Capsaicin,F09,organic or symptomatic mental disorder,0.0052664505649086,False,173.0,60.0,0.0
Perospirone,F09,organic or symptomatic mental disorder,0.004101761820676,False,0.0,60.0,100.0
Butriptyline,F09,organic or symptomatic mental disorder,0.0162483828099703,False,0.0,20.0,50.0
Cannabidiol,F09,organic or symptomatic mental disorder,0.0025546260916758,False,175.0,100.0,100.0
Brexpiprazole,F09,organic or symptomatic mental disorder,0.0015790238110671,False,8.0,80.0,100.0
Copper,F09,organic or symptomatic mental disorder,0.0270926559470801,False,16413.0,40.0,50.0
Dosulepin,F09,organic or symptomatic mental disorder,0.0136639195163928,False,7.0,100.0,100.0
Lorpiprazole,F09,organic or symptomatic mental disorder,0.0031170804991974,False,0.0,80.0,50.0
Blonanserin,F09,organic or symptomatic mental disorder,0.0005754801705976,False,3.0,100.0,50.0
Melperone,F09,organic or symptomatic mental disorder,0.006909854311659,False,9.0,40.0,0.0
Zotepine,F09,organic or symptomatic mental disorder,0.0031170804991974,False,4.0,40.0,0.0
Pipamperone,F09,organic or symptomatic mental disorder,0.0022942659357587,False,3.0,60.0,100.0
Propacetamol,F09,organic or symptomatic mental disorder,0.0005754801705976,False,0.0,80.0,100.0
Omega-3 fatty acids,F09,organic or symptomatic mental disorder,0.0408730276648593,False,702.0,40.0,0.0
Dihydro-alpha-ergocryptine,F09,organic or symptomatic mental disorder,0.0277435694968966,False,0.0,20.0,0.0
Tiapride,F09,organic or symptomatic mental disorder,0.0408730276648593,False,8.0,40.0,50.0
Nabiximols,F09,organic or symptomatic mental disorder,0.0022488213140498,False,4.0,100.0,100.0
Aripiprazole lauroxil,F09,organic or symptomatic mental disorder,0.0034582281931822,False,1.0,80.0,100.0
Glutamic Acid,F10,mental and behavioural disorders due to use of alcohol,0.0356582985974156,False,666.0,62.5,40.0
NADH,F10,mental and behavioural disorders due to use of alcohol,0.0007095152897999,False,306.0,75.0,100.0
Amphetamine,F10,mental and behavioural disorders due to use of alcohol,2.776843440243772e-08,False,3879.0,100.0,100.0
Nicotine,F10,mental and behavioural disorders due to use of alcohol,7.174348595317465e-05,False,4207.0,100.0,100.0
Phentermine,F10,mental and behavioural disorders due to use of alcohol,1.6377157118797584e-06,False,18.0,100.0,100.0
Tramadol,F10,mental and behavioural disorders due to use of alcohol,6.544026470957101e-07,False,554.0,100.0,100.0
Citalopram,F10,mental and behavioural disorders due to use of alcohol,3.5188782042095317e-05,False,464.0,100.0,100.0
Temazepam,F10,mental and behavioural disorders due to use of alcohol,0.0005465190987864,False,44.0,75.0,100.0
Butalbital,F10,mental and behavioural disorders due to use of alcohol,0.0123014381296806,False,2.0,62.5,100.0
Ziprasidone,F10,mental and behavioural disorders due to use of alcohol,1.832672094343796e-12,True,29.0,100.0,100.0
Methysergide,F10,mental and behavioural disorders due to use of alcohol,0.0002397891450376,False,23.0,87.5,100.0
Cabergoline,F10,mental and behavioural disorders due to use of alcohol,1.110384222423486e-10,False,6.0,100.0,100.0
Ropinirole,F10,mental and behavioural disorders due to use of alcohol,1.4291586768052667e-11,False,7.0,100.0,100.0
Venlafaxine,F10,mental and behavioural disorders due to use of alcohol,0.0123014381296806,False,1759.0,87.5,100.0
Atomoxetine,F10,mental and behavioural disorders due to use of alcohol,0.0046913764906325,False,113.0,87.5,100.0
Morphine,F10,mental and behavioural disorders due to use of alcohol,0.028475774660693,False,2394.0,75.0,80.0
Talbutal,F10,mental and behavioural disorders due to use of alcohol,0.0123014381296806,False,0.0,62.5,100.0
Pentobarbital,F10,mental and behavioural disorders due to use of alcohol,0.0336877723922002,False,205.0,62.5,80.0
Zolmitriptan,F10,mental and behavioural disorders due to use of alcohol,0.0030501855792069,False,2.0,87.5,100.0
Codeine,F10,mental and behavioural disorders due to use of alcohol,0.0156451692513865,False,401.0,75.0,100.0
Amitriptyline,F10,mental and behavioural disorders due to use of alcohol,1.8907911411699757e-13,False,212.0,100.0,100.0
Hydromorphone,F10,mental and behavioural disorders due to use of alcohol,0.0067831386007825,False,71.0,87.5,100.0
Olanzapine,F10,mental and behavioural disorders due to use of alcohol,1.6390510146165237e-12,True,177.0,100.0,100.0
Clozapine,F10,mental and behavioural disorders due to use of alcohol,1.2587166409521397e-12,False,221.0,100.0,100.0
Mirtazapine,F10,mental and behavioural disorders due to use of alcohol,1.3601611474679194e-13,False,228.0,100.0,100.0
Meprobamate,F10,mental and behavioural disorders due to use of alcohol,0.0067831386007825,False,95.0,75.0,100.0
Phenylpropanolamine,F10,mental and behavioural disorders due to use of alcohol,0.0030501855792069,False,191.0,87.5,100.0
Loxapine,F10,mental and behavioural disorders due to use of alcohol,1.3647526527537021e-17,True,12.0,100.0,100.0
Remoxipride,F10,mental and behavioural disorders due to use of alcohol,3.913536882227116e-05,False,2.0,100.0,100.0
Pramipexole,F10,mental and behavioural disorders due to use of alcohol,7.35341794750469e-12,False,13.0,100.0,100.0
Secobarbital,F10,mental and behavioural disorders due to use of alcohol,0.028475774660693,False,34.0,62.5,80.0
Promazine,F10,mental and behavioural disorders due to use of alcohol,4.349508984531096e-06,False,30.0,100.0,100.0
Spironolactone,F10,mental and behavioural disorders due to use of alcohol,0.028475774660693,False,24.0,50.0,60.0
Methylphenidate,F10,mental and behavioural disorders due to use of alcohol,0.0017800877638784,False,337.0,100.0,100.0
Zolpidem,F10,mental and behavioural disorders due to use of alcohol,0.0009861014851268,False,117.0,87.5,100.0
Cyproheptadine,F10,mental and behavioural disorders due to use of alcohol,0.0067831386007825,False,25.0,75.0,100.0
Pethidine,F10,mental and behavioural disorders due to use of alcohol,6.566348111438471e-08,False,60.0,100.0,100.0
Imipramine,F10,mental and behavioural disorders due to use of alcohol,7.691854522464503e-10,False,330.0,100.0,100.0
Duloxetine,F10,mental and behavioural disorders due to use of alcohol,0.0017800877638784,False,152.0,100.0,100.0
Chlorpromazine,F10,mental and behavioural disorders due to use of alcohol,1.5810595728720235e-09,False,271.0,100.0,100.0
Oxycodone,F10,mental and behavioural disorders due to use of alcohol,0.0067831386007825,False,279.0,87.5,100.0
Haloperidol,F10,mental and behavioural disorders due to use of alcohol,0.0001205849676869,False,415.0,100.0,100.0
Triflupromazine,F10,mental and behavioural disorders due to use of alcohol,0.0046913764906325,False,1.0,87.5,100.0
Dextromethorphan,F10,mental and behavioural disorders due to use of alcohol,1.2582611992109441e-08,False,57.0,100.0,100.0
Nortriptyline,F10,mental and behavioural disorders due to use of alcohol,2.108125710242128e-09,False,99.0,100.0,100.0
Amoxapine,F10,mental and behavioural disorders due to use of alcohol,4.982175029150002e-20,False,7.0,100.0,100.0
Adinazolam,F10,mental and behavioural disorders due to use of alcohol,0.0001205849676869,False,3.0,87.5,100.0
Lamotrigine,F10,mental and behavioural disorders due to use of alcohol,1.3623775021797998e-07,False,91.0,100.0,100.0
Fenfluramine,F10,mental and behavioural disorders due to use of alcohol,0.0017800877638784,False,79.0,100.0,100.0
Mazindol,F10,mental and behavioural disorders due to use of alcohol,0.0008584993772114,False,14.0,100.0,100.0
Lisuride,F10,mental and behavioural disorders due to use of alcohol,1.4291586768052667e-11,False,7.0,100.0,100.0
Thiopental,F10,mental and behavioural disorders due to use of alcohol,0.0012895098136665,False,32.0,100.0,100.0
Linezolid,F10,mental and behavioural disorders due to use of alcohol,0.0144102255088548,False,5.0,87.5,100.0
Butorphanol,F10,mental and behavioural disorders due to use of alcohol,0.0002738288876854,False,14.0,100.0,100.0
Furazolidone,F10,mental and behavioural disorders due to use of alcohol,0.0144102255088548,False,2.0,87.5,100.0
Fluphenazine,F10,mental and behavioural disorders due to use of alcohol,6.63464432001871e-08,True,40.0,100.0,100.0
Dextropropoxyphene,F10,mental and behavioural disorders due to use of alcohol,0.009284136399316,False,106.0,87.5,100.0
Pentazocine,F10,mental and behavioural disorders due to use of alcohol,0.0334384341230416,False,46.0,62.5,100.0
Trazodone,F10,mental and behavioural disorders due to use of alcohol,2.3886446077402943e-05,False,106.0,100.0,100.0
Sumatriptan,F10,mental and behavioural disorders due to use of alcohol,0.009284136399316,False,8.0,75.0,100.0
Thioridazine,F10,mental and behavioural disorders due to use of alcohol,0.0007378566451269,False,59.0,100.0,100.0
Midazolam,F10,mental and behavioural disorders due to use of alcohol,4.108240096246956e-05,False,93.0,87.5,100.0
Fludrocortisone,F10,mental and behavioural disorders due to use of alcohol,0.0334384341230416,False,7.0,62.5,100.0
Flurazepam,F10,mental and behavioural disorders due to use of alcohol,1.6969154313923334e-05,False,34.0,100.0,100.0
Ergotamine,F10,mental and behavioural disorders due to use of alcohol,1.235343904541533e-09,False,96.0,100.0,100.0
Naltrexone,F10,mental and behavioural disorders due to use of alcohol,0.0030501855792069,False,2003.0,87.5,100.0
Sufentanil,F10,mental and behavioural disorders due to use of alcohol,0.0008584993772114,False,8.0,87.5,100.0
Apomorphine,F10,mental and behavioural disorders due to use of alcohol,7.35341794750469e-12,False,155.0,100.0,100.0
Paroxetine,F10,mental and behavioural disorders due to use of alcohol,0.0012895098136665,False,344.0,100.0,100.0
Procaine,F10,mental and behavioural disorders due to use of alcohol,0.0067831386007825,False,21.0,87.5,100.0
Trimipramine,F10,mental and behavioural disorders due to use of alcohol,5.0091132045795894e-12,False,14.0,100.0,100.0
Risperidone,F10,mental and behavioural disorders due to use of alcohol,1.8802119230676654e-09,False,164.0,100.0,100.0
Tranylcypromine,F10,mental and behavioural disorders due to use of alcohol,0.009284136399316,False,44.0,100.0,100.0
Isoflurane,F10,mental and behavioural disorders due to use of alcohol,0.0236120124423056,False,0.0,50.0,100.0
Propiomazine,F10,mental and behavioural disorders due to use of alcohol,6.544026470957101e-07,False,3.0,100.0,100.0
Phenelzine,F10,mental and behavioural disorders due to use of alcohol,0.028475774660693,False,57.0,62.5,80.0
Primidone,F10,mental and behavioural disorders due to use of alcohol,0.0454421550559565,False,16.0,62.5,80.0
Halazepam,F10,mental and behavioural disorders due to use of alcohol,6.854837960690957e-05,False,3.0,87.5,100.0
Minaprine,F10,mental and behavioural disorders due to use of alcohol,6.63464432001871e-08,False,0.0,100.0,100.0
Fentanyl,F10,mental and behavioural disorders due to use of alcohol,0.0046913764906325,False,479.0,87.5,100.0
Disulfiram,F10,mental and behavioural disorders due to use of alcohol,0.0046913764906325,False,1094.0,87.5,100.0
Diazepam,F10,mental and behavioural disorders due to use of alcohol,7.174348595317465e-05,False,904.0,87.5,100.0
Phenmetrazine,F10,mental and behavioural disorders due to use of alcohol,0.0144102255088548,False,19.0,87.5,100.0
Loperamide,F10,mental and behavioural disorders due to use of alcohol,0.0007378566451269,False,14.0,100.0,100.0
Progabide,F10,mental and behavioural disorders due to use of alcohol,0.0144102255088548,False,4.0,87.5,100.0
Oxazepam,F10,mental and behavioural disorders due to use of alcohol,0.0006486470341503,False,115.0,87.5,100.0
Nalbuphine,F10,mental and behavioural disorders due to use of alcohol,0.0002738288876854,False,13.0,100.0,100.0
Methylphenobarbital,F10,mental and behavioural disorders due to use of alcohol,0.0236120124423056,False,3.0,62.5,100.0
Pseudoephedrine,F10,mental and behavioural disorders due to use of alcohol,2.3886446077402943e-05,False,79.0,100.0,100.0
Levorphanol,F10,mental and behavioural disorders due to use of alcohol,0.0002738288876854,False,16.0,100.0,100.0
Flupentixol,F10,mental and behavioural disorders due to use of alcohol,0.0046913764906325,False,59.0,100.0,100.0
Triazolam,F10,mental and behavioural disorders due to use of alcohol,0.0005465190987864,False,62.0,75.0,100.0
Ethanol,F10,mental and behavioural disorders due to use of alcohol,2.2879866183535453e-17,False,24331.0,100.0,100.0
Remifentanil,F10,mental and behavioural disorders due to use of alcohol,0.0002738288876854,False,13.0,100.0,100.0
Ondansetron,F10,mental and behavioural disorders due to use of alcohol,1.5848288203434094e-05,False,126.0,100.0,100.0
Cocaine,F10,mental and behavioural disorders due to use of alcohol,0.0025255954755286,False,7845.0,87.5,100.0
Amantadine,F10,mental and behavioural disorders due to use of alcohol,0.000372083615537,False,107.0,100.0,100.0
Almotriptan,F10,mental and behavioural disorders due to use of alcohol,0.0123014381296806,False,0.0,75.0,100.0
Buprenorphine,F10,mental and behavioural disorders due to use of alcohol,0.0030644204964127,False,1550.0,100.0,100.0
Mesoridazine,F10,mental and behavioural disorders due to use of alcohol,0.0334384341230416,False,4.0,87.5,100.0
Maprotiline,F10,mental and behavioural disorders due to use of alcohol,1.5461463127731058e-06,False,47.0,100.0,100.0
Diethylpropion,F10,mental and behavioural disorders due to use of alcohol,0.0144102255088548,False,7.0,87.5,100.0
Felbamate,F10,mental and behavioural disorders due to use of alcohol,0.0046913764906325,False,31.0,87.5,100.0
Naratriptan,F10,mental and behavioural disorders due to use of alcohol,0.0017800877638784,False,0.0,87.5,100.0
Dopamine,F10,mental and behavioural disorders due to use of alcohol,8.536746521991255e-19,False,4584.0,100.0,100.0
Selegiline,F10,mental and behavioural disorders due to use of alcohol,0.0194080575913821,False,33.0,87.5,100.0
Memantine,F10,mental and behavioural disorders due to use of alcohol,0.0005311908423356,False,97.0,100.0,100.0
Acetophenazine,F10,mental and behavioural disorders due to use of alcohol,0.0002738288876854,False,0.0,100.0,100.0
Promethazine,F10,mental and behavioural disorders due to use of alcohol,0.0336877723922002,False,42.0,62.5,100.0
Tegaserod,F10,mental and behavioural disorders due to use of alcohol,0.000372083615537,False,0.0,100.0,100.0
Diphenoxylate,F10,mental and behavioural disorders due to use of alcohol,0.0144102255088548,False,6.0,87.5,100.0
Pimozide,F10,mental and behavioural disorders due to use of alcohol,0.0194080575913821,False,35.0,87.5,100.0
Sertraline,F10,mental and behavioural disorders due to use of alcohol,0.0012895098136665,False,321.0,100.0,100.0
Sibutramine,F10,mental and behavioural disorders due to use of alcohol,0.0008584993772114,False,6.0,87.5,100.0
Chlorphenamine,F10,mental and behavioural disorders due to use of alcohol,0.0123014381296806,False,31.0,75.0,100.0
Doxepin,F10,mental and behavioural disorders due to use of alcohol,7.390916304647831e-08,False,29.0,100.0,100.0
Nefazodone,F10,mental and behavioural disorders due to use of alcohol,2.776843440243772e-08,False,72.0,100.0,100.0
Desipramine,F10,mental and behavioural disorders due to use of alcohol,3.764684594544375e-09,False,240.0,100.0,100.0
Bupropion,F10,mental and behavioural disorders due to use of alcohol,0.0007378566451269,False,299.0,100.0,100.0
Escitalopram,F10,mental and behavioural disorders due to use of alcohol,0.009284136399316,False,201.0,100.0,100.0
Naloxone,F10,mental and behavioural disorders due to use of alcohol,0.0009861014851268,False,2773.0,100.0,100.0
Pergolide,F10,mental and behavioural disorders due to use of alcohol,4.6671847830654944e-11,False,11.0,100.0,100.0
Dexfenfluramine,F10,mental and behavioural disorders due to use of alcohol,0.0067831386007825,False,5.0,100.0,100.0
Zopiclone,F10,mental and behavioural disorders due to use of alcohol,0.0123014381296806,False,78.0,62.5,100.0
Bromocriptine,F10,mental and behavioural disorders due to use of alcohol,1.110384222423486e-10,False,77.0,100.0,100.0
Flumazenil,F10,mental and behavioural disorders due to use of alcohol,0.0334384341230416,False,135.0,62.5,100.0
Dezocine,F10,mental and behavioural disorders due to use of alcohol,0.0144102255088548,False,1.0,87.5,100.0
Fomepizole,F10,mental and behavioural disorders due to use of alcohol,3.913536882227116e-05,False,56.0,100.0,100.0
Estazolam,F10,mental and behavioural disorders due to use of alcohol,9.228915682635537e-05,False,5.0,87.5,100.0
Ketamine,F10,mental and behavioural disorders due to use of alcohol,1.8802119230676654e-09,False,475.0,100.0,100.0
Quetiapine,F10,mental and behavioural disorders due to use of alcohol,3.833732367283541e-12,True,224.0,100.0,100.0
Levodopa,F10,mental and behavioural disorders due to use of alcohol,0.0005311908423356,False,0.0,100.0,100.0
Aripiprazole,F10,mental and behavioural disorders due to use of alcohol,1.2587166409521397e-12,True,157.0,100.0,100.0
Chlorprothixene,F10,mental and behavioural disorders due to use of alcohol,4.037972199661205e-07,True,19.0,100.0,100.0
Clomipramine,F10,mental and behavioural disorders due to use of alcohol,0.0007378566451269,False,114.0,100.0,100.0
Isocarboxazid,F10,mental and behavioural disorders due to use of alcohol,0.0144102255088548,False,4.0,87.5,100.0
Paliperidone,F10,mental and behavioural disorders due to use of alcohol,1.235343904541533e-09,False,25.0,100.0,100.0
Amobarbital,F10,mental and behavioural disorders due to use of alcohol,0.0156451692513865,False,32.0,62.5,100.0
Aprobarbital,F10,mental and behavioural disorders due to use of alcohol,0.0123014381296806,False,1.0,62.5,100.0
Butethal,F10,mental and behavioural disorders due to use of alcohol,0.0123014381296806,False,0.0,62.5,100.0
Heptabarbital,F10,mental and behavioural disorders due to use of alcohol,0.0123014381296806,False,0.0,62.5,100.0
Hexobarbital,F10,mental and behavioural disorders due to use of alcohol,0.0020612660925054,False,9.0,75.0,100.0
Ephedra,F10,mental and behavioural disorders due to use of alcohol,4.037972199661205e-07,False,17.0,100.0,100.0
Ginkgo biloba,F10,mental and behavioural disorders due to use of alcohol,0.0046913764906325,False,13.0,87.5,100.0
Yohimbine,F10,mental and behavioural disorders due to use of alcohol,9.666616135481788e-09,False,329.0,100.0,100.0
Methotrimeprazine,F10,mental and behavioural disorders due to use of alcohol,1.6133471484328835e-10,False,9.0,100.0,100.0
Testosterone propionate,F10,mental and behavioural disorders due to use of alcohol,0.0067831386007825,False,3.0,75.0,100.0
Heroin,F10,mental and behavioural disorders due to use of alcohol,0.0008584993772114,False,4111.0,87.5,100.0
Flunitrazepam,F10,mental and behavioural disorders due to use of alcohol,0.0001565434095735,False,141.0,87.5,100.0
Bromazepam,F10,mental and behavioural disorders due to use of alcohol,1.3341389538033255e-05,False,21.0,87.5,100.0
Clotiazepam,F10,mental and behavioural disorders due to use of alcohol,0.0001984773810986,False,0.0,87.5,100.0
Fludiazepam,F10,mental and behavioural disorders due to use of alcohol,6.854837960690957e-05,False,0.0,87.5,100.0
Methamphetamine,F10,mental and behavioural disorders due to use of alcohol,6.544026470957101e-07,False,2031.0,100.0,100.0
Prazepam,F10,mental and behavioural disorders due to use of alcohol,9.228915682635537e-05,False,3.0,87.5,100.0
Quazepam,F10,mental and behavioural disorders due to use of alcohol,0.0001565434095735,False,2.0,87.5,100.0
Cinolazepam,F10,mental and behavioural disorders due to use of alcohol,6.854837960690957e-05,False,0.0,87.5,100.0
Nitrazepam,F10,mental and behavioural disorders due to use of alcohol,1.0242749597007171e-05,False,36.0,87.5,100.0
Propericiazine,F10,mental and behavioural disorders due to use of alcohol,0.0008584993772114,False,2.0,87.5,100.0
Acepromazine,F10,mental and behavioural disorders due to use of alcohol,0.0001459152424422,False,2.0,100.0,100.0
Molindone,F10,mental and behavioural disorders due to use of alcohol,0.0008584993772114,True,3.0,87.5,100.0
Pipotiazine,F10,mental and behavioural disorders due to use of alcohol,0.000372083615537,False,1.0,100.0,100.0
Thioproperazine,F10,mental and behavioural disorders due to use of alcohol,0.0001459152424422,False,1.0,100.0,100.0
Thiothixene,F10,mental and behavioural disorders due to use of alcohol,0.0046913764906325,False,9.0,87.5,100.0
Zuclopenthixol,F10,mental and behavioural disorders due to use of alcohol,0.0001459152424422,False,12.0,100.0,100.0
Pargyline,F10,mental and behavioural disorders due to use of alcohol,0.0144102255088548,False,29.0,87.5,100.0
Taurine,F10,mental and behavioural disorders due to use of alcohol,0.0236120124423056,False,664.0,50.0,100.0
Fluspirilene,F10,mental and behavioural disorders due to use of alcohol,0.0334384341230416,False,0.0,62.5,100.0
Milnacipran,F10,mental and behavioural disorders due to use of alcohol,0.0334384341230416,False,40.0,75.0,100.0
Flibanserin,F10,mental and behavioural disorders due to use of alcohol,0.0008584993772114,False,16.0,87.5,100.0
Iloperidone,F10,mental and behavioural disorders due to use of alcohol,4.2643014485396265e-08,False,1.0,100.0,100.0
Lofexidine,F10,mental and behavioural disorders due to use of alcohol,0.0156451692513865,False,52.0,75.0,100.0
Rotigotine,F10,mental and behavioural disorders due to use of alcohol,5.969326455408723e-06,False,1.0,100.0,100.0
Pimavanserin,F10,mental and behavioural disorders due to use of alcohol,0.0144102255088548,False,1.0,87.5,100.0
Cariprazine,F10,mental and behavioural disorders due to use of alcohol,0.0001459152424422,False,7.0,100.0,100.0
Sertindole,F10,mental and behavioural disorders due to use of alcohol,0.0123014381296806,False,1.0,87.5,100.0
Mianserin,F10,mental and behavioural disorders due to use of alcohol,1.3601611474679194e-13,False,0.0,100.0,100.0
Pizotifen,F10,mental and behavioural disorders due to use of alcohol,2.272483396338262e-06,False,1.0,100.0,100.0
Tapentadol,F10,mental and behavioural disorders due to use of alcohol,1.2795095693230336e-07,False,17.0,100.0,100.0
Asenapine,F10,mental and behavioural disorders due to use of alcohol,3.2580035803301615e-10,False,4.0,100.0,100.0
Nalmefene,F10,mental and behavioural disorders due to use of alcohol,0.0030501855792069,False,0.0,87.5,100.0
Alvimopan,F10,mental and behavioural disorders due to use of alcohol,0.0002738288876854,False,0.0,100.0,100.0
Amisulpride,F10,mental and behavioural disorders due to use of alcohol,0.0008584993772114,False,19.0,87.5,100.0
Rilonacept,F10,mental and behavioural disorders due to use of alcohol,0.0334384341230416,False,0.0,62.5,100.0
Oxymetholone,F10,mental and behavioural disorders due to use of alcohol,0.0236120124423056,False,2.0,75.0,100.0
Desvenlafaxine,F10,mental and behavioural disorders due to use of alcohol,0.0334384341230416,False,179.0,62.5,100.0
Dexmethylphenidate,F10,mental and behavioural disorders due to use of alcohol,0.0008584993772114,False,4.0,100.0,100.0
Ketobemidone,F10,mental and behavioural disorders due to use of alcohol,0.0156451692513865,False,11.0,87.5,100.0
Capsaicin,F10,mental and behavioural disorders due to use of alcohol,0.0156451692513865,False,22.0,75.0,100.0
Methylnaltrexone,F10,mental and behavioural disorders due to use of alcohol,0.0334384341230416,False,3.0,87.5,100.0
Nandrolone decanoate,F10,mental and behavioural disorders due to use of alcohol,0.0008584993772114,False,7.0,87.5,100.0
Cinitapride,F10,mental and behavioural disorders due to use of alcohol,0.0334384341230416,False,0.0,62.5,100.0
Lurasidone,F10,mental and behavioural disorders due to use of alcohol,8.155387936882767e-05,False,8.0,87.5,100.0
Perospirone,F10,mental and behavioural disorders due to use of alcohol,0.000372083615537,False,1.0,100.0,100.0
Captodiame,F10,mental and behavioural disorders due to use of alcohol,0.0334384341230416,False,1.0,62.5,100.0
Butriptyline,F10,mental and behavioural disorders due to use of alcohol,0.0334384341230416,False,0.0,62.5,100.0
Cannabidiol,F10,mental and behavioural disorders due to use of alcohol,8.800031181572842e-06,False,117.0,100.0,100.0
Vortioxetine,F10,mental and behavioural disorders due to use of alcohol,0.0012895098136665,False,26.0,100.0,100.0
Quinagolide,F10,mental and behavioural disorders due to use of alcohol,0.0144102255088548,False,1.0,87.5,100.0
Brexpiprazole,F10,mental and behavioural disorders due to use of alcohol,0.0046913764906325,False,6.0,87.5,100.0
Etizolam,F10,mental and behavioural disorders due to use of alcohol,0.0067831386007825,False,17.0,75.0,100.0
Dosulepin,F10,mental and behavioural disorders due to use of alcohol,1.5461463127731058e-06,False,16.0,100.0,100.0
Lorpiprazole,F10,mental and behavioural disorders due to use of alcohol,0.0002397891450376,False,0.0,100.0,100.0
Pholcodine,F10,mental and behavioural disorders due to use of alcohol,0.0002738288876854,False,1.0,100.0,100.0
Blonanserin,F10,mental and behavioural disorders due to use of alcohol,0.0017800877638784,False,2.0,87.5,100.0
Zotepine,F10,mental and behavioural disorders due to use of alcohol,3.345720459747172e-06,False,2.0,100.0,100.0
Pirlindole,F10,mental and behavioural disorders due to use of alcohol,0.0002738288876854,False,1.0,100.0,100.0
Eluxadoline,F10,mental and behavioural disorders due to use of alcohol,0.0030501855792069,False,0.0,87.5,100.0
Pipamperone,F10,mental and behavioural disorders due to use of alcohol,1.1683531547734137e-08,False,2.0,100.0,100.0
Tianeptine,F10,mental and behavioural disorders due to use of alcohol,0.0017800877638784,False,34.0,100.0,100.0
Setiptiline,F10,mental and behavioural disorders due to use of alcohol,0.0144102255088548,False,1.0,87.5,100.0
Opium,F10,mental and behavioural disorders due to use of alcohol,0.0046913764906325,False,294.0,87.5,100.0
Dihydro-alpha-ergocryptine,F10,mental and behavioural disorders due to use of alcohol,0.0008584993772114,False,0.0,87.5,100.0
Naldemedine,F10,mental and behavioural disorders due to use of alcohol,0.0030501855792069,False,3.0,87.5,100.0
Telotristat ethyl,F10,mental and behavioural disorders due to use of alcohol,0.0144102255088548,False,0.0,87.5,100.0
Tiapride,F10,mental and behavioural disorders due to use of alcohol,1.501328788660924e-05,False,58.0,100.0,100.0
Lormetazepam,F10,mental and behavioural disorders due to use of alcohol,0.0017800877638784,False,8.0,87.5,100.0
Nabiximols,F10,mental and behavioural disorders due to use of alcohol,0.0001086899634608,False,33.0,100.0,100.0
Aripiprazole lauroxil,F10,mental and behavioural disorders due to use of alcohol,1.2587166409521397e-12,True,0.0,100.0,100.0
Fluvoxamine,F11,mental and behavioural disorders due to use of opioids,0.0390090874190526,False,30.0,100.0,100.0
Amphetamine,F11,mental and behavioural disorders due to use of opioids,0.0480025160951662,False,2318.0,75.0,100.0
Tramadol,F11,mental and behavioural disorders due to use of opioids,2.6285211010007252e-08,False,704.0,100.0,100.0
Citalopram,F11,mental and behavioural disorders due to use of opioids,0.0006408678200286,False,73.0,100.0,100.0
Eletriptan,F11,mental and behavioural disorders due to use of opioids,0.0390090874190526,False,0.0,50.0,100.0
Nelfinavir,F11,mental and behavioural disorders due to use of opioids,0.0480025160951662,False,9.0,100.0,50.0
Indinavir,F11,mental and behavioural disorders due to use of opioids,0.0390090874190526,False,6.0,75.0,75.0
Reboxetine,F11,mental and behavioural disorders due to use of opioids,0.0047050023247169,False,2.0,100.0,100.0
Ziprasidone,F11,mental and behavioural disorders due to use of opioids,9.666616135481788e-09,True,7.0,100.0,100.0
Methysergide,F11,mental and behavioural disorders due to use of opioids,0.0191703797440278,False,9.0,75.0,100.0
Cabergoline,F11,mental and behavioural disorders due to use of opioids,1.8589236296534185e-07,False,11.0,100.0,100.0
Metoprolol,F11,mental and behavioural disorders due to use of opioids,0.0096535938959489,False,8.0,75.0,75.0
Ropinirole,F11,mental and behavioural disorders due to use of opioids,4.0410275292403247e-10,False,40.0,100.0,100.0
Amsacrine,F11,mental and behavioural disorders due to use of opioids,0.0096535938959489,False,0.0,100.0,50.0
Venlafaxine,F11,mental and behavioural disorders due to use of opioids,0.0226683084630218,False,49.0,100.0,100.0
Morphine,F11,mental and behavioural disorders due to use of opioids,2.6285211010007252e-08,False,14105.0,100.0,100.0
Gefitinib,F11,mental and behavioural disorders due to use of opioids,0.0266187032884972,False,0.0,100.0,100.0
Codeine,F11,mental and behavioural disorders due to use of opioids,1.918831307377186e-06,False,2006.0,100.0,100.0
Amitriptyline,F11,mental and behavioural disorders due to use of opioids,1.3143114482946892e-09,False,68.0,100.0,100.0
Hydromorphone,F11,mental and behavioural disorders due to use of opioids,4.806705314948811e-07,False,451.0,100.0,100.0
Methadone,F11,mental and behavioural disorders due to use of opioids,1.5927018316372797e-05,False,12335.0,100.0,100.0
Olanzapine,F11,mental and behavioural disorders due to use of opioids,6.517474148251517e-10,True,84.0,100.0,100.0
Omeprazole,F11,mental and behavioural disorders due to use of opioids,0.0435584917934571,False,5.0,50.0,75.0
Terfenadine,F11,mental and behavioural disorders due to use of opioids,0.0435584917934571,False,0.0,100.0,100.0
Diltiazem,F11,mental and behavioural disorders due to use of opioids,0.0191703797440278,False,15.0,75.0,75.0
Protriptyline,F11,mental and behavioural disorders due to use of opioids,0.0047050023247169,False,2.0,75.0,100.0
Clobazam,F11,mental and behavioural disorders due to use of opioids,0.0191703797440278,False,4.0,75.0,100.0
Mefloquine,F11,mental and behavioural disorders due to use of opioids,0.0158234831786618,False,4.0,100.0,75.0
Vinorelbine,F11,mental and behavioural disorders due to use of opioids,0.0047050023247169,False,0.0,100.0,100.0
Clozapine,F11,mental and behavioural disorders due to use of opioids,5.66079372830221e-10,False,35.0,100.0,100.0
Mirtazapine,F11,mental and behavioural disorders due to use of opioids,2.69691563116426e-09,False,45.0,100.0,100.0
Timolol,F11,mental and behavioural disorders due to use of opioids,0.0096535938959489,False,1.0,75.0,75.0
Sulpiride,F11,mental and behavioural disorders due to use of opioids,0.0070859821070289,False,37.0,75.0,75.0
Progesterone,F11,mental and behavioural disorders due to use of opioids,0.0036242484169206,False,42.0,100.0,100.0
Loxapine,F11,mental and behavioural disorders due to use of opioids,1.398206800791526e-06,True,4.0,100.0,100.0
Remoxipride,F11,mental and behavioural disorders due to use of opioids,2.1083961053117415e-10,False,3.0,100.0,100.0
Pramipexole,F11,mental and behavioural disorders due to use of opioids,5.069692461610255e-08,False,47.0,100.0,100.0
Promazine,F11,mental and behavioural disorders due to use of opioids,1.148792896598557e-07,False,6.0,100.0,100.0
Prochlorperazine,F11,mental and behavioural disorders due to use of opioids,0.0027761755742296,True,12.0,100.0,100.0
Cyproheptadine,F11,mental and behavioural disorders due to use of opioids,0.0158234831786618,False,16.0,50.0,100.0
Cerivastatin,F11,mental and behavioural disorders due to use of opioids,0.0390090874190526,False,0.0,75.0,75.0
Lansoprazole,F11,mental and behavioural disorders due to use of opioids,0.0390090874190526,False,0.0,50.0,75.0
Pethidine,F11,mental and behavioural disorders due to use of opioids,0.0012170439125001,False,398.0,100.0,100.0
Loratadine,F11,mental and behavioural disorders due to use of opioids,0.0158234831786618,False,0.0,75.0,75.0
Imipramine,F11,mental and behavioural disorders due to use of opioids,3.5467767166131437e-06,False,0.0,100.0,100.0
Fluoxetine,F11,mental and behavioural disorders due to use of opioids,0.0012170439125001,False,119.0,100.0,100.0
Chlorpromazine,F11,mental and behavioural disorders due to use of opioids,9.347219602797034e-11,False,124.0,100.0,100.0
Celecoxib,F11,mental and behavioural disorders due to use of opioids,0.0307702729652938,False,12.0,75.0,75.0
Buspirone,F11,mental and behavioural disorders due to use of opioids,8.9452768465701e-05,False,27.0,100.0,100.0
Entacapone,F11,mental and behavioural disorders due to use of opioids,0.0047050023247169,False,1.0,75.0,100.0
Oxycodone,F11,mental and behavioural disorders due to use of opioids,4.806705314948811e-07,False,1320.0,100.0,100.0
Haloperidol,F11,mental and behavioural disorders due to use of opioids,8.880116903676813e-08,False,168.0,100.0,100.0
Triflupromazine,F11,mental and behavioural disorders due to use of opioids,0.0127006939681155,False,1.0,50.0,75.0
Dextromethorphan,F11,mental and behavioural disorders due to use of opioids,3.827750760087132e-05,False,109.0,100.0,100.0
Erlotinib,F11,mental and behavioural disorders due to use of opioids,0.0390090874190526,False,0.0,100.0,75.0
Nortriptyline,F11,mental and behavioural disorders due to use of opioids,8.676156508803647e-05,False,20.0,100.0,100.0
Amoxapine,F11,mental and behavioural disorders due to use of opioids,2.108509503837598e-09,False,1.0,100.0,100.0
Lamotrigine,F11,mental and behavioural disorders due to use of opioids,1.918152703582905e-05,False,23.0,100.0,100.0
Vinblastine,F11,mental and behavioural disorders due to use of opioids,0.0347327354314841,False,0.0,50.0,50.0
Propranolol,F11,mental and behavioural disorders due to use of opioids,0.0435584917934571,False,64.0,75.0,100.0
Fenfluramine,F11,mental and behavioural disorders due to use of opioids,3.0288993535401593e-05,False,15.0,100.0,100.0
Clonidine,F11,mental and behavioural disorders due to use of opioids,0.0480025160951662,False,808.0,100.0,75.0
Lisuride,F11,mental and behavioural disorders due to use of opioids,4.0410275292403247e-10,False,4.0,100.0,100.0
Doxazosin,F11,mental and behavioural disorders due to use of opioids,0.0226683084630218,False,2.0,75.0,100.0
Cisapride,F11,mental and behavioural disorders due to use of opioids,0.0390090874190526,False,1.0,75.0,100.0
Butorphanol,F11,mental and behavioural disorders due to use of opioids,4.1077551302740376e-06,False,119.0,100.0,100.0
Fluphenazine,F11,mental and behavioural disorders due to use of opioids,4.29561697982369e-09,True,0.0,100.0,100.0
Astemizole,F11,mental and behavioural disorders due to use of opioids,0.0226683084630218,False,0.0,75.0,75.0
Dextropropoxyphene,F11,mental and behavioural disorders due to use of opioids,8.207543975829484e-07,False,0.0,100.0,100.0
Pentazocine,F11,mental and behavioural disorders due to use of opioids,0.0027761755742296,False,420.0,75.0,100.0
Trazodone,F11,mental and behavioural disorders due to use of opioids,3.809322668459536e-06,False,32.0,100.0,100.0
Thioridazine,F11,mental and behavioural disorders due to use of opioids,0.0004256889346385,False,14.0,75.0,100.0
Ergotamine,F11,mental and behavioural disorders due to use of opioids,1.2976356079014172e-05,False,32.0,100.0,100.0
Amprenavir,F11,mental and behavioural disorders due to use of opioids,0.0226683084630218,False,2.0,75.0,75.0
Naltrexone,F11,mental and behavioural disorders due to use of opioids,5.5604163452756685e-05,False,2782.0,100.0,100.0
Sufentanil,F11,mental and behavioural disorders due to use of opioids,1.351935558049869e-05,False,118.0,100.0,100.0
Apomorphine,F11,mental and behavioural disorders due to use of opioids,5.069692461610255e-08,False,0.0,100.0,100.0
Paroxetine,F11,mental and behavioural disorders due to use of opioids,0.0006408678200286,False,46.0,100.0,100.0
Trimipramine,F11,mental and behavioural disorders due to use of opioids,2.931906238631516e-07,False,1.0,100.0,100.0
Risperidone,F11,mental and behavioural disorders due to use of opioids,7.58270820572082e-10,False,49.0,100.0,100.0
Epinastine,F11,mental and behavioural disorders due to use of opioids,0.0002543198018334,False,0.0,100.0,100.0
Propiomazine,F11,mental and behavioural disorders due to use of opioids,4.9201808100157925e-06,False,1.0,100.0,100.0
Alfentanil,F11,mental and behavioural disorders due to use of opioids,0.0127006939681155,False,42.0,100.0,50.0
Minaprine,F11,mental and behavioural disorders due to use of opioids,1.2800174358549746e-06,False,0.0,100.0,100.0
Fentanyl,F11,mental and behavioural disorders due to use of opioids,2.6615360033961513e-07,False,2872.0,100.0,100.0
Trifluoperazine,F11,mental and behavioural disorders due to use of opioids,0.0226683084630218,False,5.0,75.0,75.0
Mifepristone,F11,mental and behavioural disorders due to use of opioids,0.0266187032884972,False,17.0,75.0,100.0
Loperamide,F11,mental and behavioural disorders due to use of opioids,1.1523170586444561e-08,False,98.0,100.0,100.0
Donepezil,F11,mental and behavioural disorders due to use of opioids,0.0070859821070289,False,15.0,100.0,75.0
Nalbuphine,F11,mental and behavioural disorders due to use of opioids,4.1077551302740376e-06,False,80.0,100.0,100.0
Perphenazine,F11,mental and behavioural disorders due to use of opioids,0.0266187032884972,True,6.0,100.0,100.0
Levorphanol,F11,mental and behavioural disorders due to use of opioids,4.1077551302740376e-06,False,76.0,100.0,100.0
Ranitidine,F11,mental and behavioural disorders due to use of opioids,0.0347327354314841,False,6.0,100.0,100.0
Flupentixol,F11,mental and behavioural disorders due to use of opioids,8.9452768465701e-05,False,12.0,100.0,100.0
Remifentanil,F11,mental and behavioural disorders due to use of opioids,4.1077551302740376e-06,False,211.0,100.0,100.0
Ondansetron,F11,mental and behavioural disorders due to use of opioids,0.0307702729652938,False,73.0,75.0,100.0
Buprenorphine,F11,mental and behavioural disorders due to use of opioids,5.63722722330382e-10,False,7032.0,100.0,100.0
Cyclobenzaprine,F11,mental and behavioural disorders due to use of opioids,0.0070859821070289,False,11.0,100.0,75.0
Mesoridazine,F11,mental and behavioural disorders due to use of opioids,4.1077551302740376e-06,False,0.0,100.0,100.0
Maprotiline,F11,mental and behavioural disorders due to use of opioids,8.460438310463396e-06,False,1.0,100.0,100.0
Fexofenadine,F11,mental and behavioural disorders due to use of opioids,0.0158234831786618,False,0.0,50.0,75.0
Hydrocodone,F11,mental and behavioural disorders due to use of opioids,1.351935558049869e-05,False,386.0,100.0,100.0
Desloratadine,F11,mental and behavioural disorders due to use of opioids,0.0096535938959489,False,0.0,50.0,75.0
Azelastine,F11,mental and behavioural disorders due to use of opioids,0.0347327354314841,False,0.0,75.0,100.0
Dopamine,F11,mental and behavioural disorders due to use of opioids,6.298591505202932e-07,False,2053.0,100.0,100.0
Selegiline,F11,mental and behavioural disorders due to use of opioids,0.0307702729652938,False,10.0,75.0,100.0
Promethazine,F11,mental and behavioural disorders due to use of opioids,6.53796875872652e-06,False,53.0,100.0,100.0
Tegaserod,F11,mental and behavioural disorders due to use of opioids,0.0002543198018334,False,1.0,75.0,100.0
Diphenoxylate,F11,mental and behavioural disorders due to use of opioids,0.0011465122753036,False,27.0,100.0,100.0
Pimozide,F11,mental and behavioural disorders due to use of opioids,2.7614685513614375e-06,False,15.0,100.0,100.0
Sertraline,F11,mental and behavioural disorders due to use of opioids,0.0390090874190526,False,51.0,100.0,100.0
Doxepin,F11,mental and behavioural disorders due to use of opioids,1.028713389273777e-06,False,24.0,100.0,100.0
Nefazodone,F11,mental and behavioural disorders due to use of opioids,8.460438310463396e-06,False,7.0,100.0,100.0
Desipramine,F11,mental and behavioural disorders due to use of opioids,1.398206800791526e-06,False,0.0,100.0,100.0
Itraconazole,F11,mental and behavioural disorders due to use of opioids,0.0226683084630218,False,1.0,75.0,75.0
Propafenone,F11,mental and behavioural disorders due to use of opioids,0.0226683084630218,False,1.0,75.0,50.0
Naloxone,F11,mental and behavioural disorders due to use of opioids,3.809322668459536e-06,False,8500.0,100.0,100.0
Domperidone,F11,mental and behavioural disorders due to use of opioids,1.2800174358549746e-06,False,8.0,100.0,100.0
Pergolide,F11,mental and behavioural disorders due to use of opioids,7.58270820572082e-10,False,18.0,100.0,100.0
Dexfenfluramine,F11,mental and behavioural disorders due to use of opioids,0.0158234831786618,False,1.0,75.0,100.0
Oxymorphone,F11,mental and behavioural disorders due to use of opioids,1.351935558049869e-05,False,118.0,100.0,100.0
Acebutolol,F11,mental and behavioural disorders due to use of opioids,0.0070859821070289,False,0.0,100.0,75.0
Captopril,F11,mental and behavioural disorders due to use of opioids,0.0226683084630218,False,5.0,75.0,50.0
Bromocriptine,F11,mental and behavioural disorders due to use of opioids,1.3143114482946892e-09,False,29.0,100.0,100.0
Dezocine,F11,mental and behavioural disorders due to use of opioids,0.0011465122753036,False,13.0,100.0,100.0
Ketamine,F11,mental and behavioural disorders due to use of opioids,1.148792896598557e-07,False,475.0,100.0,100.0
Quetiapine,F11,mental and behavioural disorders due to use of opioids,1.5254040563017994e-10,True,0.0,100.0,100.0
Metoclopramide,F11,mental and behavioural disorders due to use of opioids,0.0191703797440278,False,18.0,75.0,100.0
Levodopa,F11,mental and behavioural disorders due to use of opioids,1.918831307377186e-06,False,89.0,100.0,100.0
Aripiprazole,F11,mental and behavioural disorders due to use of opioids,7.964398845882154e-09,True,34.0,100.0,100.0
Chlorprothixene,F11,mental and behavioural disorders due to use of opioids,1.773098234396456e-08,True,4.0,100.0,100.0
Clomipramine,F11,mental and behavioural disorders due to use of opioids,2.7614685513614375e-06,False,20.0,100.0,100.0
Bepridil,F11,mental and behavioural disorders due to use of opioids,0.0307702729652938,False,0.0,75.0,75.0
Paliperidone,F11,mental and behavioural disorders due to use of opioids,5.63722722330382e-10,False,8.0,100.0,100.0
Yohimbine,F11,mental and behavioural disorders due to use of opioids,2.6285211010007252e-08,False,85.0,100.0,100.0
Methotrimeprazine,F11,mental and behavioural disorders due to use of opioids,1.6674037972579515e-09,False,9.0,100.0,100.0
Testosterone propionate,F11,mental and behavioural disorders due to use of opioids,0.0158234831786618,False,1.0,100.0,100.0
Heroin,F11,mental and behavioural disorders due to use of opioids,1.351935558049869e-05,False,10843.0,100.0,100.0
Ethylmorphine,F11,mental and behavioural disorders due to use of opioids,0.0096535938959489,False,23.0,75.0,50.0
Lopinavir,F11,mental and behavioural disorders due to use of opioids,0.0191703797440278,False,7.0,75.0,75.0
Acepromazine,F11,mental and behavioural disorders due to use of opioids,0.0158234831786618,False,4.0,100.0,100.0
Molindone,F11,mental and behavioural disorders due to use of opioids,0.0047050023247169,True,0.0,75.0,100.0
Pipotiazine,F11,mental and behavioural disorders due to use of opioids,0.0002543198018334,False,0.0,100.0,100.0
Thioproperazine,F11,mental and behavioural disorders due to use of opioids,0.0158234831786618,False,0.0,100.0,100.0
Thiothixene,F11,mental and behavioural disorders due to use of opioids,8.9452768465701e-05,False,2.0,100.0,100.0
Zuclopenthixol,F11,mental and behavioural disorders due to use of opioids,0.0001333300535601,False,0.0,100.0,100.0
Debrisoquin,F11,mental and behavioural disorders due to use of opioids,0.0047050023247169,False,1.0,75.0,100.0
Fluspirilene,F11,mental and behavioural disorders due to use of opioids,0.0027761755742296,False,0.0,75.0,100.0
Tetrabenazine,F11,mental and behavioural disorders due to use of opioids,0.0047050023247169,False,1.0,75.0,100.0
Nilotinib,F11,mental and behavioural disorders due to use of opioids,0.0226683084630218,False,0.0,75.0,50.0
Lorcaserin,F11,mental and behavioural disorders due to use of opioids,0.0191703797440278,False,15.0,75.0,75.0
Flibanserin,F11,mental and behavioural disorders due to use of opioids,0.0047050023247169,False,3.0,100.0,100.0
Iloperidone,F11,mental and behavioural disorders due to use of opioids,6.808365092012321e-08,False,0.0,100.0,100.0
Lofexidine,F11,mental and behavioural disorders due to use of opioids,0.0266187032884972,False,114.0,75.0,100.0
Rotigotine,F11,mental and behavioural disorders due to use of opioids,1.2800174358549746e-06,False,23.0,100.0,100.0
Pimavanserin,F11,mental and behavioural disorders due to use of opioids,0.0011465122753036,False,0.0,100.0,100.0
Cariprazine,F11,mental and behavioural disorders due to use of opioids,4.806705314948811e-07,False,5.0,100.0,100.0
Sertindole,F11,mental and behavioural disorders due to use of opioids,1.2800174358549746e-06,False,1.0,100.0,100.0
Mianserin,F11,mental and behavioural disorders due to use of opioids,2.69691563116426e-09,False,22.0,100.0,100.0
Tapentadol,F11,mental and behavioural disorders due to use of opioids,1.918831307377186e-06,False,75.0,100.0,100.0
Asenapine,F11,mental and behavioural disorders due to use of opioids,2.69691563116426e-09,False,1.0,100.0,100.0
Nalmefene,F11,mental and behavioural disorders due to use of opioids,5.5604163452756685e-05,False,157.0,100.0,100.0
Alvimopan,F11,mental and behavioural disorders due to use of opioids,4.1077551302740376e-06,False,7.0,100.0,100.0
Temsirolimus,F11,mental and behavioural disorders due to use of opioids,0.0096535938959489,False,0.0,75.0,50.0
Amisulpride,F11,mental and behavioural disorders due to use of opioids,1.351935558049869e-05,False,6.0,100.0,100.0
Dapagliflozin,F11,mental and behavioural disorders due to use of opioids,0.0266187032884972,False,1.0,50.0,50.0
Panobinostat,F11,mental and behavioural disorders due to use of opioids,0.0047050023247169,False,0.0,100.0,100.0
Fesoterodine,F11,mental and behavioural disorders due to use of opioids,0.0158234831786618,False,0.0,100.0,75.0
Ketobemidone,F11,mental and behavioural disorders due to use of opioids,0.0003360598039809,False,17.0,100.0,100.0
Methylnaltrexone,F11,mental and behavioural disorders due to use of opioids,4.1077551302740376e-06,False,47.0,100.0,100.0
Lurasidone,F11,mental and behavioural disorders due to use of opioids,0.0127006939681155,False,1.0,75.0,100.0
Ticagrelor,F11,mental and behavioural disorders due to use of opioids,0.0070859821070289,False,0.0,100.0,75.0
Mirabegron,F11,mental and behavioural disorders due to use of opioids,0.0158234831786618,False,0.0,100.0,50.0
Enzalutamide,F11,mental and behavioural disorders due to use of opioids,0.0226683084630218,False,0.0,100.0,100.0
Levomilnacipran,F11,mental and behavioural disorders due to use of opioids,0.0158234831786618,False,0.0,100.0,100.0
Perospirone,F11,mental and behavioural disorders due to use of opioids,1.2800174358549746e-06,False,1.0,100.0,100.0
Captodiame,F11,mental and behavioural disorders due to use of opioids,0.0027761755742296,False,0.0,75.0,100.0
Naloxegol,F11,mental and behavioural disorders due to use of opioids,0.0047050023247169,False,28.0,100.0,100.0
Cannabidiol,F11,mental and behavioural disorders due to use of opioids,0.0007971809829925,False,65.0,100.0,100.0
Cobicistat,F11,mental and behavioural disorders due to use of opioids,0.0127006939681155,False,3.0,75.0,50.0
Umeclidinium,F11,mental and behavioural disorders due to use of opioids,0.0127006939681155,False,0.0,75.0,75.0
Brexpiprazole,F11,mental and behavioural disorders due to use of opioids,8.9452768465701e-05,False,6.0,100.0,100.0
Dosulepin,F11,mental and behavioural disorders due to use of opioids,0.0480025160951662,False,4.0,75.0,100.0
Dasabuvir,F11,mental and behavioural disorders due to use of opioids,0.0127006939681155,False,4.0,75.0,50.0
Lorpiprazole,F11,mental and behavioural disorders due to use of opioids,0.0001880315367785,False,0.0,100.0,100.0
Pholcodine,F11,mental and behavioural disorders due to use of opioids,4.1077551302740376e-06,False,8.0,100.0,100.0
Blonanserin,F11,mental and behavioural disorders due to use of opioids,3.0288993535401593e-05,False,0.0,100.0,100.0
Melperone,F11,mental and behavioural disorders due to use of opioids,0.0011465122753036,False,0.0,100.0,100.0
Zotepine,F11,mental and behavioural disorders due to use of opioids,0.0191703797440278,False,1.0,100.0,100.0
Eluxadoline,F11,mental and behavioural disorders due to use of opioids,5.5604163452756685e-05,False,2.0,100.0,100.0
Pipamperone,F11,mental and behavioural disorders due to use of opioids,4.806705314948811e-07,False,0.0,100.0,100.0
Tianeptine,F11,mental and behavioural disorders due to use of opioids,0.0070859821070289,False,26.0,100.0,100.0
Rolapitant,F11,mental and behavioural disorders due to use of opioids,0.0047050023247169,False,0.0,100.0,100.0
Opium,F11,mental and behavioural disorders due to use of opioids,2.6615360033961513e-07,False,1246.0,100.0,100.0
Pentoxyverine,F11,mental and behavioural disorders due to use of opioids,0.0047050023247169,False,0.0,75.0,100.0
Dihydro-alpha-ergocryptine,F11,mental and behavioural disorders due to use of opioids,0.0047050023247169,False,0.0,100.0,100.0
Asunaprevir,F11,mental and behavioural disorders due to use of opioids,0.0266187032884972,False,0.0,75.0,75.0
Curcumin,F11,mental and behavioural disorders due to use of opioids,0.0347327354314841,False,6.0,75.0,50.0
Naldemedine,F11,mental and behavioural disorders due to use of opioids,5.5604163452756685e-05,False,60.0,100.0,100.0
Tiapride,F11,mental and behavioural disorders due to use of opioids,0.0070859821070289,False,2.0,75.0,100.0
Nabiximols,F11,mental and behavioural disorders due to use of opioids,0.000706311634829,False,18.0,100.0,100.0
Aripiprazole lauroxil,F11,mental and behavioural disorders due to use of opioids,7.964398845882154e-09,True,2.0,100.0,100.0
Amphetamine,F12,mental and behavioural disorders due to use of cannabinoids,0.004944341820551,False,549.0,100.0,100.0
Tramadol,F12,mental and behavioural disorders due to use of cannabinoids,0.0035195757258611,False,15.0,100.0,100.0
Citalopram,F12,mental and behavioural disorders due to use of cannabinoids,6.348276662136868e-05,False,25.0,100.0,100.0
Ziprasidone,F12,mental and behavioural disorders due to use of cannabinoids,8.332913303045755e-09,True,4.0,100.0,100.0
Cabergoline,F12,mental and behavioural disorders due to use of cannabinoids,6.597635041265663e-08,False,0.0,100.0,100.0
Diethylstilbestrol,F12,mental and behavioural disorders due to use of cannabinoids,0.007650178342557,False,0.0,33.333333333333336,100.0
Ropinirole,F12,mental and behavioural disorders due to use of cannabinoids,1.8166458784972531e-06,False,1.0,100.0,100.0
Conjugated estrogens,F12,mental and behavioural disorders due to use of cannabinoids,0.0148770852551141,False,0.0,0.0,0.0
Acetaminophen,F12,mental and behavioural disorders due to use of cannabinoids,0.0148770852551141,False,19.0,33.333333333333336,100.0
Amitriptyline,F12,mental and behavioural disorders due to use of cannabinoids,1.349206687821346e-07,False,11.0,100.0,100.0
Olanzapine,F12,mental and behavioural disorders due to use of cannabinoids,1.3143114482946892e-09,True,26.0,100.0,100.0
Protriptyline,F12,mental and behavioural disorders due to use of cannabinoids,0.0144283542241347,False,0.0,100.0,100.0
Mefloquine,F12,mental and behavioural disorders due to use of cannabinoids,0.0465561306656006,False,0.0,33.333333333333336,33.333333333333336
Clozapine,F12,mental and behavioural disorders due to use of cannabinoids,1.1518352132856367e-09,False,26.0,100.0,100.0
Mirtazapine,F12,mental and behavioural disorders due to use of cannabinoids,1.3983332184180385e-07,False,12.0,100.0,100.0
Sulpiride,F12,mental and behavioural disorders due to use of cannabinoids,0.0211770036302416,False,10.0,33.333333333333336,66.66666666666667
Loxapine,F12,mental and behavioural disorders due to use of cannabinoids,2.3487783264601623e-10,True,0.0,100.0,100.0
Remoxipride,F12,mental and behavioural disorders due to use of cannabinoids,1.6958350687477809e-06,False,0.0,100.0,100.0
Pramipexole,F12,mental and behavioural disorders due to use of cannabinoids,1.3210962349929202e-06,False,0.0,100.0,100.0
Promazine,F12,mental and behavioural disorders due to use of cannabinoids,3.67544472622012e-08,False,1.0,100.0,100.0
Cyproheptadine,F12,mental and behavioural disorders due to use of cannabinoids,0.0465561306656006,False,4.0,0.0,100.0
Dipivefrin,F12,mental and behavioural disorders due to use of cannabinoids,0.0211770036302416,False,0.0,33.333333333333336,100.0
Droperidol,F12,mental and behavioural disorders due to use of cannabinoids,0.0035058920389023,False,8.0,33.333333333333336,100.0
Imipramine,F12,mental and behavioural disorders due to use of cannabinoids,4.779721455666703e-08,False,8.0,100.0,100.0
Dronabinol,F12,mental and behavioural disorders due to use of cannabinoids,0.0014916396976145,False,1614.0,33.333333333333336,100.0
Fluoxetine,F12,mental and behavioural disorders due to use of cannabinoids,0.0066508536684288,False,30.0,33.333333333333336,100.0
Chlorpromazine,F12,mental and behavioural disorders due to use of cannabinoids,1.2921903306595778e-10,False,10.0,100.0,100.0
Lenalidomide,F12,mental and behavioural disorders due to use of cannabinoids,0.0211770036302416,False,0.0,33.333333333333336,66.66666666666667
Gallamine Triethiodide,F12,mental and behavioural disorders due to use of cannabinoids,0.0211770036302416,False,0.0,33.333333333333336,100.0
Nabilone,F12,mental and behavioural disorders due to use of cannabinoids,0.0211770036302416,False,90.0,33.333333333333336,100.0
Buspirone,F12,mental and behavioural disorders due to use of cannabinoids,0.0376070176320357,False,17.0,33.333333333333336,100.0
Haloperidol,F12,mental and behavioural disorders due to use of cannabinoids,0.0001646482599127,False,57.0,100.0,100.0
Triflupromazine,F12,mental and behavioural disorders due to use of cannabinoids,0.0376070176320357,False,0.0,0.0,100.0
Toremifene,F12,mental and behavioural disorders due to use of cannabinoids,0.0290977609014281,False,0.0,0.0,0.0
Nortriptyline,F12,mental and behavioural disorders due to use of cannabinoids,5.089403440558249e-07,False,6.0,100.0,100.0
Amoxapine,F12,mental and behavioural disorders due to use of cannabinoids,1.4177470563247587e-09,False,0.0,100.0,100.0
Lamotrigine,F12,mental and behavioural disorders due to use of cannabinoids,0.000241625335695,False,4.0,100.0,100.0
Fenfluramine,F12,mental and behavioural disorders due to use of cannabinoids,0.0001939614347913,False,3.0,100.0,100.0
Lisuride,F12,mental and behavioural disorders due to use of cannabinoids,1.8166458784972531e-06,False,0.0,100.0,100.0
Nicardipine,F12,mental and behavioural disorders due to use of cannabinoids,0.0004654952111771,False,0.0,100.0,100.0
Fluphenazine,F12,mental and behavioural disorders due to use of cannabinoids,1.0952053932648776e-07,True,1.0,100.0,100.0
Trazodone,F12,mental and behavioural disorders due to use of cannabinoids,4.539789966221651e-07,False,3.0,100.0,100.0
Verapamil,F12,mental and behavioural disorders due to use of cannabinoids,0.0467096827300068,False,1.0,33.333333333333336,33.333333333333336
Thioridazine,F12,mental and behavioural disorders due to use of cannabinoids,0.0023983001766195,False,1.0,66.66666666666667,100.0
Ergotamine,F12,mental and behavioural disorders due to use of cannabinoids,2.420452689534828e-06,False,0.0,100.0,100.0
Apomorphine,F12,mental and behavioural disorders due to use of cannabinoids,1.3210962349929202e-06,False,10.0,100.0,100.0
Paroxetine,F12,mental and behavioural disorders due to use of cannabinoids,6.348276662136868e-05,False,8.0,100.0,100.0
Trimipramine,F12,mental and behavioural disorders due to use of cannabinoids,1.1045313043670585e-07,False,1.0,100.0,100.0
Risperidone,F12,mental and behavioural disorders due to use of cannabinoids,3.67544472622012e-08,False,23.0,100.0,100.0
Epinastine,F12,mental and behavioural disorders due to use of cannabinoids,0.0014916396976145,False,0.0,66.66666666666667,100.0
Propiomazine,F12,mental and behavioural disorders due to use of cannabinoids,5.448573684296013e-09,False,0.0,100.0,100.0
Alfentanil,F12,mental and behavioural disorders due to use of cannabinoids,0.0376070176320357,False,0.0,33.333333333333336,0.0
Minaprine,F12,mental and behavioural disorders due to use of cannabinoids,1.0952053932648776e-07,False,0.0,100.0,100.0
Fentanyl,F12,mental and behavioural disorders due to use of cannabinoids,0.0376070176320357,False,48.0,33.333333333333336,100.0
Trifluoperazine,F12,mental and behavioural disorders due to use of cannabinoids,1.6387902117051407e-05,False,1.0,33.333333333333336,100.0
Loperamide,F12,mental and behavioural disorders due to use of cannabinoids,0.0023983001766195,False,3.0,100.0,100.0
Dobutamine,F12,mental and behavioural disorders due to use of cannabinoids,0.0001939614347913,False,0.0,33.333333333333336,100.0
Donepezil,F12,mental and behavioural disorders due to use of cannabinoids,0.0211770036302416,False,7.0,33.333333333333336,66.66666666666667
Flupentixol,F12,mental and behavioural disorders due to use of cannabinoids,3.571120744625176e-06,False,0.0,100.0,100.0
Mesoridazine,F12,mental and behavioural disorders due to use of cannabinoids,0.0083825584562548,False,0.0,100.0,100.0
Maprotiline,F12,mental and behavioural disorders due to use of cannabinoids,1.3210962349929202e-06,False,0.0,100.0,100.0
Acetylsalicylic acid,F12,mental and behavioural disorders due to use of cannabinoids,0.0066508536684288,False,6.0,33.333333333333336,100.0
Dopamine,F12,mental and behavioural disorders due to use of cannabinoids,1.6275067023829208e-05,False,509.0,100.0,100.0
Promethazine,F12,mental and behavioural disorders due to use of cannabinoids,8.381137941459791e-09,False,4.0,100.0,100.0
Tegaserod,F12,mental and behavioural disorders due to use of cannabinoids,0.0014916396976145,False,0.0,66.66666666666667,100.0
Pimozide,F12,mental and behavioural disorders due to use of cannabinoids,3.451402366378009e-05,False,4.0,66.66666666666667,100.0
Doxepin,F12,mental and behavioural disorders due to use of cannabinoids,8.332913303045755e-09,False,1.0,100.0,100.0
Nefazodone,F12,mental and behavioural disorders due to use of cannabinoids,1.3210962349929202e-06,False,2.0,100.0,100.0
Desipramine,F12,mental and behavioural disorders due to use of cannabinoids,1.2893653517718829e-08,False,7.0,100.0,100.0
Terazosin,F12,mental and behavioural disorders due to use of cannabinoids,0.0376070176320357,False,0.0,0.0,0.0
Naloxone,F12,mental and behavioural disorders due to use of cannabinoids,0.0029353858445042,False,107.0,66.66666666666667,100.0
Domperidone,F12,mental and behavioural disorders due to use of cannabinoids,0.0014916396976145,False,1.0,33.333333333333336,100.0
Pergolide,F12,mental and behavioural disorders due to use of cannabinoids,3.67544472622012e-08,False,1.0,100.0,100.0
Dexfenfluramine,F12,mental and behavioural disorders due to use of cannabinoids,0.0465561306656006,False,2.0,66.66666666666667,100.0
Estramustine,F12,mental and behavioural disorders due to use of cannabinoids,0.0290977609014281,False,0.0,0.0,0.0
Bromocriptine,F12,mental and behavioural disorders due to use of cannabinoids,8.066608575930501e-10,False,2.0,100.0,100.0
Ketamine,F12,mental and behavioural disorders due to use of cannabinoids,0.007650178342557,False,93.0,100.0,100.0
Quetiapine,F12,mental and behavioural disorders due to use of cannabinoids,2.3487783264601623e-10,True,17.0,100.0,100.0
Levodopa,F12,mental and behavioural disorders due to use of cannabinoids,0.0019201222191709,False,8.0,100.0,100.0
Aripiprazole,F12,mental and behavioural disorders due to use of cannabinoids,6.653851106065333e-09,True,21.0,100.0,100.0
Chlorprothixene,F12,mental and behavioural disorders due to use of cannabinoids,3.391059350786209e-09,True,0.0,100.0,100.0
Clomipramine,F12,mental and behavioural disorders due to use of cannabinoids,3.451402366378009e-05,False,6.0,100.0,100.0
Ergonovine,F12,mental and behavioural disorders due to use of cannabinoids,0.0083825584562548,False,1.0,33.333333333333336,100.0
Lapatinib,F12,mental and behavioural disorders due to use of cannabinoids,0.0465561306656006,False,0.0,0.0,0.0
Paliperidone,F12,mental and behavioural disorders due to use of cannabinoids,2.6733688449181707e-08,False,2.0,100.0,100.0
Ephedrine,F12,mental and behavioural disorders due to use of cannabinoids,0.0211770036302416,False,9.0,100.0,100.0
Yohimbine,F12,mental and behavioural disorders due to use of cannabinoids,6.348276662136868e-05,False,11.0,100.0,100.0
Methotrimeprazine,F12,mental and behavioural disorders due to use of cannabinoids,1.1064137704903563e-09,False,0.0,100.0,100.0
Testosterone propionate,F12,mental and behavioural disorders due to use of cannabinoids,0.0465561306656006,False,0.0,33.333333333333336,100.0
Acepromazine,F12,mental and behavioural disorders due to use of cannabinoids,0.0008125189979633,False,0.0,100.0,100.0
Molindone,F12,mental and behavioural disorders due to use of cannabinoids,0.0144283542241347,True,1.0,33.333333333333336,100.0
Thioproperazine,F12,mental and behavioural disorders due to use of cannabinoids,0.0008125189979633,False,0.0,100.0,100.0
Thiothixene,F12,mental and behavioural disorders due to use of cannabinoids,0.0376070176320357,False,0.0,33.333333333333336,100.0
Zuclopenthixol,F12,mental and behavioural disorders due to use of cannabinoids,0.0008125189979633,False,0.0,100.0,100.0
Resveratrol,F12,mental and behavioural disorders due to use of cannabinoids,0.0244675793740121,False,5.0,33.333333333333336,100.0
Estriol,F12,mental and behavioural disorders due to use of cannabinoids,0.0211770036302416,False,0.0,33.333333333333336,66.66666666666667
Fluspirilene,F12,mental and behavioural disorders due to use of cannabinoids,0.0083825584562548,False,0.0,33.333333333333336,100.0
Flibanserin,F12,mental and behavioural disorders due to use of cannabinoids,0.0144283542241347,False,0.0,33.333333333333336,100.0
Iloperidone,F12,mental and behavioural disorders due to use of cannabinoids,1.8166458784972531e-06,False,1.0,100.0,100.0
Rotigotine,F12,mental and behavioural disorders due to use of cannabinoids,0.0014916396976145,False,0.0,100.0,100.0
Pimavanserin,F12,mental and behavioural disorders due to use of cannabinoids,0.0035058920389023,False,4.0,33.333333333333336,100.0
Cariprazine,F12,mental and behavioural disorders due to use of cannabinoids,0.0008125189979633,False,3.0,100.0,100.0
Sertindole,F12,mental and behavioural disorders due to use of cannabinoids,1.6387902117051407e-05,False,0.0,100.0,100.0
Mianserin,F12,mental and behavioural disorders due to use of cannabinoids,1.3983332184180385e-07,False,3.0,100.0,100.0
Pizotifen,F12,mental and behavioural disorders due to use of cannabinoids,0.0057852668794985,False,0.0,66.66666666666667,100.0
Lasofoxifene,F12,mental and behavioural disorders due to use of cannabinoids,0.0083825584562548,False,0.0,33.333333333333336,100.0
Silodosin,F12,mental and behavioural disorders due to use of cannabinoids,0.0376070176320357,False,0.0,0.0,33.333333333333336
Asenapine,F12,mental and behavioural disorders due to use of cannabinoids,1.3983332184180385e-07,False,1.0,100.0,100.0
Amisulpride,F12,mental and behavioural disorders due to use of cannabinoids,8.9452768465701e-05,False,3.0,33.333333333333336,100.0
Fesoterodine,F12,mental and behavioural disorders due to use of cannabinoids,0.0465561306656006,False,0.0,100.0,100.0
Lurasidone,F12,mental and behavioural disorders due to use of cannabinoids,0.0376070176320357,False,0.0,0.0,100.0
Pomalidomide,F12,mental and behavioural disorders due to use of cannabinoids,0.0290977609014281,False,0.0,33.333333333333336,0.0
Afatinib,F12,mental and behavioural disorders due to use of cannabinoids,0.0211770036302416,False,0.0,33.333333333333336,66.66666666666667
Levomilnacipran,F12,mental and behavioural disorders due to use of cannabinoids,0.0465561306656006,False,0.0,33.333333333333336,100.0
Perospirone,F12,mental and behavioural disorders due to use of cannabinoids,1.6387902117051407e-05,False,0.0,100.0,100.0
Captodiame,F12,mental and behavioural disorders due to use of cannabinoids,0.0083825584562548,False,0.0,33.333333333333336,100.0
Butriptyline,F12,mental and behavioural disorders due to use of cannabinoids,0.0083825584562548,False,0.0,33.333333333333336,100.0
Cannabidiol,F12,mental and behavioural disorders due to use of cannabinoids,1.7542824077952025e-05,False,987.0,100.0,100.0
Umeclidinium,F12,mental and behavioural disorders due to use of cannabinoids,0.0376070176320357,False,0.0,100.0,100.0
Brexpiprazole,F12,mental and behavioural disorders due to use of cannabinoids,0.0376070176320357,False,11.0,33.333333333333336,100.0
Dosulepin,F12,mental and behavioural disorders due to use of cannabinoids,0.0001056137963332,False,0.0,100.0,100.0
Lorpiprazole,F12,mental and behavioural disorders due to use of cannabinoids,1.044429529010033e-05,False,0.0,100.0,100.0
Blonanserin,F12,mental and behavioural disorders due to use of cannabinoids,0.0001939614347913,False,0.0,33.333333333333336,100.0
Zotepine,F12,mental and behavioural disorders due to use of cannabinoids,0.0011209634645747,False,0.0,100.0,100.0
Pipamperone,F12,mental and behavioural disorders due to use of cannabinoids,3.082746201741494e-08,False,0.0,100.0,100.0
Propacetamol,F12,mental and behavioural disorders due to use of cannabinoids,0.0211770036302416,False,0.0,33.333333333333336,66.66666666666667
Tianeptine,F12,mental and behavioural disorders due to use of cannabinoids,0.0211770036302416,False,2.0,100.0,100.0
Osimertinib,F12,mental and behavioural disorders due to use of cannabinoids,0.0211770036302416,False,0.0,33.333333333333336,66.66666666666667
Dihydro-alpha-ergocryptine,F12,mental and behavioural disorders due to use of cannabinoids,0.0144283542241347,False,0.0,33.333333333333336,100.0
Tiapride,F12,mental and behavioural disorders due to use of cannabinoids,0.0001939614347913,False,5.0,100.0,100.0
Nabiximols,F12,mental and behavioural disorders due to use of cannabinoids,1.441437892954539e-05,False,70.0,100.0,100.0
Aripiprazole lauroxil,F12,mental and behavioural disorders due to use of cannabinoids,6.653851106065333e-09,True,0.0,100.0,100.0
Ziprasidone,F13,mental and behavioural disorders due to use of sedatives or hypnotics,1.532584348361301e-09,True,54.0,100.0,100.0
Methysergide,F13,mental and behavioural disorders due to use of sedatives or hypnotics,0.0028847506485764,False,259.0,83.33333333333333,75.0
Cabergoline,F13,mental and behavioural disorders due to use of sedatives or hypnotics,3.2580035803301615e-10,False,8.0,100.0,75.0
Ropinirole,F13,mental and behavioural disorders due to use of sedatives or hypnotics,1.37078095006788e-10,False,5.0,100.0,100.0
Amitriptyline,F13,mental and behavioural disorders due to use of sedatives or hypnotics,0.0390090874190526,False,932.0,100.0,75.0
Olanzapine,F13,mental and behavioural disorders due to use of sedatives or hypnotics,6.192360317108716e-09,True,254.0,100.0,100.0
Clozapine,F13,mental and behavioural disorders due to use of sedatives or hypnotics,5.524057492703161e-09,False,271.0,100.0,75.0
Mirtazapine,F13,mental and behavioural disorders due to use of sedatives or hypnotics,3.044258454206233e-07,False,172.0,100.0,75.0
Sulpiride,F13,mental and behavioural disorders due to use of sedatives or hypnotics,0.0010398408410949,False,138.0,66.66666666666667,75.0
Loxapine,F13,mental and behavioural disorders due to use of sedatives or hypnotics,2.0279120428976595e-09,True,67.0,100.0,100.0
Remoxipride,F13,mental and behavioural disorders due to use of sedatives or hypnotics,1.1518352132856367e-09,False,0.0,100.0,100.0
Pramipexole,F13,mental and behavioural disorders due to use of sedatives or hypnotics,1.0773430956210279e-10,False,19.0,100.0,100.0
Promazine,F13,mental and behavioural disorders due to use of sedatives or hypnotics,1.2600074711178278e-07,False,248.0,100.0,100.0
Cyproheptadine,F13,mental and behavioural disorders due to use of sedatives or hypnotics,0.0023506354308989,False,235.0,50.0,50.0
Imipramine,F13,mental and behavioural disorders due to use of sedatives or hypnotics,0.0003783915482985,False,1199.0,100.0,75.0
Chlorpromazine,F13,mental and behavioural disorders due to use of sedatives or hypnotics,1.3143114482946892e-09,False,2513.0,100.0,100.0
Haloperidol,F13,mental and behavioural disorders due to use of sedatives or hypnotics,4.7775850865676835e-05,False,1524.0,100.0,100.0
Nortriptyline,F13,mental and behavioural disorders due to use of sedatives or hypnotics,0.0001880060389249,False,203.0,100.0,75.0
Amoxapine,F13,mental and behavioural disorders due to use of sedatives or hypnotics,4.879727332118656e-10,False,28.0,100.0,100.0
Lamotrigine,F13,mental and behavioural disorders due to use of sedatives or hypnotics,0.0105588983252691,False,223.0,100.0,75.0
Fenfluramine,F13,mental and behavioural disorders due to use of sedatives or hypnotics,0.0010398408410949,False,73.0,100.0,100.0
Lisuride,F13,mental and behavioural disorders due to use of sedatives or hypnotics,1.37078095006788e-10,False,15.0,100.0,100.0
Fluphenazine,F13,mental and behavioural disorders due to use of sedatives or hypnotics,8.88937170074215e-06,True,141.0,100.0,100.0
Trazodone,F13,mental and behavioural disorders due to use of sedatives or hypnotics,0.0052664505649086,False,338.0,100.0,100.0
Thioridazine,F13,mental and behavioural disorders due to use of sedatives or hypnotics,0.0045991095373961,False,247.0,83.33333333333333,75.0
Ergotamine,F13,mental and behavioural disorders due to use of sedatives or hypnotics,4.7775850865676835e-05,False,266.0,100.0,75.0
Apomorphine,F13,mental and behavioural disorders due to use of sedatives or hypnotics,1.0773430956210279e-10,False,356.0,100.0,100.0
Trimipramine,F13,mental and behavioural disorders due to use of sedatives or hypnotics,9.261169792457492e-05,False,54.0,100.0,100.0
Risperidone,F13,mental and behavioural disorders due to use of sedatives or hypnotics,2.1083961053117415e-10,False,221.0,100.0,100.0
Propiomazine,F13,mental and behavioural disorders due to use of sedatives or hypnotics,3.9309775785739635e-08,False,25.0,100.0,100.0
Minaprine,F13,mental and behavioural disorders due to use of sedatives or hypnotics,8.88937170074215e-06,False,4.0,100.0,100.0
Flupentixol,F13,mental and behavioural disorders due to use of sedatives or hypnotics,0.0018820540997838,False,52.0,83.33333333333333,75.0
Mesoridazine,F13,mental and behavioural disorders due to use of sedatives or hypnotics,0.0003901852864458,False,16.0,100.0,100.0
Maprotiline,F13,mental and behavioural disorders due to use of sedatives or hypnotics,3.425823063137221e-05,False,82.0,100.0,75.0
Dopamine,F13,mental and behavioural disorders due to use of sedatives or hypnotics,0.0001418473498615,False,2102.0,100.0,100.0
Promethazine,F13,mental and behavioural disorders due to use of sedatives or hypnotics,0.0066496774680457,False,794.0,100.0,100.0
Tegaserod,F13,mental and behavioural disorders due to use of sedatives or hypnotics,0.0034120025443807,False,6.0,83.33333333333333,75.0
Pimozide,F13,mental and behavioural disorders due to use of sedatives or hypnotics,0.0045991095373961,False,75.0,100.0,75.0
Doxepin,F13,mental and behavioural disorders due to use of sedatives or hypnotics,0.0001880060389249,False,991.0,100.0,100.0
Nefazodone,F13,mental and behavioural disorders due to use of sedatives or hypnotics,0.0074116314707965,False,33.0,100.0,100.0
Desipramine,F13,mental and behavioural disorders due to use of sedatives or hypnotics,0.000222869364333,False,388.0,100.0,100.0
Domperidone,F13,mental and behavioural disorders due to use of sedatives or hypnotics,0.0034120025443807,False,34.0,83.33333333333333,75.0
Pergolide,F13,mental and behavioural disorders due to use of sedatives or hypnotics,2.1083961053117415e-10,False,8.0,100.0,100.0
Bromocriptine,F13,mental and behavioural disorders due to use of sedatives or hypnotics,3.2580035803301615e-10,False,73.0,100.0,100.0
Ketamine,F13,mental and behavioural disorders due to use of sedatives or hypnotics,0.0096535938959489,False,5591.0,100.0,100.0
Quetiapine,F13,mental and behavioural disorders due to use of sedatives or hypnotics,2.0279120428976595e-09,True,0.0,100.0,100.0
Levodopa,F13,mental and behavioural disorders due to use of sedatives or hypnotics,1.17811247486809e-05,False,181.0,100.0,75.0
Aripiprazole,F13,mental and behavioural disorders due to use of sedatives or hypnotics,1.3143114482946892e-09,True,97.0,100.0,100.0
Chlorprothixene,F13,mental and behavioural disorders due to use of sedatives or hypnotics,3.0234745564211684e-08,True,147.0,100.0,100.0
Clomipramine,F13,mental and behavioural disorders due to use of sedatives or hypnotics,0.0045991095373961,False,156.0,100.0,75.0
Paliperidone,F13,mental and behavioural disorders due to use of sedatives or hypnotics,1.7356353261604578e-10,False,16.0,100.0,100.0
Yohimbine,F13,mental and behavioural disorders due to use of sedatives or hypnotics,3.9309775785739635e-08,False,1681.0,100.0,100.0
Methotrimeprazine,F13,mental and behavioural disorders due to use of sedatives or hypnotics,4.0410275292403247e-10,False,151.0,100.0,100.0
Acepromazine,F13,mental and behavioural disorders due to use of sedatives or hypnotics,0.0023506354308989,False,559.0,100.0,75.0
Molindone,F13,mental and behavioural disorders due to use of sedatives or hypnotics,0.0006877625609581,True,5.0,83.33333333333333,75.0
Pipotiazine,F13,mental and behavioural disorders due to use of sedatives or hypnotics,0.0034120025443807,False,3.0,100.0,75.0
Thioproperazine,F13,mental and behavioural disorders due to use of sedatives or hypnotics,0.0023506354308989,False,11.0,100.0,75.0
Thiothixene,F13,mental and behavioural disorders due to use of sedatives or hypnotics,0.0018820540997838,False,32.0,100.0,75.0
Zuclopenthixol,F13,mental and behavioural disorders due to use of sedatives or hypnotics,0.0023506354308989,False,34.0,100.0,75.0
Fluspirilene,F13,mental and behavioural disorders due to use of sedatives or hypnotics,0.0003901852864458,False,10.0,83.33333333333333,75.0
Flibanserin,F13,mental and behavioural disorders due to use of sedatives or hypnotics,0.0006877625609581,False,4.0,100.0,75.0
Iloperidone,F13,mental and behavioural disorders due to use of sedatives or hypnotics,8.362560448646656e-08,False,2.0,100.0,75.0
Rotigotine,F13,mental and behavioural disorders due to use of sedatives or hypnotics,8.88937170074215e-06,False,3.0,100.0,100.0
Pimavanserin,F13,mental and behavioural disorders due to use of sedatives or hypnotics,0.00015361822774,False,5.0,100.0,75.0
Cariprazine,F13,mental and behavioural disorders due to use of sedatives or hypnotics,4.610932951411525e-06,False,7.0,100.0,100.0
Sertindole,F13,mental and behavioural disorders due to use of sedatives or hypnotics,8.88937170074215e-06,False,12.0,100.0,75.0
Mianserin,F13,mental and behavioural disorders due to use of sedatives or hypnotics,3.044258454206233e-07,False,197.0,100.0,100.0
Pizotifen,F13,mental and behavioural disorders due to use of sedatives or hypnotics,0.0081822764488979,False,10.0,83.33333333333333,75.0
Asenapine,F13,mental and behavioural disorders due to use of sedatives or hypnotics,5.908582327996344e-10,False,7.0,100.0,75.0
Amisulpride,F13,mental and behavioural disorders due to use of sedatives or hypnotics,4.613432980097518e-07,False,36.0,100.0,75.0
Lurasidone,F13,mental and behavioural disorders due to use of sedatives or hypnotics,0.0018820540997838,False,5.0,83.33333333333333,75.0
Perospirone,F13,mental and behavioural disorders due to use of sedatives or hypnotics,8.88937170074215e-06,False,3.0,100.0,100.0
Captodiame,F13,mental and behavioural disorders due to use of sedatives or hypnotics,0.0003901852864458,False,11.0,83.33333333333333,75.0
Brexpiprazole,F13,mental and behavioural disorders due to use of sedatives or hypnotics,0.0018820540997838,False,8.0,100.0,75.0
Lorpiprazole,F13,mental and behavioural disorders due to use of sedatives or hypnotics,0.0028847506485764,False,0.0,100.0,75.0
Blonanserin,F13,mental and behavioural disorders due to use of sedatives or hypnotics,1.028713389273777e-06,False,4.0,100.0,75.0
Zotepine,F13,mental and behavioural disorders due to use of sedatives or hypnotics,0.0028847506485764,False,11.0,100.0,75.0
Pipamperone,F13,mental and behavioural disorders due to use of sedatives or hypnotics,4.004323597659477e-09,False,11.0,100.0,75.0
Dihydro-alpha-ergocryptine,F13,mental and behavioural disorders due to use of sedatives or hypnotics,0.0006877625609581,False,0.0,100.0,75.0
Tiapride,F13,mental and behavioural disorders due to use of sedatives or hypnotics,0.0010398408410949,False,37.0,83.33333333333333,75.0
Aripiprazole lauroxil,F13,mental and behavioural disorders due to use of sedatives or hypnotics,1.3143114482946892e-09,True,0.0,100.0,100.0
Amphetamine,F14,mental and behavioural disorders due to use of cocaine,0.0480025160951662,False,3652.0,50.0,100.0
Tramadol,F14,mental and behavioural disorders due to use of cocaine,4.9201808100157925e-06,False,44.0,100.0,100.0
Citalopram,F14,mental and behavioural disorders due to use of cocaine,0.0390090874190526,False,37.0,100.0,100.0
Ziprasidone,F14,mental and behavioural disorders due to use of cocaine,1.028713389273777e-06,True,12.0,100.0,100.0
Methysergide,F14,mental and behavioural disorders due to use of cocaine,0.0191703797440278,False,0.0,50.0,100.0
Cabergoline,F14,mental and behavioural disorders due to use of cocaine,1.8589236296534185e-07,False,4.0,100.0,100.0
Ropinirole,F14,mental and behavioural disorders due to use of cocaine,6.808365092012321e-08,False,4.0,100.0,100.0
Morphine,F14,mental and behavioural disorders due to use of cocaine,0.0006408678200286,False,1574.0,100.0,100.0
Codeine,F14,mental and behavioural disorders due to use of cocaine,0.0003360598039809,False,204.0,100.0,100.0
Amitriptyline,F14,mental and behavioural disorders due to use of cocaine,7.417662838403684e-06,False,0.0,100.0,100.0
Hydromorphone,F14,mental and behavioural disorders due to use of cocaine,0.0001333300535601,False,35.0,100.0,100.0
Olanzapine,F14,mental and behavioural disorders due to use of cocaine,4.3462014607517635e-06,True,44.0,100.0,100.0
Clozapine,F14,mental and behavioural disorders due to use of cocaine,3.996641342009578e-06,False,50.0,100.0,100.0
Mirtazapine,F14,mental and behavioural disorders due to use of cocaine,2.69691563116426e-09,False,24.0,100.0,100.0
Sulpiride,F14,mental and behavioural disorders due to use of cocaine,0.0070859821070289,False,18.0,50.0,100.0
Loxapine,F14,mental and behavioural disorders due to use of cocaine,1.3922524582641472e-08,True,3.0,100.0,100.0
Remoxipride,F14,mental and behavioural disorders due to use of cocaine,1.2600074711178278e-07,False,1.0,100.0,100.0
Pramipexole,F14,mental and behavioural disorders due to use of cocaine,5.069692461610255e-08,False,13.0,100.0,100.0
Promazine,F14,mental and behavioural disorders due to use of cocaine,1.5927018316372797e-05,False,1.0,100.0,100.0
Cyproheptadine,F14,mental and behavioural disorders due to use of cocaine,0.0158234831786618,False,2.0,0.0,100.0
Pethidine,F14,mental and behavioural disorders due to use of cocaine,0.0012170439125001,False,27.0,100.0,100.0
Imipramine,F14,mental and behavioural disorders due to use of cocaine,0.0002201065921627,False,28.0,100.0,100.0
Chlorpromazine,F14,mental and behavioural disorders due to use of cocaine,8.801870201797079e-07,False,21.0,100.0,100.0
Oxycodone,F14,mental and behavioural disorders due to use of cocaine,0.0001333300535601,False,122.0,100.0,100.0
Haloperidol,F14,mental and behavioural disorders due to use of cocaine,0.0012170439125001,False,81.0,100.0,100.0
Dextromethorphan,F14,mental and behavioural disorders due to use of cocaine,3.827750760087132e-05,False,15.0,100.0,100.0
Nortriptyline,F14,mental and behavioural disorders due to use of cocaine,0.0042859942064395,False,7.0,100.0,100.0
Amoxapine,F14,mental and behavioural disorders due to use of cocaine,2.108509503837598e-09,False,0.0,100.0,100.0
Lamotrigine,F14,mental and behavioural disorders due to use of cocaine,0.0016049944218708,False,28.0,100.0,100.0
Fenfluramine,F14,mental and behavioural disorders due to use of cocaine,0.0070859821070289,False,36.0,100.0,100.0
Lisuride,F14,mental and behavioural disorders due to use of cocaine,6.808365092012321e-08,False,5.0,100.0,100.0
Butorphanol,F14,mental and behavioural disorders due to use of cocaine,4.1077551302740376e-06,False,4.0,100.0,100.0
Fluphenazine,F14,mental and behavioural disorders due to use of cocaine,0.0002543198018334,True,9.0,100.0,100.0
Dextropropoxyphene,F14,mental and behavioural disorders due to use of cocaine,0.0001880315367785,False,28.0,100.0,100.0
Pentazocine,F14,mental and behavioural disorders due to use of cocaine,0.0027761755742296,False,16.0,50.0,100.0
Trazodone,F14,mental and behavioural disorders due to use of cocaine,0.0347327354314841,False,12.0,100.0,100.0
Thioridazine,F14,mental and behavioural disorders due to use of cocaine,0.0307702729652938,False,3.0,50.0,100.0
Ergotamine,F14,mental and behavioural disorders due to use of cocaine,0.0012170439125001,False,64.0,100.0,100.0
Naltrexone,F14,mental and behavioural disorders due to use of cocaine,5.5604163452756685e-05,False,228.0,100.0,100.0
Sufentanil,F14,mental and behavioural disorders due to use of cocaine,1.351935558049869e-05,False,1.0,100.0,100.0
Apomorphine,F14,mental and behavioural disorders due to use of cocaine,5.069692461610255e-08,False,49.0,100.0,100.0
Trimipramine,F14,mental and behavioural disorders due to use of cocaine,3.2730911412395546e-05,False,0.0,100.0,100.0
Risperidone,F14,mental and behavioural disorders due to use of cocaine,1.148792896598557e-07,False,48.0,100.0,100.0
Propiomazine,F14,mental and behavioural disorders due to use of cocaine,4.9201808100157925e-06,False,0.0,100.0,100.0
Minaprine,F14,mental and behavioural disorders due to use of cocaine,0.0002543198018334,False,1.0,100.0,100.0
Fentanyl,F14,mental and behavioural disorders due to use of cocaine,8.9452768465701e-05,False,342.0,100.0,100.0
Loperamide,F14,mental and behavioural disorders due to use of cocaine,0.0004256889346385,False,1.0,100.0,100.0
Nalbuphine,F14,mental and behavioural disorders due to use of cocaine,4.1077551302740376e-06,False,5.0,100.0,100.0
Levorphanol,F14,mental and behavioural disorders due to use of cocaine,4.1077551302740376e-06,False,2.0,100.0,100.0
Flupentixol,F14,mental and behavioural disorders due to use of cocaine,0.0127006939681155,False,26.0,100.0,100.0
Remifentanil,F14,mental and behavioural disorders due to use of cocaine,4.1077551302740376e-06,False,18.0,100.0,100.0
Amantadine,F14,mental and behavioural disorders due to use of cocaine,0.0226683084630218,False,58.0,0.0,100.0
Buprenorphine,F14,mental and behavioural disorders due to use of cocaine,0.0012170439125001,False,454.0,100.0,100.0
Mesoridazine,F14,mental and behavioural disorders due to use of cocaine,0.0027761755742296,False,0.0,100.0,100.0
Maprotiline,F14,mental and behavioural disorders due to use of cocaine,0.0009087788561708,False,2.0,100.0,100.0
Hydrocodone,F14,mental and behavioural disorders due to use of cocaine,0.0047050023247169,False,47.0,100.0,100.0
Dopamine,F14,mental and behavioural disorders due to use of cocaine,5.308741114849488e-09,False,3405.0,100.0,100.0
Promethazine,F14,mental and behavioural disorders due to use of cocaine,0.0435584917934571,False,3.0,100.0,100.0
Tegaserod,F14,mental and behavioural disorders due to use of cocaine,0.0226683084630218,False,0.0,50.0,100.0
Diphenoxylate,F14,mental and behavioural disorders due to use of cocaine,0.0011465122753036,False,1.0,100.0,100.0
Pimozide,F14,mental and behavioural disorders due to use of cocaine,0.0307702729652938,False,6.0,100.0,100.0
Doxepin,F14,mental and behavioural disorders due to use of cocaine,0.0042859942064395,False,2.0,100.0,100.0
Nefazodone,F14,mental and behavioural disorders due to use of cocaine,0.0009087788561708,False,7.0,100.0,100.0
Desipramine,F14,mental and behavioural disorders due to use of cocaine,0.0050243599131892,False,132.0,100.0,100.0
Bupropion,F14,mental and behavioural disorders due to use of cocaine,0.0307702729652938,False,88.0,100.0,100.0
Naloxone,F14,mental and behavioural disorders due to use of cocaine,0.0005251989176129,False,382.0,100.0,100.0
Domperidone,F14,mental and behavioural disorders due to use of cocaine,0.0226683084630218,False,0.0,100.0,100.0
Pergolide,F14,mental and behavioural disorders due to use of cocaine,1.148792896598557e-07,False,14.0,100.0,100.0
Oxymorphone,F14,mental and behavioural disorders due to use of cocaine,0.0047050023247169,False,10.0,100.0,100.0
Bromocriptine,F14,mental and behavioural disorders due to use of cocaine,1.8589236296534185e-07,False,79.0,100.0,100.0
Dezocine,F14,mental and behavioural disorders due to use of cocaine,0.0011465122753036,False,0.0,100.0,100.0
Ketamine,F14,mental and behavioural disorders due to use of cocaine,1.148792896598557e-07,False,264.0,100.0,100.0
Quetiapine,F14,mental and behavioural disorders due to use of cocaine,1.398206800791526e-06,True,36.0,100.0,100.0
Levomethadyl Acetate,F14,mental and behavioural disorders due to use of cocaine,0.0127006939681155,False,0.0,50.0,50.0
Levodopa,F14,mental and behavioural disorders due to use of cocaine,0.0003360598039809,False,42.0,100.0,100.0
Aripiprazole,F14,mental and behavioural disorders due to use of cocaine,8.801870201797079e-07,True,55.0,100.0,100.0
Chlorprothixene,F14,mental and behavioural disorders due to use of cocaine,3.809322668459536e-06,True,0.0,100.0,100.0
Clomipramine,F14,mental and behavioural disorders due to use of cocaine,0.0307702729652938,False,4.0,100.0,100.0
Paliperidone,F14,mental and behavioural disorders due to use of cocaine,8.880116903676813e-08,False,5.0,100.0,100.0
Yohimbine,F14,mental and behavioural disorders due to use of cocaine,4.9201808100157925e-06,False,52.0,100.0,100.0
Methotrimeprazine,F14,mental and behavioural disorders due to use of cocaine,2.3547832270786394e-07,False,1.0,100.0,100.0
Heroin,F14,mental and behavioural disorders due to use of cocaine,1.351935558049869e-05,False,3717.0,100.0,100.0
Acepromazine,F14,mental and behavioural disorders due to use of cocaine,0.0158234831786618,False,0.0,100.0,100.0
Molindone,F14,mental and behavioural disorders due to use of cocaine,0.0047050023247169,True,1.0,50.0,100.0
Pipotiazine,F14,mental and behavioural disorders due to use of cocaine,0.0226683084630218,False,0.0,100.0,100.0
Thioproperazine,F14,mental and behavioural disorders due to use of cocaine,0.0158234831786618,False,0.0,100.0,100.0
Thiothixene,F14,mental and behavioural disorders due to use of cocaine,0.0127006939681155,False,0.0,100.0,100.0
Zuclopenthixol,F14,mental and behavioural disorders due to use of cocaine,0.0158234831786618,False,2.0,100.0,100.0
Fluspirilene,F14,mental and behavioural disorders due to use of cocaine,0.0027761755742296,False,0.0,50.0,100.0
Flibanserin,F14,mental and behavioural disorders due to use of cocaine,0.0047050023247169,False,0.0,100.0,100.0
Iloperidone,F14,mental and behavioural disorders due to use of cocaine,1.035041802116249e-05,False,1.0,100.0,100.0
Rotigotine,F14,mental and behavioural disorders due to use of cocaine,0.0002543198018334,False,1.0,100.0,100.0
Pimavanserin,F14,mental and behavioural disorders due to use of cocaine,0.0011465122753036,False,2.0,100.0,100.0
Cariprazine,F14,mental and behavioural disorders due to use of cocaine,0.0001333300535601,False,9.0,100.0,100.0
Sertindole,F14,mental and behavioural disorders due to use of cocaine,0.0002543198018334,False,0.0,100.0,100.0
Mianserin,F14,mental and behavioural disorders due to use of cocaine,2.69691563116426e-09,False,7.0,100.0,100.0
Tapentadol,F14,mental and behavioural disorders due to use of cocaine,0.0003360598039809,False,0.0,100.0,100.0
Asenapine,F14,mental and behavioural disorders due to use of cocaine,3.5979030790741313e-07,False,2.0,100.0,100.0
Nalmefene,F14,mental and behavioural disorders due to use of cocaine,5.5604163452756685e-05,False,8.0,100.0,100.0
Alvimopan,F14,mental and behavioural disorders due to use of cocaine,4.1077551302740376e-06,False,0.0,100.0,100.0
Amisulpride,F14,mental and behavioural disorders due to use of cocaine,1.351935558049869e-05,False,8.0,100.0,100.0
Ketobemidone,F14,mental and behavioural disorders due to use of cocaine,0.0003360598039809,False,3.0,100.0,100.0
Methylnaltrexone,F14,mental and behavioural disorders due to use of cocaine,0.0027761755742296,False,0.0,100.0,100.0
Lurasidone,F14,mental and behavioural disorders due to use of cocaine,0.0127006939681155,False,2.0,50.0,100.0
Perospirone,F14,mental and behavioural disorders due to use of cocaine,0.0002543198018334,False,0.0,100.0,100.0
Captodiame,F14,mental and behavioural disorders due to use of cocaine,0.0027761755742296,False,0.0,50.0,100.0
Cannabidiol,F14,mental and behavioural disorders due to use of cocaine,0.0007971809829925,False,44.0,100.0,100.0
Brexpiprazole,F14,mental and behavioural disorders due to use of cocaine,0.0127006939681155,False,3.0,100.0,100.0
Lorpiprazole,F14,mental and behavioural disorders due to use of cocaine,0.0191703797440278,False,0.0,100.0,100.0
Pholcodine,F14,mental and behavioural disorders due to use of cocaine,4.1077551302740376e-06,False,2.0,100.0,100.0
Blonanserin,F14,mental and behavioural disorders due to use of cocaine,3.0288993535401593e-05,False,0.0,100.0,100.0
Zotepine,F14,mental and behavioural disorders due to use of cocaine,0.0191703797440278,False,0.0,100.0,100.0
Eluxadoline,F14,mental and behavioural disorders due to use of cocaine,5.5604163452756685e-05,False,0.0,100.0,100.0
Pipamperone,F14,mental and behavioural disorders due to use of cocaine,4.806705314948811e-07,False,0.0,100.0,100.0
Tianeptine,F14,mental and behavioural disorders due to use of cocaine,0.0070859821070289,False,2.0,100.0,100.0
Opium,F14,mental and behavioural disorders due to use of cocaine,8.9452768465701e-05,False,112.0,100.0,100.0
Pentoxyverine,F14,mental and behavioural disorders due to use of cocaine,0.0047050023247169,False,0.0,50.0,100.0
Dihydro-alpha-ergocryptine,F14,mental and behavioural disorders due to use of cocaine,0.0047050023247169,False,0.0,100.0,100.0
Naldemedine,F14,mental and behavioural disorders due to use of cocaine,5.5604163452756685e-05,False,0.0,100.0,100.0
Tiapride,F14,mental and behavioural disorders due to use of cocaine,0.0070859821070289,False,0.0,50.0,100.0
Nabiximols,F14,mental and behavioural disorders due to use of cocaine,0.000706311634829,False,1.0,100.0,100.0
Aripiprazole lauroxil,F14,mental and behavioural disorders due to use of cocaine,8.801870201797079e-07,True,1.0,100.0,100.0
Ziprasidone,F15,"mental and behavioural disorders due to use of stimulants, including caffeine",1.532584348361301e-09,True,0.0,100.0,0.0
Methysergide,F15,"mental and behavioural disorders due to use of stimulants, including caffeine",0.0028847506485764,False,0.0,50.0,0.0
Cabergoline,F15,"mental and behavioural disorders due to use of stimulants, including caffeine",3.2580035803301615e-10,False,0.0,100.0,0.0
Ropinirole,F15,"mental and behavioural disorders due to use of stimulants, including caffeine",1.37078095006788e-10,False,0.0,100.0,0.0
Amitriptyline,F15,"mental and behavioural disorders due to use of stimulants, including caffeine",0.0390090874190526,False,1.0,100.0,0.0
Olanzapine,F15,"mental and behavioural disorders due to use of stimulants, including caffeine",6.192360317108716e-09,True,1.0,100.0,0.0
Clozapine,F15,"mental and behavioural disorders due to use of stimulants, including caffeine",5.524057492703161e-09,False,4.0,100.0,0.0
Mirtazapine,F15,"mental and behavioural disorders due to use of stimulants, including caffeine",3.044258454206233e-07,False,0.0,100.0,0.0
Sulpiride,F15,"mental and behavioural disorders due to use of stimulants, including caffeine",0.0010398408410949,False,1.0,0.0,0.0
Loxapine,F15,"mental and behavioural disorders due to use of stimulants, including caffeine",2.0279120428976595e-09,True,0.0,100.0,0.0
Remoxipride,F15,"mental and behavioural disorders due to use of stimulants, including caffeine",1.1518352132856367e-09,False,0.0,100.0,0.0
Pramipexole,F15,"mental and behavioural disorders due to use of stimulants, including caffeine",1.0773430956210279e-10,False,0.0,100.0,0.0
Promazine,F15,"mental and behavioural disorders due to use of stimulants, including caffeine",1.2600074711178278e-07,False,0.0,100.0,0.0
Cyproheptadine,F15,"mental and behavioural disorders due to use of stimulants, including caffeine",0.0023506354308989,False,0.0,0.0,0.0
Imipramine,F15,"mental and behavioural disorders due to use of stimulants, including caffeine",0.0003783915482985,False,1.0,100.0,0.0
Chlorpromazine,F15,"mental and behavioural disorders due to use of stimulants, including caffeine",1.3143114482946892e-09,False,2.0,100.0,0.0
Haloperidol,F15,"mental and behavioural disorders due to use of stimulants, including caffeine",4.7775850865676835e-05,False,0.0,100.0,0.0
Nortriptyline,F15,"mental and behavioural disorders due to use of stimulants, including caffeine",0.0001880060389249,False,0.0,100.0,0.0
Amoxapine,F15,"mental and behavioural disorders due to use of stimulants, including caffeine",4.879727332118656e-10,False,0.0,100.0,0.0
Lamotrigine,F15,"mental and behavioural disorders due to use of stimulants, including caffeine",0.0105588983252691,False,0.0,100.0,0.0
Fenfluramine,F15,"mental and behavioural disorders due to use of stimulants, including caffeine",0.0010398408410949,False,0.0,100.0,0.0
Lisuride,F15,"mental and behavioural disorders due to use of stimulants, including caffeine",1.37078095006788e-10,False,0.0,100.0,0.0
Fluphenazine,F15,"mental and behavioural disorders due to use of stimulants, including caffeine",8.88937170074215e-06,True,0.0,100.0,0.0
Trazodone,F15,"mental and behavioural disorders due to use of stimulants, including caffeine",0.0052664505649086,False,0.0,100.0,0.0
Thioridazine,F15,"mental and behavioural disorders due to use of stimulants, including caffeine",0.0045991095373961,False,0.0,0.0,0.0
Ergotamine,F15,"mental and behavioural disorders due to use of stimulants, including caffeine",4.7775850865676835e-05,False,2.0,100.0,0.0
Apomorphine,F15,"mental and behavioural disorders due to use of stimulants, including caffeine",1.0773430956210279e-10,False,0.0,100.0,0.0
Trimipramine,F15,"mental and behavioural disorders due to use of stimulants, including caffeine",9.261169792457492e-05,False,0.0,100.0,0.0
Risperidone,F15,"mental and behavioural disorders due to use of stimulants, including caffeine",2.1083961053117415e-10,False,0.0,100.0,0.0
Propiomazine,F15,"mental and behavioural disorders due to use of stimulants, including caffeine",3.9309775785739635e-08,False,0.0,100.0,0.0
Minaprine,F15,"mental and behavioural disorders due to use of stimulants, including caffeine",8.88937170074215e-06,False,0.0,100.0,0.0
Flupentixol,F15,"mental and behavioural disorders due to use of stimulants, including caffeine",0.0018820540997838,False,0.0,100.0,0.0
Mesoridazine,F15,"mental and behavioural disorders due to use of stimulants, including caffeine",0.0003901852864458,False,0.0,100.0,0.0
Maprotiline,F15,"mental and behavioural disorders due to use of stimulants, including caffeine",3.425823063137221e-05,False,0.0,100.0,0.0
Dopamine,F15,"mental and behavioural disorders due to use of stimulants, including caffeine",0.0001418473498615,False,24.0,100.0,0.0
Promethazine,F15,"mental and behavioural disorders due to use of stimulants, including caffeine",0.0066496774680457,False,0.0,100.0,0.0
Tegaserod,F15,"mental and behavioural disorders due to use of stimulants, including caffeine",0.0034120025443807,False,0.0,0.0,0.0
Pimozide,F15,"mental and behavioural disorders due to use of stimulants, including caffeine",0.0045991095373961,False,0.0,50.0,0.0
Doxepin,F15,"mental and behavioural disorders due to use of stimulants, including caffeine",0.0001880060389249,False,1.0,100.0,0.0
Nefazodone,F15,"mental and behavioural disorders due to use of stimulants, including caffeine",0.0074116314707965,False,1.0,100.0,0.0
Desipramine,F15,"mental and behavioural disorders due to use of stimulants, including caffeine",0.000222869364333,False,1.0,100.0,0.0
Domperidone,F15,"mental and behavioural disorders due to use of stimulants, including caffeine",0.0034120025443807,False,0.0,50.0,0.0
Pergolide,F15,"mental and behavioural disorders due to use of stimulants, including caffeine",2.1083961053117415e-10,False,1.0,100.0,0.0
Bromocriptine,F15,"mental and behavioural disorders due to use of stimulants, including caffeine",3.2580035803301615e-10,False,0.0,100.0,0.0
Ketamine,F15,"mental and behavioural disorders due to use of stimulants, including caffeine",0.0096535938959489,False,5.0,100.0,0.0
Quetiapine,F15,"mental and behavioural disorders due to use of stimulants, including caffeine",2.0279120428976595e-09,True,0.0,100.0,0.0
Levodopa,F15,"mental and behavioural disorders due to use of stimulants, including caffeine",1.17811247486809e-05,False,0.0,100.0,0.0
Aripiprazole,F15,"mental and behavioural disorders due to use of stimulants, including caffeine",1.3143114482946892e-09,True,0.0,100.0,0.0
Chlorprothixene,F15,"mental and behavioural disorders due to use of stimulants, including caffeine",3.0234745564211684e-08,True,0.0,100.0,0.0
Clomipramine,F15,"mental and behavioural disorders due to use of stimulants, including caffeine",0.0045991095373961,False,1.0,100.0,0.0
Paliperidone,F15,"mental and behavioural disorders due to use of stimulants, including caffeine",1.7356353261604578e-10,False,0.0,100.0,0.0
Yohimbine,F15,"mental and behavioural disorders due to use of stimulants, including caffeine",3.9309775785739635e-08,False,2.0,100.0,0.0
Methotrimeprazine,F15,"mental and behavioural disorders due to use of stimulants, including caffeine",4.0410275292403247e-10,False,0.0,100.0,0.0
Acepromazine,F15,"mental and behavioural disorders due to use of stimulants, including caffeine",0.0023506354308989,False,0.0,100.0,0.0
Molindone,F15,"mental and behavioural disorders due to use of stimulants, including caffeine",0.0006877625609581,True,0.0,0.0,0.0
Pipotiazine,F15,"mental and behavioural disorders due to use of stimulants, including caffeine",0.0034120025443807,False,0.0,100.0,0.0
Thioproperazine,F15,"mental and behavioural disorders due to use of stimulants, including caffeine",0.0023506354308989,False,0.0,100.0,0.0
Thiothixene,F15,"mental and behavioural disorders due to use of stimulants, including caffeine",0.0018820540997838,False,0.0,50.0,0.0
Zuclopenthixol,F15,"mental and behavioural disorders due to use of stimulants, including caffeine",0.0023506354308989,False,0.0,100.0,0.0
Fluspirilene,F15,"mental and behavioural disorders due to use of stimulants, including caffeine",0.0003901852864458,False,0.0,0.0,0.0
Flibanserin,F15,"mental and behavioural disorders due to use of stimulants, including caffeine",0.0006877625609581,False,0.0,50.0,0.0
Iloperidone,F15,"mental and behavioural disorders due to use of stimulants, including caffeine",8.362560448646656e-08,False,0.0,100.0,0.0
Rotigotine,F15,"mental and behavioural disorders due to use of stimulants, including caffeine",8.88937170074215e-06,False,0.0,100.0,0.0
Pimavanserin,F15,"mental and behavioural disorders due to use of stimulants, including caffeine",0.00015361822774,False,0.0,50.0,0.0
Cariprazine,F15,"mental and behavioural disorders due to use of stimulants, including caffeine",4.610932951411525e-06,False,0.0,100.0,0.0
Sertindole,F15,"mental and behavioural disorders due to use of stimulants, including caffeine",8.88937170074215e-06,False,0.0,100.0,0.0
Mianserin,F15,"mental and behavioural disorders due to use of stimulants, including caffeine",3.044258454206233e-07,False,0.0,100.0,0.0
Pizotifen,F15,"mental and behavioural disorders due to use of stimulants, including caffeine",0.0081822764488979,False,0.0,0.0,0.0
Asenapine,F15,"mental and behavioural disorders due to use of stimulants, including caffeine",5.908582327996344e-10,False,0.0,100.0,0.0
Amisulpride,F15,"mental and behavioural disorders due to use of stimulants, including caffeine",4.613432980097518e-07,False,1.0,50.0,0.0
Lurasidone,F15,"mental and behavioural disorders due to use of stimulants, including caffeine",0.0018820540997838,False,0.0,50.0,0.0
Perospirone,F15,"mental and behavioural disorders due to use of stimulants, including caffeine",8.88937170074215e-06,False,0.0,100.0,0.0
Captodiame,F15,"mental and behavioural disorders due to use of stimulants, including caffeine",0.0003901852864458,False,0.0,0.0,0.0
Brexpiprazole,F15,"mental and behavioural disorders due to use of stimulants, including caffeine",0.0018820540997838,False,0.0,50.0,0.0
Lorpiprazole,F15,"mental and behavioural disorders due to use of stimulants, including caffeine",0.0028847506485764,False,0.0,100.0,0.0
Blonanserin,F15,"mental and behavioural disorders due to use of stimulants, including caffeine",1.028713389273777e-06,False,0.0,50.0,0.0
Zotepine,F15,"mental and behavioural disorders due to use of stimulants, including caffeine",0.0028847506485764,False,0.0,100.0,0.0
Pipamperone,F15,"mental and behavioural disorders due to use of stimulants, including caffeine",4.004323597659477e-09,False,0.0,100.0,0.0
Dihydro-alpha-ergocryptine,F15,"mental and behavioural disorders due to use of stimulants, including caffeine",0.0006877625609581,False,0.0,50.0,0.0
Tiapride,F15,"mental and behavioural disorders due to use of stimulants, including caffeine",0.0010398408410949,False,0.0,50.0,0.0
Aripiprazole lauroxil,F15,"mental and behavioural disorders due to use of stimulants, including caffeine",1.3143114482946892e-09,True,0.0,100.0,0.0
Ziprasidone,F16,mental and behavioural disorders due to use of hallucinogens,1.532584348361301e-09,True,5.0,0.0,0.0
Methysergide,F16,mental and behavioural disorders due to use of hallucinogens,0.0028847506485764,False,13.0,0.0,0.0
Cabergoline,F16,mental and behavioural disorders due to use of hallucinogens,3.2580035803301615e-10,False,0.0,0.0,0.0
Ropinirole,F16,mental and behavioural disorders due to use of hallucinogens,1.37078095006788e-10,False,2.0,0.0,0.0
Amitriptyline,F16,mental and behavioural disorders due to use of hallucinogens,0.0390090874190526,False,12.0,0.0,0.0
Olanzapine,F16,mental and behavioural disorders due to use of hallucinogens,6.192360317108716e-09,True,49.0,0.0,0.0
Clozapine,F16,mental and behavioural disorders due to use of hallucinogens,5.524057492703161e-09,False,93.0,0.0,0.0
Mirtazapine,F16,mental and behavioural disorders due to use of hallucinogens,3.044258454206233e-07,False,6.0,0.0,0.0
Sulpiride,F16,mental and behavioural disorders due to use of hallucinogens,0.0010398408410949,False,11.0,0.0,0.0
Loxapine,F16,mental and behavioural disorders due to use of hallucinogens,2.0279120428976595e-09,True,3.0,0.0,0.0
Remoxipride,F16,mental and behavioural disorders due to use of hallucinogens,1.1518352132856367e-09,False,4.0,0.0,0.0
Pramipexole,F16,mental and behavioural disorders due to use of hallucinogens,1.0773430956210279e-10,False,0.0,0.0,0.0
Promazine,F16,mental and behavioural disorders due to use of hallucinogens,1.2600074711178278e-07,False,4.0,0.0,0.0
Cyproheptadine,F16,mental and behavioural disorders due to use of hallucinogens,0.0023506354308989,False,6.0,0.0,0.0
Imipramine,F16,mental and behavioural disorders due to use of hallucinogens,0.0003783915482985,False,34.0,0.0,0.0
Chlorpromazine,F16,mental and behavioural disorders due to use of hallucinogens,1.3143114482946892e-09,False,86.0,0.0,0.0
Haloperidol,F16,mental and behavioural disorders due to use of hallucinogens,4.7775850865676835e-05,False,131.0,0.0,0.0
Nortriptyline,F16,mental and behavioural disorders due to use of hallucinogens,0.0001880060389249,False,3.0,0.0,0.0
Amoxapine,F16,mental and behavioural disorders due to use of hallucinogens,4.879727332118656e-10,False,0.0,0.0,0.0
Lamotrigine,F16,mental and behavioural disorders due to use of hallucinogens,0.0105588983252691,False,8.0,0.0,0.0
Fenfluramine,F16,mental and behavioural disorders due to use of hallucinogens,0.0010398408410949,False,16.0,0.0,0.0
Lisuride,F16,mental and behavioural disorders due to use of hallucinogens,1.37078095006788e-10,False,5.0,0.0,0.0
Fluphenazine,F16,mental and behavioural disorders due to use of hallucinogens,8.88937170074215e-06,True,3.0,0.0,0.0
Trazodone,F16,mental and behavioural disorders due to use of hallucinogens,0.0052664505649086,False,6.0,0.0,0.0
Thioridazine,F16,mental and behavioural disorders due to use of hallucinogens,0.0045991095373961,False,9.0,0.0,0.0
Ergotamine,F16,mental and behavioural disorders due to use of hallucinogens,4.7775850865676835e-05,False,9.0,0.0,0.0
Apomorphine,F16,mental and behavioural disorders due to use of hallucinogens,1.0773430956210279e-10,False,35.0,0.0,0.0
Trimipramine,F16,mental and behavioural disorders due to use of hallucinogens,9.261169792457492e-05,False,0.0,0.0,0.0
Risperidone,F16,mental and behavioural disorders due to use of hallucinogens,2.1083961053117415e-10,False,52.0,0.0,0.0
Propiomazine,F16,mental and behavioural disorders due to use of hallucinogens,3.9309775785739635e-08,False,0.0,0.0,0.0
Minaprine,F16,mental and behavioural disorders due to use of hallucinogens,8.88937170074215e-06,False,0.0,0.0,0.0
Flupentixol,F16,mental and behavioural disorders due to use of hallucinogens,0.0018820540997838,False,1.0,0.0,0.0
Mesoridazine,F16,mental and behavioural disorders due to use of hallucinogens,0.0003901852864458,False,0.0,0.0,0.0
Maprotiline,F16,mental and behavioural disorders due to use of hallucinogens,3.425823063137221e-05,False,0.0,0.0,0.0
Dopamine,F16,mental and behavioural disorders due to use of hallucinogens,0.0001418473498615,False,584.0,0.0,0.0
Promethazine,F16,mental and behavioural disorders due to use of hallucinogens,0.0066496774680457,False,4.0,0.0,0.0
Tegaserod,F16,mental and behavioural disorders due to use of hallucinogens,0.0034120025443807,False,0.0,0.0,0.0
Pimozide,F16,mental and behavioural disorders due to use of hallucinogens,0.0045991095373961,False,3.0,0.0,0.0
Doxepin,F16,mental and behavioural disorders due to use of hallucinogens,0.0001880060389249,False,1.0,0.0,0.0
Nefazodone,F16,mental and behavioural disorders due to use of hallucinogens,0.0074116314707965,False,3.0,0.0,0.0
Desipramine,F16,mental and behavioural disorders due to use of hallucinogens,0.000222869364333,False,13.0,0.0,0.0
Domperidone,F16,mental and behavioural disorders due to use of hallucinogens,0.0034120025443807,False,0.0,0.0,0.0
Pergolide,F16,mental and behavioural disorders due to use of hallucinogens,2.1083961053117415e-10,False,0.0,0.0,0.0
Bromocriptine,F16,mental and behavioural disorders due to use of hallucinogens,3.2580035803301615e-10,False,4.0,0.0,0.0
Ketamine,F16,mental and behavioural disorders due to use of hallucinogens,0.0096535938959489,False,436.0,0.0,0.0
Quetiapine,F16,mental and behavioural disorders due to use of hallucinogens,2.0279120428976595e-09,True,15.0,0.0,0.0
Levodopa,F16,mental and behavioural disorders due to use of hallucinogens,1.17811247486809e-05,False,10.0,0.0,0.0
Aripiprazole,F16,mental and behavioural disorders due to use of hallucinogens,1.3143114482946892e-09,True,17.0,0.0,0.0
Chlorprothixene,F16,mental and behavioural disorders due to use of hallucinogens,3.0234745564211684e-08,True,3.0,0.0,0.0
Clomipramine,F16,mental and behavioural disorders due to use of hallucinogens,0.0045991095373961,False,11.0,0.0,0.0
Paliperidone,F16,mental and behavioural disorders due to use of hallucinogens,1.7356353261604578e-10,False,1.0,0.0,0.0
Yohimbine,F16,mental and behavioural disorders due to use of hallucinogens,3.9309775785739635e-08,False,24.0,0.0,0.0
Methotrimeprazine,F16,mental and behavioural disorders due to use of hallucinogens,4.0410275292403247e-10,False,2.0,0.0,0.0
Acepromazine,F16,mental and behavioural disorders due to use of hallucinogens,0.0023506354308989,False,0.0,0.0,0.0
Molindone,F16,mental and behavioural disorders due to use of hallucinogens,0.0006877625609581,True,0.0,0.0,0.0
Pipotiazine,F16,mental and behavioural disorders due to use of hallucinogens,0.0034120025443807,False,0.0,0.0,0.0
Thioproperazine,F16,mental and behavioural disorders due to use of hallucinogens,0.0023506354308989,False,0.0,0.0,0.0
Thiothixene,F16,mental and behavioural disorders due to use of hallucinogens,0.0018820540997838,False,5.0,0.0,0.0
Zuclopenthixol,F16,mental and behavioural disorders due to use of hallucinogens,0.0023506354308989,False,0.0,0.0,0.0
Fluspirilene,F16,mental and behavioural disorders due to use of hallucinogens,0.0003901852864458,False,0.0,0.0,0.0
Flibanserin,F16,mental and behavioural disorders due to use of hallucinogens,0.0006877625609581,False,0.0,0.0,0.0
Iloperidone,F16,mental and behavioural disorders due to use of hallucinogens,8.362560448646656e-08,False,2.0,0.0,0.0
Rotigotine,F16,mental and behavioural disorders due to use of hallucinogens,8.88937170074215e-06,False,0.0,0.0,0.0
Pimavanserin,F16,mental and behavioural disorders due to use of hallucinogens,0.00015361822774,False,10.0,0.0,0.0
Cariprazine,F16,mental and behavioural disorders due to use of hallucinogens,4.610932951411525e-06,False,9.0,0.0,0.0
Sertindole,F16,mental and behavioural disorders due to use of hallucinogens,8.88937170074215e-06,False,6.0,0.0,0.0
Mianserin,F16,mental and behavioural disorders due to use of hallucinogens,3.044258454206233e-07,False,7.0,0.0,0.0
Pizotifen,F16,mental and behavioural disorders due to use of hallucinogens,0.0081822764488979,False,1.0,0.0,0.0
Asenapine,F16,mental and behavioural disorders due to use of hallucinogens,5.908582327996344e-10,False,5.0,0.0,0.0
Amisulpride,F16,mental and behavioural disorders due to use of hallucinogens,4.613432980097518e-07,False,5.0,0.0,0.0
Lurasidone,F16,mental and behavioural disorders due to use of hallucinogens,0.0018820540997838,False,15.0,0.0,0.0
Perospirone,F16,mental and behavioural disorders due to use of hallucinogens,8.88937170074215e-06,False,1.0,0.0,0.0
Captodiame,F16,mental and behavioural disorders due to use of hallucinogens,0.0003901852864458,False,0.0,0.0,0.0
Brexpiprazole,F16,mental and behavioural disorders due to use of hallucinogens,0.0018820540997838,False,5.0,0.0,0.0
Lorpiprazole,F16,mental and behavioural disorders due to use of hallucinogens,0.0028847506485764,False,0.0,0.0,0.0
Blonanserin,F16,mental and behavioural disorders due to use of hallucinogens,1.028713389273777e-06,False,2.0,0.0,0.0
Zotepine,F16,mental and behavioural disorders due to use of hallucinogens,0.0028847506485764,False,0.0,0.0,0.0
Pipamperone,F16,mental and behavioural disorders due to use of hallucinogens,4.004323597659477e-09,False,1.0,0.0,0.0
Dihydro-alpha-ergocryptine,F16,mental and behavioural disorders due to use of hallucinogens,0.0006877625609581,False,0.0,0.0,0.0
Tiapride,F16,mental and behavioural disorders due to use of hallucinogens,0.0010398408410949,False,2.0,0.0,0.0
Aripiprazole lauroxil,F16,mental and behavioural disorders due to use of hallucinogens,1.3143114482946892e-09,True,0.0,0.0,0.0
Nicotine,F17,mental and behavioural disorders due to use of tobacco,5.9112507200372314e-08,False,0.0,100.0,100.0
Ziprasidone,F17,mental and behavioural disorders due to use of tobacco,3.955754402563005e-06,True,1.0,100.0,100.0
Methysergide,F17,mental and behavioural disorders due to use of tobacco,0.0296663507457804,False,0.0,37.5,0.0
Cabergoline,F17,mental and behavioural disorders due to use of tobacco,7.097244389683198e-07,False,0.0,100.0,100.0
Ropinirole,F17,mental and behavioural disorders due to use of tobacco,2.512014099352612e-07,False,1.0,100.0,100.0
Olanzapine,F17,mental and behavioural disorders due to use of tobacco,1.6008589284693755e-05,True,30.0,100.0,100.0
Clozapine,F17,mental and behavioural disorders due to use of tobacco,2.391616483230403e-07,False,44.0,100.0,100.0
Mirtazapine,F17,mental and behavioural disorders due to use of tobacco,0.0001056137963332,False,4.0,100.0,100.0
Sulpiride,F17,mental and behavioural disorders due to use of tobacco,0.0110276399791183,False,3.0,75.0,50.0
Loxapine,F17,mental and behavioural disorders due to use of tobacco,5.172508677370169e-06,True,0.0,100.0,100.0
Remoxipride,F17,mental and behavioural disorders due to use of tobacco,3.575752453804528e-07,False,0.0,100.0,100.0
Pramipexole,F17,mental and behavioural disorders due to use of tobacco,1.8307792904576837e-07,False,0.0,100.0,100.0
Promazine,F17,mental and behavioural disorders due to use of tobacco,4.487344884560781e-05,False,0.0,100.0,100.0
Cyproheptadine,F17,mental and behavioural disorders due to use of tobacco,0.0242510149524375,False,1.0,62.5,75.0
Imipramine,F17,mental and behavioural disorders due to use of tobacco,0.0157724477222216,False,8.0,87.5,100.0
Fluoxetine,F17,mental and behavioural disorders due to use of tobacco,0.0024206055581285,False,20.0,87.5,100.0
Chlorpromazine,F17,mental and behavioural disorders due to use of tobacco,3.368568196023802e-06,False,13.0,100.0,100.0
Haloperidol,F17,mental and behavioural disorders due to use of tobacco,0.0024206055581285,False,20.0,100.0,100.0
Dextromethorphan,F17,mental and behavioural disorders due to use of tobacco,0.0048733210964297,False,4.0,87.5,75.0
Nortriptyline,F17,mental and behavioural disorders due to use of tobacco,0.0084427008207022,False,0.0,87.5,100.0
Amoxapine,F17,mental and behavioural disorders due to use of tobacco,1.10056311406134e-06,False,0.0,100.0,100.0
Fenfluramine,F17,mental and behavioural disorders due to use of tobacco,0.0110276399791183,False,4.0,100.0,100.0
Lisuride,F17,mental and behavioural disorders due to use of tobacco,2.512014099352612e-07,False,1.0,100.0,100.0
Fluphenazine,F17,mental and behavioural disorders due to use of tobacco,0.0005236344253429,True,2.0,100.0,100.0
Galantamine,F17,mental and behavioural disorders due to use of tobacco,5.581161198886319e-07,False,6.0,100.0,100.0
Thioridazine,F17,mental and behavioural disorders due to use of tobacco,0.0466703312693499,False,1.0,75.0,75.0
Ergotamine,F17,mental and behavioural disorders due to use of tobacco,0.0024206055581285,False,3.0,87.5,100.0
Apomorphine,F17,mental and behavioural disorders due to use of tobacco,1.8307792904576837e-07,False,6.0,100.0,100.0
Trimipramine,F17,mental and behavioural disorders due to use of tobacco,0.0044040574432691,False,0.0,100.0,75.0
Risperidone,F17,mental and behavioural disorders due to use of tobacco,4.357255417669813e-07,False,18.0,100.0,100.0
Propiomazine,F17,mental and behavioural disorders due to use of tobacco,1.3651715341480348e-05,False,0.0,87.5,75.0
Minaprine,F17,mental and behavioural disorders due to use of tobacco,0.0005236344253429,False,0.0,100.0,100.0
Flupentixol,F17,mental and behavioural disorders due to use of tobacco,0.0195218255859444,False,3.0,87.5,50.0
Ethanol,F17,mental and behavioural disorders due to use of tobacco,0.000152158026578,False,445.0,100.0,100.0
Amantadine,F17,mental and behavioural disorders due to use of tobacco,0.0005236344253429,False,4.0,100.0,75.0
Mesoridazine,F17,mental and behavioural disorders due to use of tobacco,0.0042784098356224,False,1.0,100.0,75.0
Maprotiline,F17,mental and behavioural disorders due to use of tobacco,0.001807821083296,False,0.0,100.0,100.0
Dopamine,F17,mental and behavioural disorders due to use of tobacco,0.0065351656798588,False,817.0,87.5,100.0
Memantine,F17,mental and behavioural disorders due to use of tobacco,0.0408730276648593,False,6.0,50.0,50.0
Tegaserod,F17,mental and behavioural disorders due to use of tobacco,0.0350516925353591,False,0.0,62.5,50.0
Pentolinium,F17,mental and behavioural disorders due to use of tobacco,0.0042784098356224,False,0.0,75.0,50.0
Pimozide,F17,mental and behavioural disorders due to use of tobacco,0.0466703312693499,False,0.0,62.5,75.0
Doxepin,F17,mental and behavioural disorders due to use of tobacco,0.0084427008207022,False,5.0,75.0,75.0
Desipramine,F17,mental and behavioural disorders due to use of tobacco,0.0002964092675995,False,3.0,100.0,100.0
Bupropion,F17,mental and behavioural disorders due to use of tobacco,0.0466703312693499,False,730.0,62.5,50.0
Domperidone,F17,mental and behavioural disorders due to use of tobacco,0.0350516925353591,False,0.0,37.5,25.0
Pergolide,F17,mental and behavioural disorders due to use of tobacco,4.357255417669813e-07,False,0.0,100.0,100.0
Dexfenfluramine,F17,mental and behavioural disorders due to use of tobacco,0.0242510149524375,False,0.0,62.5,75.0
Bromocriptine,F17,mental and behavioural disorders due to use of tobacco,7.097244389683198e-07,False,8.0,100.0,100.0
Quetiapine,F17,mental and behavioural disorders due to use of tobacco,5.172508677370169e-06,True,8.0,87.5,100.0
Levomethadyl Acetate,F17,mental and behavioural disorders due to use of tobacco,0.0195218255859444,False,1.0,75.0,50.0
Levodopa,F17,mental and behavioural disorders due to use of tobacco,0.0006817820078109,False,6.0,100.0,75.0
Aripiprazole,F17,mental and behavioural disorders due to use of tobacco,3.368568196023802e-06,True,11.0,100.0,75.0
Chlorprothixene,F17,mental and behavioural disorders due to use of tobacco,1.0218578866590486e-05,True,0.0,87.5,100.0
Clomipramine,F17,mental and behavioural disorders due to use of tobacco,0.0466703312693499,False,4.0,75.0,75.0
Paliperidone,F17,mental and behavioural disorders due to use of tobacco,3.3473069983444093e-07,False,2.0,100.0,100.0
Varenicline,F17,mental and behavioural disorders due to use of tobacco,0.0110276399791183,False,646.0,75.0,50.0
Amobarbital,F17,mental and behavioural disorders due to use of tobacco,0.0408730276648593,False,0.0,37.5,0.0
Yohimbine,F17,mental and behavioural disorders due to use of tobacco,1.3651715341480348e-05,False,9.0,100.0,100.0
Methotrimeprazine,F17,mental and behavioural disorders due to use of tobacco,8.906414868759172e-07,False,0.0,100.0,100.0
Acepromazine,F17,mental and behavioural disorders due to use of tobacco,0.0242510149524375,False,0.0,75.0,50.0
Molindone,F17,mental and behavioural disorders due to use of tobacco,0.0074116314707965,True,0.0,75.0,50.0
Pipotiazine,F17,mental and behavioural disorders due to use of tobacco,0.0350516925353591,False,0.0,62.5,50.0
Thioproperazine,F17,mental and behavioural disorders due to use of tobacco,0.0242510149524375,False,0.0,75.0,50.0
Thiothixene,F17,mental and behavioural disorders due to use of tobacco,0.0195218255859444,False,1.0,75.0,100.0
Zuclopenthixol,F17,mental and behavioural disorders due to use of tobacco,0.0242510149524375,False,0.0,62.5,25.0
Fluspirilene,F17,mental and behavioural disorders due to use of tobacco,0.0042784098356224,False,0.0,75.0,50.0
Lorcaserin,F17,mental and behavioural disorders due to use of tobacco,0.0296663507457804,False,7.0,62.5,100.0
Flibanserin,F17,mental and behavioural disorders due to use of tobacco,0.0074116314707965,False,0.0,75.0,50.0
Iloperidone,F17,mental and behavioural disorders due to use of tobacco,2.9223225421885624e-05,False,0.0,100.0,100.0
Rotigotine,F17,mental and behavioural disorders due to use of tobacco,0.0005236344253429,False,0.0,100.0,100.0
Pimavanserin,F17,mental and behavioural disorders due to use of tobacco,0.001814574343035,False,0.0,75.0,75.0
Cariprazine,F17,mental and behavioural disorders due to use of tobacco,0.0002767459527324,False,0.0,100.0,100.0
Sertindole,F17,mental and behavioural disorders due to use of tobacco,0.0005236344253429,False,0.0,100.0,75.0
Mianserin,F17,mental and behavioural disorders due to use of tobacco,0.0001056137963332,False,3.0,100.0,100.0
Asenapine,F17,mental and behavioural disorders due to use of tobacco,1.355143827822012e-06,False,0.0,100.0,100.0
Amisulpride,F17,mental and behavioural disorders due to use of tobacco,2.898484223426869e-05,False,2.0,87.5,100.0
Lurasidone,F17,mental and behavioural disorders due to use of tobacco,0.0195218255859444,False,0.0,75.0,50.0
Perospirone,F17,mental and behavioural disorders due to use of tobacco,0.0005236344253429,False,0.0,100.0,100.0
Captodiame,F17,mental and behavioural disorders due to use of tobacco,0.0042784098356224,False,0.0,75.0,50.0
Cytisine,F17,mental and behavioural disorders due to use of tobacco,0.0110276399791183,False,60.0,75.0,50.0
Brexpiprazole,F17,mental and behavioural disorders due to use of tobacco,0.0195218255859444,False,0.0,75.0,50.0
Lorpiprazole,F17,mental and behavioural disorders due to use of tobacco,0.0296663507457804,False,0.0,75.0,50.0
Blonanserin,F17,mental and behavioural disorders due to use of tobacco,6.405491672864415e-05,False,0.0,87.5,100.0
Zotepine,F17,mental and behavioural disorders due to use of tobacco,0.0296663507457804,False,0.0,50.0,25.0
Pipamperone,F17,mental and behavioural disorders due to use of tobacco,1.3777966775318722e-06,False,0.0,100.0,100.0
Dihydro-alpha-ergocryptine,F17,mental and behavioural disorders due to use of tobacco,0.0074116314707965,False,0.0,75.0,50.0
Tiapride,F17,mental and behavioural disorders due to use of tobacco,0.0110276399791183,False,0.0,87.5,50.0
Aripiprazole lauroxil,F17,mental and behavioural disorders due to use of tobacco,3.368568196023802e-06,True,0.0,100.0,75.0
Ziprasidone,F18,mental and behavioural disorders due to use of volatile solvents,1.532584348361301e-09,True,0.0,0.0,0.0
Methysergide,F18,mental and behavioural disorders due to use of volatile solvents,0.0028847506485764,False,0.0,0.0,0.0
Cabergoline,F18,mental and behavioural disorders due to use of volatile solvents,3.2580035803301615e-10,False,0.0,0.0,0.0
Ropinirole,F18,mental and behavioural disorders due to use of volatile solvents,1.37078095006788e-10,False,0.0,0.0,0.0
Amitriptyline,F18,mental and behavioural disorders due to use of volatile solvents,0.0390090874190526,False,0.0,0.0,0.0
Olanzapine,F18,mental and behavioural disorders due to use of volatile solvents,6.192360317108716e-09,True,0.0,0.0,0.0
Clozapine,F18,mental and behavioural disorders due to use of volatile solvents,5.524057492703161e-09,False,0.0,0.0,0.0
Mirtazapine,F18,mental and behavioural disorders due to use of volatile solvents,3.044258454206233e-07,False,0.0,0.0,0.0
Sulpiride,F18,mental and behavioural disorders due to use of volatile solvents,0.0010398408410949,False,0.0,0.0,0.0
Loxapine,F18,mental and behavioural disorders due to use of volatile solvents,2.0279120428976595e-09,True,0.0,0.0,0.0
Remoxipride,F18,mental and behavioural disorders due to use of volatile solvents,1.1518352132856367e-09,False,0.0,0.0,0.0
Pramipexole,F18,mental and behavioural disorders due to use of volatile solvents,1.0773430956210279e-10,False,0.0,0.0,0.0
Promazine,F18,mental and behavioural disorders due to use of volatile solvents,1.2600074711178278e-07,False,0.0,0.0,0.0
Cyproheptadine,F18,mental and behavioural disorders due to use of volatile solvents,0.0023506354308989,False,0.0,0.0,0.0
Imipramine,F18,mental and behavioural disorders due to use of volatile solvents,0.0003783915482985,False,0.0,0.0,0.0
Chlorpromazine,F18,mental and behavioural disorders due to use of volatile solvents,1.3143114482946892e-09,False,1.0,0.0,0.0
Haloperidol,F18,mental and behavioural disorders due to use of volatile solvents,4.7775850865676835e-05,False,0.0,0.0,0.0
Nortriptyline,F18,mental and behavioural disorders due to use of volatile solvents,0.0001880060389249,False,0.0,0.0,0.0
Amoxapine,F18,mental and behavioural disorders due to use of volatile solvents,4.879727332118656e-10,False,0.0,0.0,0.0
Lamotrigine,F18,mental and behavioural disorders due to use of volatile solvents,0.0105588983252691,False,0.0,0.0,0.0
Fenfluramine,F18,mental and behavioural disorders due to use of volatile solvents,0.0010398408410949,False,0.0,0.0,0.0
Lisuride,F18,mental and behavioural disorders due to use of volatile solvents,1.37078095006788e-10,False,0.0,0.0,0.0
Fluphenazine,F18,mental and behavioural disorders due to use of volatile solvents,8.88937170074215e-06,True,0.0,0.0,0.0
Trazodone,F18,mental and behavioural disorders due to use of volatile solvents,0.0052664505649086,False,0.0,0.0,0.0
Thioridazine,F18,mental and behavioural disorders due to use of volatile solvents,0.0045991095373961,False,0.0,0.0,0.0
Ergotamine,F18,mental and behavioural disorders due to use of volatile solvents,4.7775850865676835e-05,False,0.0,0.0,0.0
Apomorphine,F18,mental and behavioural disorders due to use of volatile solvents,1.0773430956210279e-10,False,0.0,0.0,0.0
Trimipramine,F18,mental and behavioural disorders due to use of volatile solvents,9.261169792457492e-05,False,0.0,0.0,0.0
Risperidone,F18,mental and behavioural disorders due to use of volatile solvents,2.1083961053117415e-10,False,0.0,0.0,0.0
Propiomazine,F18,mental and behavioural disorders due to use of volatile solvents,3.9309775785739635e-08,False,0.0,0.0,0.0
Minaprine,F18,mental and behavioural disorders due to use of volatile solvents,8.88937170074215e-06,False,0.0,0.0,0.0
Flupentixol,F18,mental and behavioural disorders due to use of volatile solvents,0.0018820540997838,False,0.0,0.0,0.0
Mesoridazine,F18,mental and behavioural disorders due to use of volatile solvents,0.0003901852864458,False,0.0,0.0,0.0
Maprotiline,F18,mental and behavioural disorders due to use of volatile solvents,3.425823063137221e-05,False,0.0,0.0,0.0
Dopamine,F18,mental and behavioural disorders due to use of volatile solvents,0.0001418473498615,False,8.0,0.0,0.0
Promethazine,F18,mental and behavioural disorders due to use of volatile solvents,0.0066496774680457,False,0.0,0.0,0.0
Tegaserod,F18,mental and behavioural disorders due to use of volatile solvents,0.0034120025443807,False,0.0,0.0,0.0
Pimozide,F18,mental and behavioural disorders due to use of volatile solvents,0.0045991095373961,False,0.0,0.0,0.0
Doxepin,F18,mental and behavioural disorders due to use of volatile solvents,0.0001880060389249,False,0.0,0.0,0.0
Nefazodone,F18,mental and behavioural disorders due to use of volatile solvents,0.0074116314707965,False,0.0,0.0,0.0
Desipramine,F18,mental and behavioural disorders due to use of volatile solvents,0.000222869364333,False,0.0,0.0,0.0
Domperidone,F18,mental and behavioural disorders due to use of volatile solvents,0.0034120025443807,False,0.0,0.0,0.0
Pergolide,F18,mental and behavioural disorders due to use of volatile solvents,2.1083961053117415e-10,False,0.0,0.0,0.0
Bromocriptine,F18,mental and behavioural disorders due to use of volatile solvents,3.2580035803301615e-10,False,0.0,0.0,0.0
Ketamine,F18,mental and behavioural disorders due to use of volatile solvents,0.0096535938959489,False,1.0,0.0,0.0
Quetiapine,F18,mental and behavioural disorders due to use of volatile solvents,2.0279120428976595e-09,True,0.0,0.0,0.0
Levodopa,F18,mental and behavioural disorders due to use of volatile solvents,1.17811247486809e-05,False,0.0,0.0,0.0
Aripiprazole,F18,mental and behavioural disorders due to use of volatile solvents,1.3143114482946892e-09,True,0.0,0.0,0.0
Chlorprothixene,F18,mental and behavioural disorders due to use of volatile solvents,3.0234745564211684e-08,True,0.0,0.0,0.0
Clomipramine,F18,mental and behavioural disorders due to use of volatile solvents,0.0045991095373961,False,0.0,0.0,0.0
Paliperidone,F18,mental and behavioural disorders due to use of volatile solvents,1.7356353261604578e-10,False,0.0,0.0,0.0
Yohimbine,F18,mental and behavioural disorders due to use of volatile solvents,3.9309775785739635e-08,False,0.0,0.0,0.0
Methotrimeprazine,F18,mental and behavioural disorders due to use of volatile solvents,4.0410275292403247e-10,False,0.0,0.0,0.0
Acepromazine,F18,mental and behavioural disorders due to use of volatile solvents,0.0023506354308989,False,0.0,0.0,0.0
Molindone,F18,mental and behavioural disorders due to use of volatile solvents,0.0006877625609581,True,0.0,0.0,0.0
Pipotiazine,F18,mental and behavioural disorders due to use of volatile solvents,0.0034120025443807,False,0.0,0.0,0.0
Thioproperazine,F18,mental and behavioural disorders due to use of volatile solvents,0.0023506354308989,False,0.0,0.0,0.0
Thiothixene,F18,mental and behavioural disorders due to use of volatile solvents,0.0018820540997838,False,0.0,0.0,0.0
Zuclopenthixol,F18,mental and behavioural disorders due to use of volatile solvents,0.0023506354308989,False,0.0,0.0,0.0
Fluspirilene,F18,mental and behavioural disorders due to use of volatile solvents,0.0003901852864458,False,0.0,0.0,0.0
Flibanserin,F18,mental and behavioural disorders due to use of volatile solvents,0.0006877625609581,False,0.0,0.0,0.0
Iloperidone,F18,mental and behavioural disorders due to use of volatile solvents,8.362560448646656e-08,False,0.0,0.0,0.0
Rotigotine,F18,mental and behavioural disorders due to use of volatile solvents,8.88937170074215e-06,False,0.0,0.0,0.0
Pimavanserin,F18,mental and behavioural disorders due to use of volatile solvents,0.00015361822774,False,0.0,0.0,0.0
Cariprazine,F18,mental and behavioural disorders due to use of volatile solvents,4.610932951411525e-06,False,0.0,0.0,0.0
Sertindole,F18,mental and behavioural disorders due to use of volatile solvents,8.88937170074215e-06,False,0.0,0.0,0.0
Mianserin,F18,mental and behavioural disorders due to use of volatile solvents,3.044258454206233e-07,False,0.0,0.0,0.0
Pizotifen,F18,mental and behavioural disorders due to use of volatile solvents,0.0081822764488979,False,0.0,0.0,0.0
Asenapine,F18,mental and behavioural disorders due to use of volatile solvents,5.908582327996344e-10,False,0.0,0.0,0.0
Amisulpride,F18,mental and behavioural disorders due to use of volatile solvents,4.613432980097518e-07,False,0.0,0.0,0.0
Lurasidone,F18,mental and behavioural disorders due to use of volatile solvents,0.0018820540997838,False,0.0,0.0,0.0
Perospirone,F18,mental and behavioural disorders due to use of volatile solvents,8.88937170074215e-06,False,0.0,0.0,0.0
Captodiame,F18,mental and behavioural disorders due to use of volatile solvents,0.0003901852864458,False,0.0,0.0,0.0
Brexpiprazole,F18,mental and behavioural disorders due to use of volatile solvents,0.0018820540997838,False,0.0,0.0,0.0
Lorpiprazole,F18,mental and behavioural disorders due to use of volatile solvents,0.0028847506485764,False,0.0,0.0,0.0
Blonanserin,F18,mental and behavioural disorders due to use of volatile solvents,1.028713389273777e-06,False,0.0,0.0,0.0
Zotepine,F18,mental and behavioural disorders due to use of volatile solvents,0.0028847506485764,False,0.0,0.0,0.0
Pipamperone,F18,mental and behavioural disorders due to use of volatile solvents,4.004323597659477e-09,False,0.0,0.0,0.0
Dihydro-alpha-ergocryptine,F18,mental and behavioural disorders due to use of volatile solvents,0.0006877625609581,False,0.0,0.0,0.0
Tiapride,F18,mental and behavioural disorders due to use of volatile solvents,0.0010398408410949,False,0.0,0.0,0.0
Aripiprazole lauroxil,F18,mental and behavioural disorders due to use of volatile solvents,1.3143114482946892e-09,True,0.0,0.0,0.0
Ziprasidone,F19,mental and behavioural disorders due to multiple drug use and use of psychoactive substances,1.532584348361301e-09,True,78.0,100.0,100.0
Methysergide,F19,mental and behavioural disorders due to multiple drug use and use of psychoactive substances,0.0028847506485764,False,2.0,60.0,100.0
Cabergoline,F19,mental and behavioural disorders due to multiple drug use and use of psychoactive substances,3.2580035803301615e-10,False,3.0,100.0,100.0
Ropinirole,F19,mental and behavioural disorders due to multiple drug use and use of psychoactive substances,1.37078095006788e-10,False,15.0,100.0,100.0
Amitriptyline,F19,mental and behavioural disorders due to multiple drug use and use of psychoactive substances,0.0390090874190526,False,83.0,60.0,100.0
Olanzapine,F19,mental and behavioural disorders due to multiple drug use and use of psychoactive substances,6.192360317108716e-09,True,390.0,100.0,100.0
Clozapine,F19,mental and behavioural disorders due to multiple drug use and use of psychoactive substances,5.524057492703161e-09,False,462.0,100.0,100.0
Mirtazapine,F19,mental and behavioural disorders due to multiple drug use and use of psychoactive substances,3.044258454206233e-07,False,85.0,100.0,100.0
Sulpiride,F19,mental and behavioural disorders due to multiple drug use and use of psychoactive substances,0.0010398408410949,False,28.0,60.0,50.0
Loxapine,F19,mental and behavioural disorders due to multiple drug use and use of psychoactive substances,2.0279120428976595e-09,True,10.0,100.0,100.0
Remoxipride,F19,mental and behavioural disorders due to multiple drug use and use of psychoactive substances,1.1518352132856367e-09,False,0.0,100.0,100.0
Pramipexole,F19,mental and behavioural disorders due to multiple drug use and use of psychoactive substances,1.0773430956210279e-10,False,28.0,100.0,100.0
Promazine,F19,mental and behavioural disorders due to multiple drug use and use of psychoactive substances,1.2600074711178278e-07,False,6.0,100.0,100.0
Cyproheptadine,F19,mental and behavioural disorders due to multiple drug use and use of psychoactive substances,0.0023506354308989,False,9.0,40.0,100.0
Imipramine,F19,mental and behavioural disorders due to multiple drug use and use of psychoactive substances,0.0003783915482985,False,92.0,100.0,100.0
Chlorpromazine,F19,mental and behavioural disorders due to multiple drug use and use of psychoactive substances,1.3143114482946892e-09,False,119.0,100.0,100.0
Haloperidol,F19,mental and behavioural disorders due to multiple drug use and use of psychoactive substances,4.7775850865676835e-05,False,286.0,100.0,100.0
Nortriptyline,F19,mental and behavioural disorders due to multiple drug use and use of psychoactive substances,0.0001880060389249,False,54.0,100.0,100.0
Amoxapine,F19,mental and behavioural disorders due to multiple drug use and use of psychoactive substances,4.879727332118656e-10,False,3.0,100.0,100.0
Lamotrigine,F19,mental and behavioural disorders due to multiple drug use and use of psychoactive substances,0.0105588983252691,False,110.0,60.0,100.0
Fenfluramine,F19,mental and behavioural disorders due to multiple drug use and use of psychoactive substances,0.0010398408410949,False,18.0,80.0,100.0
Lisuride,F19,mental and behavioural disorders due to multiple drug use and use of psychoactive substances,1.37078095006788e-10,False,8.0,100.0,100.0
Fluphenazine,F19,mental and behavioural disorders due to multiple drug use and use of psychoactive substances,8.88937170074215e-06,True,0.0,100.0,100.0
Trazodone,F19,mental and behavioural disorders due to multiple drug use and use of psychoactive substances,0.0052664505649086,False,59.0,100.0,100.0
Thioridazine,F19,mental and behavioural disorders due to multiple drug use and use of psychoactive substances,0.0045991095373961,False,28.0,60.0,100.0
Ergotamine,F19,mental and behavioural disorders due to multiple drug use and use of psychoactive substances,4.7775850865676835e-05,False,24.0,100.0,100.0
Apomorphine,F19,mental and behavioural disorders due to multiple drug use and use of psychoactive substances,1.0773430956210279e-10,False,41.0,100.0,100.0
Trimipramine,F19,mental and behavioural disorders due to multiple drug use and use of psychoactive substances,9.261169792457492e-05,False,5.0,100.0,100.0
Risperidone,F19,mental and behavioural disorders due to multiple drug use and use of psychoactive substances,2.1083961053117415e-10,False,425.0,100.0,100.0
Propiomazine,F19,mental and behavioural disorders due to multiple drug use and use of psychoactive substances,3.9309775785739635e-08,False,2.0,100.0,100.0
Minaprine,F19,mental and behavioural disorders due to multiple drug use and use of psychoactive substances,8.88937170074215e-06,False,0.0,100.0,100.0
Flupentixol,F19,mental and behavioural disorders due to multiple drug use and use of psychoactive substances,0.0018820540997838,False,11.0,100.0,100.0
Mesoridazine,F19,mental and behavioural disorders due to multiple drug use and use of psychoactive substances,0.0003901852864458,False,0.0,100.0,100.0
Maprotiline,F19,mental and behavioural disorders due to multiple drug use and use of psychoactive substances,3.425823063137221e-05,False,11.0,100.0,100.0
Dopamine,F19,mental and behavioural disorders due to multiple drug use and use of psychoactive substances,0.0001418473498615,False,1591.0,100.0,100.0
Promethazine,F19,mental and behavioural disorders due to multiple drug use and use of psychoactive substances,0.0066496774680457,False,19.0,100.0,100.0
Tegaserod,F19,mental and behavioural disorders due to multiple drug use and use of psychoactive substances,0.0034120025443807,False,0.0,60.0,100.0
Pimozide,F19,mental and behavioural disorders due to multiple drug use and use of psychoactive substances,0.0045991095373961,False,21.0,100.0,100.0
Doxepin,F19,mental and behavioural disorders due to multiple drug use and use of psychoactive substances,0.0001880060389249,False,27.0,100.0,100.0
Nefazodone,F19,mental and behavioural disorders due to multiple drug use and use of psychoactive substances,0.0074116314707965,False,25.0,80.0,100.0
Desipramine,F19,mental and behavioural disorders due to multiple drug use and use of psychoactive substances,0.000222869364333,False,0.0,100.0,100.0
Domperidone,F19,mental and behavioural disorders due to multiple drug use and use of psychoactive substances,0.0034120025443807,False,6.0,100.0,75.0
Pergolide,F19,mental and behavioural disorders due to multiple drug use and use of psychoactive substances,2.1083961053117415e-10,False,13.0,100.0,100.0
Bromocriptine,F19,mental and behavioural disorders due to multiple drug use and use of psychoactive substances,3.2580035803301615e-10,False,21.0,100.0,100.0
Ketamine,F19,mental and behavioural disorders due to multiple drug use and use of psychoactive substances,0.0096535938959489,False,675.0,60.0,100.0
Quetiapine,F19,mental and behavioural disorders due to multiple drug use and use of psychoactive substances,2.0279120428976595e-09,True,302.0,100.0,100.0
Levodopa,F19,mental and behavioural disorders due to multiple drug use and use of psychoactive substances,1.17811247486809e-05,False,141.0,100.0,100.0
Aripiprazole,F19,mental and behavioural disorders due to multiple drug use and use of psychoactive substances,1.3143114482946892e-09,True,211.0,100.0,100.0
Chlorprothixene,F19,mental and behavioural disorders due to multiple drug use and use of psychoactive substances,3.0234745564211684e-08,True,7.0,100.0,100.0
Clomipramine,F19,mental and behavioural disorders due to multiple drug use and use of psychoactive substances,0.0045991095373961,False,78.0,100.0,100.0
Paliperidone,F19,mental and behavioural disorders due to multiple drug use and use of psychoactive substances,1.7356353261604578e-10,False,73.0,100.0,100.0
Yohimbine,F19,mental and behavioural disorders due to multiple drug use and use of psychoactive substances,3.9309775785739635e-08,False,29.0,100.0,100.0
Methotrimeprazine,F19,mental and behavioural disorders due to multiple drug use and use of psychoactive substances,4.0410275292403247e-10,False,3.0,100.0,100.0
Acepromazine,F19,mental and behavioural disorders due to multiple drug use and use of psychoactive substances,0.0023506354308989,False,3.0,100.0,100.0
Molindone,F19,mental and behavioural disorders due to multiple drug use and use of psychoactive substances,0.0006877625609581,True,4.0,80.0,100.0
Pipotiazine,F19,mental and behavioural disorders due to multiple drug use and use of psychoactive substances,0.0034120025443807,False,0.0,100.0,100.0
Thioproperazine,F19,mental and behavioural disorders due to multiple drug use and use of psychoactive substances,0.0023506354308989,False,0.0,100.0,100.0
Thiothixene,F19,mental and behavioural disorders due to multiple drug use and use of psychoactive substances,0.0018820540997838,False,5.0,100.0,100.0
Zuclopenthixol,F19,mental and behavioural disorders due to multiple drug use and use of psychoactive substances,0.0023506354308989,False,0.0,80.0,100.0
Fluspirilene,F19,mental and behavioural disorders due to multiple drug use and use of psychoactive substances,0.0003901852864458,False,1.0,80.0,100.0
Flibanserin,F19,mental and behavioural disorders due to multiple drug use and use of psychoactive substances,0.0006877625609581,False,6.0,100.0,100.0
Iloperidone,F19,mental and behavioural disorders due to multiple drug use and use of psychoactive substances,8.362560448646656e-08,False,10.0,100.0,100.0
Rotigotine,F19,mental and behavioural disorders due to multiple drug use and use of psychoactive substances,8.88937170074215e-06,False,10.0,100.0,100.0
Pimavanserin,F19,mental and behavioural disorders due to multiple drug use and use of psychoactive substances,0.00015361822774,False,18.0,100.0,100.0
Cariprazine,F19,mental and behavioural disorders due to multiple drug use and use of psychoactive substances,4.610932951411525e-06,False,25.0,100.0,100.0
Sertindole,F19,mental and behavioural disorders due to multiple drug use and use of psychoactive substances,8.88937170074215e-06,False,18.0,100.0,100.0
Mianserin,F19,mental and behavioural disorders due to multiple drug use and use of psychoactive substances,3.044258454206233e-07,False,37.0,100.0,100.0
Pizotifen,F19,mental and behavioural disorders due to multiple drug use and use of psychoactive substances,0.0081822764488979,False,1.0,40.0,100.0
Asenapine,F19,mental and behavioural disorders due to multiple drug use and use of psychoactive substances,5.908582327996344e-10,False,19.0,100.0,100.0
Amisulpride,F19,mental and behavioural disorders due to multiple drug use and use of psychoactive substances,4.613432980097518e-07,False,52.0,100.0,100.0
Lurasidone,F19,mental and behavioural disorders due to multiple drug use and use of psychoactive substances,0.0018820540997838,False,25.0,60.0,100.0
Perospirone,F19,mental and behavioural disorders due to multiple drug use and use of psychoactive substances,8.88937170074215e-06,False,0.0,100.0,100.0
Captodiame,F19,mental and behavioural disorders due to multiple drug use and use of psychoactive substances,0.0003901852864458,False,0.0,80.0,100.0
Brexpiprazole,F19,mental and behavioural disorders due to multiple drug use and use of psychoactive substances,0.0018820540997838,False,31.0,80.0,100.0
Lorpiprazole,F19,mental and behavioural disorders due to multiple drug use and use of psychoactive substances,0.0028847506485764,False,0.0,100.0,100.0
Blonanserin,F19,mental and behavioural disorders due to multiple drug use and use of psychoactive substances,1.028713389273777e-06,False,4.0,100.0,100.0
Zotepine,F19,mental and behavioural disorders due to multiple drug use and use of psychoactive substances,0.0028847506485764,False,7.0,80.0,100.0
Pipamperone,F19,mental and behavioural disorders due to multiple drug use and use of psychoactive substances,4.004323597659477e-09,False,0.0,100.0,100.0
Dihydro-alpha-ergocryptine,F19,mental and behavioural disorders due to multiple drug use and use of psychoactive substances,0.0006877625609581,False,1.0,100.0,75.0
Tiapride,F19,mental and behavioural disorders due to multiple drug use and use of psychoactive substances,0.0010398408410949,False,7.0,60.0,100.0
Aripiprazole lauroxil,F19,mental and behavioural disorders due to multiple drug use and use of psychoactive substances,1.3143114482946892e-09,True,6.0,100.0,100.0
Tramadol,F20,schizophrenia,0.0016599793307854,False,9.0,100.0,100.0
Ziprasidone,F20,schizophrenia,0.0186797035448818,True,1120.0,100.0,100.0
Ropinirole,F20,schizophrenia,0.007183911865879,False,15.0,100.0,100.0
Loxapine,F20,schizophrenia,0.0076116765619675,True,213.0,100.0,100.0
Remoxipride,F20,schizophrenia,0.0064624985226566,True,111.0,100.0,100.0
Pramipexole,F20,schizophrenia,0.0287647208985306,False,27.0,100.0,100.0
Chlorpromazine,F20,schizophrenia,0.0145528198335428,True,2796.0,100.0,100.0
Dextromethorphan,F20,schizophrenia,0.0157872807902243,False,26.0,100.0,100.0
Amoxapine,F20,schizophrenia,0.0116541334676142,False,18.0,100.0,100.0
Fenfluramine,F20,schizophrenia,0.0398067624957973,False,45.0,100.0,100.0
Lisuride,F20,schizophrenia,0.007183911865879,False,25.0,100.0,100.0
Apomorphine,F20,schizophrenia,0.0287647208985306,False,605.0,100.0,100.0
Dopamine,F20,schizophrenia,0.0083224366564969,False,11610.0,100.0,100.0
Nefazodone,F20,schizophrenia,0.0287647208985306,False,14.0,100.0,100.0
Pergolide,F20,schizophrenia,0.0156037375820814,False,22.0,100.0,100.0
Bromocriptine,F20,schizophrenia,0.0299547821408891,False,148.0,100.0,100.0
Ketamine,F20,schizophrenia,0.0156037375820814,False,1209.0,100.0,100.0
Quetiapine,F20,schizophrenia,0.0076116765619675,True,2208.0,100.0,100.0
Aripiprazole,F20,schizophrenia,0.0145528198335428,True,2507.0,100.0,100.0
Chlorprothixene,F20,schizophrenia,0.0078273976658547,True,76.0,100.0,100.0
Methotrimeprazine,F20,schizophrenia,0.0083556406404226,True,115.0,100.0,100.0
Rotigotine,F20,schizophrenia,0.0123014381296806,False,4.0,100.0,100.0
Cariprazine,F20,schizophrenia,0.0329681500981474,True,334.0,100.0,100.0
Tianeptine,F20,schizophrenia,0.0398067624957973,False,10.0,100.0,100.0
Aripiprazole lauroxil,F20,schizophrenia,0.0145528198335428,True,76.0,100.0,100.0
Pseudoephedrine,F22,persistent delusional disorders,0.0321072105432218,False,0.0,100.0,66.66666666666667
Apremilast,F22,persistent delusional disorders,0.0145856411738086,False,0.0,0.0,66.66666666666667
Melatonin,F24,induced delusional disorder,0.0025255954755286,False,1.0,0.0,0.0
Carbocisteine,F24,induced delusional disorder,0.0458502670625731,False,0.0,0.0,0.0
Quinestrol,F24,induced delusional disorder,0.0458502670625731,False,0.0,0.0,0.0
Polyestradiol phosphate,F24,induced delusional disorder,0.0458502670625731,False,0.0,0.0,0.0
Temazepam,F25,schizoaffective disorders,2.72183718812958e-08,False,7.0,0.0,0.0
Butalbital,F25,schizoaffective disorders,0.0395097543349019,False,4.0,50.0,0.0
Ziprasidone,F25,schizoaffective disorders,7.585903802750097e-08,False,375.0,100.0,100.0
Methysergide,F25,schizoaffective disorders,0.0004790636355872,False,5.0,0.0,0.0
Cabergoline,F25,schizoaffective disorders,9.663829400241373e-09,False,17.0,100.0,100.0
Ropinirole,F25,schizoaffective disorders,2.69691563116426e-09,False,13.0,100.0,100.0
Talbutal,F25,schizoaffective disorders,0.0395097543349019,False,0.0,50.0,0.0
Amitriptyline,F25,schizoaffective disorders,0.0277435694968966,False,187.0,100.0,100.0
Olanzapine,F25,schizoaffective disorders,4.306256423786749e-07,False,1729.0,100.0,100.0
Clozapine,F25,schizoaffective disorders,3.7604496441317577e-07,False,2050.0,100.0,100.0
Mirtazapine,F25,schizoaffective disorders,0.0001391323145806,False,64.0,50.0,0.0
Meprobamate,F25,schizoaffective disorders,0.0275723424019095,False,61.0,0.0,0.0
Sulpiride,F25,schizoaffective disorders,0.0124992118585998,False,188.0,0.0,0.0
Loxapine,F25,schizoaffective disorders,1.075176645559482e-07,False,76.0,100.0,100.0
Remoxipride,F25,schizoaffective disorders,4.715850877653503e-07,False,26.0,100.0,100.0
Pramipexole,F25,schizoaffective disorders,1.919075170628311e-09,False,21.0,100.0,100.0
Promazine,F25,schizoaffective disorders,5.901878808414491e-05,False,80.0,100.0,100.0
Lindane,F25,schizoaffective disorders,0.0006392216506744,False,1.0,0.0,0.0
Cyproheptadine,F25,schizoaffective disorders,0.0275723424019095,False,14.0,0.0,0.0
Imipramine,F25,schizoaffective disorders,0.0007590582325635,False,282.0,100.0,100.0
Chlorpromazine,F25,schizoaffective disorders,6.299896949262899e-08,False,980.0,100.0,100.0
Buspirone,F25,schizoaffective disorders,0.0219375654720698,False,39.0,50.0,100.0
Haloperidol,F25,schizoaffective disorders,0.0029043437048704,False,1554.0,100.0,100.0
Nortriptyline,F25,schizoaffective disorders,0.000310789550787,False,50.0,50.0,0.0
Amoxapine,F25,schizoaffective disorders,1.6593649125797724e-08,False,19.0,100.0,100.0
Adinazolam,F25,schizoaffective disorders,4.765582808629417e-07,False,0.0,0.0,0.0
Fenfluramine,F25,schizoaffective disorders,0.0124992118585998,False,23.0,100.0,100.0
Lisuride,F25,schizoaffective disorders,2.69691563116426e-09,False,13.0,100.0,100.0
Fluphenazine,F25,schizoaffective disorders,0.0006392216506744,False,288.0,100.0,100.0
Trazodone,F25,schizoaffective disorders,0.0012816134640047,False,48.0,100.0,100.0
Midazolam,F25,schizoaffective disorders,5.118290145747763e-08,False,31.0,0.0,0.0
Flurazepam,F25,schizoaffective disorders,2.1422802575342112e-08,False,6.0,50.0,0.0
Ergotamine,F25,schizoaffective disorders,4.8436934389479e-05,False,88.0,50.0,0.0
Apomorphine,F25,schizoaffective disorders,1.919075170628311e-09,False,149.0,100.0,100.0
Trimipramine,F25,schizoaffective disorders,0.0001192573504661,False,8.0,100.0,100.0
Risperidone,F25,schizoaffective disorders,5.308741114849488e-09,False,1902.0,100.0,100.0
Propiomazine,F25,schizoaffective disorders,1.813760990513724e-05,False,2.0,100.0,100.0
Halazepam,F25,schizoaffective disorders,2.6671290111344505e-07,False,0.0,0.0,0.0
Minaprine,F25,schizoaffective disorders,0.0006392216506744,False,0.0,100.0,100.0
Diazepam,F25,schizoaffective disorders,6.4981117989210555e-06,False,269.0,0.0,0.0
Oxazepam,F25,schizoaffective disorders,3.378410791993184e-08,False,28.0,0.0,0.0
Flupentixol,F25,schizoaffective disorders,0.0219375654720698,False,70.0,50.0,0.0
Triazolam,F25,schizoaffective disorders,2.72183718812958e-08,False,17.0,0.0,0.0
Ethanol,F25,schizoaffective disorders,0.0002156411157801,False,301.0,100.0,100.0
Mesoridazine,F25,schizoaffective disorders,0.0048092698124259,False,16.0,100.0,100.0
Maprotiline,F25,schizoaffective disorders,0.0021991925343295,False,22.0,100.0,100.0
Dopamine,F25,schizoaffective disorders,0.0002133708438847,False,2426.0,100.0,100.0
Tegaserod,F25,schizoaffective disorders,0.0395097543349019,False,1.0,0.0,0.0
Doxepin,F25,schizoaffective disorders,0.000310789550787,False,17.0,100.0,100.0
Nefazodone,F25,schizoaffective disorders,0.0021991925343295,False,14.0,100.0,100.0
Desipramine,F25,schizoaffective disorders,0.0003901852864458,False,59.0,100.0,100.0
Domperidone,F25,schizoaffective disorders,0.0395097543349019,False,11.0,0.0,0.0
Pergolide,F25,schizoaffective disorders,5.308741114849488e-09,False,9.0,100.0,100.0
Bromocriptine,F25,schizoaffective disorders,9.663829400241373e-09,False,103.0,100.0,100.0
Estazolam,F25,schizoaffective disorders,3.624058704518469e-07,False,0.0,0.0,0.0
Ketamine,F25,schizoaffective disorders,0.0033411806281208,False,329.0,100.0,100.0
Quetiapine,F25,schizoaffective disorders,1.075176645559482e-07,False,0.0,100.0,100.0
Levodopa,F25,schizoaffective disorders,0.0008269529577542,False,332.0,100.0,100.0
Aripiprazole,F25,schizoaffective disorders,6.299896949262899e-08,False,768.0,100.0,100.0
Chlorprothixene,F25,schizoaffective disorders,1.3549756369606831e-05,False,64.0,100.0,100.0
Paliperidone,F25,schizoaffective disorders,3.89500512428405e-09,False,279.0,100.0,100.0
Amobarbital,F25,schizoaffective disorders,0.0458502670625731,False,45.0,0.0,0.0
Aprobarbital,F25,schizoaffective disorders,0.0395097543349019,False,0.0,50.0,0.0
Butethal,F25,schizoaffective disorders,0.0395097543349019,False,1.0,50.0,0.0
Heptabarbital,F25,schizoaffective disorders,0.0395097543349019,False,0.0,50.0,0.0
Yohimbine,F25,schizoaffective disorders,1.341208782261781e-07,False,225.0,100.0,100.0
Methotrimeprazine,F25,schizoaffective disorders,1.2865183681598142e-06,False,52.0,100.0,100.0
Flunitrazepam,F25,schizoaffective disorders,0.0033411806281208,False,12.0,0.0,0.0
Bromazepam,F25,schizoaffective disorders,1.6593649125797724e-08,False,7.0,0.0,0.0
Clotiazepam,F25,schizoaffective disorders,8.127082767782811e-07,False,0.0,0.0,0.0
Fludiazepam,F25,schizoaffective disorders,2.6671290111344505e-07,False,0.0,0.0,0.0
Prazepam,F25,schizoaffective disorders,3.624058704518469e-07,False,4.0,0.0,0.0
Quazepam,F25,schizoaffective disorders,6.298591505202932e-07,False,0.0,0.0,0.0
Cinolazepam,F25,schizoaffective disorders,2.6671290111344505e-07,False,0.0,0.0,0.0
Nitrazepam,F25,schizoaffective disorders,1.2602861397825791e-08,False,14.0,50.0,0.0
Acepromazine,F25,schizoaffective disorders,0.0003429996045681,False,3.0,50.0,0.0
Molindone,F25,schizoaffective disorders,3.55147567865145e-05,False,35.0,0.0,0.0
Pipotiazine,F25,schizoaffective disorders,0.0006392216506744,False,18.0,50.0,0.0
Thioproperazine,F25,schizoaffective disorders,0.0003429996045681,False,24.0,50.0,0.0
Thiothixene,F25,schizoaffective disorders,0.0219375654720698,False,61.0,0.0,0.0
Zuclopenthixol,F25,schizoaffective disorders,0.0275723424019095,False,100.0,50.0,0.0
Fluspirilene,F25,schizoaffective disorders,0.0048092698124259,False,13.0,0.0,0.0
Flibanserin,F25,schizoaffective disorders,3.55147567865145e-05,False,0.0,0.0,0.0
Iloperidone,F25,schizoaffective disorders,3.624058704518469e-07,False,23.0,50.0,0.0
Lofexidine,F25,schizoaffective disorders,0.0458502670625731,False,1.0,0.0,0.0
Rotigotine,F25,schizoaffective disorders,4.7040213216833615e-06,False,2.0,100.0,100.0
Pimavanserin,F25,schizoaffective disorders,0.0020569260513916,True,157.0,0.0,0.0
Cariprazine,F25,schizoaffective disorders,1.8569438070475833e-06,False,49.0,100.0,100.0
Sertindole,F25,schizoaffective disorders,0.0006392216506744,False,53.0,50.0,0.0
Mianserin,F25,schizoaffective disorders,1.9733305954312977e-06,False,46.0,100.0,100.0
Pizotifen,F25,schizoaffective disorders,0.0025259255066851,False,2.0,0.0,0.0
Asenapine,F25,schizoaffective disorders,2.1422802575342112e-08,True,53.0,50.0,0.0
Amisulpride,F25,schizoaffective disorders,3.55147567865145e-05,True,220.0,0.0,0.0
Cinitapride,F25,schizoaffective disorders,0.0048092698124259,False,0.0,0.0,0.0
Lurasidone,F25,schizoaffective disorders,0.0002289513446716,False,72.0,0.0,0.0
Perospirone,F25,schizoaffective disorders,4.7040213216833615e-06,False,11.0,100.0,100.0
Captodiame,F25,schizoaffective disorders,0.0048092698124259,False,0.0,0.0,0.0
Brexpiprazole,F25,schizoaffective disorders,0.0002289513446716,False,43.0,50.0,100.0
Lorpiprazole,F25,schizoaffective disorders,0.0334844310987818,False,0.0,50.0,0.0
Blonanserin,F25,schizoaffective disorders,7.889000223314325e-05,False,16.0,0.0,0.0
Zotepine,F25,schizoaffective disorders,0.0334844310987818,False,25.0,50.0,0.0
Pipamperone,F25,schizoaffective disorders,1.8569438070475833e-06,False,12.0,50.0,0.0
Tianeptine,F25,schizoaffective disorders,7.889000223314325e-05,False,9.0,100.0,100.0
Dihydro-alpha-ergocryptine,F25,schizoaffective disorders,0.0083825584562548,False,0.0,0.0,0.0
Tiapride,F25,schizoaffective disorders,7.889000223314325e-05,False,18.0,50.0,0.0
Aripiprazole lauroxil,F25,schizoaffective disorders,6.299896949262899e-08,False,0.0,100.0,100.0
Ibutilide,F29,psychosis,0.0062296623195052,False,0.0,0.0,0.0
Pentoxyverine,F29,psychosis,0.0361611226246673,False,0.0,0.0,0.0
Isavuconazole,F29,psychosis,0.0433932396341128,False,0.0,0.0,0.0
Amphetamine,F30,manic episode,2.4338281478573884e-06,False,0.0,0.0,0.0
Phentermine,F30,manic episode,2.3975246070814815e-06,False,2.0,0.0,0.0
Tramadol,F30,manic episode,0.0016826700492769,False,10.0,0.0,0.0
Citalopram,F30,manic episode,0.0016826700492769,False,60.0,0.0,0.0
Eletriptan,F30,manic episode,0.0343398888733145,False,0.0,0.0,0.0
Ziprasidone,F30,manic episode,4.068414574855948e-12,False,163.0,0.0,0.0
Methysergide,F30,manic episode,4.6874974631926824e-06,False,14.0,0.0,0.0
Cabergoline,F30,manic episode,1.9523645598444488e-10,False,6.0,0.0,0.0
Ropinirole,F30,manic episode,1.3143114482946892e-09,False,7.0,0.0,0.0
Venlafaxine,F30,manic episode,0.0148925165483561,False,61.0,0.0,0.0
Atomoxetine,F30,manic episode,0.0057465537873552,False,19.0,0.0,0.0
Zolmitriptan,F30,manic episode,0.0037063736078064,False,0.0,0.0,0.0
Amitriptyline,F30,manic episode,1.4652141771019525e-11,False,47.0,0.0,0.0
Olanzapine,F30,manic episode,4.0076063766103175e-12,False,680.0,0.0,0.0
Sapropterin,F30,manic episode,0.002192073384914,False,1.0,0.0,0.0
Clozapine,F30,manic episode,9.675907587559703e-11,False,161.0,0.0,0.0
Mirtazapine,F30,manic episode,3.068733008679929e-13,False,23.0,0.0,0.0
Loxapine,F30,manic episode,4.3052146918940464e-17,False,14.0,0.0,0.0
Remoxipride,F30,manic episode,3.3535941205683484e-07,False,3.0,0.0,0.0
Pramipexole,F30,manic episode,8.066608575930501e-10,False,24.0,0.0,0.0
Promazine,F30,manic episode,0.0047113893412213,False,3.0,0.0,0.0
Methylphenidate,F30,manic episode,0.002192073384914,False,57.0,0.0,0.0
Cyproheptadine,F30,manic episode,0.0083217826786728,False,2.0,0.0,0.0
Pethidine,F30,manic episode,0.0001741320339193,False,5.0,0.0,0.0
Imipramine,F30,manic episode,3.9309775785739635e-08,False,88.0,0.0,0.0
Duloxetine,F30,manic episode,0.002192073384914,False,9.0,0.0,0.0
Chlorpromazine,F30,manic episode,3.0375804263495873e-09,False,104.0,0.0,0.0
Haloperidol,F30,manic episode,0.0039709125428171,False,310.0,0.0,0.0
Dextromethorphan,F30,manic episode,0.0102131648346474,False,0.0,0.0,0.0
Nortriptyline,F30,manic episode,1.301301871703433e-07,False,11.0,0.0,0.0
Amoxapine,F30,manic episode,1.1822348907845509e-21,False,2.0,0.0,0.0
Lamotrigine,F30,manic episode,9.096232261265903e-06,True,350.0,0.0,0.0
Fenfluramine,F30,manic episode,0.002192073384914,False,9.0,0.0,0.0
Mazindol,F30,manic episode,0.0010477335148137,False,0.0,0.0,0.0
Lisuride,F30,manic episode,2.8318974747122668e-11,False,1.0,0.0,0.0
Linezolid,F30,manic episode,0.0162483828099703,False,0.0,0.0,0.0
Cisapride,F30,manic episode,0.0343398888733145,False,0.0,0.0,0.0
Furazolidone,F30,manic episode,0.0162483828099703,False,0.0,0.0,0.0
Fluphenazine,F30,manic episode,0.0148925165483561,False,7.0,0.0,0.0
Pentazocine,F30,manic episode,0.0378108196529642,False,2.0,0.0,0.0
Trazodone,F30,manic episode,3.474747522970039e-05,False,31.0,0.0,0.0
Sumatriptan,F30,manic episode,0.0113639733255637,False,2.0,0.0,0.0
Ergotamine,F30,manic episode,1.0806535136412077e-07,False,14.0,0.0,0.0
Apomorphine,F30,manic episode,8.066608575930501e-10,False,12.0,0.0,0.0
Paroxetine,F30,manic episode,0.0343398888733145,False,48.0,0.0,0.0
Procaine,F30,manic episode,0.0083217826786728,False,0.0,0.0,0.0
Trimipramine,F30,manic episode,4.145589847852023e-10,False,3.0,0.0,0.0
Risperidone,F30,manic episode,3.312328833284209e-09,False,435.0,0.0,0.0
Epinastine,F30,manic episode,0.0148925165483561,False,0.0,0.0,0.0
Propiomazine,F30,manic episode,0.0016826700492769,False,0.0,0.0,0.0
Minaprine,F30,manic episode,8.682327869210444e-06,False,0.0,0.0,0.0
Phenmetrazine,F30,manic episode,0.0162483828099703,False,0.0,0.0,0.0
Cysteamine,F30,manic episode,0.0378108196529642,False,0.0,0.0,0.0
Pseudoephedrine,F30,manic episode,6.298591505202932e-07,False,3.0,0.0,0.0
Ondansetron,F30,manic episode,0.0009670834538792,False,4.0,0.0,0.0
Cocaine,F30,manic episode,0.0032847709534399,False,79.0,0.0,0.0
Mesoridazine,F30,manic episode,0.0378108196529642,False,1.0,0.0,0.0
Maprotiline,F30,manic episode,2.4338281478573884e-06,False,3.0,0.0,0.0
Diethylpropion,F30,manic episode,0.0162483828099703,False,1.0,0.0,0.0
Naratriptan,F30,manic episode,0.002192073384914,False,0.0,0.0,0.0
Dopamine,F30,manic episode,2.3245728867279766e-16,False,546.0,0.0,0.0
Memantine,F30,manic episode,0.0189187469785846,False,28.0,0.0,0.0
Tegaserod,F30,manic episode,0.0004880283065233,False,0.0,0.0,0.0
Sertraline,F30,manic episode,0.0016826700492769,False,49.0,0.0,0.0
Sibutramine,F30,manic episode,0.0010477335148137,False,6.0,0.0,0.0
Chlorphenamine,F30,manic episode,0.0148925165483561,False,1.0,0.0,0.0
Doxepin,F30,manic episode,1.301301871703433e-07,False,7.0,0.0,0.0
Nefazodone,F30,manic episode,4.5798834095166665e-08,False,8.0,0.0,0.0
Desipramine,F30,manic episode,5.895243566539431e-06,False,23.0,0.0,0.0
Escitalopram,F30,manic episode,0.0113639733255637,False,29.0,0.0,0.0
Naloxone,F30,manic episode,0.0287398938950695,False,0.0,0.0,0.0
Pergolide,F30,manic episode,3.312328833284209e-09,False,2.0,0.0,0.0
Bromocriptine,F30,manic episode,1.9523645598444488e-10,False,21.0,0.0,0.0
Ketamine,F30,manic episode,1.582531193760541e-07,False,0.0,0.0,0.0
Quetiapine,F30,manic episode,8.262332546075952e-12,False,490.0,0.0,0.0
Metoclopramide,F30,manic episode,0.0113639733255637,False,1.0,0.0,0.0
Levodopa,F30,manic episode,0.0189187469785846,False,44.0,0.0,0.0
Aripiprazole,F30,manic episode,2.8386001858629968e-12,False,358.0,0.0,0.0
Chlorprothixene,F30,manic episode,0.0012930939611692,False,1.0,0.0,0.0
Clomipramine,F30,manic episode,0.0009670834538792,False,33.0,0.0,0.0
Isocarboxazid,F30,manic episode,0.0162483828099703,False,3.0,0.0,0.0
Paliperidone,F30,manic episode,2.082154505529155e-09,False,54.0,0.0,0.0
Ephedra,F30,manic episode,6.298591505202932e-07,False,4.0,0.0,0.0
Yohimbine,F30,manic episode,1.651946134178652e-08,False,14.0,0.0,0.0
Methotrimeprazine,F30,manic episode,1.5966000895023045e-05,False,2.0,0.0,0.0
Methamphetamine,F30,manic episode,1.0238519749880672e-06,False,42.0,0.0,0.0
Acepromazine,F30,manic episode,0.0083217826786728,False,0.0,0.0,0.0
Molindone,F30,manic episode,0.0010477335148137,False,0.0,0.0,0.0
Pipotiazine,F30,manic episode,0.0148925165483561,False,0.0,0.0,0.0
Thioproperazine,F30,manic episode,0.0083217826786728,False,2.0,0.0,0.0
Zuclopenthixol,F30,manic episode,0.0083217826786728,False,25.0,0.0,0.0
Pargyline,F30,manic episode,0.0162483828099703,False,3.0,0.0,0.0
Prasterone,F30,manic episode,0.0470834028968918,False,7.0,0.0,0.0
Resveratrol,F30,manic episode,0.0229208601598636,False,3.0,0.0,0.0
Fluspirilene,F30,manic episode,0.0378108196529642,False,0.0,0.0,0.0
Milnacipran,F30,manic episode,0.0378108196529642,False,4.0,0.0,0.0
Flibanserin,F30,manic episode,0.0010477335148137,False,0.0,0.0,0.0
Iloperidone,F30,manic episode,7.209965931597566e-08,False,7.0,0.0,0.0
Lofexidine,F30,manic episode,0.0006964000110353,False,0.0,0.0,0.0
Rotigotine,F30,manic episode,0.0004880283065233,False,0.0,0.0,0.0
Pimavanserin,F30,manic episode,0.0162483828099703,False,3.0,0.0,0.0
Cariprazine,F30,manic episode,0.0001940943326651,False,104.0,0.0,0.0
Sertindole,F30,manic episode,0.0004880283065233,False,3.0,0.0,0.0
Mianserin,F30,manic episode,3.977698350511242e-15,False,12.0,0.0,0.0
Pizotifen,F30,manic episode,0.0001319298496432,False,0.0,0.0,0.0
Romidepsin,F30,manic episode,0.0234298503216882,False,0.0,0.0,0.0
Tapentadol,F30,manic episode,0.0006964000110353,False,0.0,0.0,0.0
Asenapine,F30,manic episode,1.6776849115784047e-11,False,113.0,0.0,0.0
Amisulpride,F30,manic episode,5.015626646146509e-06,False,20.0,0.0,0.0
Desvenlafaxine,F30,manic episode,0.0378108196529642,False,4.0,0.0,0.0
Dexmethylphenidate,F30,manic episode,0.0010477335148137,False,0.0,0.0,0.0
Capsaicin,F30,manic episode,0.0006964000110353,False,1.0,0.0,0.0
Cinitapride,F30,manic episode,0.0003415799268425,False,0.0,0.0,0.0
Lurasidone,F30,manic episode,1.0026000699064285e-06,False,76.0,0.0,0.0
Perospirone,F30,manic episode,0.0004880283065233,False,2.0,0.0,0.0
Captodiame,F30,manic episode,0.0003415799268425,False,0.0,0.0,0.0
Butriptyline,F30,manic episode,0.0378108196529642,False,0.0,0.0,0.0
Cannabidiol,F30,manic episode,0.0203762454421303,False,13.0,0.0,0.0
Vortioxetine,F30,manic episode,5.1332777601030064e-05,False,11.0,0.0,0.0
Tixocortol,F30,manic episode,0.0162483828099703,False,0.0,0.0,0.0
Brexpiprazole,F30,manic episode,0.0057465537873552,False,20.0,0.0,0.0
Dosulepin,F30,manic episode,9.843061825079556e-05,False,3.0,0.0,0.0
Lorpiprazole,F30,manic episode,0.0003203932677985,False,0.0,0.0,0.0
Blonanserin,F30,manic episode,0.002192073384914,False,4.0,0.0,0.0
Zotepine,F30,manic episode,4.728003913948788e-08,False,12.0,0.0,0.0
Pirlindole,F30,manic episode,0.0003415799268425,False,0.0,0.0,0.0
Pipamperone,F30,manic episode,2.3975246070814815e-06,False,1.0,0.0,0.0
Setiptiline,F30,manic episode,0.0162483828099703,False,0.0,0.0,0.0
Telotristat ethyl,F30,manic episode,0.0162483828099703,False,0.0,0.0,0.0
Tiapride,F30,manic episode,2.0115035778218505e-05,False,0.0,0.0,0.0
Fish oil,F30,manic episode,0.0113639733255637,False,61.0,0.0,0.0
Aripiprazole lauroxil,F30,manic episode,2.8386001858629968e-12,False,2.0,0.0,0.0
Amphetamine,F31,bipolar affective disorder,0.0010264902900139,False,482.0,100.0,100.0
Phentermine,F31,bipolar affective disorder,0.0040467307167803,False,7.0,100.0,100.0
Tramadol,F31,bipolar affective disorder,0.0006383944041704,False,20.0,100.0,100.0
Citalopram,F31,bipolar affective disorder,0.0171351869160179,False,0.0,100.0,100.0
Ranolazine,F31,bipolar affective disorder,0.0404591856848985,False,0.0,50.0,50.0
Ziprasidone,F31,bipolar affective disorder,4.1730546546432077e-10,False,382.0,100.0,100.0
Methysergide,F31,bipolar affective disorder,0.0055617145751959,False,23.0,50.0,100.0
Cabergoline,F31,bipolar affective disorder,9.72688674052376e-10,False,6.0,100.0,100.0
Phenytoin,F31,bipolar affective disorder,0.0358907167721138,False,78.0,0.0,50.0
Ropinirole,F31,bipolar affective disorder,1.8988563211858628e-10,False,10.0,100.0,100.0
Lidocaine,F31,bipolar affective disorder,0.0018626113450489,False,5.0,100.0,100.0
Amitriptyline,F31,bipolar affective disorder,0.0001939614347913,False,281.0,100.0,100.0
Olanzapine,F31,bipolar affective disorder,5.448573684296013e-09,False,1587.0,100.0,100.0
Protriptyline,F31,bipolar affective disorder,0.0404591856848985,False,8.0,100.0,100.0
Clozapine,F31,bipolar affective disorder,1.361502574511936e-07,False,689.0,100.0,100.0
Mirtazapine,F31,bipolar affective disorder,2.69691563116426e-09,False,74.0,100.0,100.0
Loxapine,F31,bipolar affective disorder,4.536825992838746e-13,False,71.0,100.0,100.0
Remoxipride,F31,bipolar affective disorder,1.8061728164473527e-05,False,4.0,100.0,100.0
Pramipexole,F31,bipolar affective disorder,1.2103820646451862e-10,False,74.0,100.0,100.0
Promazine,F31,bipolar affective disorder,6.108707799928198e-05,False,11.0,100.0,100.0
Pethidine,F31,bipolar affective disorder,0.0015460685336787,False,1.0,100.0,100.0
Imipramine,F31,bipolar affective disorder,3.40331237416572e-06,False,446.0,100.0,100.0
Hexylcaine,F31,bipolar affective disorder,0.0101172163679764,False,0.0,50.0,100.0
Chlorpromazine,F31,bipolar affective disorder,1.1903352908453762e-08,False,390.0,100.0,100.0
Haloperidol,F31,bipolar affective disorder,4.743219154414103e-05,False,697.0,100.0,100.0
Cinchocaine,F31,bipolar affective disorder,0.0404591856848985,False,0.0,50.0,0.0
Nortriptyline,F31,bipolar affective disorder,1.8930253754913143e-05,False,80.0,100.0,100.0
Amoxapine,F31,bipolar affective disorder,7.379294610246656e-13,False,19.0,100.0,100.0
Lamotrigine,F31,bipolar affective disorder,7.804972998001029e-05,False,1235.0,100.0,100.0
Cinnarizine,F31,bipolar affective disorder,0.0276516522824283,False,1.0,50.0,50.0
Fenfluramine,F31,bipolar affective disorder,0.0010477335148137,False,29.0,100.0,100.0
Mazindol,F31,bipolar affective disorder,0.0404591856848985,False,1.0,100.0,50.0
Lisuride,F31,bipolar affective disorder,1.8988563211858628e-10,False,3.0,100.0,100.0
Fluphenazine,F31,bipolar affective disorder,0.0001748298491218,False,69.0,100.0,100.0
Trazodone,F31,bipolar affective disorder,0.0004870815076143,False,75.0,100.0,100.0
Thioridazine,F31,bipolar affective disorder,0.0117993649860054,False,96.0,50.0,100.0
Ergotamine,F31,bipolar affective disorder,9.865514310808217e-07,False,35.0,100.0,100.0
Apomorphine,F31,bipolar affective disorder,1.2103820646451862e-10,False,50.0,100.0,100.0
Paroxetine,F31,bipolar affective disorder,0.0171351869160179,False,149.0,100.0,100.0
Procaine,F31,bipolar affective disorder,0.0040467307167803,False,6.0,100.0,100.0
Trimipramine,F31,bipolar affective disorder,1.943836618488452e-09,False,12.0,100.0,100.0
Risperidone,F31,bipolar affective disorder,2.5476690678168827e-08,False,1072.0,100.0,100.0
Propiomazine,F31,bipolar affective disorder,1.3417130417863026e-05,False,1.0,100.0,100.0
Minaprine,F31,bipolar affective disorder,2.1147556654909532e-08,False,0.0,100.0,100.0
Pseudoephedrine,F31,bipolar affective disorder,0.0004870815076143,False,4.0,100.0,100.0
Flupentixol,F31,bipolar affective disorder,0.0028329139380996,False,35.0,100.0,100.0
Cocaine,F31,bipolar affective disorder,3.5480633976418725e-05,False,306.0,100.0,100.0
Zonisamide,F31,bipolar affective disorder,5.118290145747763e-08,False,58.0,50.0,100.0
Mesoridazine,F31,bipolar affective disorder,0.0236922809100505,False,5.0,100.0,50.0
Maprotiline,F31,bipolar affective disorder,0.0010264902900139,False,27.0,100.0,100.0
Dopamine,F31,bipolar affective disorder,7.006684865421456e-14,False,1681.0,100.0,100.0
Memantine,F31,bipolar affective disorder,3.917748446751779e-06,False,77.0,100.0,100.0
Acetophenazine,F31,bipolar affective disorder,0.0236922809100505,False,1.0,50.0,50.0
Tegaserod,F31,bipolar affective disorder,0.0073637109705201,False,0.0,50.0,50.0
Sibutramine,F31,bipolar affective disorder,0.0404591856848985,False,11.0,50.0,50.0
Doxepin,F31,bipolar affective disorder,1.8930253754913143e-05,False,22.0,100.0,100.0
Nefazodone,F31,bipolar affective disorder,2.622889197088328e-05,False,24.0,100.0,100.0
Desipramine,F31,bipolar affective disorder,2.7360961915165775e-05,False,114.0,100.0,100.0
Pergolide,F31,bipolar affective disorder,4.435175782160966e-10,False,1.0,100.0,100.0
Bromocriptine,F31,bipolar affective disorder,9.72688674052376e-10,False,51.0,100.0,100.0
Ketamine,F31,bipolar affective disorder,1.3709557821187964e-06,False,612.0,100.0,100.0
Quetiapine,F31,bipolar affective disorder,7.21859352705224e-10,False,1359.0,100.0,100.0
Levodopa,F31,bipolar affective disorder,3.917748446751779e-06,False,87.0,100.0,100.0
Aripiprazole,F31,bipolar affective disorder,3.2580035803301615e-10,False,0.0,100.0,100.0
Chlorprothixene,F31,bipolar affective disorder,9.125810429705456e-06,False,28.0,100.0,100.0
Clomipramine,F31,bipolar affective disorder,0.0003619585249868,False,109.0,100.0,100.0
Paliperidone,F31,bipolar affective disorder,1.6919736603000072e-08,False,151.0,100.0,100.0
Lithium,F31,bipolar affective disorder,0.0005002818947565,False,9989.0,50.0,100.0
Ephedra,F31,bipolar affective disorder,0.0004870815076143,False,3.0,100.0,100.0
Yohimbine,F31,bipolar affective disorder,1.3417130417863026e-05,False,59.0,100.0,100.0
Methotrimeprazine,F31,bipolar affective disorder,7.082568848712459e-08,False,22.0,100.0,100.0
Methamphetamine,F31,bipolar affective disorder,0.0006383944041704,False,111.0,100.0,100.0
Acepromazine,F31,bipolar affective disorder,6.854837960690957e-05,False,1.0,100.0,100.0
Molindone,F31,bipolar affective disorder,0.0005002818947565,False,5.0,50.0,100.0
Pipotiazine,F31,bipolar affective disorder,0.0001748298491218,False,4.0,100.0,100.0
Thioproperazine,F31,bipolar affective disorder,6.854837960690957e-05,False,11.0,100.0,100.0
Thiothixene,F31,bipolar affective disorder,0.0028329139380996,False,24.0,50.0,100.0
Zuclopenthixol,F31,bipolar affective disorder,6.854837960690957e-05,False,45.0,100.0,100.0
Fluspirilene,F31,bipolar affective disorder,0.0236922809100505,False,5.0,50.0,50.0
Milnacipran,F31,bipolar affective disorder,0.0236922809100505,False,13.0,50.0,50.0
Flibanserin,F31,bipolar affective disorder,0.0005002818947565,False,0.0,50.0,100.0
Iloperidone,F31,bipolar affective disorder,6.909859648952961e-07,False,29.0,100.0,100.0
Rotigotine,F31,bipolar affective disorder,2.1147556654909532e-08,False,0.0,100.0,100.0
Pimavanserin,F31,bipolar affective disorder,0.0101172163679764,False,3.0,50.0,100.0
Cariprazine,F31,bipolar affective disorder,6.854837960690957e-05,False,209.0,100.0,100.0
Sertindole,F31,bipolar affective disorder,0.0073637109705201,False,11.0,100.0,50.0
Mianserin,F31,bipolar affective disorder,2.69691563116426e-09,False,59.0,100.0,100.0
Pizotifen,F31,bipolar affective disorder,0.0276516522824283,False,1.0,50.0,50.0
Tapentadol,F31,bipolar affective disorder,0.0093425012173965,False,0.0,100.0,100.0
Asenapine,F31,bipolar affective disorder,1.268960225856061e-07,False,221.0,100.0,100.0
Lacosamide,F31,bipolar affective disorder,0.0001561032711632,False,14.0,100.0,100.0
Amisulpride,F31,bipolar affective disorder,0.0005002818947565,False,72.0,50.0,100.0
Desvenlafaxine,F31,bipolar affective disorder,0.0236922809100505,False,12.0,50.0,50.0
Dexmethylphenidate,F31,bipolar affective disorder,0.0404591856848985,False,2.0,100.0,50.0
Cinitapride,F31,bipolar affective disorder,0.0236922809100505,False,0.0,50.0,50.0
Lurasidone,F31,bipolar affective disorder,0.0028329139380996,False,275.0,50.0,100.0
Perospirone,F31,bipolar affective disorder,0.0001748298491218,False,6.0,100.0,100.0
Captodiame,F31,bipolar affective disorder,0.0236922809100505,False,0.0,50.0,50.0
Butriptyline,F31,bipolar affective disorder,0.0236922809100505,False,1.0,50.0,50.0
Vortioxetine,F31,bipolar affective disorder,0.0171351869160179,False,30.0,50.0,100.0
Quinagolide,F31,bipolar affective disorder,0.0101172163679764,False,2.0,50.0,100.0
Brexpiprazole,F31,bipolar affective disorder,0.0028329139380996,False,36.0,50.0,100.0
Dosulepin,F31,bipolar affective disorder,0.0010264902900139,False,6.0,100.0,100.0
Lorpiprazole,F31,bipolar affective disorder,0.0055617145751959,False,0.0,100.0,100.0
Blonanserin,F31,bipolar affective disorder,0.0010477335148137,False,7.0,50.0,100.0
Zotepine,F31,bipolar affective disorder,1.2436586873502418e-06,False,18.0,100.0,100.0
Pirlindole,F31,bipolar affective disorder,0.0236922809100505,False,2.0,50.0,50.0
Pipamperone,F31,bipolar affective disorder,6.108294129672192e-07,False,4.0,100.0,100.0
Foreskin keratinocyte (neonatal),F31,bipolar affective disorder,0.0117993649860054,False,0.0,50.0,100.0
Dihydro-alpha-ergocryptine,F31,bipolar affective disorder,0.0005002818947565,False,0.0,50.0,100.0
Binimetinib,F31,bipolar affective disorder,0.0040467307167803,False,0.0,50.0,100.0
Tiapride,F31,bipolar affective disorder,0.0010477335148137,False,7.0,100.0,100.0
Dihydroergocristine,F31,bipolar affective disorder,0.0404591856848985,False,0.0,50.0,0.0
Aripiprazole lauroxil,F31,bipolar affective disorder,3.2580035803301615e-10,False,9.0,100.0,100.0
Amphetamine,F34,persistent mood [affective] disorders,0.0074116314707965,False,0.0,33.333333333333336,100.0
Phentermine,F34,persistent mood [affective] disorders,0.0023506354308989,False,1.0,33.333333333333336,100.0
Amitriptyline,F34,persistent mood [affective] disorders,0.0390090874190526,False,30.0,33.333333333333336,100.0
Minaprine,F34,persistent mood [affective] disorders,0.0034120025443807,False,0.0,33.333333333333336,100.0
Pseudoephedrine,F34,persistent mood [affective] disorders,0.0052664505649086,False,0.0,33.333333333333336,100.0
Dopamine,F34,persistent mood [affective] disorders,0.0169849603888014,False,120.0,33.333333333333336,100.0
Sertraline,F34,persistent mood [affective] disorders,0.0059478360077432,False,64.0,33.333333333333336,100.0
Ephedra,F34,persistent mood [affective] disorders,0.0052664505649086,False,0.0,33.333333333333336,100.0
Methamphetamine,F34,persistent mood [affective] disorders,0.0059478360077432,False,23.0,33.333333333333336,100.0
Amphetamine,F39,mood [affective] disorder,3.3285447061865134e-06,False,1215.0,0.0,0.0
Phentermine,F39,mood [affective] disorder,3.1010739471457908e-06,False,17.0,0.0,0.0
Tramadol,F39,mood [affective] disorder,0.0020245597850162,False,59.0,0.0,0.0
Citalopram,F39,mood [affective] disorder,0.0020245597850162,False,2734.0,0.0,0.0
Eletriptan,F39,mood [affective] disorder,0.0391771767679585,False,0.0,0.0,0.0
Ziprasidone,F39,mood [affective] disorder,7.185161436051006e-12,False,409.0,0.0,0.0
Methysergide,F39,mood [affective] disorder,6.153150163729548e-06,False,31.0,0.0,0.0
Cabergoline,F39,mood [affective] disorder,2.9457975173177065e-10,False,18.0,0.0,0.0
Ropinirole,F39,mood [affective] disorder,1.943836618488452e-09,False,36.0,0.0,0.0
Venlafaxine,F39,mood [affective] disorder,0.0169528711584063,False,1807.0,0.0,0.0
Atomoxetine,F39,mood [affective] disorder,0.0065858625429799,False,156.0,0.0,0.0
Zolmitriptan,F39,mood [affective] disorder,0.0042610090769946,False,3.0,0.0,0.0
Amitriptyline,F39,mood [affective] disorder,2.8242380973601502e-11,False,1582.0,0.0,0.0
Olanzapine,F39,mood [affective] disorder,7.185161436051006e-12,False,1802.0,0.0,0.0
Sapropterin,F39,mood [affective] disorder,0.0024903134410134,False,38.0,0.0,0.0
Clozapine,F39,mood [affective] disorder,1.4651178684836792e-10,False,860.0,0.0,0.0
Mirtazapine,F39,mood [affective] disorder,5.55383139263631e-13,False,937.0,0.0,0.0
Loxapine,F39,mood [affective] disorder,9.366286239070367e-17,False,160.0,0.0,0.0
Remoxipride,F39,mood [affective] disorder,4.3491040886970116e-07,False,3.0,0.0,0.0
Pramipexole,F39,mood [affective] disorder,1.189419854773044e-09,False,147.0,0.0,0.0
Promazine,F39,mood [affective] disorder,0.0057094181500569,False,22.0,0.0,0.0
Methylphenidate,F39,mood [affective] disorder,0.0024903134410134,False,587.0,0.0,0.0
Cyproheptadine,F39,mood [affective] disorder,0.0094147333082599,False,53.0,0.0,0.0
Pethidine,F39,mood [affective] disorder,0.0002227317352964,False,17.0,0.0,0.0
Imipramine,F39,mood [affective] disorder,6.384130533439642e-08,False,2482.0,0.0,0.0
Duloxetine,F39,mood [affective] disorder,0.0024903134410134,False,807.0,0.0,0.0
Chlorpromazine,F39,mood [affective] disorder,4.840289754969061e-09,False,505.0,0.0,0.0
Haloperidol,F39,mood [affective] disorder,0.004714617536659,False,929.0,0.0,0.0
Dextromethorphan,F39,mood [affective] disorder,0.0123304903655786,False,138.0,0.0,0.0
Nortriptyline,F39,mood [affective] disorder,1.960397773621972e-07,False,0.0,0.0,0.0
Amoxapine,F39,mood [affective] disorder,2.5841888961565315e-21,False,123.0,0.0,0.0
Lamotrigine,F39,mood [affective] disorder,1.241073119280199e-05,False,1330.0,0.0,0.0
Fenfluramine,F39,mood [affective] disorder,0.0024903134410134,False,193.0,0.0,0.0
Mazindol,F39,mood [affective] disorder,0.0012011124602121,False,9.0,0.0,0.0
Lisuride,F39,mood [affective] disorder,4.6671847830654944e-11,False,8.0,0.0,0.0
Linezolid,F39,mood [affective] disorder,0.0178052888686987,False,6.0,0.0,0.0
Cisapride,F39,mood [affective] disorder,0.0391771767679585,False,5.0,0.0,0.0
Furazolidone,F39,mood [affective] disorder,0.0178052888686987,False,3.0,0.0,0.0
Fluphenazine,F39,mood [affective] disorder,0.0169528711584063,False,129.0,0.0,0.0
Pentazocine,F39,mood [affective] disorder,0.0412836792704802,False,7.0,0.0,0.0
Trazodone,F39,mood [affective] disorder,4.5215770487657704e-05,False,552.0,0.0,0.0
Sumatriptan,F39,mood [affective] disorder,0.0130268161907878,False,32.0,0.0,0.0
Ergotamine,F39,mood [affective] disorder,1.5314355297144433e-07,False,103.0,0.0,0.0
Apomorphine,F39,mood [affective] disorder,1.189419854773044e-09,False,107.0,0.0,0.0
Paroxetine,F39,mood [affective] disorder,0.0391771767679585,False,1934.0,0.0,0.0
Procaine,F39,mood [affective] disorder,0.0094147333082599,False,19.0,0.0,0.0
Trimipramine,F39,mood [affective] disorder,6.450378340430761e-10,False,100.0,0.0,0.0
Risperidone,F39,mood [affective] disorder,4.9857821984327095e-09,False,1330.0,0.0,0.0
Epinastine,F39,mood [affective] disorder,0.0169528711584063,False,0.0,0.0,0.0
Propiomazine,F39,mood [affective] disorder,0.0020245597850162,False,1.0,0.0,0.0
Minaprine,F39,mood [affective] disorder,1.0983141036714842e-05,False,15.0,0.0,0.0
Phenmetrazine,F39,mood [affective] disorder,0.0178052888686987,False,8.0,0.0,0.0
Cysteamine,F39,mood [affective] disorder,0.0412836792704802,False,3.0,0.0,0.0
Pseudoephedrine,F39,mood [affective] disorder,8.643510101022202e-07,False,8.0,0.0,0.0
Ondansetron,F39,mood [affective] disorder,0.0011553017946975,False,39.0,0.0,0.0
Cocaine,F39,mood [affective] disorder,0.0039296824263847,False,1022.0,0.0,0.0
Mesoridazine,F39,mood [affective] disorder,0.0412836792704802,False,7.0,0.0,0.0
Maprotiline,F39,mood [affective] disorder,3.3285447061865134e-06,False,365.0,0.0,0.0
Diethylpropion,F39,mood [affective] disorder,0.0178052888686987,False,5.0,0.0,0.0
Naratriptan,F39,mood [affective] disorder,0.0024903134410134,False,2.0,0.0,0.0
Dopamine,F39,mood [affective] disorder,4.801085957123665e-16,False,4248.0,0.0,0.0
Memantine,F39,mood [affective] disorder,0.021492921748461,False,198.0,0.0,0.0
Tegaserod,F39,mood [affective] disorder,0.0005892244769304,False,1.0,0.0,0.0
Sertraline,F39,mood [affective] disorder,0.0020245597850162,False,2022.0,0.0,0.0
Sibutramine,F39,mood [affective] disorder,0.0012011124602121,False,24.0,0.0,0.0
Chlorphenamine,F39,mood [affective] disorder,0.0169528711584063,False,9.0,0.0,0.0
Doxepin,F39,mood [affective] disorder,1.960397773621972e-07,False,241.0,0.0,0.0
Nefazodone,F39,mood [affective] disorder,6.573072783725253e-08,False,337.0,0.0,0.0
Desipramine,F39,mood [affective] disorder,8.486818698007182e-06,False,950.0,0.0,0.0
Escitalopram,F39,mood [affective] disorder,0.0130268161907878,False,1368.0,0.0,0.0
Naloxone,F39,mood [affective] disorder,0.0328496557303649,False,293.0,0.0,0.0
Pergolide,F39,mood [affective] disorder,4.9857821984327095e-09,False,19.0,0.0,0.0
Bromocriptine,F39,mood [affective] disorder,2.9457975173177065e-10,False,106.0,0.0,0.0
Ketamine,F39,mood [affective] disorder,2.302631991237667e-07,False,2689.0,0.0,0.0
Quetiapine,F39,mood [affective] disorder,1.4652141771019525e-11,False,1625.0,0.0,0.0
Metoclopramide,F39,mood [affective] disorder,0.0130268161907878,False,36.0,0.0,0.0
Levodopa,F39,mood [affective] disorder,0.021492921748461,False,413.0,0.0,0.0
Aripiprazole,F39,mood [affective] disorder,4.8701092648574976e-12,False,1224.0,0.0,0.0
Chlorprothixene,F39,mood [affective] disorder,0.0015628935982563,False,48.0,0.0,0.0
Clomipramine,F39,mood [affective] disorder,0.0011553017946975,False,772.0,0.0,0.0
Isocarboxazid,F39,mood [affective] disorder,0.0178052888686987,False,117.0,0.0,0.0
Paliperidone,F39,mood [affective] disorder,3.1384708372608702e-09,False,135.0,0.0,0.0
Ephedra,F39,mood [affective] disorder,8.643510101022202e-07,False,7.0,0.0,0.0
Yohimbine,F39,mood [affective] disorder,2.3900276052092246e-08,False,245.0,0.0,0.0
Methotrimeprazine,F39,mood [affective] disorder,2.162164662782689e-05,False,42.0,0.0,0.0
Methamphetamine,F39,mood [affective] disorder,1.398206800791526e-06,False,336.0,0.0,0.0
Acepromazine,F39,mood [affective] disorder,0.0094147333082599,False,1.0,0.0,0.0
Molindone,F39,mood [affective] disorder,0.0012011124602121,False,13.0,0.0,0.0
Pipotiazine,F39,mood [affective] disorder,0.0169528711584063,False,4.0,0.0,0.0
Thioproperazine,F39,mood [affective] disorder,0.0094147333082599,False,11.0,0.0,0.0
Zuclopenthixol,F39,mood [affective] disorder,0.0094147333082599,False,46.0,0.0,0.0
Pargyline,F39,mood [affective] disorder,0.0178052888686987,False,30.0,0.0,0.0
Resveratrol,F39,mood [affective] disorder,0.0275049897448388,False,46.0,0.0,0.0
Fluspirilene,F39,mood [affective] disorder,0.0412836792704802,False,12.0,0.0,0.0
Milnacipran,F39,mood [affective] disorder,0.0412836792704802,False,221.0,0.0,0.0
Flibanserin,F39,mood [affective] disorder,0.0012011124602121,False,7.0,0.0,0.0
Iloperidone,F39,mood [affective] disorder,1.0161521187728649e-07,False,28.0,0.0,0.0
Lofexidine,F39,mood [affective] disorder,0.000849279518973,False,7.0,0.0,0.0
Rotigotine,F39,mood [affective] disorder,0.0005892244769304,False,8.0,0.0,0.0
Pimavanserin,F39,mood [affective] disorder,0.0178052888686987,False,18.0,0.0,0.0
Cariprazine,F39,mood [affective] disorder,0.0002377416113934,False,205.0,0.0,0.0
Sertindole,F39,mood [affective] disorder,0.0005892244769304,False,14.0,0.0,0.0
Mianserin,F39,mood [affective] disorder,7.772048278752484e-15,False,859.0,0.0,0.0
Pizotifen,F39,mood [affective] disorder,0.0001700190606972,False,4.0,0.0,0.0
Romidepsin,F39,mood [affective] disorder,0.0268923952175787,False,0.0,0.0,0.0
Tapentadol,F39,mood [affective] disorder,0.000849279518973,False,4.0,0.0,0.0
Asenapine,F39,mood [affective] disorder,2.8474462660976308e-11,False,176.0,0.0,0.0
Amisulpride,F39,mood [affective] disorder,6.252408851648968e-06,False,119.0,0.0,0.0
Desvenlafaxine,F39,mood [affective] disorder,0.0412836792704802,False,205.0,0.0,0.0
Dexmethylphenidate,F39,mood [affective] disorder,0.0012011124602121,False,8.0,0.0,0.0
Capsaicin,F39,mood [affective] disorder,0.000849279518973,False,22.0,0.0,0.0
Cinitapride,F39,mood [affective] disorder,0.000393099746771,False,0.0,0.0,0.0
Lurasidone,F39,mood [affective] disorder,1.3010989406857431e-06,False,265.0,0.0,0.0
Perospirone,F39,mood [affective] disorder,0.0005892244769304,False,8.0,0.0,0.0
Captodiame,F39,mood [affective] disorder,0.000393099746771,False,0.0,0.0,0.0
Butriptyline,F39,mood [affective] disorder,0.0412836792704802,False,4.0,0.0,0.0
Cannabidiol,F39,mood [affective] disorder,0.025232940646759,False,148.0,0.0,0.0
Vortioxetine,F39,mood [affective] disorder,6.552377375644039e-05,False,400.0,0.0,0.0
Tixocortol,F39,mood [affective] disorder,0.0178052888686987,False,0.0,0.0,0.0
Brexpiprazole,F39,mood [affective] disorder,0.0065858625429799,False,144.0,0.0,0.0
Dosulepin,F39,mood [affective] disorder,0.0001259643149444,False,110.0,0.0,0.0
Lorpiprazole,F39,mood [affective] disorder,0.0003901852864458,False,1.0,0.0,0.0
Blonanserin,F39,mood [affective] disorder,0.0024903134410134,False,12.0,0.0,0.0
Zotepine,F39,mood [affective] disorder,6.478943451762564e-08,False,23.0,0.0,0.0
Pirlindole,F39,mood [affective] disorder,0.000393099746771,False,14.0,0.0,0.0
Pipamperone,F39,mood [affective] disorder,3.1010739471457908e-06,False,0.0,0.0,0.0
Setiptiline,F39,mood [affective] disorder,0.0178052888686987,False,3.0,0.0,0.0
Telotristat ethyl,F39,mood [affective] disorder,0.0178052888686987,False,0.0,0.0,0.0
Tiapride,F39,mood [affective] disorder,2.4774049542464353e-05,False,13.0,0.0,0.0
Fish oil,F39,mood [affective] disorder,0.0130268161907878,False,696.0,0.0,0.0
Aripiprazole lauroxil,F39,mood [affective] disorder,4.8701092648574976e-12,False,6.0,0.0,0.0
Temazepam,F41,anxiety disorders,2.872245854258987e-06,False,150.0,100.0,100.0
Butalbital,F41,anxiety disorders,0.0007908508651764,False,4.0,100.0,100.0
Talbutal,F41,anxiety disorders,0.0007908508651764,False,0.0,100.0,100.0
Pentobarbital,F41,anxiety disorders,0.0034030192213783,False,96.0,100.0,100.0
Meprobamate,F41,anxiety disorders,0.0003252609825099,True,198.0,100.0,100.0
Eszopiclone,F41,anxiety disorders,0.0005236344253429,False,33.0,100.0,100.0
Secobarbital,F41,anxiety disorders,0.0026944018318797,False,12.0,100.0,100.0
Zolpidem,F41,anxiety disorders,6.64245679824698e-05,False,189.0,100.0,100.0
Prochlorperazine,F41,anxiety disorders,0.0472819753796585,False,27.0,80.0,75.0
Chlordiazepoxide,F41,anxiety disorders,0.0472819753796585,True,438.0,80.0,75.0
Buspirone,F41,anxiety disorders,0.0081822764488979,True,689.0,100.0,100.0
Nortriptyline,F41,anxiety disorders,0.0326660540894423,False,151.0,80.0,75.0
Amoxapine,F41,anxiety disorders,0.0009711480094125,False,10.0,100.0,100.0
Adinazolam,F41,anxiety disorders,2.711259546817551e-07,False,20.0,100.0,100.0
Thiopental,F41,anxiety disorders,0.0026944018318797,False,39.0,100.0,100.0
Trazodone,F41,anxiety disorders,0.0402886581620646,False,243.0,80.0,75.0
Midazolam,F41,anxiety disorders,6.0455955851891574e-06,False,246.0,100.0,100.0
Flurazepam,F41,anxiety disorders,2.16305910134481e-06,False,137.0,100.0,100.0
Trimipramine,F41,anxiety disorders,0.014162772577451,False,25.0,80.0,75.0
Primidone,F41,anxiety disorders,0.0052162694633496,False,9.0,100.0,100.0
Halazepam,F41,anxiety disorders,1.121776242428894e-07,True,16.0,100.0,100.0
Minaprine,F41,anxiety disorders,0.0208792233746559,False,1.0,100.0,100.0
Diazepam,F41,anxiety disorders,1.1725168592038476e-05,True,1573.0,100.0,100.0
Oxazepam,F41,anxiety disorders,3.756167245695492e-06,True,192.0,100.0,100.0
Methylphenobarbital,F41,anxiety disorders,0.0020795919347346,False,1.0,100.0,100.0
Pseudoephedrine,F41,anxiety disorders,0.0402886581620646,False,3.0,80.0,75.0
Triazolam,F41,anxiety disorders,2.872245854258987e-06,False,197.0,100.0,100.0
Ethanol,F41,anxiety disorders,0.0104560301793868,False,1024.0,100.0,100.0
Mesoridazine,F41,anxiety disorders,0.0472819753796585,False,12.0,80.0,75.0
Dopamine,F41,anxiety disorders,0.0232957361920807,False,2796.0,80.0,75.0
Methyprylon,F41,anxiety disorders,0.0204985960302471,False,0.0,100.0,100.0
Doxepin,F41,anxiety disorders,0.0326660540894423,False,136.0,80.0,75.0
Desipramine,F41,anxiety disorders,0.0395128263606624,True,242.0,80.0,75.0
Zopiclone,F41,anxiety disorders,0.0007908508651764,False,111.0,100.0,100.0
Flumazenil,F41,anxiety disorders,0.0004949052683468,False,201.0,100.0,100.0
Estazolam,F41,anxiety disorders,1.747527049460392e-07,False,44.0,100.0,100.0
Metoclopramide,F41,anxiety disorders,0.0159915768147838,False,21.0,100.0,100.0
Amobarbital,F41,anxiety disorders,0.0011256011904873,False,85.0,100.0,100.0
Aprobarbital,F41,anxiety disorders,0.0007908508651764,False,0.0,100.0,100.0
Butethal,F41,anxiety disorders,0.0007908508651764,False,0.0,100.0,100.0
Heptabarbital,F41,anxiety disorders,0.0007908508651764,False,1.0,100.0,100.0
Hexobarbital,F41,anxiety disorders,0.0042406130562363,False,12.0,100.0,100.0
Yohimbine,F41,anxiety disorders,0.0479292881323979,False,264.0,80.0,75.0
Amrinone,F41,anxiety disorders,0.0472819753796585,False,0.0,80.0,75.0
Glutethimide,F41,anxiety disorders,0.0472819753796585,False,15.0,80.0,75.0
Flunitrazepam,F41,anxiety disorders,0.0004193998771032,False,178.0,100.0,100.0
Bromazepam,F41,anxiety disorders,1.5938590269928015e-06,False,149.0,100.0,100.0
Clotiazepam,F41,anxiety disorders,5.851635489768822e-07,True,12.0,100.0,100.0
Fludiazepam,F41,anxiety disorders,1.121776242428894e-07,True,1.0,100.0,100.0
Prazepam,F41,anxiety disorders,1.747527049460392e-07,True,32.0,100.0,100.0
Quazepam,F41,anxiety disorders,4.049421622943815e-07,False,50.0,100.0,100.0
Cinolazepam,F41,anxiety disorders,1.121776242428894e-07,True,1.0,100.0,100.0
Nitrazepam,F41,anxiety disorders,1.1522899250945663e-06,False,85.0,100.0,100.0
Pipotiazine,F41,anxiety disorders,0.0208792233746559,False,2.0,100.0,100.0
Rotigotine,F41,anxiety disorders,0.0208792233746559,False,10.0,100.0,100.0
Cariprazine,F41,anxiety disorders,0.0117993649860054,False,28.0,100.0,100.0
Mianserin,F41,anxiety disorders,0.0161704710089108,False,173.0,80.0,75.0
Vilazodone,F41,anxiety disorders,0.0030802276108018,False,27.0,100.0,100.0
Perospirone,F41,anxiety disorders,0.0208792233746559,False,4.0,100.0,100.0
Vortioxetine,F41,anxiety disorders,0.0479292881323979,False,105.0,80.0,75.0
Brexpiprazole,F41,anxiety disorders,0.0081822764488979,False,24.0,100.0,100.0
Etizolam,F41,anxiety disorders,0.0003252609825099,False,23.0,100.0,100.0
Melperone,F41,anxiety disorders,0.0204985960302471,False,5.0,100.0,100.0
Lormetazepam,F41,anxiety disorders,1.3465194862786953e-07,False,57.0,100.0,100.0
Amphetamine,F42,obsessive-compulsive disorder,0.0202114930823074,False,109.0,0.0,50.0
Cabergoline,F42,obsessive-compulsive disorder,0.0312532652462582,False,0.0,0.0,50.0
Ropinirole,F42,obsessive-compulsive disorder,0.0221971819867271,False,6.0,0.0,50.0
Mirtazapine,F42,obsessive-compulsive disorder,0.0006128379497781,False,49.0,0.0,100.0
Loxapine,F42,obsessive-compulsive disorder,0.0012559556014325,False,3.0,0.0,100.0
Remoxipride,F42,obsessive-compulsive disorder,0.0039961611014397,False,1.0,0.0,100.0
Pramipexole,F42,obsessive-compulsive disorder,0.0202114930823074,False,16.0,0.0,50.0
Promazine,F42,obsessive-compulsive disorder,0.0266187032884972,False,1.0,0.0,50.0
Imipramine,F42,obsessive-compulsive disorder,0.002048120545135,False,124.0,0.0,100.0
Haloperidol,F42,obsessive-compulsive disorder,0.0242510149524375,False,144.0,0.0,50.0
Nortriptyline,F42,obsessive-compulsive disorder,0.001067855447087,False,18.0,0.0,100.0
Amoxapine,F42,obsessive-compulsive disorder,0.0005499957878512,False,0.0,0.0,100.0
Lamotrigine,F42,obsessive-compulsive disorder,0.0288538393054089,False,61.0,0.0,50.0
Fenfluramine,F42,obsessive-compulsive disorder,0.0029010946487095,False,40.0,0.0,100.0
Lisuride,F42,obsessive-compulsive disorder,0.0221971819867271,False,0.0,0.0,50.0
Fluphenazine,F42,obsessive-compulsive disorder,0.0094147333082599,False,15.0,0.0,100.0
Trazodone,F42,obsessive-compulsive disorder,0.0145856411738086,False,37.0,0.0,100.0
Thioridazine,F42,obsessive-compulsive disorder,0.0128173189442169,False,9.0,0.0,100.0
Ergotamine,F42,obsessive-compulsive disorder,0.0242510149524375,False,3.0,0.0,50.0
Apomorphine,F42,obsessive-compulsive disorder,0.0202114930823074,False,9.0,0.0,50.0
Paroxetine,F42,obsessive-compulsive disorder,0.0163046584418511,True,305.0,0.0,100.0
Trimipramine,F42,obsessive-compulsive disorder,0.0005499957878512,False,5.0,0.0,100.0
Risperidone,F42,obsessive-compulsive disorder,0.0266187032884972,False,287.0,0.0,50.0
Propiomazine,F42,obsessive-compulsive disorder,0.0163046584418511,False,0.0,0.0,100.0
Minaprine,F42,obsessive-compulsive disorder,5.6554950681355274e-05,False,1.0,0.0,100.0
Flupentixol,F42,obsessive-compulsive disorder,0.0052179788679475,False,6.0,0.0,100.0
Mesoridazine,F42,obsessive-compulsive disorder,0.0011209634645747,False,2.0,0.0,100.0
Maprotiline,F42,obsessive-compulsive disorder,0.0202114930823074,False,8.0,0.0,50.0
Dopamine,F42,obsessive-compulsive disorder,0.0008269529577542,False,761.0,0.0,100.0
Promethazine,F42,obsessive-compulsive disorder,0.0182840564821863,False,2.0,0.0,100.0
Tegaserod,F42,obsessive-compulsive disorder,0.0094147333082599,False,0.0,0.0,100.0
Doxepin,F42,obsessive-compulsive disorder,0.001067855447087,False,18.0,0.0,100.0
Nefazodone,F42,obsessive-compulsive disorder,0.0202114930823074,False,15.0,0.0,50.0
Desipramine,F42,obsessive-compulsive disorder,0.0012559556014325,False,81.0,0.0,100.0
Pergolide,F42,obsessive-compulsive disorder,0.0266187032884972,False,6.0,0.0,50.0
Bromocriptine,F42,obsessive-compulsive disorder,0.0312532652462582,False,4.0,0.0,50.0
Ketamine,F42,obsessive-compulsive disorder,0.0266187032884972,False,108.0,0.0,50.0
Chlorprothixene,F42,obsessive-compulsive disorder,0.0145856411738086,False,3.0,0.0,100.0
Clomipramine,F42,obsessive-compulsive disorder,0.0128173189442169,True,883.0,0.0,100.0
Paliperidone,F42,obsessive-compulsive disorder,0.0242510149524375,False,18.0,0.0,50.0
Yohimbine,F42,obsessive-compulsive disorder,0.0163046584418511,False,10.0,0.0,100.0
Methotrimeprazine,F42,obsessive-compulsive disorder,0.0336246622450487,False,5.0,0.0,50.0
Acepromazine,F42,obsessive-compulsive disorder,0.0065351656798588,False,1.0,0.0,100.0
Molindone,F42,obsessive-compulsive disorder,0.0019486918898258,False,1.0,0.0,100.0
Pipotiazine,F42,obsessive-compulsive disorder,0.0094147333082599,False,1.0,0.0,100.0
Thioproperazine,F42,obsessive-compulsive disorder,0.0065351656798588,False,1.0,0.0,100.0
Thiothixene,F42,obsessive-compulsive disorder,0.0052179788679475,False,6.0,0.0,100.0
Zuclopenthixol,F42,obsessive-compulsive disorder,0.0065351656798588,False,0.0,0.0,100.0
Fluspirilene,F42,obsessive-compulsive disorder,0.0011209634645747,False,2.0,0.0,100.0
Iloperidone,F42,obsessive-compulsive disorder,0.0221971819867271,False,4.0,0.0,50.0
Pimavanserin,F42,obsessive-compulsive disorder,0.0004609152343545,False,3.0,0.0,100.0
Cariprazine,F42,obsessive-compulsive disorder,0.0065351656798588,False,8.0,0.0,100.0
Sertindole,F42,obsessive-compulsive disorder,0.0094147333082599,False,2.0,0.0,100.0
Mianserin,F42,obsessive-compulsive disorder,0.0006128379497781,False,22.0,0.0,100.0
Asenapine,F42,obsessive-compulsive disorder,0.0383259659971864,False,6.0,0.0,50.0
Amisulpride,F42,obsessive-compulsive disorder,0.0019486918898258,False,21.0,0.0,100.0
Lurasidone,F42,obsessive-compulsive disorder,0.0052179788679475,False,8.0,0.0,100.0
Perospirone,F42,obsessive-compulsive disorder,0.0094147333082599,False,3.0,0.0,100.0
Butriptyline,F42,obsessive-compulsive disorder,0.0011209634645747,False,0.0,0.0,100.0
Brexpiprazole,F42,obsessive-compulsive disorder,0.0052179788679475,False,7.0,0.0,100.0
Dosulepin,F42,obsessive-compulsive disorder,0.0202114930823074,False,3.0,0.0,50.0
Lorpiprazole,F42,obsessive-compulsive disorder,0.0080179107755435,False,0.0,0.0,100.0
Blonanserin,F42,obsessive-compulsive disorder,0.0029010946487095,False,1.0,0.0,100.0
Zotepine,F42,obsessive-compulsive disorder,4.13312438361902e-05,False,0.0,0.0,100.0
Pipamperone,F42,obsessive-compulsive disorder,0.0065351656798588,False,0.0,0.0,100.0
Dronabinol,F43,"reaction to severe stress, and adjustment disorders",0.0055629048122122,False,7.0,20.0,33.333333333333336
Nabilone,F43,"reaction to severe stress, and adjustment disorders",0.0017090252809575,False,1.0,80.0,66.66666666666667
Cannabidiol,F43,"reaction to severe stress, and adjustment disorders",0.0022047643784934,False,4.0,80.0,66.66666666666667
Nabiximols,F43,"reaction to severe stress, and adjustment disorders",0.002006487108776,False,0.0,80.0,66.66666666666667
Polaprezinc,F44,dissociative [conversion] disorders,0.0365419467374118,False,0.0,100.0,80.0
Oxytocin,F48,neurotic disorders,0.0349663144439571,False,1.0,50.0,75.0
Glutamic Acid,F48,neurotic disorders,0.0400484482601827,False,11.0,0.0,0.0
L-Tryptophan,F48,neurotic disorders,0.013297906332801,False,22.0,100.0,75.0
Fluvoxamine,F48,neurotic disorders,0.0014287918462156,False,4.0,50.0,100.0
Amphetamine,F48,neurotic disorders,5.751274768864681e-10,False,60.0,100.0,100.0
Nicotine,F48,neurotic disorders,0.0197436864289855,False,28.0,50.0,50.0
Phentermine,F48,neurotic disorders,1.3922524582641472e-08,False,1.0,100.0,100.0
Tramadol,F48,neurotic disorders,4.06217811471508e-05,False,0.0,50.0,100.0
Citalopram,F48,neurotic disorders,1.8988563211858628e-10,False,12.0,100.0,100.0
Eletriptan,F48,neurotic disorders,7.799889444143936e-07,False,0.0,100.0,100.0
Nelfinavir,F48,neurotic disorders,0.04200662932952,False,0.0,0.0,0.0
Indinavir,F48,neurotic disorders,0.0307702729652938,False,0.0,0.0,50.0
Reboxetine,F48,neurotic disorders,0.0009301155253939,False,0.0,50.0,100.0
Benzatropine,F48,neurotic disorders,1.6856242425060413e-05,False,1.0,100.0,100.0
Ziprasidone,F48,neurotic disorders,1.0772462437788863e-10,False,0.0,100.0,100.0
Methysergide,F48,neurotic disorders,3.869375676131426e-06,False,1.0,100.0,100.0
Cabergoline,F48,neurotic disorders,5.308741114849488e-09,False,0.0,100.0,100.0
Diethylstilbestrol,F48,neurotic disorders,0.0040467307167803,False,0.0,50.0,75.0
Metoprolol,F48,neurotic disorders,0.0032919989635891,False,0.0,50.0,75.0
Ropinirole,F48,neurotic disorders,9.516483226416967e-10,False,0.0,100.0,100.0
Clemastine,F48,neurotic disorders,0.0349663144439571,False,0.0,50.0,75.0
Venlafaxine,F48,neurotic disorders,7.89517187227885e-08,False,0.0,100.0,100.0
Atomoxetine,F48,neurotic disorders,7.986943748977031e-07,False,2.0,100.0,100.0
Morphine,F48,neurotic disorders,0.0307702729652938,False,20.0,0.0,50.0
Zolmitriptan,F48,neurotic disorders,0.0032919989635891,False,1.0,50.0,75.0
Gefitinib,F48,neurotic disorders,0.0167303358767998,False,0.0,50.0,75.0
Amitriptyline,F48,neurotic disorders,2.7943049613078194e-13,False,78.0,100.0,100.0
Methadone,F48,neurotic disorders,0.0040467307167803,False,15.0,50.0,75.0
Olanzapine,F48,neurotic disorders,2.315315983724301e-12,False,7.0,100.0,100.0
Omeprazole,F48,neurotic disorders,0.0359656802605568,False,1.0,0.0,25.0
Terfenadine,F48,neurotic disorders,0.0359656802605568,False,0.0,0.0,25.0
Diltiazem,F48,neurotic disorders,0.0099742415466894,False,0.0,50.0,75.0
Protriptyline,F48,neurotic disorders,4.194941129037855e-06,False,5.0,100.0,100.0
Clobazam,F48,neurotic disorders,0.0099742415466894,False,6.0,50.0,75.0
Megestrol acetate,F48,neurotic disorders,0.0349663144439571,False,0.0,50.0,75.0
Clozapine,F48,neurotic disorders,1.7202763762833109e-12,False,6.0,100.0,100.0
Mirtazapine,F48,neurotic disorders,1.0560606937329024e-11,False,2.0,100.0,100.0
Timolol,F48,neurotic disorders,0.0032919989635891,False,0.0,50.0,75.0
Progesterone,F48,neurotic disorders,4.87995022839473e-05,False,12.0,50.0,75.0
Loxapine,F48,neurotic disorders,1.210201745457851e-13,False,5.0,100.0,100.0
Remoxipride,F48,neurotic disorders,2.665648524970316e-07,False,0.0,100.0,100.0
Pramipexole,F48,neurotic disorders,3.366776787892268e-08,False,0.0,100.0,100.0
Promazine,F48,neurotic disorders,1.1519666577322493e-07,False,6.0,100.0,100.0
Spironolactone,F48,neurotic disorders,0.0014287918462156,False,2.0,50.0,75.0
Methylphenidate,F48,neurotic disorders,1.6856242425060413e-05,False,23.0,100.0,100.0
Prochlorperazine,F48,neurotic disorders,0.0349663144439571,False,11.0,50.0,75.0
Cyproheptadine,F48,neurotic disorders,0.0001637405196981,False,1.0,50.0,100.0
Cerivastatin,F48,neurotic disorders,0.0307702729652938,False,0.0,0.0,50.0
Lansoprazole,F48,neurotic disorders,0.0307702729652938,False,0.0,0.0,50.0
Pethidine,F48,neurotic disorders,7.975164394379644e-08,False,2.0,100.0,100.0
Loratadine,F48,neurotic disorders,0.0001637405196981,False,0.0,100.0,100.0
Imipramine,F48,neurotic disorders,1.2674070106403326e-12,False,83.0,100.0,100.0
Dronabinol,F48,neurotic disorders,0.0004101156618172,False,2.0,50.0,75.0
Fluoxetine,F48,neurotic disorders,0.0001386621818221,False,15.0,50.0,100.0
Duloxetine,F48,neurotic disorders,1.6856242425060413e-05,False,1.0,100.0,100.0
Chlorpromazine,F48,neurotic disorders,7.846454082466829e-11,False,114.0,100.0,100.0
Buspirone,F48,neurotic disorders,9.080917995114032e-05,False,4.0,50.0,100.0
Haloperidol,F48,neurotic disorders,7.975164394379644e-08,False,39.0,100.0,100.0
Dextromethorphan,F48,neurotic disorders,0.0005216855833406,False,0.0,50.0,75.0
Nortriptyline,F48,neurotic disorders,2.69691563116426e-09,False,14.0,100.0,100.0
Amoxapine,F48,neurotic disorders,9.6772095603429e-18,False,3.0,100.0,100.0
Lamotrigine,F48,neurotic disorders,0.0047673181788311,False,1.0,50.0,75.0
Hydroxyzine,F48,neurotic disorders,0.0150873022157266,False,21.0,50.0,75.0
Cinnarizine,F48,neurotic disorders,0.0028112146046229,False,1.0,50.0,75.0
Propranolol,F48,neurotic disorders,5.731055117972651e-05,False,13.0,50.0,100.0
Fenfluramine,F48,neurotic disorders,1.6856242425060413e-05,False,2.0,100.0,100.0
Mazindol,F48,neurotic disorders,4.194941129037855e-06,False,0.0,100.0,100.0
Lisuride,F48,neurotic disorders,1.8204187764721493e-11,False,0.0,100.0,100.0
Doxazosin,F48,neurotic disorders,0.013297906332801,False,0.0,100.0,100.0
Linezolid,F48,neurotic disorders,0.0150873022157266,False,0.0,50.0,75.0
Cisapride,F48,neurotic disorders,0.0014287918462156,False,0.0,50.0,100.0
Furazolidone,F48,neurotic disorders,0.0150873022157266,False,0.0,50.0,75.0
Nicardipine,F48,neurotic disorders,0.0087570389329237,False,0.0,50.0,75.0
Fluphenazine,F48,neurotic disorders,7.89517187227885e-08,False,0.0,100.0,100.0
Testosterone,F48,neurotic disorders,0.0010105227029891,False,20.0,50.0,75.0
Prednisone,F48,neurotic disorders,0.0050754755846204,False,3.0,50.0,75.0
Astemizole,F48,neurotic disorders,0.013297906332801,False,0.0,100.0,100.0
Trazodone,F48,neurotic disorders,6.520425989289655e-09,False,4.0,100.0,100.0
Verapamil,F48,neurotic disorders,0.0047050023247169,False,0.0,50.0,75.0
Sumatriptan,F48,neurotic disorders,0.0002681692950338,False,1.0,50.0,100.0
Tamoxifen,F48,neurotic disorders,0.0197436864289855,False,0.0,0.0,50.0
Thioridazine,F48,neurotic disorders,0.0008207777172072,False,45.0,50.0,100.0
Fludrocortisone,F48,neurotic disorders,0.0002971565299708,False,1.0,100.0,100.0
Ergotamine,F48,neurotic disorders,7.975164394379644e-08,False,8.0,100.0,100.0
Amprenavir,F48,neurotic disorders,0.013297906332801,False,0.0,50.0,75.0
Apomorphine,F48,neurotic disorders,3.366776787892268e-08,False,3.0,100.0,100.0
Paroxetine,F48,neurotic disorders,4.06217811471508e-05,False,10.0,50.0,100.0
Trimipramine,F48,neurotic disorders,1.210201745457851e-13,False,8.0,100.0,100.0
Risperidone,F48,neurotic disorders,5.937512248178647e-11,False,6.0,100.0,100.0
Carbinoxamine,F48,neurotic disorders,0.0073563009890695,False,0.0,50.0,75.0
Epinastine,F48,neurotic disorders,6.920514154739366e-06,False,0.0,100.0,100.0
Tranylcypromine,F48,neurotic disorders,0.0002681692950338,False,17.0,50.0,100.0
Propiomazine,F48,neurotic disorders,4.06217811471508e-05,False,0.0,50.0,100.0
Phenelzine,F48,neurotic disorders,0.0307702729652938,False,21.0,0.0,50.0
Tripelennamine,F48,neurotic disorders,0.0150873022157266,False,0.0,50.0,75.0
Minaprine,F48,neurotic disorders,7.89517187227885e-08,False,1.0,100.0,100.0
Phenmetrazine,F48,neurotic disorders,0.0150873022157266,False,3.0,50.0,75.0
Mifepristone,F48,neurotic disorders,0.0167303358767998,False,0.0,50.0,75.0
Brompheniramine,F48,neurotic disorders,0.0254820335821475,False,0.0,0.0,75.0
Loperamide,F48,neurotic disorders,0.0008207777172072,False,2.0,50.0,75.0
Perphenazine,F48,neurotic disorders,0.0167303358767998,False,21.0,50.0,75.0
Pseudoephedrine,F48,neurotic disorders,4.734168491319656e-07,False,0.0,100.0,100.0
Ranitidine,F48,neurotic disorders,0.0254820335821475,False,1.0,0.0,75.0
Flupentixol,F48,neurotic disorders,0.0050754755846204,False,8.0,50.0,75.0
Ondansetron,F48,neurotic disorders,1.813760990513724e-05,False,0.0,50.0,100.0
Cocaine,F48,neurotic disorders,0.0028112146046229,False,20.0,50.0,75.0
Almotriptan,F48,neurotic disorders,0.0004101156618172,False,0.0,50.0,75.0
Buprenorphine,F48,neurotic disorders,0.0033899133279879,False,0.0,50.0,75.0
Mesoridazine,F48,neurotic disorders,0.0002971565299708,False,6.0,100.0,100.0
Maprotiline,F48,neurotic disorders,3.366776787892268e-08,False,11.0,100.0,100.0
Diethylpropion,F48,neurotic disorders,0.0150873022157266,False,1.0,50.0,75.0
Fexofenadine,F48,neurotic disorders,0.0073563009890695,False,0.0,50.0,75.0
Naratriptan,F48,neurotic disorders,0.0019201222191709,False,1.0,50.0,75.0
Methylprednisolone,F48,neurotic disorders,0.0349663144439571,False,0.0,50.0,75.0
Pindolol,F48,neurotic disorders,0.0032919989635891,False,2.0,50.0,75.0
Desloratadine,F48,neurotic disorders,4.412184167311073e-05,False,1.0,100.0,100.0
Azelastine,F48,neurotic disorders,0.0010936224989126,False,0.0,50.0,75.0
Dopamine,F48,neurotic disorders,1.1925334326196661e-20,False,53.0,100.0,100.0
Felodipine,F48,neurotic disorders,0.0047673181788311,False,0.0,50.0,75.0
Ketoconazole,F48,neurotic disorders,0.0144283542241347,False,0.0,0.0,75.0
Selegiline,F48,neurotic disorders,1.813760990513724e-05,False,0.0,50.0,100.0
Memantine,F48,neurotic disorders,0.0167303358767998,False,0.0,50.0,75.0
Acetophenazine,F48,neurotic disorders,0.0349663144439571,False,3.0,50.0,75.0
Promethazine,F48,neurotic disorders,5.731055117972651e-05,False,3.0,50.0,100.0
Mequitazine,F48,neurotic disorders,0.0349663144439571,False,0.0,50.0,75.0
Diphenhydramine,F48,neurotic disorders,0.0208792233746559,False,6.0,50.0,75.0
Tegaserod,F48,neurotic disorders,6.920514154739366e-06,False,0.0,100.0,100.0
Dimethyl sulfoxide,F48,neurotic disorders,0.0009301155253939,False,1.0,50.0,100.0
Pimozide,F48,neurotic disorders,1.813760990513724e-05,False,6.0,100.0,100.0
Sertraline,F48,neurotic disorders,1.1755026232448324e-08,False,14.0,100.0,100.0
Sibutramine,F48,neurotic disorders,0.0009301155253939,False,0.0,50.0,100.0
Miconazole,F48,neurotic disorders,0.012846561562891,False,0.0,50.0,100.0
Chlorphenamine,F48,neurotic disorders,6.920514154739366e-06,False,1.0,100.0,100.0
Bicalutamide,F48,neurotic disorders,0.0019201222191709,False,0.0,50.0,75.0
Pioglitazone,F48,neurotic disorders,0.0208792233746559,False,0.0,50.0,75.0
Doxepin,F48,neurotic disorders,1.0772462437788863e-10,False,36.0,100.0,100.0
Diphenylpyraline,F48,neurotic disorders,0.0150873022157266,False,0.0,50.0,75.0
Nefazodone,F48,neurotic disorders,5.751274768864681e-10,False,0.0,100.0,100.0
Desipramine,F48,neurotic disorders,1.7356353261604578e-10,False,11.0,100.0,100.0
Bupropion,F48,neurotic disorders,0.0208792233746559,False,0.0,50.0,75.0
Moclobemide,F48,neurotic disorders,4.412184167311073e-05,False,1.0,100.0,100.0
Escitalopram,F48,neurotic disorders,3.6373031227391696e-08,False,6.0,100.0,100.0
Naloxone,F48,neurotic disorders,0.0254820335821475,False,2.0,0.0,75.0
Domperidone,F48,neurotic disorders,0.0004101156618172,False,2.0,50.0,75.0
Pergolide,F48,neurotic disorders,2.287177536251959e-09,False,0.0,100.0,100.0
Dexfenfluramine,F48,neurotic disorders,0.0001637405196981,False,0.0,50.0,100.0
Bromocriptine,F48,neurotic disorders,1.37078095006788e-10,False,2.0,100.0,100.0
Ketamine,F48,neurotic disorders,0.0001802076960139,False,4.0,50.0,75.0
Quetiapine,F48,neurotic disorders,1.210201745457851e-13,False,6.0,100.0,100.0
Metoclopramide,F48,neurotic disorders,0.0099742415466894,False,1.0,50.0,75.0
Dexamethasone,F48,neurotic disorders,0.0008675585636316,False,22.0,50.0,75.0
Levodopa,F48,neurotic disorders,0.0005915702113913,False,5.0,100.0,75.0
Aripiprazole,F48,neurotic disorders,7.846454082466829e-11,False,4.0,100.0,100.0
Chlorprothixene,F48,neurotic disorders,4.734168491319656e-07,False,20.0,100.0,100.0
Clomipramine,F48,neurotic disorders,3.391059350786209e-09,False,16.0,100.0,100.0
Isocarboxazid,F48,neurotic disorders,0.0150873022157266,False,6.0,50.0,75.0
Paliperidone,F48,neurotic disorders,3.424845204004876e-11,False,1.0,100.0,100.0
Ephedra,F48,neurotic disorders,4.734168491319656e-07,False,0.0,100.0,100.0
Yohimbine,F48,neurotic disorders,1.1755026232448324e-08,False,40.0,100.0,100.0
Methotrimeprazine,F48,neurotic disorders,3.336166630710353e-07,False,12.0,50.0,100.0
Testosterone propionate,F48,neurotic disorders,0.0073563009890695,False,1.0,50.0,75.0
Amrinone,F48,neurotic disorders,0.0349663144439571,False,0.0,50.0,75.0
Dextroamphetamine,F48,neurotic disorders,9.080917995114032e-05,False,8.0,50.0,100.0
Methamphetamine,F48,neurotic disorders,1.1755026232448324e-08,False,18.0,100.0,100.0
Lopinavir,F48,neurotic disorders,0.0099742415466894,False,0.0,50.0,75.0
Acepromazine,F48,neurotic disorders,0.0073563009890695,False,0.0,50.0,75.0
Molindone,F48,neurotic disorders,0.0009301155253939,False,2.0,50.0,100.0
Pipotiazine,F48,neurotic disorders,6.920514154739366e-06,False,1.0,100.0,100.0
Thioproperazine,F48,neurotic disorders,0.0073563009890695,False,3.0,50.0,75.0
Thiothixene,F48,neurotic disorders,0.0050754755846204,False,6.0,50.0,75.0
Zuclopenthixol,F48,neurotic disorders,0.0001637405196981,False,4.0,50.0,100.0
Pargyline,F48,neurotic disorders,0.0150873022157266,False,1.0,50.0,75.0
Debrisoquin,F48,neurotic disorders,0.0009301155253939,False,1.0,50.0,100.0
Fluspirilene,F48,neurotic disorders,0.0349663144439571,False,7.0,50.0,75.0
Tetrabenazine,F48,neurotic disorders,0.0009301155253939,False,1.0,50.0,100.0
Dronedarone,F48,neurotic disorders,0.0065865520013334,False,0.0,50.0,75.0
Lorcaserin,F48,neurotic disorders,0.0099742415466894,False,0.0,50.0,75.0
Milnacipran,F48,neurotic disorders,0.0349663144439571,False,0.0,100.0,100.0
Flibanserin,F48,neurotic disorders,0.0009301155253939,False,0.0,50.0,100.0
Clevidipine,F48,neurotic disorders,0.0167303358767998,False,0.0,50.0,75.0
Iloperidone,F48,neurotic disorders,9.516483226416967e-10,False,0.0,100.0,100.0
Lofexidine,F48,neurotic disorders,1.1469607301017609e-05,False,0.0,100.0,100.0
Rotigotine,F48,neurotic disorders,6.920514154739366e-06,False,0.0,100.0,100.0
Pimavanserin,F48,neurotic disorders,0.0150873022157266,False,0.0,50.0,75.0
Histamine,F48,neurotic disorders,0.0254820335821475,False,25.0,0.0,75.0
Apremilast,F48,neurotic disorders,0.0073563009890695,False,0.0,50.0,100.0
Cariprazine,F48,neurotic disorders,1.3922524582641472e-08,False,0.0,100.0,100.0
Sertindole,F48,neurotic disorders,0.0004101156618172,False,0.0,100.0,100.0
Mianserin,F48,neurotic disorders,1.8907911411699757e-13,False,6.0,100.0,100.0
Pizotifen,F48,neurotic disorders,0.0001056967277905,False,0.0,50.0,75.0
Tapentadol,F48,neurotic disorders,1.1469607301017609e-05,False,0.0,100.0,100.0
Asenapine,F48,neurotic disorders,1.0560606937329024e-11,False,0.0,100.0,100.0
Amisulpride,F48,neurotic disorders,4.194941129037855e-06,False,0.0,100.0,100.0
Oxymetholone,F48,neurotic disorders,0.0010936224989126,False,1.0,50.0,75.0
Vilazodone,F48,neurotic disorders,0.0019201222191709,False,0.0,50.0,75.0
Desvenlafaxine,F48,neurotic disorders,0.0349663144439571,False,0.0,50.0,75.0
Dexmethylphenidate,F48,neurotic disorders,4.194941129037855e-06,False,0.0,100.0,100.0
Drotaverine,F48,neurotic disorders,0.0150873022157266,False,0.0,50.0,75.0
Methylnaltrexone,F48,neurotic disorders,0.0349663144439571,False,0.0,50.0,75.0
Nandrolone decanoate,F48,neurotic disorders,0.0009301155253939,False,0.0,50.0,100.0
Cinitapride,F48,neurotic disorders,0.0002971565299708,False,0.0,100.0,100.0
Lurasidone,F48,neurotic disorders,9.080917995114032e-05,False,0.0,50.0,100.0
Enzalutamide,F48,neurotic disorders,0.0004101156618172,False,0.0,50.0,75.0
Fluticasone furoate,F48,neurotic disorders,0.0349663144439571,False,0.0,50.0,75.0
Levomilnacipran,F48,neurotic disorders,1.8968020114231107e-06,False,0.0,100.0,100.0
Perospirone,F48,neurotic disorders,7.89517187227885e-08,False,0.0,100.0,100.0
Captodiame,F48,neurotic disorders,0.0349663144439571,False,0.0,50.0,75.0
Butriptyline,F48,neurotic disorders,0.0002971565299708,False,3.0,100.0,100.0
Naloxegol,F48,neurotic disorders,0.0009301155253939,False,0.0,50.0,100.0
Cannabidiol,F48,neurotic disorders,3.2486486105318045e-08,False,0.0,100.0,100.0
Vortioxetine,F48,neurotic disorders,7.799889444143936e-07,False,0.0,100.0,100.0
Brexpiprazole,F48,neurotic disorders,9.080917995114032e-05,False,0.0,50.0,100.0
Dosulepin,F48,neurotic disorders,3.366776787892268e-08,False,15.0,100.0,100.0
Lorpiprazole,F48,neurotic disorders,3.869375676131426e-06,False,0.0,100.0,100.0
Polaprezinc,F48,neurotic disorders,5.731055117972651e-05,False,0.0,100.0,100.0
Blonanserin,F48,neurotic disorders,0.0019201222191709,False,0.0,50.0,75.0
Melperone,F48,neurotic disorders,0.0150873022157266,False,1.0,50.0,75.0
Zotepine,F48,neurotic disorders,3.869375676131426e-06,False,0.0,100.0,100.0
Manidipine,F48,neurotic disorders,0.0099742415466894,False,0.0,50.0,75.0
Pirlindole,F48,neurotic disorders,0.0349663144439571,False,0.0,50.0,75.0
Pipamperone,F48,neurotic disorders,0.0001637405196981,False,1.0,50.0,100.0
Tianeptine,F48,neurotic disorders,1.6856242425060413e-05,False,1.0,100.0,100.0
Foreskin fibroblast (neonatal),F48,neurotic disorders,0.0167303358767998,False,0.0,100.0,100.0
Foreskin keratinocyte (neonatal),F48,neurotic disorders,1.813760990513724e-05,False,0.0,100.0,100.0
Asunaprevir,F48,neurotic disorders,0.0167303358767998,False,0.0,50.0,75.0
Rupatadine,F48,neurotic disorders,0.0032919989635891,False,0.0,50.0,75.0
Opicapone,F48,neurotic disorders,0.0349663144439571,False,0.0,50.0,75.0
Isavuconazole,F48,neurotic disorders,0.0065865520013334,False,0.0,100.0,100.0
Apalutamide,F48,neurotic disorders,0.0254820335821475,False,0.0,0.0,75.0
Binimetinib,F48,neurotic disorders,0.0001637405196981,False,0.0,50.0,100.0
Telotristat ethyl,F48,neurotic disorders,0.0150873022157266,False,0.0,50.0,75.0
Tiapride,F48,neurotic disorders,0.0019201222191709,False,0.0,50.0,75.0
Testosterone cypionate,F48,neurotic disorders,0.0011574517619617,False,0.0,50.0,75.0
Testosterone enanthate,F48,neurotic disorders,0.0011574517619617,False,0.0,50.0,75.0
Testosterone undecanoate,F48,neurotic disorders,0.0011574517619617,False,0.0,50.0,75.0
Nabiximols,F48,neurotic disorders,2.3573811948096898e-08,False,0.0,100.0,100.0
Aripiprazole lauroxil,F48,neurotic disorders,7.846454082466829e-11,False,0.0,100.0,100.0
Amphetamine,F50,eating disorders,0.0032899309450685,False,317.0,100.0,80.0
Phentermine,F50,eating disorders,0.035771602294568,False,26.0,100.0,60.0
Atomoxetine,F50,eating disorders,0.028789280276738,False,17.0,100.0,40.0
Mirtazapine,F50,eating disorders,0.0089331859406091,False,39.0,100.0,60.0
Loxapine,F50,eating disorders,0.0176796802691381,False,1.0,100.0,60.0
Methylphenidate,F50,eating disorders,0.0162483828099703,False,76.0,100.0,80.0
Imipramine,F50,eating disorders,0.028154611602589,True,55.0,100.0,40.0
Duloxetine,F50,eating disorders,0.0162483828099703,False,12.0,100.0,80.0
Amoxapine,F50,eating disorders,0.0080861215730574,False,1.0,100.0,60.0
Mazindol,F50,eating disorders,5.6694430468698376e-05,False,0.0,100.0,100.0
Trimipramine,F50,eating disorders,0.0080861215730574,False,2.0,100.0,60.0
Phenmetrazine,F50,eating disorders,0.0027025469781489,False,9.0,100.0,80.0
Benzphetamine,F50,eating disorders,0.028789280276738,False,2.0,100.0,60.0
Diethylpropion,F50,eating disorders,0.0027025469781489,False,6.0,100.0,80.0
Dopamine,F50,eating disorders,0.0119235243791387,False,911.0,100.0,60.0
Sibutramine,F50,eating disorders,0.0109616863305869,False,48.0,100.0,100.0
Nefazodone,F50,eating disorders,0.0032899309450685,False,2.0,100.0,80.0
Escitalopram,F50,eating disorders,0.0433932396341128,False,17.0,100.0,40.0
Ephedra,F50,eating disorders,0.0019469218701915,False,3.0,100.0,80.0
Ephedrine,F50,eating disorders,0.0162483828099703,False,7.0,100.0,80.0
Dextroamphetamine,F50,eating disorders,0.0003616260293011,False,112.0,100.0,80.0
Methamphetamine,F50,eating disorders,0.0023506354308989,False,68.0,100.0,80.0
Mianserin,F50,eating disorders,0.0089331859406091,False,24.0,100.0,60.0
Dexmethylphenidate,F50,eating disorders,0.0109616863305869,False,0.0,100.0,80.0
Zotepine,F50,eating disorders,0.0433932396341128,False,0.0,100.0,40.0
Ranolazine,F52,sexual dysfunction,0.0032485951279605,False,2.0,33.33333333333333,0.0
Phenytoin,F52,sexual dysfunction,0.0007663273721403,False,25.0,33.33333333333333,0.0
Lidocaine,F52,sexual dysfunction,6.53796875872652e-06,False,101.0,100.0,0.0
Bupivacaine,F52,sexual dysfunction,0.0066496774680457,False,12.0,33.33333333333333,0.0
Hexylcaine,F52,sexual dysfunction,0.0007819194695337,False,0.0,0.0,0.0
Cinchocaine,F52,sexual dysfunction,0.0032485951279605,False,0.0,33.33333333333333,0.0
Alprostadil,F52,sexual dysfunction,0.013297906332801,False,890.0,0.0,0.0
Cocaine,F52,sexual dysfunction,0.0005754801705976,False,84.0,66.66666666666666,0.0
Zonisamide,F52,sexual dysfunction,5.72064000438758e-11,False,3.0,100.0,0.0
Dinoprostone,F52,sexual dysfunction,0.0015343291635674,False,10.0,0.0,0.0
Misoprostol,F52,sexual dysfunction,0.0018820540997838,False,1.0,0.0,0.0
Flecainide,F52,sexual dysfunction,0.0047961839090264,False,0.0,0.0,0.0
Lacosamide,F52,sexual dysfunction,2.169465583594678e-06,False,3.0,100.0,0.0
Limaprost,F52,sexual dysfunction,7.147031452041861e-06,False,2.0,66.66666666666666,0.0
Ziprasidone,F60,specific personality disorders,0.0098151694430376,False,4.0,100.0,50.0
Cabergoline,F60,specific personality disorders,0.0055629048122122,False,1.0,100.0,100.0
Ropinirole,F60,specific personality disorders,0.0039691930490076,False,0.0,100.0,100.0
Zolmitriptan,F60,specific personality disorders,0.0006877625609581,False,0.0,75.0,100.0
Olanzapine,F60,specific personality disorders,0.0161704710089108,False,21.0,100.0,50.0
Clozapine,F60,specific personality disorders,0.0156046433634918,False,23.0,100.0,50.0
Loxapine,F60,specific personality disorders,0.0109616863305869,False,4.0,100.0,100.0
Pramipexole,F60,specific personality disorders,0.0035746793275313,False,1.0,100.0,100.0
Amoxapine,F60,specific personality disorders,0.0064755576224752,False,0.0,100.0,100.0
Lisuride,F60,specific personality disorders,0.0039691930490076,False,0.0,100.0,100.0
Sumatriptan,F60,specific personality disorders,0.0013933138940703,False,0.0,75.0,50.0
Apomorphine,F60,specific personality disorders,0.0035746793275313,False,1.0,100.0,100.0
Almotriptan,F60,specific personality disorders,0.0016726744601575,False,0.0,75.0,50.0
Naratriptan,F60,specific personality disorders,0.0004956258336613,False,0.0,75.0,100.0
Rizatriptan,F60,specific personality disorders,0.0004956258336613,False,0.0,50.0,100.0
Dopamine,F60,specific personality disorders,0.0083825584562548,False,151.0,100.0,100.0
Pergolide,F60,specific personality disorders,0.0047050023247169,False,0.0,100.0,100.0
Bromocriptine,F60,specific personality disorders,0.0055629048122122,False,1.0,100.0,100.0
Quetiapine,F60,specific personality disorders,0.0109616863305869,False,0.0,100.0,50.0
Aripiprazole,F60,specific personality disorders,0.0093205163659703,False,14.0,100.0,50.0
Asenapine,F60,specific personality disorders,0.006909854311659,False,2.0,100.0,100.0
Aripiprazole lauroxil,F60,specific personality disorders,0.0093205163659703,False,0.0,100.0,50.0
Pethidine,F80,specific developmental disorders of speech and language,0.0089443178143312,False,22.0,100.0,100.0
Felbamate,F80,specific developmental disorders of speech and language,0.0018820540997838,False,20.0,100.0,100.0
Memantine,F80,specific developmental disorders of speech and language,0.0039961611014397,False,127.0,100.0,100.0
Acetylcysteine,F80,specific developmental disorders of speech and language,0.0045991095373961,False,82.0,100.0,100.0
Memantine,F81,specific developmental disorders of scholastic skills,0.016342020170238,False,2.0,100.0,100.0
Acetylcysteine,F81,specific developmental disorders of scholastic skills,0.0203762454421303,False,0.0,100.0,50.0
Ifenprodil,F81,specific developmental disorders of scholastic skills,0.0148879836343711,False,0.0,100.0,50.0
Ziprasidone,F91,conduct disorders,9.92078585019341e-08,False,25.0,100.0,100.0
Methysergide,F91,conduct disorders,0.0091693983216265,False,0.0,100.0,100.0
Cabergoline,F91,conduct disorders,1.8948297432579413e-08,False,17.0,100.0,100.0
Ropinirole,F91,conduct disorders,6.653851106065333e-09,False,38.0,100.0,100.0
Olanzapine,F91,conduct disorders,4.2232222236193675e-07,False,86.0,100.0,100.0
Clozapine,F91,conduct disorders,3.77630369946302e-07,False,64.0,100.0,100.0
Mirtazapine,F91,conduct disorders,0.0007727285827612,False,20.0,100.0,100.0
Sulpiride,F91,conduct disorders,0.0033686190538923,False,7.0,100.0,100.0
Loxapine,F91,conduct disorders,1.3261043205709404e-07,False,2.0,100.0,100.0
Remoxipride,F91,conduct disorders,2.200084602920955e-08,False,0.0,100.0,100.0
Pramipexole,F91,conduct disorders,4.9857821984327095e-09,False,55.0,100.0,100.0
Promazine,F91,conduct disorders,0.0004256889346385,False,2.0,100.0,100.0
Chlorpromazine,F91,conduct disorders,1.2889016472699008e-05,True,17.0,100.0,100.0
Haloperidol,F91,conduct disorders,0.000372083615537,True,46.0,100.0,100.0
Amoxapine,F91,conduct disorders,2.9599689925506097e-08,False,0.0,100.0,100.0
Lamotrigine,F91,conduct disorders,0.033288379723556,False,31.0,0.0,100.0
Lisuride,F91,conduct disorders,6.653851106065333e-09,False,1.0,100.0,100.0
Fluphenazine,F91,conduct disorders,7.164364834408563e-05,False,8.0,100.0,100.0
Thioridazine,F91,conduct disorders,0.0147736387376978,False,8.0,50.0,100.0
Ergotamine,F91,conduct disorders,0.000372083615537,False,11.0,100.0,100.0
Apomorphine,F91,conduct disorders,4.9857821984327095e-09,False,22.0,100.0,100.0
Trimipramine,F91,conduct disorders,0.0411157469804686,False,0.0,0.0,100.0
Risperidone,F91,conduct disorders,2.7614685513614375e-06,False,176.0,100.0,100.0
Propiomazine,F91,conduct disorders,0.0001867789750576,False,0.0,100.0,100.0
Minaprine,F91,conduct disorders,0.0109548107975341,False,0.0,50.0,100.0
Flupentixol,F91,conduct disorders,0.0060011779696427,False,4.0,100.0,100.0
Mesoridazine,F91,conduct disorders,0.001298526429611,False,0.0,100.0,100.0
Maprotiline,F91,conduct disorders,0.023203262455166,False,3.0,0.0,100.0
Dopamine,F91,conduct disorders,0.0010398408410949,False,742.0,100.0,100.0
Acetophenazine,F91,conduct disorders,0.001298526429611,False,0.0,100.0,100.0
Promethazine,F91,conduct disorders,0.0209693409137144,False,4.0,0.0,100.0
Pimozide,F91,conduct disorders,0.0147736387376978,False,4.0,50.0,100.0
Domperidone,F91,conduct disorders,0.0109548107975341,False,3.0,50.0,100.0
Pergolide,F91,conduct disorders,1.1523170586444561e-08,False,10.0,100.0,100.0
Bromocriptine,F91,conduct disorders,1.8948297432579413e-08,False,11.0,100.0,100.0
Ketamine,F91,conduct disorders,0.0307702729652938,False,109.0,0.0,100.0
Quetiapine,F91,conduct disorders,1.3261043205709404e-07,False,89.0,100.0,100.0
Levodopa,F91,conduct disorders,9.444961014918242e-05,False,181.0,100.0,100.0
Aripiprazole,F91,conduct disorders,8.52920277389612e-08,False,112.0,100.0,100.0
Chlorprothixene,F91,conduct disorders,0.0001515921872047,False,4.0,100.0,100.0
Paliperidone,F91,conduct disorders,2.2475517340147277e-06,False,23.0,100.0,100.0
Yohimbine,F91,conduct disorders,8.315639588671231e-07,False,8.0,100.0,100.0
Methotrimeprazine,F91,conduct disorders,4.6388585285912655e-06,False,1.0,100.0,100.0
Acepromazine,F91,conduct disorders,0.0075830965450964,False,0.0,100.0,100.0
Molindone,F91,conduct disorders,0.0022737099225034,False,3.0,100.0,100.0
Pipotiazine,F91,conduct disorders,0.0109548107975341,False,0.0,50.0,100.0
Thioproperazine,F91,conduct disorders,0.0075830965450964,False,1.0,100.0,100.0
Thiothixene,F91,conduct disorders,0.0060011779696427,False,0.0,100.0,100.0
Zuclopenthixol,F91,conduct disorders,0.0075830965450964,False,2.0,100.0,100.0
Fluspirilene,F91,conduct disorders,0.001298526429611,False,0.0,100.0,100.0
Flibanserin,F91,conduct disorders,0.0022737099225034,False,2.0,100.0,100.0
Iloperidone,F91,conduct disorders,1.7950456072304213e-06,False,3.0,100.0,100.0
Rotigotine,F91,conduct disorders,7.164364834408563e-05,False,19.0,100.0,100.0
Pimavanserin,F91,conduct disorders,0.0005336666515017,False,10.0,100.0,100.0
Cariprazine,F91,conduct disorders,3.71924601246391e-05,False,12.0,100.0,100.0
Sertindole,F91,conduct disorders,0.0109548107975341,False,0.0,50.0,100.0
Mianserin,F91,conduct disorders,0.0007727285827612,False,6.0,100.0,100.0
Pizotifen,F91,conduct disorders,0.025652922029341,False,1.0,0.0,100.0
Asenapine,F91,conduct disorders,3.5999894908722586e-08,False,4.0,100.0,100.0
Amisulpride,F91,conduct disorders,3.869375676131426e-06,False,14.0,100.0,100.0
Lurasidone,F91,conduct disorders,0.0060011779696427,False,14.0,100.0,100.0
Perospirone,F91,conduct disorders,7.164364834408563e-05,False,2.0,100.0,100.0
Brexpiprazole,F91,conduct disorders,0.0060011779696427,False,15.0,100.0,100.0
Blonanserin,F91,conduct disorders,8.47653362364587e-06,False,4.0,100.0,100.0
Zotepine,F91,conduct disorders,0.0091693983216265,False,1.0,100.0,100.0
Pipamperone,F91,conduct disorders,8.211594142352963e-08,False,3.0,100.0,100.0
Dihydro-alpha-ergocryptine,F91,conduct disorders,0.0022737099225034,False,0.0,100.0,100.0
Tiapride,F91,conduct disorders,0.0033686190538923,False,6.0,100.0,100.0
Aripiprazole lauroxil,F91,conduct disorders,8.52920277389612e-08,False,3.0,100.0,100.0
Dopamine,F99,mental disorder,0.0219375654720698,False,31608.0,0.0,0.0
Cyclosporine,G00,bacterial meningitis,5.602249051826381e-05,False,13.0,100.0,0.0
Pravastatin,G00,bacterial meningitis,0.0007386115653057,False,0.0,100.0,0.0
Pyrimethamine,G00,bacterial meningitis,0.0419169015429439,False,7.0,100.0,0.0
Reserpine,G00,bacterial meningitis,0.0032492842796602,False,1.0,100.0,0.0
Lovastatin,G00,bacterial meningitis,0.0187782675610682,False,2.0,100.0,0.0
Phenytoin,G00,bacterial meningitis,0.0212475057418352,False,35.0,0.0,0.0
Diethylstilbestrol,G00,bacterial meningitis,0.0212475057418352,False,0.0,100.0,0.0
Clotrimazole,G00,bacterial meningitis,0.0271694391788108,False,2.0,100.0,0.0
Venlafaxine,G00,bacterial meningitis,0.0042780764959128,False,1.0,100.0,0.0
Conjugated estrogens,G00,bacterial meningitis,0.0408730276648593,False,0.0,0.0,0.0
Acetaminophen,G00,bacterial meningitis,0.0408730276648593,False,35.0,100.0,0.0
Atenolol,G00,bacterial meningitis,0.0166674927677325,False,1.0,100.0,0.0
Omeprazole,G00,bacterial meningitis,0.0121279104052176,False,1.0,100.0,0.0
Mirtazapine,G00,bacterial meningitis,0.0372897040787079,False,0.0,100.0,0.0
Sorafenib,G00,bacterial meningitis,0.0025607802323847,False,0.0,100.0,0.0
Spironolactone,G00,bacterial meningitis,0.0101009537504171,False,0.0,0.0,0.0
Cerivastatin,G00,bacterial meningitis,0.0002971565299708,False,0.0,100.0,0.0
Trimethoprim,G00,bacterial meningitis,8.242791587923797e-06,False,387.0,100.0,0.0
Lansoprazole,G00,bacterial meningitis,0.0101009537504171,False,0.0,100.0,0.0
Dipivefrin,G00,bacterial meningitis,0.0419169015429439,False,0.0,0.0,0.0
Lenalidomide,G00,bacterial meningitis,0.0419169015429439,False,2.0,0.0,0.0
Celecoxib,G00,bacterial meningitis,0.0001646482599127,False,1.0,100.0,0.0
Zidovudine,G00,bacterial meningitis,0.0305264926096464,False,5.0,0.0,0.0
Ritonavir,G00,bacterial meningitis,0.0012554651389382,False,0.0,100.0,0.0
Cisplatin,G00,bacterial meningitis,0.0002176208200025,False,3.0,100.0,0.0
Oxaliplatin,G00,bacterial meningitis,0.0240528395542972,False,0.0,100.0,0.0
Erlotinib,G00,bacterial meningitis,0.0101009537504171,False,1.0,100.0,0.0
Vincristine,G00,bacterial meningitis,0.0101009537504171,False,11.0,100.0,0.0
Fluorouracil,G00,bacterial meningitis,2.2055015529171287e-05,False,2.0,100.0,0.0
Methotrexate,G00,bacterial meningitis,1.725983005124723e-07,False,33.0,100.0,0.0
Carbamazepine,G00,bacterial meningitis,0.0006058566041917,False,7.0,100.0,0.0
Mazindol,G00,bacterial meningitis,0.028555290424893,False,0.0,0.0,0.0
Diclofenac,G00,bacterial meningitis,0.0032669590497478,False,3.0,100.0,0.0
Ivermectin,G00,bacterial meningitis,0.0016500407803274,False,21.0,100.0,0.0
Simvastatin,G00,bacterial meningitis,0.0187782675610682,False,2.0,100.0,0.0
Verapamil,G00,bacterial meningitis,0.0110598104731944,False,7.0,100.0,0.0
Epinephrine,G00,bacterial meningitis,0.0187782675610682,False,16.0,100.0,0.0
Tamoxifen,G00,bacterial meningitis,0.0045297305125812,False,2.0,100.0,0.0
Mycophenolate mofetil,G00,bacterial meningitis,0.0010607466264841,False,8.0,100.0,0.0
Daunorubicin,G00,bacterial meningitis,0.014177022839385,False,11.0,100.0,0.0
Lamivudine,G00,bacterial meningitis,0.0271694391788108,False,3.0,0.0,0.0
Hydrocortisone,G00,bacterial meningitis,0.014177022839385,False,143.0,0.0,0.0
Irinotecan,G00,bacterial meningitis,0.0187782675610682,False,0.0,0.0,0.0
Etoposide,G00,bacterial meningitis,2.2055015529171287e-05,False,5.0,100.0,0.0
Estradiol,G00,bacterial meningitis,0.0080427242122306,False,6.0,100.0,0.0
Mefenamic acid,G00,bacterial meningitis,0.0419169015429439,False,0.0,0.0,0.0
Sulfasalazine,G00,bacterial meningitis,0.0101009537504171,False,2.0,0.0,0.0
Pseudoephedrine,G00,bacterial meningitis,0.0084291386098149,False,0.0,100.0,0.0
Quinidine,G00,bacterial meningitis,0.0449020225875464,False,1.0,100.0,0.0
Buprenorphine,G00,bacterial meningitis,0.0187782675610682,False,2.0,100.0,0.0
Acetylsalicylic acid,G00,bacterial meningitis,0.0007386115653057,False,46.0,100.0,0.0
Carboplatin,G00,bacterial meningitis,0.0121279104052176,False,3.0,100.0,0.0
Telmisartan,G00,bacterial meningitis,0.001047794148108,False,1.0,100.0,0.0
Ezetimibe,G00,bacterial meningitis,0.0004880412904765,False,0.0,100.0,0.0
Ethinyl Estradiol,G00,bacterial meningitis,0.0042780764959128,False,0.0,100.0,0.0
Physostigmine,G00,bacterial meningitis,0.0166674927677325,False,0.0,100.0,0.0
Dopamine,G00,bacterial meningitis,0.048839384945777,False,20.0,100.0,0.0
Doxorubicin,G00,bacterial meningitis,0.0045297305125812,False,7.0,100.0,0.0
Glyburide,G00,bacterial meningitis,0.0336877723922002,False,0.0,100.0,0.0
Topotecan,G00,bacterial meningitis,0.0419169015429439,False,0.0,0.0,0.0
Ibuprofen,G00,bacterial meningitis,0.048839384945777,False,20.0,100.0,0.0
Atorvastatin,G00,bacterial meningitis,0.0336877723922002,False,0.0,100.0,0.0
Nifedipine,G00,bacterial meningitis,0.0336877723922002,False,0.0,100.0,0.0
Phenobarbital,G00,bacterial meningitis,0.0036382023811606,False,20.0,100.0,0.0
Propafenone,G00,bacterial meningitis,0.0042780764959128,False,0.0,100.0,0.0
Acebutolol,G00,bacterial meningitis,0.0419169015429439,False,0.0,100.0,0.0
Levetiracetam,G00,bacterial meningitis,0.028555290424893,False,9.0,0.0,0.0
Nadolol,G00,bacterial meningitis,0.0166674927677325,False,0.0,100.0,0.0
Paclitaxel,G00,bacterial meningitis,0.0010607466264841,False,0.0,100.0,0.0
Saquinavir,G00,bacterial meningitis,0.0007386115653057,False,0.0,100.0,0.0
Dexamethasone,G00,bacterial meningitis,0.0028940896805361,False,866.0,100.0,0.0
Decamethonium,G00,bacterial meningitis,0.0419169015429439,False,0.0,0.0,0.0
Docetaxel,G00,bacterial meningitis,0.0163046584418511,False,0.0,0.0,0.0
Sitagliptin,G00,bacterial meningitis,0.0419169015429439,False,0.0,0.0,0.0
Sunitinib,G00,bacterial meningitis,0.0121279104052176,False,1.0,0.0,0.0
Ephedra,G00,bacterial meningitis,0.0084291386098149,False,1.0,0.0,0.0
Ephedrine,G00,bacterial meningitis,0.0419169015429439,False,0.0,0.0,0.0
Clenbuterol,G00,bacterial meningitis,0.0016500407803274,False,0.0,100.0,0.0
Nilotinib,G00,bacterial meningitis,0.0042780764959128,False,0.0,100.0,0.0
Belinostat,G00,bacterial meningitis,0.0419169015429439,False,0.0,100.0,0.0
Indacaterol,G00,bacterial meningitis,0.028555290424893,False,0.0,0.0,0.0
Simeprevir,G00,bacterial meningitis,0.0054785853025567,False,0.0,100.0,0.0
Pazopanib,G00,bacterial meningitis,0.0187782675610682,False,1.0,100.0,0.0
Apixaban,G00,bacterial meningitis,0.0042780764959128,False,0.0,100.0,0.0
Cabazitaxel,G00,bacterial meningitis,0.0032492842796602,False,0.0,100.0,0.0
Pralatrexate,G00,bacterial meningitis,0.0002798074685864,False,0.0,100.0,0.0
Vismodegib,G00,bacterial meningitis,0.0032492842796602,False,0.0,100.0,0.0
Pitavastatin,G00,bacterial meningitis,0.0002971565299708,False,1.0,100.0,0.0
Teriflunomide,G00,bacterial meningitis,0.0166674927677325,False,0.0,100.0,0.0
Regorafenib,G00,bacterial meningitis,0.048839384945777,False,0.0,0.0,0.0
Ponatinib,G00,bacterial meningitis,0.0271694391788108,False,0.0,100.0,0.0
Pomalidomide,G00,bacterial meningitis,0.001047794148108,False,0.0,100.0,0.0
Dabrafenib,G00,bacterial meningitis,0.0084291386098149,False,0.0,0.0,0.0
Afatinib,G00,bacterial meningitis,0.0419169015429439,False,0.0,0.0,0.0
Ledipasvir,G00,bacterial meningitis,0.0166674927677325,False,0.0,100.0,0.0
Idelalisib,G00,bacterial meningitis,0.0068583647334407,False,0.0,0.0,0.0
Olodaterol,G00,bacterial meningitis,0.0166674927677325,False,0.0,100.0,0.0
Dasabuvir,G00,bacterial meningitis,0.0016500407803274,False,0.0,100.0,0.0
Polaprezinc,G00,bacterial meningitis,0.0121279104052176,False,0.0,100.0,0.0
Rolapitant,G00,bacterial meningitis,0.028555290424893,False,0.0,100.0,0.0
Ombitasvir,G00,bacterial meningitis,0.0002798074685864,False,0.0,100.0,0.0
Osimertinib,G00,bacterial meningitis,0.0419169015429439,False,0.0,100.0,0.0
Alectinib,G00,bacterial meningitis,0.0166674927677325,False,0.0,100.0,0.0
Moxidectin,G00,bacterial meningitis,0.0419169015429439,False,0.0,0.0,0.0
Venetoclax,G00,bacterial meningitis,0.028555290424893,False,0.0,0.0,0.0
Velpatasvir,G00,bacterial meningitis,0.0023604702122356,False,0.0,100.0,0.0
Isavuconazole,G00,bacterial meningitis,0.0305264926096464,False,0.0,100.0,0.0
Niraparib,G00,bacterial meningitis,0.028555290424893,False,0.0,0.0,0.0
Apalutamide,G00,bacterial meningitis,0.0084291386098149,False,0.0,0.0,0.0
Avatrombopag,G00,bacterial meningitis,0.001047794148108,False,0.0,100.0,0.0
Voxilaprevir,G00,bacterial meningitis,0.0023604702122356,False,0.0,100.0,0.0
Letermovir,G00,bacterial meningitis,0.0007386115653057,False,0.0,100.0,0.0
Rucaparib,G00,bacterial meningitis,0.0017086933162886,False,0.0,100.0,0.0
Enasidenib,G00,bacterial meningitis,0.0271694391788108,False,0.0,100.0,0.0
Estradiol acetate,G00,bacterial meningitis,0.0080427242122306,False,0.0,100.0,0.0
Estradiol benzoate,G00,bacterial meningitis,0.0080427242122306,False,0.0,100.0,0.0
Estradiol cypionate,G00,bacterial meningitis,0.0080427242122306,False,0.0,100.0,0.0
Estradiol dienanthate,G00,bacterial meningitis,0.0080427242122306,False,0.0,100.0,0.0
Estradiol valerate,G00,bacterial meningitis,0.0080427242122306,False,6.0,100.0,0.0
Glutamic Acid,G10,huntington's disease,0.0011760441720022,False,346.0,0.0,0.0
Phentermine,G10,huntington's disease,0.0465561306656006,False,0.0,0.0,0.0
Linezolid,G10,huntington's disease,0.0035058920389023,False,3.0,0.0,0.0
Furazolidone,G10,huntington's disease,0.0035058920389023,False,1.0,0.0,0.0
Phenelzine,G10,huntington's disease,0.0035195757258611,False,1.0,0.0,0.0
Felbamate,G10,huntington's disease,0.0376070176320357,False,1.0,0.0,0.0
Moclobemide,G10,huntington's disease,0.0290977609014281,False,1.0,0.0,0.0
Isocarboxazid,G10,huntington's disease,0.0035058920389023,False,1.0,0.0,0.0
Pargyline,G10,huntington's disease,0.0035058920389023,False,1.0,0.0,0.0
Safinamide,G10,huntington's disease,0.0211770036302416,False,1.0,0.0,0.0
Nandrolone decanoate,G10,huntington's disease,0.0144283542241347,False,0.0,0.0,0.0
Polaprezinc,G12,spinal muscular atrophy and related syndromes,0.0042242130749372,False,1.0,100.0,100.0
Abciximab,G20,parkinson's disease,0.0350329986295286,False,0.0,50.0,100.0
Dopamine,G20,parkinson's disease,0.0441946384561161,False,31756.0,100.0,100.0
Glutamic Acid,G21,secondary parkinsonism,1.078377161448002e-07,False,81.0,0.0,50.0
Glycine,G21,secondary parkinsonism,0.008320314781089,False,39.0,0.0,0.0
Reserpine,G21,secondary parkinsonism,0.0277435694968966,False,106.0,0.0,0.0
Mefloquine,G21,secondary parkinsonism,0.0227417103993964,False,0.0,0.0,0.0
Ethopropazine,G21,secondary parkinsonism,0.006909854311659,False,1.0,0.0,0.0
Pethidine,G21,secondary parkinsonism,2.736515825602716e-07,False,14.0,100.0,100.0
Dronabinol,G21,secondary parkinsonism,0.0330099965514261,False,2.0,0.0,0.0
Haloperidol,G21,secondary parkinsonism,0.0022134126917497,False,199.0,100.0,100.0
Triflupromazine,G21,secondary parkinsonism,0.018322090225968,False,1.0,100.0,100.0
Nizatidine,G21,secondary parkinsonism,0.0040026508958184,False,0.0,0.0,0.0
Procaine,G21,secondary parkinsonism,0.0227417103993964,False,3.0,100.0,100.0
Felbamate,G21,secondary parkinsonism,0.000168130977345,False,1.0,100.0,100.0
Memantine,G21,secondary parkinsonism,4.53828184387171e-06,False,13.0,100.0,100.0
Halothane,G21,secondary parkinsonism,0.0044270005210413,False,0.0,0.0,0.0
Chloroprocaine,G21,secondary parkinsonism,0.0142162884622085,False,0.0,100.0,100.0
Orphenadrine,G21,secondary parkinsonism,4.53828184387171e-06,False,18.0,100.0,100.0
Ephedrine,G21,secondary parkinsonism,0.0102753987174383,False,3.0,0.0,0.0
Acetylcysteine,G21,secondary parkinsonism,3.5999894908722586e-08,False,32.0,100.0,100.0
Mirabegron,G21,secondary parkinsonism,0.0227417103993964,False,4.0,0.0,0.0
Ifenprodil,G21,secondary parkinsonism,0.0016925210586982,False,5.0,100.0,100.0
Fluciclovine (18F),G21,secondary parkinsonism,0.0330099965514261,False,0.0,0.0,0.0
Amphetamine,G24,dystonia,0.0136639195163928,False,72.0,0.0,100.0
Benzatropine,G24,dystonia,0.0408730276648593,False,73.0,0.0,0.0
Methylphenidate,G24,dystonia,0.0408730276648593,False,40.0,0.0,0.0
Duloxetine,G24,dystonia,0.0408730276648593,False,12.0,0.0,0.0
Mazindol,G24,dystonia,0.0277435694968966,False,3.0,0.0,100.0
Dopamine,G24,dystonia,0.0027695185068148,False,1763.0,100.0,100.0
Dextroamphetamine,G24,dystonia,0.0015790238110671,False,14.0,0.0,0.0
Methamphetamine,G24,dystonia,0.0096535938959489,False,13.0,0.0,100.0
Tetrabenazine,G24,dystonia,0.0277435694968966,False,141.0,0.0,100.0
Dexmethylphenidate,G24,dystonia,0.0277435694968966,False,0.0,0.0,100.0
Etomidate,G25,extrapyramidal and movement disorders,0.0363760598783257,False,13.0,33.333333333333336,50.0
Clonazepam,G25,extrapyramidal and movement disorders,0.0468536647733079,False,627.0,0.0,0.0
Foreskin keratinocyte (neonatal),G30,alzheimer's disease,0.0068531711024466,False,0.0,100.0,100.0
Resveratrol,G31,degenerative diseases of nervous system,0.021100640750724,False,20.0,16.666666666666668,33.333333333333336
Calcidiol,G35,multiple sclerosis,0.0260724837026492,False,55.0,100.0,100.0
Dalfampridine,G35,multiple sclerosis,6.95333115657219e-16,True,377.0,100.0,100.0
Foreskin keratinocyte (neonatal),G35,multiple sclerosis,0.0035843931335539,False,0.0,100.0,100.0
Glutamic Acid,G40,epilepsy,1.5757703746314158e-08,False,1845.0,100.0,100.0
Temazepam,G40,epilepsy,3.4938602515156836e-05,False,6.0,100.0,100.0
Butabarbital,G40,epilepsy,3.084472289133404e-05,False,0.0,100.0,100.0
Butalbital,G40,epilepsy,8.880116903676813e-08,False,2.0,100.0,100.0
Phenytoin,G40,epilepsy,0.0457373060347966,False,6207.0,100.0,100.0
Isradipine,G40,epilepsy,0.000872703571196,False,8.0,100.0,100.0
Talbutal,G40,epilepsy,8.880116903676813e-08,False,0.0,100.0,100.0
Pentobarbital,G40,epilepsy,2.3547832270786394e-07,False,243.0,100.0,100.0
Meprobamate,G40,epilepsy,0.0158582708380455,False,0.0,100.0,100.0
Carisoprodol,G40,epilepsy,0.0270264879821854,False,2.0,100.0,100.0
Nisoldipine,G40,epilepsy,0.0356358187090244,False,5.0,100.0,100.0
Eszopiclone,G40,epilepsy,0.0243413734741564,False,1.0,100.0,100.0
Secobarbital,G40,epilepsy,1.083124691863188e-07,False,15.0,100.0,100.0
Zolpidem,G40,epilepsy,0.0093320871162007,False,67.0,100.0,100.0
Pethidine,G40,epilepsy,0.0367820678772576,False,30.0,100.0,100.0
Adinazolam,G40,epilepsy,1.6255444526552709e-06,False,0.0,100.0,100.0
Thiopental,G40,epilepsy,3.2786861007992523e-06,False,193.0,100.0,100.0
Mecamylamine,G40,epilepsy,0.0005973136187267,False,26.0,100.0,100.0
Verapamil,G40,epilepsy,0.047016104014674,False,167.0,100.0,100.0
Midazolam,G40,epilepsy,8.174698608507777e-06,False,0.0,100.0,100.0
Flurazepam,G40,epilepsy,1.7237655496826183e-06,False,12.0,100.0,100.0
Isoflurane,G40,epilepsy,0.0007623027208011,False,112.0,100.0,100.0
Primidone,G40,epilepsy,1.813760990513724e-05,True,897.0,100.0,100.0
Halazepam,G40,epilepsy,4.709337962007511e-07,False,1.0,100.0,100.0
Diazepam,G40,epilepsy,1.88595338782671e-06,False,2029.0,100.0,100.0
Oxazepam,G40,epilepsy,4.975905700304181e-05,False,42.0,100.0,100.0
Methylphenobarbital,G40,epilepsy,1.5809198363569087e-06,True,48.0,100.0,100.0
Triazolam,G40,epilepsy,3.4938602515156836e-05,False,12.0,100.0,100.0
Ethanol,G40,epilepsy,3.9980401223699364e-07,False,471.0,100.0,100.0
Zonisamide,G40,epilepsy,0.021100640750724,True,1017.0,100.0,100.0
Gabapentin,G40,epilepsy,0.000872703571196,True,1286.0,100.0,100.0
Felodipine,G40,epilepsy,0.007804860832065,False,4.0,100.0,100.0
Memantine,G40,epilepsy,0.0492858031051697,False,119.0,100.0,100.0
Nitrendipine,G40,epilepsy,0.0004718144983871,False,6.0,100.0,100.0
Halothane,G40,epilepsy,0.0188405856434399,False,60.0,100.0,100.0
Phenobarbital,G40,epilepsy,0.0077435558166645,False,4234.0,100.0,100.0
Desflurane,G40,epilepsy,0.0158582708380455,False,12.0,100.0,100.0
Zopiclone,G40,epilepsy,0.0356358187090244,False,3.0,100.0,100.0
Levetiracetam,G40,epilepsy,0.0270264879821854,True,4051.0,100.0,100.0
Flumazenil,G40,epilepsy,0.0093462842167966,False,375.0,100.0,100.0
Estazolam,G40,epilepsy,8.954646777999956e-07,False,0.0,100.0,100.0
Bepridil,G40,epilepsy,0.0065359761635452,False,4.0,100.0,100.0
Amobarbital,G40,epilepsy,2.7034176530841933e-07,False,624.0,100.0,100.0
Aprobarbital,G40,epilepsy,8.880116903676813e-08,False,0.0,100.0,100.0
Butethal,G40,epilepsy,8.880116903676813e-08,False,3.0,100.0,100.0
Heptabarbital,G40,epilepsy,8.880116903676813e-08,False,0.0,100.0,100.0
Hexobarbital,G40,epilepsy,1.0653530417741951e-05,False,31.0,100.0,100.0
Flunitrazepam,G40,epilepsy,0.005996864418464,False,81.0,100.0,100.0
Bromazepam,G40,epilepsy,1.6481520080695988e-05,False,8.0,100.0,100.0
Clotiazepam,G40,epilepsy,4.502896028477723e-06,False,0.0,100.0,100.0
Fludiazepam,G40,epilepsy,4.709337962007511e-07,False,0.0,100.0,100.0
Ketazolam,G40,epilepsy,0.0016497105897673,False,0.0,100.0,100.0
Prazepam,G40,epilepsy,8.954646777999956e-07,False,5.0,100.0,100.0
Quazepam,G40,epilepsy,4.7231885066139887e-05,False,2.0,100.0,100.0
Cinolazepam,G40,epilepsy,4.709337962007511e-07,False,0.0,100.0,100.0
Nitrazepam,G40,epilepsy,6.726293838231333e-07,False,143.0,100.0,100.0
Dronedarone,G40,epilepsy,0.0015733578018137,False,1.0,100.0,100.0
Dalfampridine,G40,epilepsy,0.029302139620984,False,570.0,100.0,100.0
Fospropofol,G40,epilepsy,0.0270264879821854,False,0.0,100.0,100.0
Etizolam,G40,epilepsy,0.0158582708380455,False,0.0,100.0,100.0
Fluciclovine (18F),G40,epilepsy,0.0356358187090244,False,0.0,100.0,100.0
Lormetazepam,G40,epilepsy,3.084472289133404e-05,False,4.0,100.0,100.0
Octreotide,G41,status epilepticus,0.0005721457744524,False,2.0,100.0,100.0
Temazepam,G41,status epilepticus,5.408183113823397e-09,False,3.0,100.0,100.0
Butalbital,G41,status epilepticus,2.9297015179504125e-06,False,0.0,100.0,100.0
Phenytoin,G41,status epilepticus,0.0406572680930303,False,1062.0,100.0,100.0
Talbutal,G41,status epilepticus,2.9297015179504125e-06,False,0.0,100.0,100.0
Pentobarbital,G41,status epilepticus,2.3886446077402943e-05,False,218.0,100.0,100.0
Clobazam,G41,status epilepticus,0.0063298194764519,False,124.0,100.0,100.0
Meprobamate,G41,status epilepticus,8.287663581468341e-05,False,1.0,100.0,100.0
Carisoprodol,G41,status epilepticus,0.0438082050392565,False,0.0,100.0,100.0
Sorafenib,G41,status epilepticus,0.0061621004797736,False,1.0,16.666666666666668,0.0
Eszopiclone,G41,status epilepticus,0.0001355098726432,False,0.0,100.0,100.0
Secobarbital,G41,status epilepticus,1.6889742833345396e-05,False,1.0,100.0,100.0
Zolpidem,G41,status epilepticus,0.0005762701358748,False,9.0,100.0,100.0
Cerivastatin,G41,status epilepticus,0.0194170036866856,False,1.0,0.0,0.0
Cisplatin,G41,status epilepticus,0.0108547542185721,False,7.0,50.0,100.0
Adinazolam,G41,status epilepticus,2.3900276052092246e-08,True,0.0,100.0,100.0
Carbamazepine,G41,status epilepticus,0.0312532652462582,False,322.0,100.0,100.0
Vinblastine,G41,status epilepticus,0.0161704710089108,False,1.0,0.0,0.0
Thiopental,G41,status epilepticus,1.6889742833345396e-05,False,186.0,100.0,100.0
Simvastatin,G41,status epilepticus,0.0357324627704895,False,4.0,0.0,0.0
Acamprosate,G41,status epilepticus,0.0438082050392565,False,0.0,100.0,100.0
Midazolam,G41,status epilepticus,3.4942955664304667e-10,False,795.0,100.0,100.0
Flurazepam,G41,status epilepticus,3.941393179801481e-09,False,3.0,100.0,100.0
Irinotecan,G41,status epilepticus,0.0357324627704895,False,0.0,0.0,0.0
Etoposide,G41,status epilepticus,0.0406572680930303,False,8.0,0.0,0.0
Primidone,G41,status epilepticus,9.210621981791804e-07,False,27.0,100.0,100.0
Halazepam,G41,status epilepticus,9.666616135481788e-09,False,1.0,100.0,100.0
Diazepam,G41,status epilepticus,8.245815824260723e-10,False,1142.0,100.0,100.0
Oxazepam,G41,status epilepticus,3.077959437628934e-07,False,5.0,100.0,100.0
Methylphenobarbital,G41,status epilepticus,1.6358610707545161e-07,False,0.0,100.0,100.0
Triazolam,G41,status epilepticus,2.3547832270786394e-07,False,2.0,100.0,100.0
Ethanol,G41,status epilepticus,9.56413923700813e-06,False,56.0,100.0,100.0
Doxorubicin,G41,status epilepticus,0.0006978016284787,False,2.0,50.0,100.0
Minocycline,G41,status epilepticus,0.0161704710089108,False,21.0,0.0,0.0
Miconazole,G41,status epilepticus,0.0069429454118861,False,2.0,16.666666666666668,0.0
Arsenic trioxide,G41,status epilepticus,0.0269126054883881,False,0.0,100.0,100.0
Phenobarbital,G41,status epilepticus,0.000526805772372,False,0.0,100.0,100.0
Zopiclone,G41,status epilepticus,0.0002088095251482,False,0.0,100.0,100.0
Levetiracetam,G41,status epilepticus,0.0438082050392565,False,772.0,100.0,100.0
Flumazenil,G41,status epilepticus,0.0001794024389335,False,39.0,100.0,100.0
Estazolam,G41,status epilepticus,1.547876388934463e-08,False,1.0,100.0,100.0
Dexamethasone,G41,status epilepticus,0.0069429454118861,False,49.0,0.0,0.0
Quinidine barbiturate,G41,status epilepticus,0.0011834346777638,False,0.0,100.0,100.0
Amobarbital,G41,status epilepticus,4.785556528112413e-06,False,14.0,100.0,100.0
Aprobarbital,G41,status epilepticus,2.9297015179504125e-06,False,0.0,100.0,100.0
Butethal,G41,status epilepticus,2.9297015179504125e-06,False,0.0,100.0,100.0
Heptabarbital,G41,status epilepticus,2.9297015179504125e-06,False,0.0,100.0,100.0
Hexobarbital,G41,status epilepticus,3.324054398443718e-05,False,1.0,100.0,100.0
Flunitrazepam,G41,status epilepticus,1.8427813012413072e-06,False,13.0,100.0,100.0
Bromazepam,G41,status epilepticus,1.310788805762652e-07,False,1.0,100.0,100.0
Clotiazepam,G41,status epilepticus,9.516483226416967e-10,False,0.0,100.0,100.0
Fludiazepam,G41,status epilepticus,9.666616135481788e-09,False,0.0,100.0,100.0
Ketazolam,G41,status epilepticus,0.0063298194764519,False,0.0,100.0,100.0
Prazepam,G41,status epilepticus,1.547876388934463e-08,False,0.0,100.0,100.0
Quazepam,G41,status epilepticus,6.311826870809205e-10,False,2.0,100.0,100.0
Cinolazepam,G41,status epilepticus,9.666616135481788e-09,False,0.0,100.0,100.0
Nitrazepam,G41,status epilepticus,9.680397813931104e-08,False,20.0,100.0,100.0
Vapreotide,G41,status epilepticus,0.0258085049488381,False,0.0,0.0,0.0
Pasireotide,G41,status epilepticus,2.1396511927961144e-06,False,0.0,100.0,100.0
Lanreotide,G41,status epilepticus,0.0110651768536986,False,1.0,0.0,0.0
Pomalidomide,G41,status epilepticus,0.0020702257840301,False,0.0,33.333333333333336,100.0
Somatostatin,G41,status epilepticus,3.2580035803301615e-10,False,67.0,100.0,100.0
Etizolam,G41,status epilepticus,8.287663581468341e-05,False,0.0,100.0,100.0
Polaprezinc,G41,status epilepticus,0.0228733548196093,False,0.0,0.0,0.0
Chondroitin sulfate,G41,status epilepticus,0.0002088095251482,False,10.0,100.0,100.0
Dipyrithione,G41,status epilepticus,0.0110651768536986,False,0.0,0.0,0.0
Letermovir,G41,status epilepticus,0.0357324627704895,False,0.0,0.0,0.0
Lormetazepam,G41,status epilepticus,2.4303563040854993e-08,False,0.0,100.0,100.0
Lutetium Lu 177 dotatate,G41,status epilepticus,2.4303563040854993e-08,False,0.0,100.0,100.0
Dopamine,G45,transient cerebral ischaemic attacks and related syndromes,0.0169849603888014,False,3322.0,33.333333333333336,66.66666666666667
Ranolazine,G50,disorders of trigeminal nerve,0.0138879602629006,False,0.0,0.0,0.0
Phenytoin,G50,disorders of trigeminal nerve,0.0071313940155559,False,150.0,0.0,0.0
Lidocaine,G50,disorders of trigeminal nerve,0.0001832272256401,False,146.0,0.0,0.0
Hexylcaine,G50,disorders of trigeminal nerve,0.0033899133279879,False,0.0,0.0,0.0
Cinchocaine,G50,disorders of trigeminal nerve,0.0138879602629006,False,1.0,0.0,0.0
Cocaine,G50,disorders of trigeminal nerve,0.0054091968728068,False,10.0,0.0,0.0
Zonisamide,G50,disorders of trigeminal nerve,1.996068193632622e-08,False,1.0,0.0,100.0
Flecainide,G50,disorders of trigeminal nerve,0.0203762454421303,False,1.0,0.0,0.0
Lacosamide,G50,disorders of trigeminal nerve,2.4824624590639606e-05,False,13.0,0.0,100.0
Binimetinib,G50,disorders of trigeminal nerve,0.0448924585041339,False,0.0,0.0,0.0
Lacosamide,G53,cranial nerve disorders in diseases classified elsewhere,0.0458502670625731,False,0.0,0.0,0.0
Adapalene,G57,mononeuropathies of lower limb,1.060476311429652e-05,False,0.0,50.0,83.33333333333333
Acitretin,G57,mononeuropathies of lower limb,2.2727764050423703e-05,False,0.0,100.0,100.0
Alitretinoin,G57,mononeuropathies of lower limb,6.632590191157163e-05,False,0.0,0.0,83.33333333333333
Tretinoin,G57,mononeuropathies of lower limb,0.0007334339856528,False,1.0,0.0,66.66666666666667
Tazarotene,G57,mononeuropathies of lower limb,0.0021023274724569,False,0.0,0.0,83.33333333333333
Tamibarotene,G57,mononeuropathies of lower limb,0.0007983726221071,False,0.0,0.0,83.33333333333333
Amphetamine,G59,mononeuropathy in diseases classified elsewhere,0.0480025160951662,False,0.0,0.0,0.0
Phentermine,G59,mononeuropathy in diseases classified elsewhere,0.0158234831786618,False,0.0,0.0,0.0
Tramadol,G59,mononeuropathy in diseases classified elsewhere,0.0390090874190526,False,0.0,0.0,0.0
Citalopram,G59,mononeuropathy in diseases classified elsewhere,0.0390090874190526,False,0.0,0.0,0.0
Venlafaxine,G59,mononeuropathy in diseases classified elsewhere,0.0226683084630218,False,0.0,0.0,0.0
Atomoxetine,G59,mononeuropathy in diseases classified elsewhere,0.0127006939681155,False,0.0,0.0,0.0
Protriptyline,G59,mononeuropathy in diseases classified elsewhere,0.0047050023247169,False,0.0,0.0,0.0
Methylphenidate,G59,mononeuropathy in diseases classified elsewhere,0.0070859821070289,False,0.0,0.0,0.0
Duloxetine,G59,mononeuropathy in diseases classified elsewhere,0.0070859821070289,False,0.0,0.0,0.0
Mazindol,G59,mononeuropathy in diseases classified elsewhere,0.0047050023247169,False,0.0,0.0,0.0
Paroxetine,G59,mononeuropathy in diseases classified elsewhere,0.0390090874190526,False,0.0,0.0,0.0
Pseudoephedrine,G59,mononeuropathy in diseases classified elsewhere,0.0347327354314841,False,0.0,0.0,0.0
Sibutramine,G59,mononeuropathy in diseases classified elsewhere,0.0047050023247169,False,0.0,0.0,0.0
Chlorphenamine,G59,mononeuropathy in diseases classified elsewhere,0.0226683084630218,False,0.0,0.0,0.0
Nefazodone,G59,mononeuropathy in diseases classified elsewhere,0.0480025160951662,False,0.0,0.0,0.0
Escitalopram,G59,mononeuropathy in diseases classified elsewhere,0.0191703797440278,False,0.0,0.0,0.0
Clomipramine,G59,mononeuropathy in diseases classified elsewhere,0.0307702729652938,False,0.0,0.0,0.0
Ephedra,G59,mononeuropathy in diseases classified elsewhere,0.0347327354314841,False,0.0,0.0,0.0
Methamphetamine,G59,mononeuropathy in diseases classified elsewhere,0.0390090874190526,False,0.0,0.0,0.0
Milnacipran,G59,mononeuropathy in diseases classified elsewhere,0.0027761755742296,False,0.0,0.0,0.0
Tapentadol,G59,mononeuropathy in diseases classified elsewhere,0.0266187032884972,False,0.0,0.0,0.0
Desvenlafaxine,G59,mononeuropathy in diseases classified elsewhere,0.0027761755742296,False,0.0,0.0,0.0
Dexmethylphenidate,G59,mononeuropathy in diseases classified elsewhere,0.0047050023247169,False,0.0,0.0,0.0
Levomilnacipran,G59,mononeuropathy in diseases classified elsewhere,0.0158234831786618,False,0.0,0.0,0.0
Dosulepin,G59,mononeuropathy in diseases classified elsewhere,0.0480025160951662,False,0.0,0.0,0.0
Zotepine,G59,mononeuropathy in diseases classified elsewhere,0.0191703797440278,False,0.0,0.0,0.0
Infliximab,G61,inflammatory polyneuropathy,0.0336877723922002,False,76.0,0.0,0.0
Golimumab,G61,inflammatory polyneuropathy,0.0336877723922002,False,5.0,0.0,0.0
Certolizumab pegol,G61,inflammatory polyneuropathy,0.0336877723922002,False,4.0,0.0,0.0
Tafamidis,G64,disorders of peripheral nervous system,0.0197436864289855,False,20.0,0.0,0.0
Botulinum Toxin Type B,G70,myasthenia gravis and myoneural disorders,0.0486463910967169,False,129.0,0.0,0.0
Disopyramide,G70,myasthenia gravis and myoneural disorders,0.0343360771067323,False,8.0,0.0,100.0
Ibutilide,G70,myasthenia gravis and myoneural disorders,0.0216199373719827,False,0.0,0.0,0.0
Amitriptyline,G70,myasthenia gravis and myoneural disorders,0.0167283135574049,False,773.0,0.0,100.0
Sotalol,G70,myasthenia gravis and myoneural disorders,0.0486463910967169,False,9.0,0.0,100.0
Doxazosin,G70,myasthenia gravis and myoneural disorders,0.0216199373719827,False,3.0,0.0,100.0
Galantamine,G70,myasthenia gravis and myoneural disorders,0.0005673096845763,False,51.0,0.0,100.0
Terazosin,G70,myasthenia gravis and myoneural disorders,0.0084873253263174,False,2.0,0.0,100.0
Bepridil,G70,myasthenia gravis and myoneural disorders,0.0343360771067323,False,0.0,0.0,0.0
Ezogabine,G70,myasthenia gravis and myoneural disorders,0.0008381582474742,False,27.0,0.0,100.0
Vernakalant,G70,myasthenia gravis and myoneural disorders,0.0032160863122961,False,0.0,0.0,100.0
Dalfampridine,G70,myasthenia gravis and myoneural disorders,7.415165591016979e-27,False,237.0,0.0,100.0
Isavuconazole,G70,myasthenia gravis and myoneural disorders,0.0129370822232733,False,1.0,0.0,100.0
Cilnidipine,G73,disorders of myoneural junction and muscle in diseases classified elsewhere,0.0458502670625731,False,0.0,0.0,0.0
Cyclosporine,G92,toxic encephalopathy,1.665584365502053e-07,False,94.0,100.0,0.0
Glutathione,G92,toxic encephalopathy,0.0002543198018334,False,841.0,0.0,0.0
Cholecalciferol,G92,toxic encephalopathy,0.0035058920389023,False,13.0,100.0,0.0
Pravastatin,G92,toxic encephalopathy,3.4094053256517165e-06,False,3.0,100.0,0.0
Fluvoxamine,G92,toxic encephalopathy,9.47965884543646e-07,False,28.0,100.0,0.0
Nicotine,G92,toxic encephalopathy,0.0293815999697981,False,121.0,0.0,0.0
Tramadol,G92,toxic encephalopathy,0.0042592602645981,False,15.0,0.0,0.0
Fluconazole,G92,toxic encephalopathy,0.0013522334258956,False,4.0,0.0,0.0
Erythromycin,G92,toxic encephalopathy,2.149157956776879e-05,False,17.0,0.0,0.0
Caffeine,G92,toxic encephalopathy,8.882959949246064e-06,False,63.0,100.0,0.0
Reserpine,G92,toxic encephalopathy,0.0013522334258956,False,153.0,0.0,0.0
Azithromycin,G92,toxic encephalopathy,0.04200662932952,False,6.0,0.0,0.0
Ticlopidine,G92,toxic encephalopathy,0.002305821336832,False,1.0,100.0,0.0
Citalopram,G92,toxic encephalopathy,0.0042592602645981,False,50.0,100.0,0.0
Nelfinavir,G92,toxic encephalopathy,0.0001379167004089,False,0.0,100.0,0.0
Indinavir,G92,toxic encephalopathy,9.47965884543646e-07,False,2.0,100.0,0.0
Lovastatin,G92,toxic encephalopathy,3.4094053256517165e-06,False,14.0,100.0,0.0
Temazepam,G92,toxic encephalopathy,0.0176383185679171,False,3.0,0.0,0.0
Reboxetine,G92,toxic encephalopathy,0.0161704710089108,False,2.0,0.0,0.0
Nevirapine,G92,toxic encephalopathy,0.0013522334258956,False,1.0,0.0,0.0
Dapsone,G92,toxic encephalopathy,0.0050630073886493,False,1.0,0.0,0.0
Phenytoin,G92,toxic encephalopathy,5.546843835551055e-08,False,130.0,100.0,0.0
Diethylstilbestrol,G92,toxic encephalopathy,0.0091099472443823,False,2.0,100.0,0.0
Clotrimazole,G92,toxic encephalopathy,7.118121978974497e-06,False,1.0,100.0,0.0
Theophylline,G92,toxic encephalopathy,0.0160754718678881,False,30.0,100.0,0.0
Argatroban,G92,toxic encephalopathy,0.0093926108660406,False,0.0,0.0,0.0
Lidocaine,G92,toxic encephalopathy,4.3462014607517635e-06,False,74.0,100.0,0.0
Venlafaxine,G92,toxic encephalopathy,0.0017992763825781,False,38.0,100.0,0.0
Conjugated estrogens,G92,toxic encephalopathy,0.0006891321817324,False,6.0,100.0,0.0
Morphine,G92,toxic encephalopathy,8.348128698654872e-05,False,163.0,100.0,0.0
Ropivacaine,G92,toxic encephalopathy,0.0238012724371897,False,35.0,100.0,0.0
Valproic Acid,G92,toxic encephalopathy,0.0021301436122471,False,261.0,100.0,0.0
Acetaminophen,G92,toxic encephalopathy,0.0006891321817324,False,87.0,100.0,0.0
Gefitinib,G92,toxic encephalopathy,0.002305821336832,False,0.0,100.0,0.0
Codeine,G92,toxic encephalopathy,0.002305821336832,False,22.0,100.0,0.0
Dihydroergotamine,G92,toxic encephalopathy,0.0327913754875279,False,1.0,0.0,0.0
Amitriptyline,G92,toxic encephalopathy,8.542859026206658e-06,False,48.0,0.0,0.0
Indomethacin,G92,toxic encephalopathy,0.0250122154062987,False,14.0,0.0,0.0
Methadone,G92,toxic encephalopathy,5.546843835551055e-08,False,35.0,100.0,0.0
Omeprazole,G92,toxic encephalopathy,0.0050630073886493,False,8.0,100.0,0.0
Terfenadine,G92,toxic encephalopathy,0.0001080323308903,False,0.0,0.0,0.0
Diltiazem,G92,toxic encephalopathy,1.3749594601184607e-05,False,16.0,100.0,0.0
Trimethadione,G92,toxic encephalopathy,0.0327913754875279,False,1.0,0.0,0.0
Clobazam,G92,toxic encephalopathy,0.0013522334258956,False,2.0,0.0,0.0
Mefloquine,G92,toxic encephalopathy,0.0009763393885722,False,8.0,100.0,0.0
Sulfadiazine,G92,toxic encephalopathy,0.0161704710089108,False,0.0,0.0,0.0
Vinorelbine,G92,toxic encephalopathy,0.0161704710089108,False,3.0,100.0,0.0
Clozapine,G92,toxic encephalopathy,0.0032485951279605,False,569.0,100.0,0.0
Grepafloxacin,G92,toxic encephalopathy,2.149157956776879e-05,False,0.0,0.0,0.0
Mexiletine,G92,toxic encephalopathy,0.04200662932952,False,0.0,100.0,0.0
Amlodipine,G92,toxic encephalopathy,7.118121978974497e-06,False,2.0,100.0,0.0
Progesterone,G92,toxic encephalopathy,2.7210760355368127e-05,False,38.0,100.0,0.0
Sorafenib,G92,toxic encephalopathy,3.4541810868183013e-07,False,1.0,100.0,0.0
Nisoldipine,G92,toxic encephalopathy,0.0017992763825781,False,0.0,0.0,0.0
Alprazolam,G92,toxic encephalopathy,0.0238012724371897,False,21.0,0.0,0.0
Spironolactone,G92,toxic encephalopathy,0.0042592602645981,False,4.0,100.0,0.0
Nitric Oxide,G92,toxic encephalopathy,0.04200662932952,False,414.0,0.0,0.0
Cerivastatin,G92,toxic encephalopathy,8.300708466112327e-09,False,0.0,100.0,0.0
Trimethoprim,G92,toxic encephalopathy,2.2529638594633975e-06,False,9.0,100.0,0.0
Gemcitabine,G92,toxic encephalopathy,0.002305821336832,False,6.0,0.0,0.0
Betamethasone,G92,toxic encephalopathy,0.0161704710089108,False,1.0,100.0,0.0
Teniposide,G92,toxic encephalopathy,0.04200662932952,False,1.0,100.0,0.0
Chloramphenicol,G92,toxic encephalopathy,0.0028882843619342,False,19.0,0.0,0.0
Lansoprazole,G92,toxic encephalopathy,0.0042592602645981,False,2.0,100.0,0.0
Levothyroxine,G92,toxic encephalopathy,0.006909854311659,False,48.0,0.0,0.0
Pethidine,G92,toxic encephalopathy,0.0080426055826758,False,20.0,0.0,0.0
Loratadine,G92,toxic encephalopathy,0.0009763393885722,False,0.0,0.0,0.0
Imipramine,G92,toxic encephalopathy,0.0499069672718052,False,50.0,0.0,0.0
Quinine,G92,toxic encephalopathy,0.0002145298105608,False,14.0,100.0,0.0
Fluoxetine,G92,toxic encephalopathy,0.0002145298105608,False,132.0,0.0,0.0
Raloxifene,G92,toxic encephalopathy,0.0017992763825781,False,3.0,100.0,0.0
Celecoxib,G92,toxic encephalopathy,0.0028882843619342,False,5.0,0.0,0.0
Buspirone,G92,toxic encephalopathy,0.0006726934257945,False,62.0,100.0,0.0
Zidovudine,G92,toxic encephalopathy,0.0131102769783725,False,6.0,100.0,0.0
Oxycodone,G92,toxic encephalopathy,0.0009763393885722,False,18.0,0.0,0.0
Cimetidine,G92,toxic encephalopathy,0.0006016199462867,False,13.0,0.0,0.0
Haloperidol,G92,toxic encephalopathy,0.0080426055826758,False,1183.0,100.0,0.0
Ritonavir,G92,toxic encephalopathy,1.291351143309019e-09,False,6.0,100.0,0.0
Dextromethorphan,G92,toxic encephalopathy,1.3234876374405102e-05,False,28.0,0.0,0.0
Cisplatin,G92,toxic encephalopathy,0.0014225291496408,False,154.0,100.0,0.0
Albendazole,G92,toxic encephalopathy,0.0327913754875279,False,0.0,100.0,0.0
Caspofungin,G92,toxic encephalopathy,0.04200662932952,False,0.0,0.0,0.0
Lercanidipine,G92,toxic encephalopathy,0.0238012724371897,False,0.0,0.0,0.0
Erlotinib,G92,toxic encephalopathy,8.348128698654872e-05,False,0.0,100.0,0.0
Cyclophosphamide,G92,toxic encephalopathy,3.2123445542737114e-05,False,131.0,100.0,0.0
Ciprofloxacin,G92,toxic encephalopathy,0.002305821336832,False,19.0,0.0,0.0
Toremifene,G92,toxic encephalopathy,0.0327913754875279,False,0.0,100.0,0.0
Vincristine,G92,toxic encephalopathy,9.47965884543646e-07,False,100.0,100.0,0.0
Fluorouracil,G92,toxic encephalopathy,0.0002617006100438,False,122.0,0.0,0.0
Methotrexate,G92,toxic encephalopathy,4.401295273181664e-05,False,0.0,100.0,0.0
Carbamazepine,G92,toxic encephalopathy,2.8656443249652338e-08,False,155.0,100.0,0.0
Vinblastine,G92,toxic encephalopathy,6.241206604947052e-05,False,14.0,100.0,0.0
Propranolol,G92,toxic encephalopathy,0.0050630073886493,False,135.0,100.0,0.0
Clonidine,G92,toxic encephalopathy,0.0059596294001366,False,130.0,0.0,0.0
Voriconazole,G92,toxic encephalopathy,0.0017992763825781,False,8.0,0.0,0.0
Diclofenac,G92,toxic encephalopathy,2.7210760355368127e-05,False,12.0,100.0,0.0
Ethosuximide,G92,toxic encephalopathy,0.0327913754875279,False,9.0,0.0,0.0
Ivermectin,G92,toxic encephalopathy,4.580429797186429e-06,False,20.0,100.0,0.0
Medroxyprogesterone acetate,G92,toxic encephalopathy,0.0327913754875279,False,1.0,100.0,0.0
Cisapride,G92,toxic encephalopathy,8.348128698654872e-05,False,6.0,0.0,0.0
Chloroquine,G92,toxic encephalopathy,0.0013522334258956,False,18.0,100.0,0.0
Paramethadione,G92,toxic encephalopathy,0.0238012724371897,False,0.0,0.0,0.0
Imatinib,G92,toxic encephalopathy,0.0160754718678881,False,4.0,0.0,0.0
Nicardipine,G92,toxic encephalopathy,1.3234876374405102e-05,False,3.0,100.0,0.0
Testosterone,G92,toxic encephalopathy,2.7210760355368127e-05,False,44.0,100.0,0.0
Efavirenz,G92,toxic encephalopathy,4.5769121532283174e-05,False,15.0,100.0,0.0
Prednisone,G92,toxic encephalopathy,0.04200662932952,False,27.0,0.0,0.0
Astemizole,G92,toxic encephalopathy,0.0017992763825781,False,0.0,0.0,0.0
Adenosine,G92,toxic encephalopathy,0.04200662932952,False,319.0,0.0,0.0
Simvastatin,G92,toxic encephalopathy,3.9309775785739635e-08,False,14.0,100.0,0.0
Dextropropoxyphene,G92,toxic encephalopathy,0.0013522334258956,False,3.0,0.0,0.0
Estrone,G92,toxic encephalopathy,0.000380024311995,False,2.0,100.0,0.0
Trazodone,G92,toxic encephalopathy,0.0035058920389023,False,31.0,0.0,0.0
Verapamil,G92,toxic encephalopathy,1.0699278917592044e-07,False,37.0,100.0,0.0
Nilutamide,G92,toxic encephalopathy,0.0238012724371897,False,0.0,0.0,0.0
Aprepitant,G92,toxic encephalopathy,0.04200662932952,False,8.0,0.0,0.0
Tamoxifen,G92,toxic encephalopathy,9.47965884543646e-07,False,12.0,100.0,0.0
Losartan,G92,toxic encephalopathy,0.0001741376106581,False,0.0,0.0,0.0
Midazolam,G92,toxic encephalopathy,0.0010146877374973,False,92.0,0.0,0.0
Mycophenolate mofetil,G92,toxic encephalopathy,5.603400583005455e-06,False,11.0,100.0,0.0
Daunorubicin,G92,toxic encephalopathy,1.9583153777867883e-08,False,48.0,100.0,0.0
Eplerenone,G92,toxic encephalopathy,0.0238012724371897,False,0.0,0.0,0.0
Amprenavir,G92,toxic encephalopathy,9.311325063258375e-10,False,1.0,100.0,0.0
Naltrexone,G92,toxic encephalopathy,0.0327913754875279,False,37.0,0.0,0.0
Delavirdine,G92,toxic encephalopathy,0.0013522334258956,False,0.0,0.0,0.0
Sufentanil,G92,toxic encephalopathy,0.0161704710089108,False,5.0,0.0,0.0
Lamivudine,G92,toxic encephalopathy,0.0117103985397604,False,5.0,0.0,0.0
Paroxetine,G92,toxic encephalopathy,0.0042592602645981,False,61.0,0.0,0.0
Norethisterone,G92,toxic encephalopathy,0.0009763393885722,False,0.0,0.0,0.0
Pentamidine,G92,toxic encephalopathy,0.0013522334258956,False,0.0,100.0,0.0
Hydrocortisone,G92,toxic encephalopathy,0.0001379167004089,False,62.0,100.0,0.0
Modafinil,G92,toxic encephalopathy,0.0009763393885722,False,10.0,0.0,0.0
Carbinoxamine,G92,toxic encephalopathy,0.0009763393885722,False,0.0,100.0,0.0
Epinastine,G92,toxic encephalopathy,0.0017992763825781,False,0.0,0.0,0.0
Tretinoin,G92,toxic encephalopathy,0.0015845982253593,False,14.0,100.0,0.0
Clopidogrel,G92,toxic encephalopathy,1.5314355297144433e-07,False,1.0,100.0,0.0
Irinotecan,G92,toxic encephalopathy,3.9309775785739635e-08,False,5.0,100.0,0.0
Etoposide,G92,toxic encephalopathy,6.517474148251517e-10,False,24.0,100.0,0.0
Oxcarbazepine,G92,toxic encephalopathy,0.0327913754875279,False,19.0,100.0,0.0
Roxithromycin,G92,toxic encephalopathy,0.0002371889938403,False,1.0,0.0,0.0
Phenelzine,G92,toxic encephalopathy,0.0042592602645981,False,9.0,0.0,0.0
Estradiol,G92,toxic encephalopathy,0.0025255954755286,False,71.0,100.0,0.0
Primidone,G92,toxic encephalopathy,0.006909854311659,False,8.0,0.0,0.0
Candesartan cilexetil,G92,toxic encephalopathy,0.0327913754875279,False,1.0,0.0,0.0
Alfentanil,G92,toxic encephalopathy,4.580429797186429e-06,False,3.0,100.0,0.0
Fentanyl,G92,toxic encephalopathy,4.580429797186429e-06,False,61.0,100.0,0.0
Meloxicam,G92,toxic encephalopathy,0.04200662932952,False,3.0,0.0,0.0
Propofol,G92,toxic encephalopathy,0.0145796438730248,False,138.0,100.0,0.0
Tadalafil,G92,toxic encephalopathy,0.0161704710089108,False,0.0,0.0,0.0
Disulfiram,G92,toxic encephalopathy,0.04200662932952,False,41.0,0.0,0.0
Diazepam,G92,toxic encephalopathy,4.401295273181664e-05,False,287.0,0.0,0.0
Mifepristone,G92,toxic encephalopathy,3.2123445542737114e-05,False,6.0,100.0,0.0
Brompheniramine,G92,toxic encephalopathy,0.0035058920389023,False,6.0,0.0,0.0
Loperamide,G92,toxic encephalopathy,4.2232222236193675e-07,False,3.0,100.0,0.0
Clofazimine,G92,toxic encephalopathy,0.0093926108660406,False,1.0,0.0,0.0
Perphenazine,G92,toxic encephalopathy,0.002305821336832,False,66.0,100.0,0.0
Prednisolone,G92,toxic encephalopathy,0.0327913754875279,False,48.0,0.0,0.0
Vardenafil,G92,toxic encephalopathy,0.0238012724371897,False,1.0,0.0,0.0
Ranitidine,G92,toxic encephalopathy,0.0035058920389023,False,8.0,0.0,0.0
Tacrolimus,G92,toxic encephalopathy,0.0009763393885722,False,71.0,0.0,0.0
Benzphetamine,G92,toxic encephalopathy,0.0006726934257945,False,0.0,100.0,0.0
Sirolimus,G92,toxic encephalopathy,0.0013522334258956,False,28.0,100.0,0.0
Granisetron,G92,toxic encephalopathy,0.0238012724371897,False,6.0,100.0,0.0
Triazolam,G92,toxic encephalopathy,0.0176383185679171,False,6.0,0.0,0.0
Ondansetron,G92,toxic encephalopathy,0.0028882843619342,False,26.0,0.0,0.0
Cocaine,G92,toxic encephalopathy,0.006909854311659,False,206.0,100.0,0.0
Quinidine,G92,toxic encephalopathy,1.9107833735376733e-05,False,5.0,100.0,0.0
Repaglinide,G92,toxic encephalopathy,0.0327913754875279,False,0.0,0.0,0.0
Metronidazole,G92,toxic encephalopathy,0.0327913754875279,False,77.0,0.0,0.0
Buprenorphine,G92,toxic encephalopathy,3.4094053256517165e-06,False,4.0,100.0,0.0
Salmeterol,G92,toxic encephalopathy,0.0006726934257945,False,0.0,100.0,0.0
Phenprocoumon,G92,toxic encephalopathy,0.0327913754875279,False,1.0,0.0,0.0
Hydrocodone,G92,toxic encephalopathy,0.0161704710089108,False,1.0,0.0,0.0
Norgestimate,G92,toxic encephalopathy,0.0238012724371897,False,0.0,100.0,0.0
Methylprednisolone,G92,toxic encephalopathy,0.0093926108660406,False,41.0,100.0,0.0
Zaleplon,G92,toxic encephalopathy,0.0327913754875279,False,1.0,0.0,0.0
Telmisartan,G92,toxic encephalopathy,0.0327913754875279,False,3.0,0.0,0.0
Dactinomycin,G92,toxic encephalopathy,0.0327913754875279,False,4.0,100.0,0.0
Azelastine,G92,toxic encephalopathy,6.45317785931613e-07,False,0.0,100.0,0.0
Ezetimibe,G92,toxic encephalopathy,0.0001379167004089,False,0.0,100.0,0.0
Telithromycin,G92,toxic encephalopathy,0.0238012724371897,False,0.0,0.0,0.0
Ethinyl Estradiol,G92,toxic encephalopathy,2.149157956776879e-05,False,5.0,100.0,0.0
Doxorubicin,G92,toxic encephalopathy,9.47965884543646e-07,False,56.0,100.0,0.0
Busulfan,G92,toxic encephalopathy,0.0327913754875279,False,7.0,0.0,0.0
Sulfamethoxazole,G92,toxic encephalopathy,0.002305821336832,False,10.0,0.0,0.0
Glyburide,G92,toxic encephalopathy,0.0005182969441729,False,7.0,0.0,0.0
Felodipine,G92,toxic encephalopathy,0.000316497151366,False,2.0,100.0,0.0
Ketoconazole,G92,toxic encephalopathy,2.7210760355368127e-05,False,5.0,100.0,0.0
Topotecan,G92,toxic encephalopathy,0.0238012724371897,False,3.0,0.0,0.0
Probenecid,G92,toxic encephalopathy,0.0011324434203906,False,42.0,0.0,0.0
Selegiline,G92,toxic encephalopathy,4.5769121532283174e-05,False,69.0,100.0,0.0
Rifampicin,G92,toxic encephalopathy,1.093366848400006e-08,False,10.0,100.0,0.0
Ibuprofen,G92,toxic encephalopathy,0.0009005088406268,False,17.0,0.0,0.0
Nitrendipine,G92,toxic encephalopathy,0.0028882843619342,False,2.0,0.0,0.0
Praziquantel,G92,toxic encephalopathy,0.0327913754875279,False,1.0,0.0,0.0
Oxybutynin,G92,toxic encephalopathy,0.0006726934257945,False,0.0,100.0,0.0
Atazanavir,G92,toxic encephalopathy,0.0009763393885722,False,0.0,0.0,0.0
Perhexiline,G92,toxic encephalopathy,0.0327913754875279,False,2.0,0.0,0.0
Atorvastatin,G92,toxic encephalopathy,2.2607636656870844e-09,False,7.0,100.0,0.0
Fluvastatin,G92,toxic encephalopathy,3.4094053256517165e-06,False,3.0,100.0,0.0
Rosuvastatin,G92,toxic encephalopathy,0.0001741376106581,False,1.0,100.0,0.0
Pimozide,G92,toxic encephalopathy,0.0028882843619342,False,22.0,100.0,0.0
Capecitabine,G92,toxic encephalopathy,0.0327913754875279,False,36.0,0.0,0.0
Quinacrine,G92,toxic encephalopathy,0.0009763393885722,False,1.0,0.0,0.0
Sertraline,G92,toxic encephalopathy,0.0042592602645981,False,51.0,0.0,0.0
Miconazole,G92,toxic encephalopathy,0.0211497234373058,False,1.0,100.0,0.0
Nifedipine,G92,toxic encephalopathy,1.665584365502053e-07,False,28.0,100.0,0.0
Amiodarone,G92,toxic encephalopathy,0.0002145298105608,False,11.0,0.0,0.0
Dutasteride,G92,toxic encephalopathy,0.0161704710089108,False,4.0,0.0,0.0
Sulfinpyrazone,G92,toxic encephalopathy,6.45317785931613e-07,False,0.0,0.0,0.0
Nefazodone,G92,toxic encephalopathy,0.0059596294001366,False,6.0,0.0,0.0
Desipramine,G92,toxic encephalopathy,0.0317687729472611,False,20.0,0.0,0.0
Bupropion,G92,toxic encephalopathy,0.0028882843619342,False,26.0,100.0,0.0
Cilostazol,G92,toxic encephalopathy,0.04200662932952,False,0.0,0.0,0.0
Itraconazole,G92,toxic encephalopathy,2.149157956776879e-05,False,9.0,100.0,0.0
Arsenic trioxide,G92,toxic encephalopathy,0.0059596294001366,False,140.0,100.0,0.0
Phenobarbital,G92,toxic encephalopathy,1.093366848400006e-08,False,136.0,100.0,0.0
Ifosfamide,G92,toxic encephalopathy,3.2123445542737114e-05,False,0.0,0.0,0.0
Propafenone,G92,toxic encephalopathy,0.0017992763825781,False,1.0,100.0,0.0
Naloxone,G92,toxic encephalopathy,6.241206604947052e-05,False,86.0,100.0,0.0
Domperidone,G92,toxic encephalopathy,1.5314355297144433e-07,False,22.0,100.0,0.0
Oxymorphone,G92,toxic encephalopathy,0.0161704710089108,False,0.0,0.0,0.0
Estramustine,G92,toxic encephalopathy,0.0327913754875279,False,0.0,100.0,0.0
Rifapentine,G92,toxic encephalopathy,0.0009763393885722,False,0.0,0.0,0.0
Levetiracetam,G92,toxic encephalopathy,0.0161704710089108,False,50.0,0.0,0.0
Mitoxantrone,G92,toxic encephalopathy,0.0006726934257945,False,1.0,100.0,0.0
Sparfloxacin,G92,toxic encephalopathy,0.0327913754875279,False,0.0,0.0,0.0
Clarithromycin,G92,toxic encephalopathy,0.002305821336832,False,7.0,0.0,0.0
Finasteride,G92,toxic encephalopathy,0.0327913754875279,False,10.0,0.0,0.0
Halofantrine,G92,toxic encephalopathy,0.0002371889938403,False,0.0,100.0,0.0
Ketamine,G92,toxic encephalopathy,0.0002617006100438,False,129.0,0.0,0.0
Quetiapine,G92,toxic encephalopathy,0.0317687729472611,False,224.0,0.0,0.0
Levomethadyl Acetate,G92,toxic encephalopathy,0.0006726934257945,False,0.0,100.0,0.0
Paclitaxel,G92,toxic encephalopathy,9.281552055997271e-10,False,108.0,100.0,0.0
Saquinavir,G92,toxic encephalopathy,3.9309775785739635e-08,False,0.0,100.0,0.0
Dexamethasone,G92,toxic encephalopathy,4.306256423786749e-07,False,75.0,100.0,0.0
Clomipramine,G92,toxic encephalopathy,0.0028882843619342,False,19.0,0.0,0.0
Docetaxel,G92,toxic encephalopathy,2.8656443249652338e-08,False,27.0,100.0,0.0
Ergonovine,G92,toxic encephalopathy,0.0093926108660406,False,0.0,0.0,0.0
Dasatinib,G92,toxic encephalopathy,0.0293815999697981,False,2.0,0.0,0.0
Lapatinib,G92,toxic encephalopathy,8.486245517088886e-06,False,0.0,100.0,0.0
Sitagliptin,G92,toxic encephalopathy,0.0002371889938403,False,4.0,100.0,0.0
Posaconazole,G92,toxic encephalopathy,0.0093926108660406,False,3.0,0.0,0.0
Sunitinib,G92,toxic encephalopathy,0.0001080323308903,False,10.0,100.0,0.0
Fosphenytoin,G92,toxic encephalopathy,0.0327913754875279,False,4.0,0.0,0.0
St. John's Wort,G92,toxic encephalopathy,0.0039876087442284,False,5.0,0.0,0.0
Colchicine,G92,toxic encephalopathy,2.642868502768521e-07,False,27.0,100.0,0.0
Digitoxin,G92,toxic encephalopathy,0.04200662932952,False,1.0,0.0,0.0
Antipyrine,G92,toxic encephalopathy,0.0035058920389023,False,11.0,0.0,0.0
Ethylmorphine,G92,toxic encephalopathy,2.2529638594633975e-06,False,1.0,100.0,0.0
Lopinavir,G92,toxic encephalopathy,1.3749594601184607e-05,False,4.0,100.0,0.0
Cholic Acid,G92,toxic encephalopathy,0.0441789825669311,False,2.0,0.0,0.0
Thiotepa,G92,toxic encephalopathy,0.0039876087442284,False,11.0,0.0,0.0
Bifonazole,G92,toxic encephalopathy,0.0327913754875279,False,0.0,100.0,0.0
Metamizole,G92,toxic encephalopathy,0.0093926108660406,False,1.0,0.0,0.0
Nilotinib,G92,toxic encephalopathy,2.149157956776879e-05,False,1.0,100.0,0.0
Permethrin,G92,toxic encephalopathy,0.0238012724371897,False,21.0,100.0,0.0
Ospemifene,G92,toxic encephalopathy,0.0327913754875279,False,0.0,100.0,0.0
Belinostat,G92,toxic encephalopathy,0.0238012724371897,False,0.0,0.0,0.0
Indacaterol,G92,toxic encephalopathy,0.0161704710089108,False,0.0,100.0,0.0
Crisaborole,G92,toxic encephalopathy,0.0009763393885722,False,0.0,0.0,0.0
Cobimetinib,G92,toxic encephalopathy,0.0327913754875279,False,1.0,0.0,0.0
Telaprevir,G92,toxic encephalopathy,0.0009763393885722,False,0.0,0.0,0.0
Brivaracetam,G92,toxic encephalopathy,0.0327913754875279,False,0.0,0.0,0.0
Trastuzumab emtansine,G92,toxic encephalopathy,0.0001080658655755,False,0.0,0.0,0.0
Abiraterone,G92,toxic encephalopathy,0.002305821336832,False,0.0,0.0,0.0
Romidepsin,G92,toxic encephalopathy,4.2232222236193675e-07,False,0.0,100.0,0.0
Silodosin,G92,toxic encephalopathy,0.04200662932952,False,0.0,0.0,0.0
Prasugrel,G92,toxic encephalopathy,0.04200662932952,False,0.0,0.0,0.0
Tolvaptan,G92,toxic encephalopathy,0.0161704710089108,False,0.0,100.0,0.0
Rivaroxaban,G92,toxic encephalopathy,0.0002371889938403,False,1.0,0.0,0.0
Udenafil,G92,toxic encephalopathy,0.0093926108660406,False,0.0,0.0,0.0
Temsirolimus,G92,toxic encephalopathy,0.0004257951066398,False,3.0,100.0,0.0
Simeprevir,G92,toxic encephalopathy,0.002305821336832,False,0.0,0.0,0.0
Saxagliptin,G92,toxic encephalopathy,0.0004257951066398,False,0.0,100.0,0.0
Ambrisentan,G92,toxic encephalopathy,0.002305821336832,False,0.0,0.0,0.0
Armodafinil,G92,toxic encephalopathy,0.0006726934257945,False,10.0,100.0,0.0
Etravirine,G92,toxic encephalopathy,0.0327913754875279,False,1.0,0.0,0.0
Pazopanib,G92,toxic encephalopathy,0.0080426055826758,False,2.0,100.0,0.0
Midostaurin,G92,toxic encephalopathy,0.0001741376106581,False,0.0,100.0,0.0
Panobinostat,G92,toxic encephalopathy,0.0161704710089108,False,0.0,100.0,0.0
Apixaban,G92,toxic encephalopathy,2.149157956776879e-05,False,1.0,100.0,0.0
Axitinib,G92,toxic encephalopathy,0.0017992763825781,False,0.0,0.0,0.0
Isavuconazonium,G92,toxic encephalopathy,0.0039876087442284,False,0.0,0.0,0.0
Artemether,G92,toxic encephalopathy,0.0004257951066398,False,2.0,100.0,0.0
Sulfaphenazole,G92,toxic encephalopathy,0.0327913754875279,False,0.0,0.0,0.0
Ketobemidone,G92,toxic encephalopathy,3.2123445542737114e-05,False,0.0,0.0,0.0
Seratrodast,G92,toxic encephalopathy,0.0013522334258956,False,0.0,0.0,0.0
Benzyl alcohol,G92,toxic encephalopathy,0.0009763393885722,False,2.0,100.0,0.0
Cabazitaxel,G92,toxic encephalopathy,1.3749594601184607e-05,False,0.0,100.0,0.0
Hydroxyprogesterone caproate,G92,toxic encephalopathy,0.0161704710089108,False,1.0,0.0,0.0
Ticagrelor,G92,toxic encephalopathy,0.0238012724371897,False,0.0,0.0,0.0
Ivacaftor,G92,toxic encephalopathy,0.0004257951066398,False,0.0,0.0,0.0
Lomitapide,G92,toxic encephalopathy,0.0093926108660406,False,0.0,0.0,0.0
Vismodegib,G92,toxic encephalopathy,0.0013522334258956,False,0.0,100.0,0.0
Pitavastatin,G92,toxic encephalopathy,0.0042592602645981,False,1.0,0.0,0.0
Rilpivirine,G92,toxic encephalopathy,0.002305821336832,False,1.0,0.0,0.0
Crizotinib,G92,toxic encephalopathy,2.2529638594633975e-06,False,0.0,100.0,0.0
Boceprevir,G92,toxic encephalopathy,0.0001080658655755,False,0.0,0.0,0.0
Linagliptin,G92,toxic encephalopathy,0.0093926108660406,False,0.0,0.0,0.0
Perampanel,G92,toxic encephalopathy,0.0093926108660406,False,3.0,0.0,0.0
Regorafenib,G92,toxic encephalopathy,0.0009005088406268,False,1.0,100.0,0.0
Enzalutamide,G92,toxic encephalopathy,1.5314355297144433e-07,False,0.0,100.0,0.0
Ponatinib,G92,toxic encephalopathy,0.000380024311995,False,0.0,100.0,0.0
Fluticasone furoate,G92,toxic encephalopathy,0.0093926108660406,False,0.0,100.0,0.0
Canagliflozin,G92,toxic encephalopathy,0.0013522334258956,False,1.0,0.0,0.0
Pomalidomide,G92,toxic encephalopathy,0.0327913754875279,False,2.0,0.0,0.0
Trametinib,G92,toxic encephalopathy,0.0161704710089108,False,2.0,0.0,0.0
Dabrafenib,G92,toxic encephalopathy,0.0035058920389023,False,2.0,100.0,0.0
Levomilnacipran,G92,toxic encephalopathy,0.0009763393885722,False,0.0,0.0,0.0
Naloxegol,G92,toxic encephalopathy,0.0161704710089108,False,0.0,0.0,0.0
Ibrutinib,G92,toxic encephalopathy,0.0327913754875279,False,2.0,100.0,0.0
Idelalisib,G92,toxic encephalopathy,4.2232222236193675e-07,False,1.0,100.0,0.0
Cannabidiol,G92,toxic encephalopathy,0.0098591267151424,False,22.0,100.0,0.0
Ceritinib,G92,toxic encephalopathy,0.0161704710089108,False,0.0,0.0,0.0
Cobicistat,G92,toxic encephalopathy,0.0006726934257945,False,0.0,100.0,0.0
Vortioxetine,G92,toxic encephalopathy,8.348128698654872e-05,False,2.0,0.0,0.0
Olaparib,G92,toxic encephalopathy,0.0238012724371897,False,0.0,0.0,0.0
Daclatasvir,G92,toxic encephalopathy,0.0009763393885722,False,0.0,0.0,0.0
Technetium Tc-99m sestamibi,G92,toxic encephalopathy,0.0039876087442284,False,1.0,0.0,0.0
Dasabuvir,G92,toxic encephalopathy,0.0006726934257945,False,0.0,100.0,0.0
Benidipine,G92,toxic encephalopathy,0.0238012724371897,False,0.0,0.0,0.0
Eluxadoline,G92,toxic encephalopathy,0.0327913754875279,False,0.0,0.0,0.0
Lumacaftor,G92,toxic encephalopathy,8.486245517088886e-06,False,0.0,0.0,0.0
Tianeptine,G92,toxic encephalopathy,0.0238012724371897,False,2.0,0.0,0.0
Rolapitant,G92,toxic encephalopathy,0.0161704710089108,False,0.0,100.0,0.0
Ombitasvir,G92,toxic encephalopathy,0.0161704710089108,False,0.0,0.0,0.0
Paritaprevir,G92,toxic encephalopathy,0.0006726934257945,False,0.0,100.0,0.0
Tegafur-uracil,G92,toxic encephalopathy,0.0013522334258956,False,1.0,0.0,0.0
Osimertinib,G92,toxic encephalopathy,0.0238012724371897,False,0.0,100.0,0.0
Ixazomib,G92,toxic encephalopathy,0.0006726934257945,False,0.0,100.0,0.0
Opium,G92,toxic encephalopathy,0.04200662932952,False,13.0,100.0,0.0
Selexipag,G92,toxic encephalopathy,0.0006726934257945,False,0.0,0.0,0.0
Moxidectin,G92,toxic encephalopathy,0.0238012724371897,False,3.0,0.0,0.0
Elbasvir,G92,toxic encephalopathy,0.0002371889938403,False,0.0,0.0,0.0
Grazoprevir,G92,toxic encephalopathy,0.04200662932952,False,0.0,0.0,0.0
Venetoclax,G92,toxic encephalopathy,0.0001080658655755,False,2.0,100.0,0.0
Asunaprevir,G92,toxic encephalopathy,3.2123445542737114e-05,False,0.0,100.0,0.0
Velpatasvir,G92,toxic encephalopathy,8.486245517088886e-06,False,0.0,100.0,0.0
Isavuconazole,G92,toxic encephalopathy,8.882959949246064e-06,False,2.0,100.0,0.0
Vinflunine,G92,toxic encephalopathy,0.0327913754875279,False,1.0,0.0,0.0
Pitolisant,G92,toxic encephalopathy,0.04200662932952,False,0.0,0.0,0.0
Curcumin,G92,toxic encephalopathy,6.241206604947052e-05,False,74.0,100.0,0.0
Naldemedine,G92,toxic encephalopathy,0.0327913754875279,False,0.0,0.0,0.0
Tezacaftor,G92,toxic encephalopathy,0.0161704710089108,False,0.0,0.0,0.0
Apalutamide,G92,toxic encephalopathy,0.0035058920389023,False,0.0,100.0,0.0
Valbenazine,G92,toxic encephalopathy,0.0161704710089108,False,6.0,0.0,0.0
Avatrombopag,G92,toxic encephalopathy,0.0327913754875279,False,0.0,100.0,0.0
Voxilaprevir,G92,toxic encephalopathy,0.0009763393885722,False,0.0,0.0,0.0
Letermovir,G92,toxic encephalopathy,3.4094053256517165e-06,False,0.0,100.0,0.0
Deutetrabenazine,G92,toxic encephalopathy,0.04200662932952,False,3.0,100.0,0.0
Rucaparib,G92,toxic encephalopathy,0.0005182969441729,False,0.0,100.0,0.0
Copanlisib,G92,toxic encephalopathy,0.0017992763825781,False,0.0,100.0,0.0
Troleandomycin,G92,toxic encephalopathy,6.241206604947052e-05,False,0.0,0.0,0.0
Enasidenib,G92,toxic encephalopathy,0.000380024311995,False,0.0,100.0,0.0
Pibrentasvir,G92,toxic encephalopathy,0.04200662932952,False,0.0,100.0,0.0
Glecaprevir,G92,toxic encephalopathy,0.04200662932952,False,0.0,100.0,0.0
Piperaquine,G92,toxic encephalopathy,0.0238012724371897,False,0.0,0.0,0.0
Testosterone cypionate,G92,toxic encephalopathy,3.2191763836795515e-05,False,0.0,100.0,0.0
Testosterone enanthate,G92,toxic encephalopathy,3.2191763836795515e-05,False,0.0,100.0,0.0
Testosterone undecanoate,G92,toxic encephalopathy,3.2191763836795515e-05,False,0.0,100.0,0.0
Estradiol acetate,G92,toxic encephalopathy,0.0025255954755286,False,0.0,100.0,0.0
Estradiol benzoate,G92,toxic encephalopathy,0.0025255954755286,False,6.0,100.0,0.0
Estradiol cypionate,G92,toxic encephalopathy,0.0025255954755286,False,0.0,100.0,0.0
Estradiol dienanthate,G92,toxic encephalopathy,0.0025255954755286,False,0.0,100.0,0.0
Estradiol valerate,G92,toxic encephalopathy,0.0025255954755286,False,71.0,100.0,0.0
Nabiximols,G92,toxic encephalopathy,0.0088943580121204,False,0.0,100.0,0.0
Hyaluronidase,G93,disorders of brain,0.0010542799875788,False,68.0,50.0,50.0
Amitriptyline,G93,disorders of brain,0.010461268119788,False,417.0,100.0,100.0
Nateglinide,G93,disorders of brain,0.0443038898527557,False,4.0,0.0,0.0
Repaglinide,G93,disorders of brain,0.0089443178143312,False,10.0,50.0,25.0
Sertraline,G93,disorders of brain,0.035771602294568,False,649.0,0.0,25.0
Gliclazide,G93,disorders of brain,0.006510299695629,False,12.0,100.0,75.0
Tolbutamide,G93,disorders of brain,0.0280908813210454,False,33.0,50.0,25.0
Clomipramine,G93,disorders of brain,0.0280908813210454,False,332.0,50.0,50.0
Aluminium,G93,disorders of brain,0.006510299695629,False,1614.0,100.0,75.0
Hyaluronidase (Human Recombinant),G93,disorders of brain,0.0010542799875788,False,4.0,50.0,50.0
Lorpiprazole,G93,disorders of brain,0.0176072053047043,False,1.0,100.0,50.0
Abemaciclib,G93,disorders of brain,0.0208792233746559,False,33.0,50.0,25.0
Ziprasidone,G95,diseases of spinal cord,0.0326534257968912,False,2.0,0.0,0.0
Methysergide,G95,diseases of spinal cord,0.0046669117486503,False,27.0,0.0,33.33333333333333
Cabergoline,G95,diseases of spinal cord,0.0185255658349739,False,4.0,0.0,16.666666666666664
Ropinirole,G95,diseases of spinal cord,0.0133367225008653,False,6.0,0.0,33.33333333333333
Mirtazapine,G95,diseases of spinal cord,0.0227417103993964,False,4.0,0.0,16.666666666666664
Loxapine,G95,diseases of spinal cord,0.035771602294568,False,1.0,0.0,0.0
Pramipexole,G95,diseases of spinal cord,0.0121266424287296,False,16.0,0.0,33.33333333333333
Promazine,G95,diseases of spinal cord,0.0158234831786618,False,2.0,0.0,16.666666666666664
Cyproheptadine,G95,diseases of spinal cord,0.0038307760906263,False,10.0,0.0,33.33333333333333
Imipramine,G95,diseases of spinal cord,0.0485276490882611,False,12.0,0.0,0.0
Chlorpromazine,G95,diseases of spinal cord,0.0309507027739399,False,42.0,0.0,16.666666666666664
Nortriptyline,G95,diseases of spinal cord,0.0326534257968912,False,2.0,0.0,33.33333333333333
Amoxapine,G95,diseases of spinal cord,0.0212475057418352,False,1.0,0.0,16.666666666666664
Fenfluramine,G95,diseases of spinal cord,0.0017090252809575,False,2.0,0.0,83.33333333333334
Lisuride,G95,diseases of spinal cord,0.0133367225008653,False,2.0,0.0,33.33333333333333
Fluphenazine,G95,diseases of spinal cord,0.0055629048122122,False,14.0,0.0,66.66666666666666
Trazodone,G95,diseases of spinal cord,0.008585829995479,False,5.0,0.0,66.66666666666666
Ergotamine,G95,diseases of spinal cord,0.0145856411738086,False,10.0,0.0,16.666666666666664
Apomorphine,G95,diseases of spinal cord,0.0121266424287296,False,33.0,0.0,33.33333333333333
Trimipramine,G95,diseases of spinal cord,0.0212475057418352,False,1.0,0.0,33.33333333333333
Risperidone,G95,diseases of spinal cord,0.0158234831786618,False,14.0,0.0,16.666666666666664
Propiomazine,G95,diseases of spinal cord,0.0096252274410785,False,0.0,0.0,33.33333333333333
Minaprine,G95,diseases of spinal cord,0.0055629048122122,False,0.0,0.0,66.66666666666666
Maprotiline,G95,diseases of spinal cord,0.0121266424287296,False,0.0,0.0,50.0
Tegaserod,G95,diseases of spinal cord,0.0055629048122122,False,6.0,0.0,66.66666666666666
Doxepin,G95,diseases of spinal cord,0.0326534257968912,False,1.0,0.0,16.666666666666664
Nefazodone,G95,diseases of spinal cord,0.0121266424287296,False,0.0,0.0,66.66666666666666
Desipramine,G95,diseases of spinal cord,0.035771602294568,False,7.0,0.0,16.666666666666664
Pergolide,G95,diseases of spinal cord,0.0158234831786618,False,2.0,0.0,16.666666666666664
Bromocriptine,G95,diseases of spinal cord,0.0185255658349739,False,11.0,0.0,16.666666666666664
Quetiapine,G95,diseases of spinal cord,0.035771602294568,False,10.0,0.0,16.666666666666664
Aripiprazole,G95,diseases of spinal cord,0.0309507027739399,False,2.0,0.0,0.0
Chlorprothixene,G95,diseases of spinal cord,0.008585829995479,False,3.0,0.0,50.0
Clomipramine,G95,diseases of spinal cord,0.0075830965450964,False,4.0,0.0,66.66666666666666
Paliperidone,G95,diseases of spinal cord,0.0145856411738086,False,0.0,0.0,16.666666666666664
Yohimbine,G95,diseases of spinal cord,0.0096252274410785,False,83.0,0.0,66.66666666666666
Methotrimeprazine,G95,diseases of spinal cord,0.0198682044808521,False,3.0,0.0,16.666666666666664
Sertindole,G95,diseases of spinal cord,0.0055629048122122,False,0.0,0.0,66.66666666666666
Mianserin,G95,diseases of spinal cord,0.0227417103993964,False,2.0,0.0,16.666666666666664
Pizotifen,G95,diseases of spinal cord,0.0133367225008653,False,1.0,0.0,16.666666666666664
Asenapine,G95,diseases of spinal cord,0.0227417103993964,False,0.0,0.0,16.666666666666664
Lorpiprazole,G95,diseases of spinal cord,0.0046669117486503,False,0.0,0.0,66.66666666666666
Aripiprazole lauroxil,G95,diseases of spinal cord,0.0309507027739399,False,0.0,0.0,0.0
Fluvoxamine,G96,disorders of central nervous system,0.0028940896805361,False,205.0,0.0,0.0
Erythromycin,G96,disorders of central nervous system,0.0016726744601575,False,104.0,0.0,0.0
Citalopram,G96,disorders of central nervous system,0.0028940896805361,False,861.0,100.0,0.0
Nelfinavir,G96,disorders of central nervous system,0.0035746793275313,False,3.0,0.0,0.0
Phenytoin,G96,disorders of central nervous system,0.0047050023247169,False,659.0,100.0,0.0
Clotrimazole,G96,disorders of central nervous system,0.0055629048122122,False,11.0,0.0,0.0
Lidocaine,G96,disorders of central nervous system,0.0047050023247169,False,363.0,100.0,0.0
Venlafaxine,G96,disorders of central nervous system,0.0016726744601575,False,327.0,100.0,0.0
Amitriptyline,G96,disorders of central nervous system,0.0193466983197535,False,325.0,100.0,0.0
Methadone,G96,disorders of central nervous system,0.0047050023247169,False,396.0,0.0,0.0
Clobazam,G96,disorders of central nervous system,0.0013933138940703,False,37.0,0.0,0.0
Amlodipine,G96,disorders of central nervous system,0.0055629048122122,False,35.0,0.0,0.0
Sorafenib,G96,disorders of central nervous system,0.0079116937935972,False,29.0,0.0,0.0
Cerivastatin,G96,disorders of central nervous system,0.0028940896805361,False,2.0,0.0,0.0
Imipramine,G96,disorders of central nervous system,0.0150222888823582,False,801.0,100.0,0.0
Fluoxetine,G96,disorders of central nervous system,0.0043260906844352,False,1787.0,0.0,0.0
Ritonavir,G96,disorders of central nervous system,0.0055629048122122,False,47.0,0.0,0.0
Cisplatin,G96,disorders of central nervous system,0.0103804886974706,False,460.0,100.0,0.0
Carbamazepine,G96,disorders of central nervous system,0.0039691930490076,False,886.0,0.0,0.0
Diclofenac,G96,disorders of central nervous system,0.0088707428757481,False,74.0,0.0,0.0
Nicardipine,G96,disorders of central nervous system,0.006909854311659,False,73.0,100.0,0.0
Testosterone,G96,disorders of central nervous system,0.0088707428757481,False,1645.0,100.0,0.0
Simvastatin,G96,disorders of central nervous system,0.0043260906844352,False,251.0,0.0,0.0
Estrone,G96,disorders of central nervous system,0.0055629048122122,False,72.0,0.0,0.0
Verapamil,G96,disorders of central nervous system,0.0161704710089108,False,206.0,100.0,0.0
Tamoxifen,G96,disorders of central nervous system,0.0103804886974706,False,403.0,0.0,0.0
Midazolam,G96,disorders of central nervous system,0.0088707428757481,False,229.0,0.0,0.0
Amprenavir,G96,disorders of central nervous system,0.0016726744601575,False,5.0,0.0,0.0
Paroxetine,G96,disorders of central nervous system,0.0028940896805361,False,466.0,100.0,0.0
Epinastine,G96,disorders of central nervous system,0.0016726744601575,False,4.0,100.0,0.0
Clopidogrel,G96,disorders of central nervous system,0.0016726744601575,False,65.0,0.0,0.0
Irinotecan,G96,disorders of central nervous system,0.0043260906844352,False,75.0,0.0,0.0
Roxithromycin,G96,disorders of central nervous system,0.0004956258336613,False,5.0,0.0,0.0
Diazepam,G96,disorders of central nervous system,0.0103804886974706,False,1152.0,0.0,0.0
Loperamide,G96,disorders of central nervous system,0.0022737099225034,False,54.0,0.0,0.0
Quinidine,G96,disorders of central nervous system,0.0079116937935972,False,57.0,100.0,0.0
Azelastine,G96,disorders of central nervous system,0.0025608311121563,False,1.0,0.0,0.0
Doxorubicin,G96,disorders of central nervous system,0.0103804886974706,False,640.0,100.0,0.0
Ketoconazole,G96,disorders of central nervous system,0.0088707428757481,False,101.0,0.0,0.0
Selegiline,G96,disorders of central nervous system,0.0022737099225034,False,428.0,0.0,0.0
Rifampicin,G96,disorders of central nervous system,0.0093205163659703,False,215.0,0.0,0.0
Promethazine,G96,disorders of central nervous system,0.0032485951279605,False,38.0,100.0,0.0
Atorvastatin,G96,disorders of central nervous system,0.0064755576224752,False,197.0,0.0,0.0
Sertraline,G96,disorders of central nervous system,0.0028940896805361,False,378.0,100.0,0.0
Miconazole,G96,disorders of central nervous system,0.0083825584562548,False,16.0,0.0,0.0
Nifedipine,G96,disorders of central nervous system,0.0064755576224752,False,190.0,0.0,0.0
Desipramine,G96,disorders of central nervous system,0.0109616863305869,False,488.0,100.0,0.0
Itraconazole,G96,disorders of central nervous system,0.0016726744601575,False,131.0,0.0,0.0
Phenobarbital,G96,disorders of central nervous system,0.0093205163659703,False,512.0,0.0,0.0
Domperidone,G96,disorders of central nervous system,0.0016726744601575,False,85.0,100.0,0.0
Dexamethasone,G96,disorders of central nervous system,0.0083825584562548,False,2587.0,0.0,0.0
Colchicine,G96,disorders of central nervous system,0.0019486918898258,False,240.0,0.0,0.0
Lopinavir,G96,disorders of central nervous system,0.0013933138940703,False,19.0,0.0,0.0
Nilotinib,G96,disorders of central nervous system,0.0016726744601575,False,39.0,0.0,0.0
Romidepsin,G96,disorders of central nervous system,0.0022737099225034,False,0.0,0.0,0.0
Rilpivirine,G96,disorders of central nervous system,0.0019486918898258,False,15.0,0.0,0.0
Crizotinib,G96,disorders of central nervous system,0.0006877625609581,False,117.0,0.0,0.0
Regorafenib,G96,disorders of central nervous system,0.0083825584562548,False,6.0,0.0,0.0
Enzalutamide,G96,disorders of central nervous system,0.0016726744601575,False,9.0,100.0,0.0
Idelalisib,G96,disorders of central nervous system,0.0022737099225034,False,1.0,0.0,0.0
Lumacaftor,G96,disorders of central nervous system,0.0011324434203906,False,1.0,0.0,0.0
Asunaprevir,G96,disorders of central nervous system,0.0019486918898258,False,0.0,0.0,0.0
Velpatasvir,G96,disorders of central nervous system,0.0011324434203906,False,0.0,0.0,0.0
Isavuconazole,G96,disorders of central nervous system,0.0060011779696427,False,20.0,0.0,0.0
Curcumin,G96,disorders of central nervous system,0.0025608311121563,False,753.0,100.0,0.0
Letermovir,G96,disorders of central nervous system,0.0043260906844352,False,3.0,0.0,0.0
Enasidenib,G96,disorders of central nervous system,0.0055629048122122,False,0.0,0.0,0.0
Testosterone cypionate,G96,disorders of central nervous system,0.0093205163659703,False,4.0,100.0,0.0
Testosterone enanthate,G96,disorders of central nervous system,0.0093205163659703,False,9.0,100.0,0.0
Testosterone undecanoate,G96,disorders of central nervous system,0.0093205163659703,False,5.0,100.0,0.0
Ouabain,G98,disorders of nervous system,0.0044347270877027,False,268.0,0.0,0.0
Rubidium Rb-82,G98,disorders of nervous system,0.0030712880686132,False,7.0,0.0,0.0
Afamelanotide,H01,inflammation of eyelid,0.0197436864289855,False,0.0,0.0,0.0
Thyrotropin Alfa,H06,disorders of lachrymal system and orbit in diseases classified elsewhere,0.0458502670625731,False,0.0,0.0,0.0
Infliximab,H06,disorders of lachrymal system and orbit in diseases classified elsewhere,0.0458502670625731,False,1.0,0.0,0.0
Ipilimumab,H06,disorders of lachrymal system and orbit in diseases classified elsewhere,0.0458502670625731,False,0.0,0.0,0.0
Golimumab,H06,disorders of lachrymal system and orbit in diseases classified elsewhere,0.0458502670625731,False,0.0,0.0,0.0
Certolizumab pegol,H06,disorders of lachrymal system and orbit in diseases classified elsewhere,0.0458502670625731,False,0.0,0.0,0.0
Gimeracil,H10,conjunctivitis,0.0458502670625731,False,1.0,0.0,0.0
Infliximab,H15,disorders of sclera,0.0197436864289855,False,45.0,0.0,0.0
Amrinone,H15,disorders of sclera,0.0458502670625731,False,0.0,0.0,0.0
Golimumab,H15,disorders of sclera,0.0197436864289855,False,5.0,0.0,0.0
Certolizumab pegol,H15,disorders of sclera,0.0197436864289855,False,3.0,0.0,0.0
Rilonacept,H18,disorders of cornea,0.0005155493907681,False,0.0,100.0,100.0
Hyaluronidase,H20,iridocyclitis,0.0028362007872037,False,0.0,0.0,0.0
Prednisone,H20,iridocyclitis,0.030360167774933,True,29.0,0.0,0.0
Hyaluronidase (Human Recombinant),H20,iridocyclitis,0.0028362007872037,False,0.0,0.0,0.0
Rilonacept,H20,iridocyclitis,0.0066737629349389,False,0.0,0.0,0.0
Mangafodipir,H20,iridocyclitis,0.0115651623342518,False,0.0,0.0,0.0
Ulipristal,H20,iridocyclitis,0.030360167774933,False,0.0,0.0,0.0
Polaprezinc,H20,iridocyclitis,0.0030058397912836,False,0.0,0.0,0.0
Foreskin fibroblast (neonatal),H20,iridocyclitis,0.0013576950119199,False,0.0,0.0,0.0
Foreskin keratinocyte (neonatal),H20,iridocyclitis,2.056402668885363e-05,False,0.0,0.0,0.0
Coccidioides immitis spherule,H20,iridocyclitis,0.0028362007872037,False,3.0,0.0,0.0
Thimerosal,H20,iridocyclitis,0.0376070176320357,False,0.0,0.0,0.0
Binimetinib,H20,iridocyclitis,0.0005721457744524,False,0.0,0.0,0.0
Glycyrrhizic acid,H20,iridocyclitis,0.0456587657592372,False,0.0,0.0,0.0
Monobenzone,H21,disorders of iris and ciliary body,0.0458502670625731,False,0.0,0.0,0.0
Tetracosactide,H21,disorders of iris and ciliary body,0.0458502670625731,False,0.0,0.0,0.0
Seractide acetate,H21,disorders of iris and ciliary body,0.0458502670625731,False,190.0,0.0,0.0
Glutathione,H25,senile cataract,0.001298526429611,False,113.0,0.0,0.0
Cisplatin,H25,senile cataract,0.0004880412904765,False,0.0,20.0,40.0
Oxaliplatin,H25,senile cataract,0.0001535567912691,False,0.0,40.0,40.0
Etoposide,H25,senile cataract,0.0158234831786618,False,0.0,20.0,20.0
Carboplatin,H25,senile cataract,6.984317683413253e-05,False,0.0,20.0,40.0
Busulfan,H25,senile cataract,0.0023506354308989,False,1.0,0.0,0.0
Curcumin,H25,senile cataract,0.008585829995479,False,2.0,20.0,20.0
Diflorasone,H30,chorioretinal inflammation,0.0336877723922002,False,0.0,0.0,0.0
Desoximetasone,H30,chorioretinal inflammation,0.0336877723922002,False,0.0,0.0,0.0
Clocortolone,H30,chorioretinal inflammation,0.0336877723922002,False,0.0,0.0,0.0
Loteprednol,H30,chorioretinal inflammation,0.0336877723922002,False,0.0,0.0,0.0
Prednicarbate,H30,chorioretinal inflammation,0.0336877723922002,False,0.0,0.0,0.0
Desonide,H30,chorioretinal inflammation,0.0336877723922002,False,0.0,0.0,0.0
Difluprednate,H30,chorioretinal inflammation,0.0336877723922002,False,2.0,0.0,0.0
Clobetasone,H30,chorioretinal inflammation,0.0336877723922002,False,0.0,0.0,0.0
Drotrecogin alfa,H34,retinal vascular occlusions,0.0022737099225034,False,0.0,0.0,0.0
Menadione,H34,retinal vascular occlusions,0.00516363574016,False,0.0,0.0,0.0
Thrombomodulin Alfa,H34,retinal vascular occlusions,7.001348864729257e-05,False,0.0,100.0,66.66666666666667
Anti-inhibitor coagulant complex,H34,retinal vascular occlusions,0.0013933138940703,False,0.0,0.0,0.0
Zinc,H35,retinal disorders,0.0081736900077608,False,636.0,50.0,33.333333333333336
Copper,H35,retinal disorders,0.0339806518123883,False,294.0,50.0,0.0
Polaprezinc,H35,retinal disorders,0.0296603767607659,False,0.0,100.0,100.0
Glutathione,H36,retinal disorders in diseases classified elsewhere,0.0245041101117992,False,0.0,25.0,0.0
Captopril,H36,retinal disorders in diseases classified elsewhere,0.0277153167039967,False,0.0,25.0,0.0
Zinc,H36,retinal disorders in diseases classified elsewhere,0.0027425320441037,False,0.0,50.0,0.0
Copper,H36,retinal disorders in diseases classified elsewhere,0.0039127087660696,False,0.0,50.0,0.0
Polaprezinc,H36,retinal disorders in diseases classified elsewhere,0.0002283780203565,False,0.0,100.0,0.0
Foreskin fibroblast (neonatal),H36,retinal disorders in diseases classified elsewhere,0.0016755327858684,False,0.0,100.0,0.0
Foreskin keratinocyte (neonatal),H36,retinal disorders in diseases classified elsewhere,0.0023020155564818,False,0.0,100.0,0.0
Cabergoline,H40,glaucoma,0.0013228335115898,False,6.0,100.0,100.0
Dapiprazole,H40,glaucoma,0.0238012724371897,False,11.0,100.0,100.0
Norepinephrine,H40,glaucoma,5.731055117972651e-05,False,106.0,100.0,100.0
Loxapine,H40,glaucoma,0.0204222969074381,False,2.0,66.66666666666667,100.0
Dipivefrin,H40,glaucoma,0.0074934905136812,True,141.0,100.0,100.0
Benzthiazide,H40,glaucoma,0.0169929246518341,False,0.0,100.0,100.0
Clonidine,H40,glaucoma,0.0147243613919376,True,235.0,100.0,100.0
Cyclothiazide,H40,glaucoma,0.0169929246518341,False,2.0,100.0,100.0
Epinephrine,H40,glaucoma,2.2562409955964343e-06,False,722.0,100.0,100.0
Phentolamine,H40,glaucoma,0.0021954785735928,False,4.0,100.0,100.0
Methoxamine,H40,glaucoma,0.0238012724371897,False,1.0,100.0,100.0
Tolazoline,H40,glaucoma,0.0169929246518341,False,20.0,100.0,100.0
Fenoldopam,H40,glaucoma,0.0002029963128911,False,3.0,100.0,100.0
Pseudoephedrine,H40,glaucoma,0.0409489319971864,False,4.0,66.66666666666667,100.0
Phenoxybenzamine,H40,glaucoma,0.0002287969918941,False,5.0,100.0,100.0
Oxymetazoline,H40,glaucoma,1.217303522459876e-05,False,5.0,100.0,100.0
Apraclonidine,H40,glaucoma,0.0238012724371897,True,149.0,100.0,100.0
Arbutamine,H40,glaucoma,0.0238012724371897,False,0.0,100.0,100.0
Carvedilol,H40,glaucoma,0.0011553017946975,False,10.0,100.0,100.0
Doxepin,H40,glaucoma,0.0139712649390379,False,0.0,66.66666666666667,100.0
Pergolide,H40,glaucoma,0.0342353952931627,False,3.0,66.66666666666667,100.0
Quetiapine,H40,glaucoma,0.0204222969074381,False,6.0,66.66666666666667,100.0
Fenoterol,H40,glaucoma,0.0238012724371897,False,0.0,100.0,100.0
Bevantolol,H40,glaucoma,0.0238012724371897,False,0.0,100.0,100.0
Ephedra,H40,glaucoma,0.0047748573936129,False,1.0,100.0,100.0
Methotrimeprazine,H40,glaucoma,0.0018444177605617,False,1.0,100.0,100.0
Clenbuterol,H40,glaucoma,0.0320708644342246,False,3.0,100.0,100.0
Celiprolol,H40,glaucoma,6.410806079636705e-05,False,1.0,100.0,100.0
Dronedarone,H40,glaucoma,0.0123080933315972,False,0.0,100.0,100.0
Pizotifen,H40,glaucoma,0.0002660289205032,False,3.0,100.0,100.0
Droxidopa,H40,glaucoma,1.0332160603550795e-06,False,0.0,100.0,100.0
Xylometazoline,H40,glaucoma,1.217303522459876e-05,False,0.0,100.0,100.0
Bupranolol,H40,glaucoma,0.0238012724371897,True,24.0,100.0,100.0
Racepinephrine,H40,glaucoma,4.027899226029148e-09,False,0.0,100.0,100.0
DL-Methylephedrine,H40,glaucoma,0.0238012724371897,False,0.0,100.0,100.0
Clonidine,H44,disorders of globe,0.041086686891397,False,412.0,0.0,0.0
Vecuronium,H44,disorders of globe,0.0344273743574103,False,59.0,100.0,66.66666666666667
Foreskin keratinocyte (neonatal),H44,disorders of globe,0.0203762454421303,False,0.0,50.0,100.0
Cholic Acid,H49,paralytic strabismus,0.0394036219685016,False,0.0,0.0,0.0
Cupric sulfate,H49,paralytic strabismus,0.0485276490882611,False,0.0,75.0,75.0
Paclitaxel,H53,visual disturbances,0.0421214998844496,False,14.0,25.0,33.333333333333336
Desmopressin,H57,disorders of eye and adnexa,0.0089864785915599,False,24.0,33.333333333333336,0.0
Dihomo-gamma-linolenic acid,H57,disorders of eye and adnexa,0.0034893998744866,False,15.0,33.333333333333336,0.0
Icosapent,H57,disorders of eye and adnexa,0.0436682328723327,False,160.0,66.66666666666667,0.0
Mesalazine,H57,disorders of eye and adnexa,0.0198682044808521,False,32.0,100.0,0.0
Nabumetone,H57,disorders of eye and adnexa,0.0060011779696427,False,2.0,100.0,0.0
Ketorolac,H57,disorders of eye and adnexa,0.0014757320276867,False,75.0,33.333333333333336,0.0
Tenoxicam,H57,disorders of eye and adnexa,0.0060011779696427,False,1.0,33.333333333333336,100.0
Tolmetin,H57,disorders of eye and adnexa,0.0123731931222549,False,12.0,100.0,0.0
Rofecoxib,H57,disorders of eye and adnexa,0.0198682044808521,False,8.0,0.0,100.0
Piroxicam,H57,disorders of eye and adnexa,0.0198682044808521,False,10.0,0.0,0.0
Fenoprofen,H57,disorders of eye and adnexa,0.0089864785915599,False,3.0,100.0,0.0
Sulindac,H57,disorders of eye and adnexa,0.0336246622450487,False,10.0,33.333333333333336,0.0
Flurbiprofen,H57,disorders of eye and adnexa,0.0336246622450487,False,42.0,0.0,0.0
Etodolac,H57,disorders of eye and adnexa,0.0287647208985306,False,5.0,0.0,100.0
Mefenamic acid,H57,disorders of eye and adnexa,0.0089864785915599,False,5.0,33.333333333333336,0.0
Naproxen,H57,disorders of eye and adnexa,0.0336246622450487,False,31.0,0.0,0.0
Sulfasalazine,H57,disorders of eye and adnexa,0.0489783657996184,False,47.0,66.66666666666667,0.0
Phenylbutazone,H57,disorders of eye and adnexa,0.0198682044808521,False,32.0,0.0,0.0
Meloxicam,H57,disorders of eye and adnexa,0.0160108410930068,False,32.0,0.0,0.0
Carprofen,H57,disorders of eye and adnexa,0.0034893998744866,False,2.0,33.333333333333336,0.0
Diflunisal,H57,disorders of eye and adnexa,0.0123731931222549,False,4.0,0.0,0.0
Suprofen,H57,disorders of eye and adnexa,0.0089864785915599,False,2.0,33.333333333333336,0.0
Salicylic acid,H57,disorders of eye and adnexa,0.0384197193419097,False,39.0,0.0,0.0
Meclofenamic acid,H57,disorders of eye and adnexa,0.0160108410930068,False,0.0,33.333333333333336,0.0
Bromfenac,H57,disorders of eye and adnexa,0.0014757320276867,False,37.0,33.333333333333336,0.0
Oxaprozin,H57,disorders of eye and adnexa,0.0034893998744866,False,0.0,33.333333333333336,0.0
Ketoprofen,H57,disorders of eye and adnexa,0.0436682328723327,False,14.0,0.0,0.0
Balsalazide,H57,disorders of eye and adnexa,0.0089864785915599,False,0.0,100.0,0.0
Thalidomide,H57,disorders of eye and adnexa,0.0436682328723327,False,73.0,33.333333333333336,100.0
Lumiracoxib,H57,disorders of eye and adnexa,0.0123731931222549,False,1.0,33.333333333333336,100.0
Magnesium salicylate,H57,disorders of eye and adnexa,0.0034893998744866,False,0.0,66.66666666666667,0.0
Salsalate,H57,disorders of eye and adnexa,0.0014757320276867,False,1.0,33.333333333333336,0.0
Choline magnesium trisalicylate,H57,disorders of eye and adnexa,0.0014757320276867,False,0.0,33.333333333333336,0.0
Antrafenine,H57,disorders of eye and adnexa,0.0014757320276867,False,0.0,33.333333333333336,0.0
Antipyrine,H57,disorders of eye and adnexa,0.0436682328723327,False,25.0,33.333333333333336,0.0
Tiaprofenic acid,H57,disorders of eye and adnexa,0.0014757320276867,False,0.0,33.333333333333336,0.0
Niflumic Acid,H57,disorders of eye and adnexa,0.0198682044808521,False,9.0,0.0,0.0
Lornoxicam,H57,disorders of eye and adnexa,0.0034893998744866,False,2.0,33.333333333333336,0.0
Aceclofenac,H57,disorders of eye and adnexa,0.0034893998744866,False,2.0,33.333333333333336,0.0
Nepafenac,H57,disorders of eye and adnexa,0.0014757320276867,False,33.0,33.333333333333336,0.0
Loxoprofen,H57,disorders of eye and adnexa,0.0014757320276867,False,0.0,33.333333333333336,0.0
Dexibuprofen,H57,disorders of eye and adnexa,0.0198682044808521,False,0.0,100.0,100.0
Dexketoprofen,H57,disorders of eye and adnexa,0.0014757320276867,False,0.0,33.333333333333336,0.0
Tolfenamic Acid,H57,disorders of eye and adnexa,0.0014757320276867,False,0.0,33.333333333333336,0.0
Propacetamol,H57,disorders of eye and adnexa,0.0089864785915599,False,0.0,100.0,100.0
Talniflumate,H57,disorders of eye and adnexa,0.0034893998744866,False,0.0,66.66666666666667,0.0
Phenyl salicylate,H57,disorders of eye and adnexa,0.0014757320276867,False,0.0,33.333333333333336,0.0
Trolamine salicylate,H57,disorders of eye and adnexa,0.0014757320276867,False,0.0,33.333333333333336,0.0
Menthyl salicylate,H57,disorders of eye and adnexa,0.0014757320276867,False,0.0,33.333333333333336,0.0
Glycol salicylate,H57,disorders of eye and adnexa,0.0014757320276867,False,0.0,33.333333333333336,0.0
Bufexamac,H57,disorders of eye and adnexa,0.0060011779696427,False,0.0,33.333333333333336,0.0
Acemetacin,H57,disorders of eye and adnexa,0.0060011779696427,False,0.0,33.333333333333336,0.0
Diflorasone,H60,otitis externa,0.0458502670625731,False,0.0,0.0,0.0
Desoximetasone,H60,otitis externa,0.0458502670625731,False,0.0,0.0,0.0
Clocortolone,H60,otitis externa,0.0458502670625731,False,0.0,0.0,0.0
Loteprednol,H60,otitis externa,0.0458502670625731,False,0.0,0.0,0.0
Prednicarbate,H60,otitis externa,0.0458502670625731,False,0.0,0.0,0.0
Desonide,H60,otitis externa,0.0458502670625731,False,1.0,0.0,0.0
Difluprednate,H60,otitis externa,0.0458502670625731,False,0.0,0.0,0.0
Clobetasone,H60,otitis externa,0.0458502670625731,False,1.0,0.0,0.0
keyhole limpet hemocyanin,H71,cholesteatoma of middle ear,0.0197436864289855,False,0.0,0.0,0.0
Thrombomodulin Alfa,H90,conductive and sensorineural hearing loss,0.021492921748461,False,12.0,83.33333333333333,75.0
Glutamic Acid,H93,disorders of ear,0.0006071673531756,False,53.0,66.66666666666667,60.0
Pethidine,H93,disorders of ear,0.0001329712131231,False,3.0,100.0,100.0
Felbamate,H93,disorders of ear,0.0049374785569601,False,0.0,100.0,100.0
Memantine,H93,disorders of ear,0.0005724618736096,False,15.0,100.0,100.0
Orphenadrine,H93,disorders of ear,0.0005724618736096,False,1.0,100.0,100.0
Acetylcysteine,H93,disorders of ear,1.734106067787278e-05,False,67.0,100.0,100.0
Ifenprodil,H93,disorders of ear,0.0148879836343711,False,1.0,83.33333333333333,100.0
Benazepril,I05,rheumatic mitral valve diseases,7.001348864729257e-05,False,1.0,50.0,0.0
Lisinopril,I05,rheumatic mitral valve diseases,0.0336877723922002,False,0.0,0.0,0.0
Rescinnamine,I05,rheumatic mitral valve diseases,0.0336877723922002,False,0.0,0.0,0.0
Collagenase clostridium histolyticum,I06,rheumatic aortic valve diseases,0.0039691930490076,False,0.0,100.0,50.0
Hyaluronidase,I10,essential (primary) hypertension,0.0218105323359607,False,0.0,42.857142857142854,28.571428571428573
Spermine,I10,essential (primary) hypertension,0.0293524420742176,False,0.0,42.857142857142854,42.857142857142854
Epinephrine,I10,essential (primary) hypertension,0.0071941837258095,False,48.0,71.42857142857143,100.0
Minocycline,I10,essential (primary) hypertension,0.0441946384561161,False,0.0,28.571428571428573,28.571428571428573
Carvedilol,I10,essential (primary) hypertension,0.0001377879657933,False,9.0,100.0,100.0
Captopril,I10,essential (primary) hypertension,0.0009087788561708,False,114.0,100.0,100.0
Exenatide,I10,essential (primary) hypertension,0.0218105323359607,False,0.0,42.857142857142854,28.571428571428573
Zinc,I10,essential (primary) hypertension,0.0087290036992892,False,8.0,57.142857142857146,71.42857142857143
Vandetanib,I10,essential (primary) hypertension,0.0362486847130378,False,0.0,14.285714285714286,14.285714285714286
Hyaluronidase (Human Recombinant),I10,essential (primary) hypertension,0.0218105323359607,False,0.0,42.857142857142854,28.571428571428573
Polaprezinc,I10,essential (primary) hypertension,4.349508984531096e-06,False,0.0,100.0,85.71428571428571
Foreskin fibroblast (neonatal),I10,essential (primary) hypertension,0.0293524420742176,False,0.0,57.142857142857146,42.857142857142854
Foreskin keratinocyte (neonatal),I10,essential (primary) hypertension,1.0209830931568131e-06,False,0.0,100.0,100.0
Thimerosal,I10,essential (primary) hypertension,0.0129936586632909,False,0.0,28.571428571428573,28.571428571428573
Binimetinib,I10,essential (primary) hypertension,0.0129936586632909,False,0.0,42.857142857142854,71.42857142857143
L-Arginine,I11,hypertensive heart disease,0.0280908813210454,False,1200.0,0.0,0.0
L-Citrulline,I11,hypertensive heart disease,0.035771602294568,False,58.0,0.0,0.0
Levamlodipine,I11,hypertensive heart disease,0.0043260906844352,False,0.0,0.0,100.0
Coagulation factor VIIa Recombinant Human,I20,angina pectoris,0.0312532652462582,False,1.0,100.0,25.0
Coagulation Factor IX (Recombinant),I20,angina pectoris,0.047016104014674,False,0.0,50.0,50.0
Metoprolol,I20,angina pectoris,0.0011324434203906,True,369.0,100.0,100.0
Timolol,I20,angina pectoris,0.0312532652462582,False,55.0,100.0,50.0
Nimodipine,I20,angina pectoris,0.0165369603329526,False,9.0,100.0,75.0
Propranolol,I20,angina pectoris,0.0349663144439571,False,1366.0,50.0,75.0
Labetalol,I20,angina pectoris,0.0184495856189986,True,59.0,100.0,100.0
Verapamil,I20,angina pectoris,0.029855604094924,False,896.0,100.0,100.0
Dobutamine,I20,angina pectoris,0.0184495856189986,False,279.0,100.0,100.0
Terbutaline,I20,angina pectoris,0.0091519247723907,False,4.0,100.0,100.0
Formoterol,I20,angina pectoris,0.047016104014674,False,0.0,50.0,50.0
Procainamide,I20,angina pectoris,0.0086888384730468,False,24.0,100.0,100.0
Heparin,I20,angina pectoris,0.0015809094389265,True,1455.0,100.0,50.0
Carvedilol,I20,angina pectoris,0.0042610090769946,False,83.0,100.0,100.0
Glucosamine,I20,angina pectoris,0.047016104014674,False,5.0,100.0,25.0
Clenbuterol,I20,angina pectoris,0.0022349337947901,False,0.0,100.0,100.0
Oxprenolol,I20,angina pectoris,0.0184495856189986,True,86.0,100.0,100.0
Dronedarone,I20,angina pectoris,0.0150873022157266,False,2.0,100.0,100.0
Clevidipine,I20,angina pectoris,2.4618206771820495e-05,False,1.0,100.0,100.0
Nilvadipine,I20,angina pectoris,0.0216199373719827,False,6.0,100.0,50.0
Dalteparin,I20,angina pectoris,0.0184495856189986,True,97.0,100.0,25.0
Polaprezinc,I20,angina pectoris,7.608370252595318e-06,False,0.0,100.0,100.0
Aranidipine,I20,angina pectoris,0.0037541038891161,True,1.0,100.0,100.0
Foreskin fibroblast (neonatal),I20,angina pectoris,0.0007069228813232,False,0.0,100.0,100.0
Foreskin keratinocyte (neonatal),I20,angina pectoris,4.495645819415612e-05,False,0.0,100.0,100.0
Binimetinib,I20,angina pectoris,0.0037541038891161,False,0.0,100.0,100.0
Coagulation Factor IX Human,I20,angina pectoris,0.047016104014674,False,15.0,50.0,50.0
Desmopressin,I21,acute myocardial infarction,0.0029010946487095,False,9.0,0.0,20.0
Dihomo-gamma-linolenic acid,I21,acute myocardial infarction,0.0011209634645747,False,0.0,33.333333333333336,20.0
Icosapent,I21,acute myocardial infarction,0.0145856411738086,False,99.0,66.66666666666667,60.0
Mesalazine,I21,acute myocardial infarction,0.0065351656798588,False,2.0,66.66666666666667,100.0
Dapsone,I21,acute myocardial infarction,0.0182840564821863,False,2.0,0.0,40.0
Acetaminophen,I21,acute myocardial infarction,0.0408730276648593,False,50.0,0.0,0.0
Nabumetone,I21,acute myocardial infarction,0.0019486918898258,False,2.0,66.66666666666667,80.0
Ketorolac,I21,acute myocardial infarction,0.0004609152343545,False,9.0,66.66666666666667,40.0
Tenoxicam,I21,acute myocardial infarction,0.0019486918898258,False,0.0,0.0,20.0
Tolmetin,I21,acute myocardial infarction,0.0039961611014397,False,1.0,66.66666666666667,80.0
Aminocaproic Acid,I21,acute myocardial infarction,0.0019486918898258,False,20.0,100.0,60.0
Rofecoxib,I21,acute myocardial infarction,0.0065351656798588,False,64.0,0.0,20.0
Piroxicam,I21,acute myocardial infarction,0.0065351656798588,False,6.0,0.0,20.0
Fenoprofen,I21,acute myocardial infarction,0.0029010946487095,False,0.0,100.0,100.0
Diclofenac,I21,acute myocardial infarction,0.0485738822353807,False,60.0,66.66666666666667,40.0
Sulindac,I21,acute myocardial infarction,0.0110933169201726,False,2.0,0.0,60.0
Flurbiprofen,I21,acute myocardial infarction,0.0110933169201726,False,6.0,0.0,20.0
Etodolac,I21,acute myocardial infarction,0.0094147333082599,False,3.0,0.0,20.0
Etoposide,I21,acute myocardial infarction,0.0266187032884972,False,38.0,0.0,20.0
Mefenamic acid,I21,acute myocardial infarction,0.0029010946487095,False,3.0,0.0,20.0
Naproxen,I21,acute myocardial infarction,0.0110933169201726,False,48.0,0.0,20.0
Sulfasalazine,I21,acute myocardial infarction,0.0163046584418511,False,3.0,66.66666666666667,40.0
Phenylbutazone,I21,acute myocardial infarction,0.0065351656798588,False,44.0,0.0,20.0
Meloxicam,I21,acute myocardial infarction,0.0052179788679475,False,12.0,0.0,20.0
Carprofen,I21,acute myocardial infarction,0.0011209634645747,False,2.0,33.333333333333336,20.0
Diflunisal,I21,acute myocardial infarction,0.0039961611014397,False,0.0,0.0,40.0
Suprofen,I21,acute myocardial infarction,0.0029010946487095,False,0.0,0.0,20.0
Salicylic acid,I21,acute myocardial infarction,0.0128173189442169,False,43.0,0.0,20.0
Meclofenamic acid,I21,acute myocardial infarction,0.0052179788679475,False,2.0,0.0,40.0
Acetylsalicylic acid,I21,acute myocardial infarction,0.0242510149524375,False,5065.0,100.0,40.0
Bromfenac,I21,acute myocardial infarction,0.0004609152343545,False,0.0,66.66666666666667,40.0
Oxaprozin,I21,acute myocardial infarction,0.0011209634645747,False,0.0,33.333333333333336,20.0
Ketoprofen,I21,acute myocardial infarction,0.0145856411738086,False,4.0,0.0,20.0
Balsalazide,I21,acute myocardial infarction,0.0029010946487095,False,0.0,66.66666666666667,80.0
Thalidomide,I21,acute myocardial infarction,0.0145856411738086,False,6.0,100.0,40.0
Ibuprofen,I21,acute myocardial infarction,0.0008269529577542,False,87.0,100.0,60.0
Lumiracoxib,I21,acute myocardial infarction,0.0039961611014397,False,4.0,100.0,40.0
Magnesium salicylate,I21,acute myocardial infarction,0.0011209634645747,False,0.0,33.333333333333336,60.0
Salsalate,I21,acute myocardial infarction,0.0004609152343545,False,2.0,66.66666666666667,40.0
Choline magnesium trisalicylate,I21,acute myocardial infarction,0.0004609152343545,False,0.0,66.66666666666667,40.0
Antrafenine,I21,acute myocardial infarction,0.0004609152343545,False,0.0,66.66666666666667,40.0
Antipyrine,I21,acute myocardial infarction,0.0145856411738086,False,13.0,0.0,20.0
Tiaprofenic acid,I21,acute myocardial infarction,0.0004609152343545,False,0.0,66.66666666666667,40.0
Niflumic Acid,I21,acute myocardial infarction,0.0065351656798588,False,0.0,0.0,20.0
Lornoxicam,I21,acute myocardial infarction,0.0011209634645747,False,3.0,33.333333333333336,20.0
Aceclofenac,I21,acute myocardial infarction,0.0011209634645747,False,2.0,33.333333333333336,20.0
Nepafenac,I21,acute myocardial infarction,0.0004609152343545,False,0.0,66.66666666666667,40.0
Cannabidiol,I21,acute myocardial infarction,0.0050531947080625,False,8.0,66.66666666666667,60.0
Loxoprofen,I21,acute myocardial infarction,0.0004609152343545,False,0.0,66.66666666666667,40.0
Dexibuprofen,I21,acute myocardial infarction,2.9025683630767546e-05,False,0.0,100.0,60.0
Dexketoprofen,I21,acute myocardial infarction,0.0004609152343545,False,1.0,66.66666666666667,40.0
Tolfenamic Acid,I21,acute myocardial infarction,0.0004609152343545,False,0.0,66.66666666666667,40.0
Propacetamol,I21,acute myocardial infarction,0.0029010946487095,False,0.0,100.0,20.0
Talniflumate,I21,acute myocardial infarction,0.0011209634645747,False,0.0,33.333333333333336,40.0
Phenyl salicylate,I21,acute myocardial infarction,0.0004609152343545,False,0.0,66.66666666666667,40.0
Trolamine salicylate,I21,acute myocardial infarction,0.0004609152343545,False,0.0,66.66666666666667,40.0
Menthyl salicylate,I21,acute myocardial infarction,0.0004609152343545,False,0.0,66.66666666666667,40.0
Glycol salicylate,I21,acute myocardial infarction,0.0004609152343545,False,0.0,66.66666666666667,40.0
Ferrous sulfate,I21,acute myocardial infarction,0.0336246622450487,False,1.0,0.0,20.0
Bufexamac,I21,acute myocardial infarction,0.0019486918898258,False,0.0,0.0,20.0
Acemetacin,I21,acute myocardial infarction,0.0019486918898258,False,0.0,0.0,20.0
Nabiximols,I21,acute myocardial infarction,0.0046212774968364,False,0.0,66.66666666666667,60.0
Etanercept,I22,subsequent myocardial infarction,0.0215292130517503,False,0.0,0.0,0.0
Drotrecogin alfa,I22,subsequent myocardial infarction,0.0125190695084935,False,1.0,0.0,0.0
Menadione,I22,subsequent myocardial infarction,0.0431504078408355,False,0.0,0.0,100.0
Aminocaproic Acid,I22,subsequent myocardial infarction,0.0419281102375693,False,2.0,0.0,0.0
Benazepril,I22,subsequent myocardial infarction,0.0419281102375693,False,0.0,0.0,0.0
Epinephrine,I22,subsequent myocardial infarction,0.0336877723922002,False,71.0,50.0,100.0
Acetylsalicylic acid,I22,subsequent myocardial infarction,0.0336877723922002,False,548.0,50.0,0.0
Minocycline,I22,subsequent myocardial infarction,0.0153022807481457,False,1.0,0.0,0.0
Thalidomide,I22,subsequent myocardial infarction,0.0153022807481457,False,2.0,0.0,100.0
Captopril,I22,subsequent myocardial infarction,0.0078613038894587,False,52.0,50.0,100.0
Glucosamine,I22,subsequent myocardial infarction,0.0029933387425343,False,0.0,50.0,100.0
Ginseng,I22,subsequent myocardial infarction,0.0246730635111739,False,10.0,50.0,0.0
Clenbuterol,I22,subsequent myocardial infarction,0.0029933387425343,False,0.0,50.0,100.0
Zinc,I22,subsequent myocardial infarction,5.771424450864097e-05,False,26.0,0.0,100.0
Thrombomodulin Alfa,I22,subsequent myocardial infarction,0.0105863200052687,False,0.0,0.0,0.0
Copper,I22,subsequent myocardial infarction,0.0031340726138262,False,25.0,0.0,100.0
Polaprezinc,I22,subsequent myocardial infarction,0.0008914904515179,False,0.0,100.0,100.0
Levamlodipine,I22,subsequent myocardial infarction,0.0419281102375693,False,0.0,50.0,0.0
Foreskin fibroblast (neonatal),I22,subsequent myocardial infarction,0.0099462948840994,False,0.0,50.0,100.0
Foreskin keratinocyte (neonatal),I22,subsequent myocardial infarction,0.0003923419063608,False,0.0,100.0,100.0
Thrombin,I22,subsequent myocardial infarction,0.0078613038894587,False,113.0,0.0,0.0
Dipyrithione,I22,subsequent myocardial infarction,0.0105863200052687,False,0.0,0.0,0.0
Binimetinib,I22,subsequent myocardial infarction,7.522713530262005e-05,False,0.0,50.0,100.0
Anti-inhibitor coagulant complex,I22,subsequent myocardial infarction,0.0001236588254383,False,0.0,50.0,0.0
Glycyrrhizic acid,I22,subsequent myocardial infarction,0.0059415009224673,False,2.0,50.0,0.0
Aminocaproic Acid,I25,chronic ischaemic heart disease,0.0185220356665743,False,2.0,100.0,20.0
Oxaliplatin,I25,chronic ischaemic heart disease,0.0312376969968448,False,1.0,100.0,20.0
Polaprezinc,I25,chronic ischaemic heart disease,0.0008034769472286,False,0.0,100.0,80.0
Foreskin fibroblast (neonatal),I25,chronic ischaemic heart disease,0.0023338999662575,False,1.0,100.0,80.0
Foreskin keratinocyte (neonatal),I25,chronic ischaemic heart disease,0.0034931455044567,False,0.0,100.0,100.0
Omega-3 fatty acids,I25,chronic ischaemic heart disease,0.0369574320460678,False,112.0,100.0,100.0
Drotrecogin alfa,I26,pulmonary embolism,0.0019676615522602,False,2.0,100.0,100.0
Coagulation Factor IX (Recombinant),I26,pulmonary embolism,0.000452219791123,False,5.0,100.0,100.0
Menadione,I26,pulmonary embolism,0.0070859821070289,False,0.0,100.0,100.0
Sucralfate,I26,pulmonary embolism,0.0002808830710189,False,0.0,100.0,100.0
Fondaparinux,I26,pulmonary embolism,0.0031066193069598,False,441.0,100.0,100.0
Ibuprofen,I26,pulmonary embolism,0.0147158681495351,False,31.0,75.0,100.0
Enoxaparin,I26,pulmonary embolism,0.0073706083472763,True,0.0,100.0,100.0
Thrombomodulin Alfa,I26,pulmonary embolism,0.0031066193069598,False,0.0,100.0,100.0
Human C1-esterase inhibitor,I26,pulmonary embolism,0.000452219791123,False,0.0,100.0,100.0
Turoctocog alfa,I26,pulmonary embolism,0.0073706083472763,False,0.0,100.0,100.0
Dexibuprofen,I26,pulmonary embolism,0.041086686891397,False,0.0,75.0,100.0
Conestat alfa,I26,pulmonary embolism,0.000452219791123,False,0.0,100.0,100.0
Bemiparin,I26,pulmonary embolism,0.0127006939681155,False,34.0,100.0,100.0
Kappadione,I26,pulmonary embolism,0.0009212893516242,False,0.0,100.0,100.0
Antithrombin Alfa,I26,pulmonary embolism,0.0031066193069598,False,9.0,100.0,100.0
Thrombin,I26,pulmonary embolism,4.062370198764227e-10,False,903.0,100.0,100.0
Prothrombin,I26,pulmonary embolism,4.709337962007511e-07,False,875.0,100.0,100.0
Human Thrombin,I26,pulmonary embolism,9.675907587559703e-11,False,715.0,100.0,100.0
Thrombin Alfa,I26,pulmonary embolism,9.675907587559703e-11,False,0.0,100.0,100.0
Betrixaban,I26,pulmonary embolism,0.0127006939681155,False,37.0,100.0,100.0
Nafamostat,I26,pulmonary embolism,0.041086686891397,False,7.0,50.0,100.0
Protein S human,I26,pulmonary embolism,0.0073706083472763,False,312.0,100.0,100.0
Anti-inhibitor coagulant complex,I26,pulmonary embolism,2.0846904293920903e-10,False,4.0,100.0,100.0
Coagulation Factor IX Human,I26,pulmonary embolism,0.000452219791123,False,44.0,100.0,100.0
Drotrecogin alfa,I27,pulmonary heart diseases,0.0012350634953863,False,0.0,100.0,0.0
Coagulation Factor IX (Recombinant),I27,pulmonary heart diseases,0.0245355268628297,False,0.0,50.0,0.0
Sucralfate,I27,pulmonary heart diseases,0.0190258577368773,False,0.0,0.0,100.0
Thrombomodulin Alfa,I27,pulmonary heart diseases,0.002305821336832,False,0.0,100.0,0.0
Human C1-esterase inhibitor,I27,pulmonary heart diseases,0.0245355268628297,False,0.0,50.0,0.0
Conestat alfa,I27,pulmonary heart diseases,0.0245355268628297,False,0.0,50.0,0.0
Thrombin,I27,pulmonary heart diseases,6.223681916563182e-06,False,133.0,100.0,100.0
Human Thrombin,I27,pulmonary heart diseases,2.4318361661233105e-06,False,99.0,100.0,100.0
Thrombin Alfa,I27,pulmonary heart diseases,2.4318361661233105e-06,False,0.0,100.0,100.0
Anti-inhibitor coagulant complex,I27,pulmonary heart diseases,0.0005730540006402,False,0.0,50.0,0.0
Coagulation Factor IX Human,I27,pulmonary heart diseases,0.0245355268628297,False,10.0,50.0,0.0
Collagenase clostridium histolyticum,I35,nonrheumatic aortic valve disorders,0.0212475057418352,False,0.0,100.0,100.0
Ziprasidone,I45,conduction disorders,0.0024193171580726,False,84.0,0.0,0.0
Cabergoline,I45,conduction disorders,0.0007334339856528,False,0.0,0.0,0.0
Ropinirole,I45,conduction disorders,0.0003489678906739,False,1.0,0.0,0.0
Olanzapine,I45,conduction disorders,0.0065858625429799,False,93.0,0.0,0.0
Clozapine,I45,conduction disorders,0.0060800714056621,False,98.0,0.0,0.0
Mirtazapine,I45,conduction disorders,0.0254577634561709,False,22.0,0.0,0.0
Sulpiride,I45,conduction disorders,0.0327913754875279,False,35.0,0.0,0.0
Loxapine,I45,conduction disorders,0.0029740977861368,False,11.0,0.0,0.0
Remoxipride,I45,conduction disorders,4.499314611232695e-06,False,0.0,0.0,0.0
Pramipexole,I45,conduction disorders,0.0002760704555827,False,1.0,0.0,0.0
Promazine,I45,conduction disorders,0.0146198835001421,False,6.0,0.0,0.0
Chlorpromazine,I45,conduction disorders,1.9649599530277773e-06,False,87.0,0.0,0.0
Haloperidol,I45,conduction disorders,0.0128173189442169,False,208.0,0.0,0.0
Cinchocaine,I45,conduction disorders,0.0219375654720698,False,6.0,0.0,0.0
Amoxapine,I45,conduction disorders,0.0010011303336415,False,7.0,0.0,0.0
Lisuride,I45,conduction disorders,0.0003489678906739,False,2.0,0.0,0.0
Fluphenazine,I45,conduction disorders,0.0028930554603636,False,13.0,0.0,0.0
Thioridazine,I45,conduction disorders,0.0046024920756659,False,119.0,0.0,0.0
Apomorphine,I45,conduction disorders,0.0002760704555827,False,3.0,0.0,0.0
Risperidone,I45,conduction disorders,0.000517592965459,False,101.0,0.0,0.0
Propiomazine,I45,conduction disorders,0.0068471264857776,False,2.0,0.0,0.0
Mesoridazine,I45,conduction disorders,0.0129936586632909,False,11.0,0.0,0.0
Dopamine,I45,conduction disorders,0.0336877723922002,False,313.0,0.0,0.0
Promethazine,I45,conduction disorders,0.0081822764488979,False,29.0,0.0,0.0
Pimozide,I45,conduction disorders,9.228915682635537e-05,False,30.0,0.0,0.0
Doxepin,I45,conduction disorders,0.042821437037304,False,30.0,0.0,0.0
Pergolide,I45,conduction disorders,0.000517592965459,False,3.0,0.0,0.0
Flecainide,I45,conduction disorders,0.0327913754875279,False,1066.0,0.0,0.0
Bromocriptine,I45,conduction disorders,0.0007334339856528,False,13.0,0.0,0.0
Quetiapine,I45,conduction disorders,0.0029740977861368,False,107.0,0.0,0.0
Levodopa,I45,conduction disorders,0.0036922540882095,False,30.0,0.0,0.0
Aripiprazole,I45,conduction disorders,0.002192073384914,False,38.0,0.0,0.0
Chlorprothixene,I45,conduction disorders,0.0056704737984949,False,7.0,0.0,0.0
Bepridil,I45,conduction disorders,0.0046024920756659,False,94.0,0.0,0.0
Paliperidone,I45,conduction disorders,0.0004270831984841,False,14.0,0.0,0.0
Yohimbine,I45,conduction disorders,0.0068471264857776,False,152.0,0.0,0.0
Methotrimeprazine,I45,conduction disorders,0.0008618290090157,False,5.0,0.0,0.0
Aprindine,I45,conduction disorders,0.0219375654720698,False,107.0,0.0,0.0
Molindone,I45,conduction disorders,0.0219375654720698,False,1.0,0.0,0.0
Fluspirilene,I45,conduction disorders,0.0129936586632909,False,0.0,0.0,0.0
Flibanserin,I45,conduction disorders,0.0219375654720698,False,0.0,0.0,0.0
Iloperidone,I45,conduction disorders,0.0003489678906739,False,10.0,0.0,0.0
Rotigotine,I45,conduction disorders,0.0028930554603636,False,0.0,0.0,0.0
Pimavanserin,I45,conduction disorders,0.005461194030416,False,0.0,0.0,0.0
Cariprazine,I45,conduction disorders,0.0015991443821356,False,1.0,0.0,0.0
Sertindole,I45,conduction disorders,0.0028930554603636,False,36.0,0.0,0.0
Mianserin,I45,conduction disorders,0.0254577634561709,False,26.0,0.0,0.0
Asenapine,I45,conduction disorders,0.0011465122753036,False,3.0,0.0,0.0
Vernakalant,I45,conduction disorders,0.0327913754875279,False,14.0,0.0,0.0
Amisulpride,I45,conduction disorders,0.0001837653929164,False,30.0,0.0,0.0
Perospirone,I45,conduction disorders,0.0028930554603636,False,2.0,0.0,0.0
Blonanserin,I45,conduction disorders,0.000396362025693,False,2.0,0.0,0.0
Pipamperone,I45,conduction disorders,1.6926222388210966e-05,False,4.0,0.0,0.0
Calcium Citrate,I45,conduction disorders,0.0007683587824582,False,7.0,0.0,0.0
Dihydro-alpha-ergocryptine,I45,conduction disorders,0.0219375654720698,False,0.0,0.0,0.0
Calcium Phosphate,I45,conduction disorders,0.0011335609024078,False,4.0,0.0,0.0
Isavuconazole,I45,conduction disorders,0.0008618290090157,False,4.0,0.0,0.0
Tiapride,I45,conduction disorders,0.0327913754875279,False,2.0,0.0,0.0
Aripiprazole lauroxil,I45,conduction disorders,0.002192073384914,False,0.0,0.0,0.0
Betaxolol,I46,cardiac arrest,0.0115651623342518,False,2.0,50.0,75.0
Midodrine,I46,cardiac arrest,0.0001336878114405,False,5.0,100.0,100.0
Bethanidine,I46,cardiac arrest,0.0066737629349389,False,3.0,50.0,75.0
Isoetarine,I46,cardiac arrest,0.0028362007872037,False,1.0,50.0,75.0
Ziprasidone,I46,cardiac arrest,1.3795622554678849e-05,False,16.0,50.0,100.0
Cabergoline,I46,cardiac arrest,3.647111908999701e-12,False,1.0,100.0,100.0
Metoprolol,I46,cardiac arrest,0.023203262455166,False,144.0,50.0,75.0
Ropinirole,I46,cardiac arrest,0.004101761820676,False,0.0,50.0,75.0
Dapiprazole,I46,cardiac arrest,1.813760990513724e-05,False,1.0,100.0,100.0
Amitriptyline,I46,cardiac arrest,9.698109546037356e-05,False,59.0,100.0,100.0
Olanzapine,I46,cardiac arrest,1.355143827822012e-06,False,40.0,50.0,100.0
Atenolol,I46,cardiac arrest,0.0066737629349389,False,75.0,50.0,75.0
Alfuzosin,I46,cardiac arrest,3.8219935781944897e-07,False,0.0,100.0,100.0
Clozapine,I46,cardiac arrest,5.254265989445798e-05,False,43.0,50.0,100.0
Norepinephrine,I46,cardiac arrest,7.772048278752484e-15,False,637.0,100.0,100.0
Mirtazapine,I46,cardiac arrest,4.915399382654284e-06,False,11.0,100.0,100.0
Timolol,I46,cardiac arrest,0.023203262455166,False,18.0,50.0,50.0
Phenylephrine,I46,cardiac arrest,0.0001336878114405,False,118.0,100.0,100.0
Phenylpropanolamine,I46,cardiac arrest,0.000241625335695,False,24.0,50.0,75.0
Loxapine,I46,cardiac arrest,3.36065263927246e-07,False,2.0,100.0,100.0
Pramipexole,I46,cardiac arrest,0.0035058920389023,False,0.0,50.0,75.0
Promazine,I46,cardiac arrest,0.0054101363338727,False,3.0,50.0,100.0
Dipivefrin,I46,cardiac arrest,0.0001336878114405,False,0.0,100.0,100.0
Prazosin,I46,cardiac arrest,3.913972891653812e-09,False,23.0,100.0,100.0
Imipramine,I46,cardiac arrest,0.0014868883916653,False,41.0,50.0,100.0
Chlorpromazine,I46,cardiac arrest,0.0005537800031178,False,36.0,50.0,100.0
Brimonidine,I46,cardiac arrest,6.130859028305939e-05,False,3.0,100.0,100.0
Sotalol,I46,cardiac arrest,1.813760990513724e-05,False,170.0,100.0,100.0
Carteolol,I46,cardiac arrest,0.0066737629349389,False,1.0,50.0,100.0
Nortriptyline,I46,cardiac arrest,1.3795622554678849e-05,False,19.0,100.0,100.0
Lamotrigine,I46,cardiac arrest,0.0061556092126305,False,38.0,50.0,75.0
Propranolol,I46,cardiac arrest,0.0030058397912836,False,362.0,50.0,100.0
Clonidine,I46,cardiac arrest,5.740690427859795e-09,False,39.0,100.0,100.0
Lisuride,I46,cardiac arrest,0.004101761820676,False,0.0,50.0,75.0
Doxazosin,I46,cardiac arrest,9.78875477115604e-06,False,3.0,100.0,100.0
Labetalol,I46,cardiac arrest,0.0001336878114405,False,22.0,100.0,100.0
Bisoprolol,I46,cardiac arrest,0.0115651623342518,False,48.0,50.0,75.0
Nicardipine,I46,cardiac arrest,0.0095504410407877,False,26.0,50.0,100.0
Guanabenz,I46,cardiac arrest,0.0066737629349389,False,0.0,50.0,75.0
Verapamil,I46,cardiac arrest,5.797775722931541e-05,False,308.0,100.0,100.0
Epinephrine,I46,cardiac arrest,1.1720108059667666e-17,False,3003.0,100.0,100.0
Thioridazine,I46,cardiac arrest,0.0017044728521929,False,36.0,50.0,75.0
Phentolamine,I46,cardiac arrest,9.32270313932794e-08,False,39.0,100.0,100.0
Ergotamine,I46,cardiac arrest,1.2413573584581044e-06,False,9.0,100.0,100.0
Tizanidine,I46,cardiac arrest,0.0001336878114405,False,1.0,100.0,100.0
Tamsulosin,I46,cardiac arrest,0.000241625335695,False,0.0,50.0,100.0
Apomorphine,I46,cardiac arrest,0.0035058920389023,False,6.0,50.0,75.0
Methoxamine,I46,cardiac arrest,1.813760990513724e-05,False,32.0,100.0,100.0
Trimipramine,I46,cardiac arrest,4.1077551302740376e-06,False,0.0,100.0,100.0
Risperidone,I46,cardiac arrest,1.628804186082049e-06,False,37.0,50.0,100.0
Propiomazine,I46,cardiac arrest,0.0025255954755286,False,0.0,50.0,100.0
Tolazoline,I46,cardiac arrest,1.0014460499131046e-06,False,6.0,100.0,100.0
Fenoldopam,I46,cardiac arrest,7.302166146195914e-11,False,1.0,100.0,100.0
Dobutamine,I46,cardiac arrest,3.8219935781944897e-07,False,229.0,100.0,100.0
Pseudoephedrine,I46,cardiac arrest,2.3547832270786394e-07,False,3.0,100.0,100.0
Benzphetamine,I46,cardiac arrest,0.030360167774933,False,0.0,50.0,75.0
Alprenolol,I46,cardiac arrest,0.0001336878114405,False,6.0,100.0,100.0
Terbutaline,I46,cardiac arrest,6.130859028305939e-05,False,14.0,100.0,100.0
Quinidine,I46,cardiac arrest,7.2701946694778895e-06,False,197.0,50.0,100.0
Phenoxybenzamine,I46,cardiac arrest,6.087918962692146e-12,False,25.0,100.0,100.0
Oxymetazoline,I46,cardiac arrest,4.024283749448392e-12,False,0.0,100.0,100.0
Salmeterol,I46,cardiac arrest,0.0003901852864458,False,1.0,50.0,100.0
Pindolol,I46,cardiac arrest,0.000241625335695,False,7.0,50.0,100.0
Apraclonidine,I46,cardiac arrest,1.813760990513724e-05,False,0.0,100.0,100.0
Formoterol,I46,cardiac arrest,0.0003901852864458,False,2.0,50.0,100.0
Salbutamol,I46,cardiac arrest,6.130859028305939e-05,False,29.0,100.0,100.0
Guanfacine,I46,cardiac arrest,0.0169929246518341,False,3.0,50.0,50.0
Ergoloid mesylate,I46,cardiac arrest,0.0169929246518341,False,1.0,50.0,75.0
Isoprenaline,I46,cardiac arrest,0.0010521689399422,False,415.0,50.0,100.0
Arbutamine,I46,cardiac arrest,1.813760990513724e-05,False,0.0,100.0,100.0
Carvedilol,I46,cardiac arrest,2.645825794805658e-13,False,63.0,100.0,100.0
Doxepin,I46,cardiac arrest,3.350372957528212e-09,False,7.0,100.0,100.0
Nefazodone,I46,cardiac arrest,6.391817362776656e-05,False,1.0,100.0,100.0
Desipramine,I46,cardiac arrest,0.0007709900987095,False,11.0,50.0,100.0
Terazosin,I46,cardiac arrest,2.1386376102946243e-06,False,1.0,100.0,100.0
Propafenone,I46,cardiac arrest,9.78875477115604e-06,False,67.0,100.0,100.0
Pergolide,I46,cardiac arrest,1.6661728327471947e-08,False,0.0,100.0,100.0
Acebutolol,I46,cardiac arrest,0.0169929246518341,False,7.0,50.0,75.0
Flecainide,I46,cardiac arrest,0.0169929246518341,False,219.0,50.0,75.0
Bromocriptine,I46,cardiac arrest,3.0465294803072556e-08,False,13.0,100.0,100.0
Nadolol,I46,cardiac arrest,0.0066737629349389,False,34.0,50.0,75.0
Levobunolol,I46,cardiac arrest,0.0028362007872037,False,1.0,50.0,75.0
Metipranolol,I46,cardiac arrest,0.0028362007872037,False,1.0,50.0,75.0
Quetiapine,I46,cardiac arrest,3.36065263927246e-07,False,25.0,50.0,100.0
Aripiprazole,I46,cardiac arrest,1.1853794735428335e-05,False,13.0,50.0,100.0
Paliperidone,I46,cardiac arrest,1.2413573584581044e-06,False,0.0,100.0,100.0
Fenoterol,I46,cardiac arrest,1.813760990513724e-05,False,4.0,100.0,100.0
Pirbuterol,I46,cardiac arrest,0.0028362007872037,False,0.0,50.0,75.0
Bevantolol,I46,cardiac arrest,1.813760990513724e-05,False,0.0,100.0,100.0
Penbutolol,I46,cardiac arrest,0.0169929246518341,False,0.0,50.0,75.0
Ephedra,I46,cardiac arrest,1.5764858278701e-09,False,8.0,100.0,100.0
Mephentermine,I46,cardiac arrest,0.0028362007872037,False,5.0,50.0,75.0
Yohimbine,I46,cardiac arrest,0.0025255954755286,False,37.0,50.0,75.0
Methotrimeprazine,I46,cardiac arrest,3.9309775785739635e-08,False,6.0,100.0,100.0
Clenbuterol,I46,cardiac arrest,2.1386376102946243e-06,False,3.0,100.0,100.0
Dextroamphetamine,I46,cardiac arrest,0.030360167774933,False,3.0,50.0,100.0
Methamphetamine,I46,cardiac arrest,0.0025255954755286,False,50.0,50.0,100.0
Phendimetrazine,I46,cardiac arrest,0.0066737629349389,False,1.0,50.0,100.0
Oxprenolol,I46,cardiac arrest,0.0001336878114405,False,7.0,100.0,100.0
Propericiazine,I46,cardiac arrest,0.0115651623342518,False,1.0,50.0,75.0
Acepromazine,I46,cardiac arrest,0.0376070176320357,False,13.0,50.0,100.0
Thioproperazine,I46,cardiac arrest,0.0376070176320357,False,1.0,50.0,100.0
Zuclopenthixol,I46,cardiac arrest,0.0376070176320357,False,1.0,50.0,100.0
Celiprolol,I46,cardiac arrest,2.1023400346558268e-11,False,0.0,100.0,100.0
Dronedarone,I46,cardiac arrest,5.055915893791736e-12,False,14.0,100.0,100.0
Nebivolol,I46,cardiac arrest,0.0066737629349389,False,7.0,50.0,100.0
Sertindole,I46,cardiac arrest,9.78875477115604e-06,False,7.0,100.0,100.0
Mianserin,I46,cardiac arrest,0.0002839572971785,False,4.0,50.0,100.0
Pizotifen,I46,cardiac arrest,8.332913303045755e-09,False,0.0,100.0,100.0
Silodosin,I46,cardiac arrest,0.0003901852864458,False,0.0,50.0,75.0
Asenapine,I46,cardiac arrest,6.573072783725253e-08,False,0.0,100.0,100.0
Vernakalant,I46,cardiac arrest,0.0169929246518341,False,4.0,50.0,75.0
Droxidopa,I46,cardiac arrest,8.446706576241754e-17,False,0.0,100.0,100.0
Xylometazoline,I46,cardiac arrest,4.024283749448392e-12,False,2.0,100.0,100.0
Naphazoline,I46,cardiac arrest,0.0028362007872037,False,1.0,50.0,75.0
Bopindolol,I46,cardiac arrest,0.0001336878114405,False,0.0,100.0,100.0
Bupranolol,I46,cardiac arrest,1.813760990513724e-05,False,0.0,100.0,100.0
Lurasidone,I46,cardiac arrest,0.030360167774933,False,0.0,50.0,75.0
Brexpiprazole,I46,cardiac arrest,0.030360167774933,False,0.0,50.0,75.0
Lorpiprazole,I46,cardiac arrest,0.0456587657592372,False,0.0,100.0,100.0
Pipamperone,I46,cardiac arrest,0.0376070176320357,False,0.0,50.0,75.0
Racepinephrine,I46,cardiac arrest,2.1043380362299668e-19,False,1.0,100.0,100.0
Dihydroergocornine,I46,cardiac arrest,0.0066737629349389,False,0.0,50.0,75.0
DL-Methylephedrine,I46,cardiac arrest,1.813760990513724e-05,False,0.0,100.0,100.0
Tiapride,I46,cardiac arrest,0.0169929246518341,False,0.0,50.0,75.0
Dihydroergocristine,I46,cardiac arrest,0.0115651623342518,False,0.0,50.0,75.0
Aripiprazole lauroxil,I46,cardiac arrest,1.1853794735428335e-05,False,0.0,50.0,100.0
Ziprasidone,I47,paroxysmal tachycardia,0.0354844102254099,False,0.0,0.0,50.0
Cabergoline,I47,paroxysmal tachycardia,0.0153193597464023,False,0.0,100.0,100.0
Ropinirole,I47,paroxysmal tachycardia,0.0091084969141213,False,0.0,100.0,50.0
Theophylline,I47,paroxysmal tachycardia,0.020929046037038,False,18.0,0.0,0.0
Mirtazapine,I47,paroxysmal tachycardia,0.020929046037038,False,0.0,0.0,100.0
Loxapine,I47,paroxysmal tachycardia,0.0410733773654466,False,1.0,0.0,50.0
Remoxipride,I47,paroxysmal tachycardia,0.0390090874190526,False,0.0,100.0,0.0
Pramipexole,I47,paroxysmal tachycardia,0.0078904411887184,False,0.0,100.0,100.0
Promazine,I47,paroxysmal tachycardia,0.0120781341420889,False,1.0,0.0,50.0
Imipramine,I47,paroxysmal tachycardia,0.0042932395694924,False,3.0,100.0,100.0
Chlorpromazine,I47,paroxysmal tachycardia,5.467628562028684e-05,False,7.0,100.0,100.0
Cinchocaine,I47,paroxysmal tachycardia,0.0193466983197535,False,0.0,0.0,100.0
Nortriptyline,I47,paroxysmal tachycardia,0.0354844102254099,False,0.0,0.0,100.0
Amoxapine,I47,paroxysmal tachycardia,0.0189465297937893,False,0.0,100.0,50.0
Lamotrigine,I47,paroxysmal tachycardia,0.000469266450434,False,1.0,100.0,100.0
Cinnarizine,I47,paroxysmal tachycardia,0.0091084969141213,False,0.0,100.0,100.0
Fenfluramine,I47,paroxysmal tachycardia,0.0287316299925518,False,0.0,0.0,0.0
Lisuride,I47,paroxysmal tachycardia,0.0091084969141213,False,0.0,100.0,50.0
Nicardipine,I47,paroxysmal tachycardia,0.020929046037038,False,0.0,100.0,50.0
Fluphenazine,I47,paroxysmal tachycardia,3.2730911412395546e-05,False,0.0,100.0,100.0
Adenosine,I47,paroxysmal tachycardia,7.0138872218615435e-06,True,353.0,100.0,100.0
Verapamil,I47,paroxysmal tachycardia,0.0050531947080625,False,407.0,100.0,100.0
Thioridazine,I47,paroxysmal tachycardia,0.0037847661356597,False,1.0,0.0,100.0
Ergotamine,I47,paroxysmal tachycardia,0.010461268119788,False,1.0,0.0,50.0
Apomorphine,I47,paroxysmal tachycardia,0.0078904411887184,False,0.0,100.0,50.0
Trimipramine,I47,paroxysmal tachycardia,0.0189465297937893,False,0.0,0.0,100.0
Risperidone,I47,paroxysmal tachycardia,0.0120781341420889,False,0.0,100.0,50.0
Propiomazine,I47,paroxysmal tachycardia,0.0055919795005234,False,0.0,0.0,50.0
Minaprine,I47,paroxysmal tachycardia,0.0023602281477572,False,0.0,0.0,50.0
Enprofylline,I47,paroxysmal tachycardia,3.4094053256517165e-06,False,0.0,100.0,100.0
Mesoridazine,I47,paroxysmal tachycardia,0.0113850772941705,False,0.0,0.0,50.0
Maprotiline,I47,paroxysmal tachycardia,0.0078904411887184,False,0.0,0.0,50.0
Felodipine,I47,paroxysmal tachycardia,0.0136693742235086,False,0.0,100.0,50.0
Promethazine,I47,paroxysmal tachycardia,0.0066737629349389,False,0.0,100.0,50.0
Pimozide,I47,paroxysmal tachycardia,0.0037847661356597,False,0.0,100.0,100.0
Nifedipine,I47,paroxysmal tachycardia,0.0189465297937893,False,11.0,100.0,50.0
Doxepin,I47,paroxysmal tachycardia,0.0018626113450489,False,0.0,0.0,50.0
Nefazodone,I47,paroxysmal tachycardia,0.0078904411887184,False,0.0,0.0,50.0
Desipramine,I47,paroxysmal tachycardia,0.0410733773654466,False,2.0,0.0,100.0
Pergolide,I47,paroxysmal tachycardia,0.0120781341420889,False,0.0,100.0,50.0
Flecainide,I47,paroxysmal tachycardia,0.0287316299925518,True,125.0,0.0,100.0
Bromocriptine,I47,paroxysmal tachycardia,0.0153193597464023,False,9.0,100.0,50.0
Quetiapine,I47,paroxysmal tachycardia,0.0410733773654466,False,1.0,100.0,50.0
Aripiprazole,I47,paroxysmal tachycardia,0.0328496557303649,False,2.0,0.0,50.0
Chlorprothixene,I47,paroxysmal tachycardia,0.0046300356660496,False,1.0,100.0,50.0
Paliperidone,I47,paroxysmal tachycardia,0.010461268119788,False,0.0,100.0,50.0
Yohimbine,I47,paroxysmal tachycardia,0.0055919795005234,False,16.0,100.0,50.0
Methotrimeprazine,I47,paroxysmal tachycardia,0.0169929246518341,False,0.0,100.0,50.0
Theobromine,I47,paroxysmal tachycardia,0.0287316299925518,False,1.0,0.0,0.0
Aprindine,I47,paroxysmal tachycardia,0.0193466983197535,False,22.0,0.0,50.0
Molindone,I47,paroxysmal tachycardia,0.0193466983197535,False,0.0,0.0,50.0
Fluspirilene,I47,paroxysmal tachycardia,0.0113850772941705,False,0.0,0.0,50.0
Dronedarone,I47,paroxysmal tachycardia,0.0169929246518341,False,2.0,100.0,100.0
Defibrotide,I47,paroxysmal tachycardia,4.504922834202801e-05,False,0.0,100.0,100.0
Pimavanserin,I47,paroxysmal tachycardia,0.0047440578357424,False,0.0,0.0,100.0
Sertindole,I47,paroxysmal tachycardia,3.2730911412395546e-05,False,0.0,100.0,100.0
Mianserin,I47,paroxysmal tachycardia,0.020929046037038,False,0.0,100.0,0.0
Asenapine,I47,paroxysmal tachycardia,0.020929046037038,False,0.0,100.0,100.0
Vernakalant,I47,paroxysmal tachycardia,0.0287316299925518,False,1.0,0.0,50.0
Amisulpride,I47,paroxysmal tachycardia,0.0193466983197535,False,0.0,100.0,50.0
Blonanserin,I47,paroxysmal tachycardia,0.0287316299925518,False,0.0,100.0,50.0
Levamlodipine,I47,paroxysmal tachycardia,0.0193466983197535,False,0.0,100.0,100.0
Calcium Citrate,I47,paroxysmal tachycardia,0.0089004368674726,False,0.0,100.0,50.0
Calcium Phosphate,I47,paroxysmal tachycardia,0.0121266424287296,False,0.0,100.0,50.0
Isavuconazole,I47,paroxysmal tachycardia,0.0169929246518341,False,0.0,0.0,100.0
Aripiprazole lauroxil,I47,paroxysmal tachycardia,0.0328496557303649,False,0.0,0.0,50.0
Hexylcaine,I48,atrial fibrillation and flutter,0.0297224133324692,False,0.0,66.66666666666667,0.0
Vernakalant,I48,atrial fibrillation and flutter,0.005376672435133,False,210.0,100.0,0.0
Succinylcholine,I49,cardiac arrhythmias,0.0060501231647929,False,392.0,0.0,100.0
Isoetarine,I49,cardiac arrhythmias,0.0223520897680099,False,5.0,0.0,100.0
Ziprasidone,I49,cardiac arrhythmias,0.0036535544953466,False,106.0,0.0,100.0
Phenytoin,I49,cardiac arrhythmias,0.0005303393418616,False,788.0,0.0,100.0
Metoprolol,I49,cardiac arrhythmias,0.0060501231647929,False,950.0,0.0,100.0
Isradipine,I49,cardiac arrhythmias,0.0135155532404903,False,23.0,0.0,100.0
Disopyramide,I49,cardiac arrhythmias,1.108677808036281e-06,False,1071.0,0.0,100.0
Lidocaine,I49,cardiac arrhythmias,0.0005303393418616,False,3258.0,0.0,100.0
Amitriptyline,I49,cardiac arrhythmias,1.3761845743634093e-05,False,253.0,0.0,100.0
Ipratropium,I49,cardiac arrhythmias,0.0093205163659703,False,43.0,0.0,100.0
Olanzapine,I49,cardiac arrhythmias,0.000100617694957,False,130.0,0.0,100.0
Atenolol,I49,cardiac arrhythmias,0.000571936444266,False,544.0,0.0,100.0
Metixene,I49,cardiac arrhythmias,1.7383050452309297e-07,False,0.0,0.0,100.0
Terfenadine,I49,cardiac arrhythmias,9.883435065151437e-08,False,274.0,0.0,100.0
Clozapine,I49,cardiac arrhythmias,0.0011465122753036,False,0.0,0.0,100.0
Timolol,I49,cardiac arrhythmias,0.0060501231647929,False,146.0,0.0,100.0
Trihexyphenidyl,I49,cardiac arrhythmias,1.7383050452309297e-07,False,4.0,0.0,100.0
Amlodipine,I49,cardiac arrhythmias,0.0126379338388592,False,110.0,0.0,100.0
Oxyphencyclimine,I49,cardiac arrhythmias,0.000571936444266,False,0.0,0.0,100.0
Procyclidine,I49,cardiac arrhythmias,1.0326843482188925e-05,False,0.0,0.0,100.0
Nimodipine,I49,cardiac arrhythmias,0.0018820540997838,False,33.0,0.0,100.0
Nisoldipine,I49,cardiac arrhythmias,0.0009582503062546,False,28.0,0.0,100.0
Loxapine,I49,cardiac arrhythmias,0.0003787810739608,False,20.0,0.0,100.0
Carbachol,I49,cardiac arrhythmias,0.000221494831896,False,167.0,0.0,100.0
Promazine,I49,cardiac arrhythmias,0.0005303393418616,False,20.0,0.0,100.0
Hyoscyamine,I49,cardiac arrhythmias,1.0326843482188925e-05,False,9.0,0.0,100.0
Cyproheptadine,I49,cardiac arrhythmias,0.0135155532404903,False,0.0,0.0,100.0
Imipramine,I49,cardiac arrhythmias,4.168852921466464e-06,False,226.0,0.0,100.0
Methylscopolamine bromide,I49,cardiac arrhythmias,0.000571936444266,False,10.0,0.0,100.0
Hexylcaine,I49,cardiac arrhythmias,0.0223520897680099,False,0.0,0.0,100.0
Chlorpromazine,I49,cardiac arrhythmias,0.0032097666911946,False,168.0,0.0,100.0
Gallamine Triethiodide,I49,cardiac arrhythmias,0.0035058920389023,False,38.0,0.0,100.0
Sotalol,I49,cardiac arrhythmias,0.000571936444266,False,1895.0,0.0,100.0
Darifenacin,I49,cardiac arrhythmias,2.571666278898279e-06,False,5.0,0.0,100.0
Triflupromazine,I49,cardiac arrhythmias,0.0093205163659703,False,4.0,0.0,100.0
Anisotropine Methylbromide,I49,cardiac arrhythmias,0.000571936444266,False,0.0,0.0,100.0
Cinchocaine,I49,cardiac arrhythmias,0.0017281514848839,False,11.0,0.0,100.0
Nortriptyline,I49,cardiac arrhythmias,0.0002660289205032,False,79.0,0.0,100.0
Lamotrigine,I49,cardiac arrhythmias,0.0107031099182555,False,67.0,0.0,100.0
Cinnarizine,I49,cardiac arrhythmias,0.0003197888091431,False,5.0,0.0,100.0
Atropine,I49,cardiac arrhythmias,1.1683385865036586e-05,False,3094.0,0.0,100.0
Nicardipine,I49,cardiac arrhythmias,2.771782363990235e-09,False,71.0,0.0,100.0
Astemizole,I49,cardiac arrhythmias,0.0238012724371897,False,139.0,0.0,100.0
Verapamil,I49,cardiac arrhythmias,0.000100617694957,False,2947.0,0.0,100.0
Paroxetine,I49,cardiac arrhythmias,3.1426437492258253e-06,False,55.0,0.0,100.0
Homatropine Methylbromide,I49,cardiac arrhythmias,1.7383050452309297e-07,False,5.0,0.0,100.0
Scopolamine,I49,cardiac arrhythmias,1.371110013347882e-07,False,132.0,0.0,100.0
Propiomazine,I49,cardiac arrhythmias,0.0001238555164784,False,3.0,0.0,100.0
Cryptenamine,I49,cardiac arrhythmias,1.7383050452309297e-07,False,4.0,0.0,100.0
Tropicamide,I49,cardiac arrhythmias,1.0326843482188925e-05,False,8.0,0.0,100.0
Brompheniramine,I49,cardiac arrhythmias,8.597154049140574e-05,False,7.0,0.0,100.0
Cocaine,I49,cardiac arrhythmias,0.0003197888091431,False,432.0,0.0,100.0
Zonisamide,I49,cardiac arrhythmias,8.084609586775588e-08,False,6.0,0.0,100.0
Maprotiline,I49,cardiac arrhythmias,0.0002384399316183,False,41.0,0.0,100.0
Glycopyrronium,I49,cardiac arrhythmias,0.000571936444266,False,148.0,0.0,100.0
Bethanechol,I49,cardiac arrhythmias,1.0326843482188925e-05,False,11.0,0.0,100.0
Felodipine,I49,cardiac arrhythmias,0.0006722007693883,False,22.0,0.0,100.0
Tolterodine,I49,cardiac arrhythmias,1.1683385865036586e-05,False,10.0,0.0,100.0
Nitrendipine,I49,cardiac arrhythmias,0.0018820540997838,False,37.0,0.0,100.0
Oxybutynin,I49,cardiac arrhythmias,0.0093205163659703,False,5.0,0.0,100.0
Promethazine,I49,cardiac arrhythmias,9.883435065151437e-08,False,60.0,0.0,100.0
Pilocarpine,I49,cardiac arrhythmias,0.000221494831896,False,36.0,0.0,100.0
Pimozide,I49,cardiac arrhythmias,0.03775059933262,False,45.0,0.0,100.0
Nifedipine,I49,cardiac arrhythmias,0.0012170439125001,False,534.0,0.0,100.0
Carvedilol,I49,cardiac arrhythmias,0.0023885377928703,False,276.0,0.0,100.0
Doxepin,I49,cardiac arrhythmias,1.3487471622420674e-05,False,53.0,0.0,100.0
Flavoxate,I49,cardiac arrhythmias,0.0223520897680099,False,1.0,0.0,100.0
Desipramine,I49,cardiac arrhythmias,9.411927920253174e-07,False,119.0,0.0,100.0
Propafenone,I49,cardiac arrhythmias,2.1166968741403197e-05,False,1294.0,0.0,100.0
Acebutolol,I49,cardiac arrhythmias,0.0035058920389023,False,101.0,0.0,100.0
Flecainide,I49,cardiac arrhythmias,0.0035058920389023,False,2072.0,0.0,100.0
Nadolol,I49,cardiac arrhythmias,0.000571936444266,False,210.0,0.0,100.0
Levobunolol,I49,cardiac arrhythmias,0.0223520897680099,False,9.0,0.0,100.0
Metipranolol,I49,cardiac arrhythmias,0.0223520897680099,False,12.0,0.0,100.0
Quetiapine,I49,cardiac arrhythmias,0.0003787810739608,False,135.0,0.0,100.0
Diphenidol,I49,cardiac arrhythmias,0.000571936444266,False,3.0,0.0,100.0
Aripiprazole,I49,cardiac arrhythmias,0.0032097666911946,False,55.0,0.0,100.0
Chlorprothixene,I49,cardiac arrhythmias,1.9246866889244043e-06,False,13.0,0.0,100.0
Bepridil,I49,cardiac arrhythmias,0.0018820540997838,False,204.0,0.0,100.0
Pirbuterol,I49,cardiac arrhythmias,0.0223520897680099,False,0.0,0.0,100.0
Methotrimeprazine,I49,cardiac arrhythmias,0.001013550785911,False,11.0,0.0,100.0
Tiotropium,I49,cardiac arrhythmias,1.1683385865036586e-05,False,16.0,0.0,100.0
Solifenacin,I49,cardiac arrhythmias,8.471632839166049e-07,False,9.0,0.0,100.0
Isopropamide,I49,cardiac arrhythmias,0.0223520897680099,False,0.0,0.0,100.0
Acetylcholine,I49,cardiac arrhythmias,0.0006383944041704,False,1088.0,0.0,100.0
Mepenzolate,I49,cardiac arrhythmias,0.0223520897680099,False,0.0,0.0,100.0
Dronedarone,I49,cardiac arrhythmias,4.8560932045922254e-08,False,503.0,0.0,100.0
Clevidipine,I49,cardiac arrhythmias,0.00135956872908,False,8.0,0.0,100.0
Vernakalant,I49,cardiac arrhythmias,4.2258458516735465e-05,False,187.0,0.0,100.0
Lacosamide,I49,cardiac arrhythmias,0.000571936444266,False,33.0,0.0,100.0
Fesoterodine,I49,cardiac arrhythmias,5.5085791814335554e-08,False,2.0,0.0,100.0
Nilvadipine,I49,cardiac arrhythmias,0.0458502670625731,False,1.0,0.0,100.0
Hexocyclium,I49,cardiac arrhythmias,1.0326843482188925e-05,False,0.0,0.0,100.0
Aclidinium,I49,cardiac arrhythmias,8.471632839166049e-07,False,5.0,0.0,100.0
Umeclidinium,I49,cardiac arrhythmias,1.6721823489706926e-08,False,1.0,0.0,100.0
Trimebutine,I49,cardiac arrhythmias,5.868703381905431e-06,False,3.0,0.0,100.0
Dosulepin,I49,cardiac arrhythmias,0.0002384399316183,False,21.0,0.0,100.0
Aranidipine,I49,cardiac arrhythmias,0.000394264908645,False,0.0,0.0,100.0
Imidafenacin,I49,cardiac arrhythmias,0.0093205163659703,False,0.0,0.0,100.0
Butylscopolamine,I49,cardiac arrhythmias,0.0223520897680099,False,21.0,0.0,100.0
Calcium Citrate,I49,cardiac arrhythmias,0.0030372712777765,False,31.0,0.0,100.0
Homatropine,I49,cardiac arrhythmias,8.471632839166049e-07,False,0.0,0.0,100.0
Thonzylamine,I49,cardiac arrhythmias,8.471632839166049e-07,False,0.0,0.0,100.0
Calcium Phosphate,I49,cardiac arrhythmias,0.0047147072853432,False,26.0,0.0,100.0
Isavuconazole,I49,cardiac arrhythmias,1.6810950770873311e-06,False,6.0,0.0,100.0
Propiverine,I49,cardiac arrhythmias,6.108294129672192e-07,False,1.0,0.0,100.0
Aripiprazole lauroxil,I49,cardiac arrhythmias,0.0032097666911946,False,0.0,0.0,100.0
Methyclothiazide,I50,heart failure,0.001188143261133,True,5.0,100.0,100.0
Cabergoline,I50,heart failure,0.024939064541657,False,36.0,100.0,66.66666666666667
Dapiprazole,I50,heart failure,0.0156037375820814,False,0.0,100.0,66.66666666666667
Norepinephrine,I50,heart failure,0.0019739577950751,False,4312.0,100.0,100.0
Nimodipine,I50,heart failure,0.0147243613919376,False,24.0,100.0,83.33333333333333
Bendroflumethiazide,I50,heart failure,0.0095667792747083,True,35.0,100.0,50.0
Benzthiazide,I50,heart failure,0.0003545075615237,False,9.0,100.0,100.0
Verapamil,I50,heart failure,0.0069782601544333,False,758.0,100.0,100.0
Epinephrine,I50,heart failure,0.0001246117732466,False,1741.0,100.0,100.0
Phentolamine,I50,heart failure,0.0441545696282603,True,246.0,100.0,66.66666666666667
Methoxamine,I50,heart failure,0.0156037375820814,False,64.0,100.0,66.66666666666667
Hydroflumethiazide,I50,heart failure,7.873293409658755e-05,True,8.0,100.0,100.0
Fenoldopam,I50,heart failure,0.0304075109105508,False,67.0,100.0,66.66666666666667
Pseudoephedrine,I50,heart failure,0.020799793708979,False,6.0,100.0,66.66666666666667
Terbutaline,I50,heart failure,0.0441545696282603,False,60.0,75.0,66.66666666666667
Chlorothiazide,I50,heart failure,0.0441545696282603,True,505.0,75.0,50.0
Phenoxybenzamine,I50,heart failure,0.0147243613919376,False,53.0,100.0,100.0
Oxymetazoline,I50,heart failure,0.0095667792747083,False,3.0,100.0,83.33333333333333
Salbutamol,I50,heart failure,0.0441545696282603,False,186.0,75.0,50.0
Trichlormethiazide,I50,heart failure,0.0003545075615237,True,19.0,100.0,100.0
Arbutamine,I50,heart failure,0.0156037375820814,False,2.0,100.0,66.66666666666667
Diazoxide,I50,heart failure,0.0181312958900031,False,77.0,75.0,33.333333333333336
Carvedilol,I50,heart failure,3.3345755549659655e-05,True,1829.0,100.0,100.0
Fenoterol,I50,heart failure,0.0156037375820814,False,36.0,100.0,66.66666666666667
Bevantolol,I50,heart failure,0.0156037375820814,False,1.0,100.0,66.66666666666667
Quinethazone,I50,heart failure,0.0041583680335953,False,11.0,100.0,100.0
Clenbuterol,I50,heart failure,0.0181312958900031,False,50.0,100.0,100.0
Amrinone,I50,heart failure,0.0156037375820814,True,848.0,100.0,66.66666666666667
Celiprolol,I50,heart failure,0.0181312958900031,False,32.0,100.0,83.33333333333333
Dronedarone,I50,heart failure,4.168852921466464e-06,False,159.0,100.0,100.0
Apremilast,I50,heart failure,0.0304075109105508,False,7.0,75.0,50.0
Droxidopa,I50,heart failure,0.0001442970441635,False,23.0,100.0,100.0
Xylometazoline,I50,heart failure,0.0095667792747083,False,1.0,100.0,83.33333333333333
Bupranolol,I50,heart failure,0.0156037375820814,False,10.0,100.0,66.66666666666667
Aranidipine,I50,heart failure,7.873293409658755e-05,False,0.0,100.0,100.0
Levamlodipine,I50,heart failure,0.0441545696282603,False,0.0,75.0,50.0
Sodium carbonate,I50,heart failure,0.0441545696282603,False,3.0,75.0,33.333333333333336
Rubidium Rb-82,I50,heart failure,0.0304075109105508,False,45.0,75.0,33.333333333333336
Foreskin keratinocyte (neonatal),I50,heart failure,0.0147243613919376,False,0.0,100.0,100.0
Racepinephrine,I50,heart failure,5.768099055241654e-06,False,3.0,100.0,100.0
Semaglutide,I50,heart failure,0.0304075109105508,False,332.0,75.0,50.0
Icosapent,I51,complications and ill-defined descriptions of heart disease,0.0277435694968966,False,1070.0,0.0,50.0
Citalopram,I51,complications and ill-defined descriptions of heart disease,0.0378108196529642,False,982.0,0.0,50.0
Mesalazine,I51,complications and ill-defined descriptions of heart disease,0.0381272478208958,False,1218.0,0.0,100.0
Ziprasidone,I51,complications and ill-defined descriptions of heart disease,0.0386728658117715,False,244.0,0.0,0.0
Cabergoline,I51,complications and ill-defined descriptions of heart disease,6.493587641816478e-05,False,623.0,100.0,100.0
Metoprolol,I51,complications and ill-defined descriptions of heart disease,0.0004877600919598,False,1329.0,100.0,100.0
Isradipine,I51,complications and ill-defined descriptions of heart disease,0.0027723915323842,False,142.0,100.0,100.0
Dapiprazole,I51,complications and ill-defined descriptions of heart disease,0.0185822512826027,False,4.0,100.0,75.0
Amitriptyline,I51,complications and ill-defined descriptions of heart disease,0.005568379390497,False,1115.0,0.0,50.0
Indomethacin,I51,complications and ill-defined descriptions of heart disease,0.0326643833172936,False,3690.0,0.0,25.0
Olanzapine,I51,complications and ill-defined descriptions of heart disease,0.0004256889346385,False,1404.0,100.0,50.0
Atenolol,I51,complications and ill-defined descriptions of heart disease,0.0185822512826027,False,1205.0,100.0,75.0
Clozapine,I51,complications and ill-defined descriptions of heart disease,0.0095587474010245,False,1581.0,0.0,50.0
Norepinephrine,I51,complications and ill-defined descriptions of heart disease,4.005404526364586e-09,False,8691.0,100.0,100.0
Mirtazapine,I51,complications and ill-defined descriptions of heart disease,0.0017635246235781,False,441.0,100.0,50.0
Timolol,I51,complications and ill-defined descriptions of heart disease,0.0123014381296806,False,544.0,100.0,50.0
Amlodipine,I51,complications and ill-defined descriptions of heart disease,0.0348697368627606,False,1279.0,0.0,25.0
Phenylephrine,I51,complications and ill-defined descriptions of heart disease,0.0052953468898544,False,1851.0,100.0,100.0
Nimodipine,I51,complications and ill-defined descriptions of heart disease,5.2398690438561945e-06,False,953.0,100.0,100.0
Progesterone,I51,complications and ill-defined descriptions of heart disease,0.0269791597153942,False,8539.0,0.0,100.0
Phenylpropanolamine,I51,complications and ill-defined descriptions of heart disease,0.0004877600919598,False,346.0,100.0,100.0
Nisoldipine,I51,complications and ill-defined descriptions of heart disease,0.0006025436253106,False,70.0,100.0,100.0
Loxapine,I51,complications and ill-defined descriptions of heart disease,0.0113295474658313,False,88.0,0.0,50.0
Rosiglitazone,I51,complications and ill-defined descriptions of heart disease,0.0090911193375033,False,987.0,0.0,50.0
Promazine,I51,complications and ill-defined descriptions of heart disease,0.0214456296160037,False,67.0,0.0,50.0
Prazosin,I51,complications and ill-defined descriptions of heart disease,4.4636963544981295e-05,False,1037.0,100.0,100.0
Imipramine,I51,complications and ill-defined descriptions of heart disease,0.0002654876671736,False,795.0,100.0,100.0
Nabumetone,I51,complications and ill-defined descriptions of heart disease,0.0015421470490706,False,37.0,100.0,100.0
Chlorpromazine,I51,complications and ill-defined descriptions of heart disease,0.0060817269382525,False,1259.0,0.0,75.0
Tolmetin,I51,complications and ill-defined descriptions of heart disease,0.0123014381296806,False,174.0,100.0,50.0
Cisplatin,I51,complications and ill-defined descriptions of heart disease,0.0458502670625731,False,11364.0,0.0,75.0
Nortriptyline,I51,complications and ill-defined descriptions of heart disease,0.000171293043453,False,326.0,100.0,100.0
Lamotrigine,I51,complications and ill-defined descriptions of heart disease,0.0277208464617816,False,1075.0,0.0,50.0
Cinnarizine,I51,complications and ill-defined descriptions of heart disease,8.587342271443471e-06,False,64.0,100.0,100.0
Propranolol,I51,complications and ill-defined descriptions of heart disease,0.0006461826717596,False,4446.0,100.0,100.0
Fenoprofen,I51,complications and ill-defined descriptions of heart disease,0.0001087696630016,False,21.0,100.0,100.0
Clonidine,I51,complications and ill-defined descriptions of heart disease,4.54754487940679e-06,False,1784.0,100.0,100.0
Doxazosin,I51,complications and ill-defined descriptions of heart disease,0.008482903014912,False,0.0,100.0,50.0
Labetalol,I51,complications and ill-defined descriptions of heart disease,0.0052953468898544,False,722.0,100.0,100.0
Sulindac,I51,complications and ill-defined descriptions of heart disease,0.001102981978388,False,149.0,100.0,100.0
Nicardipine,I51,complications and ill-defined descriptions of heart disease,1.9467208498224713e-05,False,0.0,100.0,100.0
Guanabenz,I51,complications and ill-defined descriptions of heart disease,0.0185822512826027,False,30.0,100.0,75.0
Prednisone,I51,complications and ill-defined descriptions of heart disease,0.0228490455938034,False,18091.0,0.0,50.0
Verapamil,I51,complications and ill-defined descriptions of heart disease,9.644837201290282e-10,False,1971.0,100.0,100.0
Epinephrine,I51,complications and ill-defined descriptions of heart disease,1.809457749650553e-09,False,8558.0,100.0,100.0
Thioridazine,I51,complications and ill-defined descriptions of heart disease,0.0195335784600062,False,243.0,0.0,50.0
Phentolamine,I51,complications and ill-defined descriptions of heart disease,0.0015421470490706,False,677.0,100.0,100.0
Ergotamine,I51,complications and ill-defined descriptions of heart disease,0.00020866911773,False,2088.0,100.0,100.0
Tizanidine,I51,complications and ill-defined descriptions of heart disease,0.0052953468898544,False,140.0,100.0,100.0
Methoxamine,I51,complications and ill-defined descriptions of heart disease,0.0185822512826027,False,149.0,100.0,75.0
Trimipramine,I51,complications and ill-defined descriptions of heart disease,0.0001459631929725,False,50.0,100.0,100.0
Risperidone,I51,complications and ill-defined descriptions of heart disease,0.0214456296160037,False,1351.0,0.0,50.0
Etoposide,I51,complications and ill-defined descriptions of heart disease,0.0214456296160037,False,4567.0,0.0,50.0
Tolazoline,I51,complications and ill-defined descriptions of heart disease,0.0123014381296806,False,140.0,100.0,50.0
Fenoldopam,I51,complications and ill-defined descriptions of heart disease,2.631052777144096e-06,False,114.0,100.0,100.0
Trifluoperazine,I51,complications and ill-defined descriptions of heart disease,0.008482903014912,False,146.0,100.0,100.0
Pseudoephedrine,I51,complications and ill-defined descriptions of heart disease,0.0029424257890164,False,109.0,100.0,100.0
Quinidine,I51,complications and ill-defined descriptions of heart disease,0.0181109219204063,False,898.0,0.0,100.0
Phenoxybenzamine,I51,complications and ill-defined descriptions of heart disease,3.89500512428405e-09,False,518.0,100.0,100.0
Oxymetazoline,I51,complications and ill-defined descriptions of heart disease,7.011263618687384e-06,False,82.0,100.0,100.0
Acetylsalicylic acid,I51,complications and ill-defined descriptions of heart disease,0.0165272686257346,False,20345.0,100.0,100.0
Apraclonidine,I51,complications and ill-defined descriptions of heart disease,0.0185822512826027,False,97.0,100.0,75.0
Telmisartan,I51,complications and ill-defined descriptions of heart disease,0.0123014381296806,False,513.0,100.0,50.0
Formoterol,I51,complications and ill-defined descriptions of heart disease,0.0228490455938034,False,138.0,0.0,50.0
Dopamine,I51,complications and ill-defined descriptions of heart disease,0.0221144251552417,False,12282.0,0.0,100.0
Felodipine,I51,complications and ill-defined descriptions of heart disease,4.13312438361902e-05,False,139.0,100.0,100.0
Thalidomide,I51,complications and ill-defined descriptions of heart disease,0.0277435694968966,False,2360.0,0.0,50.0
Ibuprofen,I51,complications and ill-defined descriptions of heart disease,0.0221144251552417,False,1776.0,0.0,50.0
Nitrendipine,I51,complications and ill-defined descriptions of heart disease,0.0018783459788523,False,220.0,100.0,100.0
Tocainide,I51,complications and ill-defined descriptions of heart disease,0.0185822512826027,False,58.0,100.0,75.0
Arbutamine,I51,complications and ill-defined descriptions of heart disease,0.0185822512826027,False,1.0,100.0,75.0
Sertraline,I51,complications and ill-defined descriptions of heart disease,0.0378108196529642,False,834.0,0.0,50.0
Nifedipine,I51,complications and ill-defined descriptions of heart disease,0.0013109083445333,False,2204.0,100.0,50.0
Amiodarone,I51,complications and ill-defined descriptions of heart disease,0.0165272686257346,False,3094.0,0.0,50.0
Carvedilol,I51,complications and ill-defined descriptions of heart disease,5.075013070013246e-13,False,759.0,100.0,100.0
Doxepin,I51,complications and ill-defined descriptions of heart disease,0.000171293043453,False,199.0,100.0,100.0
Nefazodone,I51,complications and ill-defined descriptions of heart disease,0.0090911193375033,False,69.0,0.0,50.0
Desipramine,I51,complications and ill-defined descriptions of heart disease,0.0003069195015256,False,305.0,100.0,100.0
Terazosin,I51,complications and ill-defined descriptions of heart disease,0.0228490455938034,False,184.0,0.0,50.0
Propafenone,I51,complications and ill-defined descriptions of heart disease,0.008482903014912,False,270.0,100.0,50.0
Pergolide,I51,complications and ill-defined descriptions of heart disease,0.0029567004009023,False,182.0,100.0,50.0
Bromocriptine,I51,complications and ill-defined descriptions of heart disease,6.493587641816478e-05,False,1839.0,100.0,100.0
Nadolol,I51,complications and ill-defined descriptions of heart disease,0.0185822512826027,False,198.0,100.0,75.0
Quetiapine,I51,complications and ill-defined descriptions of heart disease,0.0020358124091333,False,948.0,0.0,50.0
Clomipramine,I51,complications and ill-defined descriptions of heart disease,0.0195335784600062,False,316.0,0.0,50.0
Bepridil,I51,complications and ill-defined descriptions of heart disease,0.0195335784600062,False,38.0,100.0,100.0
Paliperidone,I51,complications and ill-defined descriptions of heart disease,0.0165272686257346,False,128.0,0.0,50.0
Lumiracoxib,I51,complications and ill-defined descriptions of heart disease,0.0123014381296806,False,42.0,100.0,50.0
Fenoterol,I51,complications and ill-defined descriptions of heart disease,0.0185822512826027,False,142.0,100.0,75.0
Bevantolol,I51,complications and ill-defined descriptions of heart disease,0.0185822512826027,False,2.0,100.0,75.0
Insulin Detemir,I51,complications and ill-defined descriptions of heart disease,0.0185822512826027,False,210.0,100.0,75.0
Ephedra,I51,complications and ill-defined descriptions of heart disease,0.0002277094244008,False,57.0,100.0,100.0
Magnesium salicylate,I51,complications and ill-defined descriptions of heart disease,0.0185822512826027,False,0.0,100.0,75.0
Methotrimeprazine,I51,complications and ill-defined descriptions of heart disease,0.0009613286785344,False,74.0,100.0,75.0
Ginseng,I51,complications and ill-defined descriptions of heart disease,0.0185822512826027,False,0.0,100.0,75.0
Clenbuterol,I51,complications and ill-defined descriptions of heart disease,0.0012985434754565,False,65.0,100.0,100.0
Methamphetamine,I51,complications and ill-defined descriptions of heart disease,0.0378108196529642,False,1798.0,100.0,50.0
Oxprenolol,I51,complications and ill-defined descriptions of heart disease,0.0052953468898544,False,96.0,100.0,100.0
Acepromazine,I51,complications and ill-defined descriptions of heart disease,0.0381272478208958,False,99.0,0.0,100.0
Thioproperazine,I51,complications and ill-defined descriptions of heart disease,0.0381272478208958,False,5.0,0.0,100.0
Resveratrol,I51,complications and ill-defined descriptions of heart disease,0.0458502670625731,False,1199.0,0.0,100.0
Flunarizine,I51,complications and ill-defined descriptions of heart disease,0.0133367225008653,False,158.0,0.0,50.0
Celiprolol,I51,complications and ill-defined descriptions of heart disease,3.636579417344843e-05,False,74.0,100.0,100.0
Dronedarone,I51,complications and ill-defined descriptions of heart disease,4.6151880124601515e-12,False,108.0,100.0,100.0
Clevidipine,I51,complications and ill-defined descriptions of heart disease,0.001102981978388,False,43.0,100.0,100.0
Mianserin,I51,complications and ill-defined descriptions of heart disease,0.0117282808838842,False,312.0,0.0,50.0
Pizotifen,I51,complications and ill-defined descriptions of heart disease,0.0124992118585998,False,20.0,0.0,50.0
Silodosin,I51,complications and ill-defined descriptions of heart disease,0.0228490455938034,False,147.0,0.0,50.0
Asenapine,I51,complications and ill-defined descriptions of heart disease,0.0017635246235781,False,40.0,100.0,50.0
Droxidopa,I51,complications and ill-defined descriptions of heart disease,4.455702885252671e-07,False,104.0,100.0,100.0
Xylometazoline,I51,complications and ill-defined descriptions of heart disease,7.011263618687384e-06,False,44.0,100.0,100.0
Nilvadipine,I51,complications and ill-defined descriptions of heart disease,0.0029424257890164,False,22.0,100.0,75.0
Bupranolol,I51,complications and ill-defined descriptions of heart disease,0.0185822512826027,False,2.0,100.0,75.0
Pomalidomide,I51,complications and ill-defined descriptions of heart disease,0.0123014381296806,False,120.0,100.0,50.0
Cannabidiol,I51,complications and ill-defined descriptions of heart disease,0.0254820335821475,False,562.0,0.0,50.0
Lobeglitazone,I51,complications and ill-defined descriptions of heart disease,0.0228490455938034,False,5.0,0.0,50.0
Aranidipine,I51,complications and ill-defined descriptions of heart disease,0.000116484540892,False,1.0,100.0,100.0
Rubidium Rb-82,I51,complications and ill-defined descriptions of heart disease,0.0381272478208958,False,46.0,0.0,50.0
Racepinephrine,I51,complications and ill-defined descriptions of heart disease,1.786125542100368e-09,False,27.0,100.0,100.0
DL-Methylephedrine,I51,complications and ill-defined descriptions of heart disease,0.0185822512826027,False,0.0,100.0,75.0
Human Thrombin,I51,complications and ill-defined descriptions of heart disease,0.0381272478208958,False,7682.0,0.0,50.0
Thrombin Alfa,I51,complications and ill-defined descriptions of heart disease,0.0381272478208958,False,10.0,0.0,50.0
Binimetinib,I51,complications and ill-defined descriptions of heart disease,0.0381272478208958,False,45.0,100.0,100.0
Nabiximols,I51,complications and ill-defined descriptions of heart disease,0.0199015029317998,False,126.0,0.0,75.0
Bosentan,I60,subarachnoid haemorrhage,0.0238012724371897,False,20.0,33.333333333333336,50.0
Telmisartan,I60,subarachnoid haemorrhage,0.0327913754875279,False,2.0,66.66666666666667,50.0
Minocycline,I60,subarachnoid haemorrhage,0.0035058920389023,False,20.0,50.0,50.0
Glucosamine,I60,subarachnoid haemorrhage,0.04200662932952,False,1.0,33.333333333333336,0.0
Sitaxentan,I60,subarachnoid haemorrhage,0.0238012724371897,False,2.0,33.333333333333336,50.0
Rilonacept,I60,subarachnoid haemorrhage,0.0093926108660406,False,0.0,50.0,50.0
Macitentan,I60,subarachnoid haemorrhage,0.0238012724371897,False,1.0,66.66666666666667,50.0
Foreskin keratinocyte (neonatal),I60,subarachnoid haemorrhage,0.0028882843619342,False,0.0,100.0,100.0
Binimetinib,I60,subarachnoid haemorrhage,0.0009763393885722,False,0.0,66.66666666666667,50.0
Tirofiban,I61,intracerebral haemorrhage,0.0033899133279879,False,135.0,75.0,100.0
Marimastat,I61,intracerebral haemorrhage,0.0114353472292306,False,0.0,75.0,100.0
Minocycline,I61,intracerebral haemorrhage,0.0027761755742296,False,91.0,75.0,100.0
Captopril,I61,intracerebral haemorrhage,0.0013969708447952,False,24.0,100.0,100.0
Dalteparin,I61,intracerebral haemorrhage,0.0203762454421303,False,7.0,50.0,100.0
Dexibuprofen,I61,intracerebral haemorrhage,0.0448924585041339,False,0.0,75.0,100.0
Isosorbide,I61,intracerebral haemorrhage,0.008076419721819,False,7.0,50.0,100.0
Urokinase,I63,cerebral infarction,0.0373081310702531,False,319.0,100.0,75.0
Drotrecogin alfa,I63,cerebral infarction,8.763208363659572e-06,False,1.0,100.0,100.0
Coagulation Factor IX (Recombinant),I63,cerebral infarction,0.0207745273403259,False,3.0,100.0,100.0
Menadione,I63,cerebral infarction,6.729888173022745e-07,False,1.0,100.0,100.0
Sodium Tetradecyl Sulfate,I63,cerebral infarction,0.0019311760435296,False,0.0,100.0,100.0
Benazepril,I63,cerebral infarction,0.0079116937935972,False,2.0,100.0,50.0
Captopril,I63,cerebral infarction,0.000579285089859,False,21.0,100.0,75.0
Glucosamine,I63,cerebral infarction,0.0207745273403259,False,13.0,100.0,100.0
Zinc,I63,cerebral infarction,0.0272847961526655,False,117.0,100.0,75.0
Apremilast,I63,cerebral infarction,0.0259451406722887,False,1.0,100.0,50.0
Thrombomodulin Alfa,I63,cerebral infarction,0.0019311760435296,False,0.0,100.0,100.0
Human C1-esterase inhibitor,I63,cerebral infarction,0.0207745273403259,False,2.0,100.0,50.0
Copper,I63,cerebral infarction,0.0070709704518039,False,68.0,100.0,75.0
Dexibuprofen,I63,cerebral infarction,0.0259451406722887,False,0.0,100.0,100.0
Conestat alfa,I63,cerebral infarction,0.0207745273403259,False,0.0,100.0,50.0
Kappadione,I63,cerebral infarction,2.7229575751879824e-06,False,0.0,100.0,100.0
Protein S human,I63,cerebral infarction,0.0045611830941273,False,118.0,100.0,50.0
Anti-inhibitor coagulant complex,I63,cerebral infarction,0.0004339966778251,False,1.0,100.0,75.0
Coagulation Factor IX Human,I63,cerebral infarction,0.0207745273403259,False,10.0,100.0,100.0
Hyaluronidase,I64,stroke,0.0028362007872037,False,47.0,100.0,100.0
Valproic Acid,I64,stroke,0.02340406071391,False,240.0,100.0,0.0
Indomethacin,I64,stroke,0.0151412417592317,False,246.0,100.0,100.0
Sucralfate,I64,stroke,0.023203262455166,False,6.0,100.0,100.0
Tolmetin,I64,stroke,0.023203262455166,False,2.0,100.0,100.0
Cisplatin,I64,stroke,0.0176383185679171,False,153.0,100.0,100.0
Benazepril,I64,stroke,0.0115651623342518,False,30.0,100.0,100.0
Piroxicam,I64,stroke,0.0376070176320357,False,18.0,100.0,100.0
Fenoprofen,I64,stroke,0.0169929246518341,False,0.0,100.0,100.0
Valdecoxib,I64,stroke,0.030360167774933,False,26.0,100.0,100.0
Diclofenac,I64,stroke,0.0140174559271269,False,95.0,100.0,100.0
Prednisone,I64,stroke,0.030360167774933,False,348.0,100.0,100.0
Norethisterone,I64,stroke,0.0376070176320357,False,58.0,100.0,100.0
Oxcarbazepine,I64,stroke,0.023203262455166,False,50.0,100.0,100.0
Mefenamic acid,I64,stroke,0.0169929246518341,False,12.0,100.0,100.0
Diflunisal,I64,stroke,0.023203262455166,False,5.0,100.0,100.0
Acetylsalicylic acid,I64,stroke,0.0047050023247169,False,10668.0,100.0,100.0
Thalidomide,I64,stroke,0.002109179306297,False,62.0,100.0,100.0
Ibuprofen,I64,stroke,0.00043355316523,False,161.0,100.0,100.0
Gliclazide,I64,stroke,0.0169929246518341,False,29.0,100.0,100.0
Lumiracoxib,I64,stroke,0.023203262455166,False,13.0,100.0,100.0
Glucosamine,I64,stroke,0.030360167774933,False,66.0,100.0,100.0
Fosphenytoin,I64,stroke,0.023203262455166,False,21.0,100.0,100.0
Magnesium salicylate,I64,stroke,0.0066737629349389,False,0.0,100.0,100.0
Ginseng,I64,stroke,0.0066737629349389,False,365.0,100.0,100.0
Acenocoumarol,I64,stroke,0.030360167774933,False,173.0,100.0,100.0
Zinc,I64,stroke,0.0005152299431718,False,673.0,100.0,100.0
Etoricoxib,I64,stroke,0.030360167774933,False,23.0,100.0,100.0
Resveratrol,I64,stroke,0.0176383185679171,False,312.0,100.0,100.0
Thrombomodulin Alfa,I64,stroke,0.0028362007872037,False,0.0,100.0,100.0
Hyaluronidase (Human Recombinant),I64,stroke,0.0028362007872037,False,2.0,100.0,100.0
Prasugrel,I64,stroke,0.030360167774933,True,676.0,100.0,100.0
Rilonacept,I64,stroke,0.0066737629349389,False,1.0,100.0,100.0
Human C1-esterase inhibitor,I64,stroke,0.030360167774933,False,4.0,100.0,100.0
Cupric sulfate,I64,stroke,0.0376070176320357,False,14.0,100.0,100.0
Triflusal,I64,stroke,0.0169929246518341,True,61.0,100.0,100.0
Vismodegib,I64,stroke,0.0456587657592372,False,1.0,100.0,0.0
Tofacitinib,I64,stroke,0.030360167774933,False,26.0,100.0,100.0
Pomalidomide,I64,stroke,0.023203262455166,False,12.0,100.0,100.0
Macitentan,I64,stroke,0.0169929246518341,False,13.0,100.0,100.0
Copper,I64,stroke,0.0001737076446736,False,422.0,100.0,100.0
Dexibuprofen,I64,stroke,0.0376070176320357,False,0.0,100.0,100.0
Polaprezinc,I64,stroke,0.0030058397912836,False,1.0,100.0,100.0
Conestat alfa,I64,stroke,0.030360167774933,False,0.0,100.0,100.0
Lumacaftor,I64,stroke,0.0376070176320357,False,9.0,100.0,100.0
Foreskin fibroblast (neonatal),I64,stroke,0.0013576950119199,False,2.0,100.0,100.0
Foreskin keratinocyte (neonatal),I64,stroke,2.056402668885363e-05,False,0.0,100.0,100.0
Dipyrithione,I64,stroke,0.0028362007872037,False,0.0,100.0,100.0
Human Thrombin,I64,stroke,0.0376070176320357,False,2030.0,100.0,100.0
Thrombin Alfa,I64,stroke,0.0376070176320357,False,0.0,100.0,100.0
Binimetinib,I64,stroke,3.917748446751779e-06,False,2.0,100.0,100.0
Nafamostat,I64,stroke,0.0376070176320357,False,30.0,100.0,100.0
Anti-inhibitor coagulant complex,I64,stroke,0.0007921406750943,False,8.0,100.0,100.0
Glycyrrhizic acid,I64,stroke,0.0456587657592372,False,31.0,100.0,0.0
Glutamic Acid,I67,cerebrovascular diseases,0.000642970593992,False,1737.0,100.0,100.0
Pethidine,I67,cerebrovascular diseases,0.0001386621818221,False,33.0,100.0,100.0
Felbamate,I67,cerebrovascular diseases,0.0050754755846204,False,14.0,100.0,100.0
Memantine,I67,cerebrovascular diseases,0.0005915702113913,False,259.0,100.0,100.0
Halothane,I67,cerebrovascular diseases,0.0087570389329237,False,583.0,100.0,100.0
Orphenadrine,I67,cerebrovascular diseases,0.0005915702113913,False,2.0,100.0,100.0
Acetylcysteine,I67,cerebrovascular diseases,1.813760990513724e-05,False,149.0,100.0,100.0
Ifenprodil,I67,cerebrovascular diseases,0.0150873022157266,False,65.0,100.0,100.0
Vitamin E,I70,atherosclerosis,0.0267214315861568,False,1526.0,66.66666666666667,100.0
Mesalazine,I70,atherosclerosis,0.002975599918134,False,8.0,100.0,100.0
Aminocaproic Acid,I70,atherosclerosis,0.0332309700744359,False,23.0,66.66666666666667,100.0
Oxaliplatin,I70,atherosclerosis,0.0304075109105508,False,3.0,100.0,100.0
Carboplatin,I70,atherosclerosis,0.0151282999578388,False,5.0,100.0,100.0
Balsalazide,I70,atherosclerosis,0.0486463910967169,False,0.0,66.66666666666667,100.0
Zinc,I70,atherosclerosis,0.001764425607356,False,667.0,100.0,100.0
Apremilast,I70,atherosclerosis,0.002975599918134,False,5.0,100.0,100.0
Cannabidiol,I70,atherosclerosis,0.003983911117072,False,19.0,100.0,100.0
Copper,I70,atherosclerosis,0.0012142450548575,False,1135.0,100.0,100.0
Polaprezinc,I70,atherosclerosis,0.0151282999578388,False,0.0,100.0,100.0
Levamlodipine,I70,atherosclerosis,0.0332309700744359,False,2.0,66.66666666666667,100.0
Foreskin fibroblast (neonatal),I70,atherosclerosis,0.0069063655908372,False,0.0,100.0,100.0
Foreskin keratinocyte (neonatal),I70,atherosclerosis,0.00022941566456,False,0.0,100.0,100.0
Omega-3 fatty acids,I70,atherosclerosis,0.0486463910967169,False,1440.0,66.66666666666667,100.0
alpha-Tocopherol succinate,I70,atherosclerosis,0.0267214315861568,False,631.0,66.66666666666667,100.0
D-alpha-Tocopherol acetate,I70,atherosclerosis,0.0267214315861568,False,631.0,66.66666666666667,100.0
Nabiximols,I70,atherosclerosis,0.0034612470791024,False,0.0,100.0,100.0
Collagenase clostridium histolyticum,I71,aortic aneurysm and dissection,0.0025608311121563,False,65.0,75.0,33.333333333333336
Guanfacine,I73,peripheral vascular diseases,0.0408730276648593,False,2.0,100.0,100.0
Sitaxentan,I73,peripheral vascular diseases,0.0408730276648593,False,2.0,100.0,100.0
Macitentan,I73,peripheral vascular diseases,0.0408730276648593,False,0.0,100.0,100.0
Aminocaproic Acid,I74,arterial embolism and thrombosis,0.0011324434203906,False,304.0,100.0,50.0
Menadione,I77,disorders of arteries and arterioles,0.0170900517058848,False,3.0,25.0,100.0
"Antihemophilic factor, human recombinant",I80,phlebitis and thrombophlebitis,0.0406829687311846,False,1.0,100.0,100.0
Drotrecogin alfa,I80,phlebitis and thrombophlebitis,0.035771602294568,False,0.0,100.0,100.0
Coagulation Factor IX (Recombinant),I80,phlebitis and thrombophlebitis,0.0148925165483561,False,6.0,100.0,100.0
Sucralfate,I80,phlebitis and thrombophlebitis,0.0115049123878963,False,1.0,100.0,100.0
Thrombomodulin Alfa,I80,phlebitis and thrombophlebitis,0.0013587219023243,False,0.0,100.0,100.0
Human C1-esterase inhibitor,I80,phlebitis and thrombophlebitis,0.0148925165483561,False,0.0,100.0,100.0
Conestat alfa,I80,phlebitis and thrombophlebitis,0.0148925165483561,False,0.0,100.0,100.0
Kappadione,I80,phlebitis and thrombophlebitis,0.0223520897680099,False,0.0,100.0,100.0
Thrombin,I80,phlebitis and thrombophlebitis,1.8949392022132223e-06,False,420.0,100.0,100.0
Human Thrombin,I80,phlebitis and thrombophlebitis,7.097244389683198e-07,False,358.0,100.0,100.0
Thrombin Alfa,I80,phlebitis and thrombophlebitis,7.097244389683198e-07,False,0.0,100.0,100.0
Protein S human,I80,phlebitis and thrombophlebitis,0.0032485951279605,False,273.0,100.0,100.0
Anti-inhibitor coagulant complex,I80,phlebitis and thrombophlebitis,0.0002462448727371,False,0.0,100.0,100.0
Coagulation Factor IX Human,I80,phlebitis and thrombophlebitis,0.0148925165483561,False,34.0,100.0,100.0
Lonoctocog alfa,I80,phlebitis and thrombophlebitis,0.0406829687311846,False,0.0,100.0,100.0
Moroctocog alfa,I80,phlebitis and thrombophlebitis,0.0406829687311846,False,3.0,100.0,100.0
Menadione,I81,portal vein thrombosis,0.00516363574016,False,1.0,0.0,100.0
"Antihemophilic factor, human recombinant",I82,venous embolism and thrombosis,0.0048620716888727,False,215.0,100.0,100.0
Drotrecogin alfa,I82,venous embolism and thrombosis,7.377725059915079e-05,False,41.0,100.0,100.0
Sucralfate,I82,venous embolism and thrombosis,0.0404583192843727,False,1.0,100.0,100.0
Thrombomodulin Alfa,I82,venous embolism and thrombosis,0.0049372469386649,False,9.0,100.0,100.0
Thrombin,I82,venous embolism and thrombosis,3.530448725588926e-05,False,12037.0,100.0,100.0
Human Thrombin,I82,venous embolism and thrombosis,1.352107303746006e-05,False,9750.0,100.0,100.0
Thrombin Alfa,I82,venous embolism and thrombosis,1.352107303746006e-05,False,0.0,100.0,100.0
Anti-inhibitor coagulant complex,I82,venous embolism and thrombosis,0.0018874957942992,False,50.0,100.0,100.0
Lonoctocog alfa,I82,venous embolism and thrombosis,0.0048620716888727,False,2.0,100.0,100.0
Moroctocog alfa,I82,venous embolism and thrombosis,0.0048620716888727,False,30.0,100.0,100.0
Midodrine,I84,haemorrhoids,1.855087535845259e-05,False,0.0,100.0,100.0
Ranolazine,I84,haemorrhoids,0.0035746793275313,False,0.0,100.0,100.0
Cabergoline,I84,haemorrhoids,0.0011561673090434,False,0.0,100.0,100.0
Phenytoin,I84,haemorrhoids,0.0009087788561708,False,13.0,100.0,100.0
Lidocaine,I84,haemorrhoids,8.460438310463396e-06,False,309.0,100.0,100.0
Dapiprazole,I84,haemorrhoids,2.6055920649407056e-06,False,0.0,100.0,100.0
Amitriptyline,I84,haemorrhoids,0.0078904411887184,False,16.0,40.0,100.0
Alfuzosin,I84,haemorrhoids,1.855087535845259e-05,False,0.0,100.0,100.0
Norepinephrine,I84,haemorrhoids,0.0009087788561708,False,192.0,100.0,100.0
Phenylephrine,I84,haemorrhoids,1.855087535845259e-05,False,26.0,100.0,100.0
Promazine,I84,haemorrhoids,0.0009087788561708,False,3.0,100.0,100.0
Prazosin,I84,haemorrhoids,0.0004933560409525,False,12.0,100.0,100.0
Imipramine,I84,haemorrhoids,0.0052841884886416,False,10.0,80.0,100.0
Hexylcaine,I84,haemorrhoids,0.0008698573223004,False,0.0,100.0,100.0
Cinchocaine,I84,haemorrhoids,0.0035746793275313,False,31.0,100.0,100.0
Nortriptyline,I84,haemorrhoids,0.0028306052736465,False,0.0,80.0,100.0
Clonidine,I84,haemorrhoids,0.0005817644567915,False,25.0,100.0,100.0
Doxazosin,I84,haemorrhoids,0.0001605737289323,False,1.0,100.0,100.0
Nicardipine,I84,haemorrhoids,0.0016409051890803,False,5.0,80.0,100.0
Verapamil,I84,haemorrhoids,0.0001379167004089,False,15.0,100.0,100.0
Epinephrine,I84,haemorrhoids,0.0007908508651764,False,203.0,100.0,100.0
Thioridazine,I84,haemorrhoids,0.023203262455166,False,0.0,40.0,100.0
Phentolamine,I84,haemorrhoids,8.586885113085346e-06,False,70.0,100.0,100.0
Ergotamine,I84,haemorrhoids,0.0007908508651764,False,30.0,100.0,100.0
Tamsulosin,I84,haemorrhoids,3.425823063137221e-05,False,0.0,100.0,100.0
Methoxamine,I84,haemorrhoids,2.6055920649407056e-06,False,0.0,100.0,100.0
Risperidone,I84,haemorrhoids,0.0480025160951662,False,0.0,20.0,66.66666666666667
Propiomazine,I84,haemorrhoids,0.000409533451447,False,0.0,100.0,100.0
Fenoldopam,I84,haemorrhoids,8.367292138327177e-05,False,0.0,100.0,100.0
Cocaine,I84,haemorrhoids,0.0006826389537477,False,62.0,100.0,100.0
Quinidine,I84,haemorrhoids,2.6693509009589693e-05,False,5.0,100.0,100.0
Zonisamide,I84,haemorrhoids,9.220642441395706e-11,False,0.0,100.0,100.0
Phenoxybenzamine,I84,haemorrhoids,0.0002681692950338,False,25.0,100.0,100.0
Oxymetazoline,I84,haemorrhoids,3.425823063137221e-05,False,5.0,100.0,100.0
Carvedilol,I84,haemorrhoids,0.0021991925343295,False,1.0,80.0,100.0
Doxepin,I84,haemorrhoids,0.0028306052736465,False,0.0,80.0,100.0
Nefazodone,I84,haemorrhoids,0.0368202316435951,False,0.0,20.0,66.66666666666667
Terazosin,I84,haemorrhoids,5.612537320008332e-05,False,1.0,100.0,100.0
Pergolide,I84,haemorrhoids,0.0009087788561708,False,0.0,100.0,100.0
Flecainide,I84,haemorrhoids,0.0053627313728521,False,1.0,100.0,100.0
Bromocriptine,I84,haemorrhoids,0.0011561673090434,False,0.0,100.0,100.0
Quetiapine,I84,haemorrhoids,0.0032899309450685,False,0.0,80.0,100.0
Paliperidone,I84,haemorrhoids,0.0443038898527557,False,0.0,20.0,66.66666666666667
Methotrimeprazine,I84,haemorrhoids,0.0013109083445333,False,1.0,80.0,100.0
Dextroamphetamine,I84,haemorrhoids,0.0095613772242381,False,3.0,80.0,100.0
Phendimetrazine,I84,haemorrhoids,0.0021023274724569,False,0.0,100.0,100.0
Acepromazine,I84,haemorrhoids,0.0121266424287296,False,5.0,80.0,100.0
Thioproperazine,I84,haemorrhoids,0.0121266424287296,False,1.0,80.0,100.0
Dronedarone,I84,haemorrhoids,1.4238938098784844e-05,False,0.0,100.0,100.0
Sertindole,I84,haemorrhoids,0.0001605737289323,False,0.0,100.0,100.0
Pizotifen,I84,haemorrhoids,0.0006826389537477,False,0.0,100.0,100.0
Silodosin,I84,haemorrhoids,5.612537320008332e-05,False,0.0,100.0,100.0
Lacosamide,I84,haemorrhoids,2.6055920649407056e-06,False,0.0,100.0,100.0
Droxidopa,I84,haemorrhoids,0.0003363137289997,False,1.0,100.0,100.0
Xylometazoline,I84,haemorrhoids,3.425823063137221e-05,False,0.0,100.0,100.0
Racepinephrine,I84,haemorrhoids,0.0001176829261281,False,0.0,100.0,100.0
Spermine,I95,hypotension,0.0221971819867271,False,307.0,100.0,100.0
Amphetamine,I95,hypotension,0.040589366027179,False,2905.0,100.0,100.0
Betaxolol,I95,hypotension,0.0039691930490076,False,817.0,100.0,100.0
Midodrine,I95,hypotension,2.195595840860532e-05,True,556.0,100.0,100.0
Bethanidine,I95,hypotension,0.002305821336832,False,154.0,100.0,100.0
Isoetarine,I95,hypotension,0.0009632223307825,False,6.0,100.0,100.0
Ziprasidone,I95,hypotension,5.94816334894926e-07,False,60.0,100.0,100.0
Cabergoline,I95,hypotension,1.492206460883856e-14,False,33.0,100.0,100.0
Metoprolol,I95,hypotension,0.0081822764488979,False,6673.0,100.0,100.0
Ropinirole,I95,hypotension,0.0007971809829925,False,34.0,100.0,100.0
Dapiprazole,I95,hypotension,3.080897870193626e-06,False,16.0,100.0,100.0
Amitriptyline,I95,hypotension,4.244550932122336e-06,False,643.0,100.0,100.0
Olanzapine,I95,hypotension,2.8656443249652338e-08,False,199.0,100.0,100.0
Atenolol,I95,hypotension,0.002305821336832,False,6623.0,100.0,100.0
Alfuzosin,I95,hypotension,2.195595840860532e-05,False,169.0,100.0,100.0
Clozapine,I95,hypotension,2.305960854254431e-06,False,402.0,100.0,100.0
Norepinephrine,I95,hypotension,9.317282952943105e-18,True,27559.0,100.0,100.0
Mirtazapine,I95,hypotension,2.055137986216529e-07,False,74.0,100.0,100.0
Timolol,I95,hypotension,0.0081822764488979,False,4482.0,100.0,100.0
Phenylephrine,I95,hypotension,2.195595840860532e-05,True,7820.0,100.0,100.0
Phenylpropanolamine,I95,hypotension,4.06217811471508e-05,False,524.0,100.0,100.0
Loxapine,I95,hypotension,7.043440909466353e-09,False,32.0,100.0,100.0
Pramipexole,I95,hypotension,0.0006826389537477,False,47.0,100.0,100.0
Promazine,I95,hypotension,0.0010542799875788,False,82.0,100.0,100.0
Dipivefrin,I95,hypotension,2.195595840860532e-05,False,98.0,100.0,100.0
Prazosin,I95,hypotension,2.1546863480402466e-08,False,10472.0,100.0,100.0
Imipramine,I95,hypotension,0.0061537522552915,False,1336.0,100.0,100.0
Chlorpromazine,I95,hypotension,0.0030071048995015,False,2353.0,100.0,100.0
Brimonidine,I95,hypotension,9.924394189953576e-06,False,1781.0,100.0,100.0
Sotalol,I95,hypotension,0.002305821336832,False,792.0,100.0,100.0
Carteolol,I95,hypotension,0.002305821336832,False,398.0,100.0,100.0
Nortriptyline,I95,hypotension,5.94816334894926e-07,False,230.0,100.0,100.0
Lamotrigine,I95,hypotension,0.0011989285206176,False,55.0,100.0,100.0
Propranolol,I95,hypotension,0.0005754801705976,False,35980.0,100.0,100.0
Clonidine,I95,hypotension,1.6155566802464883e-10,False,14926.0,100.0,100.0
Lisuride,I95,hypotension,0.0007971809829925,False,122.0,100.0,100.0
Doxazosin,I95,hypotension,0.0001882186058766,False,1595.0,100.0,100.0
Labetalol,I95,hypotension,2.195595840860532e-05,True,2356.0,100.0,100.0
Bisoprolol,I95,hypotension,0.0039691930490076,False,1520.0,100.0,100.0
Nicardipine,I95,hypotension,0.0019017665850353,False,3016.0,100.0,100.0
Guanabenz,I95,hypotension,0.002305821336832,False,518.0,100.0,100.0
Trazodone,I95,hypotension,0.0292242666658373,False,151.0,100.0,100.0
Verapamil,I95,hypotension,0.006909854311659,False,5973.0,100.0,100.0
Epinephrine,I95,hypotension,5.213272343467073e-18,False,12517.0,100.0,100.0
Thioridazine,I95,hypotension,0.025652922029341,False,204.0,100.0,100.0
Phentolamine,I95,hypotension,8.098233643200089e-09,False,10306.0,100.0,100.0
Ergotamine,I95,hypotension,5.2569951588592794e-08,False,1549.0,100.0,100.0
Tizanidine,I95,hypotension,2.195595840860532e-05,False,458.0,100.0,100.0
Tamsulosin,I95,hypotension,4.06217811471508e-05,False,438.0,100.0,100.0
Apomorphine,I95,hypotension,0.0006826389537477,False,1261.0,100.0,100.0
Methoxamine,I95,hypotension,3.080897870193626e-06,True,1311.0,100.0,100.0
Trimipramine,I95,hypotension,1.665584365502053e-07,False,21.0,100.0,100.0
Risperidone,I95,hypotension,6.808365092012321e-08,False,223.0,100.0,100.0
Epinastine,I95,hypotension,0.0191019599576412,False,10.0,100.0,100.0
Propiomazine,I95,hypotension,0.0004817611311791,False,1.0,100.0,100.0
Tolazoline,I95,hypotension,8.362560448646656e-08,False,1226.0,100.0,100.0
Fenoldopam,I95,hypotension,1.5239099322373466e-12,False,676.0,100.0,100.0
Dobutamine,I95,hypotension,2.195595840860532e-05,False,1236.0,100.0,100.0
Pseudoephedrine,I95,hypotension,2.4794531647289316e-06,False,50.0,100.0,100.0
Benzphetamine,I95,hypotension,0.0105720719106021,False,9.0,100.0,100.0
Alprenolol,I95,hypotension,2.195595840860532e-05,False,2318.0,100.0,100.0
Terbutaline,I95,hypotension,9.924394189953576e-06,False,498.0,100.0,100.0
Quinidine,I95,hypotension,0.00230803010396,False,1115.0,100.0,100.0
Phenoxybenzamine,I95,hypotension,7.006684865421456e-14,False,5514.0,100.0,100.0
Maprotiline,I95,hypotension,0.040589366027179,False,103.0,100.0,100.0
Oxymetazoline,I95,hypotension,9.722697166965145e-14,False,367.0,100.0,100.0
Salmeterol,I95,hypotension,6.575933592167309e-05,False,47.0,100.0,100.0
Pindolol,I95,hypotension,4.06217811471508e-05,False,3926.0,100.0,100.0
Apraclonidine,I95,hypotension,3.080897870193626e-06,False,429.0,100.0,100.0
Formoterol,I95,hypotension,6.575933592167309e-05,False,47.0,100.0,100.0
Salbutamol,I95,hypotension,9.924394189953576e-06,False,915.0,100.0,100.0
Guanfacine,I95,hypotension,0.0059428524022876,False,949.0,100.0,100.0
Ergoloid mesylate,I95,hypotension,0.0059428524022876,False,141.0,100.0,100.0
Isoprenaline,I95,hypotension,0.0001882186058766,False,10606.0,100.0,100.0
Arbutamine,I95,hypotension,3.080897870193626e-06,False,3.0,100.0,100.0
Carvedilol,I95,hypotension,1.2743214227372057e-13,False,3280.0,100.0,100.0
Doxepin,I95,hypotension,4.972491667497367e-09,False,64.0,100.0,100.0
Nefazodone,I95,hypotension,0.0006826389537477,False,27.0,100.0,100.0
Desipramine,I95,hypotension,7.164364834408563e-05,False,1352.0,100.0,100.0
Terazosin,I95,hypotension,6.575933592167309e-05,False,752.0,100.0,100.0
Propafenone,I95,hypotension,0.0191019599576412,False,196.0,100.0,100.0
Pergolide,I95,hypotension,4.0410275292403247e-10,False,81.0,100.0,100.0
Acebutolol,I95,hypotension,0.0059428524022876,False,955.0,100.0,100.0
Bromocriptine,I95,hypotension,7.071497214230287e-10,False,447.0,100.0,100.0
Nadolol,I95,hypotension,0.002305821336832,False,1002.0,100.0,100.0
Levobunolol,I95,hypotension,0.0009632223307825,False,163.0,100.0,100.0
Metipranolol,I95,hypotension,0.0009632223307825,False,272.0,100.0,100.0
Quetiapine,I95,hypotension,7.043440909466353e-09,False,165.0,100.0,100.0
Aripiprazole,I95,hypotension,5.010979079368293e-07,False,82.0,100.0,100.0
Paliperidone,I95,hypotension,5.2569951588592794e-08,False,21.0,100.0,100.0
Fenoterol,I95,hypotension,3.080897870193626e-06,False,149.0,100.0,100.0
Pirbuterol,I95,hypotension,0.0009632223307825,False,14.0,100.0,100.0
Bevantolol,I95,hypotension,3.080897870193626e-06,False,44.0,100.0,100.0
Penbutolol,I95,hypotension,0.0059428524022876,False,210.0,100.0,100.0
Ephedra,I95,hypotension,5.204415744331891e-11,False,18.0,100.0,100.0
Mephentermine,I95,hypotension,0.0009632223307825,False,107.0,100.0,100.0
Yohimbine,I95,hypotension,0.0004817611311791,False,19817.0,100.0,100.0
Methotrimeprazine,I95,hypotension,9.146539910736667e-10,False,63.0,100.0,100.0
Clenbuterol,I95,hypotension,6.575933592167309e-05,False,198.0,100.0,100.0
Dextroamphetamine,I95,hypotension,0.0105720719106021,False,670.0,100.0,100.0
Methamphetamine,I95,hypotension,0.0004817611311791,False,397.0,100.0,100.0
Phendimetrazine,I95,hypotension,0.002305821336832,False,0.0,100.0,100.0
Oxprenolol,I95,hypotension,2.195595840860532e-05,False,1136.0,100.0,100.0
Propericiazine,I95,hypotension,0.0039691930490076,False,10.0,100.0,100.0
Acepromazine,I95,hypotension,0.0133367225008653,False,117.0,100.0,100.0
Thioproperazine,I95,hypotension,0.0133367225008653,False,17.0,100.0,100.0
Zuclopenthixol,I95,hypotension,0.0133367225008653,False,19.0,100.0,100.0
Celiprolol,I95,hypotension,4.747762899580675e-13,False,452.0,100.0,100.0
Dronedarone,I95,hypotension,6.028176790985661e-12,False,20.0,100.0,100.0
Nebivolol,I95,hypotension,0.002305821336832,False,1010.0,100.0,100.0
Iloperidone,I95,hypotension,0.0445836541387638,False,16.0,100.0,100.0
Lofexidine,I95,hypotension,0.0221971819867271,False,176.0,100.0,100.0
Sertindole,I95,hypotension,0.0001882186058766,False,16.0,100.0,100.0
Mianserin,I95,hypotension,2.494361461194067e-05,False,401.0,100.0,100.0
Pizotifen,I95,hypotension,2.1541504823209023e-10,False,98.0,100.0,100.0
Silodosin,I95,hypotension,6.575933592167309e-05,False,138.0,100.0,100.0
Asenapine,I95,hypotension,1.4177470563247587e-09,False,7.0,100.0,100.0
Droxidopa,I95,hypotension,1.0251064099971626e-19,True,260.0,100.0,100.0
Xylometazoline,I95,hypotension,9.722697166965145e-14,False,17.0,100.0,100.0
Naphazoline,I95,hypotension,0.0009632223307825,False,118.0,100.0,100.0
Bopindolol,I95,hypotension,2.195595840860532e-05,False,129.0,100.0,100.0
Bupranolol,I95,hypotension,3.080897870193626e-06,False,230.0,100.0,100.0
Lurasidone,I95,hypotension,0.0105720719106021,False,9.0,100.0,100.0
Brexpiprazole,I95,hypotension,0.0105720719106021,False,2.0,100.0,100.0
Dosulepin,I95,hypotension,0.040589366027179,False,13.0,100.0,100.0
Lorpiprazole,I95,hypotension,0.0161350013579979,False,0.0,100.0,100.0
Pipamperone,I95,hypotension,0.0133367225008653,False,17.0,100.0,100.0
Racepinephrine,I95,hypotension,3.4487112050932344e-22,False,4.0,100.0,100.0
Dihydroergocornine,I95,hypotension,0.002305821336832,False,4.0,100.0,100.0
DL-Methylephedrine,I95,hypotension,3.080897870193626e-06,False,0.0,100.0,100.0
Tiapride,I95,hypotension,0.0059428524022876,False,15.0,100.0,100.0
Dihydroergocristine,I95,hypotension,0.0039691930490076,False,35.0,100.0,100.0
Aripiprazole lauroxil,I95,hypotension,5.010979079368293e-07,False,2.0,100.0,100.0
Arsenic trioxide,J13,pneumonia due to streptococcus pneumoniae,0.0053627313728521,False,0.0,33.333333333333336,0.0
Foreskin keratinocyte (neonatal),J15,bacterial pneumonia,0.0109548107975341,False,0.0,100.0,80.0
Binimetinib,J15,bacterial pneumonia,0.0055629048122122,False,0.0,100.0,60.0
Etanercept,J18,"pneumonia, organism",0.0443373420181363,False,8.0,100.0,100.0
Nicotine,J18,"pneumonia, organism",0.0022205612805164,False,21.0,100.0,100.0
Marimastat,J18,"pneumonia, organism",0.0100509390770745,False,1.0,100.0,100.0
Clobetasol propionate,J18,"pneumonia, organism",0.0402886581620646,False,0.0,100.0,100.0
Pentolinium,J18,"pneumonia, organism",0.0402886581620646,False,0.0,100.0,100.0
Ginseng,J18,"pneumonia, organism",0.0402886581620646,False,6.0,100.0,100.0
Rilonacept,J18,"pneumonia, organism",0.0402886581620646,False,2.0,100.0,100.0
Polaprezinc,J18,"pneumonia, organism",0.0443373420181363,False,0.0,100.0,100.0
Foreskin fibroblast (neonatal),J18,"pneumonia, organism",1.7013780969466147e-05,False,0.0,100.0,100.0
Foreskin keratinocyte (neonatal),J18,"pneumonia, organism",2.7210760355368127e-05,False,0.0,100.0,100.0
Tasonermin,J18,"pneumonia, organism",0.0172743697093726,False,0.0,100.0,100.0
Binimetinib,J18,"pneumonia, organism",0.0090770122728302,False,0.0,100.0,100.0
Propranolol,J20,acute bronchitis,0.0007819194695337,False,3.0,100.0,66.66666666666667
Orciprenaline,J20,acute bronchitis,0.0336877723922002,False,19.0,0.0,66.66666666666667
Isoprenaline,J20,acute bronchitis,0.0003901852864458,False,11.0,100.0,66.66666666666667
Carvedilol,J20,acute bronchitis,0.0020569260513916,False,0.0,50.0,100.0
Procaterol,J20,acute bronchitis,0.0336877723922002,False,0.0,0.0,66.66666666666667
Clenbuterol,J20,acute bronchitis,0.0002048055124329,False,7.0,100.0,100.0
Protokylol,J20,acute bronchitis,0.0336877723922002,False,0.0,0.0,66.66666666666667
Etafedrine,J20,acute bronchitis,0.0336877723922002,True,0.0,0.0,66.66666666666667
Succinylcholine,J30,vasomotor and allergic rhinitis,0.0090770122728302,False,0.0,100.0,0.0
Midodrine,J30,vasomotor and allergic rhinitis,0.0052862110464351,False,6.0,100.0,40.0
Citalopram,J30,vasomotor and allergic rhinitis,0.0054759059410615,False,41.0,100.0,60.0
Isoetarine,J30,vasomotor and allergic rhinitis,0.0293524420742176,False,2.0,75.0,0.0
Ziprasidone,J30,vasomotor and allergic rhinitis,8.084609586775588e-08,False,0.0,100.0,100.0
Cabergoline,J30,vasomotor and allergic rhinitis,1.0806535136412077e-07,False,0.0,100.0,100.0
Dapiprazole,J30,vasomotor and allergic rhinitis,0.0008675585636316,False,0.0,100.0,100.0
Amitriptyline,J30,vasomotor and allergic rhinitis,1.0375616712738136e-08,False,14.0,100.0,100.0
Ipratropium,J30,vasomotor and allergic rhinitis,0.0140340086234654,False,108.0,75.0,80.0
Olanzapine,J30,vasomotor and allergic rhinitis,3.141998224451228e-09,False,1.0,100.0,100.0
Metixene,J30,vasomotor and allergic rhinitis,0.0052862110464351,False,0.0,75.0,40.0
Terfenadine,J30,vasomotor and allergic rhinitis,0.0069384848142996,False,444.0,100.0,60.0
Alfuzosin,J30,vasomotor and allergic rhinitis,0.0052862110464351,False,0.0,75.0,60.0
Buclizine,J30,vasomotor and allergic rhinitis,0.0293524420742176,False,2.0,75.0,0.0
Clozapine,J30,vasomotor and allergic rhinitis,9.67329332670647e-07,False,6.0,100.0,100.0
Norepinephrine,J30,vasomotor and allergic rhinitis,3.6912032349638306e-11,False,1865.0,100.0,100.0
Mirtazapine,J30,vasomotor and allergic rhinitis,8.70087463656755e-06,False,6.0,100.0,80.0
Trihexyphenidyl,J30,vasomotor and allergic rhinitis,0.0052862110464351,False,0.0,75.0,40.0
Oxyphencyclimine,J30,vasomotor and allergic rhinitis,0.0008675585636316,False,0.0,100.0,100.0
Procyclidine,J30,vasomotor and allergic rhinitis,0.0025915914519184,False,0.0,100.0,60.0
Phenylephrine,J30,vasomotor and allergic rhinitis,0.0052862110464351,False,597.0,100.0,40.0
Phenylpropanolamine,J30,vasomotor and allergic rhinitis,0.0090770122728302,False,77.0,100.0,0.0
Loxapine,J30,vasomotor and allergic rhinitis,2.622776908309768e-10,False,0.0,100.0,100.0
Carbachol,J30,vasomotor and allergic rhinitis,0.0140340086234654,False,95.0,50.0,40.0
Promazine,J30,vasomotor and allergic rhinitis,1.7004372798696054e-06,False,3.0,100.0,100.0
Hyoscyamine,J30,vasomotor and allergic rhinitis,0.0025915914519184,False,3.0,100.0,60.0
Cyproheptadine,J30,vasomotor and allergic rhinitis,0.0006926878306066,True,524.0,100.0,80.0
Dipivefrin,J30,vasomotor and allergic rhinitis,0.0052862110464351,False,0.0,100.0,40.0
Prazosin,J30,vasomotor and allergic rhinitis,0.0003643543403979,False,106.0,100.0,60.0
Imipramine,J30,vasomotor and allergic rhinitis,7.814762027587159e-07,False,22.0,100.0,100.0
Methylscopolamine bromide,J30,vasomotor and allergic rhinitis,0.0008675585636316,False,0.0,100.0,100.0
Chlorpromazine,J30,vasomotor and allergic rhinitis,3.0580342486575757e-05,False,56.0,100.0,60.0
Brimonidine,J30,vasomotor and allergic rhinitis,0.0025915914519184,False,8.0,100.0,40.0
Darifenacin,J30,vasomotor and allergic rhinitis,0.0140340086234654,False,0.0,75.0,40.0
Anisotropine Methylbromide,J30,vasomotor and allergic rhinitis,0.0008675585636316,False,0.0,100.0,100.0
Nortriptyline,J30,vasomotor and allergic rhinitis,1.3972370414345763e-10,False,1.0,100.0,100.0
Amoxapine,J30,vasomotor and allergic rhinitis,0.0023868678350431,False,0.0,100.0,60.0
Lamotrigine,J30,vasomotor and allergic rhinitis,0.0013228335115898,False,3.0,100.0,80.0
Atropine,J30,vasomotor and allergic rhinitis,0.0270926559470801,False,474.0,50.0,0.0
Clonidine,J30,vasomotor and allergic rhinitis,1.7298294330405818e-05,False,183.0,100.0,100.0
Doxazosin,J30,vasomotor and allergic rhinitis,0.0354430751472214,False,10.0,100.0,40.0
Labetalol,J30,vasomotor and allergic rhinitis,0.0052862110464351,False,5.0,100.0,40.0
Nicardipine,J30,vasomotor and allergic rhinitis,0.0001872889086391,False,15.0,100.0,80.0
Epinephrine,J30,vasomotor and allergic rhinitis,7.3944159075771e-10,False,936.0,100.0,100.0
Phentolamine,J30,vasomotor and allergic rhinitis,1.8897267141738708e-05,False,320.0,100.0,100.0
Ergotamine,J30,vasomotor and allergic rhinitis,3.55147567865145e-05,False,129.0,100.0,80.0
Tizanidine,J30,vasomotor and allergic rhinitis,0.0052862110464351,False,0.0,75.0,20.0
Tamsulosin,J30,vasomotor and allergic rhinitis,0.0090770122728302,False,1.0,100.0,40.0
Paroxetine,J30,vasomotor and allergic rhinitis,0.0054759059410615,False,61.0,100.0,40.0
Methoxamine,J30,vasomotor and allergic rhinitis,0.0008675585636316,False,59.0,100.0,100.0
Homatropine Methylbromide,J30,vasomotor and allergic rhinitis,0.0052862110464351,False,0.0,75.0,40.0
Trimipramine,J30,vasomotor and allergic rhinitis,2.2897672411427205e-07,False,0.0,100.0,100.0
Risperidone,J30,vasomotor and allergic rhinitis,4.941158136635529e-05,False,1.0,100.0,100.0
Scopolamine,J30,vasomotor and allergic rhinitis,0.0270926559470801,False,31.0,50.0,20.0
Epinastine,J30,vasomotor and allergic rhinitis,0.0354430751472214,False,31.0,75.0,60.0
Propiomazine,J30,vasomotor and allergic rhinitis,1.639870192002493e-07,False,0.0,100.0,100.0
Cryptenamine,J30,vasomotor and allergic rhinitis,0.0052862110464351,False,3.0,75.0,40.0
Tolazoline,J30,vasomotor and allergic rhinitis,1.8353468508078964e-06,False,40.0,100.0,100.0
Fenoldopam,J30,vasomotor and allergic rhinitis,1.3244055133135873e-07,False,0.0,100.0,100.0
Tropicamide,J30,vasomotor and allergic rhinitis,0.0025915914519184,False,0.0,100.0,60.0
Brompheniramine,J30,vasomotor and allergic rhinitis,0.0042414865463885,False,30.0,100.0,40.0
Dobutamine,J30,vasomotor and allergic rhinitis,0.0052862110464351,False,28.0,100.0,40.0
Pseudoephedrine,J30,vasomotor and allergic rhinitis,4.6500855645675065e-06,True,151.0,100.0,100.0
Alprenolol,J30,vasomotor and allergic rhinitis,0.0052862110464351,False,6.0,100.0,40.0
Terbutaline,J30,vasomotor and allergic rhinitis,0.0025915914519184,False,26.0,100.0,60.0
Phenoxybenzamine,J30,vasomotor and allergic rhinitis,4.8172512828587694e-08,False,196.0,100.0,100.0
Maprotiline,J30,vasomotor and allergic rhinitis,4.672057555295982e-07,False,0.0,100.0,100.0
Oxymetazoline,J30,vasomotor and allergic rhinitis,7.710567270079507e-09,False,70.0,100.0,100.0
Salmeterol,J30,vasomotor and allergic rhinitis,0.0140340086234654,False,36.0,50.0,80.0
Pindolol,J30,vasomotor and allergic rhinitis,0.0090770122728302,False,12.0,100.0,20.0
Apraclonidine,J30,vasomotor and allergic rhinitis,0.0008675585636316,False,4.0,100.0,100.0
Formoterol,J30,vasomotor and allergic rhinitis,0.0140340086234654,False,22.0,75.0,40.0
Glycopyrronium,J30,vasomotor and allergic rhinitis,0.0008675585636316,False,2.0,100.0,100.0
Salbutamol,J30,vasomotor and allergic rhinitis,0.0025915914519184,False,157.0,100.0,60.0
Bethanechol,J30,vasomotor and allergic rhinitis,0.0025915914519184,False,2.0,100.0,60.0
Tolterodine,J30,vasomotor and allergic rhinitis,0.0270926559470801,False,0.0,50.0,40.0
Oxybutynin,J30,vasomotor and allergic rhinitis,0.0140340086234654,False,11.0,75.0,80.0
Isoprenaline,J30,vasomotor and allergic rhinitis,0.0354430751472214,False,355.0,75.0,40.0
Promethazine,J30,vasomotor and allergic rhinitis,0.0003643543403979,False,31.0,100.0,60.0
Pilocarpine,J30,vasomotor and allergic rhinitis,0.0140340086234654,False,22.0,50.0,40.0
Arbutamine,J30,vasomotor and allergic rhinitis,0.0008675585636316,False,0.0,100.0,100.0
Carvedilol,J30,vasomotor and allergic rhinitis,8.370745812446448e-07,False,4.0,100.0,100.0
Doxepin,J30,vasomotor and allergic rhinitis,1.3972370414345763e-10,False,7.0,100.0,100.0
Flavoxate,J30,vasomotor and allergic rhinitis,0.0293524420742176,False,0.0,75.0,0.0
Nefazodone,J30,vasomotor and allergic rhinitis,0.0086476198515022,False,0.0,100.0,60.0
Desipramine,J30,vasomotor and allergic rhinitis,1.3884917871102578e-07,False,21.0,100.0,100.0
Terazosin,J30,vasomotor and allergic rhinitis,0.0140340086234654,False,0.0,100.0,40.0
Escitalopram,J30,vasomotor and allergic rhinitis,0.0011044234137298,False,26.0,100.0,80.0
Pergolide,J30,vasomotor and allergic rhinitis,4.941158136635529e-05,False,1.0,100.0,80.0
Bromocriptine,J30,vasomotor and allergic rhinitis,8.820880995313059e-05,False,7.0,100.0,80.0
Levobunolol,J30,vasomotor and allergic rhinitis,0.0293524420742176,False,1.0,75.0,0.0
Metipranolol,J30,vasomotor and allergic rhinitis,0.0293524420742176,False,0.0,75.0,0.0
Quetiapine,J30,vasomotor and allergic rhinitis,5.805156107069466e-09,False,1.0,100.0,100.0
Diphenidol,J30,vasomotor and allergic rhinitis,0.0008675585636316,False,0.0,100.0,100.0
Aripiprazole,J30,vasomotor and allergic rhinitis,6.063090052324799e-08,False,1.0,100.0,100.0
Chlorprothixene,J30,vasomotor and allergic rhinitis,0.0042414865463885,False,1.0,100.0,40.0
Paliperidone,J30,vasomotor and allergic rhinitis,3.55147567865145e-05,False,0.0,100.0,100.0
Fenoterol,J30,vasomotor and allergic rhinitis,0.0008675585636316,False,11.0,100.0,100.0
Pirbuterol,J30,vasomotor and allergic rhinitis,0.0293524420742176,False,2.0,75.0,0.0
Bevantolol,J30,vasomotor and allergic rhinitis,0.0008675585636316,False,0.0,100.0,100.0
Ephedra,J30,vasomotor and allergic rhinitis,9.107412098983445e-08,False,7.0,100.0,100.0
Mephentermine,J30,vasomotor and allergic rhinitis,0.0293524420742176,False,8.0,75.0,0.0
Methotrimeprazine,J30,vasomotor and allergic rhinitis,1.6133471484328835e-10,False,2.0,100.0,100.0
Clenbuterol,J30,vasomotor and allergic rhinitis,0.0140340086234654,False,5.0,100.0,100.0
Tiotropium,J30,vasomotor and allergic rhinitis,0.0270926559470801,False,7.0,75.0,60.0
Dextroamphetamine,J30,vasomotor and allergic rhinitis,0.0140340086234654,False,12.0,75.0,20.0
Methamphetamine,J30,vasomotor and allergic rhinitis,0.0054759059410615,False,13.0,100.0,60.0
Phendimetrazine,J30,vasomotor and allergic rhinitis,0.0008675585636316,False,0.0,100.0,100.0
Oxprenolol,J30,vasomotor and allergic rhinitis,0.0052862110464351,False,2.0,100.0,40.0
Solifenacin,J30,vasomotor and allergic rhinitis,0.0090770122728302,False,1.0,75.0,40.0
Acepromazine,J30,vasomotor and allergic rhinitis,0.0198682044808521,False,5.0,75.0,60.0
Thioproperazine,J30,vasomotor and allergic rhinitis,0.0198682044808521,False,1.0,75.0,60.0
Zuclopenthixol,J30,vasomotor and allergic rhinitis,0.0198682044808521,False,0.0,75.0,60.0
Acetylcholine,J30,vasomotor and allergic rhinitis,0.0270926559470801,False,0.0,75.0,60.0
Mepenzolate,J30,vasomotor and allergic rhinitis,0.0293524420742176,False,0.0,75.0,0.0
Celiprolol,J30,vasomotor and allergic rhinitis,4.0655071433649425e-08,False,1.0,100.0,100.0
Dronedarone,J30,vasomotor and allergic rhinitis,1.567914169300882e-07,False,0.0,100.0,100.0
Sertindole,J30,vasomotor and allergic rhinitis,0.0354430751472214,False,0.0,100.0,60.0
Mianserin,J30,vasomotor and allergic rhinitis,0.0001872889086391,False,1.0,100.0,60.0
Pizotifen,J30,vasomotor and allergic rhinitis,9.52577005027014e-12,False,9.0,100.0,100.0
Silodosin,J30,vasomotor and allergic rhinitis,0.0140340086234654,False,0.0,75.0,0.0
Asenapine,J30,vasomotor and allergic rhinitis,8.70087463656755e-06,False,0.0,100.0,80.0
Droxidopa,J30,vasomotor and allergic rhinitis,2.7943049613078194e-13,False,1.0,100.0,100.0
Xylometazoline,J30,vasomotor and allergic rhinitis,7.710567270079507e-09,False,30.0,100.0,100.0
Fesoterodine,J30,vasomotor and allergic rhinitis,0.0198682044808521,False,0.0,75.0,40.0
Naphazoline,J30,vasomotor and allergic rhinitis,0.0293524420742176,False,37.0,75.0,0.0
Hexocyclium,J30,vasomotor and allergic rhinitis,0.0025915914519184,False,0.0,100.0,60.0
Dimetindene,J30,vasomotor and allergic rhinitis,0.0293524420742176,False,21.0,75.0,0.0
Bopindolol,J30,vasomotor and allergic rhinitis,0.0052862110464351,False,0.0,75.0,20.0
Bupranolol,J30,vasomotor and allergic rhinitis,0.0008675585636316,False,0.0,100.0,100.0
Aclidinium,J30,vasomotor and allergic rhinitis,0.0090770122728302,False,0.0,100.0,20.0
Umeclidinium,J30,vasomotor and allergic rhinitis,0.0140340086234654,False,0.0,75.0,40.0
Trimebutine,J30,vasomotor and allergic rhinitis,0.0198682044808521,False,0.0,75.0,40.0
Dosulepin,J30,vasomotor and allergic rhinitis,4.672057555295982e-07,False,0.0,100.0,100.0
Lorpiprazole,J30,vasomotor and allergic rhinitis,0.0011044234137298,False,0.0,100.0,80.0
Imidafenacin,J30,vasomotor and allergic rhinitis,0.0003954836592101,False,0.0,100.0,80.0
Butylscopolamine,J30,vasomotor and allergic rhinitis,0.0293524420742176,False,0.0,75.0,0.0
Racepinephrine,J30,vasomotor and allergic rhinitis,1.20571318751214e-13,False,0.0,100.0,100.0
Homatropine,J30,vasomotor and allergic rhinitis,0.0090770122728302,False,1.0,75.0,20.0
Thonzylamine,J30,vasomotor and allergic rhinitis,0.0001939614347913,False,0.0,100.0,100.0
DL-Methylephedrine,J30,vasomotor and allergic rhinitis,0.0008675585636316,False,0.0,100.0,100.0
Propiverine,J30,vasomotor and allergic rhinitis,0.0023501150980382,False,0.0,75.0,40.0
Aripiprazole lauroxil,J30,vasomotor and allergic rhinitis,6.063090052324799e-08,False,1.0,100.0,100.0
Adenosine monophosphate,J41,simple and mucopurulent chronic bronchitis,0.0329111119675689,False,0.0,0.0,0.0
Cevimeline,J41,simple and mucopurulent chronic bronchitis,0.0042979903519881,False,0.0,50.0,50.0
Tramadol,J41,simple and mucopurulent chronic bronchitis,0.0239728934108461,False,0.0,25.0,75.0
Succinylcholine,J41,simple and mucopurulent chronic bronchitis,0.0059478360077432,False,0.0,50.0,25.0
Disopyramide,J41,simple and mucopurulent chronic bronchitis,0.0188268010789048,False,0.0,50.0,75.0
Ipratropium,J41,simple and mucopurulent chronic bronchitis,0.0077783595357226,False,0.0,0.0,75.0
Metixene,J41,simple and mucopurulent chronic bronchitis,0.0042979903519881,False,0.0,25.0,75.0
Terfenadine,J41,simple and mucopurulent chronic bronchitis,0.0269126054883881,False,0.0,0.0,75.0
Trihexyphenidyl,J41,simple and mucopurulent chronic bronchitis,0.0042979903519881,False,0.0,25.0,75.0
Oxyphencyclimine,J41,simple and mucopurulent chronic bronchitis,0.0016822922042252,False,0.0,25.0,100.0
Procyclidine,J41,simple and mucopurulent chronic bronchitis,0.0028940896805361,False,0.0,25.0,75.0
Carbachol,J41,simple and mucopurulent chronic bronchitis,0.0077783595357226,False,0.0,0.0,75.0
Promazine,J41,simple and mucopurulent chronic bronchitis,0.0390090874190526,False,0.0,100.0,100.0
Hyoscyamine,J41,simple and mucopurulent chronic bronchitis,0.0028940896805361,False,0.0,25.0,75.0
Cyproheptadine,J41,simple and mucopurulent chronic bronchitis,0.0096252274410785,False,0.0,50.0,100.0
Methylscopolamine bromide,J41,simple and mucopurulent chronic bronchitis,0.0016822922042252,False,0.0,25.0,100.0
Darifenacin,J41,simple and mucopurulent chronic bronchitis,0.0077783595357226,False,0.0,0.0,75.0
Anisotropine Methylbromide,J41,simple and mucopurulent chronic bronchitis,0.0016822922042252,False,0.0,25.0,100.0
Atropine,J41,simple and mucopurulent chronic bronchitis,0.0118659647290911,False,0.0,50.0,25.0
Dyphylline,J41,simple and mucopurulent chronic bronchitis,1.468907380042849e-07,False,0.0,100.0,50.0
Paroxetine,J41,simple and mucopurulent chronic bronchitis,0.0239728934108461,False,0.0,75.0,75.0
Homatropine Methylbromide,J41,simple and mucopurulent chronic bronchitis,0.0042979903519881,False,0.0,25.0,75.0
Scopolamine,J41,simple and mucopurulent chronic bronchitis,0.0118659647290911,False,0.0,50.0,50.0
Propiomazine,J41,simple and mucopurulent chronic bronchitis,0.0239728934108461,False,0.0,50.0,100.0
Cryptenamine,J41,simple and mucopurulent chronic bronchitis,0.0042979903519881,False,0.0,25.0,75.0
Pentoxifylline,J41,simple and mucopurulent chronic bronchitis,0.0077783595357226,False,0.0,25.0,25.0
Tropicamide,J41,simple and mucopurulent chronic bronchitis,0.0028940896805361,False,0.0,25.0,75.0
Enprofylline,J41,simple and mucopurulent chronic bronchitis,0.0059478360077432,False,0.0,25.0,25.0
Brompheniramine,J41,simple and mucopurulent chronic bronchitis,0.0212490965460008,False,0.0,0.0,50.0
Maprotiline,J41,simple and mucopurulent chronic bronchitis,0.0299460072715675,False,0.0,100.0,100.0
Glycopyrronium,J41,simple and mucopurulent chronic bronchitis,0.0016822922042252,False,0.0,25.0,100.0
Bethanechol,J41,simple and mucopurulent chronic bronchitis,0.0028940896805361,False,0.0,25.0,75.0
Tolterodine,J41,simple and mucopurulent chronic bronchitis,0.0118659647290911,False,0.0,0.0,50.0
Oxybutynin,J41,simple and mucopurulent chronic bronchitis,0.0077783595357226,False,0.0,0.0,75.0
Promethazine,J41,simple and mucopurulent chronic bronchitis,0.0269126054883881,False,0.0,75.0,100.0
Pilocarpine,J41,simple and mucopurulent chronic bronchitis,0.0077783595357226,False,0.0,50.0,75.0
Iloprost,J41,simple and mucopurulent chronic bronchitis,5.783033505015091e-07,False,0.0,100.0,50.0
Desipramine,J41,simple and mucopurulent chronic bronchitis,0.0023506354308989,False,0.0,100.0,100.0
Diphenidol,J41,simple and mucopurulent chronic bronchitis,0.0016822922042252,False,0.0,25.0,100.0
Chlorprothixene,J41,simple and mucopurulent chronic bronchitis,0.0212490965460008,False,0.0,50.0,75.0
Methotrimeprazine,J41,simple and mucopurulent chronic bronchitis,0.0489783657996184,False,0.0,100.0,100.0
Tiotropium,J41,simple and mucopurulent chronic bronchitis,0.0118659647290911,False,0.0,0.0,50.0
Solifenacin,J41,simple and mucopurulent chronic bronchitis,0.0059478360077432,False,0.0,25.0,75.0
Roflumilast,J41,simple and mucopurulent chronic bronchitis,3.89500512428405e-09,False,0.0,100.0,100.0
Acetylcholine,J41,simple and mucopurulent chronic bronchitis,0.0118659647290911,False,0.0,25.0,50.0
Mepenzolate,J41,simple and mucopurulent chronic bronchitis,0.0006929546588287,False,0.0,50.0,25.0
Crisaborole,J41,simple and mucopurulent chronic bronchitis,1.468907380042849e-07,False,0.0,100.0,75.0
Ibudilast,J41,simple and mucopurulent chronic bronchitis,1.553946437209673e-08,False,0.0,100.0,100.0
Apremilast,J41,simple and mucopurulent chronic bronchitis,5.7469843869503194e-05,False,0.0,100.0,100.0
Pizotifen,J41,simple and mucopurulent chronic bronchitis,0.0329111119675689,False,0.0,50.0,100.0
Fesoterodine,J41,simple and mucopurulent chronic bronchitis,0.0096252274410785,False,0.0,0.0,50.0
Hexocyclium,J41,simple and mucopurulent chronic bronchitis,0.0028940896805361,False,0.0,25.0,75.0
Aclidinium,J41,simple and mucopurulent chronic bronchitis,0.0059478360077432,False,0.0,50.0,50.0
Umeclidinium,J41,simple and mucopurulent chronic bronchitis,0.0077783595357226,False,0.0,0.0,75.0
Trimebutine,J41,simple and mucopurulent chronic bronchitis,0.0096252274410785,False,0.0,0.0,50.0
Dosulepin,J41,simple and mucopurulent chronic bronchitis,0.0299460072715675,False,0.0,100.0,100.0
Imidafenacin,J41,simple and mucopurulent chronic bronchitis,0.0077783595357226,False,0.0,0.0,75.0
Homatropine,J41,simple and mucopurulent chronic bronchitis,0.0059478360077432,False,0.0,25.0,50.0
Thonzylamine,J41,simple and mucopurulent chronic bronchitis,0.0059478360077432,False,0.0,25.0,100.0
Propiverine,J41,simple and mucopurulent chronic bronchitis,0.0163046584418511,False,0.0,25.0,50.0
Nicotine,J42,chronic bronchitis,0.0001403554484166,False,80.0,66.66666666666667,25.0
Cevimeline,J42,chronic bronchitis,0.0083768481326527,False,0.0,66.66666666666667,25.0
Tramadol,J42,chronic bronchitis,0.0458251198510291,False,0.0,100.0,25.0
Succinylcholine,J42,chronic bronchitis,0.0115049123878963,False,1.0,100.0,0.0
Theophylline,J42,chronic bronchitis,0.0032160863122961,True,290.0,100.0,0.0
Disopyramide,J42,chronic bronchitis,0.035771602294568,False,1.0,33.333333333333336,75.0
Ipratropium,J42,chronic bronchitis,0.0148925165483561,True,131.0,66.66666666666667,25.0
Metixene,J42,chronic bronchitis,0.0083768481326527,False,0.0,100.0,25.0
Chlorzoxazone,J42,chronic bronchitis,0.0148925165483561,False,0.0,33.333333333333336,0.0
Clozapine,J42,chronic bronchitis,0.0003483749769213,False,0.0,100.0,50.0
Trihexyphenidyl,J42,chronic bronchitis,0.0083768481326527,False,0.0,100.0,25.0
Oxyphencyclimine,J42,chronic bronchitis,0.0032485951279605,False,0.0,100.0,50.0
Procyclidine,J42,chronic bronchitis,0.0055629048122122,False,0.0,100.0,25.0
Progesterone,J42,chronic bronchitis,0.004639216390017,False,5.0,66.66666666666667,75.0
Carbachol,J42,chronic bronchitis,0.0148925165483561,False,12.0,66.66666666666667,25.0
Hyoscyamine,J42,chronic bronchitis,0.0055629048122122,False,0.0,100.0,25.0
Cyproheptadine,J42,chronic bronchitis,0.0185255658349739,False,0.0,100.0,50.0
Methylscopolamine bromide,J42,chronic bronchitis,0.0032485951279605,False,0.0,100.0,50.0
Dronabinol,J42,chronic bronchitis,0.0266973025279406,False,2.0,0.0,25.0
Darifenacin,J42,chronic bronchitis,0.0148925165483561,False,0.0,66.66666666666667,25.0
Anisotropine Methylbromide,J42,chronic bronchitis,0.0032485951279605,False,0.0,100.0,50.0
Methoxsalen,J42,chronic bronchitis,0.0083768481326527,False,0.0,66.66666666666667,0.0
Cinnarizine,J42,chronic bronchitis,0.0013587219023243,False,0.0,100.0,50.0
Atropine,J42,chronic bronchitis,0.0223520897680099,False,130.0,100.0,0.0
Clofibrate,J42,chronic bronchitis,0.0185255658349739,False,0.0,0.0,0.0
Dyphylline,J42,chronic bronchitis,7.097244389683198e-07,True,2.0,100.0,25.0
Paroxetine,J42,chronic bronchitis,0.0458251198510291,False,2.0,100.0,25.0
Homatropine Methylbromide,J42,chronic bronchitis,0.0083768481326527,False,0.0,100.0,25.0
Scopolamine,J42,chronic bronchitis,0.0223520897680099,False,14.0,100.0,0.0
Propiomazine,J42,chronic bronchitis,0.0458251198510291,False,0.0,100.0,50.0
Cryptenamine,J42,chronic bronchitis,0.0083768481326527,False,0.0,100.0,25.0
Dicyclomine,J42,chronic bronchitis,0.0032485951279605,False,0.0,100.0,50.0
Pentoxifylline,J42,chronic bronchitis,0.0148925165483561,False,4.0,33.333333333333336,0.0
Tropicamide,J42,chronic bronchitis,0.0055629048122122,False,0.0,100.0,25.0
Enprofylline,J42,chronic bronchitis,0.0115049123878963,False,2.0,66.66666666666667,0.0
Brompheniramine,J42,chronic bronchitis,0.0406829687311846,False,0.0,33.333333333333336,25.0
Prednisolone,J42,chronic bronchitis,0.0115049123878963,False,84.0,66.66666666666667,0.0
Clomifene,J42,chronic bronchitis,0.0266973025279406,False,0.0,33.333333333333336,0.0
Ethanol,J42,chronic bronchitis,0.0376188273658911,False,97.0,66.66666666666667,0.0
Azelastine,J42,chronic bronchitis,0.0406829687311846,False,0.0,33.333333333333336,25.0
Formoterol,J42,chronic bronchitis,0.0148925165483561,False,28.0,66.66666666666667,25.0
Glycopyrronium,J42,chronic bronchitis,0.0032485951279605,False,16.0,100.0,50.0
Clobetasol propionate,J42,chronic bronchitis,0.0032485951279605,False,0.0,100.0,0.0
Bethanechol,J42,chronic bronchitis,0.0055629048122122,False,2.0,100.0,25.0
Tolterodine,J42,chronic bronchitis,0.0223520897680099,False,0.0,33.333333333333336,25.0
Norfloxacin,J42,chronic bronchitis,0.0312532652462582,False,8.0,0.0,25.0
Oxybutynin,J42,chronic bronchitis,0.0148925165483561,False,0.0,66.66666666666667,25.0
Isoprenaline,J42,chronic bronchitis,0.0266973025279406,True,114.0,66.66666666666667,75.0
Pilocarpine,J42,chronic bronchitis,0.0001165566845084,False,3.0,100.0,50.0
Iloprost,J42,chronic bronchitis,2.8350201328535256e-06,False,0.0,100.0,25.0
Carvedilol,J42,chronic bronchitis,0.0042610090769946,False,0.0,100.0,75.0
Desipramine,J42,chronic bronchitis,0.0001577119901875,False,0.0,100.0,50.0
Bupropion,J42,chronic bronchitis,0.035771602294568,False,3.0,33.333333333333336,25.0
Diphenidol,J42,chronic bronchitis,0.0032485951279605,False,0.0,100.0,50.0
Dexamethasone,J42,chronic bronchitis,0.0042610090769946,False,44.0,66.66666666666667,50.0
Chlorprothixene,J42,chronic bronchitis,0.0406829687311846,False,1.0,100.0,25.0
Arformoterol,J42,chronic bronchitis,0.0083768481326527,True,21.0,66.66666666666667,25.0
Clenbuterol,J42,chronic bronchitis,0.0148925165483561,False,13.0,66.66666666666667,75.0
Tiotropium,J42,chronic bronchitis,0.0223520897680099,False,30.0,33.333333333333336,25.0
Solifenacin,J42,chronic bronchitis,0.0115049123878963,False,0.0,100.0,25.0
Roflumilast,J42,chronic bronchitis,1.8128092890176066e-08,True,81.0,100.0,100.0
Acetylcholine,J42,chronic bronchitis,0.0223520897680099,False,81.0,33.333333333333336,25.0
Flunarizine,J42,chronic bronchitis,0.0312532652462582,False,0.0,33.333333333333336,25.0
Mepenzolate,J42,chronic bronchitis,0.0013587219023243,False,0.0,100.0,0.0
Lorcaserin,J42,chronic bronchitis,0.0223520897680099,False,0.0,66.66666666666667,25.0
Crisaborole,J42,chronic bronchitis,7.097244389683198e-07,False,0.0,100.0,25.0
Ibudilast,J42,chronic bronchitis,7.25187889159184e-08,False,0.0,100.0,100.0
Apremilast,J42,chronic bronchitis,0.000175205244658,False,1.0,100.0,100.0
Dapagliflozin,J42,chronic bronchitis,0.0312532652462582,False,0.0,0.0,0.0
Fesoterodine,J42,chronic bronchitis,0.0185255658349739,False,0.0,33.333333333333336,25.0
Hexocyclium,J42,chronic bronchitis,0.0055629048122122,False,0.0,100.0,25.0
Aclidinium,J42,chronic bronchitis,0.0115049123878963,True,9.0,100.0,0.0
Umeclidinium,J42,chronic bronchitis,0.0148925165483561,False,7.0,66.66666666666667,25.0
Trimebutine,J42,chronic bronchitis,0.0185255658349739,False,0.0,33.333333333333336,25.0
Imidafenacin,J42,chronic bronchitis,0.0148925165483561,False,0.0,66.66666666666667,50.0
Homatropine,J42,chronic bronchitis,0.0115049123878963,False,0.0,100.0,0.0
Thonzylamine,J42,chronic bronchitis,0.0115049123878963,False,0.0,100.0,50.0
Propiverine,J42,chronic bronchitis,0.0312532652462582,False,0.0,66.66666666666667,25.0
Glutathione,J43,emphysema,0.0410733773654466,False,164.0,50.0,20.0
Marimastat,J43,emphysema,0.0002198487414227,False,0.0,100.0,100.0
Busulfan,J43,emphysema,0.0221144251552417,False,1.0,100.0,40.0
Glucosamine,J43,emphysema,0.028789280276738,False,7.0,100.0,80.0
Clenbuterol,J43,emphysema,0.028789280276738,False,3.0,100.0,100.0
Menadione,J44,chronic obstructive pulmonary disease,0.0129433635419425,False,1.0,100.0,80.0
Fluvoxamine,J44,chronic obstructive pulmonary disease,0.0336617372825846,False,2.0,100.0,80.0
Nicotine,J44,chronic obstructive pulmonary disease,0.0001385844363425,False,768.0,100.0,100.0
Theophylline,J44,chronic obstructive pulmonary disease,0.0266636565790621,False,969.0,100.0,100.0
Acetaminophen,J44,chronic obstructive pulmonary disease,0.0003878360153117,False,38.0,100.0,80.0
Chlorzoxazone,J44,chronic obstructive pulmonary disease,0.0026974021686111,False,0.0,100.0,100.0
Clozapine,J44,chronic obstructive pulmonary disease,0.0057684864483644,False,4.0,100.0,100.0
Progesterone,J44,chronic obstructive pulmonary disease,0.0479295335510129,False,55.0,100.0,80.0
Streptozocin,J44,chronic obstructive pulmonary disease,0.035771602294568,False,0.0,100.0,80.0
Dextromethorphan,J44,chronic obstructive pulmonary disease,0.0266636565790621,False,10.0,100.0,80.0
Oxaliplatin,J44,chronic obstructive pulmonary disease,8.779584867536655e-05,False,3.0,100.0,100.0
Methoxsalen,J44,chronic obstructive pulmonary disease,0.0211947533303083,False,1.0,100.0,80.0
Diclofenac,J44,chronic obstructive pulmonary disease,0.0479295335510129,False,5.0,100.0,80.0
Cisapride,J44,chronic obstructive pulmonary disease,0.0336617372825846,False,1.0,100.0,80.0
Dexmedetomidine,J44,chronic obstructive pulmonary disease,0.0211947533303083,False,39.0,100.0,100.0
Paroxetine,J44,chronic obstructive pulmonary disease,0.0336617372825846,False,8.0,100.0,80.0
Etoposide,J44,chronic obstructive pulmonary disease,0.0009574407125743,False,20.0,100.0,80.0
Marimastat,J44,chronic obstructive pulmonary disease,0.0224090202575703,False,3.0,100.0,100.0
Dacarbazine,J44,chronic obstructive pulmonary disease,0.0211947533303083,False,2.0,100.0,80.0
Clomifene,J44,chronic obstructive pulmonary disease,0.0105143710452827,False,2.0,100.0,80.0
Isoniazid,J44,chronic obstructive pulmonary disease,0.0336617372825846,False,46.0,100.0,80.0
Carboplatin,J44,chronic obstructive pulmonary disease,0.0418865791916029,False,10.0,100.0,100.0
Azelastine,J44,chronic obstructive pulmonary disease,0.0262240925803043,False,1.0,100.0,80.0
Clobetasol propionate,J44,chronic obstructive pulmonary disease,0.0035870702671861,False,2.0,100.0,100.0
Thalidomide,J44,chronic obstructive pulmonary disease,0.0020105825239497,False,13.0,100.0,100.0
Tegaserod,J44,chronic obstructive pulmonary disease,0.0005670577698352,False,0.0,100.0,100.0
Miconazole,J44,chronic obstructive pulmonary disease,0.0418191604062933,False,1.0,100.0,80.0
Carvedilol,J44,chronic obstructive pulmonary disease,0.0418191604062933,False,39.0,100.0,100.0
Desipramine,J44,chronic obstructive pulmonary disease,0.0016822922042252,False,1.0,100.0,100.0
Bupropion,J44,chronic obstructive pulmonary disease,0.0199014046888666,False,110.0,100.0,80.0
Phenobarbital,J44,chronic obstructive pulmonary disease,0.0080161032512982,False,14.0,100.0,80.0
Dexfenfluramine,J44,chronic obstructive pulmonary disease,0.0045611830941273,False,1.0,100.0,80.0
Dexamethasone,J44,chronic obstructive pulmonary disease,0.0418191604062933,False,326.0,100.0,80.0
Clomipramine,J44,chronic obstructive pulmonary disease,0.0199014046888666,False,1.0,100.0,80.0
Clenbuterol,J44,chronic obstructive pulmonary disease,0.0026974021686111,False,22.0,100.0,100.0
Antipyrine,J44,chronic obstructive pulmonary disease,0.0262240925803043,False,6.0,100.0,80.0
Apremilast,J44,chronic obstructive pulmonary disease,0.0045611830941273,False,20.0,100.0,100.0
Romidepsin,J44,chronic obstructive pulmonary disease,0.0199014046888666,False,0.0,100.0,80.0
Nilvadipine,J44,chronic obstructive pulmonary disease,0.0262240925803043,False,0.0,100.0,80.0
Benzyl alcohol,J44,chronic obstructive pulmonary disease,0.0045611830941273,False,0.0,100.0,80.0
Pomalidomide,J44,chronic obstructive pulmonary disease,0.035771602294568,False,2.0,100.0,100.0
Polaprezinc,J44,chronic obstructive pulmonary disease,0.0418865791916029,False,1.0,100.0,100.0
Foreskin keratinocyte (neonatal),J44,chronic obstructive pulmonary disease,0.0199014046888666,False,0.0,100.0,100.0
Curcumin,J44,chronic obstructive pulmonary disease,0.0262240925803043,False,61.0,100.0,80.0
Binimetinib,J44,chronic obstructive pulmonary disease,0.0045611830941273,False,0.0,100.0,80.0
Cabergoline,J45,asthma,0.004011907335258,False,0.0,100.0,100.0
Theophylline,J45,asthma,0.0494634459560705,True,4635.0,100.0,75.0
Dapiprazole,J45,asthma,0.037165306823786,False,0.0,100.0,100.0
Norepinephrine,J45,asthma,1.9761486512581817e-05,False,336.0,100.0,100.0
Clonidine,J45,asthma,0.004725225169431,False,51.0,100.0,100.0
Dyphylline,J45,asthma,0.0005230340498125,True,22.0,100.0,100.0
Epinephrine,J45,asthma,3.74348043701081e-08,False,2223.0,100.0,100.0
Phentolamine,J45,asthma,0.003942685050333,False,70.0,100.0,100.0
Methoxamine,J45,asthma,0.037165306823786,False,24.0,100.0,100.0
Tolazoline,J45,asthma,0.0304803207157115,False,7.0,100.0,100.0
Fenoldopam,J45,asthma,0.0005230340498125,False,0.0,100.0,100.0
Enprofylline,J45,asthma,3.309505606486179e-05,True,72.0,100.0,100.0
Pseudoephedrine,J45,asthma,0.0113295474658313,False,73.0,100.0,100.0
Phenoxybenzamine,J45,asthma,0.0006726934257945,False,12.0,100.0,100.0
Oxymetazoline,J45,asthma,3.309505606486179e-05,False,20.0,100.0,100.0
Carboplatin,J45,asthma,0.0238012724371897,False,25.0,100.0,100.0
Apraclonidine,J45,asthma,0.037165306823786,False,0.0,100.0,100.0
Iloprost,J45,asthma,0.0396626571681723,False,18.0,100.0,100.0
Arbutamine,J45,asthma,0.037165306823786,False,2.0,100.0,100.0
Carvedilol,J45,asthma,0.0039812641784301,False,23.0,100.0,100.0
Fenoterol,J45,asthma,0.037165306823786,True,800.0,100.0,100.0
Bevantolol,J45,asthma,0.037165306823786,False,4.0,100.0,100.0
Ephedra,J45,asthma,0.0113295474658313,False,101.0,100.0,100.0
Methotrimeprazine,J45,asthma,0.0312532652462582,False,5.0,100.0,100.0
Pranlukast,J45,asthma,0.0157306566683352,False,253.0,100.0,100.0
Amrinone,J45,asthma,0.037165306823786,False,11.0,100.0,100.0
Roflumilast,J45,asthma,0.003942685050333,False,157.0,100.0,100.0
Celiprolol,J45,asthma,0.000170233640637,False,32.0,100.0,100.0
Dronedarone,J45,asthma,0.0312532652462582,False,1.0,100.0,100.0
Defibrotide,J45,asthma,0.037165306823786,False,0.0,100.0,100.0
Ibudilast,J45,asthma,0.0003917159430588,True,35.0,100.0,100.0
Apremilast,J45,asthma,0.0086424601689072,False,0.0,100.0,100.0
Pizotifen,J45,asthma,0.006955001149297,False,3.0,100.0,100.0
Droxidopa,J45,asthma,4.509617242143064e-06,False,0.0,100.0,100.0
Xylometazoline,J45,asthma,3.309505606486179e-05,False,3.0,100.0,100.0
Bupranolol,J45,asthma,0.037165306823786,False,1.0,100.0,100.0
Polaprezinc,J45,asthma,0.0031671370116039,False,1.0,100.0,100.0
Racepinephrine,J45,asthma,1.796921978407857e-08,True,11.0,100.0,100.0
DL-Methylephedrine,J45,asthma,0.037165306823786,False,0.0,100.0,100.0
Propranolol,J46,status asthmaticus,0.0018820540997838,False,4.0,0.0,0.0
Etoposide,J46,status asthmaticus,0.0027761755742296,False,0.0,0.0,0.0
Orciprenaline,J46,status asthmaticus,0.0458502670625731,False,17.0,0.0,0.0
Salmeterol,J46,status asthmaticus,0.0005164202079362,False,4.0,100.0,66.66666666666667
Procaterol,J46,status asthmaticus,0.0458502670625731,False,2.0,0.0,0.0
Protokylol,J46,status asthmaticus,0.0458502670625731,False,0.0,0.0,0.0
Etafedrine,J46,status asthmaticus,0.0458502670625731,False,0.0,0.0,0.0
Triamterene,J47,bronchiectasis,7.093751655687119e-05,False,1.0,100.0,100.0
Amiloride,J47,bronchiectasis,0.000950281166973,False,4.0,0.0,0.0
Rilonacept,J60,coalworker's pneumoconiosis,2.240742536665761e-07,False,0.0,0.0,0.0
Foreskin keratinocyte (neonatal),J60,coalworker's pneumoconiosis,0.0060011779696427,False,0.0,0.0,0.0
Binimetinib,J60,coalworker's pneumoconiosis,0.0030712880686132,False,0.0,0.0,0.0
Carboplatin,J61,pneumoconiosis due to asbestos and mineral fibres,0.0365419467374118,False,1.0,100.0,0.0
Copper,J61,pneumoconiosis due to asbestos and mineral fibres,0.0167534933700749,False,42.0,100.0,0.0
Polaprezinc,J61,pneumoconiosis due to asbestos and mineral fibres,0.0005754801705976,False,0.0,100.0,0.0
Foreskin keratinocyte (neonatal),J61,pneumoconiosis due to asbestos and mineral fibres,0.025652922029341,False,0.0,100.0,0.0
Binimetinib,J61,pneumoconiosis due to asbestos and mineral fibres,0.0133367225008653,False,0.0,100.0,0.0
Arsenic trioxide,J62,pneumoconiosis due to dust containing silica,0.0368202316435951,False,0.0,0.0,0.0
Rilonacept,J62,pneumoconiosis due to dust containing silica,0.0021023274724569,False,0.0,0.0,0.0
Triflusal,J62,pneumoconiosis due to dust containing silica,0.0053627313728521,False,0.0,0.0,0.0
Foreskin keratinocyte (neonatal),J62,pneumoconiosis due to dust containing silica,0.023203262455166,False,0.0,100.0,0.0
Binimetinib,J62,pneumoconiosis due to dust containing silica,0.0121266424287296,False,0.0,100.0,0.0
Glycyrrhizic acid,J62,pneumoconiosis due to dust containing silica,0.0146813250969243,False,3.0,0.0,0.0
Polaprezinc,J63,pneumoconiosis due to inorganic dusts,0.0032485951279605,False,0.0,0.0,0.0
Foreskin fibroblast (neonatal),J63,pneumoconiosis due to inorganic dusts,0.0019486918898258,False,0.0,0.0,0.0
Foreskin keratinocyte (neonatal),J63,pneumoconiosis due to inorganic dusts,0.0022737099225034,False,0.0,0.0,0.0
Binimetinib,J63,pneumoconiosis due to inorganic dusts,0.0011324434203906,False,0.0,0.0,0.0
Topiramate,J64,pneumoconiosis,0.035318363367831,False,0.0,0.0,0.0
Methazolamide,J64,pneumoconiosis,0.0485738822353807,False,0.0,0.0,0.0
Acetazolamide,J64,pneumoconiosis,0.0417443381760346,False,2.0,0.0,0.0
Dorzolamide,J64,pneumoconiosis,0.0180102035723897,False,0.0,0.0,0.0
Diclofenamide,J64,pneumoconiosis,0.0180102035723897,False,0.0,0.0,0.0
Brinzolamide,J64,pneumoconiosis,0.0180102035723897,False,0.0,0.0,0.0
Carboplatin,J66,airway disease due to specific organic dust,0.0365419467374118,False,0.0,0.0,0.0
Copper,J66,airway disease due to specific organic dust,0.0167534933700749,False,0.0,0.0,0.0
Polaprezinc,J66,airway disease due to specific organic dust,0.0005754801705976,False,0.0,0.0,0.0
Foreskin keratinocyte (neonatal),J66,airway disease due to specific organic dust,0.025652922029341,False,0.0,0.0,0.0
Binimetinib,J66,airway disease due to specific organic dust,0.0133367225008653,False,0.0,0.0,0.0
Infliximab,J67,hypersensitivity pneumonitis due to organic dust,0.0197436864289855,False,0.0,0.0,0.0
Amrinone,J67,hypersensitivity pneumonitis due to organic dust,0.0458502670625731,False,0.0,0.0,0.0
Golimumab,J67,hypersensitivity pneumonitis due to organic dust,0.0197436864289855,False,0.0,0.0,0.0
Certolizumab pegol,J67,hypersensitivity pneumonitis due to organic dust,0.0197436864289855,False,0.0,0.0,0.0
Levamlodipine,J69,pneumonitis due to solids and liquids,0.0009087788561708,False,4.0,50.0,100.0
Etanercept,J80,adult respiratory distress syndrome,0.0011104357094832,False,10.0,100.0,0.0
Moexipril,J80,adult respiratory distress syndrome,0.0060011779696427,False,0.0,100.0,0.0
Captopril,J80,adult respiratory distress syndrome,0.0287647208985306,False,13.0,100.0,0.0
Mangafodipir,J80,adult respiratory distress syndrome,0.0060011779696427,False,0.0,100.0,0.0
Polaprezinc,J80,adult respiratory distress syndrome,0.0011104357094832,False,0.0,100.0,0.0
Thimerosal,J80,adult respiratory distress syndrome,0.0198682044808521,False,0.0,100.0,0.0
Glycyrrhizic acid,J80,adult respiratory distress syndrome,0.0240528395542972,False,9.0,100.0,0.0
Epinephrine,J81,pulmonary oedema,0.0443038898527557,False,483.0,100.0,100.0
Pseudoephedrine,J81,pulmonary oedema,0.0265362539598352,False,6.0,100.0,66.66666666666667
Clenbuterol,J81,pulmonary oedema,0.0095613772242381,False,3.0,100.0,100.0
Apremilast,J81,pulmonary oedema,0.0121266424287296,False,1.0,100.0,100.0
Gramicidin D,K06,disorders of gingiva and edentulous alveolar ridge,0.0458502670625731,False,0.0,0.0,0.0
Voacamine,K06,disorders of gingiva and edentulous alveolar ridge,0.0458502670625731,False,0.0,0.0,0.0
Ipilimumab,K06,disorders of gingiva and edentulous alveolar ridge,0.0458502670625731,False,1.0,0.0,0.0
Technetium Tc-99m tetrofosmin,K06,disorders of gingiva and edentulous alveolar ridge,0.0458502670625731,False,0.0,0.0,0.0
Hycanthone,K06,disorders of gingiva and edentulous alveolar ridge,0.0458502670625731,False,0.0,0.0,0.0
Etanercept,K13,diseases of lip and oral mucosa,0.0435584917934571,False,12.0,0.0,0.0
Collagenase clostridium histolyticum,K13,diseases of lip and oral mucosa,0.0047050023247169,False,16.0,0.0,0.0
Glutathione,K13,diseases of lip and oral mucosa,0.0120781341420889,False,698.0,0.0,0.0
Cisplatin,K13,diseases of lip and oral mucosa,0.004639216390017,False,214.0,0.0,0.0
Marimastat,K13,diseases of lip and oral mucosa,0.0022762301670203,False,0.0,0.0,0.0
Carboplatin,K13,diseases of lip and oral mucosa,0.0435584917934571,False,51.0,0.0,0.0
Thalidomide,K13,diseases of lip and oral mucosa,0.0347327354314841,False,64.0,0.0,100.0
Captopril,K13,diseases of lip and oral mucosa,0.0226683084630218,False,24.0,0.0,0.0
Glucosamine,K13,diseases of lip and oral mucosa,8.9452768465701e-05,False,65.0,100.0,0.0
Ginseng,K13,diseases of lip and oral mucosa,0.0027761755742296,False,54.0,0.0,0.0
Apremilast,K13,diseases of lip and oral mucosa,0.0158234831786618,False,9.0,0.0,100.0
Pomalidomide,K13,diseases of lip and oral mucosa,0.0096535938959489,False,2.0,0.0,0.0
Polaprezinc,K13,diseases of lip and oral mucosa,0.0007663273721403,False,23.0,100.0,100.0
Foreskin fibroblast (neonatal),K13,diseases of lip and oral mucosa,1.918831307377186e-06,False,0.0,100.0,100.0
Foreskin keratinocyte (neonatal),K13,diseases of lip and oral mucosa,2.7614685513614375e-06,False,3.0,100.0,100.0
Binimetinib,K13,diseases of lip and oral mucosa,0.0158234831786618,False,0.0,100.0,0.0
Propacetamol,K20,oesophagitis,0.0408730276648593,False,2.0,100.0,50.0
Desmopressin,K25,gastric ulcer,0.0203762454421303,False,2.0,28.571428571428573,0.0
Dihomo-gamma-linolenic acid,K25,gastric ulcer,0.008076419721819,False,3.0,71.42857142857143,0.0
Mesalazine,K25,gastric ulcer,0.0448924585041339,False,28.0,42.857142857142854,0.0
Sucralfate,K25,gastric ulcer,0.0278598939874447,True,781.0,42.857142857142854,0.0
Nabumetone,K25,gastric ulcer,0.0138879602629006,False,27.0,57.142857142857146,0.0
Ketorolac,K25,gastric ulcer,0.0033899133279879,False,34.0,85.71428571428571,100.0
Tenoxicam,K25,gastric ulcer,0.0138879602629006,False,8.0,42.857142857142854,0.0
Tolmetin,K25,gastric ulcer,0.0278598939874447,False,23.0,42.857142857142854,0.0
Rofecoxib,K25,gastric ulcer,0.0448924585041339,False,119.0,57.142857142857146,0.0
Piroxicam,K25,gastric ulcer,0.0448924585041339,False,129.0,28.571428571428573,0.0
Fenoprofen,K25,gastric ulcer,0.0203762454421303,False,6.0,57.142857142857146,0.0
Mefenamic acid,K25,gastric ulcer,0.0203762454421303,False,29.0,42.857142857142854,0.0
Phenylbutazone,K25,gastric ulcer,0.0448924585041339,False,311.0,28.571428571428573,0.0
Meloxicam,K25,gastric ulcer,0.0359405822404471,False,53.0,28.571428571428573,0.0
Carprofen,K25,gastric ulcer,0.008076419721819,False,7.0,71.42857142857143,0.0
Diflunisal,K25,gastric ulcer,0.0278598939874447,False,19.0,42.857142857142854,0.0
Suprofen,K25,gastric ulcer,0.0203762454421303,False,3.0,28.571428571428573,0.0
Meclofenamic acid,K25,gastric ulcer,0.0359405822404471,False,4.0,28.571428571428573,50.0
Acetylsalicylic acid,K25,gastric ulcer,0.0062608041050519,False,0.0,57.142857142857146,50.0
Bromfenac,K25,gastric ulcer,0.0033899133279879,False,0.0,85.71428571428571,100.0
Oxaprozin,K25,gastric ulcer,0.008076419721819,False,2.0,71.42857142857143,0.0
Balsalazide,K25,gastric ulcer,0.0203762454421303,False,0.0,42.857142857142854,50.0
Minocycline,K25,gastric ulcer,0.0027761755742296,False,9.0,85.71428571428571,50.0
Thalidomide,K25,gastric ulcer,0.0027761755742296,False,3.0,85.71428571428571,0.0
Lumiracoxib,K25,gastric ulcer,0.0278598939874447,False,10.0,42.857142857142854,0.0
Glucosamine,K25,gastric ulcer,0.0359405822404471,False,57.0,42.857142857142854,0.0
Magnesium salicylate,K25,gastric ulcer,0.008076419721819,False,0.0,85.71428571428571,0.0
Salsalate,K25,gastric ulcer,0.0033899133279879,False,4.0,85.71428571428571,100.0
Choline magnesium trisalicylate,K25,gastric ulcer,0.0033899133279879,False,1.0,85.71428571428571,100.0
Antrafenine,K25,gastric ulcer,0.0033899133279879,False,0.0,85.71428571428571,100.0
Tiaprofenic acid,K25,gastric ulcer,0.0033899133279879,False,5.0,85.71428571428571,100.0
Niflumic Acid,K25,gastric ulcer,0.0448924585041339,False,6.0,28.571428571428573,0.0
Lornoxicam,K25,gastric ulcer,0.008076419721819,False,4.0,71.42857142857143,0.0
Aceclofenac,K25,gastric ulcer,0.008076419721819,False,18.0,71.42857142857143,0.0
Nepafenac,K25,gastric ulcer,0.0033899133279879,False,0.0,85.71428571428571,100.0
Triflusal,K25,gastric ulcer,0.0203762454421303,False,0.0,57.142857142857146,0.0
Pomalidomide,K25,gastric ulcer,0.0278598939874447,False,0.0,57.142857142857146,0.0
Loxoprofen,K25,gastric ulcer,0.0033899133279879,False,23.0,85.71428571428571,100.0
Dexibuprofen,K25,gastric ulcer,0.0448924585041339,False,5.0,71.42857142857143,0.0
Dexketoprofen,K25,gastric ulcer,0.0033899133279879,False,4.0,85.71428571428571,100.0
Tolfenamic Acid,K25,gastric ulcer,0.0033899133279879,False,6.0,85.71428571428571,100.0
Propacetamol,K25,gastric ulcer,0.0203762454421303,False,3.0,57.142857142857146,0.0
Talniflumate,K25,gastric ulcer,0.008076419721819,False,2.0,71.42857142857143,0.0
Foreskin keratinocyte (neonatal),K25,gastric ulcer,0.0022737099225034,False,0.0,100.0,100.0
Phenyl salicylate,K25,gastric ulcer,0.0033899133279879,False,2.0,85.71428571428571,100.0
Trolamine salicylate,K25,gastric ulcer,0.0033899133279879,False,0.0,85.71428571428571,100.0
Menthyl salicylate,K25,gastric ulcer,0.0033899133279879,False,0.0,85.71428571428571,100.0
Glycol salicylate,K25,gastric ulcer,0.0033899133279879,False,0.0,85.71428571428571,100.0
Dipyrithione,K25,gastric ulcer,0.0033899133279879,False,0.0,85.71428571428571,100.0
Binimetinib,K25,gastric ulcer,0.0448924585041339,False,0.0,57.142857142857146,0.0
Ferrous sulfate,K25,gastric ulcer,0.0003119975891091,False,10.0,71.42857142857143,0.0
Bufexamac,K25,gastric ulcer,0.0138879602629006,False,0.0,42.857142857142854,0.0
Acemetacin,K25,gastric ulcer,0.0138879602629006,False,3.0,42.857142857142854,0.0
Metformin,K26,duodenal ulcer,0.0290977609014281,False,2.0,28.571428571428573,0.0
Cimetidine,K26,duodenal ulcer,0.0135151833579522,False,1703.0,42.857142857142854,33.333333333333336
Phenformin,K26,duodenal ulcer,0.0211770036302416,False,2.0,42.857142857142854,0.0
Famotidine,K26,duodenal ulcer,0.0144283542241347,False,307.0,42.857142857142854,0.0
Histamine,K26,duodenal ulcer,0.0029353858445042,False,1937.0,71.42857142857143,66.66666666666667
Cevimeline,K27,acute with perforation,0.0117993649860054,False,0.0,0.0,0.0
Succinylcholine,K27,acute with perforation,0.0001282928059527,False,2.0,0.0,0.0
Pantoprazole,K27,acute with perforation,0.0259451406722887,False,9.0,0.0,0.0
Benzatropine,K27,acute with perforation,0.0117993649860054,False,0.0,0.0,100.0
Ziprasidone,K27,acute with perforation,4.610932951411525e-06,False,0.0,100.0,100.0
Disopyramide,K27,acute with perforation,0.000950281166973,False,0.0,100.0,100.0
Amitriptyline,K27,acute with perforation,1.095355446407479e-08,False,0.0,100.0,100.0
Ipratropium,K27,acute with perforation,0.0002070956213011,False,0.0,0.0,100.0
Olanzapine,K27,acute with perforation,5.288966671576174e-09,False,2.0,100.0,100.0
Metixene,K27,acute with perforation,2.1031034747466647e-10,False,0.0,100.0,100.0
Terfenadine,K27,acute with perforation,1.5903021424703726e-07,False,0.0,100.0,100.0
Clozapine,K27,acute with perforation,3.025486544635485e-07,False,3.0,100.0,100.0
Trihexyphenidyl,K27,acute with perforation,2.1031034747466647e-10,False,0.0,100.0,100.0
Oxyphencyclimine,K27,acute with perforation,9.56413923700813e-06,False,0.0,100.0,100.0
Procyclidine,K27,acute with perforation,3.9309775785739635e-08,False,0.0,100.0,100.0
Ethopropazine,K27,acute with perforation,0.0079116937935972,False,0.0,0.0,0.0
Loxapine,K27,acute with perforation,8.649379457688145e-08,False,2.0,100.0,100.0
Carbachol,K27,acute with perforation,8.699315014589731e-07,False,4.0,0.0,100.0
Promazine,K27,acute with perforation,4.2684409372017645e-09,False,0.0,100.0,100.0
Hyoscyamine,K27,acute with perforation,3.9309775785739635e-08,False,0.0,100.0,100.0
Cyproheptadine,K27,acute with perforation,0.0003092775437777,False,0.0,0.0,100.0
Imipramine,K27,acute with perforation,2.623660767019717e-07,False,2.0,100.0,100.0
Methylscopolamine bromide,K27,acute with perforation,9.56413923700813e-06,False,0.0,100.0,100.0
Gallamine Triethiodide,K27,acute with perforation,7.093751655687119e-05,False,0.0,0.0,100.0
Darifenacin,K27,acute with perforation,2.2607636656870844e-09,False,0.0,100.0,100.0
Triflupromazine,K27,acute with perforation,0.0207745273403259,False,0.0,0.0,100.0
Anisotropine Methylbromide,K27,acute with perforation,9.56413923700813e-06,False,0.0,100.0,100.0
Nortriptyline,K27,acute with perforation,6.155543016138787e-08,False,0.0,100.0,100.0
Atropine,K27,acute with perforation,1.0508835564482595e-08,False,18.0,100.0,0.0
Valdecoxib,K27,acute with perforation,0.0207745273403259,False,3.0,0.0,0.0
Triamcinolone,K27,acute with perforation,0.0117993649860054,False,7.0,0.0,0.0
Nicardipine,K27,acute with perforation,1.7071122887479264e-08,False,8.0,100.0,100.0
Prednisone,K27,acute with perforation,0.0002070956213011,False,58.0,100.0,100.0
Paroxetine,K27,acute with perforation,1.127268693881802e-07,False,0.0,100.0,100.0
Homatropine Methylbromide,K27,acute with perforation,2.1031034747466647e-10,False,0.0,100.0,100.0
Esomeprazole,K27,acute with perforation,0.0045611830941273,False,3.0,0.0,0.0
Scopolamine,K27,acute with perforation,1.0508835564482595e-08,False,2.0,100.0,100.0
Propiomazine,K27,acute with perforation,1.127268693881802e-07,False,0.0,100.0,100.0
Cryptenamine,K27,acute with perforation,2.1031034747466647e-10,False,0.0,100.0,100.0
Dicyclomine,K27,acute with perforation,0.0045611830941273,False,0.0,0.0,0.0
Tropicamide,K27,acute with perforation,3.9309775785739635e-08,False,0.0,100.0,100.0
Brompheniramine,K27,acute with perforation,4.5871239178562166e-10,False,0.0,100.0,100.0
Famotidine,K27,acute with perforation,0.0079116937935972,False,3.0,0.0,0.0
Maprotiline,K27,acute with perforation,2.2360444226879745e-07,False,0.0,100.0,100.0
Methantheline,K27,acute with perforation,0.0019311760435296,False,0.0,0.0,0.0
Glycopyrronium,K27,acute with perforation,9.56413923700813e-06,False,1.0,100.0,100.0
Bethanechol,K27,acute with perforation,3.9309775785739635e-08,False,2.0,100.0,100.0
Tolterodine,K27,acute with perforation,4.7852933458318574e-11,False,0.0,100.0,100.0
Oxybutynin,K27,acute with perforation,0.0002070956213011,False,0.0,0.0,100.0
Promethazine,K27,acute with perforation,1.1030302387753975e-09,False,1.0,100.0,100.0
Diphenhydramine,K27,acute with perforation,0.0499224856123465,False,0.0,100.0,100.0
Pilocarpine,K27,acute with perforation,8.699315014589731e-07,False,6.0,0.0,0.0
Rabeprazole,K27,acute with perforation,0.0316119186748115,False,1.0,0.0,0.0
Doxepin,K27,acute with perforation,7.49491831942047e-10,False,0.0,100.0,100.0
Flavoxate,K27,acute with perforation,0.0019311760435296,False,0.0,0.0,0.0
Desipramine,K27,acute with perforation,8.649379457688145e-08,False,1.0,100.0,100.0
Escitalopram,K27,acute with perforation,0.0316119186748115,False,0.0,0.0,100.0
Fluoxymesterone,K27,acute with perforation,0.0160758539535647,False,0.0,0.0,0.0
Quetiapine,K27,acute with perforation,8.649379457688145e-08,False,3.0,100.0,100.0
Mivacurium,K27,acute with perforation,0.0079116937935972,False,0.0,0.0,0.0
Diphenidol,K27,acute with perforation,9.56413923700813e-06,False,0.0,100.0,100.0
Aripiprazole,K27,acute with perforation,4.0482408231113535e-06,False,0.0,100.0,100.0
Chlorprothixene,K27,acute with perforation,7.89517187227885e-08,False,0.0,100.0,100.0
Lumiracoxib,K27,acute with perforation,0.0160758539535647,False,2.0,0.0,0.0
Pancuronium,K27,acute with perforation,0.0160758539535647,False,0.0,0.0,0.0
Pipecuronium,K27,acute with perforation,0.0079116937935972,False,0.0,0.0,0.0
Methotrimeprazine,K27,acute with perforation,1.069872047810372e-06,False,0.0,100.0,100.0
Tiotropium,K27,acute with perforation,1.0508835564482595e-08,False,0.0,100.0,100.0
Solifenacin,K27,acute with perforation,8.4446101202513e-10,False,0.0,100.0,100.0
Isopropamide,K27,acute with perforation,0.0019311760435296,False,0.0,0.0,0.0
Etoricoxib,K27,acute with perforation,0.0207745273403259,False,4.0,0.0,0.0
Acetylcholine,K27,acute with perforation,2.7229575751879824e-06,False,33.0,100.0,100.0
Mepenzolate,K27,acute with perforation,0.0019311760435296,False,0.0,0.0,0.0
Dexlansoprazole,K27,acute with perforation,3.221602810103749e-05,False,0.0,0.0,0.0
Pizotifen,K27,acute with perforation,0.00230803010396,False,0.0,100.0,100.0
Fesoterodine,K27,acute with perforation,5.288966671576174e-09,False,0.0,100.0,100.0
Hexocyclium,K27,acute with perforation,3.9309775785739635e-08,False,0.0,100.0,100.0
Aclidinium,K27,acute with perforation,8.4446101202513e-10,False,0.0,100.0,100.0
Umeclidinium,K27,acute with perforation,2.2607636656870844e-09,False,0.0,100.0,100.0
Trimebutine,K27,acute with perforation,1.6086874261627812e-06,False,0.0,100.0,100.0
Dosulepin,K27,acute with perforation,1.532584348361301e-09,False,0.0,100.0,100.0
Imidafenacin,K27,acute with perforation,0.0002070956213011,False,0.0,0.0,0.0
Butylscopolamine,K27,acute with perforation,0.0019311760435296,False,1.0,0.0,0.0
Homatropine,K27,acute with perforation,8.4446101202513e-10,False,1.0,100.0,100.0
Thonzylamine,K27,acute with perforation,8.4446101202513e-10,False,0.0,100.0,100.0
Binimetinib,K27,acute with perforation,0.0259451406722887,False,0.0,0.0,100.0
Propiverine,K27,acute with perforation,3.2975995565665436e-08,False,0.0,100.0,100.0
Aripiprazole lauroxil,K27,acute with perforation,4.0482408231113535e-06,False,0.0,100.0,100.0
Cisapride,K30,dyspepsia,0.0016822922042252,False,210.0,0.0,100.0
Donepezil,K30,dyspepsia,0.0002760704555827,False,5.0,0.0,100.0
Ondansetron,K30,dyspepsia,0.001298526429611,False,15.0,0.0,0.0
Tegaserod,K30,dyspepsia,0.0009582503062546,False,36.0,0.0,0.0
Metoclopramide,K30,dyspepsia,0.0007983726221071,False,129.0,0.0,100.0
Huperzine A,K30,dyspepsia,0.0458502670625731,False,0.0,0.0,0.0
Huperzine-A,K30,dyspepsia,0.0458502670625731,False,0.0,0.0,0.0
Sulfadimethoxine,K30,dyspepsia,0.0458502670625731,False,1.0,0.0,0.0
Prucalopride,K30,dyspepsia,0.0458502670625731,False,15.0,0.0,0.0
Sulfamoxole,K30,dyspepsia,0.0458502670625731,False,0.0,0.0,0.0
Dimetacrine,K30,dyspepsia,0.0458502670625731,False,0.0,0.0,0.0
Fluindione,K30,dyspepsia,0.0458502670625731,False,0.0,0.0,0.0
Insulin Human,K44,diaphragmatic hernia,0.0218316589580562,False,8.0,50.0,0.0
Insulin Lispro,K44,diaphragmatic hernia,0.0318190854103997,False,0.0,50.0,66.66666666666667
Insulin Glargine,K44,diaphragmatic hernia,0.0318190854103997,False,0.0,50.0,66.66666666666667
Insulin Pork,K44,diaphragmatic hernia,0.0312532652462582,False,0.0,100.0,100.0
Mecasermin,K44,diaphragmatic hernia,0.0007908508651764,False,0.0,100.0,100.0
Foreskin fibroblast (neonatal),K44,diaphragmatic hernia,0.0145457249725636,False,0.0,50.0,66.66666666666667
Foreskin keratinocyte (neonatal),K44,diaphragmatic hernia,0.0179594407870979,False,0.0,100.0,66.66666666666667
Alpha-Linolenic Acid,K50,crohn's disease [regional enteritis],0.0063303147736562,False,18.0,100.0,100.0
Polaprezinc,K50,crohn's disease [regional enteritis],0.0246308722242146,False,0.0,100.0,100.0
Mesalazine,K51,ulcerative colitis,0.0004964574595151,False,3127.0,100.0,100.0
Nabumetone,K51,ulcerative colitis,0.0195218255859444,False,0.0,100.0,100.0
Tolmetin,K51,ulcerative colitis,0.0032018994082107,False,0.0,100.0,100.0
Cisplatin,K51,ulcerative colitis,0.0336877723922002,False,9.0,75.0,100.0
Fenoprofen,K51,ulcerative colitis,0.0013587219023243,False,0.0,100.0,100.0
Mefenamic acid,K51,ulcerative colitis,0.0389925101001575,False,0.0,75.0,100.0
Balsalazide,K51,ulcerative colitis,0.0013587219023243,True,102.0,100.0,100.0
Minocycline,K51,ulcerative colitis,0.0054979895497148,False,12.0,100.0,100.0
Magnesium salicylate,K51,ulcerative colitis,0.0067300419276591,False,0.0,100.0,100.0
Triflusal,K51,ulcerative colitis,0.0389925101001575,False,0.0,100.0,100.0
Tofacitinib,K51,ulcerative colitis,0.0002221645195133,True,880.0,100.0,100.0
Omega-3 fatty acids,K51,ulcerative colitis,0.0389925101001575,False,162.0,100.0,66.66666666666667
Glucosamine,K52,non-infective gastro-enteritis and colitis,0.0060011779696427,False,122.0,0.0,66.66666666666667
Apremilast,K52,non-infective gastro-enteritis and colitis,0.0075830965450964,False,22.0,50.0,33.333333333333336
Polaprezinc,K52,non-infective gastro-enteritis and colitis,0.0002243102874886,False,9.0,0.0,100.0
Foreskin fibroblast (neonatal),K52,non-infective gastro-enteritis and colitis,9.444961014918242e-05,False,0.0,100.0,100.0
Foreskin keratinocyte (neonatal),K52,non-infective gastro-enteritis and colitis,4.455702885252671e-07,False,0.0,100.0,100.0
Binimetinib,K52,non-infective gastro-enteritis and colitis,3.71924601246391e-05,False,10.0,100.0,100.0
Ferrous sulfate,K52,non-infective gastro-enteritis and colitis,0.0384197193419097,False,0.0,0.0,33.333333333333336
Nitric Oxide,K55,vascular disorders of intestine,0.0345761336907476,False,595.0,100.0,0.0
Doxorubicin,K55,vascular disorders of intestine,0.0215356536284187,False,19.0,100.0,50.0
Pentaerythritol Tetranitrate,K55,vascular disorders of intestine,0.0001695588487379,False,1.0,100.0,100.0
Copper,K55,vascular disorders of intestine,0.025212256142066,False,85.0,100.0,0.0
Levamlodipine,K55,vascular disorders of intestine,0.013297906332801,False,0.0,0.0,50.0
Tramadol,K58,irritable bowel syndrome,0.022337564558319,False,3.0,100.0,0.0
Oxyphencyclimine,K58,irritable bowel syndrome,0.028475774660693,False,0.0,0.0,0.0
Procyclidine,K58,irritable bowel syndrome,0.0480025160951662,False,3.0,0.0,0.0
Hyoscyamine,K58,irritable bowel syndrome,0.0480025160951662,True,13.0,0.0,0.0
Methylscopolamine bromide,K58,irritable bowel syndrome,0.028475774660693,False,1.0,0.0,0.0
Anisotropine Methylbromide,K58,irritable bowel syndrome,0.028475774660693,False,0.0,0.0,0.0
Tropicamide,K58,irritable bowel syndrome,0.0480025160951662,False,0.0,0.0,0.0
Ondansetron,K58,irritable bowel syndrome,0.0153739083229514,False,81.0,0.0,0.0
Glycopyrronium,K58,irritable bowel syndrome,0.028475774660693,False,1.0,0.0,0.0
Bethanechol,K58,irritable bowel syndrome,0.0480025160951662,False,6.0,0.0,0.0
Ketamine,K58,irritable bowel syndrome,0.0465561306656006,False,8.0,100.0,0.0
Diphenidol,K58,irritable bowel syndrome,0.028475774660693,False,0.0,0.0,0.0
Metoclopramide,K58,irritable bowel syndrome,0.0073247607758111,False,25.0,0.0,0.0
Mepenzolate,K58,irritable bowel syndrome,0.0122815100209696,False,3.0,0.0,100.0
Hexocyclium,K58,irritable bowel syndrome,0.0480025160951662,False,0.0,0.0,0.0
Trimebutine,K58,irritable bowel syndrome,0.0053101021543151,True,0.0,50.0,100.0
Tramadol,K59,functional intestinal disorders,0.000109945777844,True,21.0,100.0,100.0
Morphine,K59,functional intestinal disorders,3.914492735599515e-07,False,341.0,50.0,100.0
Codeine,K59,functional intestinal disorders,5.6554950681355274e-05,False,48.0,50.0,100.0
Amitriptyline,K59,functional intestinal disorders,3.2730911412395546e-05,False,83.0,75.0,100.0
Hydromorphone,K59,functional intestinal disorders,2.182973428418594e-05,False,0.0,100.0,100.0
Methadone,K59,functional intestinal disorders,0.0002543198018334,False,17.0,50.0,100.0
Progesterone,K59,functional intestinal disorders,0.0417443381760346,False,340.0,25.0,80.0
Sorafenib,K59,functional intestinal disorders,0.0373081310702531,False,102.0,25.0,40.0
Pethidine,K59,functional intestinal disorders,0.0208792233746559,False,34.0,50.0,80.0
Oxycodone,K59,functional intestinal disorders,2.182973428418594e-05,False,16.0,50.0,100.0
Dextromethorphan,K59,functional intestinal disorders,0.0004736678633973,False,7.0,50.0,100.0
Lamotrigine,K59,functional intestinal disorders,0.0245896882580998,False,3.0,50.0,80.0
Butorphanol,K59,functional intestinal disorders,6.573031561135198e-07,False,7.0,100.0,100.0
Imatinib,K59,functional intestinal disorders,0.0330099965514261,False,221.0,25.0,40.0
Dextropropoxyphene,K59,functional intestinal disorders,3.138431325459458e-05,False,6.0,50.0,100.0
Pentazocine,K59,functional intestinal disorders,0.0009582503062546,False,14.0,50.0,100.0
Naltrexone,K59,functional intestinal disorders,8.88937170074215e-06,False,59.0,100.0,100.0
Sufentanil,K59,functional intestinal disorders,2.2704253047383105e-06,False,21.0,100.0,100.0
Alfentanil,K59,functional intestinal disorders,0.0044347270877027,False,3.0,50.0,80.0
Fentanyl,K59,functional intestinal disorders,2.1817044212182293e-08,False,99.0,100.0,100.0
Loperamide,K59,functional intestinal disorders,2.091378588221221e-07,False,316.0,100.0,100.0
Nalbuphine,K59,functional intestinal disorders,6.573031561135198e-07,False,2.0,100.0,100.0
Levorphanol,K59,functional intestinal disorders,6.573031561135198e-07,False,1.0,100.0,100.0
Remifentanil,K59,functional intestinal disorders,6.573031561135198e-07,False,17.0,100.0,100.0
Ondansetron,K59,functional intestinal disorders,0.0109548107975341,False,90.0,50.0,80.0
Buprenorphine,K59,functional intestinal disorders,1.0316794241141166e-06,False,14.0,75.0,100.0
Hydrocodone,K59,functional intestinal disorders,0.0016726744601575,False,2.0,50.0,100.0
Diphenoxylate,K59,functional intestinal disorders,0.0003901852864458,False,48.0,50.0,100.0
Naloxone,K59,functional intestinal disorders,2.907760865145766e-07,False,213.0,100.0,100.0
Oxymorphone,K59,functional intestinal disorders,0.0016726744601575,False,1.0,50.0,100.0
Dezocine,K59,functional intestinal disorders,0.0003901852864458,False,2.0,50.0,100.0
Ketamine,K59,functional intestinal disorders,0.0002543198018334,False,0.0,100.0,100.0
Heroin,K59,functional intestinal disorders,2.2704253047383105e-06,False,14.0,100.0,100.0
Tapentadol,K59,functional intestinal disorders,5.6554950681355274e-05,False,2.0,100.0,100.0
Nalmefene,K59,functional intestinal disorders,8.88937170074215e-06,False,4.0,100.0,100.0
Alvimopan,K59,functional intestinal disorders,6.573031561135198e-07,False,72.0,100.0,100.0
Ketobemidone,K59,functional intestinal disorders,5.6554950681355274e-05,False,0.0,100.0,100.0
Methylnaltrexone,K59,functional intestinal disorders,0.0009582503062546,True,21.0,50.0,100.0
Regorafenib,K59,functional intestinal disorders,0.0395097543349019,False,279.0,25.0,40.0
Ponatinib,K59,functional intestinal disorders,0.0266973025279406,False,6.0,50.0,60.0
Pholcodine,K59,functional intestinal disorders,6.573031561135198e-07,False,0.0,100.0,100.0
Eluxadoline,K59,functional intestinal disorders,8.88937170074215e-06,False,51.0,100.0,100.0
Opium,K59,functional intestinal disorders,1.4447683916525916e-05,False,16.0,100.0,100.0
Pentoxyverine,K59,functional intestinal disorders,0.0016726744601575,False,1.0,50.0,100.0
Naldemedine,K59,functional intestinal disorders,8.88937170074215e-06,True,3.0,100.0,100.0
Midodrine,K64,haemorrhoids and perianal venous thrombosis,3.0288993535401593e-05,False,0.0,100.0,100.0
Ranolazine,K64,haemorrhoids and perianal venous thrombosis,0.0047050023247169,False,0.0,100.0,100.0
Cabergoline,K64,haemorrhoids and perianal venous thrombosis,0.001807821083296,False,0.0,100.0,100.0
Phenytoin,K64,haemorrhoids and perianal venous thrombosis,0.0014036124738185,False,13.0,100.0,100.0
Lidocaine,K64,haemorrhoids and perianal venous thrombosis,1.5927018316372797e-05,False,309.0,100.0,100.0
Dapiprazole,K64,haemorrhoids and perianal venous thrombosis,4.1077551302740376e-06,False,0.0,100.0,100.0
Amitriptyline,K64,haemorrhoids and perianal venous thrombosis,0.0120781341420889,False,16.0,33.333333333333336,100.0
Alfuzosin,K64,haemorrhoids and perianal venous thrombosis,3.0288993535401593e-05,False,0.0,100.0,100.0
Norepinephrine,K64,haemorrhoids and perianal venous thrombosis,0.0014036124738185,False,192.0,100.0,100.0
Phenylephrine,K64,haemorrhoids and perianal venous thrombosis,3.0288993535401593e-05,False,26.0,100.0,100.0
Promazine,K64,haemorrhoids and perianal venous thrombosis,0.0014036124738185,False,0.0,100.0,100.0
Prazosin,K64,haemorrhoids and perianal venous thrombosis,0.0007663273721403,False,12.0,100.0,100.0
Imipramine,K64,haemorrhoids and perianal venous thrombosis,0.0081383767801532,False,10.0,66.66666666666667,100.0
Hexylcaine,K64,haemorrhoids and perianal venous thrombosis,0.0011465122753036,False,0.0,100.0,100.0
Cinchocaine,K64,haemorrhoids and perianal venous thrombosis,0.0047050023247169,False,31.0,100.0,100.0
Nortriptyline,K64,haemorrhoids and perianal venous thrombosis,0.0042859942064395,False,0.0,66.66666666666667,100.0
Clonidine,K64,haemorrhoids and perianal venous thrombosis,0.0009087788561708,False,25.0,100.0,100.0
Doxazosin,K64,haemorrhoids and perianal venous thrombosis,0.0002543198018334,False,1.0,100.0,100.0
Nicardipine,K64,haemorrhoids and perianal venous thrombosis,0.0025062564152649,False,5.0,66.66666666666667,100.0
Verapamil,K64,haemorrhoids and perianal venous thrombosis,0.0002617006100438,False,15.0,100.0,100.0
Epinephrine,K64,haemorrhoids and perianal venous thrombosis,0.0012170439125001,False,203.0,100.0,100.0
Thioridazine,K64,haemorrhoids and perianal venous thrombosis,0.0307702729652938,False,0.0,33.333333333333336,100.0
Phentolamine,K64,haemorrhoids and perianal venous thrombosis,1.351935558049869e-05,False,70.0,100.0,100.0
Ergotamine,K64,haemorrhoids and perianal venous thrombosis,0.0012170439125001,False,30.0,100.0,100.0
Tamsulosin,K64,haemorrhoids and perianal venous thrombosis,5.5604163452756685e-05,False,7.0,100.0,100.0
Methoxamine,K64,haemorrhoids and perianal venous thrombosis,4.1077551302740376e-06,False,0.0,100.0,100.0
Propiomazine,K64,haemorrhoids and perianal venous thrombosis,0.0006408678200286,False,0.0,100.0,100.0
Fenoldopam,K64,haemorrhoids and perianal venous thrombosis,0.0001333300535601,False,0.0,100.0,100.0
Cocaine,K64,haemorrhoids and perianal venous thrombosis,0.0010542799875788,False,62.0,100.0,100.0
Quinidine,K64,haemorrhoids and perianal venous thrombosis,5.1933727525393064e-05,False,5.0,100.0,100.0
Zonisamide,K64,haemorrhoids and perianal venous thrombosis,2.518861872253508e-10,False,0.0,100.0,100.0
Phenoxybenzamine,K64,haemorrhoids and perianal venous thrombosis,0.0004256889346385,False,25.0,100.0,100.0
Oxymetazoline,K64,haemorrhoids and perianal venous thrombosis,5.5604163452756685e-05,False,5.0,100.0,100.0
Carvedilol,K64,haemorrhoids and perianal venous thrombosis,0.0033411806281208,False,1.0,66.66666666666667,100.0
Doxepin,K64,haemorrhoids and perianal venous thrombosis,0.0042859942064395,False,0.0,66.66666666666667,100.0
Nefazodone,K64,haemorrhoids and perianal venous thrombosis,0.0480025160951662,False,0.0,0.0,50.0
Terazosin,K64,haemorrhoids and perianal venous thrombosis,8.9452768465701e-05,False,1.0,100.0,100.0
Pergolide,K64,haemorrhoids and perianal venous thrombosis,0.0014036124738185,False,0.0,100.0,100.0
Flecainide,K64,haemorrhoids and perianal venous thrombosis,0.0070859821070289,False,1.0,100.0,100.0
Bromocriptine,K64,haemorrhoids and perianal venous thrombosis,0.001807821083296,False,2.0,100.0,100.0
Quetiapine,K64,haemorrhoids and perianal venous thrombosis,0.0050243599131892,False,0.0,66.66666666666667,100.0
Methotrimeprazine,K64,haemorrhoids and perianal venous thrombosis,0.0020260499940619,False,1.0,66.66666666666667,100.0
Dextroamphetamine,K64,haemorrhoids and perianal venous thrombosis,0.0127006939681155,False,3.0,66.66666666666667,100.0
Phendimetrazine,K64,haemorrhoids and perianal venous thrombosis,0.0027761755742296,False,0.0,100.0,100.0
Acepromazine,K64,haemorrhoids and perianal venous thrombosis,0.0158234831786618,False,5.0,66.66666666666667,100.0
Thioproperazine,K64,haemorrhoids and perianal venous thrombosis,0.0158234831786618,False,1.0,66.66666666666667,100.0
Dronedarone,K64,haemorrhoids and perianal venous thrombosis,2.7664877301520548e-05,False,0.0,100.0,100.0
Sertindole,K64,haemorrhoids and perianal venous thrombosis,0.0002543198018334,False,0.0,100.0,100.0
Pizotifen,K64,haemorrhoids and perianal venous thrombosis,0.0010542799875788,False,0.0,100.0,100.0
Silodosin,K64,haemorrhoids and perianal venous thrombosis,8.9452768465701e-05,False,0.0,100.0,100.0
Lacosamide,K64,haemorrhoids and perianal venous thrombosis,4.1077551302740376e-06,False,0.0,100.0,100.0
Droxidopa,K64,haemorrhoids and perianal venous thrombosis,0.0005251989176129,False,1.0,100.0,100.0
Xylometazoline,K64,haemorrhoids and perianal venous thrombosis,5.5604163452756685e-05,False,0.0,100.0,100.0
Racepinephrine,K64,haemorrhoids and perianal venous thrombosis,0.0001880315367785,False,0.0,100.0,100.0
Peginterferon alfa-2b,K70,alcoholic liver disease,0.0446838165355766,False,2.0,100.0,50.0
Glutathione,K70,alcoholic liver disease,0.0036471110596398,False,1417.0,100.0,100.0
Vitamin E,K70,alcoholic liver disease,0.0022965885621625,False,655.0,100.0,100.0
Menadione,K70,alcoholic liver disease,0.002718880889065,False,6.0,100.0,100.0
Fluvoxamine,K70,alcoholic liver disease,0.0199160021638182,False,3.0,100.0,100.0
Betaxolol,K70,alcoholic liver disease,0.0446838165355766,False,0.0,100.0,50.0
Ticlopidine,K70,alcoholic liver disease,0.0109616863305869,False,5.0,100.0,100.0
Citalopram,K70,alcoholic liver disease,0.0199160021638182,False,1.0,100.0,100.0
Acetaminophen,K70,alcoholic liver disease,0.0056238298313169,False,236.0,100.0,100.0
Omeprazole,K70,alcoholic liver disease,0.0236213547122916,False,13.0,100.0,50.0
Chlorzoxazone,K70,alcoholic liver disease,0.0032899309450685,False,21.0,100.0,100.0
Clozapine,K70,alcoholic liver disease,0.0247743216882584,False,10.0,100.0,100.0
Palonosetron,K70,alcoholic liver disease,0.0446838165355766,False,1.0,100.0,100.0
Mexiletine,K70,alcoholic liver disease,4.7775850865676835e-05,False,0.0,100.0,100.0
Rosiglitazone,K70,alcoholic liver disease,0.0277435694968966,False,98.0,100.0,50.0
Quinine,K70,alcoholic liver disease,0.0367177083234626,False,9.0,75.0,50.0
Entacapone,K70,alcoholic liver disease,0.0446838165355766,False,2.0,100.0,100.0
Cisplatin,K70,alcoholic liver disease,0.0007386115653057,False,17.0,100.0,100.0
Oxaliplatin,K70,alcoholic liver disease,5.4552603391981266e-08,False,0.0,100.0,100.0
Fluphenazine,K70,alcoholic liver disease,0.0085738407613883,False,1.0,100.0,100.0
Dexmedetomidine,K70,alcoholic liver disease,0.0012231022395724,False,3.0,100.0,100.0
Epinephrine,K70,alcoholic liver disease,0.0367177083234626,False,0.0,100.0,100.0
Thioridazine,K70,alcoholic liver disease,0.01376165882424,False,0.0,100.0,100.0
Tranylcypromine,K70,alcoholic liver disease,0.0065033578121326,False,0.0,100.0,100.0
Methimazole,K70,alcoholic liver disease,0.0065033578121326,False,7.0,100.0,100.0
Etoposide,K70,alcoholic liver disease,0.0022965885621625,False,6.0,100.0,100.0
Disulfiram,K70,alcoholic liver disease,0.0032899309450685,False,56.0,100.0,100.0
Ondansetron,K70,alcoholic liver disease,0.01376165882424,False,5.0,100.0,100.0
Almotriptan,K70,alcoholic liver disease,0.0085738407613883,False,0.0,100.0,100.0
Isoniazid,K70,alcoholic liver disease,0.0199160021638182,False,26.0,100.0,50.0
Carboplatin,K70,alcoholic liver disease,2.534049305501701e-05,False,2.0,100.0,100.0
Azelastine,K70,alcoholic liver disease,0.0166260273682125,False,0.0,100.0,100.0
Cinacalcet,K70,alcoholic liver disease,0.0446838165355766,False,0.0,100.0,50.0
Methoxyflurane,K70,alcoholic liver disease,0.0199160021638182,False,0.0,100.0,100.0
Selegiline,K70,alcoholic liver disease,0.01376165882424,False,1.0,100.0,100.0
Thalidomide,K70,alcoholic liver disease,0.0006025948976448,False,4.0,100.0,100.0
Tegaserod,K70,alcoholic liver disease,0.0085738407613883,False,0.0,100.0,100.0
Pimozide,K70,alcoholic liver disease,0.01376165882424,False,0.0,100.0,100.0
Miconazole,K70,alcoholic liver disease,0.0072542406792588,False,3.0,100.0,100.0
Proguanil,K70,alcoholic liver disease,0.0032899309450685,False,0.0,100.0,100.0
Bupropion,K70,alcoholic liver disease,0.01376165882424,False,12.0,100.0,100.0
Dexfenfluramine,K70,alcoholic liver disease,0.0047050023247169,False,1.0,100.0,100.0
Captopril,K70,alcoholic liver disease,0.0085738407613883,False,8.0,100.0,100.0
Clomipramine,K70,alcoholic liver disease,0.01376165882424,False,2.0,100.0,100.0
Glucosamine,K70,alcoholic liver disease,0.0032899309450685,False,20.0,100.0,100.0
Ginseng,K70,alcoholic liver disease,0.0263282038951725,False,100.0,100.0,100.0
Antipyrine,K70,alcoholic liver disease,0.0166260273682125,False,53.0,100.0,100.0
Etoricoxib,K70,alcoholic liver disease,0.0032899309450685,False,2.0,100.0,100.0
Clevidipine,K70,alcoholic liver disease,0.0109616863305869,False,0.0,100.0,100.0
Iloperidone,K70,alcoholic liver disease,0.0322276442361732,False,0.0,100.0,100.0
Obeticholic acid,K70,alcoholic liver disease,0.0263282038951725,False,268.0,100.0,100.0
Midostaurin,K70,alcoholic liver disease,0.0322276442361732,False,0.0,100.0,50.0
Benzyl alcohol,K70,alcoholic liver disease,8.643775878323561e-05,False,5.0,100.0,100.0
Phenylbutyric acid,K70,alcoholic liver disease,0.0446838165355766,False,14.0,100.0,50.0
Sulconazole,K70,alcoholic liver disease,0.0263282038951725,False,0.0,100.0,100.0
Glycerol Phenylbutyrate,K70,alcoholic liver disease,0.0446838165355766,False,0.0,100.0,50.0
Polaprezinc,K70,alcoholic liver disease,4.487906481085259e-07,False,1.0,100.0,100.0
Glycerin,K70,alcoholic liver disease,0.0072542406792588,False,157.0,100.0,100.0
Foreskin fibroblast (neonatal),K70,alcoholic liver disease,0.0109616863305869,False,0.0,100.0,100.0
Foreskin keratinocyte (neonatal),K70,alcoholic liver disease,0.01376165882424,False,0.0,100.0,100.0
Myrrh,K70,alcoholic liver disease,0.0446838165355766,False,2.0,100.0,50.0
Curcumin,K70,alcoholic liver disease,0.0166260273682125,False,241.0,100.0,100.0
Binimetinib,K70,alcoholic liver disease,0.0047050023247169,False,0.0,100.0,100.0
Diacerein,K70,alcoholic liver disease,0.0047050023247169,False,4.0,100.0,100.0
alpha-Tocopherol succinate,K70,alcoholic liver disease,0.0022965885621625,False,96.0,100.0,100.0
D-alpha-Tocopherol acetate,K70,alcoholic liver disease,0.0022965885621625,False,96.0,100.0,100.0
Fluvoxamine,K72,hepatic failure,0.035771602294568,False,8.0,66.66666666666667,100.0
Fluconazole,K72,hepatic failure,0.0176072053047043,False,97.0,66.66666666666667,100.0
Sildenafil,K72,hepatic failure,0.035771602294568,False,0.0,33.333333333333336,50.0
Nelfinavir,K72,hepatic failure,0.0443038898527557,False,0.0,66.66666666666667,100.0
Indinavir,K72,hepatic failure,0.035771602294568,False,10.0,33.333333333333336,50.0
Dapsone,K72,hepatic failure,0.0401063855502195,False,30.0,33.333333333333336,100.0
Argatroban,K72,hepatic failure,0.0025255954755286,False,40.0,100.0,50.0
Gefitinib,K72,hepatic failure,0.0002882523807958,False,28.0,100.0,100.0
Amitriptyline,K72,hepatic failure,0.010461268119788,False,15.0,100.0,100.0
Diltiazem,K72,hepatic failure,0.0176072053047043,False,34.0,66.66666666666667,100.0
Progesterone,K72,hepatic failure,0.0032007256643388,False,132.0,100.0,100.0
Zolpidem,K72,hepatic failure,0.0321072105432218,False,6.0,100.0,50.0
Cerivastatin,K72,hepatic failure,0.035771602294568,False,7.0,33.333333333333336,100.0
Teniposide,K72,hepatic failure,0.0116962459283849,False,4.0,0.0,0.0
Chloramphenicol,K72,hepatic failure,0.0280908813210454,False,41.0,0.0,0.0
Fluoxetine,K72,hepatic failure,0.0010622191026455,False,15.0,100.0,100.0
Oxycodone,K72,hepatic failure,0.0145856411738086,False,29.0,66.66666666666667,50.0
Flutamide,K72,hepatic failure,0.0176072053047043,False,45.0,66.66666666666667,50.0
Erlotinib,K72,hepatic failure,0.035771602294568,False,32.0,66.66666666666667,100.0
Cyclophosphamide,K72,hepatic failure,0.0242510149524375,False,502.0,33.333333333333336,50.0
Nortriptyline,K72,hepatic failure,0.0037541038891161,False,9.0,66.66666666666667,100.0
Carbamazepine,K72,hepatic failure,0.0485791391142368,False,130.0,33.333333333333336,100.0
Propranolol,K72,hepatic failure,0.0006722007693883,False,251.0,100.0,100.0
Voriconazole,K72,hepatic failure,0.0208792233746559,False,116.0,0.0,0.0
Doxazosin,K72,hepatic failure,0.0208792233746559,False,2.0,66.66666666666667,50.0
Cisapride,K72,hepatic failure,0.035771602294568,False,6.0,66.66666666666667,100.0
Imatinib,K72,hepatic failure,0.0022134126917497,False,84.0,66.66666666666667,100.0
Efavirenz,K72,hepatic failure,0.0280908813210454,False,55.0,66.66666666666667,50.0
Trazodone,K72,hepatic failure,0.0321072105432218,False,5.0,100.0,100.0
Aprepitant,K72,hepatic failure,0.0116962459283849,False,0.0,33.333333333333336,50.0
Losartan,K72,hepatic failure,0.0485791391142368,False,50.0,66.66666666666667,100.0
Warfarin,K72,hepatic failure,0.0242510149524375,False,267.0,66.66666666666667,50.0
Amprenavir,K72,hepatic failure,0.0208792233746559,False,8.0,66.66666666666667,50.0
Delavirdine,K72,hepatic failure,0.0176072053047043,False,1.0,33.333333333333336,50.0
Norethisterone,K72,hepatic failure,0.0145856411738086,False,26.0,33.333333333333336,50.0
Nateglinide,K72,hepatic failure,0.0443038898527557,False,4.0,33.333333333333336,100.0
Pentamidine,K72,hepatic failure,0.0176072053047043,False,18.0,33.333333333333336,50.0
Modafinil,K72,hepatic failure,0.0145856411738086,False,2.0,66.66666666666667,50.0
Clopidogrel,K72,hepatic failure,0.0208792233746559,False,39.0,66.66666666666667,100.0
Oxcarbazepine,K72,hepatic failure,0.0089443178143312,False,19.0,66.66666666666667,100.0
Phenelzine,K72,hepatic failure,0.035771602294568,False,6.0,66.66666666666667,50.0
Alfentanil,K72,hepatic failure,0.0116962459283849,False,14.0,66.66666666666667,50.0
Ranitidine,K72,hepatic failure,0.0321072105432218,False,31.0,66.66666666666667,50.0
Tacrolimus,K72,hepatic failure,0.0145856411738086,False,942.0,33.333333333333336,50.0
Azelastine,K72,hepatic failure,0.0321072105432218,False,1.0,66.66666666666667,50.0
Thalidomide,K72,hepatic failure,0.0004597498671989,False,43.0,100.0,100.0
Praziquantel,K72,hepatic failure,0.0089443178143312,False,36.0,33.333333333333336,50.0
Rosuvastatin,K72,hepatic failure,0.0485791391142368,False,42.0,0.0,50.0
Pimozide,K72,hepatic failure,0.0280908813210454,False,6.0,100.0,100.0
Cilostazol,K72,hepatic failure,0.0116962459283849,False,9.0,33.333333333333336,50.0
Ifosfamide,K72,hepatic failure,0.0242510149524375,False,58.0,0.0,0.0
Clarithromycin,K72,hepatic failure,0.0242510149524375,False,87.0,66.66666666666667,50.0
Finasteride,K72,hepatic failure,0.0089443178143312,False,8.0,66.66666666666667,50.0
Saquinavir,K72,hepatic failure,0.0010622191026455,False,0.0,66.66666666666667,100.0
Lapatinib,K72,hepatic failure,0.0145856411738086,False,14.0,33.333333333333336,50.0
Acenocoumarol,K72,hepatic failure,0.0116962459283849,False,16.0,66.66666666666667,100.0
Topiroxostat,K72,hepatic failure,0.0321072105432218,False,0.0,66.66666666666667,100.0
Telaprevir,K72,hepatic failure,0.0145856411738086,False,102.0,33.333333333333336,50.0
Abiraterone,K72,hepatic failure,0.0242510149524375,False,22.0,66.66666666666667,50.0
Romidepsin,K72,hepatic failure,0.0280908813210454,False,3.0,33.333333333333336,0.0
Ambrisentan,K72,hepatic failure,0.0242510149524375,False,18.0,33.333333333333336,50.0
Oxymetholone,K72,hepatic failure,0.0321072105432218,False,21.0,100.0,100.0
Armodafinil,K72,hepatic failure,0.0116962459283849,False,2.0,66.66666666666667,50.0
Midostaurin,K72,hepatic failure,0.0485791391142368,False,3.0,33.333333333333336,50.0
Apixaban,K72,hepatic failure,0.0208792233746559,False,53.0,66.66666666666667,50.0
Axitinib,K72,hepatic failure,0.0208792233746559,False,16.0,66.66666666666667,50.0
Artemether,K72,hepatic failure,0.0089443178143312,False,15.0,33.333333333333336,50.0
Hydroxyprogesterone caproate,K72,hepatic failure,0.0043260906844352,False,0.0,33.333333333333336,50.0
Ivacaftor,K72,hepatic failure,0.0089443178143312,False,5.0,66.66666666666667,100.0
Vismodegib,K72,hepatic failure,0.0176072053047043,False,0.0,33.333333333333336,50.0
Enzalutamide,K72,hepatic failure,0.0208792233746559,False,15.0,100.0,100.0
Ibrutinib,K72,hepatic failure,0.0089443178143312,False,8.0,66.66666666666667,100.0
Idelalisib,K72,hepatic failure,0.0280908813210454,False,1.0,33.333333333333336,0.0
Vortioxetine,K72,hepatic failure,0.035771602294568,False,1.0,66.66666666666667,100.0
Asunaprevir,K72,hepatic failure,0.0242510149524375,False,55.0,66.66666666666667,50.0
Troleandomycin,K72,hepatic failure,0.0321072105432218,False,4.0,33.333333333333336,0.0
Hyaluronidase,K73,chronic hepatitis,0.0038201785120934,False,0.0,83.33333333333333,33.333333333333336
Cisplatin,K73,chronic hepatitis,1.4745198663041204e-08,False,81.0,100.0,100.0
Oxaliplatin,K73,chronic hepatitis,0.0002889838342025,False,14.0,100.0,66.66666666666667
Isoflurophate,K73,chronic hepatitis,0.0156046433634918,False,0.0,100.0,66.66666666666667
Carboplatin,K73,chronic hepatitis,9.916140452757136e-05,False,13.0,100.0,66.66666666666667
Bismuth Subsalicylate,K73,chronic hepatitis,0.0038201785120934,False,0.0,83.33333333333333,33.333333333333336
Glucosamine,K73,chronic hepatitis,0.0407088402753494,False,14.0,66.66666666666667,33.333333333333336
Aluminium,K73,chronic hepatitis,0.0229208601598636,False,53.0,66.66666666666667,66.66666666666667
Zinc,K73,chronic hepatitis,0.0001042210973464,False,319.0,100.0,66.66666666666667
Hyaluronidase (Human Recombinant),K73,chronic hepatitis,0.0038201785120934,False,0.0,83.33333333333333,33.333333333333336
Cupric sulfate,K73,chronic hepatitis,0.0009272216278829,False,4.0,100.0,66.66666666666667
Copper,K73,chronic hepatitis,3.229525086042012e-06,False,395.0,100.0,33.333333333333336
Polaprezinc,K73,chronic hepatitis,9.916140452757136e-05,False,10.0,100.0,66.66666666666667
Foreskin fibroblast (neonatal),K73,chronic hepatitis,0.0021955709153806,False,0.0,83.33333333333333,33.333333333333336
Foreskin keratinocyte (neonatal),K73,chronic hepatitis,0.0027332516716321,False,0.0,100.0,100.0
Hydrogen peroxide,K73,chronic hepatitis,0.0090770122728302,False,60.0,83.33333333333333,33.333333333333336
Cupric oxide,K73,chronic hepatitis,0.0038201785120934,False,0.0,83.33333333333333,33.333333333333336
Rose bengal,K73,chronic hepatitis,0.0156046433634918,False,25.0,100.0,33.333333333333336
Silver,K73,chronic hepatitis,0.0156046433634918,False,166.0,83.33333333333333,33.333333333333336
Ferrous sulfate,K73,chronic hepatitis,0.0123370787050684,False,2.0,83.33333333333333,66.66666666666667
Glycyrrhizic acid,K73,chronic hepatitis,0.0012735902978201,False,139.0,83.33333333333333,33.333333333333336
Peginterferon alfa-2b,K76,diseases of liver,0.0411157469804686,False,2377.0,40.0,50.0
Desmopressin,K76,diseases of liver,0.0010799016983575,False,94.0,100.0,100.0
Vasopressin,K76,diseases of liver,0.0005182881014505,False,1935.0,100.0,100.0
L-Arginine,K76,diseases of liver,0.0121688608057478,False,2771.0,60.0,50.0
Glutathione,K76,diseases of liver,0.0002079294236286,False,12563.0,100.0,100.0
L-Citrulline,K76,diseases of liver,0.0177004691356313,False,356.0,80.0,50.0
Vitamin E,K76,diseases of liver,0.00193358022178,False,2383.0,80.0,50.0
Menadione,K76,diseases of liver,0.002305821336832,False,98.0,100.0,100.0
Fluvoxamine,K76,diseases of liver,0.0177004691356313,False,34.0,80.0,50.0
Betaxolol,K76,diseases of liver,0.0411157469804686,False,7.0,80.0,100.0
Ticlopidine,K76,diseases of liver,0.0096252274410785,False,190.0,80.0,50.0
Citalopram,K76,diseases of liver,0.0177004691356313,False,99.0,100.0,100.0
Clotrimazole,K76,diseases of liver,0.0467284126857881,False,33.0,60.0,50.0
Acetaminophen,K76,diseases of liver,0.0047440578357424,False,5950.0,100.0,100.0
Omeprazole,K76,diseases of liver,0.0209691324110275,False,325.0,60.0,50.0
Chlorzoxazone,K76,diseases of liver,0.0028987925437147,False,68.0,100.0,100.0
Clozapine,K76,diseases of liver,0.0211882752559019,False,97.0,100.0,100.0
Palonosetron,K76,diseases of liver,0.0411157469804686,False,10.0,60.0,50.0
Mexiletine,K76,diseases of liver,3.960622924161823e-05,False,17.0,100.0,100.0
Quinine,K76,diseases of liver,0.0327913754875279,False,147.0,60.0,100.0
Entacapone,K76,diseases of liver,0.0411157469804686,False,29.0,80.0,100.0
Ritonavir,K76,diseases of liver,0.0467284126857881,False,963.0,60.0,100.0
Cisplatin,K76,diseases of liver,2.4528374606929396e-05,False,3749.0,100.0,100.0
Oxaliplatin,K76,diseases of liver,7.33176125558871e-10,False,1836.0,100.0,100.0
Fluphenazine,K76,diseases of liver,0.0076139940604516,False,27.0,100.0,100.0
Dexmedetomidine,K76,diseases of liver,0.0010799016983575,False,73.0,100.0,100.0
Epinephrine,K76,diseases of liver,0.0327913754875279,False,679.0,80.0,100.0
Thioridazine,K76,diseases of liver,0.0121688608057478,False,34.0,100.0,100.0
Tranylcypromine,K76,diseases of liver,0.0057465537873552,False,23.0,100.0,100.0
Methimazole,K76,diseases of liver,0.0057465537873552,False,187.0,100.0,100.0
Etoposide,K76,diseases of liver,0.00193358022178,False,769.0,100.0,100.0
Disulfiram,K76,diseases of liver,0.0028987925437147,False,244.0,100.0,100.0
Conivaptan,K76,diseases of liver,0.024150079077434,False,16.0,80.0,50.0
Ondansetron,K76,diseases of liver,0.0121688608057478,False,68.0,60.0,50.0
Almotriptan,K76,diseases of liver,0.0076139940604516,False,1.0,80.0,50.0
Isoniazid,K76,diseases of liver,0.0177004691356313,False,1550.0,100.0,100.0
Carboplatin,K76,diseases of liver,3.3846628683340833e-07,False,460.0,100.0,100.0
Azelastine,K76,diseases of liver,0.0148554472990418,False,5.0,80.0,100.0
Doxorubicin,K76,diseases of liver,0.009553089187533,False,5282.0,100.0,100.0
Cinacalcet,K76,diseases of liver,0.0411157469804686,False,19.0,40.0,50.0
Methoxyflurane,K76,diseases of liver,0.0177004691356313,False,102.0,60.0,50.0
Selegiline,K76,diseases of liver,0.0121688608057478,False,21.0,100.0,100.0
Thalidomide,K76,diseases of liver,0.0005068820458227,False,284.0,100.0,100.0
Tegaserod,K76,diseases of liver,0.0076139940604516,False,3.0,100.0,100.0
Pimozide,K76,diseases of liver,0.0121688608057478,False,19.0,100.0,100.0
Miconazole,K76,diseases of liver,0.0003298989195437,False,34.0,100.0,100.0
Proguanil,K76,diseases of liver,0.0028987925437147,False,50.0,80.0,50.0
Bupropion,K76,diseases of liver,0.0121688608057478,False,61.0,100.0,100.0
Dexfenfluramine,K76,diseases of liver,0.0041808570578318,False,1.0,100.0,100.0
Clomipramine,K76,diseases of liver,0.0121688608057478,False,19.0,100.0,100.0
Glucosamine,K76,diseases of liver,0.0028987925437147,False,399.0,80.0,50.0
Antipyrine,K76,diseases of liver,0.0148554472990418,False,410.0,100.0,100.0
Etoricoxib,K76,diseases of liver,0.0028987925437147,False,16.0,100.0,100.0
Terlipressin,K76,diseases of liver,0.0001621396386632,False,791.0,100.0,100.0
Clevidipine,K76,diseases of liver,0.0096252274410785,False,3.0,100.0,100.0
Iloperidone,K76,diseases of liver,0.0285336466570469,False,2.0,60.0,100.0
Obeticholic acid,K76,diseases of liver,0.024150079077434,False,598.0,80.0,50.0
Tolvaptan,K76,diseases of liver,0.0411157469804686,False,181.0,60.0,100.0
Midostaurin,K76,diseases of liver,0.0285336466570469,False,13.0,60.0,50.0
Benzyl alcohol,K76,diseases of liver,7.164364834408563e-05,False,20.0,100.0,100.0
Phenylbutyric acid,K76,diseases of liver,0.0411157469804686,False,115.0,40.0,50.0
Sulconazole,K76,diseases of liver,0.024150079077434,False,0.0,80.0,50.0
Glycerol Phenylbutyrate,K76,diseases of liver,0.0411157469804686,False,31.0,40.0,50.0
Atosiban,K76,diseases of liver,0.0005182881014505,False,1.0,100.0,100.0
Polaprezinc,K76,diseases of liver,0.0008553448928503,False,16.0,100.0,100.0
Levamlodipine,K76,diseases of liver,0.0411157469804686,False,0.0,60.0,100.0
Glycerin,K76,diseases of liver,0.0061621004797736,False,0.0,60.0,50.0
Curcumin,K76,diseases of liver,0.0005068820458227,False,1167.0,100.0,100.0
Diacerein,K76,diseases of liver,0.0041808570578318,False,22.0,80.0,50.0
alpha-Tocopherol succinate,K76,diseases of liver,0.00193358022178,False,661.0,80.0,50.0
D-alpha-Tocopherol acetate,K76,diseases of liver,0.00193358022178,False,660.0,80.0,50.0
Lovastatin,K80,cholelithiasis,0.0024864938065682,False,25.0,100.0,100.0
Morphine,K80,cholelithiasis,0.0010398408410949,False,64.0,100.0,100.0
Valproic Acid,K80,cholelithiasis,4.168852921466464e-06,False,1.0,100.0,100.0
Acetaminophen,K80,cholelithiasis,1.501328788660924e-05,False,19.0,100.0,100.0
Cerivastatin,K80,cholelithiasis,0.0241994688705469,False,1.0,100.0,85.71428571428571
Lamotrigine,K80,cholelithiasis,0.0035058920389023,False,0.0,60.0,100.0
Simvastatin,K80,cholelithiasis,0.0024864938065682,False,18.0,100.0,100.0
Losartan,K80,cholelithiasis,0.0020495735531622,False,2.0,100.0,100.0
Mycophenolate mofetil,K80,cholelithiasis,9.011684829581408e-08,False,3.0,100.0,100.0
Flurbiprofen,K80,cholelithiasis,0.0134436320659075,False,2.0,100.0,100.0
Etodolac,K80,cholelithiasis,0.0104268922139611,False,0.0,100.0,100.0
Irinotecan,K80,cholelithiasis,0.0445756353299416,False,0.0,80.0,42.857142857142854
Propofol,K80,cholelithiasis,0.0055732178914483,False,32.0,100.0,100.0
Buprenorphine,K80,cholelithiasis,0.0445756353299416,False,1.0,100.0,100.0
Ezetimibe,K80,cholelithiasis,5.156681042825834e-05,False,31.0,100.0,100.0
Mycophenolic acid,K80,cholelithiasis,6.410806079636705e-05,False,1.0,100.0,100.0
Ibuprofen,K80,cholelithiasis,0.0093844015797283,False,6.0,100.0,100.0
Atorvastatin,K80,cholelithiasis,0.0055732178914483,False,1.0,100.0,100.0
Fluvastatin,K80,cholelithiasis,0.0445756353299416,False,3.0,100.0,100.0
Ezogabine,K80,cholelithiasis,0.0002924508305853,False,0.0,100.0,100.0
Ambrisentan,K80,cholelithiasis,0.0134436320659075,False,0.0,60.0,100.0
Pitavastatin,K80,cholelithiasis,0.0241994688705469,False,0.0,100.0,57.142857142857146
Dolutegravir,K80,cholelithiasis,0.0005915702113913,False,0.0,100.0,85.71428571428571
Tocofersolan,K80,cholelithiasis,0.0202288092197699,False,0.0,60.0,57.142857142857146
Ertugliflozin,K80,cholelithiasis,0.0001150839170856,False,0.0,100.0,100.0
Letermovir,K80,cholelithiasis,0.0445756353299416,False,0.0,100.0,85.71428571428571
Enasidenib,K80,cholelithiasis,0.0001877866999981,False,0.0,100.0,100.0
Ezetimibe,K81,cholecystitis,0.0480025160951662,False,4.0,100.0,100.0
Tocofersolan,K81,cholecystitis,0.0347327354314841,False,0.0,60.0,42.857142857142854
Glutathione,K82,diseases of gallbladder,0.0063413990000954,False,44.0,100.0,83.33333333333333
L-Citrulline,K82,diseases of gallbladder,0.0277435694968966,False,0.0,25.0,16.666666666666668
Vitamin E,K82,diseases of gallbladder,0.0035148695579547,False,5.0,50.0,100.0
Menadione,K82,diseases of gallbladder,0.0042051014170773,False,0.0,100.0,100.0
Fluvoxamine,K82,diseases of gallbladder,0.0277435694968966,False,0.0,100.0,100.0
Ticlopidine,K82,diseases of gallbladder,0.01528420341742,False,0.0,100.0,100.0
Citalopram,K82,diseases of gallbladder,0.0277435694968966,False,0.0,100.0,100.0
Acetaminophen,K82,diseases of gallbladder,0.0005228595131052,False,7.0,100.0,100.0
Omeprazole,K82,diseases of gallbladder,0.0328496557303649,False,4.0,100.0,100.0
Chlorzoxazone,K82,diseases of gallbladder,0.0045884214501405,False,0.0,100.0,100.0
Clozapine,K82,diseases of gallbladder,0.0379202279016244,False,0.0,100.0,100.0
Mexiletine,K82,diseases of gallbladder,7.83609600861859e-05,False,0.0,100.0,100.0
Cisplatin,K82,diseases of gallbladder,0.0012985434754565,False,245.0,100.0,100.0
Oxaliplatin,K82,diseases of gallbladder,1.2795095693230336e-07,False,74.0,100.0,100.0
Fluphenazine,K82,diseases of gallbladder,0.0120309781679467,False,0.0,100.0,100.0
Dexmedetomidine,K82,diseases of gallbladder,0.0017281788620806,False,2.0,100.0,100.0
Thioridazine,K82,diseases of gallbladder,0.0189187469785846,False,0.0,50.0,66.66666666666667
Tranylcypromine,K82,diseases of gallbladder,0.0090770122728302,False,0.0,50.0,100.0
Methimazole,K82,diseases of gallbladder,0.0090770122728302,False,4.0,100.0,100.0
Etoposide,K82,diseases of gallbladder,0.0035148695579547,False,28.0,100.0,100.0
Disulfiram,K82,diseases of gallbladder,0.0045884214501405,False,1.0,100.0,100.0
Ondansetron,K82,diseases of gallbladder,0.0189187469785846,False,2.0,100.0,83.33333333333333
Almotriptan,K82,diseases of gallbladder,0.0120309781679467,False,0.0,50.0,100.0
Isoniazid,K82,diseases of gallbladder,0.0277435694968966,False,6.0,75.0,33.333333333333336
Carboplatin,K82,diseases of gallbladder,4.7775850865676835e-05,False,21.0,100.0,100.0
Azelastine,K82,diseases of gallbladder,0.0229540131013698,False,0.0,100.0,100.0
Methoxyflurane,K82,diseases of gallbladder,0.0277435694968966,False,0.0,100.0,50.0
Selegiline,K82,diseases of gallbladder,0.0189187469785846,False,1.0,100.0,100.0
Thalidomide,K82,diseases of gallbladder,0.0009582503062546,False,7.0,100.0,100.0
Tegaserod,K82,diseases of gallbladder,0.0120309781679467,False,3.0,100.0,100.0
Pimozide,K82,diseases of gallbladder,0.0189187469785846,False,0.0,100.0,100.0
Miconazole,K82,diseases of gallbladder,0.0112589528832332,False,0.0,100.0,100.0
Proguanil,K82,diseases of gallbladder,0.0045884214501405,False,1.0,100.0,100.0
Bupropion,K82,diseases of gallbladder,0.0189187469785846,False,1.0,100.0,66.66666666666667
Dexfenfluramine,K82,diseases of gallbladder,0.0066162324779803,False,0.0,100.0,100.0
Clomipramine,K82,diseases of gallbladder,0.0189187469785846,False,0.0,100.0,100.0
Glucosamine,K82,diseases of gallbladder,0.0045884214501405,False,6.0,100.0,100.0
Antipyrine,K82,diseases of gallbladder,0.0229540131013698,False,0.0,100.0,66.66666666666667
Etoricoxib,K82,diseases of gallbladder,0.0045884214501405,False,0.0,100.0,100.0
Clevidipine,K82,diseases of gallbladder,0.01528420341742,False,0.0,50.0,100.0
Iloperidone,K82,diseases of gallbladder,0.0441946384561161,False,0.0,0.0,0.0
Obeticholic acid,K82,diseases of gallbladder,0.0328496557303649,False,7.0,50.0,100.0
Midostaurin,K82,diseases of gallbladder,0.0441946384561161,False,0.0,75.0,66.66666666666667
Benzyl alcohol,K82,diseases of gallbladder,0.0001403554484166,False,0.0,100.0,100.0
Sulconazole,K82,diseases of gallbladder,0.0328496557303649,False,0.0,50.0,100.0
Polaprezinc,K82,diseases of gallbladder,0.0015938126256285,False,0.0,100.0,100.0
Glycerin,K82,diseases of gallbladder,0.0112589528832332,False,9.0,50.0,50.0
Curcumin,K82,diseases of gallbladder,0.0229540131013698,False,6.0,100.0,100.0
Diacerein,K82,diseases of gallbladder,0.0066162324779803,False,0.0,100.0,100.0
alpha-Tocopherol succinate,K82,diseases of gallbladder,0.0035148695579547,False,0.0,50.0,100.0
D-alpha-Tocopherol acetate,K82,diseases of gallbladder,0.0035148695579547,False,0.0,50.0,100.0
Cyclosporine,K83,diseases of biliary tract,2.9037659074221983e-05,False,69.0,100.0,100.0
Pravastatin,K83,diseases of biliary tract,0.0134648270498565,False,4.0,100.0,100.0
Nelfinavir,K83,diseases of biliary tract,0.009973057298943,False,1.0,100.0,100.0
Clotrimazole,K83,diseases of biliary tract,1.861413883042514e-05,False,1.0,100.0,100.0
Conjugated estrogens,K83,diseases of biliary tract,1.6541373598268905e-08,False,6.0,100.0,100.0
Ropivacaine,K83,diseases of biliary tract,0.0336877723922002,False,0.0,60.0,100.0
Indomethacin,K83,diseases of biliary tract,0.002305821336832,False,51.0,100.0,100.0
Digoxin,K83,diseases of biliary tract,0.0002324595171069,False,9.0,100.0,100.0
Progesterone,K83,diseases of biliary tract,0.0382155347222159,False,35.0,100.0,100.0
Sorafenib,K83,diseases of biliary tract,0.0323710754505282,False,44.0,100.0,100.0
Nabilone,K83,diseases of biliary tract,0.0336877723922002,False,0.0,60.0,100.0
Ritonavir,K83,diseases of biliary tract,0.0007829109999937,False,4.0,100.0,100.0
Cisplatin,K83,diseases of biliary tract,0.0482240509059352,False,524.0,100.0,100.0
Vincristine,K83,diseases of biliary tract,0.0071837535857395,False,0.0,100.0,100.0
Methotrexate,K83,diseases of biliary tract,0.0482240509059352,False,25.0,100.0,100.0
Carbamazepine,K83,diseases of biliary tract,0.0117067042490556,False,3.0,100.0,100.0
Testosterone,K83,diseases of biliary tract,0.0382155347222159,False,24.0,100.0,66.66666666666667
Simvastatin,K83,diseases of biliary tract,0.0134648270498565,False,0.0,100.0,100.0
Estrone,K83,diseases of biliary tract,0.0193964012762966,False,4.0,100.0,100.0
Verapamil,K83,diseases of biliary tract,0.0003960140223807,False,5.0,100.0,100.0
Tamoxifen,K83,diseases of biliary tract,0.0482240509059352,False,18.0,100.0,100.0
Daunorubicin,K83,diseases of biliary tract,0.009973057298943,False,50.0,100.0,100.0
Malathion,K83,diseases of biliary tract,0.0134183454726334,False,1.0,60.0,100.0
Etoposide,K83,diseases of biliary tract,0.0153193597464023,False,25.0,100.0,100.0
Roxithromycin,K83,diseases of biliary tract,0.0336877723922002,False,0.0,100.0,100.0
Quinidine,K83,diseases of biliary tract,0.0016215254778222,False,0.0,100.0,100.0
Dinoprostone,K83,diseases of biliary tract,0.0014131743089993,False,22.0,60.0,100.0
Ezetimibe,K83,diseases of biliary tract,0.0002966757597416,False,8.0,100.0,100.0
Ethinyl Estradiol,K83,diseases of biliary tract,0.0030285998208805,False,16.0,100.0,100.0
Lomefloxacin,K83,diseases of biliary tract,0.0458502670625731,False,1.0,0.0,33.333333333333336
Doxorubicin,K83,diseases of biliary tract,0.0001148017910698,False,63.0,100.0,100.0
Glyburide,K83,diseases of biliary tract,0.0010622191026455,False,5.0,100.0,100.0
Ketoconazole,K83,diseases of biliary tract,0.002064179406572,False,4.0,100.0,100.0
Probenecid,K83,diseases of biliary tract,0.002305821336832,False,9.0,80.0,33.333333333333336
Rifampicin,K83,diseases of biliary tract,2.206577139652769e-06,False,26.0,100.0,100.0
Atorvastatin,K83,diseases of biliary tract,0.0239658129041028,False,3.0,100.0,100.0
Fluvastatin,K83,diseases of biliary tract,0.0134648270498565,False,2.0,100.0,100.0
Rosuvastatin,K83,diseases of biliary tract,0.0117067042490556,False,2.0,100.0,100.0
Miconazole,K83,diseases of biliary tract,0.0351285275909716,False,0.0,100.0,100.0
Nifedipine,K83,diseases of biliary tract,0.0010622191026455,False,20.0,100.0,100.0
Sulfinpyrazone,K83,diseases of biliary tract,0.0059545337298189,False,1.0,60.0,66.66666666666667
Phenobarbital,K83,diseases of biliary tract,8.549146749010309e-05,False,41.0,100.0,100.0
Dexamethasone,K83,diseases of biliary tract,6.152342143751276e-05,False,31.0,100.0,100.0
Ursodeoxycholic acid,K83,diseases of biliary tract,2.301636418986013e-07,False,347.0,100.0,100.0
Cholic Acid,K83,diseases of biliary tract,8.501755740092672e-06,False,142.0,100.0,100.0
Fusidic Acid,K83,diseases of biliary tract,0.0336877723922002,False,0.0,0.0,33.333333333333336
Deoxycholic Acid,K83,diseases of biliary tract,0.0002324595171069,False,348.0,100.0,100.0
Obeticholic acid,K83,diseases of biliary tract,0.0134183454726334,True,24.0,60.0,100.0
Simeprevir,K83,diseases of biliary tract,6.984317683413253e-05,False,0.0,100.0,100.0
Gadoxetic acid,K83,diseases of biliary tract,0.0336877723922002,False,71.0,0.0,33.333333333333336
Pomalidomide,K83,diseases of biliary tract,0.0458502670625731,False,0.0,100.0,100.0
Cannabidiol,K83,diseases of biliary tract,0.0194841330438501,False,4.0,100.0,100.0
Binimetinib,K83,diseases of biliary tract,0.0016773078624191,False,3.0,100.0,100.0
Diacerein,K83,diseases of biliary tract,0.0016773078624191,False,0.0,100.0,100.0
Letermovir,K83,diseases of biliary tract,0.0134648270498565,False,0.0,100.0,100.0
Testosterone cypionate,K83,diseases of biliary tract,0.0413771143377474,False,0.0,80.0,33.333333333333336
Testosterone enanthate,K83,diseases of biliary tract,0.0413771143377474,False,0.0,80.0,33.333333333333336
Testosterone undecanoate,K83,diseases of biliary tract,0.0413771143377474,False,0.0,80.0,33.333333333333336
Nabiximols,K83,diseases of biliary tract,0.0174685003365541,False,0.0,100.0,100.0
Cyclosporine,K92,diseases of digestive system,0.0153994812075874,False,953.0,100.0,0.0
Bortezomib,K92,diseases of digestive system,0.0438211140983263,False,63.0,100.0,0.0
Pyrimethamine,K92,diseases of digestive system,0.0247393337744915,False,34.0,100.0,0.0
Indinavir,K92,diseases of digestive system,0.0045099396489801,False,9.0,100.0,0.0
Lovastatin,K92,diseases of digestive system,0.00846605792823,False,253.0,100.0,0.0
Clotrimazole,K92,diseases of digestive system,0.0123731931222549,False,26.0,100.0,0.0
Sulfanilamide,K92,diseases of digestive system,0.0338250546480452,False,379.0,100.0,0.0
Dicoumarol,K92,diseases of digestive system,0.0247393337744915,False,18.0,100.0,0.0
Acetaminophen,K92,diseases of digestive system,0.0186881352948374,False,1368.0,100.0,100.0
Sorafenib,K92,diseases of digestive system,0.0204952149358368,False,192.0,100.0,0.0
Cerivastatin,K92,diseases of digestive system,0.0045099396489801,False,20.0,100.0,0.0
Ritonavir,K92,diseases of digestive system,0.0123731931222549,False,71.0,100.0,0.0
Cisplatin,K92,diseases of digestive system,0.0015425494575563,False,846.0,100.0,100.0
Amodiaquine,K92,diseases of digestive system,0.0004533693002305,False,8.0,100.0,100.0
Simvastatin,K92,diseases of digestive system,0.00846605792823,False,262.0,100.0,0.0
Tamoxifen,K92,diseases of digestive system,0.0312376969968448,False,315.0,100.0,0.0
Dolasetron,K92,diseases of digestive system,0.0167303358767998,False,0.0,100.0,0.0
Donepezil,K92,diseases of digestive system,0.0247393337744915,False,29.0,100.0,0.0
Eprosartan,K92,diseases of digestive system,0.0097321260529619,False,2.0,100.0,100.0
Quinidine,K92,diseases of digestive system,0.0204952149358368,False,45.0,100.0,0.0
Phenprocoumon,K92,diseases of digestive system,0.0338250546480452,False,8.0,100.0,0.0
Desloratadine,K92,diseases of digestive system,0.0338250546480452,False,6.0,100.0,0.0
Formoterol,K92,diseases of digestive system,0.0438211140983263,False,5.0,100.0,0.0
Atorvastatin,K92,diseases of digestive system,0.0153994812075874,False,212.0,100.0,0.0
Fluvastatin,K92,diseases of digestive system,0.00846605792823,False,27.0,100.0,0.0
Nifedipine,K92,diseases of digestive system,0.0153994812075874,False,198.0,100.0,0.0
Bicalutamide,K92,diseases of digestive system,0.0247393337744915,False,5.0,100.0,0.0
Proguanil,K92,diseases of digestive system,0.0438211140983263,False,10.0,100.0,0.0
Carvedilol,K92,diseases of digestive system,0.0223483145876986,False,36.0,100.0,0.0
Moclobemide,K92,diseases of digestive system,0.0338250546480452,False,5.0,100.0,0.0
Idarubicin,K92,diseases of digestive system,0.0167303358767998,False,18.0,100.0,0.0
Flecainide,K92,diseases of digestive system,0.0247393337744915,False,5.0,100.0,0.0
Saquinavir,K92,diseases of digestive system,0.00846605792823,False,9.0,100.0,0.0
Dexamethasone,K92,diseases of digestive system,0.0223483145876986,False,856.0,100.0,0.0
Arformoterol,K92,diseases of digestive system,0.0247393337744915,False,4.0,100.0,0.0
Acenocoumarol,K92,diseases of digestive system,0.0438211140983263,False,20.0,100.0,0.0
Etoricoxib,K92,diseases of digestive system,0.0438211140983263,False,13.0,100.0,100.0
Ospemifene,K92,diseases of digestive system,0.0338250546480452,False,0.0,100.0,0.0
Trabectedin,K92,diseases of digestive system,0.0338250546480452,False,9.0,100.0,0.0
Histamine,K92,diseases of digestive system,0.0037393413565434,False,1750.0,100.0,100.0
Artemether,K92,diseases of digestive system,0.0338250546480452,False,35.0,100.0,0.0
Sulfaphenazole,K92,diseases of digestive system,0.0338250546480452,False,2.0,100.0,0.0
Sulconazole,K92,diseases of digestive system,0.0097321260529619,False,0.0,100.0,100.0
Parecoxib,K92,diseases of digestive system,0.0167303358767998,False,7.0,100.0,100.0
Ticagrelor,K92,diseases of digestive system,0.0247393337744915,False,9.0,100.0,0.0
Netupitant,K92,diseases of digestive system,0.0247393337744915,False,1.0,100.0,0.0
Ixazomib,K92,diseases of digestive system,0.0438211140983263,False,1.0,100.0,0.0
Rose bengal,K92,diseases of digestive system,0.0167303358767998,False,237.0,100.0,0.0
Rupatadine,K92,diseases of digestive system,0.0338250546480452,False,0.0,100.0,0.0
Curcumin,K92,diseases of digestive system,0.0037393413565434,False,585.0,100.0,0.0
Letermovir,K92,diseases of digestive system,0.00846605792823,False,3.0,100.0,0.0
Cimicifuga racemosa,K92,diseases of digestive system,0.0247393337744915,False,9.0,100.0,0.0
Etanercept,L13,bullous disorders,0.0032485951279605,False,139.0,0.0,0.0
Foreskin fibroblast (neonatal),L20,atopic dermatitis,0.0473021991859653,False,0.0,0.0,100.0
Foreskin keratinocyte (neonatal),L20,atopic dermatitis,0.0062457477177193,False,2.0,100.0,100.0
Pseudoephedrine,L23,allergic contact dermatitis,0.0238012724371897,False,8.0,100.0,0.0
Sulfamethoxazole,L23,allergic contact dermatitis,0.0182840564821863,False,12.0,0.0,0.0
Glucosamine,L23,allergic contact dermatitis,0.0086503890442959,False,4.0,33.33333333333333,0.0
Pranlukast,L23,allergic contact dermatitis,0.013297906332801,False,0.0,0.0,0.0
Apremilast,L23,allergic contact dermatitis,6.984317683413253e-05,False,0.0,66.66666666666666,0.0
Foreskin fibroblast (neonatal),L23,allergic contact dermatitis,0.0182840564821863,False,1.0,33.33333333333333,0.0
Foreskin keratinocyte (neonatal),L23,allergic contact dermatitis,0.0209693409137144,False,1.0,100.0,0.0
Amifampridine,L23,allergic contact dermatitis,0.0018820540997838,False,0.0,0.0,0.0
Vitamin E,L25,contact dermatitis,5.469569040743551e-05,False,76.0,0.0,100.0
Menadione,L25,contact dermatitis,0.0381534890026867,False,5.0,100.0,100.0
Acetaminophen,L25,contact dermatitis,0.0042159268489441,False,37.0,100.0,100.0
Omeprazole,L25,contact dermatitis,0.0191061531802057,False,22.0,100.0,100.0
Flutamide,L25,contact dermatitis,0.0052179788679475,False,6.0,100.0,100.0
Oxaliplatin,L25,contact dermatitis,6.897176884230281e-05,False,5.0,100.0,100.0
Erlotinib,L25,contact dermatitis,0.0161704710089108,False,4.0,100.0,100.0
Propofol,L25,contact dermatitis,0.003220385198564,False,5.0,100.0,100.0
Carboplatin,L25,contact dermatitis,0.0191061531802057,False,0.0,100.0,100.0
Melatonin,L25,contact dermatitis,0.029852132973384,False,8.0,100.0,100.0
Primaquine,L25,contact dermatitis,0.0026404093699536,False,2.0,100.0,100.0
Arsenic trioxide,L25,contact dermatitis,0.0222878173867274,False,2.0,100.0,100.0
Resveratrol,L25,contact dermatitis,0.0084679835742838,False,11.0,100.0,100.0
Copper,L25,contact dermatitis,0.0022942659357587,False,172.0,100.0,100.0
Polaprezinc,L25,contact dermatitis,0.0191061531802057,False,0.0,100.0,100.0
Selenium,L25,contact dermatitis,0.0226683084630218,False,19.0,0.0,100.0
Triclocarban,L25,contact dermatitis,0.0226683084630218,False,7.0,0.0,100.0
alpha-Tocopherol succinate,L25,contact dermatitis,5.469569040743551e-05,False,34.0,0.0,100.0
D-alpha-Tocopherol acetate,L25,contact dermatitis,5.469569040743551e-05,False,34.0,0.0,100.0
Nabiximols,L25,contact dermatitis,0.049234425950402,False,0.0,100.0,100.0
Diflorasone,L26,exfoliative dermatitis,0.0336877723922002,False,1.0,0.0,0.0
Desoximetasone,L26,exfoliative dermatitis,0.0336877723922002,False,1.0,0.0,0.0
Clocortolone,L26,exfoliative dermatitis,0.0336877723922002,False,0.0,0.0,0.0
Loteprednol,L26,exfoliative dermatitis,0.0336877723922002,False,0.0,0.0,0.0
Prednicarbate,L26,exfoliative dermatitis,0.0336877723922002,False,0.0,0.0,0.0
Desonide,L26,exfoliative dermatitis,0.0336877723922002,False,0.0,0.0,0.0
Difluprednate,L26,exfoliative dermatitis,0.0336877723922002,False,0.0,0.0,0.0
Clobetasone,L26,exfoliative dermatitis,0.0336877723922002,False,0.0,0.0,0.0
Ginseng,L28,lichen simplex chronicus and prurigo,0.0458502670625731,False,0.0,50.0,33.333333333333336
Siltuximab,L28,lichen simplex chronicus and prurigo,0.0197436864289855,False,0.0,0.0,0.0
Midodrine,L29,pruritus,5.1547617672119045e-05,False,5.0,50.0,66.66666666666667
Ranolazine,L29,pruritus,0.0064755576224752,False,0.0,50.0,33.333333333333336
Ziprasidone,L29,pruritus,0.0068751729961742,False,2.0,100.0,100.0
Cabergoline,L29,pruritus,0.0028930554603636,False,1.0,100.0,100.0
Phenytoin,L29,pruritus,0.0022762301670203,False,30.0,50.0,100.0
Lidocaine,L29,pruritus,3.2730911412395546e-05,False,199.0,100.0,100.0
Dapiprazole,L29,pruritus,6.997978656814113e-06,False,0.0,100.0,100.0
Amitriptyline,L29,pruritus,1.813760990513724e-05,False,45.0,100.0,100.0
Olanzapine,L29,pruritus,0.0145796438730248,False,11.0,100.0,100.0
Alfuzosin,L29,pruritus,5.1547617672119045e-05,False,3.0,0.0,100.0
Clozapine,L29,pruritus,0.0137935507727025,False,5.0,100.0,100.0
Norepinephrine,L29,pruritus,0.0022762301670203,False,39.0,100.0,100.0
Phenylephrine,L29,pruritus,5.1547617672119045e-05,False,15.0,50.0,66.66666666666667
Loxapine,L29,pruritus,0.0080861215730574,False,2.0,100.0,100.0
Promazine,L29,pruritus,3.2730911412395546e-05,False,2.0,100.0,100.0
Prazosin,L29,pruritus,0.0012372004241583,False,5.0,100.0,100.0
Imipramine,L29,pruritus,0.0004391430473023,False,3.0,100.0,100.0
Hexylcaine,L29,pruritus,0.001588123108345,False,1.0,0.0,33.333333333333336
Chlorpromazine,L29,pruritus,0.0063759682565931,False,27.0,100.0,100.0
Cinchocaine,L29,pruritus,0.0064755576224752,False,12.0,50.0,0.0
Nortriptyline,L29,pruritus,0.0001748298491218,False,5.0,100.0,100.0
Lamotrigine,L29,pruritus,0.0025600339023695,False,8.0,100.0,100.0
Clonidine,L29,pruritus,0.0014754808762593,False,81.0,100.0,100.0
Doxazosin,L29,pruritus,0.000425326204599,False,0.0,100.0,66.66666666666667
Nicardipine,L29,pruritus,0.0039961611014397,False,0.0,100.0,100.0
Trazodone,L29,pruritus,0.0466117216348664,False,3.0,50.0,100.0
Verapamil,L29,pruritus,0.0005182969441729,False,15.0,50.0,100.0
Epinephrine,L29,pruritus,0.001971786183674,False,251.0,100.0,100.0
Thioridazine,L29,pruritus,0.0411157469804686,False,3.0,50.0,66.66666666666667
Phentolamine,L29,pruritus,2.2824739294771923e-05,False,4.0,100.0,100.0
Ergotamine,L29,pruritus,0.001971786183674,False,5.0,50.0,100.0
Tamsulosin,L29,pruritus,9.261169792457492e-05,False,1.0,50.0,66.66666666666667
Methoxamine,L29,pruritus,6.997978656814113e-06,False,3.0,100.0,100.0
Trimipramine,L29,pruritus,0.0035850484202396,False,5.0,100.0,100.0
Risperidone,L29,pruritus,0.0022762301670203,False,11.0,100.0,100.0
Epinastine,L29,pruritus,0.0309792881864104,False,16.0,100.0,100.0
Propiomazine,L29,pruritus,1.0028168433012374e-05,False,0.0,100.0,100.0
Tolazoline,L29,pruritus,0.0133328735053408,False,1.0,100.0,66.66666666666667
Fenoldopam,L29,pruritus,0.000222869364333,False,0.0,100.0,100.0
Menthol,L29,pruritus,0.009590806729815,False,68.0,0.0,33.333333333333336
Cocaine,L29,pruritus,0.0017086015288421,False,12.0,50.0,100.0
Quinidine,L29,pruritus,0.0001042210973464,False,2.0,50.0,100.0
Zonisamide,L29,pruritus,8.83681893861884e-10,False,1.0,50.0,33.333333333333336
Phenoxybenzamine,L29,pruritus,0.0006929546588287,False,1.0,100.0,100.0
Oxymetazoline,L29,pruritus,9.261169792457492e-05,False,2.0,100.0,100.0
Carvedilol,L29,pruritus,0.0053177407908438,False,3.0,100.0,100.0
Doxepin,L29,pruritus,0.0001748298491218,True,77.0,100.0,100.0
Terazosin,L29,pruritus,0.0001495994524605,False,0.0,50.0,66.66666666666667
Orphenadrine,L29,pruritus,0.035771602294568,False,1.0,0.0,33.333333333333336
Escitalopram,L29,pruritus,0.0259533652708969,False,12.0,50.0,100.0
Pergolide,L29,pruritus,0.0022762301670203,False,0.0,100.0,100.0
Flecainide,L29,pruritus,0.009590806729815,False,1.0,0.0,66.66666666666667
Bromocriptine,L29,pruritus,0.0028930554603636,False,1.0,100.0,100.0
Quetiapine,L29,pruritus,0.0002198487414227,False,4.0,100.0,100.0
Aripiprazole,L29,pruritus,0.0063759682565931,False,4.0,100.0,100.0
Paliperidone,L29,pruritus,0.001971786183674,False,3.0,100.0,100.0
Methotrimeprazine,L29,pruritus,5.6916349947088826e-05,False,7.0,100.0,100.0
Dextroamphetamine,L29,pruritus,0.0170754281004329,False,0.0,50.0,33.333333333333336
Phendimetrazine,L29,pruritus,0.0037492806593569,False,0.0,50.0,100.0
Ursodeoxycholic acid,L29,pruritus,0.0259533652708969,False,706.0,0.0,0.0
Acepromazine,L29,pruritus,0.0212475057418352,False,4.0,50.0,100.0
Thioproperazine,L29,pruritus,0.0212475057418352,False,0.0,50.0,100.0
Zuclopenthixol,L29,pruritus,0.0212475057418352,False,1.0,50.0,100.0
Camphor,L29,pruritus,0.009590806729815,False,20.0,0.0,0.0
Dronedarone,L29,pruritus,5.6916349947088826e-05,False,0.0,100.0,100.0
Sertindole,L29,pruritus,0.000425326204599,False,0.0,50.0,100.0
Pizotifen,L29,pruritus,2.1347930660224965e-05,False,2.0,100.0,100.0
Silodosin,L29,pruritus,0.0001495994524605,False,0.0,50.0,33.333333333333336
Lacosamide,L29,pruritus,6.997978656814113e-06,False,2.0,100.0,100.0
Droxidopa,L29,pruritus,0.0008597264678884,False,0.0,100.0,100.0
Xylometazoline,L29,pruritus,9.261169792457492e-05,False,1.0,100.0,100.0
Perospirone,L29,pruritus,0.0309792881864104,False,0.0,50.0,100.0
Cannabidiol,L29,pruritus,0.0312532652462582,False,25.0,50.0,100.0
Lorpiprazole,L29,pruritus,0.0259533652708969,False,0.0,50.0,100.0
Racepinephrine,L29,pruritus,0.0003150978817883,False,0.0,100.0,100.0
Nabiximols,L29,pruritus,0.0287398938950695,False,0.0,50.0,100.0
Aripiprazole lauroxil,L29,pruritus,0.0063759682565931,False,0.0,100.0,100.0
Sucralfate,L30,dermatitis,0.0221144251552417,False,28.0,100.0,75.0
Fluticasone propionate,L30,dermatitis,0.035771602294568,False,116.0,50.0,0.0
Fluocinolone Acetonide,L30,dermatitis,0.0063785038070564,False,287.0,100.0,50.0
Clenbuterol,L30,dermatitis,0.028789280276738,False,1.0,100.0,75.0
Adapalene,L40,asthma,0.0001223199095513,False,1.0,100.0,0.0
Adapalene,L40,psoriasis,0.0001223199095513,False,22.0,100.0,0.0
Acitretin,L40,asthma,3.802986455923066e-05,True,3.0,100.0,0.0
Acitretin,L40,psoriasis,3.802986455923066e-05,True,1052.0,100.0,0.0
Alitretinoin,L40,asthma,0.0085164805260198,False,2.0,100.0,0.0
Alitretinoin,L40,psoriasis,0.0085164805260198,False,24.0,100.0,0.0
Tretinoin,L40,asthma,0.0403478656580515,True,51.0,100.0,0.0
Tretinoin,L40,psoriasis,0.0403478656580515,True,388.0,100.0,0.0
Tazarotene,L40,asthma,0.011061245748707,True,0.0,100.0,0.0
Tazarotene,L40,psoriasis,0.011061245748707,True,311.0,100.0,0.0
Bezafibrate,L40,asthma,0.0316835845893515,False,13.0,100.0,0.0
Bezafibrate,L40,psoriasis,0.0316835845893515,False,3.0,100.0,0.0
Roflumilast,L40,asthma,0.0032474013743741,False,157.0,100.0,0.0
Roflumilast,L40,psoriasis,0.0032474013743741,False,121.0,100.0,0.0
Ibudilast,L40,asthma,0.011061245748707,False,35.0,100.0,0.0
Ibudilast,L40,psoriasis,0.011061245748707,False,2.0,100.0,0.0
Tofacitinib,L40,asthma,0.0032557370833775,True,16.0,100.0,0.0
Tofacitinib,L40,psoriasis,0.0032557370833775,True,451.0,100.0,0.0
Spermine,L50,urticaria,0.0383259659971864,False,0.0,0.0,20.0
Betaxolol,L50,urticaria,0.006909854311659,False,0.0,80.0,80.0
Midodrine,L50,urticaria,5.731055117972651e-05,False,0.0,60.0,100.0
Bethanidine,L50,urticaria,0.0040026508958184,False,0.0,40.0,60.0
Isoetarine,L50,urticaria,0.0016925210586982,False,0.0,60.0,60.0
Ziprasidone,L50,urticaria,3.8971136070801945e-08,False,3.0,100.0,100.0
Cabergoline,L50,urticaria,2.9606802208233394e-13,False,0.0,100.0,100.0
Metoprolol,L50,urticaria,0.0142162884622085,False,10.0,80.0,60.0
Ropinirole,L50,urticaria,0.0019017665850353,False,0.0,40.0,80.0
Dapiprazole,L50,urticaria,7.85509542253243e-06,False,0.0,100.0,100.0
Amitriptyline,L50,urticaria,4.116817550989598e-07,False,8.0,100.0,100.0
Olanzapine,L50,urticaria,3.047582901605502e-09,False,7.0,100.0,100.0
Atenolol,L50,urticaria,0.0040026508958184,False,4.0,100.0,80.0
Alfuzosin,L50,urticaria,5.731055117972651e-05,False,0.0,60.0,100.0
Clozapine,L50,urticaria,1.8594100957359106e-07,False,5.0,80.0,100.0
Norepinephrine,L50,urticaria,3.1396514552520613e-16,False,35.0,100.0,100.0
Mirtazapine,L50,urticaria,1.0623106204809944e-08,False,5.0,80.0,100.0
Timolol,L50,urticaria,0.0142162884622085,False,0.0,80.0,60.0
Phenylephrine,L50,urticaria,5.731055117972651e-05,False,6.0,80.0,100.0
Phenylpropanolamine,L50,urticaria,0.000104185096823,False,0.0,80.0,60.0
Loxapine,L50,urticaria,6.645219937237929e-10,False,0.0,80.0,100.0
Pramipexole,L50,urticaria,0.0016409051890803,False,0.0,40.0,80.0
Promazine,L50,urticaria,3.827750760087132e-05,False,2.0,80.0,100.0
Dipivefrin,L50,urticaria,5.731055117972651e-05,False,0.0,60.0,100.0
Prazosin,L50,urticaria,1.101797243821834e-07,False,1.0,100.0,100.0
Imipramine,L50,urticaria,0.0005076419996313,False,4.0,100.0,100.0
Chlorpromazine,L50,urticaria,0.0001808403494642,False,17.0,100.0,100.0
Brimonidine,L50,urticaria,2.5735651521659157e-05,False,0.0,80.0,80.0
Sotalol,L50,urticaria,0.0040026508958184,False,0.0,40.0,100.0
Carteolol,L50,urticaria,0.0040026508958184,False,0.0,40.0,100.0
Nortriptyline,L50,urticaria,3.8971136070801945e-08,False,1.0,100.0,100.0
Amoxapine,L50,urticaria,0.0039961611014397,False,0.0,40.0,80.0
Lamotrigine,L50,urticaria,4.6907340250769213e-05,False,10.0,100.0,80.0
Propranolol,L50,urticaria,0.0013811539241912,False,29.0,80.0,100.0
Clonidine,L50,urticaria,1.035208641400629e-09,False,3.0,100.0,100.0
Lisuride,L50,urticaria,0.0019017665850353,False,0.0,40.0,80.0
Doxazosin,L50,urticaria,0.0004736678633973,False,1.0,80.0,100.0
Labetalol,L50,urticaria,5.731055117972651e-05,False,0.0,80.0,100.0
Bisoprolol,L50,urticaria,0.006909854311659,False,3.0,40.0,80.0
Nicardipine,L50,urticaria,0.0044270005210413,False,5.0,60.0,80.0
Guanabenz,L50,urticaria,0.0040026508958184,False,1.0,80.0,60.0
Trazodone,L50,urticaria,0.0009582503062546,False,1.0,60.0,100.0
Verapamil,L50,urticaria,0.0160754718678881,False,7.0,20.0,60.0
Epinephrine,L50,urticaria,1.7865391749574502e-16,False,635.0,100.0,100.0
Thioridazine,L50,urticaria,0.0440870824884426,False,1.0,0.0,20.0
Phentolamine,L50,urticaria,3.0234745564211684e-08,False,0.0,100.0,100.0
Ergotamine,L50,urticaria,2.736515825602716e-07,False,8.0,80.0,100.0
Tizanidine,L50,urticaria,5.731055117972651e-05,False,0.0,80.0,80.0
Tamsulosin,L50,urticaria,0.000104185096823,False,1.0,60.0,80.0
Apomorphine,L50,urticaria,0.0016409051890803,False,2.0,40.0,80.0
Methoxamine,L50,urticaria,7.85509542253243e-06,False,1.0,100.0,100.0
Trimipramine,L50,urticaria,8.320097016129283e-09,False,2.0,100.0,100.0
Risperidone,L50,urticaria,2.69691563116426e-09,False,7.0,100.0,100.0
Epinastine,L50,urticaria,0.0004736678633973,False,14.0,80.0,100.0
Propiomazine,L50,urticaria,1.17811247486809e-05,False,0.0,80.0,100.0
Tolazoline,L50,urticaria,5.908582327996344e-10,False,0.0,100.0,100.0
Fenoldopam,L50,urticaria,1.1151143631135727e-11,False,0.0,100.0,100.0
Dobutamine,L50,urticaria,5.731055117972651e-05,False,1.0,100.0,100.0
Pseudoephedrine,L50,urticaria,8.88937170074215e-06,False,11.0,100.0,100.0
Benzphetamine,L50,urticaria,0.018322090225968,False,0.0,40.0,40.0
Alprenolol,L50,urticaria,5.731055117972651e-05,False,0.0,60.0,100.0
Terbutaline,L50,urticaria,2.5735651521659157e-05,False,16.0,80.0,100.0
Quinidine,L50,urticaria,0.0053864260601701,False,4.0,60.0,80.0
Phenoxybenzamine,L50,urticaria,7.379294610246656e-13,False,0.0,100.0,100.0
Maprotiline,L50,urticaria,0.0016409051890803,False,0.0,60.0,100.0
Oxymetazoline,L50,urticaria,6.863813588232332e-13,False,1.0,100.0,100.0
Salmeterol,L50,urticaria,0.000168130977345,False,7.0,40.0,80.0
Pindolol,L50,urticaria,0.000104185096823,False,1.0,60.0,80.0
Apraclonidine,L50,urticaria,7.85509542253243e-06,False,0.0,100.0,100.0
Formoterol,L50,urticaria,0.000168130977345,False,8.0,40.0,100.0
Salbutamol,L50,urticaria,2.5735651521659157e-05,False,34.0,80.0,80.0
Guanfacine,L50,urticaria,0.0102753987174383,False,0.0,40.0,80.0
Ergoloid mesylate,L50,urticaria,0.0102753987174383,False,2.0,40.0,60.0
Isoprenaline,L50,urticaria,0.0004736678633973,False,6.0,60.0,80.0
Arbutamine,L50,urticaria,7.85509542253243e-06,False,0.0,100.0,100.0
Carvedilol,L50,urticaria,2.2917833021140907e-12,False,2.0,100.0,100.0
Doxepin,L50,urticaria,4.4545013770501784e-10,False,57.0,100.0,100.0
Nefazodone,L50,urticaria,0.0016409051890803,False,0.0,60.0,100.0
Desipramine,L50,urticaria,4.273681183755903e-06,False,3.0,100.0,100.0
Terazosin,L50,urticaria,0.000168130977345,False,0.0,80.0,100.0
Escitalopram,L50,urticaria,0.0277435694968966,False,5.0,20.0,80.0
Propafenone,L50,urticaria,0.0330099965514261,False,1.0,40.0,60.0
Pergolide,L50,urticaria,2.69691563116426e-09,False,0.0,100.0,100.0
Acebutolol,L50,urticaria,0.0102753987174383,False,1.0,80.0,100.0
Bromocriptine,L50,urticaria,4.951892430604452e-09,False,2.0,100.0,100.0
Nadolol,L50,urticaria,0.0040026508958184,False,1.0,100.0,80.0
Levobunolol,L50,urticaria,0.0016925210586982,False,0.0,60.0,60.0
Metipranolol,L50,urticaria,0.0016925210586982,False,0.0,60.0,60.0
Quetiapine,L50,urticaria,6.645219937237929e-10,False,3.0,100.0,100.0
Aripiprazole,L50,urticaria,3.2216303698343205e-08,False,1.0,80.0,100.0
Paliperidone,L50,urticaria,2.0050491229878976e-09,False,3.0,100.0,100.0
Fenoterol,L50,urticaria,7.85509542253243e-06,False,0.0,100.0,100.0
Pirbuterol,L50,urticaria,0.0016925210586982,False,0.0,60.0,60.0
Bevantolol,L50,urticaria,7.85509542253243e-06,False,0.0,100.0,100.0
Penbutolol,L50,urticaria,0.0102753987174383,False,0.0,40.0,60.0
Ephedra,L50,urticaria,3.081898857823146e-10,False,2.0,100.0,100.0
Mephentermine,L50,urticaria,0.0016925210586982,False,0.0,60.0,60.0
Yohimbine,L50,urticaria,0.0011467348969023,False,14.0,40.0,80.0
Methotrimeprazine,L50,urticaria,7.412930663878138e-11,False,1.0,100.0,100.0
Clenbuterol,L50,urticaria,0.000168130977345,False,0.0,100.0,100.0
Dextroamphetamine,L50,urticaria,0.018322090225968,False,8.0,40.0,60.0
Methamphetamine,L50,urticaria,0.0011467348969023,False,1.0,40.0,100.0
Phendimetrazine,L50,urticaria,0.0040026508958184,False,0.0,40.0,100.0
Oxprenolol,L50,urticaria,5.731055117972651e-05,False,1.0,60.0,100.0
Propericiazine,L50,urticaria,0.006909854311659,False,0.0,40.0,60.0
Acepromazine,L50,urticaria,0.0227417103993964,False,0.0,40.0,80.0
Thioproperazine,L50,urticaria,0.0227417103993964,False,0.0,40.0,80.0
Zuclopenthixol,L50,urticaria,0.000249536733268,False,0.0,40.0,100.0
Celiprolol,L50,urticaria,3.647111908999701e-12,False,0.0,100.0,100.0
Dronedarone,L50,urticaria,7.412930663878138e-11,False,0.0,100.0,100.0
Nebivolol,L50,urticaria,0.0040026508958184,False,0.0,40.0,100.0
Iloperidone,L50,urticaria,0.0019017665850353,False,1.0,40.0,100.0
Lofexidine,L50,urticaria,0.0383259659971864,False,0.0,0.0,20.0
Sertindole,L50,urticaria,0.0004736678633973,False,0.0,40.0,100.0
Mianserin,L50,urticaria,1.108677808036281e-06,False,3.0,60.0,100.0
Pizotifen,L50,urticaria,1.0957365023222013e-11,False,2.0,100.0,100.0
Silodosin,L50,urticaria,0.000168130977345,False,0.0,80.0,60.0
Asenapine,L50,urticaria,1.2103820646451862e-10,False,1.0,100.0,100.0
Droxidopa,L50,urticaria,4.4020676963669754e-18,False,0.0,100.0,100.0
Xylometazoline,L50,urticaria,6.863813588232332e-13,False,0.0,100.0,100.0
Naphazoline,L50,urticaria,0.0016925210586982,False,0.0,60.0,60.0
Bopindolol,L50,urticaria,5.731055117972651e-05,False,0.0,60.0,80.0
Bupranolol,L50,urticaria,7.85509542253243e-06,False,0.0,100.0,100.0
Lurasidone,L50,urticaria,0.018322090225968,False,0.0,40.0,40.0
Perospirone,L50,urticaria,0.0330099965514261,False,0.0,0.0,60.0
Brexpiprazole,L50,urticaria,0.018322090225968,False,0.0,40.0,60.0
Dosulepin,L50,urticaria,0.0016409051890803,False,0.0,60.0,100.0
Lorpiprazole,L50,urticaria,0.000354844080378,False,0.0,80.0,100.0
Pipamperone,L50,urticaria,0.0227417103993964,False,0.0,40.0,60.0
Racepinephrine,L50,urticaria,1.1592975358659562e-20,False,0.0,100.0,100.0
Dihydroergocornine,L50,urticaria,0.0040026508958184,False,0.0,40.0,60.0
DL-Methylephedrine,L50,urticaria,7.85509542253243e-06,False,0.0,100.0,100.0
Tiapride,L50,urticaria,0.0102753987174383,False,0.0,40.0,80.0
Dihydroergocristine,L50,urticaria,0.006909854311659,False,0.0,40.0,60.0
Aripiprazole lauroxil,L50,urticaria,3.2216303698343205e-08,False,0.0,80.0,100.0
Cholecalciferol,L51,erythema multiforme,0.0081238538198886,False,0.0,0.0,0.0
Fluvoxamine,L51,erythema multiforme,0.0096535938959489,False,2.0,0.0,0.0
Valsartan,L51,erythema multiforme,0.0408730276648593,False,1.0,0.0,0.0
Ticlopidine,L51,erythema multiforme,0.0052664505649086,False,8.0,0.0,0.0
Torasemide,L51,erythema multiforme,0.0408730276648593,False,0.0,0.0,0.0
Nelfinavir,L51,erythema multiforme,0.0004609152343545,False,2.0,0.0,0.0
Temazepam,L51,erythema multiforme,0.0394036219685016,False,0.0,0.0,0.0
Nevirapine,L51,erythema multiforme,0.0031170804991974,False,74.0,0.0,0.0
Phenytoin,L51,erythema multiforme,0.0008477431052356,False,257.0,0.0,0.0
Clotrimazole,L51,erythema multiforme,0.0261284943438387,False,2.0,0.0,0.0
Dicoumarol,L51,erythema multiforme,0.0408730276648593,False,1.0,0.0,0.0
Lidocaine,L51,erythema multiforme,0.0205270329923068,False,16.0,0.0,0.0
Venlafaxine,L51,erythema multiforme,0.004101761820676,False,4.0,0.0,0.0
Valproic Acid,L51,erythema multiforme,0.0063775681763712,False,62.0,0.0,0.0
Gefitinib,L51,erythema multiforme,0.0001087675520149,False,3.0,0.0,0.0
Amitriptyline,L51,erythema multiforme,0.00108262501254,False,5.0,0.0,0.0
Methadone,L51,erythema multiforme,0.0205270329923068,False,0.0,0.0,0.0
Olanzapine,L51,erythema multiforme,0.0104481402701918,False,3.0,0.0,0.0
Progesterone,L51,erythema multiforme,0.0030935441004745,False,42.0,0.0,0.0
Sorafenib,L51,erythema multiforme,0.0431407635219165,False,25.0,0.0,0.0
Rosiglitazone,L51,erythema multiforme,0.0136639195163928,False,0.0,0.0,0.0
Cerivastatin,L51,erythema multiforme,0.0096535938959489,False,1.0,0.0,0.0
Pethidine,L51,erythema multiforme,0.0006957955072668,False,1.0,0.0,0.0
Imipramine,L51,erythema multiforme,0.0089567408665767,False,0.0,0.0,0.0
Fluoxetine,L51,erythema multiforme,1.5871089156985516e-05,False,7.0,0.0,0.0
Zidovudine,L51,erythema multiforme,0.0292303467854773,False,8.0,0.0,0.0
Ritonavir,L51,erythema multiforme,0.0011815206065885,False,7.0,0.0,0.0
Vancomycin,L51,erythema multiforme,0.006909854311659,False,65.0,0.0,0.0
Dextromethorphan,L51,erythema multiforme,0.035771602294568,False,1.0,0.0,0.0
Cisplatin,L51,erythema multiforme,0.0042837372118874,False,0.0,0.0,0.0
Cyclophosphamide,L51,erythema multiforme,0.0052664505649086,False,55.0,0.0,0.0
Nortriptyline,L51,erythema multiforme,0.0038487105925967,False,0.0,0.0,0.0
Carbamazepine,L51,erythema multiforme,0.0157668269896669,False,401.0,0.0,0.0
Sulfamethizole,L51,erythema multiforme,0.0162483828099703,False,6.0,0.0,0.0
Voriconazole,L51,erythema multiforme,0.004101761820676,False,8.0,0.0,0.0
Diclofenac,L51,erythema multiforme,0.0030935441004745,False,35.0,0.0,0.0
Cisapride,L51,erythema multiforme,0.0096535938959489,False,0.0,0.0,0.0
Imatinib,L51,erythema multiforme,0.0018780157075902,False,16.0,0.0,0.0
Nicardipine,L51,erythema multiforme,0.035771602294568,False,1.0,0.0,0.0
Testosterone,L51,erythema multiforme,0.0030935441004745,False,3.0,0.0,0.0
Efavirenz,L51,erythema multiforme,0.000154617064576,False,8.0,0.0,0.0
Prednisone,L51,erythema multiforme,0.0015790238110671,True,184.0,0.0,0.0
Simvastatin,L51,erythema multiforme,0.0180266682067386,False,2.0,0.0,0.0
Estrone,L51,erythema multiforme,0.0261284943438387,False,1.0,0.0,0.0
Nilutamide,L51,erythema multiforme,0.0408730276648593,False,0.0,0.0,0.0
Losartan,L51,erythema multiforme,0.0157668269896669,False,1.0,0.0,0.0
Warfarin,L51,erythema multiforme,0.0001087675520149,False,8.0,0.0,0.0
Amprenavir,L51,erythema multiforme,0.004101761820676,False,2.0,0.0,0.0
Nateglinide,L51,erythema multiforme,0.0136639195163928,False,0.0,0.0,0.0
Modafinil,L51,erythema multiforme,0.0022942659357587,False,5.0,0.0,0.0
Carbinoxamine,L51,erythema multiforme,0.0022942659357587,False,0.0,0.0,0.0
Clopidogrel,L51,erythema multiforme,0.004101761820676,False,5.0,0.0,0.0
Methimazole,L51,erythema multiforme,0.0031170804991974,False,2.0,0.0,0.0
Mefenamic acid,L51,erythema multiforme,0.0408730276648593,False,8.0,0.0,0.0
Primidone,L51,erythema multiforme,0.0157668269896669,False,10.0,0.0,0.0
Propofol,L51,erythema multiforme,0.0016299637082692,False,3.0,0.0,0.0
Diazepam,L51,erythema multiforme,0.0042837372118874,False,7.0,0.0,0.0
Brompheniramine,L51,erythema multiforme,0.0081238538198886,False,2.0,0.0,0.0
Perphenazine,L51,erythema multiforme,0.0052664505649086,False,0.0,0.0,0.0
Quinidine,L51,erythema multiforme,0.0431407635219165,False,1.0,0.0,0.0
Acetylsalicylic acid,L51,erythema multiforme,0.0180266682067386,False,51.0,0.0,0.0
Phenprocoumon,L51,erythema multiforme,0.0010081300229808,False,0.0,0.0,0.0
Isoniazid,L51,erythema multiforme,0.0096535938959489,False,0.0,0.0,0.0
Azelastine,L51,erythema multiforme,0.0081238538198886,False,0.0,0.0,0.0
Dopamine,L51,erythema multiforme,0.0468690619025293,False,3.0,0.0,0.0
Glyburide,L51,erythema multiforme,0.0326534257968912,False,2.0,0.0,0.0
Guanfacine,L51,erythema multiforme,0.0408730276648593,False,0.0,0.0,0.0
Selegiline,L51,erythema multiforme,0.0065858625429799,False,0.0,0.0,0.0
Thalidomide,L51,erythema multiforme,0.0081238538198886,False,78.0,0.0,0.0
Rifampicin,L51,erythema multiforme,0.0034582281931822,False,27.0,0.0,0.0
Ibuprofen,L51,erythema multiforme,0.0468690619025293,False,54.0,0.0,0.0
Diphenhydramine,L51,erythema multiforme,0.0065858625429799,False,22.0,0.0,0.0
Atorvastatin,L51,erythema multiforme,0.0326534257968912,False,6.0,0.0,0.0
Fluvastatin,L51,erythema multiforme,0.0180266682067386,False,2.0,0.0,0.0
Rosuvastatin,L51,erythema multiforme,0.0157668269896669,False,1.0,0.0,0.0
Sertraline,L51,erythema multiforme,0.0002785203822705,False,9.0,0.0,0.0
Miconazole,L51,erythema multiforme,0.0027695185068148,False,3.0,0.0,0.0
Gliclazide,L51,erythema multiforme,0.0005754801705976,False,0.0,0.0,0.0
Tolbutamide,L51,erythema multiforme,0.0065858625429799,False,1.0,0.0,0.0
Bicalutamide,L51,erythema multiforme,0.0408730276648593,False,0.0,0.0,0.0
Bupropion,L51,erythema multiforme,0.0065858625429799,False,6.0,0.0,0.0
Halothane,L51,erythema multiforme,0.035771602294568,False,0.0,0.0,0.0
Ifosfamide,L51,erythema multiforme,0.0052664505649086,False,2.0,0.0,0.0
Saquinavir,L51,erythema multiforme,0.0006957955072668,False,2.0,0.0,0.0
Dexamethasone,L51,erythema multiforme,0.0001080323308903,False,85.0,0.0,0.0
Epoprostenol,L51,erythema multiforme,0.0277435694968966,False,0.0,0.0,0.0
Arformoterol,L51,erythema multiforme,0.0408730276648593,False,0.0,0.0,0.0
Fosphenytoin,L51,erythema multiforme,7.756916644049186e-06,False,2.0,0.0,0.0
Acenocoumarol,L51,erythema multiforme,1.5848288203434094e-05,False,0.0,0.0,0.0
Antipyrine,L51,erythema multiforme,0.0081238538198886,False,7.0,0.0,0.0
Flunitrazepam,L51,erythema multiforme,0.0205270329923068,False,0.0,0.0,0.0
Quazepam,L51,erythema multiforme,0.0205270329923068,False,0.0,0.0,0.0
Lopinavir,L51,erythema multiforme,0.0031170804991974,False,1.0,0.0,0.0
Topiroxostat,L51,erythema multiforme,0.0002108107312771,False,0.0,0.0,0.0
Ospemifene,L51,erythema multiforme,0.0010081300229808,False,0.0,0.0,0.0
Brivaracetam,L51,erythema multiforme,0.0010081300229808,False,0.0,0.0,0.0
Abiraterone,L51,erythema multiforme,0.0001087675520149,False,1.0,0.0,0.0
Prasugrel,L51,erythema multiforme,1.5848288203434094e-05,False,0.0,0.0,0.0
Sitaxentan,L51,erythema multiforme,0.0408730276648593,False,0.0,0.0,0.0
Armodafinil,L51,erythema multiforme,0.0015790238110671,False,5.0,0.0,0.0
Midostaurin,L51,erythema multiforme,0.0157668269896669,False,0.0,0.0,0.0
Artemether,L51,erythema multiforme,0.0010081300229808,False,0.0,0.0,0.0
Ketobemidone,L51,erythema multiforme,0.0052664505649086,False,0.0,0.0,0.0
Seratrodast,L51,erythema multiforme,0.0031170804991974,False,0.0,0.0,0.0
Triflusal,L51,erythema multiforme,0.0408730276648593,False,0.0,0.0,0.0
Vismodegib,L51,erythema multiforme,4.840150810253311e-05,False,0.0,0.0,0.0
Pitavastatin,L51,erythema multiforme,0.0096535938959489,False,0.0,0.0,0.0
Rilpivirine,L51,erythema multiforme,0.0052664505649086,False,0.0,0.0,0.0
Ulipristal,L51,erythema multiforme,0.0015790238110671,False,0.0,0.0,0.0
Regorafenib,L51,erythema multiforme,0.0468690619025293,False,8.0,0.0,0.0
Enzalutamide,L51,erythema multiforme,7.450350834013014e-05,False,2.0,0.0,0.0
Macitentan,L51,erythema multiforme,0.0408730276648593,False,0.0,0.0,0.0
Vortioxetine,L51,erythema multiforme,0.0096535938959489,False,0.0,0.0,0.0
Olaparib,L51,erythema multiforme,0.0408730276648593,False,0.0,0.0,0.0
Zucapsaicin,L51,erythema multiforme,0.0408730276648593,False,0.0,0.0,0.0
Lacidipine,L51,erythema multiforme,0.0277435694968966,False,0.0,0.0,0.0
Manidipine,L51,erythema multiforme,0.0031170804991974,False,0.0,0.0,0.0
Lumacaftor,L51,erythema multiforme,2.898484223426869e-05,False,0.0,0.0,0.0
Ixazomib,L51,erythema multiforme,0.0015790238110671,False,0.0,0.0,0.0
Butamben,L51,erythema multiforme,0.0408730276648593,False,0.0,0.0,0.0
Coccidioides immitis spherule,L51,erythema multiforme,0.006909854311659,False,0.0,0.0,0.0
Asunaprevir,L51,erythema multiforme,0.0052664505649086,False,0.0,0.0,0.0
Isavuconazole,L51,erythema multiforme,0.0292303467854773,False,0.0,0.0,0.0
Delamanid,L51,erythema multiforme,0.0277435694968966,False,0.0,0.0,0.0
Curcumin,L51,erythema multiforme,0.0081238538198886,False,0.0,0.0,0.0
Letermovir,L51,erythema multiforme,0.0180266682067386,False,0.0,0.0,0.0
Rucaparib,L51,erythema multiforme,0.0326534257968912,False,0.0,0.0,0.0
Enasidenib,L51,erythema multiforme,0.0261284943438387,False,0.0,0.0,0.0
Piperaquine,L51,erythema multiforme,0.0005754801705976,False,0.0,0.0,0.0
Testosterone cypionate,L51,erythema multiforme,0.0034582281931822,False,0.0,0.0,0.0
Testosterone enanthate,L51,erythema multiforme,0.0034582281931822,False,0.0,0.0,0.0
Testosterone undecanoate,L51,erythema multiforme,0.0034582281931822,False,0.0,0.0,0.0
Etanercept,L52,erythema nodosum,0.0032485951279605,False,24.0,0.0,0.0
Lidocaine,L55,sunburn,0.0050597244733578,False,6.0,0.0,0.0
Hexylcaine,L55,sunburn,0.0167324963738338,False,0.0,0.0,0.0
Zonisamide,L55,sunburn,1.17811247486809e-05,False,0.0,0.0,0.0
Lacosamide,L55,sunburn,0.0003608770012625,False,0.0,0.0,0.0
Dihomo-gamma-linolenic acid,L57,skin changes due to chronic exposure to nonionising radiation,0.0236922809100505,False,0.0,100.0,100.0
Nabumetone,L57,skin changes due to chronic exposure to nonionising radiation,0.0404591856848985,False,0.0,50.0,0.0
Ketorolac,L57,skin changes due to chronic exposure to nonionising radiation,0.0101172163679764,False,0.0,100.0,100.0
Tenoxicam,L57,skin changes due to chronic exposure to nonionising radiation,0.0404591856848985,False,0.0,50.0,0.0
Etoposide,L57,skin changes due to chronic exposure to nonionising radiation,0.0358907167721138,False,0.0,50.0,0.0
Carprofen,L57,skin changes due to chronic exposure to nonionising radiation,0.0236922809100505,False,0.0,100.0,100.0
Acetylsalicylic acid,L57,skin changes due to chronic exposure to nonionising radiation,0.0318259719435614,False,0.0,50.0,0.0
Bromfenac,L57,skin changes due to chronic exposure to nonionising radiation,0.0101172163679764,False,0.0,100.0,100.0
Oxaprozin,L57,skin changes due to chronic exposure to nonionising radiation,0.0236922809100505,False,0.0,100.0,100.0
Magnesium salicylate,L57,skin changes due to chronic exposure to nonionising radiation,0.0236922809100505,False,0.0,100.0,100.0
Salsalate,L57,skin changes due to chronic exposure to nonionising radiation,0.0101172163679764,False,0.0,100.0,100.0
Choline magnesium trisalicylate,L57,skin changes due to chronic exposure to nonionising radiation,0.0101172163679764,False,0.0,100.0,100.0
Ginseng,L57,skin changes due to chronic exposure to nonionising radiation,0.0236922809100505,False,0.0,100.0,100.0
Antrafenine,L57,skin changes due to chronic exposure to nonionising radiation,0.0101172163679764,False,0.0,100.0,100.0
Tiaprofenic acid,L57,skin changes due to chronic exposure to nonionising radiation,0.0101172163679764,False,0.0,100.0,100.0
Resveratrol,L57,skin changes due to chronic exposure to nonionising radiation,0.009205802373956,False,0.0,50.0,0.0
Lornoxicam,L57,skin changes due to chronic exposure to nonionising radiation,0.0236922809100505,False,0.0,100.0,100.0
Aceclofenac,L57,skin changes due to chronic exposure to nonionising radiation,0.0236922809100505,False,0.0,100.0,100.0
Nepafenac,L57,skin changes due to chronic exposure to nonionising radiation,0.0101172163679764,False,0.0,100.0,100.0
Loxoprofen,L57,skin changes due to chronic exposure to nonionising radiation,0.0101172163679764,False,0.0,100.0,100.0
Dexketoprofen,L57,skin changes due to chronic exposure to nonionising radiation,0.0101172163679764,False,0.0,100.0,100.0
Tolfenamic Acid,L57,skin changes due to chronic exposure to nonionising radiation,0.0101172163679764,False,0.0,100.0,100.0
Talniflumate,L57,skin changes due to chronic exposure to nonionising radiation,0.0236922809100505,False,0.0,100.0,100.0
Phenyl salicylate,L57,skin changes due to chronic exposure to nonionising radiation,0.0101172163679764,False,0.0,100.0,100.0
Trolamine salicylate,L57,skin changes due to chronic exposure to nonionising radiation,0.0101172163679764,False,0.0,100.0,100.0
Menthyl salicylate,L57,skin changes due to chronic exposure to nonionising radiation,0.0101172163679764,False,0.0,100.0,100.0
Glycol salicylate,L57,skin changes due to chronic exposure to nonionising radiation,0.0101172163679764,False,0.0,100.0,100.0
Bufexamac,L57,skin changes due to chronic exposure to nonionising radiation,0.0404591856848985,False,0.0,50.0,0.0
Acemetacin,L57,skin changes due to chronic exposure to nonionising radiation,0.0404591856848985,False,0.0,50.0,0.0
Apremilast,L63,alopecia areata,0.0001102021195192,False,33.0,0.0,0.0
Rilonacept,L63,alopecia areata,0.0295585127515454,False,0.0,0.0,0.0
Foreskin keratinocyte (neonatal),L63,alopecia areata,0.0161704710089108,False,0.0,0.0,0.0
Oxandrolone,L65,nonscarring hair loss,0.0458502670625731,False,0.0,0.0,0.0
Dihydrotachysterol,L65,nonscarring hair loss,0.0458502670625731,False,0.0,0.0,0.0
Adapalene,L70,acne,0.0067253584455408,True,509.0,100.0,0.0
Etonogestrel,L70,acne,0.0418865791916029,False,25.0,0.0,0.0
Desogestrel,L70,acne,0.0180954202882697,False,112.0,0.0,0.0
Megestrol acetate,L70,acne,0.0418865791916029,False,0.0,100.0,0.0
Levonorgestrel,L70,acne,0.0067253584455408,False,182.0,0.0,0.0
Progesterone,L70,acne,0.0016282767808072,False,420.0,100.0,0.0
Spironolactone,L70,acne,0.0020949147665185,False,316.0,100.0,0.0
Acitretin,L70,acne,0.0133367225008653,False,42.0,100.0,0.0
Alitretinoin,L70,acne,0.0336179689816181,False,11.0,100.0,0.0
Fluticasone propionate,L70,acne,0.0096252274410785,False,3.0,0.0,0.0
Testosterone,L70,acne,0.0205342940273154,False,1123.0,100.0,0.0
Mitotane,L70,acne,0.0096252274410785,False,5.0,100.0,0.0
Fludrocortisone,L70,acne,0.0004029631072054,False,6.0,100.0,0.0
Mometasone,L70,acne,0.0418865791916029,False,9.0,0.0,0.0
Marimastat,L70,acne,0.0110276399791183,False,0.0,0.0,0.0
Tazarotene,L70,acne,0.0025383438972636,True,166.0,0.0,0.0
Ethynodiol diacetate,L70,acne,0.0180954202882697,False,16.0,0.0,0.0
Norgestimate,L70,acne,0.0025383438972636,False,58.0,0.0,0.0
Fluoxymesterone,L70,acne,0.004330100498,False,2.0,100.0,0.0
Drospirenone,L70,acne,0.004330100498,False,110.0,100.0,0.0
Danazol,L70,acne,0.0133367225008653,False,38.0,100.0,0.0
Oxybenzone,L70,acne,0.0012302991270524,False,0.0,100.0,0.0
Allylestrenol,L70,acne,0.0418865791916029,False,0.0,0.0,0.0
Tamibarotene,L70,acne,0.0418865791916029,False,0.0,0.0,0.0
Ulipristal,L70,acne,0.0067253584455408,False,3.0,100.0,0.0
Dienogest,L70,acne,0.0418865791916029,False,30.0,0.0,0.0
Norethynodrel,L70,acne,0.0418865791916029,False,34.0,0.0,0.0
Homosalate,L70,acne,0.0004029631072054,False,1.0,100.0,0.0
Enzacamene,L70,acne,0.0012302991270524,False,0.0,100.0,0.0
Gestrinone,L70,acne,6.64245679824698e-05,False,20.0,100.0,0.0
Testosterone cypionate,L70,acne,0.0228323138100253,False,0.0,100.0,0.0
Testosterone enanthate,L70,acne,0.0228323138100253,False,18.0,100.0,0.0
Testosterone undecanoate,L70,acne,0.0228323138100253,False,10.0,100.0,0.0
Midodrine,L71,rosacea,7.093751655687119e-05,False,0.0,80.0,0.0
Ziprasidone,L71,rosacea,4.610932951411525e-06,False,0.0,100.0,0.0
Cabergoline,L71,rosacea,7.753402058426997e-09,False,0.0,100.0,0.0
Ropinirole,L71,rosacea,0.00230803010396,False,0.0,80.0,0.0
Dapiprazole,L71,rosacea,9.56413923700813e-06,False,0.0,100.0,0.0
Amitriptyline,L71,rosacea,0.0011458843715274,False,3.0,100.0,0.0
Olanzapine,L71,rosacea,1.9107833735376733e-05,False,1.0,100.0,0.0
Alfuzosin,L71,rosacea,7.093751655687119e-05,False,0.0,60.0,0.0
Clozapine,L71,rosacea,1.7163239711346796e-05,False,0.0,100.0,0.0
Norepinephrine,L71,rosacea,4.2684409372017645e-09,False,4.0,100.0,0.0
Mirtazapine,L71,rosacea,0.0053864260601701,False,0.0,80.0,0.0
Phenylephrine,L71,rosacea,7.093751655687119e-05,False,1.0,80.0,0.0
Loxapine,L71,rosacea,6.3006863412906085e-06,False,0.0,100.0,0.0
Pramipexole,L71,rosacea,0.001984523229311,False,0.0,80.0,0.0
Promazine,L71,rosacea,0.003046103324968,False,0.0,100.0,0.0
Dipivefrin,L71,rosacea,0.0117993649860054,False,0.0,80.0,0.0
Prazosin,L71,rosacea,1.5903021424703726e-07,False,2.0,100.0,0.0
Imipramine,L71,rosacea,0.0172056883637986,False,0.0,100.0,0.0
Chlorpromazine,L71,rosacea,0.0085571027871844,False,0.0,100.0,0.0
Brimonidine,L71,rosacea,3.221602810103749e-05,True,119.0,80.0,0.0
Nortriptyline,L71,rosacea,0.0002715541492305,False,0.0,100.0,0.0
Clonidine,L71,rosacea,1.532584348361301e-09,False,0.0,100.0,0.0
Lisuride,L71,rosacea,0.00230803010396,False,0.0,80.0,0.0
Doxazosin,L71,rosacea,0.000579285089859,False,0.0,80.0,0.0
Nicardipine,L71,rosacea,0.0053864260601701,False,0.0,80.0,0.0
Guanabenz,L71,rosacea,0.0045611830941273,False,0.0,40.0,0.0
Verapamil,L71,rosacea,0.0193964012762966,False,0.0,40.0,0.0
Epinephrine,L71,rosacea,3.110484239521309e-09,False,9.0,100.0,0.0
Thioridazine,L71,rosacea,0.0499224856123465,False,0.0,60.0,0.0
Phentolamine,L71,rosacea,3.9309775785739635e-08,False,0.0,100.0,0.0
Ergotamine,L71,rosacea,4.037972199661205e-07,False,0.0,80.0,0.0
Tizanidine,L71,rosacea,7.093751655687119e-05,False,0.0,60.0,0.0
Tamsulosin,L71,rosacea,0.0001282928059527,False,0.0,80.0,0.0
Apomorphine,L71,rosacea,0.001984523229311,False,1.0,80.0,0.0
Methoxamine,L71,rosacea,9.56413923700813e-06,False,0.0,100.0,0.0
Trimipramine,L71,rosacea,0.0001042210973464,False,0.0,100.0,0.0
Risperidone,L71,rosacea,5.196180433042063e-07,False,0.0,100.0,0.0
Epinastine,L71,rosacea,0.0373081310702531,False,0.0,80.0,0.0
Propiomazine,L71,rosacea,0.0014128399637688,False,0.0,100.0,0.0
Marimastat,L71,rosacea,0.0001042210973464,False,0.0,60.0,0.0
Tolazoline,L71,rosacea,4.140751091650123e-07,False,0.0,100.0,0.0
Fenoldopam,L71,rosacea,1.7797904919887866e-11,False,0.0,100.0,0.0
Benzphetamine,L71,rosacea,0.0207745273403259,False,0.0,40.0,0.0
Quinidine,L71,rosacea,0.0065637225982621,False,0.0,60.0,0.0
Phenoxybenzamine,L71,rosacea,2.893317431937865e-10,False,0.0,100.0,0.0
Oxymetazoline,L71,rosacea,1.09708495877484e-12,False,57.0,100.0,0.0
Apraclonidine,L71,rosacea,9.56413923700813e-06,False,2.0,100.0,0.0
Guanfacine,L71,rosacea,0.0117993649860054,False,0.0,40.0,0.0
Carvedilol,L71,rosacea,3.378410791993184e-08,False,19.0,100.0,0.0
Doxepin,L71,rosacea,6.155543016138787e-08,False,0.0,100.0,0.0
Nefazodone,L71,rosacea,0.001984523229311,False,0.0,80.0,0.0
Terazosin,L71,rosacea,0.0002070956213011,False,0.0,80.0,0.0
Pergolide,L71,rosacea,4.2684409372017645e-09,False,0.0,100.0,0.0
Bromocriptine,L71,rosacea,7.753402058426997e-09,False,0.0,100.0,0.0
Quetiapine,L71,rosacea,8.649379457688145e-08,False,0.0,100.0,0.0
Aripiprazole,L71,rosacea,4.0482408231113535e-06,False,0.0,100.0,0.0
Paliperidone,L71,rosacea,4.037972199661205e-07,False,0.0,100.0,0.0
Ephedra,L71,rosacea,0.0011553017946975,False,0.0,100.0,0.0
Yohimbine,L71,rosacea,0.0014128399637688,False,1.0,80.0,0.0
Methotrimeprazine,L71,rosacea,1.0180781915084716e-08,False,0.0,100.0,0.0
Dextroamphetamine,L71,rosacea,0.0207745273403259,False,0.0,60.0,0.0
Methamphetamine,L71,rosacea,0.0014128399637688,False,0.0,80.0,0.0
Phendimetrazine,L71,rosacea,0.0045611830941273,False,0.0,60.0,0.0
Propericiazine,L71,rosacea,0.0079116937935972,False,0.0,60.0,0.0
Acepromazine,L71,rosacea,0.0259451406722887,False,0.0,80.0,0.0
Thioproperazine,L71,rosacea,0.0259451406722887,False,0.0,80.0,0.0
Zuclopenthixol,L71,rosacea,0.0259451406722887,False,0.0,80.0,0.0
Celiprolol,L71,rosacea,0.0002070956213011,False,0.0,100.0,0.0
Dronedarone,L71,rosacea,1.0180781915084716e-08,False,0.0,100.0,0.0
Lofexidine,L71,rosacea,0.0434107882890281,False,0.0,40.0,0.0
Sertindole,L71,rosacea,0.000579285089859,False,0.0,80.0,0.0
Mianserin,L71,rosacea,0.0001212155158449,False,0.0,80.0,0.0
Pizotifen,L71,rosacea,2.187790272094265e-09,False,0.0,100.0,0.0
Silodosin,L71,rosacea,0.0002070956213011,False,0.0,80.0,0.0
Asenapine,L71,rosacea,0.0001212155158449,False,0.0,100.0,0.0
Droxidopa,L71,rosacea,4.5871239178562166e-10,False,0.0,100.0,0.0
Xylometazoline,L71,rosacea,1.09708495877484e-12,False,1.0,100.0,0.0
Naphazoline,L71,rosacea,0.0019311760435296,False,0.0,60.0,0.0
Lurasidone,L71,rosacea,0.0207745273403259,False,0.0,80.0,0.0
Brexpiprazole,L71,rosacea,0.0207745273403259,False,0.0,80.0,0.0
Lorpiprazole,L71,rosacea,0.0316119186748115,False,0.0,60.0,0.0
Pipamperone,L71,rosacea,0.0259451406722887,False,0.0,80.0,0.0
Racepinephrine,L71,rosacea,4.7852933458318574e-11,False,0.0,100.0,0.0
DL-Methylephedrine,L71,rosacea,0.0045611830941273,False,0.0,80.0,0.0
Tiapride,L71,rosacea,0.0117993649860054,False,0.0,80.0,0.0
Aripiprazole lauroxil,L71,rosacea,4.0482408231113535e-06,False,0.0,100.0,0.0
Adapalene,L81,disorders of pigmentation,0.0002070956213011,False,9.0,100.0,0.0
Acitretin,L81,disorders of pigmentation,0.0004339966778251,False,19.0,100.0,0.0
Alitretinoin,L81,disorders of pigmentation,0.0011553017946975,False,2.0,100.0,0.0
Tretinoin,L81,disorders of pigmentation,0.0108297959395122,False,108.0,100.0,0.0
Tazarotene,L81,disorders of pigmentation,7.093751655687119e-05,False,6.0,100.0,0.0
Tamibarotene,L81,disorders of pigmentation,0.0045611830941273,False,0.0,0.0,0.0
Panitumumab,L89,decubitus ulcer,0.0336877723922002,False,0.0,0.0,0.0
Necitumumab,L89,decubitus ulcer,0.0336877723922002,False,0.0,0.0,0.0
Olmutinib,L89,decubitus ulcer,0.0336877723922002,False,0.0,0.0,0.0
Collagenase clostridium histolyticum,L91,hypertrophic disorders of skin,0.0055629048122122,False,1.0,0.0,0.0
Cetuximab,L93,lupus erythematosus,6.4981117989210555e-06,False,4.0,0.0,100.0
Etanercept,L93,lupus erythematosus,2.007060051819285e-05,False,164.0,0.0,100.0
Immune Globulin Human,L93,lupus erythematosus,4.1077551302740376e-06,False,23790.0,0.0,100.0
Adalimumab,L93,lupus erythematosus,6.4981117989210555e-06,False,159.0,0.0,100.0
Abciximab,L93,lupus erythematosus,1.4119124682643387e-05,False,0.0,0.0,100.0
Gemtuzumab ozogamicin,L93,lupus erythematosus,6.4981117989210555e-06,False,0.0,0.0,100.0
Trastuzumab,L93,lupus erythematosus,1.4119124682643387e-05,False,4.0,0.0,100.0
Rituximab,L93,lupus erythematosus,6.4981117989210555e-06,False,1530.0,0.0,100.0
Basiliximab,L93,lupus erythematosus,9.70076657507892e-06,False,6.0,0.0,100.0
Muromonab,L93,lupus erythematosus,2.007060051819285e-05,False,14.0,0.0,100.0
Ibritumomab tiuxetan,L93,lupus erythematosus,6.4981117989210555e-06,False,0.0,0.0,100.0
Tositumomab,L93,lupus erythematosus,4.1077551302740376e-06,False,0.0,0.0,100.0
Alemtuzumab,L93,lupus erythematosus,4.1077551302740376e-06,False,11.0,0.0,100.0
Alefacept,L93,lupus erythematosus,4.1077551302740376e-06,False,3.0,0.0,100.0
Efalizumab,L93,lupus erythematosus,4.1077551302740376e-06,False,20.0,0.0,100.0
Natalizumab,L93,lupus erythematosus,6.4981117989210555e-06,False,15.0,0.0,100.0
Palivizumab,L93,lupus erythematosus,4.1077551302740376e-06,False,0.0,0.0,100.0
Bevacizumab,L93,lupus erythematosus,4.1077551302740376e-06,False,22.0,0.0,100.0
Sarilumab,L93,lupus erythematosus,0.0076139940604516,False,6.0,0.0,100.0
Infliximab,L94,localised connective tissue disorders,0.0458502670625731,False,116.0,0.0,0.0
Golimumab,L94,localised connective tissue disorders,0.0458502670625731,False,15.0,0.0,0.0
Certolizumab pegol,L94,localised connective tissue disorders,0.0458502670625731,False,7.0,0.0,0.0
Lepirudin,L95,vasculitis limited to skin,0.0336877723922002,False,0.0,0.0,0.0
Zinc,L99,disorders of skin and subcutaneous tissue in diseases classified elsewhere,6.529753777167315e-05,False,1264.0,0.0,0.0
Copper,L99,disorders of skin and subcutaneous tissue in diseases classified elsewhere,0.0051368129118421,False,628.0,0.0,0.0
Glucosamine,M00,pyogenic arthritis,0.0030712880686132,False,10.0,50.0,33.333333333333336
Apremilast,M00,pyogenic arthritis,0.0038307760906263,False,7.0,100.0,66.66666666666667
Foreskin fibroblast (neonatal),M00,pyogenic arthritis,0.0065351656798588,False,0.0,100.0,66.66666666666667
Foreskin keratinocyte (neonatal),M00,pyogenic arthritis,0.0075830965450964,False,0.0,100.0,100.0
Mesalazine,M06,rheumatoid arthritis,0.0222857348578795,False,55.0,0.0,100.0
Nabumetone,M06,rheumatoid arthritis,0.0350800868901797,True,86.0,0.0,100.0
Ginseng,M06,rheumatoid arthritis,0.0123322171320745,False,64.0,0.0,100.0
Rilonacept,M06,rheumatoid arthritis,0.0123322171320745,False,27.0,0.0,100.0
Tofacitinib,M06,rheumatoid arthritis,0.0134648270498565,True,1347.0,0.0,100.0
Polaprezinc,M06,rheumatoid arthritis,0.0264866666013186,False,2.0,0.0,100.0
Foreskin keratinocyte (neonatal),M06,rheumatoid arthritis,0.0100285960429641,False,0.0,0.0,100.0
Dyphylline,M07,psoriatic and enteropathic arthropathies,9.830093568629428e-06,False,3.0,100.0,0.0
Pentoxifylline,M07,psoriatic and enteropathic arthropathies,0.0456000038902015,False,3.0,0.0,0.0
Enprofylline,M07,psoriatic and enteropathic arthropathies,0.0351922049087387,False,0.0,0.0,0.0
Iloprost,M07,psoriatic and enteropathic arthropathies,3.802481357161311e-05,False,0.0,0.0,0.0
Abatacept,M07,psoriatic and enteropathic arthropathies,0.0042859942064395,False,171.0,0.0,0.0
Amrinone,M07,psoriatic and enteropathic arthropathies,0.0101182811240116,False,0.0,0.0,0.0
Roflumilast,M07,psoriatic and enteropathic arthropathies,2.449517190949322e-07,False,22.0,100.0,0.0
Crisaborole,M07,psoriatic and enteropathic arthropathies,9.830093568629428e-06,False,7.0,100.0,0.0
Ibudilast,M07,psoriatic and enteropathic arthropathies,1.0058554083770269e-06,False,2.0,100.0,0.0
Apremilast,M07,psoriatic and enteropathic arthropathies,9.830093568629428e-06,False,475.0,100.0,0.0
Belatacept,M07,psoriatic and enteropathic arthropathies,0.0042859942064395,False,171.0,0.0,0.0
Ruxolitinib,M07,psoriatic and enteropathic arthropathies,0.0101182811240116,False,18.0,0.0,0.0
Tofacitinib,M07,psoriatic and enteropathic arthropathies,5.46214878173644e-06,False,345.0,100.0,0.0
Baricitinib,M07,psoriatic and enteropathic arthropathies,0.0047269476714445,False,77.0,0.0,0.0
Denileukin diftitox,M08,juvenile arthritis,0.0051446373085428,False,0.0,0.0,0.0
Aldesleukin,M08,juvenile arthritis,0.0291756507715875,False,0.0,0.0,0.0
Foreskin fibroblast (neonatal),M08,juvenile arthritis,0.0485738822353807,False,0.0,0.0,0.0
Coccidioides immitis spherule,M08,juvenile arthritis,0.0021981860798326,False,0.0,0.0,0.0
Binimetinib,M08,juvenile arthritis,0.0291756507715875,False,0.0,0.0,0.0
Cyclosporine,M10,gout,0.0154110106239161,False,133.0,0.0,50.0
Pravastatin,M10,gout,0.0036133169616848,False,6.0,0.0,100.0
Piroxicam,M10,gout,0.0040876583990971,False,30.0,0.0,100.0
Phenylbutazone,M10,gout,0.0001975132861347,False,369.0,0.0,100.0
Carprofen,M10,gout,0.0236084005684304,False,4.0,0.0,75.0
Salicylic acid,M10,gout,0.0286833757890892,False,14.0,0.0,100.0
Ketoprofen,M10,gout,0.0403827631511374,False,18.0,0.0,75.0
Minocycline,M10,gout,0.0403827631511374,False,5.0,0.0,100.0
Mercaptopurine,M10,gout,0.0403827631511374,False,80.0,0.0,75.0
Novobiocin,M10,gout,0.0167303358767998,False,0.0,0.0,75.0
Topiroxostat,M10,gout,0.0403827631511374,True,60.0,0.0,100.0
Dabrafenib,M10,gout,0.0046913764906325,False,1.0,0.0,75.0
Dolutegravir,M10,gout,0.0286833757890892,False,1.0,0.0,100.0
Cilnidipine,M10,gout,0.0236084005684304,False,1.0,0.0,75.0
Apalutamide,M10,gout,0.0403827631511374,False,0.0,0.0,50.0
Brigatinib,M10,gout,0.0144283542241347,False,0.0,0.0,100.0
Rucaparib,M10,gout,0.0154110106239161,False,0.0,0.0,100.0
Desmopressin,M13,arthritis,0.03775059933262,False,12.0,0.0,0.0
Dihomo-gamma-linolenic acid,M13,arthritis,0.0150500333028011,False,27.0,0.0,0.0
Icosapent,M13,arthritis,0.0071181948715944,False,262.0,0.0,66.66666666666666
Ranolazine,M13,arthritis,0.0255470909453314,False,2.0,0.0,0.0
Phenytoin,M13,arthritis,0.0181742678606312,False,63.0,0.0,33.33333333333333
Lidocaine,M13,arthritis,0.000706311634829,False,352.0,0.0,66.66666666666666
Acetaminophen,M13,arthritis,0.001807821083296,False,1382.0,0.0,66.66666666666666
Nabumetone,M13,arthritis,0.0255470909453314,True,183.0,0.0,66.66666666666666
Ketorolac,M13,arthritis,0.0063785038070564,False,83.0,0.0,0.0
Tenoxicam,M13,arthritis,0.0255470909453314,True,137.0,0.0,0.0
Hexylcaine,M13,arthritis,0.0063785038070564,False,0.0,0.0,0.0
Lenalidomide,M13,arthritis,0.03775059933262,False,25.0,0.0,33.33333333333333
Cinchocaine,M13,arthritis,0.0255470909453314,False,3.0,0.0,33.33333333333333
Fenoprofen,M13,arthritis,0.03775059933262,True,96.0,0.0,33.33333333333333
Diclofenac,M13,arthritis,0.045584004294563,True,1863.0,0.0,66.66666666666666
Mefenamic acid,M13,arthritis,0.03775059933262,True,103.0,0.0,0.0
Propofol,M13,arthritis,0.0287398938950695,False,21.0,0.0,33.33333333333333
Carprofen,M13,arthritis,0.0150500333028011,False,101.0,0.0,0.0
Menthol,M13,arthritis,0.03775059933262,False,27.0,0.0,0.0
Suprofen,M13,arthritis,0.03775059933262,False,19.0,0.0,0.0
Cocaine,M13,arthritis,0.0140109448009401,False,63.0,0.0,33.33333333333333
Zonisamide,M13,arthritis,2.506240482024493e-07,False,2.0,0.0,66.66666666666666
Bromfenac,M13,arthritis,0.0063785038070564,False,5.0,0.0,0.0
Oxaprozin,M13,arthritis,0.0150500333028011,True,53.0,0.0,0.0
Balsalazide,M13,arthritis,0.03775059933262,False,0.0,0.0,33.33333333333333
Flecainide,M13,arthritis,0.03775059933262,False,1.0,0.0,0.0
Magnesium salicylate,M13,arthritis,0.0150500333028011,False,3.0,0.0,66.66666666666666
Salsalate,M13,arthritis,0.0063785038070564,True,45.0,0.0,0.0
Choline magnesium trisalicylate,M13,arthritis,0.0063785038070564,True,17.0,0.0,0.0
Antrafenine,M13,arthritis,0.0063785038070564,False,1.0,0.0,0.0
Tiaprofenic acid,M13,arthritis,0.0063785038070564,False,105.0,0.0,0.0
Camphor,M13,arthritis,0.0005046058291688,False,33.0,0.0,33.33333333333333
Lacosamide,M13,arthritis,7.164364834408563e-05,False,6.0,0.0,100.0
Lornoxicam,M13,arthritis,0.0150500333028011,False,42.0,0.0,0.0
Aceclofenac,M13,arthritis,0.0150500333028011,True,118.0,0.0,0.0
Nepafenac,M13,arthritis,0.0063785038070564,False,2.0,0.0,0.0
Cannabidiol,M13,arthritis,0.0001279738138591,False,116.0,0.0,100.0
Loxoprofen,M13,arthritis,0.0063785038070564,False,65.0,0.0,0.0
Dexketoprofen,M13,arthritis,0.0063785038070564,False,8.0,0.0,0.0
Tolfenamic Acid,M13,arthritis,0.0063785038070564,False,23.0,0.0,0.0
Propacetamol,M13,arthritis,0.0005046058291688,False,0.0,0.0,33.33333333333333
Talniflumate,M13,arthritis,0.0150500333028011,True,3.0,0.0,0.0
Phenyl salicylate,M13,arthritis,0.0063785038070564,False,0.0,0.0,0.0
Trolamine salicylate,M13,arthritis,0.0063785038070564,False,3.0,0.0,0.0
Menthyl salicylate,M13,arthritis,0.0063785038070564,True,0.0,0.0,0.0
Glycol salicylate,M13,arthritis,0.0063785038070564,False,1.0,0.0,0.0
Bufexamac,M13,arthritis,0.0255470909453314,False,16.0,0.0,0.0
Acemetacin,M13,arthritis,0.0255470909453314,True,42.0,0.0,0.0
Nabiximols,M13,arthritis,0.0001064991969249,False,6.0,0.0,100.0
Desmopressin,M16,coxarthrosis [arthrosis of hip],0.0024903134410134,False,1.0,100.0,40.0
Dihomo-gamma-linolenic acid,M16,coxarthrosis [arthrosis of hip],0.0009582503062546,False,0.0,100.0,60.0
Icosapent,M16,coxarthrosis [arthrosis of hip],0.0124992118585998,False,3.0,50.0,100.0
Mesalazine,M16,coxarthrosis [arthrosis of hip],0.0055629048122122,False,0.0,100.0,80.0
Dapsone,M16,coxarthrosis [arthrosis of hip],0.0157093944190287,False,1.0,50.0,40.0
Acetaminophen,M16,coxarthrosis [arthrosis of hip],0.0350516925353591,False,254.0,100.0,60.0
Indomethacin,M16,coxarthrosis [arthrosis of hip],0.0441557966236443,False,126.0,100.0,80.0
Nabumetone,M16,coxarthrosis [arthrosis of hip],0.0016726744601575,False,12.0,100.0,40.0
Ketorolac,M16,coxarthrosis [arthrosis of hip],0.0003901852864458,False,11.0,100.0,100.0
Tenoxicam,M16,coxarthrosis [arthrosis of hip],0.0016726744601575,False,13.0,100.0,40.0
Tolmetin,M16,coxarthrosis [arthrosis of hip],0.0034120025443807,False,7.0,100.0,40.0
Rofecoxib,M16,coxarthrosis [arthrosis of hip],0.0055629048122122,False,36.0,100.0,60.0
Piroxicam,M16,coxarthrosis [arthrosis of hip],0.0055629048122122,False,49.0,100.0,40.0
Fenoprofen,M16,coxarthrosis [arthrosis of hip],0.0024903134410134,False,4.0,100.0,80.0
Diclofenac,M16,coxarthrosis [arthrosis of hip],0.0417443381760346,False,132.0,100.0,60.0
Sulindac,M16,coxarthrosis [arthrosis of hip],0.0094147333082599,False,21.0,50.0,40.0
Triamcinolone,M16,coxarthrosis [arthrosis of hip],0.0024903134410134,False,0.0,100.0,40.0
Flurbiprofen,M16,coxarthrosis [arthrosis of hip],0.0094147333082599,False,12.0,50.0,40.0
Etodolac,M16,coxarthrosis [arthrosis of hip],0.0081467754521291,False,10.0,75.0,40.0
Etoposide,M16,coxarthrosis [arthrosis of hip],0.0226683084630218,False,0.0,100.0,60.0
Mefenamic acid,M16,coxarthrosis [arthrosis of hip],0.0024903134410134,False,2.0,100.0,40.0
Naproxen,M16,coxarthrosis [arthrosis of hip],0.0094147333082599,False,106.0,50.0,40.0
Sulfasalazine,M16,coxarthrosis [arthrosis of hip],0.0140878922078351,False,2.0,50.0,60.0
Phenylbutazone,M16,coxarthrosis [arthrosis of hip],0.0055629048122122,False,28.0,100.0,40.0
Meloxicam,M16,coxarthrosis [arthrosis of hip],0.0044347270877027,False,23.0,100.0,40.0
Carprofen,M16,coxarthrosis [arthrosis of hip],0.0009582503062546,False,11.0,100.0,60.0
Diflunisal,M16,coxarthrosis [arthrosis of hip],0.0034120025443807,False,9.0,100.0,40.0
Suprofen,M16,coxarthrosis [arthrosis of hip],0.0024903134410134,False,2.0,100.0,40.0
Salicylic acid,M16,coxarthrosis [arthrosis of hip],0.0109548107975341,False,3.0,50.0,40.0
Meclofenamic acid,M16,coxarthrosis [arthrosis of hip],0.0044347270877027,False,2.0,100.0,40.0
Acetylsalicylic acid,M16,coxarthrosis [arthrosis of hip],0.0208792233746559,False,85.0,100.0,40.0
Bromfenac,M16,coxarthrosis [arthrosis of hip],0.0003901852864458,False,0.0,100.0,100.0
Oxaprozin,M16,coxarthrosis [arthrosis of hip],0.0009582503062546,False,2.0,100.0,60.0
Ketoprofen,M16,coxarthrosis [arthrosis of hip],0.0124992118585998,False,29.0,50.0,40.0
Balsalazide,M16,coxarthrosis [arthrosis of hip],0.0024903134410134,False,0.0,100.0,80.0
Thalidomide,M16,coxarthrosis [arthrosis of hip],0.0124992118585998,False,2.0,50.0,60.0
Ibuprofen,M16,coxarthrosis [arthrosis of hip],0.0395097543349019,False,80.0,100.0,100.0
Lumiracoxib,M16,coxarthrosis [arthrosis of hip],0.0034120025443807,False,4.0,100.0,40.0
Magnesium salicylate,M16,coxarthrosis [arthrosis of hip],0.0009582503062546,False,0.0,100.0,60.0
Salsalate,M16,coxarthrosis [arthrosis of hip],0.0003901852864458,False,1.0,100.0,100.0
Choline magnesium trisalicylate,M16,coxarthrosis [arthrosis of hip],0.0003901852864458,False,0.0,100.0,100.0
Antrafenine,M16,coxarthrosis [arthrosis of hip],0.0003901852864458,False,0.0,100.0,100.0
Antipyrine,M16,coxarthrosis [arthrosis of hip],0.0124992118585998,False,0.0,100.0,60.0
Tiaprofenic acid,M16,coxarthrosis [arthrosis of hip],0.0003901852864458,False,9.0,100.0,100.0
Resveratrol,M16,coxarthrosis [arthrosis of hip],0.0488183436972677,False,3.0,0.0,20.0
Niflumic Acid,M16,coxarthrosis [arthrosis of hip],0.0055629048122122,False,2.0,100.0,60.0
Lornoxicam,M16,coxarthrosis [arthrosis of hip],0.0009582503062546,False,4.0,100.0,60.0
Aceclofenac,M16,coxarthrosis [arthrosis of hip],0.0009582503062546,False,2.0,100.0,60.0
Nepafenac,M16,coxarthrosis [arthrosis of hip],0.0003901852864458,False,0.0,100.0,100.0
Loxoprofen,M16,coxarthrosis [arthrosis of hip],0.0003901852864458,False,2.0,100.0,100.0
Dexibuprofen,M16,coxarthrosis [arthrosis of hip],0.0055629048122122,False,6.0,100.0,100.0
Dexketoprofen,M16,coxarthrosis [arthrosis of hip],0.0003901852864458,False,0.0,100.0,100.0
Tolfenamic Acid,M16,coxarthrosis [arthrosis of hip],0.0003901852864458,False,0.0,100.0,100.0
Propacetamol,M16,coxarthrosis [arthrosis of hip],0.0024903134410134,False,0.0,100.0,100.0
Talniflumate,M16,coxarthrosis [arthrosis of hip],0.0009582503062546,False,0.0,100.0,60.0
Phenyl salicylate,M16,coxarthrosis [arthrosis of hip],0.0003901852864458,False,0.0,100.0,100.0
Trolamine salicylate,M16,coxarthrosis [arthrosis of hip],0.0003901852864458,False,0.0,100.0,100.0
Menthyl salicylate,M16,coxarthrosis [arthrosis of hip],0.0003901852864458,False,0.0,100.0,100.0
Glycol salicylate,M16,coxarthrosis [arthrosis of hip],0.0003901852864458,False,0.0,100.0,100.0
Ferrous sulfate,M16,coxarthrosis [arthrosis of hip],0.0287647208985306,False,2.0,100.0,40.0
Bufexamac,M16,coxarthrosis [arthrosis of hip],0.0016726744601575,False,1.0,100.0,40.0
Acemetacin,M16,coxarthrosis [arthrosis of hip],0.0016726744601575,False,1.0,100.0,40.0
Desmopressin,M19,arthrosis,0.0211770036302416,False,41.0,100.0,100.0
Aldesleukin,M19,arthrosis,0.0465561306656006,False,0.0,50.0,100.0
Dihomo-gamma-linolenic acid,M19,arthrosis,0.0083825584562548,False,18.0,100.0,100.0
Icosapent,M19,arthrosis,0.0029353858445042,False,190.0,100.0,100.0
Ranolazine,M19,arthrosis,0.0144283542241347,False,2.0,100.0,100.0
Mesalazine,M19,arthrosis,0.0465561306656006,False,76.0,50.0,100.0
Phenytoin,M19,arthrosis,0.007650178342557,False,58.0,100.0,100.0
Lidocaine,M19,arthrosis,0.0002000793379781,False,795.0,100.0,100.0
Acetaminophen,M19,arthrosis,0.0005336666515017,False,0.0,100.0,100.0
Nabumetone,M19,arthrosis,0.0144283542241347,False,164.0,100.0,100.0
Ketorolac,M19,arthrosis,0.0035058920389023,False,97.0,100.0,100.0
Tenoxicam,M19,arthrosis,0.0144283542241347,False,138.0,100.0,100.0
Hexylcaine,M19,arthrosis,0.0035058920389023,False,0.0,100.0,100.0
Tolmetin,M19,arthrosis,0.0290977609014281,False,167.0,50.0,100.0
Cinchocaine,M19,arthrosis,0.0144283542241347,False,3.0,100.0,100.0
Rofecoxib,M19,arthrosis,0.0465561306656006,False,461.0,50.0,100.0
Piroxicam,M19,arthrosis,0.0465561306656006,False,719.0,50.0,100.0
Fenoprofen,M19,arthrosis,0.0211770036302416,False,87.0,100.0,100.0
Diclofenac,M19,arthrosis,0.0193466983197535,False,0.0,50.0,100.0
Mefenamic acid,M19,arthrosis,0.0211770036302416,False,99.0,100.0,100.0
Phenylbutazone,M19,arthrosis,0.0465561306656006,False,1706.0,50.0,100.0
Meloxicam,M19,arthrosis,0.0376070176320357,False,347.0,50.0,100.0
Propofol,M19,arthrosis,0.0121902956445267,False,85.0,100.0,100.0
Carprofen,M19,arthrosis,0.0083825584562548,False,112.0,100.0,100.0
Menthol,M19,arthrosis,0.0211770036302416,False,24.0,100.0,100.0
Diflunisal,M19,arthrosis,0.0290977609014281,False,89.0,50.0,100.0
Suprofen,M19,arthrosis,0.0211770036302416,False,17.0,100.0,100.0
Cocaine,M19,arthrosis,0.0057852668794985,False,59.0,100.0,100.0
Zonisamide,M19,arthrosis,2.3917755108758853e-08,False,2.0,100.0,100.0
Meclofenamic acid,M19,arthrosis,0.0376070176320357,False,34.0,50.0,100.0
Bromfenac,M19,arthrosis,0.0035058920389023,False,7.0,100.0,100.0
Oxaprozin,M19,arthrosis,0.0083825584562548,False,44.0,100.0,100.0
Balsalazide,M19,arthrosis,0.0211770036302416,False,0.0,100.0,100.0
Flecainide,M19,arthrosis,0.0211770036302416,False,3.0,100.0,100.0
Lumiracoxib,M19,arthrosis,0.0290977609014281,False,63.0,50.0,100.0
Magnesium salicylate,M19,arthrosis,0.0083825584562548,False,1.0,100.0,100.0
Salsalate,M19,arthrosis,0.0035058920389023,False,36.0,100.0,100.0
Choline magnesium trisalicylate,M19,arthrosis,0.0035058920389023,False,17.0,100.0,100.0
Antrafenine,M19,arthrosis,0.0035058920389023,False,2.0,100.0,100.0
Tiaprofenic acid,M19,arthrosis,0.0035058920389023,False,98.0,100.0,100.0
Camphor,M19,arthrosis,0.0001939614347913,False,23.0,100.0,100.0
Niflumic Acid,M19,arthrosis,0.0465561306656006,False,56.0,50.0,100.0
Nimesulide,M19,arthrosis,0.0083825584562548,False,130.0,100.0,100.0
Lacosamide,M19,arthrosis,2.6781539919815684e-05,False,9.0,100.0,100.0
Lornoxicam,M19,arthrosis,0.0083825584562548,False,30.0,100.0,100.0
Aceclofenac,M19,arthrosis,0.0083825584562548,False,96.0,100.0,100.0
Nepafenac,M19,arthrosis,0.0035058920389023,False,2.0,100.0,100.0
Parecoxib,M19,arthrosis,0.0144283542241347,False,29.0,100.0,100.0
Cannabidiol,M19,arthrosis,1.7542824077952025e-05,False,81.0,100.0,100.0
Loxoprofen,M19,arthrosis,0.0035058920389023,False,55.0,100.0,100.0
Dexibuprofen,M19,arthrosis,0.0465561306656006,False,12.0,50.0,100.0
Dexketoprofen,M19,arthrosis,0.0035058920389023,False,10.0,100.0,100.0
Tolfenamic Acid,M19,arthrosis,0.0035058920389023,False,21.0,100.0,100.0
Propacetamol,M19,arthrosis,0.0001939614347913,False,2.0,100.0,100.0
Talniflumate,M19,arthrosis,0.0083825584562548,False,1.0,100.0,100.0
Phenyl salicylate,M19,arthrosis,0.0035058920389023,False,0.0,100.0,100.0
Trolamine salicylate,M19,arthrosis,0.0035058920389023,False,3.0,100.0,100.0
Menthyl salicylate,M19,arthrosis,0.0035058920389023,False,0.0,100.0,100.0
Glycol salicylate,M19,arthrosis,0.0035058920389023,False,1.0,100.0,100.0
Bufexamac,M19,arthrosis,0.0144283542241347,False,16.0,100.0,100.0
Acemetacin,M19,arthrosis,0.0144283542241347,False,44.0,100.0,100.0
Nabiximols,M19,arthrosis,1.441437892954539e-05,False,4.0,100.0,100.0
Adalimumab,M30,polyarteritis nodosa and related conditions,0.0499224856123465,False,1499.0,0.0,0.0
Bevacizumab,M30,polyarteritis nodosa and related conditions,0.0434107882890281,False,2485.0,0.0,0.0
Foreskin keratinocyte (neonatal),M30,polyarteritis nodosa and related conditions,0.0499224856123465,False,5.0,0.0,0.0
Binimetinib,M30,polyarteritis nodosa and related conditions,0.0259451406722887,False,50.0,0.0,0.0
Glycyrrhizic acid,M30,polyarteritis nodosa and related conditions,0.0316119186748115,False,197.0,0.0,0.0
Coccidioides immitis spherule,M31,necrotising vasculopathies,0.0032492842796602,False,0.0,0.0,0.0
Cetuximab,M32,systemic lupus erythematosus,0.0022523751049041,False,3.0,0.0,100.0
Etanercept,M32,systemic lupus erythematosus,0.0007971809829925,False,136.0,0.0,100.0
Immune Globulin Human,M32,systemic lupus erythematosus,2.79832103454922e-06,False,23803.0,0.0,100.0
Adalimumab,M32,systemic lupus erythematosus,0.000152612545756,False,125.0,0.0,100.0
Abciximab,M32,systemic lupus erythematosus,0.0052862110464351,False,0.0,0.0,100.0
Gemtuzumab ozogamicin,M32,systemic lupus erythematosus,0.0022523751049041,False,0.0,0.0,100.0
Trastuzumab,M32,systemic lupus erythematosus,0.0004946710863115,False,2.0,0.0,100.0
Rituximab,M32,systemic lupus erythematosus,0.0022523751049041,False,1617.0,0.0,100.0
Basiliximab,M32,systemic lupus erythematosus,0.0035058920389023,False,7.0,0.0,100.0
Muromonab,M32,systemic lupus erythematosus,0.0077435558166645,False,14.0,0.0,100.0
Ibritumomab tiuxetan,M32,systemic lupus erythematosus,0.0022523751049041,False,0.0,0.0,100.0
Tositumomab,M32,systemic lupus erythematosus,0.0013228335115898,False,0.0,0.0,100.0
Alemtuzumab,M32,systemic lupus erythematosus,0.0013228335115898,False,13.0,0.0,100.0
Alefacept,M32,systemic lupus erythematosus,0.0013228335115898,False,1.0,0.0,100.0
Efalizumab,M32,systemic lupus erythematosus,0.0013228335115898,False,10.0,0.0,100.0
Natalizumab,M32,systemic lupus erythematosus,0.0022523751049041,False,15.0,0.0,100.0
Palivizumab,M32,systemic lupus erythematosus,0.0013228335115898,False,0.0,0.0,100.0
Bevacizumab,M32,systemic lupus erythematosus,0.0013228335115898,False,15.0,0.0,100.0
Foreskin keratinocyte (neonatal),M33,dermatopolymyositis,0.0012350634953863,False,0.0,0.0,0.0
Binimetinib,M33,dermatopolymyositis,0.0004104261312166,False,0.0,0.0,0.0
Cetuximab,M34,systemic sclerosis,0.035771602294568,False,0.0,0.0,0.0
Immune Globulin Human,M34,systemic sclerosis,0.0312532652462582,False,5504.0,0.0,0.0
Adalimumab,M34,systemic sclerosis,0.035771602294568,False,32.0,0.0,66.66666666666666
Abciximab,M34,systemic sclerosis,0.0458251198510291,False,0.0,0.0,0.0
Gemtuzumab ozogamicin,M34,systemic sclerosis,0.035771602294568,False,0.0,0.0,0.0
Trastuzumab,M34,systemic sclerosis,0.0458251198510291,False,3.0,0.0,0.0
Rituximab,M34,systemic sclerosis,0.035771602294568,False,492.0,0.0,0.0
Basiliximab,M34,systemic sclerosis,0.0406829687311846,False,5.0,0.0,0.0
Ibritumomab tiuxetan,M34,systemic sclerosis,0.035771602294568,False,0.0,0.0,0.0
Tositumomab,M34,systemic sclerosis,0.0312532652462582,False,0.0,0.0,0.0
Alemtuzumab,M34,systemic sclerosis,0.0312532652462582,False,27.0,0.0,0.0
Alefacept,M34,systemic sclerosis,0.0312532652462582,False,4.0,0.0,0.0
Efalizumab,M34,systemic sclerosis,0.0312532652462582,False,5.0,0.0,0.0
Natalizumab,M34,systemic sclerosis,0.035771602294568,False,44.0,0.0,100.0
Palivizumab,M34,systemic sclerosis,0.0312532652462582,False,0.0,0.0,0.0
Bevacizumab,M34,systemic sclerosis,0.0312532652462582,False,16.0,0.0,66.66666666666666
Minocycline,M34,systemic sclerosis,0.0406829687311846,False,0.0,0.0,66.66666666666666
Glucosamine,M34,systemic sclerosis,0.0148925165483561,False,17.0,0.0,66.66666666666666
Foreskin keratinocyte (neonatal),M34,systemic sclerosis,0.035771602294568,False,0.0,0.0,100.0
Sarilumab,M34,systemic sclerosis,0.0266973025279406,False,3.0,0.0,0.0
Etanercept,M35,systemic involvement of connective tissue,0.0321342375407754,False,5.0,0.0,0.0
Simvastatin,M35,systemic involvement of connective tissue,0.0493038176804889,False,1.0,0.0,0.0
Captopril,M35,systemic involvement of connective tissue,0.0117012881840737,False,4.0,100.0,100.0
Ginseng,M35,systemic involvement of connective tissue,0.0323995599459357,False,0.0,0.0,100.0
Apremilast,M35,systemic involvement of connective tissue,0.0064624985226566,False,1.0,100.0,0.0
Foreskin fibroblast (neonatal),M35,systemic involvement of connective tissue,0.0148925165483561,False,0.0,100.0,0.0
Foreskin keratinocyte (neonatal),M35,systemic involvement of connective tissue,0.0184495856189986,False,0.0,100.0,100.0
Mifamurtide,M35,systemic involvement of connective tissue,0.0139613870895613,False,0.0,100.0,0.0
Etanercept,M45,ankylosing spondylitis,0.0378108196529642,True,1054.0,0.0,0.0
Dihomo-gamma-linolenic acid,M45,ankylosing spondylitis,0.0359656802605568,False,0.0,0.0,0.0
Ketorolac,M45,ankylosing spondylitis,0.0156037375820814,False,4.0,0.0,0.0
Carprofen,M45,ankylosing spondylitis,0.0359656802605568,False,3.0,0.0,0.0
Bromfenac,M45,ankylosing spondylitis,0.0156037375820814,False,0.0,0.0,0.0
Oxaprozin,M45,ankylosing spondylitis,0.0359656802605568,False,3.0,0.0,0.0
Thalidomide,M45,ankylosing spondylitis,0.0267126466142227,False,51.0,0.0,0.0
Magnesium salicylate,M45,ankylosing spondylitis,0.0359656802605568,False,0.0,100.0,0.0
Salsalate,M45,ankylosing spondylitis,0.0156037375820814,False,0.0,0.0,0.0
Choline magnesium trisalicylate,M45,ankylosing spondylitis,0.0156037375820814,False,0.0,0.0,0.0
Antrafenine,M45,ankylosing spondylitis,0.0156037375820814,False,0.0,0.0,0.0
Tiaprofenic acid,M45,ankylosing spondylitis,0.0156037375820814,False,3.0,0.0,0.0
Lornoxicam,M45,ankylosing spondylitis,0.0359656802605568,False,1.0,0.0,0.0
Aceclofenac,M45,ankylosing spondylitis,0.0359656802605568,True,15.0,0.0,0.0
Nepafenac,M45,ankylosing spondylitis,0.0156037375820814,False,0.0,0.0,0.0
Loxoprofen,M45,ankylosing spondylitis,0.0156037375820814,False,3.0,0.0,0.0
Dexketoprofen,M45,ankylosing spondylitis,0.0156037375820814,False,0.0,0.0,0.0
Tolfenamic Acid,M45,ankylosing spondylitis,0.0156037375820814,False,1.0,0.0,0.0
Talniflumate,M45,ankylosing spondylitis,0.0359656802605568,False,0.0,0.0,0.0
Phenyl salicylate,M45,ankylosing spondylitis,0.0156037375820814,False,0.0,0.0,0.0
Trolamine salicylate,M45,ankylosing spondylitis,0.0156037375820814,False,0.0,0.0,0.0
Menthyl salicylate,M45,ankylosing spondylitis,0.0156037375820814,False,0.0,0.0,0.0
Glycol salicylate,M45,ankylosing spondylitis,0.0156037375820814,False,0.0,0.0,0.0
Dipyrithione,M45,ankylosing spondylitis,0.0156037375820814,False,0.0,0.0,0.0
Captopril,M51,intervertebral disk disorders,0.0266973025279406,False,0.0,80.0,70.0
Desmopressin,M54,dorsalgia,0.0346606240499677,False,9.0,75.0,71.42857142857143
Dihomo-gamma-linolenic acid,M54,dorsalgia,0.0138580628565075,False,1.0,87.5,100.0
Icosapent,M54,dorsalgia,0.0062498949971299,False,14.0,87.5,100.0
Ranolazine,M54,dorsalgia,0.0233121034889638,False,0.0,87.5,100.0
Phenytoin,M54,dorsalgia,0.0159885123812416,False,19.0,75.0,85.71428571428571
Lidocaine,M54,dorsalgia,0.0005892244769304,False,691.0,100.0,100.0
Acetaminophen,M54,dorsalgia,0.0015083810533771,False,682.0,87.5,100.0
Nabumetone,M54,dorsalgia,0.0233121034889638,False,5.0,87.5,85.71428571428571
Ketorolac,M54,dorsalgia,0.0058244621365469,False,57.0,100.0,100.0
Tenoxicam,M54,dorsalgia,0.0233121034889638,False,12.0,87.5,85.71428571428571
Hexylcaine,M54,dorsalgia,0.0058244621365469,False,0.0,100.0,100.0
Tolmetin,M54,dorsalgia,0.0468979013162286,False,11.0,75.0,57.142857142857146
Cinchocaine,M54,dorsalgia,0.0233121034889638,False,1.0,87.5,85.71428571428571
Fenoprofen,M54,dorsalgia,0.0346606240499677,False,4.0,75.0,71.42857142857143
Diclofenac,M54,dorsalgia,0.0400484482601827,False,259.0,50.0,42.857142857142854
Mefenamic acid,M54,dorsalgia,0.0346606240499677,False,9.0,75.0,71.42857142857143
Propofol,M54,dorsalgia,0.0251407619650272,False,61.0,75.0,85.71428571428571
Carprofen,M54,dorsalgia,0.0138580628565075,False,8.0,87.5,100.0
Menthol,M54,dorsalgia,0.0346606240499677,False,14.0,75.0,71.42857142857143
Diflunisal,M54,dorsalgia,0.0468979013162286,False,17.0,75.0,57.142857142857146
Suprofen,M54,dorsalgia,0.0346606240499677,False,2.0,75.0,71.42857142857143
Cocaine,M54,dorsalgia,0.0122698086148685,False,45.0,87.5,100.0
Zonisamide,M54,dorsalgia,1.7272270751422965e-07,False,0.0,100.0,100.0
Bromfenac,M54,dorsalgia,0.0058244621365469,False,0.0,100.0,100.0
Oxaprozin,M54,dorsalgia,0.0138580628565075,False,3.0,87.5,100.0
Balsalazide,M54,dorsalgia,0.0346606240499677,False,0.0,75.0,71.42857142857143
Ibuprofen,M54,dorsalgia,0.0367152193551367,False,213.0,50.0,42.857142857142854
Flecainide,M54,dorsalgia,0.0346606240499677,False,2.0,75.0,100.0
Lumiracoxib,M54,dorsalgia,0.0468979013162286,False,0.0,75.0,57.142857142857146
Magnesium salicylate,M54,dorsalgia,0.0138580628565075,False,0.0,87.5,100.0
Salsalate,M54,dorsalgia,0.0058244621365469,False,2.0,100.0,100.0
Choline magnesium trisalicylate,M54,dorsalgia,0.0058244621365469,False,0.0,100.0,100.0
Antrafenine,M54,dorsalgia,0.0058244621365469,False,1.0,100.0,100.0
Tiaprofenic acid,M54,dorsalgia,0.0058244621365469,False,0.0,100.0,100.0
Camphor,M54,dorsalgia,0.0004391430473023,False,7.0,100.0,100.0
Lacosamide,M54,dorsalgia,6.208908235877023e-05,False,8.0,100.0,100.0
Lornoxicam,M54,dorsalgia,0.0138580628565075,False,16.0,87.5,100.0
Aceclofenac,M54,dorsalgia,0.0138580628565075,False,27.0,87.5,100.0
Nepafenac,M54,dorsalgia,0.0058244621365469,False,0.0,100.0,100.0
Cannabidiol,M54,dorsalgia,9.553532523623374e-05,False,49.0,87.5,100.0
Loxoprofen,M54,dorsalgia,0.0058244621365469,False,19.0,100.0,100.0
Dexibuprofen,M54,dorsalgia,0.0017524127940558,False,1.0,100.0,100.0
Dexketoprofen,M54,dorsalgia,0.0058244621365469,False,27.0,100.0,100.0
Tolfenamic Acid,M54,dorsalgia,0.0058244621365469,False,2.0,100.0,100.0
Propacetamol,M54,dorsalgia,0.0004391430473023,False,2.0,100.0,100.0
Talniflumate,M54,dorsalgia,0.0138580628565075,False,0.0,87.5,100.0
Phenyl salicylate,M54,dorsalgia,0.0058244621365469,False,0.0,100.0,100.0
Trolamine salicylate,M54,dorsalgia,0.0058244621365469,False,0.0,100.0,100.0
Menthyl salicylate,M54,dorsalgia,0.0058244621365469,False,0.0,100.0,100.0
Glycol salicylate,M54,dorsalgia,0.0058244621365469,False,1.0,100.0,100.0
Bufexamac,M54,dorsalgia,0.0233121034889638,False,0.0,87.5,85.71428571428571
Acemetacin,M54,dorsalgia,0.0233121034889638,True,2.0,87.5,85.71428571428571
Nabiximols,M54,dorsalgia,7.957356559393497e-05,False,3.0,87.5,100.0
Temazepam,M66,spontaneous rupture of synovium and tendon,0.0002767459527324,False,0.0,80.0,0.0
Adinazolam,M66,spontaneous rupture of synovium and tendon,0.0001148017910698,False,0.0,100.0,0.0
Midazolam,M66,spontaneous rupture of synovium and tendon,0.0003787810739608,False,13.0,60.0,0.0
Flurazepam,M66,spontaneous rupture of synovium and tendon,0.000249536733268,False,0.0,80.0,0.0
Halazepam,M66,spontaneous rupture of synovium and tendon,8.367292138327177e-05,False,0.0,100.0,0.0
Propofol,M66,spontaneous rupture of synovium and tendon,0.0212475057418352,False,18.0,60.0,0.0
Diazepam,M66,spontaneous rupture of synovium and tendon,0.0004880412904765,False,34.0,100.0,0.0
Oxazepam,M66,spontaneous rupture of synovium and tendon,0.0003092775437777,False,0.0,80.0,0.0
Triazolam,M66,spontaneous rupture of synovium and tendon,0.0002767459527324,False,0.0,80.0,0.0
Ethanol,M66,spontaneous rupture of synovium and tendon,0.0033238276154682,False,120.0,40.0,0.0
Estazolam,M66,spontaneous rupture of synovium and tendon,9.852701169394684e-05,False,0.0,100.0,0.0
Flunitrazepam,M66,spontaneous rupture of synovium and tendon,0.0158234831786618,False,0.0,40.0,0.0
Bromazepam,M66,spontaneous rupture of synovium and tendon,0.000222869364333,False,0.0,80.0,0.0
Clotiazepam,M66,spontaneous rupture of synovium and tendon,0.0001535567912691,False,0.0,100.0,0.0
Fludiazepam,M66,spontaneous rupture of synovium and tendon,8.367292138327177e-05,False,0.0,100.0,0.0
Prazepam,M66,spontaneous rupture of synovium and tendon,9.852701169394684e-05,False,0.0,100.0,0.0
Quazepam,M66,spontaneous rupture of synovium and tendon,0.0158234831786618,False,0.0,40.0,0.0
Cinolazepam,M66,spontaneous rupture of synovium and tendon,8.367292138327177e-05,False,0.0,100.0,0.0
Nitrazepam,M66,spontaneous rupture of synovium and tendon,0.0001975828983198,False,2.0,100.0,0.0
Fospropofol,M66,spontaneous rupture of synovium and tendon,0.0011324434203906,False,0.0,100.0,0.0
Desmopressin,M71,bursopathies,0.0007482658795821,False,0.0,100.0,100.0
Dihomo-gamma-linolenic acid,M71,bursopathies,0.0002760704555827,False,0.0,100.0,100.0
Icosapent,M71,bursopathies,0.0038201785120934,False,0.0,60.0,40.0
Mesalazine,M71,bursopathies,0.0017090252809575,False,0.0,60.0,60.0
Dapsone,M71,bursopathies,0.0047961839090264,False,0.0,40.0,40.0
Acetaminophen,M71,bursopathies,0.0110276399791183,False,0.0,100.0,80.0
Indomethacin,M71,bursopathies,0.0140340086234654,False,0.0,0.0,40.0
Nabumetone,M71,bursopathies,0.0004956258336613,False,0.0,100.0,100.0
Ketorolac,M71,bursopathies,0.0001080323308903,False,0.0,100.0,100.0
Tenoxicam,M71,bursopathies,0.0004956258336613,False,0.0,100.0,100.0
Tolmetin,M71,bursopathies,0.0010398408410949,False,0.0,100.0,80.0
Rofecoxib,M71,bursopathies,0.0017090252809575,False,0.0,60.0,60.0
Piroxicam,M71,bursopathies,0.0017090252809575,False,0.0,60.0,60.0
Fenoprofen,M71,bursopathies,0.0007482658795821,False,0.0,100.0,100.0
Diclofenac,M71,bursopathies,0.013297906332801,False,0.0,20.0,20.0
Sulindac,M71,bursopathies,0.0029010946487095,False,0.0,40.0,40.0
Triamcinolone,M71,bursopathies,0.0007482658795821,False,0.0,100.0,100.0
Flurbiprofen,M71,bursopathies,0.0029010946487095,False,0.0,40.0,40.0
Etodolac,M71,bursopathies,0.0024903134410134,False,0.0,40.0,40.0
Etoposide,M71,bursopathies,0.0070859821070289,False,0.0,60.0,40.0
Mefenamic acid,M71,bursopathies,0.0007482658795821,False,0.0,100.0,100.0
Naproxen,M71,bursopathies,0.0029010946487095,False,0.0,40.0,40.0
Sulfasalazine,M71,bursopathies,0.0042979903519881,False,0.0,60.0,40.0
Phenylbutazone,M71,bursopathies,0.0017090252809575,False,0.0,60.0,60.0
Meloxicam,M71,bursopathies,0.0013587219023243,False,0.0,80.0,60.0
Carprofen,M71,bursopathies,0.0002760704555827,False,0.0,100.0,100.0
Diflunisal,M71,bursopathies,0.0010398408410949,False,0.0,100.0,80.0
Suprofen,M71,bursopathies,0.0007482658795821,False,0.0,100.0,100.0
Salicylic acid,M71,bursopathies,0.0033686190538923,False,0.0,40.0,40.0
Meclofenamic acid,M71,bursopathies,0.0013587219023243,False,0.0,80.0,60.0
Acetylsalicylic acid,M71,bursopathies,0.006510299695629,False,0.0,40.0,60.0
Bromfenac,M71,bursopathies,0.0001080323308903,False,0.0,100.0,100.0
Oxaprozin,M71,bursopathies,0.0002760704555827,False,0.0,100.0,100.0
Ketoprofen,M71,bursopathies,0.0038201785120934,False,0.0,40.0,40.0
Balsalazide,M71,bursopathies,0.0007482658795821,False,0.0,100.0,100.0
Thalidomide,M71,bursopathies,0.0038201785120934,False,0.0,60.0,80.0
Ibuprofen,M71,bursopathies,0.0124992118585998,False,0.0,40.0,40.0
Lumiracoxib,M71,bursopathies,0.0010398408410949,False,0.0,100.0,80.0
Magnesium salicylate,M71,bursopathies,0.0002760704555827,False,0.0,100.0,100.0
Salsalate,M71,bursopathies,0.0001080323308903,False,0.0,100.0,100.0
Choline magnesium trisalicylate,M71,bursopathies,0.0001080323308903,False,0.0,100.0,100.0
Antrafenine,M71,bursopathies,0.0001080323308903,False,0.0,100.0,100.0
Antipyrine,M71,bursopathies,0.0038201785120934,False,0.0,40.0,40.0
Tiaprofenic acid,M71,bursopathies,0.0001080323308903,False,0.0,100.0,100.0
Resveratrol,M71,bursopathies,0.0155815718028606,False,0.0,0.0,20.0
Niflumic Acid,M71,bursopathies,0.0017090252809575,False,0.0,60.0,60.0
Lornoxicam,M71,bursopathies,0.0002760704555827,False,0.0,100.0,100.0
Aceclofenac,M71,bursopathies,0.0002760704555827,False,0.0,100.0,100.0
Nepafenac,M71,bursopathies,0.0001080323308903,False,0.0,100.0,100.0
Cannabidiol,M71,bursopathies,0.0399573936607578,False,0.0,60.0,0.0
Loxoprofen,M71,bursopathies,0.0001080323308903,False,0.0,100.0,100.0
Dexibuprofen,M71,bursopathies,0.0017090252809575,False,0.0,60.0,80.0
Dexketoprofen,M71,bursopathies,0.0001080323308903,False,0.0,100.0,100.0
Tolfenamic Acid,M71,bursopathies,0.0001080323308903,False,0.0,100.0,100.0
Propacetamol,M71,bursopathies,0.0007482658795821,False,0.0,100.0,100.0
Talniflumate,M71,bursopathies,0.0002760704555827,False,0.0,100.0,100.0
Phenyl salicylate,M71,bursopathies,0.0001080323308903,False,0.0,100.0,100.0
Trolamine salicylate,M71,bursopathies,0.0001080323308903,False,0.0,100.0,100.0
Menthyl salicylate,M71,bursopathies,0.0001080323308903,False,0.0,100.0,100.0
Glycol salicylate,M71,bursopathies,0.0001080323308903,False,0.0,100.0,100.0
Ferrous sulfate,M71,bursopathies,0.0089864785915599,False,0.0,40.0,40.0
Bufexamac,M71,bursopathies,0.0004956258336613,False,0.0,100.0,100.0
Acemetacin,M71,bursopathies,0.0004956258336613,False,0.0,100.0,100.0
Nabiximols,M71,bursopathies,0.03775059933262,False,0.0,60.0,0.0
Diflorasone,M77,enthesopathies,0.0336877723922002,False,0.0,75.0,0.0
Desoximetasone,M77,enthesopathies,0.0336877723922002,False,0.0,75.0,0.0
Clocortolone,M77,enthesopathies,0.0336877723922002,False,0.0,75.0,0.0
Loteprednol,M77,enthesopathies,0.0336877723922002,False,0.0,75.0,0.0
Prednicarbate,M77,enthesopathies,0.0336877723922002,False,0.0,75.0,0.0
Desonide,M77,enthesopathies,0.0336877723922002,False,0.0,75.0,0.0
Difluprednate,M77,enthesopathies,0.0336877723922002,False,0.0,75.0,0.0
Clobetasone,M77,enthesopathies,0.0336877723922002,False,0.0,75.0,0.0
Desmopressin,M79,soft tissue disorders,0.0140340086234654,False,13.0,50.0,0.0
Dihomo-gamma-linolenic acid,M79,soft tissue disorders,0.0054234525564937,False,0.0,100.0,0.0
Icosapent,M79,soft tissue disorders,0.0015330098224881,False,2.0,100.0,0.0
Amphetamine,M79,soft tissue disorders,0.0025849336479294,False,16.0,100.0,0.0
Phentermine,M79,soft tissue disorders,0.0309507027739399,False,0.0,0.0,0.0
Ranolazine,M79,soft tissue disorders,0.0093205163659703,False,0.0,100.0,0.0
Mesalazine,M79,soft tissue disorders,0.0309507027739399,False,5.0,0.0,0.0
Methysergide,M79,soft tissue disorders,0.03730456587308,False,1.0,0.0,0.0
Cabergoline,M79,soft tissue disorders,0.0050661343508416,False,0.0,50.0,0.0
Phenytoin,M79,soft tissue disorders,0.0039691930490076,False,8.0,50.0,0.0
Lidocaine,M79,soft tissue disorders,7.665204283922167e-05,False,28.0,100.0,0.0
Venlafaxine,M79,soft tissue disorders,0.0441557966236443,False,1.0,0.0,0.0
Atomoxetine,M79,soft tissue disorders,0.0245355268628297,False,0.0,0.0,0.0
Acetaminophen,M79,soft tissue disorders,0.0078083431908363,False,42.0,100.0,0.0
Amitriptyline,M79,soft tissue disorders,0.0016721463476503,False,5.0,50.0,0.0
Protriptyline,M79,soft tissue disorders,0.0093205163659703,False,1.0,100.0,0.0
Mirtazapine,M79,soft tissue disorders,2.786162101833399e-06,False,0.0,100.0,0.0
Loxapine,M79,soft tissue disorders,0.0004981932093667,False,0.0,100.0,0.0
Methylphenidate,M79,soft tissue disorders,0.0140340086234654,False,4.0,50.0,0.0
Cyproheptadine,M79,soft tissue disorders,0.0309507027739399,False,0.0,0.0,0.0
Imipramine,M79,soft tissue disorders,0.0009670834538792,False,0.0,50.0,0.0
Nabumetone,M79,soft tissue disorders,0.0093205163659703,False,2.0,100.0,0.0
Ketorolac,M79,soft tissue disorders,0.002305821336832,False,5.0,100.0,0.0
Tenoxicam,M79,soft tissue disorders,0.0093205163659703,False,3.0,100.0,0.0
Hexylcaine,M79,soft tissue disorders,0.002305821336832,False,0.0,100.0,0.0
Duloxetine,M79,soft tissue disorders,0.0140340086234654,True,3.0,50.0,0.0
Tolmetin,M79,soft tissue disorders,0.0190258577368773,False,2.0,50.0,0.0
Cinchocaine,M79,soft tissue disorders,0.0093205163659703,False,0.0,100.0,0.0
Rofecoxib,M79,soft tissue disorders,0.0309507027739399,False,6.0,0.0,0.0
Nortriptyline,M79,soft tissue disorders,0.0003988041639406,False,2.0,100.0,0.0
Amoxapine,M79,soft tissue disorders,0.0001544981464199,False,0.0,100.0,0.0
Piroxicam,M79,soft tissue disorders,0.0309507027739399,False,18.0,0.0,0.0
Fenoprofen,M79,soft tissue disorders,0.0140340086234654,False,0.0,50.0,0.0
Fenfluramine,M79,soft tissue disorders,0.0140340086234654,False,0.0,50.0,0.0
Mazindol,M79,soft tissue disorders,0.0093205163659703,False,0.0,100.0,0.0
Diclofenac,M79,soft tissue disorders,0.0101529870374113,False,37.0,0.0,0.0
Paroxetine,M79,soft tissue disorders,0.0018590643176993,False,1.0,100.0,0.0
Trimipramine,M79,soft tissue disorders,0.0063759682565931,False,1.0,50.0,0.0
Etodolac,M79,soft tissue disorders,0.0441557966236443,False,0.0,0.0,0.0
Epinastine,M79,soft tissue disorders,0.0441557966236443,False,0.0,0.0,0.0
Mefenamic acid,M79,soft tissue disorders,0.0140340086234654,False,3.0,50.0,0.0
Minaprine,M79,soft tissue disorders,0.0441557966236443,False,0.0,0.0,0.0
Phenylbutazone,M79,soft tissue disorders,0.0309507027739399,False,1.0,0.0,0.0
Meloxicam,M79,soft tissue disorders,0.0245355268628297,False,5.0,0.0,0.0
Carprofen,M79,soft tissue disorders,0.0054234525564937,False,1.0,100.0,0.0
Menthol,M79,soft tissue disorders,0.0140340086234654,False,2.0,50.0,0.0
Dobutamine,M79,soft tissue disorders,0.0140340086234654,False,6.0,50.0,0.0
Pseudoephedrine,M79,soft tissue disorders,0.0015330098224881,False,1.0,100.0,0.0
Diflunisal,M79,soft tissue disorders,0.0190258577368773,False,1.0,50.0,0.0
Suprofen,M79,soft tissue disorders,0.0140340086234654,False,1.0,50.0,0.0
Cocaine,M79,soft tissue disorders,5.010979079368293e-07,False,51.0,100.0,0.0
Zonisamide,M79,soft tissue disorders,3.948892085253922e-09,False,0.0,100.0,0.0
Maprotiline,M79,soft tissue disorders,0.0025849336479294,False,0.0,100.0,0.0
Meclofenamic acid,M79,soft tissue disorders,0.0245355268628297,False,0.0,0.0,0.0
Bromfenac,M79,soft tissue disorders,0.002305821336832,False,0.0,100.0,0.0
Dopamine,M79,soft tissue disorders,4.688017481876254e-06,False,25.0,100.0,0.0
Oxaprozin,M79,soft tissue disorders,0.0054234525564937,False,1.0,100.0,0.0
Balsalazide,M79,soft tissue disorders,0.0140340086234654,False,0.0,50.0,0.0
Tegaserod,M79,soft tissue disorders,0.0441557966236443,False,0.0,0.0,0.0
Sibutramine,M79,soft tissue disorders,0.0093205163659703,False,0.0,100.0,0.0
Chlorphenamine,M79,soft tissue disorders,0.0441557966236443,False,1.0,0.0,0.0
Doxepin,M79,soft tissue disorders,0.0121383442091414,False,0.0,0.0,0.0
Nefazodone,M79,soft tissue disorders,0.0025849336479294,False,0.0,100.0,0.0
Desipramine,M79,soft tissue disorders,0.0004981932093667,False,0.0,100.0,0.0
Escitalopram,M79,soft tissue disorders,0.03730456587308,False,0.0,0.0,0.0
Propafenone,M79,soft tissue disorders,0.0441557966236443,False,0.0,0.0,0.0
Flecainide,M79,soft tissue disorders,0.0140340086234654,False,1.0,50.0,0.0
Ketamine,M79,soft tissue disorders,0.0039691930490076,False,11.0,50.0,0.0
Clomipramine,M79,soft tissue disorders,0.0012350634953863,False,0.0,100.0,0.0
Lumiracoxib,M79,soft tissue disorders,0.0190258577368773,False,1.0,50.0,0.0
Ephedra,M79,soft tissue disorders,0.0015330098224881,False,0.0,100.0,0.0
Magnesium salicylate,M79,soft tissue disorders,0.0054234525564937,False,0.0,100.0,0.0
Salsalate,M79,soft tissue disorders,0.002305821336832,False,0.0,100.0,0.0
Choline magnesium trisalicylate,M79,soft tissue disorders,0.002305821336832,False,0.0,100.0,0.0
Antrafenine,M79,soft tissue disorders,0.002305821336832,False,0.0,100.0,0.0
Dextroamphetamine,M79,soft tissue disorders,0.0245355268628297,False,0.0,0.0,0.0
Methamphetamine,M79,soft tissue disorders,0.0018590643176993,False,17.0,100.0,0.0
Tiaprofenic acid,M79,soft tissue disorders,0.002305821336832,False,1.0,100.0,0.0
Camphor,M79,soft tissue disorders,9.508675745242396e-05,False,1.0,100.0,0.0
Niflumic Acid,M79,soft tissue disorders,0.0309507027739399,False,0.0,0.0,0.0
Milnacipran,M79,soft tissue disorders,0.0054234525564937,True,0.0,100.0,0.0
Mianserin,M79,soft tissue disorders,0.0001808403494642,False,0.0,100.0,0.0
Asenapine,M79,soft tissue disorders,0.0070358181757391,False,0.0,50.0,0.0
Lacosamide,M79,soft tissue disorders,1.29100926808343e-05,False,0.0,100.0,0.0
Amisulpride,M79,soft tissue disorders,0.0093205163659703,False,0.0,100.0,0.0
Desvenlafaxine,M79,soft tissue disorders,0.0054234525564937,False,0.0,100.0,0.0
Dexmethylphenidate,M79,soft tissue disorders,0.0093205163659703,False,1.0,100.0,0.0
Lornoxicam,M79,soft tissue disorders,0.0054234525564937,False,0.0,100.0,0.0
Aceclofenac,M79,soft tissue disorders,0.0054234525564937,False,0.0,100.0,0.0
Nepafenac,M79,soft tissue disorders,0.002305821336832,False,0.0,100.0,0.0
Lurasidone,M79,soft tissue disorders,0.0245355268628297,False,0.0,0.0,0.0
Levomilnacipran,M79,soft tissue disorders,0.0309507027739399,False,0.0,0.0,0.0
Butriptyline,M79,soft tissue disorders,0.0054234525564937,False,0.0,100.0,0.0
Cannabidiol,M79,soft tissue disorders,4.038490529105504e-06,False,0.0,100.0,0.0
Tetracaine,M79,soft tissue disorders,0.002305821336832,False,0.0,100.0,0.0
Dosulepin,M79,soft tissue disorders,0.0025849336479294,False,0.0,100.0,0.0
Lorpiprazole,M79,soft tissue disorders,0.03730456587308,False,0.0,0.0,0.0
Loxoprofen,M79,soft tissue disorders,0.002305821336832,False,2.0,100.0,0.0
Dexibuprofen,M79,soft tissue disorders,0.0309507027739399,False,0.0,100.0,0.0
Dexketoprofen,M79,soft tissue disorders,0.002305821336832,False,0.0,100.0,0.0
Tolfenamic Acid,M79,soft tissue disorders,0.002305821336832,False,0.0,100.0,0.0
Zotepine,M79,soft tissue disorders,4.0482408231113535e-06,False,0.0,100.0,0.0
Propacetamol,M79,soft tissue disorders,9.508675745242396e-05,False,0.0,100.0,0.0
Talniflumate,M79,soft tissue disorders,0.0054234525564937,False,0.0,100.0,0.0
Phenyl salicylate,M79,soft tissue disorders,0.002305821336832,False,0.0,100.0,0.0
Trolamine salicylate,M79,soft tissue disorders,0.002305821336832,False,0.0,100.0,0.0
Menthyl salicylate,M79,soft tissue disorders,0.002305821336832,False,0.0,100.0,0.0
Glycol salicylate,M79,soft tissue disorders,0.002305821336832,False,0.0,100.0,0.0
Bufexamac,M79,soft tissue disorders,0.0093205163659703,False,1.0,100.0,0.0
Acemetacin,M79,soft tissue disorders,0.0093205163659703,False,0.0,100.0,0.0
Nabiximols,M79,soft tissue disorders,3.3285447061865134e-06,False,0.0,100.0,0.0
Calcidiol,M81,osteoporosis without pathological fracture,0.0378108196529642,False,12.0,100.0,100.0
Raloxifene,M81,osteoporosis without pathological fracture,0.0148925165483561,False,74.0,100.0,100.0
Benzophenone,M81,osteoporosis without pathological fracture,0.0162483828099703,False,1.0,100.0,100.0
Calcipotriol,M81,osteoporosis without pathological fracture,0.0378108196529642,False,0.0,100.0,100.0
Lasofoxifene,M81,osteoporosis without pathological fracture,0.0378108196529642,True,1.0,100.0,100.0
Arzoxifene,M81,osteoporosis without pathological fracture,0.0162483828099703,False,1.0,100.0,100.0
Rilonacept,M81,osteoporosis without pathological fracture,0.0003415799268425,False,0.0,100.0,100.0
Bazedoxifene,M81,osteoporosis without pathological fracture,0.0162483828099703,False,2.0,100.0,100.0
Polaprezinc,M81,osteoporosis without pathological fracture,0.0021611641958687,False,0.0,100.0,100.0
Octocrylene,M81,osteoporosis without pathological fracture,0.0162483828099703,False,0.0,100.0,100.0
Foreskin fibroblast (neonatal),M81,osteoporosis without pathological fracture,0.0189187469785846,False,0.0,100.0,100.0
Foreskin keratinocyte (neonatal),M81,osteoporosis without pathological fracture,0.0009670834538792,False,0.0,100.0,100.0
Hydrogen peroxide,M81,osteoporosis without pathological fracture,0.0378108196529642,False,0.0,100.0,100.0
Binimetinib,M81,osteoporosis without pathological fracture,0.0083217826786728,False,0.0,100.0,100.0
Urokinase,M87,osteonecrosis,0.0395097543349019,False,7.0,80.0,40.0
Tenecteplase,M87,osteonecrosis,0.0458502670625731,False,0.0,60.0,40.0
Collagenase clostridium histolyticum,M87,osteonecrosis,0.0083825584562548,False,0.0,100.0,60.0
Drotrecogin alfa,M87,osteonecrosis,0.0010398408410949,False,0.0,100.0,80.0
Doxorubicin,M87,osteonecrosis,0.0109920451160028,False,28.0,100.0,60.0
Captopril,M87,osteonecrosis,0.0395097543349019,False,1.0,100.0,60.0
Thrombomodulin Alfa,M87,osteonecrosis,0.0020569260513916,False,0.0,100.0,100.0
Human C1-esterase inhibitor,M87,osteonecrosis,0.0219375654720698,False,0.0,100.0,40.0
Dabigatran etexilate,M87,osteonecrosis,0.0275723424019095,False,0.0,100.0,40.0
Conestat alfa,M87,osteonecrosis,0.0219375654720698,False,0.0,100.0,40.0
Betrixaban,M87,osteonecrosis,0.0083825584562548,False,0.0,100.0,60.0
Anti-inhibitor coagulant complex,M87,osteonecrosis,0.0334844310987818,False,0.0,80.0,40.0
Zinc,N03,chronic nephritic syndrome,0.0010542828127056,False,0.0,50.0,100.0
Copper,N03,chronic nephritic syndrome,0.0026732158054437,False,1.0,75.0,0.0
Semaglutide,N03,chronic nephritic syndrome,0.0055629048122122,False,0.0,50.0,0.0
Prednisone,N04,nephrotic syndrome,0.0207745273403259,True,1682.0,50.0,0.0
Furosemide,N04,nephrotic syndrome,0.0434107882890281,True,283.0,0.0,33.333333333333336
Etacrynic acid,N04,nephrotic syndrome,0.0207745273403259,False,43.0,0.0,0.0
Quinethazone,N04,nephrotic syndrome,0.0117993649860054,False,2.0,0.0,0.0
Ulipristal,N04,nephrotic syndrome,0.0207745273403259,False,0.0,50.0,0.0
Quinethazone,N05,minor glomerular abnormality,0.0102753987174383,False,0.0,25.0,0.0
Etanercept,N08,glomerular disorders in diseases classified elsewhere,0.0006175879107718,False,0.0,100.0,75.0
Adalimumab,N08,glomerular disorders in diseases classified elsewhere,0.0095569819784629,False,0.0,50.0,0.0
Hyaluronidase,N08,glomerular disorders in diseases classified elsewhere,0.0089259154947292,False,0.0,100.0,75.0
Bevacizumab,N08,glomerular disorders in diseases classified elsewhere,0.0077435558166645,False,0.0,50.0,0.0
Erythromycin,N08,glomerular disorders in diseases classified elsewhere,0.0060011779696427,False,0.0,100.0,50.0
Nelfinavir,N08,glomerular disorders in diseases classified elsewhere,0.0195813855453833,False,0.0,50.0,75.0
Dapsone,N08,glomerular disorders in diseases classified elsewhere,0.0166946863224616,False,0.0,0.0,75.0
Phenytoin,N08,glomerular disorders in diseases classified elsewhere,0.0297837355778624,False,0.0,0.0,75.0
Gefitinib,N08,glomerular disorders in diseases classified elsewhere,0.0077435558166645,False,0.0,50.0,75.0
Sucralfate,N08,glomerular disorders in diseases classified elsewhere,1.339610761340196e-05,False,0.0,100.0,100.0
Nabumetone,N08,glomerular disorders in diseases classified elsewhere,0.0355011337066097,False,0.0,0.0,0.0
Fluoxetine,N08,glomerular disorders in diseases classified elsewhere,0.0260806562942073,False,0.0,0.0,75.0
Tolmetin,N08,glomerular disorders in diseases classified elsewhere,0.0014868883916653,False,0.0,100.0,75.0
Ritonavir,N08,glomerular disorders in diseases classified elsewhere,0.0376188273658911,False,0.0,50.0,50.0
Cisplatin,N08,glomerular disorders in diseases classified elsewhere,0.0070842626521475,False,0.0,100.0,75.0
Erlotinib,N08,glomerular disorders in diseases classified elsewhere,0.0142144089598197,False,0.0,50.0,75.0
Benazepril,N08,glomerular disorders in diseases classified elsewhere,0.0355011337066097,False,0.0,0.0,0.0
Estrone,N08,glomerular disorders in diseases classified elsewhere,0.0376188273658911,False,0.0,100.0,50.0
Losartan,N08,glomerular disorders in diseases classified elsewhere,0.0009632223307825,False,0.0,100.0,75.0
Mycophenolate mofetil,N08,glomerular disorders in diseases classified elsewhere,0.0336617372825846,False,0.0,100.0,25.0
Norethisterone,N08,glomerular disorders in diseases classified elsewhere,0.0033238276154682,False,0.0,100.0,100.0
Hydrocortisone,N08,glomerular disorders in diseases classified elsewhere,0.0195813855453833,False,0.0,100.0,100.0
Irinotecan,N08,glomerular disorders in diseases classified elsewhere,0.0260806562942073,False,0.0,100.0,25.0
Etoposide,N08,glomerular disorders in diseases classified elsewhere,0.0297837355778624,False,0.0,0.0,50.0
Alfentanil,N08,glomerular disorders in diseases classified elsewhere,0.002305821336832,False,0.0,100.0,100.0
Tacrolimus,N08,glomerular disorders in diseases classified elsewhere,0.0033238276154682,False,0.0,100.0,75.0
Sirolimus,N08,glomerular disorders in diseases classified elsewhere,0.0045487684091322,False,0.0,100.0,100.0
Acetylsalicylic acid,N08,glomerular disorders in diseases classified elsewhere,0.0260806562942073,False,0.0,50.0,75.0
Thalidomide,N08,glomerular disorders in diseases classified elsewhere,0.0118357346298658,False,0.0,100.0,100.0
Ibuprofen,N08,glomerular disorders in diseases classified elsewhere,0.0045264667447787,False,0.0,100.0,100.0
Captopril,N08,glomerular disorders in diseases classified elsewhere,0.0060011779696427,False,0.0,100.0,0.0
Saquinavir,N08,glomerular disorders in diseases classified elsewhere,0.0260806562942073,False,0.0,50.0,75.0
Dexamethasone,N08,glomerular disorders in diseases classified elsewhere,0.0045264667447787,False,0.0,100.0,75.0
Cilazapril,N08,glomerular disorders in diseases classified elsewhere,0.0355011337066097,False,0.0,0.0,0.0
Magnesium salicylate,N08,glomerular disorders in diseases classified elsewhere,0.0208457018457816,False,0.0,50.0,0.0
Ginseng,N08,glomerular disorders in diseases classified elsewhere,0.0208457018457816,False,0.0,50.0,0.0
Zinc,N08,glomerular disorders in diseases classified elsewhere,0.0156217726014239,False,0.0,100.0,75.0
Telaprevir,N08,glomerular disorders in diseases classified elsewhere,0.0033238276154682,False,0.0,100.0,75.0
Trastuzumab emtansine,N08,glomerular disorders in diseases classified elsewhere,0.0355011337066097,False,0.0,0.0,50.0
Hyaluronidase (Human Recombinant),N08,glomerular disorders in diseases classified elsewhere,0.0089259154947292,False,0.0,100.0,75.0
Rilonacept,N08,glomerular disorders in diseases classified elsewhere,0.0208457018457816,False,0.0,50.0,0.0
Mangafodipir,N08,glomerular disorders in diseases classified elsewhere,0.0355011337066097,False,0.0,0.0,0.0
Ivacaftor,N08,glomerular disorders in diseases classified elsewhere,0.0014868883916653,False,0.0,100.0,100.0
Boceprevir,N08,glomerular disorders in diseases classified elsewhere,0.0355011337066097,False,0.0,0.0,50.0
Enzalutamide,N08,glomerular disorders in diseases classified elsewhere,0.0060011779696427,False,0.0,100.0,75.0
Pomalidomide,N08,glomerular disorders in diseases classified elsewhere,0.0014868883916653,False,0.0,100.0,100.0
Polaprezinc,N08,glomerular disorders in diseases classified elsewhere,0.0166946863224616,False,0.0,100.0,100.0
Foreskin fibroblast (neonatal),N08,glomerular disorders in diseases classified elsewhere,0.0001900658087637,False,0.0,100.0,100.0
Foreskin keratinocyte (neonatal),N08,glomerular disorders in diseases classified elsewhere,4.7386935853258185e-08,False,0.0,100.0,100.0
Dipyrithione,N08,glomerular disorders in diseases classified elsewhere,0.0089259154947292,False,0.0,100.0,75.0
Tezacaftor,N08,glomerular disorders in diseases classified elsewhere,0.0355011337066097,False,0.0,0.0,50.0
Binimetinib,N08,glomerular disorders in diseases classified elsewhere,0.0033238276154682,False,0.0,100.0,75.0
Rucaparib,N08,glomerular disorders in diseases classified elsewhere,0.0463940998288854,False,0.0,0.0,50.0
Copanlisib,N08,glomerular disorders in diseases classified elsewhere,0.0060011779696427,False,0.0,100.0,50.0
Ferrous sulfate,N08,glomerular disorders in diseases classified elsewhere,0.0418801978252165,False,0.0,50.0,75.0
Nelfinavir,N12,tubulo-interstitial nephritis,0.0265362539598352,False,0.0,50.0,100.0
Nevirapine,N12,tubulo-interstitial nephritis,0.0104315957611928,False,0.0,50.0,66.66666666666667
Amsacrine,N12,tubulo-interstitial nephritis,0.0052664505649086,False,0.0,100.0,66.66666666666667
Gefitinib,N12,tubulo-interstitial nephritis,0.0145856411738086,False,2.0,100.0,100.0
Rosiglitazone,N12,tubulo-interstitial nephritis,0.0265362539598352,False,7.0,50.0,100.0
Pethidine,N12,tubulo-interstitial nephritis,0.0321072105432218,False,0.0,50.0,66.66666666666667
Fluoxetine,N12,tubulo-interstitial nephritis,0.0321072105432218,False,0.0,50.0,100.0
Ritonavir,N12,tubulo-interstitial nephritis,0.0406829687311846,False,10.0,50.0,66.66666666666667
Erlotinib,N12,tubulo-interstitial nephritis,0.0212490965460008,False,2.0,100.0,66.66666666666667
Cephalexin,N12,tubulo-interstitial nephritis,0.0212490965460008,False,82.0,50.0,66.66666666666667
Efavirenz,N12,tubulo-interstitial nephritis,0.0166674927677325,False,4.0,50.0,100.0
Nateglinide,N12,tubulo-interstitial nephritis,0.0265362539598352,False,0.0,50.0,100.0
Propofol,N12,tubulo-interstitial nephritis,0.0466117216348664,False,0.0,50.0,66.66666666666667
Zalcitabine,N12,tubulo-interstitial nephritis,0.0190110738951611,False,5.0,50.0,66.66666666666667
Isoniazid,N12,tubulo-interstitial nephritis,0.0212490965460008,False,25.0,50.0,66.66666666666667
Ketoprofen,N12,tubulo-interstitial nephritis,0.0190110738951611,False,6.0,50.0,100.0
Sertraline,N12,tubulo-interstitial nephritis,0.0212490965460008,False,0.0,50.0,100.0
Captopril,N12,tubulo-interstitial nephritis,0.0124992118585998,False,32.0,100.0,100.0
Saquinavir,N12,tubulo-interstitial nephritis,0.0321072105432218,False,1.0,50.0,66.66666666666667
Clomipramine,N12,tubulo-interstitial nephritis,0.0166674927677325,False,1.0,100.0,100.0
Pipotiazine,N12,tubulo-interstitial nephritis,0.0124992118585998,False,0.0,50.0,100.0
Thiothixene,N12,tubulo-interstitial nephritis,0.0068531711024466,False,0.0,100.0,100.0
Dronedarone,N12,tubulo-interstitial nephritis,0.0436682328723327,False,0.0,100.0,66.66666666666667
Abiraterone,N12,tubulo-interstitial nephritis,0.0145856411738086,False,0.0,50.0,66.66666666666667
Oxymetholone,N12,tubulo-interstitial nephritis,0.0190110738951611,False,0.0,50.0,66.66666666666667
Vemurafenib,N12,tubulo-interstitial nephritis,0.008585829995479,False,1.0,50.0,66.66666666666667
Mirabegron,N12,tubulo-interstitial nephritis,0.008585829995479,False,1.0,50.0,100.0
Enzalutamide,N12,tubulo-interstitial nephritis,0.0124992118585998,False,0.0,50.0,100.0
Ibrutinib,N12,tubulo-interstitial nephritis,0.0052664505649086,False,1.0,50.0,66.66666666666667
Lorpiprazole,N12,tubulo-interstitial nephritis,0.0104315957611928,False,0.0,50.0,100.0
Opium,N12,tubulo-interstitial nephritis,0.0068531711024466,False,0.0,50.0,66.66666666666667
Hyaluronidase,N17,acute renal failure,0.0060011779696427,False,19.0,0.0,100.0
Vitamin E,N17,acute renal failure,0.0166382279114018,False,133.0,0.0,66.66666666666666
Metoprolol,N17,acute renal failure,0.048401356466303,False,54.0,0.0,0.0
Tolmetin,N17,acute renal failure,0.048401356466303,False,47.0,0.0,66.66666666666666
Cisplatin,N17,acute renal failure,0.0001360408275795,False,2728.0,0.0,100.0
Oxaliplatin,N17,acute renal failure,0.0007482658795821,False,55.0,0.0,100.0
Benazepril,N17,acute renal failure,0.0239845153166694,False,13.0,0.0,100.0
Fenoprofen,N17,acute renal failure,0.0357176578415445,False,23.0,0.0,66.66666666666666
Epinephrine,N17,acute renal failure,0.0005182969441729,False,280.0,0.0,100.0
Repaglinide,N17,acute renal failure,0.048401356466303,False,0.0,0.0,0.0
Carboplatin,N17,acute renal failure,0.0093205163659703,False,137.0,0.0,100.0
Probenecid,N17,acute renal failure,0.0454207133881214,False,67.0,0.0,0.0
Ibuprofen,N17,acute renal failure,0.0383259659971864,False,0.0,0.0,66.66666666666666
Gliclazide,N17,acute renal failure,0.0357176578415445,False,7.0,0.0,66.66666666666666
Oxprenolol,N17,acute renal failure,0.0357176578415445,False,1.0,0.0,66.66666666666666
Zinc,N17,acute renal failure,0.0372359684982723,False,242.0,0.0,100.0
Vandetanib,N17,acute renal failure,0.0053043403892158,False,2.0,0.0,100.0
Apremilast,N17,acute renal failure,0.0018406366409084,False,1.0,0.0,100.0
Hyaluronidase (Human Recombinant),N17,acute renal failure,0.0060011779696427,False,2.0,0.0,100.0
Triflusal,N17,acute renal failure,0.0357176578415445,False,0.0,0.0,66.66666666666666
Copper,N17,acute renal failure,0.0182495240853551,False,232.0,0.0,100.0
Polaprezinc,N17,acute renal failure,0.0002661711619907,False,0.0,0.0,100.0
Foreskin fibroblast (neonatal),N17,acute renal failure,8.022945666671805e-05,False,0.0,0.0,100.0
Foreskin keratinocyte (neonatal),N17,acute renal failure,1.2197397542984094e-08,False,0.0,0.0,100.0
Neratinib,N17,acute renal failure,0.048401356466303,False,2.0,0.0,0.0
alpha-Tocopherol succinate,N17,acute renal failure,0.0166382279114018,False,51.0,0.0,66.66666666666666
D-alpha-Tocopherol acetate,N17,acute renal failure,0.0166382279114018,False,51.0,0.0,66.66666666666666
Hyaluronidase,N18,chronic renal failure,0.0134500412641223,False,5.0,100.0,100.0
Icosapent,N18,chronic renal failure,0.0212475057418352,False,62.0,100.0,100.0
Ticlopidine,N18,chronic renal failure,0.0141488772819708,False,93.0,100.0,100.0
Mesalazine,N18,chronic renal failure,0.0061145388389158,False,18.0,100.0,100.0
Nitroprusside,N18,chronic renal failure,0.0312532652462582,False,100.0,100.0,100.0
Rosiglitazone,N18,chronic renal failure,0.035491726370855,False,32.0,83.33333333333333,75.0
Nabumetone,N18,chronic renal failure,0.0007674825878644,False,6.0,100.0,100.0
Quinine,N18,chronic renal failure,0.0466703312693499,False,30.0,83.33333333333333,100.0
Tolmetin,N18,chronic renal failure,0.0027695185068148,False,7.0,100.0,100.0
Cisplatin,N18,chronic renal failure,0.0157242182179182,False,206.0,100.0,100.0
Oxaliplatin,N18,chronic renal failure,0.0037814974882471,False,16.0,100.0,100.0
Erlotinib,N18,chronic renal failure,0.025652922029341,False,5.0,100.0,100.0
Propranolol,N18,chronic renal failure,0.0305264926096464,False,128.0,100.0,100.0
Fenoprofen,N18,chronic renal failure,0.0016044385293955,False,3.0,100.0,100.0
Diclofenac,N18,chronic renal failure,0.0114261843679474,False,21.0,100.0,100.0
Sulindac,N18,chronic renal failure,0.0004609152343545,False,17.0,100.0,100.0
Epinephrine,N18,chronic renal failure,0.0466703312693499,False,302.0,50.0,100.0
Losartan,N18,chronic renal failure,0.0408730276648593,False,327.0,83.33333333333333,75.0
Warfarin,N18,chronic renal failure,0.0141488772819708,False,472.0,100.0,100.0
Thiabendazole,N18,chronic renal failure,0.0312532652462582,False,7.0,100.0,100.0
Estradiol,N18,chronic renal failure,0.0271115147230766,False,139.0,83.33333333333333,100.0
Naproxen,N18,chronic renal failure,0.0141488772819708,False,20.0,100.0,100.0
Clobetasol propionate,N18,chronic renal failure,0.0312532652462582,False,4.0,100.0,100.0
Thalidomide,N18,chronic renal failure,1.9621655982755743e-05,False,63.0,100.0,100.0
Tocainide,N18,chronic renal failure,0.0312532652462582,False,1.0,100.0,100.0
Melatonin,N18,chronic renal failure,0.0466703312693499,False,55.0,50.0,75.0
Fluvastatin,N18,chronic renal failure,0.0466703312693499,False,34.0,83.33333333333333,75.0
Amiodarone,N18,chronic renal failure,0.0466703312693499,False,65.0,83.33333333333333,100.0
Captopril,N18,chronic renal failure,0.0110432773836398,False,395.0,100.0,100.0
Insulin Detemir,N18,chronic renal failure,0.0312532652462582,False,2.0,100.0,100.0
Magnesium salicylate,N18,chronic renal failure,0.0312532652462582,False,0.0,100.0,100.0
Ginseng,N18,chronic renal failure,0.0312532652462582,False,31.0,100.0,100.0
Clenbuterol,N18,chronic renal failure,0.0042428496746721,False,3.0,100.0,100.0
Topiroxostat,N18,chronic renal failure,0.0212475057418352,False,3.0,100.0,100.0
Resveratrol,N18,chronic renal failure,0.0011324434203906,False,23.0,100.0,100.0
Danthron,N18,chronic renal failure,0.0134500412641223,False,0.0,100.0,100.0
Hyaluronidase (Human Recombinant),N18,chronic renal failure,0.0134500412641223,False,0.0,100.0,100.0
Rilonacept,N18,chronic renal failure,0.0002441727951603,False,2.0,100.0,100.0
Capsaicin,N18,chronic renal failure,0.0141488772819708,False,0.0,100.0,100.0
Pomalidomide,N18,chronic renal failure,0.0027695185068148,False,7.0,100.0,100.0
Cannabidiol,N18,chronic renal failure,0.0001042563648258,False,4.0,100.0,100.0
Polaprezinc,N18,chronic renal failure,0.0014271876335035,False,5.0,100.0,100.0
Enalaprilat,N18,chronic renal failure,0.0134500412641223,False,30.0,100.0,100.0
Foreskin fibroblast (neonatal),N18,chronic renal failure,0.0141488772819708,False,0.0,100.0,100.0
Foreskin keratinocyte (neonatal),N18,chronic renal failure,0.0006392216506744,False,0.0,100.0,100.0
Hydrogen peroxide,N18,chronic renal failure,0.0312532652462582,False,137.0,100.0,100.0
Binimetinib,N18,chronic renal failure,0.0001248667373011,False,0.0,100.0,100.0
Estradiol acetate,N18,chronic renal failure,0.0271115147230766,False,7.0,83.33333333333333,100.0
Estradiol benzoate,N18,chronic renal failure,0.0271115147230766,False,0.0,83.33333333333333,100.0
Estradiol cypionate,N18,chronic renal failure,0.0271115147230766,False,0.0,83.33333333333333,100.0
Estradiol dienanthate,N18,chronic renal failure,0.0271115147230766,False,0.0,83.33333333333333,100.0
Estradiol valerate,N18,chronic renal failure,0.0271115147230766,False,135.0,83.33333333333333,100.0
Nabiximols,N18,chronic renal failure,8.416222854399876e-05,False,0.0,100.0,100.0
Cisplatin,N20,calculus of kidney and ureter,0.0003787810739608,False,185.0,100.0,100.0
Oxaliplatin,N20,calculus of kidney and ureter,0.0016148743083996,False,14.0,100.0,100.0
Etoposide,N20,calculus of kidney and ureter,0.0287398938950695,False,30.0,100.0,100.0
Carboplatin,N20,calculus of kidney and ureter,0.016175011393417,False,39.0,100.0,100.0
Cannabidiol,N20,calculus of kidney and ureter,0.0443188112031778,False,1.0,100.0,100.0
Calcium Phosphate,N20,calculus of kidney and ureter,0.03775059933262,False,942.0,100.0,100.0
Nabiximols,N20,calculus of kidney and ureter,0.0399014504765583,False,0.0,100.0,100.0
Omeprazole,N21,calculus of lower urinary tract,0.0401063855502195,False,0.0,0.0,0.0
Leflunomide,N21,calculus of lower urinary tract,0.0089443178143312,False,0.0,100.0,0.0
Fluvoxamine,N30,cystitis,0.0239728934108461,False,0.0,40.0,100.0
Erythromycin,N30,cystitis,0.0140878922078351,False,23.0,20.0,100.0
Nelfinavir,N30,cystitis,0.0299460072715675,False,0.0,40.0,100.0
Nevirapine,N30,cystitis,0.0118659647290911,False,0.0,40.0,100.0
Phenytoin,N30,cystitis,0.0390090874190526,False,0.0,20.0,20.0
Lidocaine,N30,cystitis,0.0390090874190526,False,89.0,80.0,40.0
Methadone,N30,cystitis,0.0390090874190526,False,1.0,40.0,20.0
Amlodipine,N30,cystitis,0.0458251198510291,False,1.0,40.0,40.0
Cerivastatin,N30,cystitis,0.0239728934108461,False,0.0,40.0,80.0
Fluoxetine,N30,cystitis,0.035771602294568,False,2.0,40.0,60.0
Ritonavir,N30,cystitis,0.0458251198510291,False,1.0,40.0,20.0
Cyclophosphamide,N30,cystitis,0.0163046584418511,False,1541.0,40.0,80.0
Carbamazepine,N30,cystitis,0.0329111119675689,False,0.0,20.0,40.0
Voriconazole,N30,cystitis,0.0140878922078351,False,6.0,20.0,80.0
Cisapride,N30,cystitis,0.0239728934108461,False,0.0,40.0,100.0
Efavirenz,N30,cystitis,0.0188268010789048,False,0.0,40.0,80.0
Simvastatin,N30,cystitis,0.035771602294568,False,2.0,40.0,40.0
Estrone,N30,cystitis,0.0458251198510291,False,2.0,40.0,20.0
Amprenavir,N30,cystitis,0.0140878922078351,False,0.0,40.0,80.0
Modafinil,N30,cystitis,0.0096252274410785,False,0.0,40.0,80.0
Clopidogrel,N30,cystitis,0.0140878922078351,False,1.0,20.0,80.0
Irinotecan,N30,cystitis,0.035771602294568,False,8.0,20.0,40.0
Loperamide,N30,cystitis,0.0188268010789048,False,0.0,40.0,80.0
Azelastine,N30,cystitis,0.0212490965460008,False,0.0,40.0,100.0
Fluvastatin,N30,cystitis,0.035771602294568,False,0.0,40.0,40.0
Itraconazole,N30,cystitis,0.0140878922078351,False,6.0,40.0,100.0
Ifosfamide,N30,cystitis,0.0163046584418511,False,198.0,20.0,80.0
Domperidone,N30,cystitis,0.0140878922078351,False,0.0,40.0,80.0
Romidepsin,N30,cystitis,0.0188268010789048,False,0.0,20.0,80.0
Armodafinil,N30,cystitis,0.0077783595357226,False,0.0,20.0,80.0
Midostaurin,N30,cystitis,0.0329111119675689,False,0.0,80.0,60.0
Artemether,N30,cystitis,0.0059478360077432,False,0.0,80.0,80.0
Crizotinib,N30,cystitis,0.0059478360077432,False,1.0,80.0,80.0
Enzalutamide,N30,cystitis,0.0140878922078351,False,1.0,60.0,100.0
Idelalisib,N30,cystitis,0.0188268010789048,False,0.0,20.0,80.0
Vortioxetine,N30,cystitis,0.0239728934108461,False,0.0,40.0,100.0
Asunaprevir,N30,cystitis,0.0163046584418511,False,0.0,40.0,80.0
Isavuconazole,N30,cystitis,0.0489783657996184,False,0.0,60.0,20.0
Chlorphenesin,N32,disorders of bladder,0.0023506354308989,False,0.0,66.66666666666667,33.333333333333336
Succinylcholine,N39,disorders of urinary system,0.0045991095373961,False,0.0,71.42857142857143,100.0
Disopyramide,N39,disorders of urinary system,0.0147736387376978,False,2.0,71.42857142857143,83.33333333333333
Ipratropium,N39,disorders of urinary system,0.0060011779696427,False,3.0,71.42857142857143,100.0
Metixene,N39,disorders of urinary system,0.0033686190538923,False,0.0,71.42857142857143,100.0
Terfenadine,N39,disorders of urinary system,0.0209693409137144,False,1.0,71.42857142857143,66.66666666666667
Trihexyphenidyl,N39,disorders of urinary system,0.0033686190538923,False,2.0,71.42857142857143,100.0
Oxyphencyclimine,N39,disorders of urinary system,0.001298526429611,False,0.0,100.0,100.0
Procyclidine,N39,disorders of urinary system,0.0022737099225034,False,0.0,85.71428571428571,100.0
Carbachol,N39,disorders of urinary system,0.0060011779696427,False,27.0,71.42857142857143,100.0
Promazine,N39,disorders of urinary system,0.0307702729652938,False,1.0,100.0,16.666666666666668
Hyoscyamine,N39,disorders of urinary system,0.0022737099225034,False,0.0,85.71428571428571,100.0
Cyproheptadine,N39,disorders of urinary system,0.0075830965450964,False,5.0,71.42857142857143,83.33333333333333
Methylscopolamine bromide,N39,disorders of urinary system,0.001298526429611,False,0.0,100.0,100.0
Darifenacin,N39,disorders of urinary system,0.0060011779696427,False,17.0,71.42857142857143,100.0
Anisotropine Methylbromide,N39,disorders of urinary system,0.001298526429611,False,0.0,100.0,100.0
Atropine,N39,disorders of urinary system,0.0091693983216265,False,39.0,71.42857142857143,83.33333333333333
Nicardipine,N39,disorders of urinary system,0.0440870824884426,False,6.0,85.71428571428571,66.66666666666667
Paroxetine,N39,disorders of urinary system,0.0188268010789048,False,8.0,71.42857142857143,83.33333333333333
Homatropine Methylbromide,N39,disorders of urinary system,0.0033686190538923,False,0.0,71.42857142857143,100.0
Scopolamine,N39,disorders of urinary system,0.0091693983216265,False,7.0,71.42857142857143,83.33333333333333
Propiomazine,N39,disorders of urinary system,0.0188268010789048,False,0.0,100.0,83.33333333333333
Cryptenamine,N39,disorders of urinary system,0.0033686190538923,False,0.0,71.42857142857143,100.0
Tropicamide,N39,disorders of urinary system,0.0022737099225034,False,1.0,85.71428571428571,100.0
Brompheniramine,N39,disorders of urinary system,0.0166674927677325,False,1.0,85.71428571428571,83.33333333333333
Maprotiline,N39,disorders of urinary system,0.023203262455166,False,3.0,85.71428571428571,66.66666666666667
Glycopyrronium,N39,disorders of urinary system,0.001298526429611,False,5.0,100.0,100.0
Bethanechol,N39,disorders of urinary system,0.0022737099225034,False,16.0,85.71428571428571,100.0
Tolterodine,N39,disorders of urinary system,0.0091693983216265,False,25.0,71.42857142857143,83.33333333333333
Oxybutynin,N39,disorders of urinary system,0.0060011779696427,False,44.0,85.71428571428571,100.0
Promethazine,N39,disorders of urinary system,0.0209693409137144,False,1.0,100.0,66.66666666666667
Pilocarpine,N39,disorders of urinary system,0.0060011779696427,False,5.0,71.42857142857143,100.0
Mivacurium,N39,disorders of urinary system,0.0022737099225034,False,0.0,85.71428571428571,100.0
Diphenidol,N39,disorders of urinary system,0.001298526429611,False,0.0,100.0,100.0
Chlorprothixene,N39,disorders of urinary system,0.0166674927677325,False,0.0,71.42857142857143,83.33333333333333
Pancuronium,N39,disorders of urinary system,0.0045991095373961,False,1.0,71.42857142857143,100.0
Pipecuronium,N39,disorders of urinary system,0.0022737099225034,False,0.0,85.71428571428571,100.0
Methotrimeprazine,N39,disorders of urinary system,0.0384197193419097,False,0.0,71.42857142857143,16.666666666666668
Tiotropium,N39,disorders of urinary system,0.0091693983216265,False,3.0,71.42857142857143,83.33333333333333
Solifenacin,N39,disorders of urinary system,0.0045991095373961,False,31.0,71.42857142857143,100.0
Acetylcholine,N39,disorders of urinary system,0.0091693983216265,False,131.0,71.42857142857143,83.33333333333333
Pizotifen,N39,disorders of urinary system,0.025652922029341,False,0.0,100.0,33.333333333333336
Fesoterodine,N39,disorders of urinary system,0.0075830965450964,False,9.0,71.42857142857143,83.33333333333333
Hexocyclium,N39,disorders of urinary system,0.0022737099225034,False,0.0,85.71428571428571,100.0
Aclidinium,N39,disorders of urinary system,0.0045991095373961,False,1.0,71.42857142857143,100.0
Umeclidinium,N39,disorders of urinary system,0.0060011779696427,False,2.0,71.42857142857143,100.0
Trimebutine,N39,disorders of urinary system,0.0075830965450964,False,0.0,71.42857142857143,83.33333333333333
Dosulepin,N39,disorders of urinary system,0.023203262455166,False,0.0,85.71428571428571,66.66666666666667
Imidafenacin,N39,disorders of urinary system,0.0060011779696427,False,3.0,71.42857142857143,100.0
Butylscopolamine,N39,disorders of urinary system,0.0005336666515017,False,0.0,100.0,100.0
Homatropine,N39,disorders of urinary system,0.0045991095373961,False,0.0,71.42857142857143,100.0
Thonzylamine,N39,disorders of urinary system,0.0045991095373961,False,0.0,71.42857142857143,100.0
Propiverine,N39,disorders of urinary system,0.0128173189442169,False,8.0,100.0,83.33333333333333
Midodrine,N40,hyperplasia of prostate,0.0001042210973464,False,1.0,100.0,0.0
Cabergoline,N40,hyperplasia of prostate,0.0054983261720039,False,4.0,40.0,0.0
Dapiprazole,N40,hyperplasia of prostate,1.4047148374984414e-05,False,0.0,100.0,0.0
Amitriptyline,N40,hyperplasia of prostate,0.0354844102254099,False,0.0,80.0,0.0
Alfuzosin,N40,hyperplasia of prostate,0.0001042210973464,False,0.0,100.0,0.0
Norepinephrine,N40,hyperplasia of prostate,0.0042859942064395,False,166.0,100.0,0.0
Phenylephrine,N40,hyperplasia of prostate,0.0001042210973464,False,169.0,100.0,0.0
Promazine,N40,hyperplasia of prostate,0.0042859942064395,False,0.0,100.0,0.0
Prazosin,N40,hyperplasia of prostate,0.0023877871421985,False,712.0,80.0,0.0
Imipramine,N40,hyperplasia of prostate,0.0240528395542972,False,2.0,100.0,0.0
Nortriptyline,N40,hyperplasia of prostate,0.013154199820768,False,1.0,100.0,0.0
Clonidine,N40,hyperplasia of prostate,0.0028306052736465,False,14.0,100.0,0.0
Doxazosin,N40,hyperplasia of prostate,0.0008334963541144,False,518.0,100.0,0.0
Nicardipine,N40,hyperplasia of prostate,0.0076848615132083,False,3.0,100.0,0.0
Verapamil,N40,hyperplasia of prostate,0.0271694391788108,False,13.0,60.0,0.0
Epinephrine,N40,hyperplasia of prostate,0.0037541038891161,False,57.0,100.0,0.0
Phentolamine,N40,hyperplasia of prostate,4.7775850865676835e-05,False,27.0,100.0,0.0
Ergotamine,N40,hyperplasia of prostate,0.0037541038891161,False,22.0,60.0,0.0
Tamsulosin,N40,hyperplasia of prostate,0.0001880060389249,False,1177.0,100.0,0.0
Methoxamine,N40,hyperplasia of prostate,1.4047148374984414e-05,False,19.0,100.0,0.0
Propiomazine,N40,hyperplasia of prostate,0.0020111824271729,False,0.0,100.0,0.0
Fenoldopam,N40,hyperplasia of prostate,0.0004493637199317,False,0.0,100.0,0.0
Quinidine,N40,hyperplasia of prostate,0.0092596817323381,False,1.0,60.0,0.0
Phenoxybenzamine,N40,hyperplasia of prostate,0.0013522334258956,False,59.0,100.0,0.0
Oxymetazoline,N40,hyperplasia of prostate,0.0001880060389249,False,5.0,100.0,0.0
Carvedilol,N40,hyperplasia of prostate,0.0101127548981574,False,7.0,100.0,0.0
Doxepin,N40,hyperplasia of prostate,0.013154199820768,False,0.0,100.0,0.0
Terazosin,N40,hyperplasia of prostate,0.0003024841244416,False,395.0,100.0,0.0
Pergolide,N40,hyperplasia of prostate,0.0042859942064395,False,0.0,60.0,0.0
Bromocriptine,N40,hyperplasia of prostate,0.0054983261720039,False,25.0,40.0,0.0
Quetiapine,N40,hyperplasia of prostate,0.01528420341742,False,4.0,100.0,0.0
Methotrimeprazine,N40,hyperplasia of prostate,0.0061817096168864,False,0.0,100.0,0.0
Dextroamphetamine,N40,hyperplasia of prostate,0.0260292625758159,False,0.0,40.0,0.0
Phendimetrazine,N40,hyperplasia of prostate,0.0057478512243143,False,0.0,100.0,0.0
Propericiazine,N40,hyperplasia of prostate,0.0098151694430376,False,0.0,80.0,0.0
Acepromazine,N40,hyperplasia of prostate,0.0326534257968912,False,0.0,40.0,0.0
Thioproperazine,N40,hyperplasia of prostate,0.0326534257968912,False,0.0,40.0,0.0
Dronedarone,N40,hyperplasia of prostate,0.0061817096168864,False,0.0,40.0,0.0
Sertindole,N40,hyperplasia of prostate,0.0008334963541144,False,0.0,100.0,0.0
Pizotifen,N40,hyperplasia of prostate,0.0032745827967214,False,0.0,100.0,0.0
Silodosin,N40,hyperplasia of prostate,0.0003024841244416,False,267.0,100.0,0.0
Droxidopa,N40,hyperplasia of prostate,0.0016726744601575,False,0.0,100.0,0.0
Xylometazoline,N40,hyperplasia of prostate,0.0001880060389249,False,0.0,100.0,0.0
Racepinephrine,N40,hyperplasia of prostate,0.0006245142283416,False,0.0,100.0,0.0
Cyproterone acetate,N41,inflammatory diseases of prostate,0.0009582503062546,False,3.0,100.0,0.0
Levonorgestrel,N46,male infertility,0.0245355268628297,False,30.0,0.0,0.0
Mitotane,N46,male infertility,0.0309507027739399,False,3.0,0.0,0.0
Norgestimate,N46,male infertility,0.0140340086234654,False,1.0,0.0,0.0
Fluoxymesterone,N46,male infertility,0.0190258577368773,False,23.0,0.0,0.0
Danazol,N46,male infertility,0.03730456587308,False,35.0,0.0,0.0
Oxybenzone,N46,male infertility,0.0093205163659703,False,1.0,0.0,0.0
Methyltestosterone,N46,male infertility,0.03730456587308,False,28.0,0.0,0.0
Eugenol,N46,male infertility,0.0093205163659703,False,4.0,0.0,0.0
Norethynodrel,N46,male infertility,0.0054234525564937,False,1.0,0.0,0.0
Homosalate,N46,male infertility,0.0054234525564937,False,0.0,0.0,0.0
Enzacamene,N46,male infertility,0.0093205163659703,False,0.0,0.0,0.0
Gestrinone,N46,male infertility,0.0190258577368773,False,0.0,0.0,0.0
Diethylstilbestrol,N62,hypertrophy of breast,0.0266187032884972,False,3.0,40.0,40.0
Levonorgestrel,N62,hypertrophy of breast,0.0052179788679475,False,1.0,20.0,40.0
Raloxifene,N62,hypertrophy of breast,0.0094147333082599,False,4.0,0.0,60.0
Testosterone,N62,hypertrophy of breast,0.0485738822353807,False,21.0,0.0,40.0
Estrone,N62,hypertrophy of breast,0.0312532652462582,False,7.0,40.0,60.0
Clomifene,N62,hypertrophy of breast,0.0094147333082599,False,3.0,40.0,60.0
Melatonin,N62,hypertrophy of breast,0.0242510149524375,False,1.0,20.0,20.0
Danazol,N62,hypertrophy of breast,0.0080179107755435,False,3.0,20.0,40.0
Methyltestosterone,N62,hypertrophy of breast,0.0080179107755435,False,0.0,20.0,60.0
Diethylstilbestrol,N80,endometriosis,0.0263282038951725,False,94.0,0.0,100.0
Desogestrel,N80,endometriosis,0.0387148800861432,False,68.0,0.0,100.0
Levonorgestrel,N80,endometriosis,0.0007161670368839,False,303.0,0.0,100.0
Mitotane,N80,endometriosis,0.030371573151216,False,0.0,0.0,100.0
Estrone,N80,endometriosis,0.035998968551564,False,135.0,0.0,85.71428571428571
Ethynodiol diacetate,N80,endometriosis,0.0387148800861432,False,19.0,0.0,100.0
Norgestimate,N80,endometriosis,0.0081711286938895,False,3.0,0.0,100.0
Nandrolone phenpropionate,N80,endometriosis,0.0387148800861432,False,0.0,0.0,100.0
Fluoxymesterone,N80,endometriosis,0.0139670489351344,False,1.0,0.0,100.0
Drospirenone,N80,endometriosis,0.0139670489351344,False,33.0,0.0,100.0
Danazol,N80,endometriosis,5.5584862170697054e-05,True,1037.0,0.0,100.0
Oxybenzone,N80,endometriosis,3.596847145461291e-05,False,1.0,0.0,100.0
Prasterone,N80,endometriosis,0.0150873022157266,False,44.0,0.0,100.0
Benzophenone,N80,endometriosis,0.0387148800861432,False,12.0,0.0,100.0
Equilin,N80,endometriosis,0.0387148800861432,False,1.0,0.0,100.0
Arzoxifene,N80,endometriosis,0.0387148800861432,False,0.0,0.0,100.0
Bazedoxifene,N80,endometriosis,0.0387148800861432,False,11.0,0.0,100.0
Methyltestosterone,N80,endometriosis,0.0408730276648593,False,0.0,0.0,100.0
Eugenol,N80,endometriosis,0.0039844641862616,False,1.0,0.0,100.0
Norgestrel,N80,endometriosis,0.0081711286938895,False,235.0,0.0,100.0
Octocrylene,N80,endometriosis,0.0387148800861432,False,0.0,0.0,100.0
Homosalate,N80,endometriosis,0.0013499833767883,False,0.0,0.0,100.0
Enzacamene,N80,endometriosis,3.596847145461291e-05,False,0.0,0.0,100.0
Gestrinone,N80,endometriosis,0.0003643543403979,True,176.0,0.0,100.0
Eszopiclone,N83,"noninflammatory disorders of ovary, fallopian tube and broad ligament",0.0474322992839115,False,0.0,0.0,28.57142857142857
Triflusal,N83,"noninflammatory disorders of ovary, fallopian tube and broad ligament",0.0178565751885877,False,0.0,0.0,57.14285714285714
Progesterone,N91,"absent, scanty and rare menstruation",0.0291756507715875,False,87.0,0.0,100.0
Desmopressin,N94,pain and conditions associated with female genital organs and menstrual cycle,0.0038201785120934,False,20.0,0.0,20.0
Dihomo-gamma-linolenic acid,N94,pain and conditions associated with female genital organs and menstrual cycle,0.0014868883916653,False,2.0,0.0,80.0
Icosapent,N94,pain and conditions associated with female genital organs and menstrual cycle,0.000188473840234,False,15.0,0.0,60.0
Mesalazine,N94,pain and conditions associated with female genital organs and menstrual cycle,0.008585829995479,False,1.0,0.0,0.0
Dapsone,N94,pain and conditions associated with female genital organs and menstrual cycle,0.0238012724371897,False,3.0,0.0,0.0
Acetaminophen,N94,pain and conditions associated with female genital organs and menstrual cycle,1.0218578866590486e-05,False,41.0,0.0,80.0
Nabumetone,N94,pain and conditions associated with female genital organs and menstrual cycle,0.0025608311121563,False,0.0,0.0,20.0
Ketorolac,N94,pain and conditions associated with female genital organs and menstrual cycle,0.0006128379497781,False,0.0,0.0,100.0
Tenoxicam,N94,pain and conditions associated with female genital organs and menstrual cycle,0.0025608311121563,False,0.0,0.0,20.0
Tolmetin,N94,pain and conditions associated with female genital organs and menstrual cycle,0.0052664505649086,False,0.0,0.0,0.0
Rofecoxib,N94,pain and conditions associated with female genital organs and menstrual cycle,0.008585829995479,False,5.0,0.0,80.0
Piroxicam,N94,pain and conditions associated with female genital organs and menstrual cycle,0.008585829995479,False,5.0,0.0,0.0
Fenoprofen,N94,pain and conditions associated with female genital organs and menstrual cycle,0.0038201785120934,False,1.0,0.0,20.0
Sulindac,N94,pain and conditions associated with female genital organs and menstrual cycle,0.0145856411738086,False,2.0,0.0,0.0
Flurbiprofen,N94,pain and conditions associated with female genital organs and menstrual cycle,0.0145856411738086,False,7.0,0.0,60.0
Etodolac,N94,pain and conditions associated with female genital organs and menstrual cycle,0.0124992118585998,False,0.0,0.0,0.0
Etoposide,N94,pain and conditions associated with female genital organs and menstrual cycle,0.0347327354314841,False,43.0,0.0,0.0
Mefenamic acid,N94,pain and conditions associated with female genital organs and menstrual cycle,0.0038201785120934,False,65.0,0.0,20.0
Naproxen,N94,pain and conditions associated with female genital organs and menstrual cycle,0.0145856411738086,False,61.0,0.0,0.0
Sulfasalazine,N94,pain and conditions associated with female genital organs and menstrual cycle,0.0212490965460008,False,3.0,0.0,20.0
Phenylbutazone,N94,pain and conditions associated with female genital organs and menstrual cycle,0.008585829995479,False,2.0,0.0,0.0
Meloxicam,N94,pain and conditions associated with female genital organs and menstrual cycle,0.0068531711024466,False,11.0,0.0,80.0
Carprofen,N94,pain and conditions associated with female genital organs and menstrual cycle,0.0014868883916653,False,1.0,0.0,80.0
Diflunisal,N94,pain and conditions associated with female genital organs and menstrual cycle,0.0052664505649086,False,1.0,0.0,0.0
Suprofen,N94,pain and conditions associated with female genital organs and menstrual cycle,0.0038201785120934,False,3.0,0.0,20.0
Salicylic acid,N94,pain and conditions associated with female genital organs and menstrual cycle,0.0166674927677325,False,7.0,0.0,40.0
Meclofenamic acid,N94,pain and conditions associated with female genital organs and menstrual cycle,0.0068531711024466,False,13.0,0.0,0.0
Acetylsalicylic acid,N94,pain and conditions associated with female genital organs and menstrual cycle,0.0321072105432218,False,114.0,0.0,20.0
Bromfenac,N94,pain and conditions associated with female genital organs and menstrual cycle,0.0006128379497781,False,0.0,0.0,100.0
Oxaprozin,N94,pain and conditions associated with female genital organs and menstrual cycle,0.0014868883916653,False,0.0,0.0,80.0
Ketoprofen,N94,pain and conditions associated with female genital organs and menstrual cycle,0.0190110738951611,False,4.0,0.0,40.0
Balsalazide,N94,pain and conditions associated with female genital organs and menstrual cycle,0.0038201785120934,False,0.0,0.0,20.0
Thalidomide,N94,pain and conditions associated with female genital organs and menstrual cycle,0.0190110738951611,False,9.0,0.0,80.0
Lumiracoxib,N94,pain and conditions associated with female genital organs and menstrual cycle,0.0052664505649086,False,0.0,0.0,0.0
Magnesium salicylate,N94,pain and conditions associated with female genital organs and menstrual cycle,0.0014868883916653,False,0.0,0.0,80.0
Salsalate,N94,pain and conditions associated with female genital organs and menstrual cycle,0.0006128379497781,False,0.0,0.0,100.0
Choline magnesium trisalicylate,N94,pain and conditions associated with female genital organs and menstrual cycle,0.0006128379497781,False,0.0,0.0,100.0
Antrafenine,N94,pain and conditions associated with female genital organs and menstrual cycle,0.0006128379497781,False,0.0,0.0,100.0
Antipyrine,N94,pain and conditions associated with female genital organs and menstrual cycle,0.0190110738951611,False,8.0,0.0,0.0
Tiaprofenic acid,N94,pain and conditions associated with female genital organs and menstrual cycle,0.0006128379497781,False,1.0,0.0,100.0
Resveratrol,N94,pain and conditions associated with female genital organs and menstrual cycle,0.0018062370108656,False,33.0,0.0,0.0
Niflumic Acid,N94,pain and conditions associated with female genital organs and menstrual cycle,0.008585829995479,False,0.0,0.0,0.0
Rilonacept,N94,pain and conditions associated with female genital organs and menstrual cycle,0.0014868883916653,False,0.0,0.0,80.0
Lornoxicam,N94,pain and conditions associated with female genital organs and menstrual cycle,0.0014868883916653,False,1.0,0.0,80.0
Aceclofenac,N94,pain and conditions associated with female genital organs and menstrual cycle,0.0014868883916653,False,0.0,0.0,80.0
Capsaicin,N94,pain and conditions associated with female genital organs and menstrual cycle,0.0145856411738086,False,13.0,0.0,0.0
Nepafenac,N94,pain and conditions associated with female genital organs and menstrual cycle,0.0006128379497781,False,0.0,0.0,100.0
Cannabidiol,N94,pain and conditions associated with female genital organs and menstrual cycle,0.0001980988417078,False,4.0,0.0,40.0
Loxoprofen,N94,pain and conditions associated with female genital organs and menstrual cycle,0.0006128379497781,False,0.0,0.0,100.0
Dexibuprofen,N94,pain and conditions associated with female genital organs and menstrual cycle,0.008585829995479,False,1.0,0.0,0.0
Dexketoprofen,N94,pain and conditions associated with female genital organs and menstrual cycle,0.0006128379497781,False,2.0,0.0,100.0
Tolfenamic Acid,N94,pain and conditions associated with female genital organs and menstrual cycle,0.0006128379497781,False,2.0,0.0,100.0
Propacetamol,N94,pain and conditions associated with female genital organs and menstrual cycle,1.0341010707686714e-05,False,0.0,0.0,100.0
Talniflumate,N94,pain and conditions associated with female genital organs and menstrual cycle,0.0014868883916653,False,0.0,0.0,80.0
Phenyl salicylate,N94,pain and conditions associated with female genital organs and menstrual cycle,0.0006128379497781,False,0.0,0.0,100.0
Trolamine salicylate,N94,pain and conditions associated with female genital organs and menstrual cycle,0.0006128379497781,False,0.0,0.0,100.0
Menthyl salicylate,N94,pain and conditions associated with female genital organs and menstrual cycle,0.0006128379497781,False,0.0,0.0,100.0
Glycol salicylate,N94,pain and conditions associated with female genital organs and menstrual cycle,0.0006128379497781,False,0.0,0.0,100.0
Ferrous sulfate,N94,pain and conditions associated with female genital organs and menstrual cycle,0.0436682328723327,False,10.0,0.0,0.0
Bufexamac,N94,pain and conditions associated with female genital organs and menstrual cycle,0.0025608311121563,False,0.0,0.0,20.0
Acemetacin,N94,pain and conditions associated with female genital organs and menstrual cycle,0.0025608311121563,False,0.0,0.0,20.0
Nabiximols,N94,pain and conditions associated with female genital organs and menstrual cycle,0.0001755991409233,False,0.0,0.0,40.0
Etonogestrel,N95,menopausal and perimenopausal disorders,0.0458502670625731,False,22.0,0.0,20.0
Desogestrel,N95,menopausal and perimenopausal disorders,0.0336877723922002,False,76.0,0.0,20.0
Ethynodiol diacetate,N95,menopausal and perimenopausal disorders,0.0336877723922002,False,0.0,0.0,20.0
Dienestrol,N95,menopausal and perimenopausal disorders,0.0336877723922002,False,14.0,0.0,20.0
Fulvestrant,N95,menopausal and perimenopausal disorders,0.0458502670625731,False,365.0,0.0,20.0
Allylestrenol,N95,menopausal and perimenopausal disorders,0.0458502670625731,False,3.0,0.0,20.0
Benzophenone,N95,menopausal and perimenopausal disorders,0.0336877723922002,False,12.0,0.0,20.0
Equilin,N95,menopausal and perimenopausal disorders,0.0336877723922002,False,50.0,0.0,20.0
Quinestrol,N95,menopausal and perimenopausal disorders,0.0197436864289855,False,39.0,0.0,0.0
Lasofoxifene,N95,menopausal and perimenopausal disorders,0.0458502670625731,False,57.0,0.0,20.0
Arzoxifene,N95,menopausal and perimenopausal disorders,0.0336877723922002,False,26.0,0.0,20.0
Bazedoxifene,N95,menopausal and perimenopausal disorders,0.0336877723922002,False,259.0,0.0,20.0
"Synthetic Conjugated Estrogens, A",N95,menopausal and perimenopausal disorders,0.0458502670625731,False,7.0,0.0,20.0
"Synthetic Conjugated Estrogens, B",N95,menopausal and perimenopausal disorders,0.0336877723922002,False,3.0,0.0,0.0
Polyestradiol phosphate,N95,menopausal and perimenopausal disorders,0.0197436864289855,False,2.0,0.0,0.0
Norethynodrel,N95,menopausal and perimenopausal disorders,0.0458502670625731,False,31.0,0.0,40.0
Octocrylene,N95,menopausal and perimenopausal disorders,0.0336877723922002,False,0.0,0.0,20.0
Homosalate,N95,menopausal and perimenopausal disorders,0.0458502670625731,False,0.0,0.0,40.0
Lepirudin,N96,habitual aborter,0.0458502670625731,False,0.0,0.0,0.0
Drotrecogin alfa,N96,habitual aborter,0.001298526429611,False,0.0,0.0,0.0
Thrombomodulin Alfa,N96,habitual aborter,3.8353751147133815e-05,False,0.0,0.0,0.0
Anti-inhibitor coagulant complex,N96,habitual aborter,0.0007983726221071,False,0.0,0.0,0.0
Menotropins,N97,female infertility,0.0083359823668226,True,1197.0,0.0,100.0
Choriogonadotropin alfa,N97,female infertility,0.0083359823668226,True,35.0,0.0,100.0
Diethylstilbestrol,N97,female infertility,3.4327598619249675e-05,False,215.0,0.0,100.0
Etonogestrel,N97,female infertility,0.0194170036866856,False,7.0,0.0,100.0
Desogestrel,N97,female infertility,0.0083359823668226,False,29.0,0.0,100.0
Levonorgestrel,N97,female infertility,2.3620606663752655e-05,False,123.0,0.0,100.0
Progesterone,N97,female infertility,0.0002088095251482,False,4691.0,0.0,100.0
Spironolactone,N97,female infertility,0.0127696508265227,False,35.0,0.0,100.0
Lindane,N97,female infertility,0.0053839179597357,False,18.0,0.0,100.0
Raloxifene,N97,female infertility,0.0053839179597357,False,17.0,0.0,100.0
Flutamide,N97,female infertility,0.0040805680047075,False,34.0,0.0,100.0
Mitotane,N97,female infertility,0.002975599918134,False,2.0,0.0,100.0
Estrone,N97,female infertility,0.0017144013469363,False,158.0,0.0,100.0
Tamoxifen,N97,female infertility,0.0003317206308523,False,230.0,0.0,100.0
Ethynodiol diacetate,N97,female infertility,0.0083359823668226,False,13.0,0.0,100.0
Drostanolone,N97,female infertility,0.0194170036866856,False,0.0,0.0,100.0
Norgestimate,N97,female infertility,0.0007630534916492,False,2.0,0.0,100.0
Nandrolone phenpropionate,N97,female infertility,0.0083359823668226,False,0.0,0.0,100.0
Trilostane,N97,female infertility,0.0332309700744359,False,2.0,0.0,0.0
Econazole,N97,female infertility,0.0486463910967169,False,0.0,0.0,100.0
Danazol,N97,female infertility,7.164364834408563e-05,False,280.0,0.0,100.0
Oxybenzone,N97,female infertility,1.088255307898125e-06,False,5.0,0.0,100.0
Allylestrenol,N97,female infertility,0.0194170036866856,False,4.0,0.0,100.0
Prasterone,N97,female infertility,0.0006726934257945,False,430.0,0.0,100.0
Benzophenone,N97,female infertility,0.0083359823668226,False,12.0,0.0,100.0
Estriol,N97,female infertility,0.0486463910967169,False,95.0,0.0,100.0
Phenolphthalein,N97,female infertility,0.0486463910967169,False,3.0,0.0,100.0
Cyproterone acetate,N97,female infertility,0.0194170036866856,False,42.0,0.0,100.0
Permethrin,N97,female infertility,0.0486463910967169,False,1.0,0.0,0.0
Lasofoxifene,N97,female infertility,0.0194170036866856,False,2.0,0.0,100.0
Arzoxifene,N97,female infertility,0.0083359823668226,False,0.0,0.0,100.0
Bazedoxifene,N97,female infertility,0.0083359823668226,False,6.0,0.0,100.0
Methyltestosterone,N97,female infertility,0.0040805680047075,False,18.0,0.0,100.0
Norelgestromin,N97,female infertility,0.0332309700744359,False,1.0,0.0,0.0
Buserelin,N97,female infertility,0.0194170036866856,False,282.0,0.0,100.0
Nandrolone decanoate,N97,female infertility,0.0332309700744359,False,2.0,0.0,0.0
Eugenol,N97,female infertility,0.0003643543403979,False,5.0,0.0,100.0
Dienogest,N97,female infertility,0.0194170036866856,False,51.0,0.0,100.0
Norethynodrel,N97,female infertility,0.0194170036866856,False,28.0,0.0,100.0
Norgestrel,N97,female infertility,0.0007630534916492,False,105.0,0.0,100.0
Octocrylene,N97,female infertility,0.0083359823668226,False,0.0,0.0,100.0
Homosalate,N97,female infertility,0.0001103340720617,False,0.0,0.0,100.0
Enzacamene,N97,female infertility,1.088255307898125e-06,False,0.0,0.0,100.0
Gestrinone,N97,female infertility,0.0013290112889109,False,39.0,0.0,100.0
