ICD	Disease Name	Consensus Name	PubMed_query_name
A00	"cholera;cholera due to vibrio cholerae 01, biovar cholerae;cholera due to vibrio cholerae 01, biovar el tor;cholera, unspecified"	cholera	cholera
A01	"typhoid and paratyphoid fevers;typhoid fever;paratyphoid fever a;paratyphoid fever b;paratyphoid fever c;paratyphoid fever, unspecified"	typhoid and paratyphoid fevers	typhoid and paratyphoid fevers
A02	"other salmonella infections;salmonella gastro-enteritis;salmonella septicaemia;localised salmonella infections;other specified salmonella infections;salmonella infection, unspecified"	salmonella infections	salmonella infections
A03	"shigellosis;shigellosis due to shigella dysenteriae;shigellosis due to shigella flexneri;shigellosis due to shigella boydii;shigellosis due to shigella sonnei;other shigellosis;shigellosis, unspecified"	shigellosis	shigellosis
A04	"other bacterial intestinal infections;enteropathogenic escherichia coli infection;enterotoxigenic escherichia coli infection;enteroinvasive escherichia coli infection;enterohaemorrhagic escherichia coli infection;other intestinal escherichia coli infections;campylobacter enteritis;enteritis due to yersinia enterocolitica;enterocolitis due to clostridium difficile;other specified bacterial intestinal infections;bacterial intestinal infection, unspecified"	bacterial intestinal infections	bacterial intestinal infections
A05	"other bacterial foodborne intoxications;foodborne staphylococcal intoxication;botulism;foodborne clostridium perfringens [clostridium welchii] intoxication;foodborne vibrio parahaemolyticus intoxication;foodborne bacillus cereus intoxication;other specified bacterial foodborne intoxications;bacterial foodborne intoxication, unspecified"	bacterial foodborne intoxications	bacterial foodborne intoxications
A06	"amoebiasis;acute amoebic dysentery;chronic intestinal amoebiasis;amoebic nondysenteric colitis;amoeboma of intestine;amoebic liver abscess;amoebic lung abscess;amoebic brain abscess;cutaneous amoebiasis;amoebic infection of other sites;amoebiasis, unspecified"	amoebiasis	amoebiasis
A07	"other protozoal intestinal diseases;balantidiasis;giardiasis [lambliasis];cryptosporidiosis;isosporiasis;other specified protozoal intestinal diseases;protozoal intestinal disease, unspecified"	protozoal intestinal diseases	protozoal intestinal diseases
A08	"viral and other specified intestinal infections;rotaviral enteritis;acute gastro-enteropathy due to norwalk agent;adenoviral enteritis;other viral enteritis;viral intestinal infection, unspecified;other specified intestinal infections"	viral and specified intestinal infections	viral and specified intestinal infections
A09	diarrhoea and gastro-enteritis of presumed infectious origin;other and unspecified gastroenteritis and colitis of infectious origin;gastroenteritis and colitis of unspecified origin	diarrhoea and gastro-enteritis of presumed infectious origin	diarrhoea and gastro-enteritis of presumed infectious origin
A15	"respiratory tuberculosis, bacteriologically and histologically confirmed;tuberculosis of lung, confirmed by sputum microscopy with or without culture;tuberculosis of lung, confirmed by culture only;tuberculosis of lung, confirmed histologically;tuberculosis of lung, confirmed by unspecified means;tuberculosis of intrathoracic lymph nodes, confirmed bacteriologically and histologically;tuberculosis of larynx, trachea and bronchus, confirmed bacteriologically and histologically;tuberculous pleurisy, confirmed bacteriologically and histologically;primary respiratory tuberculosis, confirmed bacteriologically and histologically;other respiratory tuberculosis, confirmed bacteriologically and histologically;respiratory tuberculosis unspecified, confirmed bacteriologically and histologically"	"respiratory tuberculosis, bacteriologically and histologically confirmed"	"respiratory tuberculosis, bacteriologically and histologically confirmed"
A16	"respiratory tuberculosis, not confirmed bacteriologically or histologically;tuberculosis of lung, bacteriologically and histologically negative;tuberculosis of lung, bacteriological and histological examination not done;tuberculosis of lung, without mention of bacteriological or histological confirmation;tuberculosis of intrathoracic lymph nodes, without mention of bacteriological or histological confirmation;tuberculosis of larynx, trachea and bronchus, without mention of bacteriological or histological confirmation;tuberculous pleurisy, without mention of bacteriological or histological confirmation;primary respiratory tuberculosis without mention of bacteriological or histological confirmation;other respiratory tuberculosis, without mention of bacteriological or histological confirmation;respiratory tuberculosis unspecified, without mention of bacteriological or histological confirmation"	"respiratory tuberculosis, not confirmed bacteriologically or histologically"	respiratory tuberculosis
A17	"tuberculosis of nervous system;tuberculous meningitis;meningeal tuberculoma;other tuberculosis of nervous system;tuberculosis of nervous system, unspecified"	tuberculosis of nervous system	tuberculosis of nervous system
A18	"tuberculosis of other organs;tuberculosis of bones and joints;tuberculosis of genito-urinary system;tuberculous peripheral lymphadenopathy;tuberculosis of intestines, peritoneum and mesenteric glands;tuberculosis of skin and subcutaneous tissue;tuberculosis of eye;tuberculosis of ear;tuberculosis of adrenal glands;tuberculosis of other specified organs"	tuberculosis of organs	tuberculosis of organs
A19	"miliary tuberculosis;acute miliary tuberculosis of a single specified site;acute miliary tuberculosis of multiple sites;acute miliary tuberculosis, unspecified;other miliary tuberculosis;miliary tuberculosis, unspecified"	miliary tuberculosis	miliary tuberculosis
A20	"plague;bubonic plague;cellulocutaneous plague;pneumonic plague;plague meningitis;septicaemic plague;other forms of plague;plague, unspecified"	plague	plague
A21	"tularaemia;ulceroglandular tularaemia;oculoglandular tularaemia;pulmonary tularaemia;gastro-intestinal tularaemia;generalised tularaemia;other forms of tularaemia;tularaemia, unspecified"	tularaemia	tularaemia
A22	"anthrax;cutaneous anthrax;pulmonary anthrax;gastro-intestinal anthrax;anthrax septicaemia;other forms of anthrax;anthrax, unspecified"	anthrax	anthrax
A23	"brucellosis;brucellosis due to brucella melitensis;brucellosis due to brucella abortus;brucellosis due to brucella suis;brucellosis due to brucella canis;other brucellosis;brucellosis, unspecified"	brucellosis	brucellosis
A24	"glanders and melioidosis;glanders;acute and fulminating melioidosis;subacute and chronic melioidosis;other melioidosis;melioidosis, unspecified"	glanders and melioidosis	glanders and melioidosis
A25	"rat-bite fevers;spirillosis;streptobacillosis;rat-bite fever, unspecified"	rat-bite fevers	rat-bite fevers
A26	"erysipeloid;cutaneous erysipeloid;erysipelothrix septicaemia;other forms of erysipeloid;erysipeloid, unspecified"	erysipeloid	erysipeloid
A27	"leptospirosis;leptospirosis icterohaemorrhagica;other forms of leptospirosis;leptospirosis, unspecified"	leptospirosis	leptospirosis
A28	"other zoonotic bacterial diseases, not elsewhere classified;pasteurellosis;cat-scratch disease;extraintestinal yersiniosis;other specified zoonotic bacterial diseases, not elsewhere classified;zoonotic bacterial disease, unspecified"	"zoonotic bacterial diseases, not elsewhere classified"	zoonotic bacterial diseases
A30	"leprosy [hansen's disease];indeterminate leprosy;tuberculoid leprosy;borderline tuberculoid leprosy;borderline leprosy;borderline lepromatous leprosy;lepromatous leprosy;other forms of leprosy;leprosy, unspecified"	leprosy [hansen's disease]	leprosy [hansen's disease]
A31	"infection due to other mycobacteria;pulmonary mycobacterial infection;cutaneous mycobacterial infection;other mycobacterial infections;mycobacterial infection, unspecified"	mycobacterial infections	mycobacterial infections
A32	"listeriosis;cutaneous listeriosis;listerial meningitis and meningoencephalitis;listerial septicaemia;other forms of listeriosis;listeriosis, unspecified"	listeriosis	listeriosis
A33	tetanus neonatorum	tetanus neonatorum	tetanus neonatorum
A34	obstetrical tetanus	obstetrical tetanus	obstetrical tetanus
A35	other tetanus	tetanus	tetanus
A36	"diphtheria;pharyngeal diphtheria;nasopharyngeal diphtheria;laryngeal diphtheria;cutaneous diphtheria;other diphtheria;diphtheria, unspecified"	diphtheria	diphtheria
A37	"whooping cough;whooping cough due to bordetella pertussis;whooping cough due to bordetella parapertussis;whooping cough due to other bordetella species;whooping cough, unspecified"	whooping cough	whooping cough
A38	scarlet fever	scarlet fever	scarlet fever
A39	"meningococcal infection;meningococcal meningitis;waterhouse-friderichsen syndrome;acute meningococcaemia;chronic meningococcaemia;meningococcaemia, unspecified;meningococcal heart disease;other meningococcal infections;meningococcal infection, unspecified"	meningococcal infection	meningococcal infection
A40	"streptococcal septicaemia;septicaemia due to streptococcus, group a;septicaemia due to streptococcus, group b;septicaemia due to streptococcus, group d;septicaemia due to streptococcus pneumoniae;other streptococcal septicaemia;streptococcal septicaemia, unspecified"	streptococcal septicaemia	streptococcal septicaemia
A41	"other septicaemia;septicaemia due to staphylococcus aureus;septicaemia due to other specified staphylococcus;septicaemia due to unspecified staphylococcus;septicaemia due to haemophilus influenzae;septicaemia due to anaerobes;septicaemia due to other gram-negative organisms;other specified septicaemia;septicaemia, unspecified"	septicaemia	septicaemia
A42	"actinomycosis;pulmonary actinomycosis;abdominal actinomycosis;cervicofacial actinomycosis;actinomycotic septicaemia;other forms of actinomycosis;actinomycosis, unspecified"	actinomycosis	actinomycosis
A43	"nocardiosis;pulmonary nocardiosis;cutaneous nocardiosis;other forms of nocardiosis;nocardiosis, unspecified"	nocardiosis	nocardiosis
A44	"bartonellosis;systemic bartonellosis;cutaneous and mucocutaneous bartonellosis;other forms of bartonellosis;bartonellosis, unspecified"	bartonellosis	bartonellosis
A46	erysipelas	erysipelas	erysipelas
A48	"other bacterial diseases, not elsewhere classified;gas gangrene;legionnaires' disease;nonpneumonic legionnaires' disease [pontiac fever];toxic shock syndrome;brazilian purpuric fever;other specified bacterial diseases"	"bacterial diseases, not elsewhere classified"	bacterial diseases
A49	"bacterial infection of unspecified site;staphylococcal infection, unspecified;streptococcal infection, unspecified;haemophilus influenzae infection, unspecified;mycoplasma infection, unspecified;other bacterial infections of unspecified site;bacterial infection, unspecified"	bacterial infection of site	bacterial infection of site
A50	"congenital syphilis;early congenital syphilis, symptomatic;early congenital syphilis, latent;early congenital syphilis, unspecified;late congenital syphilitic oculopathy;late congenital neurosyphilis [juvenile neurosyphilis];other late congenital syphilis, symptomatic;late congenital syphilis, latent;late congenital syphilis, unspecified;congenital syphilis, unspecified"	congenital syphilis	congenital syphilis
A51	"early syphilis;primary genital syphilis;primary anal syphilis;primary syphilis of other sites;secondary syphilis of skin and mucous membranes;other secondary syphilis;early syphilis, latent;early syphilis, unspecified"	early syphilis	early syphilis
A52	"late syphilis;cardiovascular syphilis;symptomatic neurosyphilis;asymptomatic neurosyphilis;neurosyphilis, unspecified;other symptomatic late syphilis;late syphilis, latent;late syphilis, unspecified"	late syphilis	late syphilis
A53	"other and unspecified syphilis;latent syphilis, unspecified as early or late;syphilis, unspecified"	syphilis	syphilis
A54	"gonococcal infection;gonococcal infection of lower genito-urinary tract without periurethral or accessory gland abscess;gonococcal infection of lower genito-urinary tract with periurethral and accessory gland abscess;gonococcal pelviperitonitis and other gonococcal genito-urinary infections;gonococcal infection of eye;gonococcal infection of musculoskeletal system;gonococcal pharyngitis;gonococcal infection of anus and rectum;other gonococcal infections;gonococcal infection, unspecified"	gonococcal infection	gonococcal infection
A55	chlamydial lymphogranuloma (venereum)	chlamydial lymphogranuloma (venereum)	chlamydial lymphogranuloma (venereum)
A56	"other sexually transmitted chlamydial diseases;chlamydial infection of lower genito-urinary tract;chlamydial infection of pelviperitoneum and other genito-urinary organs;chlamydial infection of genito-urinary tract, unspecified;chlamydial infection of anus and rectum;chlamydial infection of pharynx;sexually transmitted chlamydial infection of other sites"	sexually transmitted chlamydial diseases	sexually transmitted chlamydial diseases
A57	chancroid	chancroid	chancroid
A58	granuloma inguinale	granuloma inguinale	granuloma inguinale
A59	"trichomoniasis;urogenital trichomoniasis;trichomoniasis of other sites;trichomoniasis, unspecified"	trichomoniasis	trichomoniasis
A60	"anogenital herpesviral [herpes simplex] infections;herpesviral infection of genitalia and urogenital tract;herpesviral infection of perianal skin and rectum;anogenital herpesviral infection, unspecified"	anogenital herpesviral [herpes simplex] infections	anogenital herpesviral [herpes simplex] infections
A63	"other predominantly sexually transmitted diseases, not elsewhere classified;anogenital (venereal) warts;other specified predominantly sexually transmitted diseases"	"predominantly sexually transmitted diseases, not elsewhere classified"	sexually transmitted diseases
A64	unspecified sexually transmitted disease	unspecified sexually transmitted disease	sexually transmitted disease
A65	non-venereal syphilis	non-venereal syphilis	non-venereal syphilis
A66	"yaws;initial lesions of yaws;multiple papillomata and wet crab yaws;other early skin lesions of yaws;hyperkeratosis of yaws;gummata and ulcers of yaws;gangosa;bone and joint lesions of yaws;other manifestations of yaws;latent yaws;yaws, unspecified"	yaws	yaws
A67	"pinta [carate];primary lesions of pinta;intermediate lesions of pinta;late lesions of pinta;mixed lesions of pinta;pinta, unspecified"	pinta [carate]	pinta [carate]
A68	"relapsing fevers;louse-borne relapsing fever;tick-borne relapsing fever;relapsing fever, unspecified"	relapsing fevers	relapsing fevers
A69	"other spirochaetal infections;necrotising ulcerative stomatitis;other vincent's infections;lyme disease;other specified spirochaetal infections;spirochaetal infection, unspecified"	spirochaetal infections	spirochaetal infections
A70	chlamydia psittaci infection	chlamydia psittaci infection	chlamydia psittaci infection
A71	"trachoma;initial stage of trachoma;active stage of trachoma;trachoma, unspecified"	trachoma	trachoma
A74	"other diseases caused by chlamydiae;chlamydial conjunctivitis;other chlamydial diseases;chlamydial infection, unspecified"	chlamydial diseases	chlamydial diseases
A75	"typhus fever;epidemic louse-borne typhus fever due to rickettsia prowazekii;recrudescent typhus [brill's disease];typhus fever due to rickettsia typhi;typhus fever due to rickettsia tsutsugamushi;typhus fever, unspecified"	typhus fever	typhus fever
A77	"spotted fever [tick-borne rickettsioses];spotted fever due to rickettsia rickettsii;spotted fever due to rickettsia conorii;spotted fever due to rickettsia siberica;spotted fever due to rickettsia australis;other spotted fevers;spotted fever, unspecified"	spotted fever [tick-borne rickettsioses]	spotted fever [tick-borne rickettsioses]
A78	q fever	q fever	q fever
A79	"other rickettsioses;trench fever;rickettsialpox due to rickettsia akari;other specified rickettsioses;rickettsiosis, unspecified"	rickettsioses	rickettsioses
A80	"acute poliomyelitis;acute paralytic poliomyelitis, vaccine-associated;acute paralytic poliomyelitis, wild virus, imported;acute paralytic poliomyelitis, wild virus, indigenous;acute paralytic poliomyelitis, other and unspecified;acute nonparalytic poliomyelitis;acute poliomyelitis, unspecified"	acute poliomyelitis	acute poliomyelitis
A81	"atypical virus infections of central nervous system;creutzfeldt-jakob disease;subacute sclerosing panencephalitis;progressive multifocal leukoencephalopathy;other atypical virus infections of central nervous system;atypical virus infection of central nervous system, unspecified"	atypical virus infections of central nervous system	atypical virus infections of central nervous system
A82	"rabies;sylvatic rabies;urban rabies;rabies, unspecified"	rabies	rabies
A83	"mosquito-borne viral encephalitis;japanese encephalitis;western equine encephalitis;eastern equine encephalitis;st. louis encephalitis;australian encephalitis;california encephalitis;rocio virus disease;other mosquito-borne viral encephalitis;mosquito-borne viral encephalitis, unspecified"	mosquito-borne viral encephalitis	mosquito-borne viral encephalitis
A84	"tick-borne viral encephalitis;far eastern tick-borne encephalitis [russian spring-summer encephalitis];central european tick-borne encephalitis;other tick-borne viral encephalitis;tick-borne viral encephalitis, unspecified"	tick-borne viral encephalitis	tick-borne viral encephalitis
A85	"other viral encephalitis, not elsewhere classified;enteroviral encephalitis;adenoviral encephalitis;arthropod-borne viral encephalitis, unspecified;other specified viral encephalitis"	"viral encephalitis, not elsewhere classified"	viral encephalitis
A86	unspecified viral encephalitis	unspecified viral encephalitis	viral encephalitis
A87	"viral meningitis;enteroviral meningitis;adenoviral meningitis;lymphocytic choriomeningitis;other viral meningitis;viral meningitis, unspecified"	viral meningitis	viral meningitis
A88	"other viral infections of central nervous system, not elsewhere classified;enteroviral exanthematous fever [boston exanthem];epidemic vertigo;other specified viral infections of central nervous system"	"viral infections of central nervous system, not elsewhere classified"	viral infections of central nervous system
A89	unspecified viral infection of central nervous system	unspecified viral infection of central nervous system	viral infection of central nervous system
A90	dengue fever [classical dengue]	dengue fever [classical dengue]	dengue fever [classical dengue]
A91	dengue haemorrhagic fever	dengue haemorrhagic fever	dengue haemorrhagic fever
A92	"other mosquito-borne viral fevers;chikungunya virus disease;o'nyong-nyong fever;venezuelan equine fever;west nile fever;rift valley fever;zika virus disease;other specified mosquito-borne viral fevers;mosquito-borne viral fever, unspecified"	mosquito-borne viral fevers	mosquito-borne viral fevers
A93	"other arthropod-borne viral fevers, not elsewhere classified;oropouche virus disease;sandfly fever;colorado tick fever;other specified arthropod-borne viral fevers"	specified arthropod-borne viral fevers	specified arthropod-borne viral fevers
A94	unspecified arthropod-borne viral fever	unspecified arthropod-borne viral fever	arthropod-borne viral fever
A95	"yellow fever;sylvatic yellow fever;urban yellow fever;yellow fever, unspecified"	yellow fever	yellow fever
A96	"arenaviral haemorrhagic fever;junin haemorrhagic fever;machupo haemorrhagic fever;lassa fever;other arenaviral haemorrhagic fevers;arenaviral haemorrhagic fever, unspecified"	arenaviral haemorrhagic fever	arenaviral haemorrhagic fever
A97	"dengue;dengue without warning signs;dengue with warning signs;severe dengue;dengue,  unspecified"	dengue	dengue
A98	"other viral haemorrhagic fevers, not elsewhere classified;crimean-congo haemorrhagic fever;omsk haemorrhagic fever;kyasanur forest disease;marburg virus disease;ebola virus disease;haemorrhagic fever with renal syndrome;other specified viral haemorrhagic fevers"	"viral haemorrhagic fevers, not elsewhere classified"	viral haemorrhagic fevers
A99	unspecified viral haemorrhagic fever	unspecified viral haemorrhagic fever	viral haemorrhagic fever
B00	"herpesviral [herpes simplex] infections;eczema herpeticum;herpesviral vesicular dermatitis;herpesviral gingivostomatitis and pharyngotonsillitis;herpesviral meningitis;herpesviral encephalitis;herpesviral ocular disease;disseminated herpesviral disease;other forms of herpesviral infection;herpesviral infection, unspecified"	herpesviral [herpes simplex] infections	herpesviral [herpes simplex] infections
B01	varicella [chickenpox];varicella meningitis;varicella encephalitis;varicella pneumonia;varicella with other complications;varicella without complications	varicella [chickenpox]	varicella [chickenpox]
B02	zoster [herpes zoster];zoster encephalitis;zoster meningitis;zoster with other nervous system involvement;zoster ocular disease;disseminated zoster;zoster with other complications;zoster without complication	zoster [herpes zoster]	zoster [herpes zoster]
B03	smallpox	smallpox	smallpox
B04	monkeypox	monkeypox	monkeypox
B05	measles;measles complicated by encephalitis;measles complicated by meningitis;measles complicated by pneumonia;measles complicated by otitis media;measles with intestinal complications;measles with other complications;measles without complication	measles	measles
B06	rubella [german measles];rubella with neurological complications;rubella with other complications;rubella without complication	rubella [german measles]	rubella [german measles]
B07	viral warts	viral warts	viral warts
B08	"other viral infections characterised by skin and mucous membrane lesions, not elsewhere classified;other orthopoxvirus infections;molluscum contagiosum;exanthema subitum [sixth disease];erythema infectiosum [fifth disease];enteroviral vesicular stomatitis with exanthem;enteroviral vesicular pharyngitis;other specified viral infections characterised by skin and mucous membrane lesions"	specified viral infections characterised by skin and mucous membrane lesions	specified viral infections characterised by skin and mucous membrane lesions
B09	unspecified viral infection characterised by skin and mucous membrane lesions	unspecified viral infection characterised by skin and mucous membrane lesions	viral infection characterised by skin and mucous membrane lesions
B15	acute hepatitis a;hepatitis a with hepatic coma;hepatitis a without hepatic coma	acute hepatitis a	acute hepatitis a
B16	acute hepatitis b;acute hepatitis b with delta-agent (coinfection) with hepatic coma;acute hepatitis b with delta-agent (coinfection) without hepatic coma;acute hepatitis b without delta-agent with hepatic coma;acute hepatitis b without delta-agent and without hepatic coma	acute hepatitis b	acute hepatitis b
B17	"other acute viral hepatitis;acute delta-(super) infection of hepatitis b carrier;acute hepatitis c;acute hepatitis e;other specified acute viral hepatitis;acute viral hepatitis, unspecified"	acute viral hepatitis	acute viral hepatitis
B18	"chronic viral hepatitis;chronic viral hepatitis b with delta-agent;chronic viral hepatitis b without delta-agent;chronic viral hepatitis c;other chronic viral hepatitis;chronic viral hepatitis, unspecified"	chronic viral hepatitis	chronic viral hepatitis
B19	unspecified viral hepatitis;unspecified viral hepatitis with coma;unspecified viral hepatitis without coma	unspecified viral hepatitis	viral hepatitis
B20	human immunodeficiency virus [hiv] disease resulting in infectious and parasitic diseases;hiv disease resulting in mycobacterial infection;hiv disease resulting in other bacterial infections;hiv disease resulting in cytomegaloviral disease;hiv disease resulting in other viral infections;hiv disease resulting in candidiasis;hiv disease resulting in other mycoses;hiv disease resulting in pneumocystis carinii pneumonia;hiv disease resulting in multiple infections;hiv disease resulting in other infectious and parasitic diseases;hiv disease resulting in unspecified infectious or parasitic disease	human immunodeficiency virus [hiv] disease resulting in infectious and parasitic diseases	human immunodeficiency virus [hiv] disease resulting in infectious and parasitic diseases
B21	"human immunodeficiency virus [hiv] disease resulting in malignant neoplasms;hiv disease resulting in kaposi's sarcoma;hiv disease resulting in burkitt's lymphoma;hiv disease resulting in other types of non-hodgkin's lymphoma;hiv disease resulting in other malignant neoplasms of lymphoid, haematopoietic and related tissue;hiv disease resulting in multiple malignant neoplasms;hiv disease resulting in other malignant neoplasms;hiv disease resulting in unspecified malignant neoplasm"	human immunodeficiency virus [hiv] disease resulting in malignant neoplasms	human immunodeficiency virus [hiv] disease resulting in malignant neoplasms
B22	human immunodeficiency virus [hiv] disease resulting in other specified diseases;hiv disease resulting in encephalopathy;hiv disease resulting in lymphoid interstitial pneumonitis;hiv disease resulting in wasting syndrome;hiv disease resulting in multiple diseases classified elsewhere	human immunodeficiency virus [hiv] disease resulting in specified diseases	human immunodeficiency virus [hiv] disease resulting in specified diseases
B23	"human immunodeficiency virus [hiv] disease resulting in other conditions;acute hiv infection syndrome;hiv disease resulting in (persistent) generalised lymphadenopathy;hiv disease resulting in haematological and immunological abnormalities, not elsewhere classified;hiv disease resulting in other specified conditions"	human immunodeficiency virus [hiv] disease resulting in conditions	human immunodeficiency virus [hiv] disease resulting in conditions
B24	unspecified human immunodeficiency virus [hiv] disease	unspecified human immunodeficiency virus [hiv] disease	human immunodeficiency virus [hiv] disease
B25	"cytomegaloviral disease;cytomegaloviral pneumonitis;cytomegaloviral hepatitis;cytomegaloviral pancreatitis;other cytomegaloviral diseases;cytomegaloviral disease, unspecified"	cytomegaloviral disease	cytomegaloviral disease
B26	mumps;mumps orchitis;mumps meningitis;mumps encephalitis;mumps pancreatitis;mumps with other complications;mumps without complication	mumps	mumps
B27	"infectious mononucleosis;gammaherpesviral mononucleosis;cytomegaloviral mononucleosis;other infectious mononucleosis;infectious mononucleosis, unspecified"	infectious mononucleosis	infectious mononucleosis
B30	"viral conjunctivitis;keratoconjunctivitis due to adenovirus;conjunctivitis due to adenovirus;viral pharyngoconjunctivitis;acute epidemic haemorrhagic conjunctivitis (enteroviral);other viral conjunctivitis;viral conjunctivitis, unspecified"	viral conjunctivitis	viral conjunctivitis
B33	"other viral diseases, not elsewhere classified;epidemic myalgia;ross river disease;viral carditis;retrovirus infections, not elsewhere classified;hantavirus (cardio-)pulmonary syndrome [hps] [hcps];other specified viral diseases"	"viral diseases, not elsewhere classified"	viral diseases
B34	"viral infection of unspecified site;adenovirus infection, unspecified;enterovirus infection, unspecified;coronavirus infection, unspecified;parvovirus infection, unspecified;papovirus infection, unspecified;other viral infections of unspecified site;viral infection, unspecified"	viral infection of site	viral infection of site
B35	"dermatophytosis;tinea barbae and tinea capitis;tinea unguium;tinea manuum;tinea pedis;tinea corporis;tinea imbricata;tinea cruris;other dermatophytoses;dermatophytosis, unspecified"	dermatophytosis	dermatophytosis
B36	"other superficial mycoses;pityriasis versicolor;tinea nigra;white piedra;black piedra;other specified superficial mycoses;superficial mycosis, unspecified"	superficial mycoses	superficial mycoses
B37	"candidiasis;candidal stomatitis;pulmonary candidiasis;candidiasis of skin and nail;candidiasis of vulva and vagina;candidiasis of other urogenital sites;candidal meningitis;candidal endocarditis;candidal septicaemia;candidiasis of other sites;candidiasis, unspecified"	candidiasis	candidiasis
B38	"coccidioidomycosis;acute pulmonary coccidioidomycosis;chronic pulmonary coccidioidomycosis;pulmonary coccidioidomycosis, unspecified;cutaneous coccidioidomycosis;coccidioidomycosis meningitis;disseminated coccidioidomycosis;other forms of coccidioidomycosis;coccidioidomycosis, unspecified"	coccidioidomycosis	coccidioidomycosis
B39	"histoplasmosis;acute pulmonary histoplasmosis capsulati;chronic pulmonary histoplasmosis capsulati;pulmonary histoplasmosis capsulati, unspecified;disseminated histoplasmosis capsulati;histoplasmosis capsulati, unspecified;histoplasmosis duboisii;histoplasmosis, unspecified"	histoplasmosis	histoplasmosis
B40	"blastomycosis;acute pulmonary blastomycosis;chronic pulmonary blastomycosis;pulmonary blastomycosis, unspecified;cutaneous blastomycosis;disseminated blastomycosis;other forms of blastomycosis;blastomycosis, unspecified"	blastomycosis	blastomycosis
B41	"paracoccidioidomycosis;pulmonary paracoccidioidomycosis;disseminated paracoccidioidomycosis;other forms of paracoccidioidomycosis;paracoccidioidomycosis, unspecified"	paracoccidioidomycosis	paracoccidioidomycosis
B42	"sporotrichosis;pulmonary sporotrichosis;lymphocutaneous sporotrichosis;disseminated sporotrichosis;other forms of sporotrichosis;sporotrichosis, unspecified"	sporotrichosis	sporotrichosis
B43	"chromomycosis and phaeomycotic abscess;cutaneous chromomycosis;phaeomycotic brain abscess;subcutaneous phaeomycotic abscess and cyst;other forms of chromomycosis;chromomycosis, unspecified"	chromomycosis and phaeomycotic abscess	chromomycosis and phaeomycotic abscess
B44	"aspergillosis;invasive pulmonary aspergillosis;other pulmonary aspergillosis;tonsillar aspergillosis;disseminated aspergillosis;other forms of aspergillosis;aspergillosis, unspecified"	aspergillosis	aspergillosis
B45	"cryptococcosis;pulmonary cryptococcosis;cerebral cryptococcosis;cutaneous cryptococcosis;osseous cryptococcosis;disseminated cryptococcosis;other forms of cryptococcosis;cryptococcosis, unspecified"	cryptococcosis	cryptococcosis
B46	"zygomycosis;pulmonary mucormycosis;rhinocerebral mucormycosis;gastro-intestinal mucormycosis;cutaneous mucormycosis;disseminated mucormycosis;mucormycosis, unspecified;other zygomycoses;zygomycosis, unspecified"	zygomycosis	zygomycosis
B47	"mycetoma;eumycetoma;actinomycetoma;mycetoma, unspecified"	mycetoma	mycetoma
B48	"other mycoses, not elsewhere classified;lobomycosis;rhinosporidiosis;allescheriasis;geotrichosis;penicillosis;pneumocystosis;opportunistic mycoses;other specified mycoses"	"mycoses, not elsewhere classified"	mycoses
B49	unspecified mycosis	unspecified mycosis	mycosis
B50	"plasmodium falciparum malaria;plasmodium falciparum malaria with cerebral complications;other severe and complicated plasmodium falciparum malaria;plasmodium falciparum malaria, unspecified"	plasmodium falciparum malaria	plasmodium falciparum malaria
B51	plasmodium vivax malaria;plasmodium vivax malaria with rupture of spleen;plasmodium vivax malaria with other complications;plasmodium vivax malaria without complication	plasmodium vivax malaria	plasmodium vivax malaria
B52	plasmodium malariae malaria;plasmodium malariae malaria with nephropathy;plasmodium malariae malaria with other complications;plasmodium malariae malaria without complication	plasmodium malariae malaria	plasmodium malariae malaria
B53	"other parasitologically confirmed malaria;plasmodium ovale malaria;malaria due to simian plasmodia;other parasitologically confirmed malaria, not elsewhere classified"	parasitologically confirmed malaria	parasitologically confirmed malaria
B54	unspecified malaria	unspecified malaria	malaria
B55	"leishmaniasis;visceral leishmaniasis;cutaneous leishmaniasis;mucocutaneous leishmaniasis;leishmaniasis, unspecified"	leishmaniasis	leishmaniasis
B56	"african trypanosomiasis;gambiense trypanosomiasis;rhodesiense trypanosomiasis;african trypanosomiasis, unspecified"	african trypanosomiasis	african trypanosomiasis
B57	chagas' disease;acute chagas' disease with heart involvement;acute chagas' disease without heart involvement;chagas' disease (chronic) with heart involvement;chagas' disease (chronic) with digestive system involvement;chagas' disease (chronic) with nervous system involvement;chagas' disease (chronic) with other organ involvement	chagas' disease	chagas' disease
B58	"toxoplasmosis;toxoplasma oculopathy;toxoplasma hepatitis;toxoplasma meningoencephalitis;pulmonary toxoplasmosis;toxoplasmosis with other organ involvement;toxoplasmosis, unspecified"	toxoplasmosis	toxoplasmosis
B59	pneumocystosis	pneumocystosis	pneumocystosis
B60	"other protozoal diseases, not elsewhere classified;babesiosis;acanthamoebiasis;negleriasis;other specified protozoal diseases"	"protozoal diseases, not elsewhere classified"	protozoal diseases
B64	unspecified protozoal disease	unspecified protozoal disease	protozoal disease
B65	"schistosomiasis [bilharziasis];schistosomiasis due to schistosoma haematobium [urinary schistosomiasis];schistosomiasis due to schistosoma mansoni [intestinal schistosomiasis];schistosomiasis due to schistosoma japonicum;cercarial dermatitis;other schistosomiases;schistosomiasis, unspecified"	schistosomiasis [bilharziasis]	schistosomiasis [bilharziasis]
B66	"other fluke infections;opisthorchiasis;clonorchiasis;dicroceliasis;fascioliasis;paragonimiasis;fasciolopsiasis;other specified fluke infections;fluke infection, unspecified"	fluke infections	fluke infections
B67	"echinococcosis;echinococcus granulosus infection of liver;echinococcus granulosus infection of lung;echinococcus granulosus infection of bone;echinococcus granulosus infection, other and multiple sites;echinococcus granulosus infection, unspecified;echinococcus multilocularis infection of liver;echinococcus multilocularis infection, other and multiple sites;echinococcus multilocularis infection, unspecified;echinococcosis, unspecified, of liver;echinococcosis, other and unspecified"	echinococcosis	echinococcosis
B68	"taeniasis;taenia solium taeniasis;taenia saginata taeniasis;taeniasis, unspecified"	taeniasis	taeniasis
B69	"cysticercosis;cysticercosis of central nervous system;cysticercosis of eye;cysticercosis of other sites;cysticercosis, unspecified"	cysticercosis	cysticercosis
B70	diphyllobothriasis and sparganosis;diphyllobothriasis;sparganosis	diphyllobothriasis	diphyllobothriasis
B71	"other cestode infections;hymenolepiasis;dipylidiasis;other specified cestode infections;cestode infection, unspecified"	cestode infections	cestode infections
B72	dracunculiasis	dracunculiasis	dracunculiasis
B73	onchocerciasis	onchocerciasis	onchocerciasis
B74	"filariasis;filariasis due to wuchereria bancrofti;filariasis due to brugia malayi;filariasis due to brugia timori;loiasis;mansonelliasis;other filariases;filariasis, unspecified"	filariasis	filariasis
B75	trichinellosis	trichinellosis	trichinellosis
B76	"hookworm diseases;ankylostomiasis;necatoriasis;other hookworm diseases;hookworm disease, unspecified"	hookworm diseases	hookworm diseases
B77	"ascariasis;ascariasis with intestinal complications;ascariasis with other complications;ascariasis, unspecified"	ascariasis	ascariasis
B78	"strongyloidiasis;intestinal strongyloidiasis;cutaneous strongyloidiasis;disseminated strongyloidiasis;strongyloidiasis, unspecified"	strongyloidiasis	strongyloidiasis
B79	trichuriasis	trichuriasis	trichuriasis
B80	enterobiasis	enterobiasis	enterobiasis
B81	"other intestinal helminthiases, not elsewhere classified;anisakiasis;intestinal capillariasis;trichostrongyliasis;intestinal angiostrongyliasis;mixed intestinal helminthiases;other specified intestinal helminthiases"	"intestinal helminthiases, not elsewhere classified"	intestinal helminthiases
B82	"unspecified intestinal parasitism;intestinal helminthiasis, unspecified;intestinal parasitism, unspecified"	unspecified intestinal parasitism	intestinal parasitism
B83	"other helminthiases;visceral larva migrans;gnathostomiasis;angiostrongyliasis due to parastrongylus cantonensis;syngamiasis;internal hirudiniasis;other specified helminthiases;helminthiasis, unspecified"	helminthiases	helminthiases
B85	"pediculosis and phthiriasis;pediculosis due to pediculus humanus capitis;pediculosis due to pediculus humanus corporis;pediculosis, unspecified;phthiriasis;mixed pediculosis and phthiriasis"	pediculosis and phthiriasis	pediculosis and phthiriasis
B86	scabies	scabies	scabies
B87	"myiasis;cutaneous myiasis;wound myiasis;ocular myiasis;nasopharyngeal myiasis;aural myiasis;myiasis of other sites;myiasis, unspecified"	myiasis	myiasis
B88	"other infestations;other acariasis;tungiasis [sand flea infestation];other arthropod infestations;external hirudiniasis;other specified infestations;infestation, unspecified"	infestations	infestations
B89	unspecified parasitic disease	unspecified parasitic disease	parasitic disease
B90	sequelae of tuberculosis;sequelae of central nervous system tuberculosis;sequelae of genito-urinary tuberculosis;sequelae of tuberculosis of bones and joints;sequelae of tuberculosis of other organs;sequelae of respiratory and unspecified tuberculosis	sequelae of tuberculosis	sequelae of tuberculosis
B91	sequelae of poliomyelitis	sequelae of poliomyelitis	sequelae of poliomyelitis
B92	sequelae of leprosy	sequelae of leprosy	sequelae of leprosy
B94	sequelae of other and unspecified infectious and parasitic diseases;sequelae of trachoma;sequelae of viral encephalitis;sequelae of viral hepatitis;sequelae of other specified infectious and parasitic diseases;sequelae of unspecified infectious or parasitic disease	sequelae of specified infectious and parasitic diseases	sequelae of specified infectious and parasitic diseases
B95	"streptococcus and staphylococcus as the cause of diseases classified to other chapters;streptococcus, group a, as the cause of diseases classified to other chapters;streptococcus, group b, as the cause of diseases classified to other chapters;streptococcus, group d, as the cause of diseases classified to other chapters;streptococcus pneumoniae as the cause of diseases classified to other chapters;other streptococcus as the cause of diseases classified to other chapters;unspecified streptococcus as the cause of diseases classified to other chapters;staphylococcus aureus as the cause of diseases classified to other chapters;other staphylococcus as the cause of diseases classified to other chapters;unspecified staphylococcus as the cause of diseases classified to other chapters"	streptococcus and staphylococcus as the cause of diseases classified to chapters	streptococcus and staphylococcus as the cause of diseases classified to chapters
B96	other bacterial agents as the cause of diseases classified to other chapters;mycoplasma pneumoniae [m. pneumoniae] as the cause of diseases classified to other chapters;klebsiella pneumoniae [k. pneumoniae] as the cause of diseases classified to other chapters;escherichia coli [e. coli] as the cause of diseases classified to other chapters;haemophilus influenzae [h. influenzae] as the cause of diseases classified to other chapters;proteus (mirabilis)(morganii) as the cause of diseases classified to other chapters;pseudomonas (aeruginosa)(mallei)(pseudomallei) as the cause of diseases classified to other chapters;bacillus fragilis [b. fragilis] as the cause of diseases classified to other chapters;clostridium perfringens [c. perfringens] as the cause of diseases classified to other chapters;other specified bacterial agents as the cause of diseases classified to other chapters	bacterial agents as the cause of diseases classified to chapters	bacterial agents as the cause of diseases classified to chapters
B97	viral agents as the cause of diseases classified to other chapters;adenovirus as the cause of diseases classified to other chapters;enterovirus as the cause of diseases classified to other chapters;coronavirus as the cause of diseases classified to other chapters;retrovirus as the cause of diseases classified to other chapters;respiratory synctial virus as the cause of diseases classified to other chapters;reovirus as the cause of diseases classified to other chapters;parvovirus as the cause of diseases classified to other chapters;papillomavirus as the cause of diseases classified to other chapters;other viral agents as the cause of diseases classified to other chapters	viral agents as the cause of diseases classified to chapters	viral agents as the cause of diseases classified to chapters
B98	other specified infectious agents as the cause of diseases classified to other chapters;helicobacter pylori [h.pylori] as the cause of diseases classified to other chapters;vibrio vulnificus as the cause of diseases classified to other chapters	specified infectious agents as the cause of diseases classified to chapters	specified infectious agents as the cause of diseases classified to chapters
B99	other and unspecified infectious diseases	infectious diseases	infectious diseases
C00	"malignant neoplasm of lip;external upper lip;external lower lip;external lip, unspecified;upper lip, inner aspect;lower lip, inner aspect;lip, unspecified, inner aspect;commissure of lip;overlapping lesion of lip;lip, unspecified"	malignant neoplasm of lip	malignant neoplasm of lip
C01	malignant neoplasm of base of tongue	malignant neoplasm of base of tongue	malignant neoplasm of base of tongue
C02	"malignant neoplasm of other and unspecified parts of tongue;dorsal surface of tongue;border of tongue;ventral surface of tongue;anterior two-thirds of tongue, part unspecified;lingual tonsil;overlapping lesion of tongue;tongue, unspecified"	malignant neoplasm of parts of tongue	malignant neoplasm of parts of tongue
C03	"malignant neoplasm of gum;upper gum;lower gum;gum, unspecified"	malignant neoplasm of gum	malignant neoplasm of gum
C04	"malignant neoplasm of floor of mouth;anterior floor of mouth;lateral floor of mouth;overlapping lesion of floor of mouth;floor of mouth, unspecified"	malignant neoplasm of floor of mouth	malignant neoplasm of floor of mouth
C05	"malignant neoplasm of palate;hard palate;soft palate;uvula;overlapping lesion of palate;palate, unspecified"	malignant neoplasm of palate	malignant neoplasm of palate
C06	"malignant neoplasm of other and unspecified parts of mouth;cheek mucosa;vestibule of mouth;retromolar area;overlapping lesion of other and unspecified parts of mouth;mouth, unspecified"	malignant neoplasm of parts of mouth	malignant neoplasm of parts of mouth
C07	malignant neoplasm of parotid gland	malignant neoplasm of parotid gland	malignant neoplasm of parotid gland
C08	"malignant neoplasm of other and unspecified major salivary glands;submandibular gland;sublingual gland;overlapping lesion of major salivary glands;major salivary gland, unspecified"	malignant neoplasm of major salivary glands	malignant neoplasm of major salivary glands
C09	"malignant neoplasm of tonsil;tonsillar fossa;tonsillar pillar (anterior) (posterior);overlapping lesion of tonsil;tonsil, unspecified"	malignant neoplasm of tonsil	malignant neoplasm of tonsil
C10	"malignant neoplasm of oropharynx;vallecula;anterior surface of epiglottis;lateral wall of oropharynx;posterior wall of oropharynx;branchial cleft;overlapping lesion of oropharynx;oropharynx, unspecified"	malignant neoplasm of oropharynx	malignant neoplasm of oropharynx
C11	"malignant neoplasm of nasopharynx;superior wall of nasopharynx;posterior wall of nasopharynx;lateral wall of nasopharynx;anterior wall of nasopharynx;overlapping lesion of nasopharynx;nasopharynx, unspecified"	malignant neoplasm of nasopharynx	malignant neoplasm of nasopharynx
C12	malignant neoplasm of pyriform sinus	malignant neoplasm of pyriform sinus	malignant neoplasm of pyriform sinus
C13	"malignant neoplasm of hypopharynx;postcricoid region;aryepiglottic fold, hypopharyngeal aspect;posterior wall of hypopharynx;overlapping lesion of hypopharynx;hypopharynx, unspecified"	malignant neoplasm of hypopharynx	malignant neoplasm of hypopharynx
C14	"malignant neoplasm of other and ill-defined sites in the lip, oral cavity and pharynx;pharynx, unspecified;waldeyer's ring;overlapping lesion of lip, oral cavity and pharynx"	"malignant neoplasm of ill-defined sites in the lip, oral cavity and pharynx"	"malignant neoplasm of ill-defined sites in the lip, oral cavity and pharynx"
C15	"malignant neoplasm of oesophagus;cervical part of oesophagus;thoracic part of oesophagus;abdominal part of oesophagus;upper third of oesophagus;middle third of oesophagus;lower third of oesophagus;overlapping lesion of oesophagus;oesophagus, unspecified"	malignant neoplasm of oesophagus	malignant neoplasm of oesophagus
C16	"malignant neoplasm of stomach;cardia;fundus of stomach;body of stomach;pyloric antrum;pylorus;lesser curvature of stomach, unspecified;greater curvature of stomach, unspecified;overlapping lesion of stomach;stomach, unspecified"	malignant neoplasm of stomach	malignant neoplasm of stomach
C17	"malignant neoplasm of small intestine;duodenum;jejunum;ileum;meckel's diverticulum;overlapping lesion of small intestine;small intestine, unspecified"	malignant neoplasm of small intestine	malignant neoplasm of small intestine
C18	"malignant neoplasm of colon;caecum;appendix;ascending colon;hepatic flexure;transverse colon;splenic flexure;descending colon;sigmoid colon;overlapping lesion of colon;colon, unspecified"	malignant neoplasm of colon	malignant neoplasm of colon
C19	malignant neoplasm of rectosigmoid junction	malignant neoplasm of rectosigmoid junction	malignant neoplasm of rectosigmoid junction
C20	malignant neoplasm of rectum	malignant neoplasm of rectum	malignant neoplasm of rectum
C21	"malignant neoplasm of anus and anal canal;anus, unspecified;anal canal;cloacogenic zone;overlapping lesion of rectum, anus and anal canal"	malignant neoplasm of anus and anal canal	malignant neoplasm of anus and anal canal
C22	"malignant neoplasm of liver and intrahepatic bile ducts;liver cell carcinoma;intrahepatic bile duct carcinoma;hepatoblastoma;angiosarcoma of liver;other sarcomas of liver;other specified carcinomas of liver;liver, unspecified"	malignant neoplasm of liver and intrahepatic bile ducts	malignant neoplasm of liver and intrahepatic bile ducts
C23	malignant neoplasm of gallbladder	malignant neoplasm of gallbladder	malignant neoplasm of gallbladder
C24	"malignant neoplasm of other and unspecified parts of biliary tract;extrahepatic bile duct;ampulla of vater;overlapping lesion of biliary tract;biliary tract, unspecified"	malignant neoplasm of parts of biliary tract	malignant neoplasm of parts of biliary tract
C25	"malignant neoplasm of pancreas;head of pancreas;body of pancreas;tail of pancreas;pancreatic duct;endocrine pancreas;other parts of pancreas;overlapping lesion of pancreas;pancreas, unspecified"	malignant neoplasm of pancreas	malignant neoplasm of pancreas
C26	"malignant neoplasm of other and ill-defined digestive organs;intestinal tract, part unspecified;spleen;overlapping lesion of digestive system;ill-defined sites within the digestive system"	malignant neoplasm of ill-defined digestive organs	malignant neoplasm of ill-defined digestive organs
C30	malignant neoplasm of nasal cavity and middle ear;nasal cavity;middle ear	malignant neoplasm of nasal cavity and middle ear	malignant neoplasm of nasal cavity and middle ear
C31	"malignant neoplasm of accessory sinuses;maxillary sinus;ethmoidal sinus;frontal sinus;sphenoidal sinus;overlapping lesion of accessory sinuses;accessory sinus, unspecified"	malignant neoplasm of accessory sinuses	malignant neoplasm of accessory sinuses
C32	"malignant neoplasm of larynx;glottis;supraglottis;subglottis;laryngeal cartilage;overlapping lesion of larynx;larynx, unspecified"	malignant neoplasm of larynx	malignant neoplasm of larynx
C33	malignant neoplasm of trachea	malignant neoplasm of trachea	malignant neoplasm of trachea
C34	"malignant neoplasm of bronchus and lung;main bronchus;upper lobe, bronchus or lung;middle lobe, bronchus or lung;lower lobe, bronchus or lung;overlapping lesion of bronchus and lung;bronchus or lung, unspecified"	malignant neoplasm of bronchus and lung	malignant neoplasm of bronchus and lung
C37	malignant neoplasm of thymus	malignant neoplasm of thymus	malignant neoplasm of thymus
C38	"malignant neoplasm of heart, mediastinum and pleura;heart;anterior mediastinum;posterior mediastinum;mediastinum, part unspecified;pleura;overlapping lesion of heart, mediastinum and pleura"	"malignant neoplasm of heart, mediastinum and pleura"	"malignant neoplasm of heart, mediastinum and pleura"
C39	"malignant neoplasm of other and ill-defined sites in the respiratory system and intrathoracic organs;upper respiratory tract, part unspecified;overlapping lesion of respiratory and intrathoracic organs;ill-defined sites within the respiratory system"	malignant neoplasm of ill-defined sites in the respiratory system and intrathoracic organs	malignant neoplasm of ill-defined sites in the respiratory system and intrathoracic organs
C40	"malignant neoplasm of bone and articular cartilage of limbs;scapula and long bones of upper limb;short bones of upper limb;long bones of lower limb;short bones of lower limb;overlapping lesion of bone and articular cartilage of limbs;bone and articular cartilage of limb, unspecified"	malignant neoplasm of bone and articular cartilage of limbs	malignant neoplasm of bone and articular cartilage of limbs
C41	"malignant neoplasm of bone and articular cartilage of other and unspecified sites;bones of skull and face;mandible;vertebral column;ribs, sternum and clavicle;pelvic bones, sacrum and coccyx;overlapping lesion of bone and articular cartilage;bone and articular cartilage, unspecified"	malignant neoplasm of bone and articular cartilage of sites	malignant neoplasm of bone and articular cartilage of sites
C43	"malignant melanoma of skin;malignant melanoma of lip;malignant melanoma of eyelid, including canthus;malignant melanoma of ear and external auricular canal;malignant melanoma of other and unspecified parts of face;malignant melanoma of scalp and neck;malignant melanoma of trunk;malignant melanoma of upper limb, including shoulder;malignant melanoma of lower limb, including hip;overlapping malignant melanoma of skin;malignant melanoma of skin, unspecified"	malignant melanoma of skin	malignant melanoma of skin
C44	"other malignant neoplasms of skin;skin of lip;skin of eyelid, including canthus;skin of ear and external auricular canal;skin of other and unspecified parts of face;skin of scalp and neck;skin of trunk;skin of upper limb, including shoulder;skin of lower limb, including hip;overlapping lesion of skin;malignant neoplasm of skin, unspecified"	malignant neoplasms of skin	malignant neoplasms of skin
C45	"mesothelioma;mesothelioma of pleura;mesothelioma of peritoneum;mesothelioma of pericardium;mesothelioma of other sites;mesothelioma, unspecified"	mesothelioma	mesothelioma
C46	"kaposi's sarcoma;kaposi's sarcoma of skin;kaposi's sarcoma of soft tissue;kaposi's sarcoma of palate;kaposi's sarcoma of lymph nodes;kaposi's sarcoma of other sites;kaposi's sarcoma of multiple organs;kaposi's sarcoma, unspecified"	kaposi's sarcoma	kaposi's sarcoma
C47	"malignant neoplasm of peripheral nerves and autonomic nervous system;peripheral nerves of head, face and neck;peripheral nerves of upper limb, including shoulder;peripheral nerves of lower limb, including hip;peripheral nerves of thorax;peripheral nerves of abdomen;peripheral nerves of pelvis;peripheral nerves of trunk, unspecified;overlapping lesion of peripheral nerves and autonomic nervous system;peripheral nerves and autonomic nervous system, unspecified"	malignant neoplasm of peripheral nerves and autonomic nervous system	malignant neoplasm of peripheral nerves and autonomic nervous system
C48	"malignant neoplasm of retroperitoneum and peritoneum;retroperitoneum;specified parts of peritoneum;peritoneum, unspecified;overlapping lesion of retroperitoneum and peritoneum"	malignant neoplasm of retroperitoneum and peritoneum	malignant neoplasm of retroperitoneum and peritoneum
C49	"malignant neoplasm of other connective and soft tissue;connective and soft tissue of head, face and neck;connective and soft tissue of upper limb, including shoulder;connective and soft tissue of lower limb, including hip;connective and soft tissue of thorax;connective and soft tissue of abdomen;connective and soft tissue of pelvis;connective and soft tissue of trunk, unspecified;overlapping lesion of connective and soft tissue;connective and soft tissue, unspecified"	malignant neoplasm of connective and soft tissue	malignant neoplasm of connective and soft tissue
C50	"malignant neoplasm of breast;nipple and areola;central portion of breast;upper-inner quadrant of breast;lower-inner quadrant of breast;upper-outer quadrant of breast;lower-outer quadrant of breast;axillary tail of breast;overlapping lesion of breast;breast, unspecified"	malignant neoplasm of breast	malignant neoplasm of breast
C51	"malignant neoplasm of vulva;labium majus;labium minus;clitoris;overlapping lesion of vulva;vulva, unspecified"	malignant neoplasm of vulva	malignant neoplasm of vulva
C52	malignant neoplasm of vagina	malignant neoplasm of vagina	malignant neoplasm of vagina
C53	"malignant neoplasm of cervix uteri;endocervix;exocervix;overlapping lesion of cervix uteri;cervix uteri, unspecified"	malignant neoplasm of cervix uteri	malignant neoplasm of cervix uteri
C54	"malignant neoplasm of corpus uteri;isthmus uteri;endometrium;myometrium;fundus uteri;overlapping lesion of corpus uteri;corpus uteri, unspecified"	malignant neoplasm of corpus uteri	malignant neoplasm of corpus uteri
C55	"malignant neoplasm of uterus, part unspecified"	"malignant neoplasm of uterus, part"	"malignant neoplasm of uterus, part"
C56	malignant neoplasm of ovary	malignant neoplasm of ovary	malignant neoplasm of ovary
C57	"malignant neoplasm of other and unspecified female genital organs;fallopian tube;broad ligament;round ligament;parametrium;uterine adnexa, unspecified;other specified female genital organs;overlapping lesion of female genital organs;female genital organ, unspecified"	malignant neoplasm of female genital organs	malignant neoplasm of female genital organs
C58	malignant neoplasm of placenta	malignant neoplasm of placenta	malignant neoplasm of placenta
C60	"malignant neoplasm of penis;prepuce;glans penis;body of penis;overlapping lesion of penis;penis, unspecified"	malignant neoplasm of penis	malignant neoplasm of penis
C61	malignant neoplasm of prostate	malignant neoplasm of prostate	malignant neoplasm of prostate
C62	"malignant neoplasm of testis;undescended testis;descended testis;testis, unspecified"	malignant neoplasm of testis	malignant neoplasm of testis
C63	"malignant neoplasm of other and unspecified male genital organs;epididymis;spermatic cord;scrotum;other specified male genital organs;overlapping lesion of male genital organs;male genital organ, unspecified"	malignant neoplasm of male genital organs	malignant neoplasm of male genital organs
C64	"malignant neoplasm of kidney, except renal pelvis"	"malignant neoplasm of kidney, except renal pelvis"	"malignant neoplasm of kidney, except renal pelvis"
C65	malignant neoplasm of renal pelvis	malignant neoplasm of renal pelvis	malignant neoplasm of renal pelvis
C66	malignant neoplasm of ureter	malignant neoplasm of ureter	malignant neoplasm of ureter
C67	"malignant neoplasm of bladder;trigone of bladder;dome of bladder;lateral wall of bladder;anterior wall of bladder;posterior wall of bladder;bladder neck;ureteric orifice;urachus;overlapping lesion of bladder;bladder, unspecified"	malignant neoplasm of bladder	malignant neoplasm of bladder
C68	"malignant neoplasm of other and unspecified urinary organs;urethra;paraurethral glands;overlapping lesion of urinary organs;urinary organ, unspecified"	malignant neoplasm of urinary organs	malignant neoplasm of urinary organs
C69	"malignant neoplasm of eye and adnexa;conjunctiva;cornea;retina;choroid;ciliary body;lachrymal gland and duct;orbit;overlapping lesion of eye and adnexa;eye, unspecified"	malignant neoplasm of eye and adnexa	malignant neoplasm of eye and adnexa
C70	"malignant neoplasm of meninges;cerebral meninges;spinal meninges;meninges, unspecified"	malignant neoplasm of meninges	malignant neoplasm of meninges
C71	"malignant neoplasm of brain;cerebrum, except lobes and ventricles;frontal lobe;temporal lobe;parietal lobe;occipital lobe;cerebral ventricle;cerebellum;brain stem;overlapping lesion of brain;brain, unspecified"	malignant neoplasm of brain	malignant neoplasm of brain
C72	"malignant neoplasm of spinal cord, cranial nerves and other parts of central nervous system;spinal cord;cauda equina;olfactory nerve;optic nerve;acoustic nerve;other and unspecified cranial nerves;overlapping lesion of brain and other parts of central nervous system;central nervous system, unspecified"	"malignant neoplasm of spinal cord, cranial nerves and parts of central nervous system"	"malignant neoplasm of spinal cord, cranial nerves and parts of central nervous system"
C73	malignant neoplasm of thyroid gland	malignant neoplasm of thyroid gland	malignant neoplasm of thyroid gland
C74	"malignant neoplasm of adrenal gland;cortex of adrenal gland;medulla of adrenal gland;adrenal gland, unspecified"	malignant neoplasm of adrenal gland	malignant neoplasm of adrenal gland
C75	"malignant neoplasm of other endocrine glands and related structures;parathyroid gland;pituitary gland;craniopharyngeal duct;pineal gland;carotid body;aortic body and other paraganglia;pluriglandular involvement, unspecified;endocrine gland, unspecified"	malignant neoplasm of endocrine glands and related structures	malignant neoplasm of endocrine glands and related structures
C76	"malignant neoplasm of other and ill-defined sites;head, face and neck;thorax;abdomen;pelvis;upper limb;lower limb;other ill-defined sites;overlapping lesion of other and ill-defined sites"	malignant neoplasm of ill-defined sites	malignant neoplasm of ill-defined sites
C77	"secondary and unspecified malignant neoplasm of lymph nodes;lymph nodes of head, face and neck;intrathoracic lymph nodes;intra-abdominal lymph nodes;axillary and upper limb lymph nodes;inguinal and lower limb lymph nodes;intrapelvic lymph nodes;lymph nodes of multiple regions;lymph node, unspecified"	secondary and malignant neoplasm of lymph nodes	secondary and malignant neoplasm of lymph nodes
C78	secondary malignant neoplasm of respiratory and digestive organs;secondary malignant neoplasm of lung;secondary malignant neoplasm of mediastinum;secondary malignant neoplasm of pleura;secondary malignant neoplasm of other and unspecified respiratory organs;secondary malignant neoplasm of small intestine;secondary malignant neoplasm of large intestine and rectum;secondary malignant neoplasm of retroperitoneum and peritoneum;secondary malignant neoplasm of liver;secondary malignant neoplasm of other and unspecified digestive organs	secondary malignant neoplasm of respiratory and digestive organs	secondary malignant neoplasm of respiratory and digestive organs
C79	"secondary malignant neoplasm of other sites;secondary malignant neoplasm of kidney and renal pelvis;secondary malignant neoplasm of bladder and other and unspecified urinary organs;secondary malignant neoplasm of skin;secondary malignant neoplasm of brain and cerebral meninges;secondary malignant neoplasm of other and unspecified parts of nervous system;secondary malignant neoplasm of bone and bone marrow;secondary malignant neoplasm of ovary;secondary malignant neoplasm of adrenal gland;secondary malignant neoplasm of other specified sites;secondary malignant neoplasm, unspecified site"	secondary malignant neoplasm of specified sites	secondary malignant neoplasm of specified sites
C80	"malignant neoplasm without specification of site;malignant neoplasm, primary site unknown, so stated;malignant neoplasm, unspecified"	malignant neoplasm without specification of site	malignant neoplasm
C81	"hodgkin's disease;lymphocytic predominance;nodular sclerosis;mixed cellularity;lymphocytic depletion;lymphocyte-rich classical hodgkin lymphoma;other hodgkin's disease;hodgkin's disease, unspecified"	hodgkin's disease	hodgkin's disease
C82	"follicular [nodular] non-hodgkin's lymphoma;small cleaved cell, follicular;mixed small cleaved and large cell, follicular;large cell, follicular;follicular lymphoma grade iiia;follicular lymphoma grade iiib;diffuse follicle centre lymphoma;cutaneous follicle centre lymphoma;other types of follicular non-hodgkin's lymphoma;follicular non-hodgkin's lymphoma, unspecified"	follicular [nodular] non-hodgkin's lymphoma	follicular [nodular] non-hodgkin's lymphoma
C83	"diffuse non-hodgkin's lymphoma;small cell (diffuse);small cleaved cell (diffuse);mixed small and large cell (diffuse);large cell (diffuse);immunoblastic (diffuse);lymphoblastic (diffuse);undifferentiated (diffuse);burkitt's tumour;other types of diffuse non-hodgkin's lymphoma;diffuse non-hodgkin's lymphoma, unspecified"	diffuse non-hodgkin's lymphoma	diffuse non-hodgkin's lymphoma
C84	"peripheral and cutaneous t-cell lymphomas;mycosis fungoides;sezary's diease;t-zone lymphoma;lymphoepithelioid lymphoma;peripheral t-cell lymphoma;other and unspecified t-cell lymphomas;anaplastic large cell lymphoma, alk-positive;anaplastic large cell lymphoma, alk-negative;cutaneous t-cell lymphoma, unspecified;mature t/nk-cell lymphoma, unspecified"	peripheral and cutaneous t-cell lymphomas	peripheral and cutaneous t-cell lymphomas
C85	"other and unspecified types of non-hodgkin's lymphoma;lymphosarcoma;b-cell lymphoma, unspecified;mediastinal (thymic) large b-cell lymphoma;other specified types of non-hodgkin's lymphoma;non-hodgkin's lymphoma, unspecified type"	specified types of non-hodgkin's lymphoma	specified types of non-hodgkin's lymphoma
C86	"other specified types of t/nk-cell lymphoma;extranodal nk/t-cell lymphoma, nasal type;hepatosplenic t-cell lymphoma;enteropathy-type (intestinal) t-cell lymphoma;subcutaneous panniculitis-like t-cell lymphoma;blastic nk-cell lymphoma;angioimmunoblastic t-cell lymphoma;primary cutaneous cd30-positive t-cell proliferations"	specified types of t/nk-cell lymphoma	specified types of t/nk-cell lymphoma
C88	"malignant immunoproliferative diseases;waldenstrom's macroglobulinaemia;alpha heavy chain disease;gamma heavy chain disease;immunoproliferative small intestinal disease;extranodal marginal zone b-cell lymphoma of mucosa-associated lymphoid tissue [malt-lymphoma];other malignant immunoproliferative diseases;malignant immunoproliferative disease, unspecified"	malignant immunoproliferative diseases	malignant immunoproliferative diseases
C90	"multiple myeloma and malignant plasma cell neoplasms;multiple myeloma;plasma cell leukaemia;plasmacytoma, extramedullary;solitary plasmacytoma"	multiple myeloma and malignant plasma cell neoplasms	multiple myeloma and malignant plasma cell neoplasms
C91	"lymphoid leukaemia;acute lymphoblastic leukaemia;chronic lymphocytic leukaemia;subacute lymphocytic leukaemia;prolymphocytic leukaemia;hairy-cell leukaemia;adult t-cell leukaemia;prolymphocytic leukaemia of t-cell type;other lymphoid leukaemia;mature b-cell leukaemia burkitt-type;lymphoid leukaemia, unspecified"	lymphoid leukaemia	lymphoid leukaemia
C92	"myeloid leukaemia;acute myeloid leukaemia;chronic myeloid leukaemia;subacute myeloid leukaemia;myeloid sarcoma;acute promyelocytic leukaemia;acute myelomonocytic leukaemia;acute myeloid leukaemia with 11q23-abnormality;other myeloid leukaemia;acute myeloid leukaemia with multilineage dysplasia;myeloid leukaemia, unspecified"	myeloid leukaemia	myeloid leukaemia
C93	"monocytic leukaemia;acute monocytic leukaemia;chronic monocytic leukaemia;subacute monocytic leukaemia;juvenile myelomonocytic leukaemia;other monocytic leukaemia;monocytic leukaemia, unspecified"	monocytic leukaemia	monocytic leukaemia
C94	"other leukaemias of specified cell type;acute erythraemia and erythroleukaemia;chronic erythraemia;acute megakaryoblastic leukaemia;mast cell leukaemia;acute panmyelosis;acute myelofibrosis;myelodysplastic and myeloproliferative disease, not elsewhere classified;other specified leukaemias"	specified leukaemias	specified leukaemias
C95	"leukaemia of unspecified cell type;acute leukaemia of unspecified cell type;chronic leukaemia of unspecified cell type;subacute leukaemia of unspecified cell type;other leukaemia of unspecified cell type;leukaemia, unspecified"	leukaemia of cell type	leukaemia of cell type
C96	"other and unspecified malignant neoplasms of lymphoid, haematopoietic and related tissue;letterer-siwe disease;malignant histiocytosis;malignant mast cell tumour;true histiocytic lymphoma;sarcoma of dendritic cells (accessory cells);multifocal and unisystemic langerhans-cell histiocytosis;unifocal langerhans-cell histiocytosis;other specified malignant neoplasms of lymphoid, haematopoietic and related tissue;histiocytic sarcoma;malignant neoplasms of lymphoid, haematopoietic and related tissue, unspecified"	"specified malignant neoplasms of lymphoid, haematopoietic and related tissue"	"specified malignant neoplasms of lymphoid, haematopoietic and related tissue"
C97	malignant neoplasms of independent (primary) multiple sites	malignant neoplasms of independent (primary) multiple sites	malignant neoplasms of independent (primary) multiple sites
D00	"carcinoma in situ of oral cavity, oesophagus and stomach;lip, oral cavity and pharynx;oesophagus;stomach"	"carcinoma in situ of oral cavity, oesophagus and stomach"	"carcinoma in situ of oral cavity, oesophagus and stomach"
D01	"carcinoma in situ of other and unspecified digestive organs;colon;rectosigmoid junction;rectum;anus and anal canal;other and unspecified parts of intestine;liver, gallbladder and bile ducts;other specified digestive organs;digestive organ, unspecified"	carcinoma in situ of digestive organs	carcinoma in situ of digestive organs
D02	"carcinoma in situ of middle ear and respiratory system;larynx;trachea;bronchus and lung;other parts of respiratory system;respiratory system, unspecified"	carcinoma in situ of middle ear and respiratory system	carcinoma in situ of middle ear and respiratory system
D03	"melanoma in situ;melanoma in situ of lip;melanoma in situ of eyelid, including canthus;melanoma in situ of ear and external auricular canal;melanoma in situ of other and unspecified parts of face;melanoma in situ of scalp and neck;melanoma in situ of trunk;melanoma in situ of upper limb, including shoulder;melanoma in situ of lower limb, including hip;melanoma in situ of other sites;melanoma in situ, unspecified"	melanoma in situ	melanoma in situ
D04	"carcinoma in situ of skin;skin of lip;skin of eyelid, including canthus;skin of ear and external auricular canal;skin of other and unspecified parts of face;skin of scalp and neck;skin of trunk;skin of upper limb, including shoulder;skin of lower limb, including hip;skin of other sites;skin, unspecified"	carcinoma in situ of skin	carcinoma in situ of skin
D05	"carcinoma in situ of breast;lobular carcinoma in situ;intraductal carcinoma in situ;other carcinoma in situ of breast;carcinoma in situ of breast, unspecified"	carcinoma in situ of breast	carcinoma in situ of breast
D06	"carcinoma in situ of cervix uteri;endocervix;exocervix;other parts of cervix;cervix, unspecified"	carcinoma in situ of cervix uteri	carcinoma in situ of cervix uteri
D07	carcinoma in situ of other and unspecified genital organs;endometrium;vulva;vagina;other and unspecified female genital organs;penis;prostate;other and unspecified male genital organs	carcinoma in situ of genital organs	carcinoma in situ of genital organs
D09	"carcinoma in situ of other and unspecified sites;bladder;other and unspecified urinary organs;eye;thyroid and other endocrine glands;carcinoma in situ of other specified sites;carcinoma in situ, unspecified"	carcinoma in situ of specified sites	carcinoma in situ of specified sites
D10	"benign neoplasm of mouth and pharynx;lip;tongue;floor of mouth;other and unspecified parts of mouth;tonsil;other parts of oropharynx;nasopharynx;hypopharynx;pharynx, unspecified"	benign neoplasm of mouth and pharynx	benign neoplasm of mouth and pharynx
D11	"benign neoplasm of major salivary glands;parotid gland;other major salivary glands;major salivary gland, unspecified"	benign neoplasm of major salivary glands	benign neoplasm of major salivary glands
D12	"benign neoplasm of colon, rectum, anus and anal canal;caecum;appendix;ascending colon;transverse colon;descending colon;sigmoid colon;colon, unspecified;rectosigmoid junction;rectum;anus and anal canal"	"benign neoplasm of colon, rectum, anus and anal canal"	"benign neoplasm of colon, rectum, anus and anal canal"
D13	benign neoplasm of other and ill-defined parts of digestive system;oesophagus;stomach;duodenum;other and unspecified parts of small intestine;liver;extrahepatic bile ducts;pancreas;endocrine pancreas;ill-defined sites within the digestive system	benign neoplasm of ill-defined parts of digestive system	benign neoplasm of ill-defined parts of digestive system
D14	"benign neoplasm of middle ear and respiratory system;middle ear, nasal cavity and accessory sinuses;larynx;trachea;bronchus and lung;respiratory system, unspecified"	benign neoplasm of middle ear and respiratory system	benign neoplasm of middle ear and respiratory system
D15	"benign neoplasm of other and unspecified intrathoracic organs;thymus;heart;mediastinum;other specified intrathoracic organs;intrathoracic organ, unspecified"	benign neoplasm of intrathoracic organs	benign neoplasm of intrathoracic organs
D16	"benign neoplasm of bone and articular cartilage;scapula and long bones of upper limb;short bones of upper limb;long bones of lower limb;short bones of lower limb;bones of skull and face;lower jaw bone;vertebral column;ribs, sternum and clavicle;pelvic bones, sacrum and coccyx;bone and articular cartilage, unspecified"	benign neoplasm of bone and articular cartilage	benign neoplasm of bone and articular cartilage
D17	"benign lipomatous neoplasm;benign lipomatous neoplasm of skin and subcutaneous tissue of head, face and neck;benign lipomatous neoplasm of skin and subcutaneous tissue of trunk;benign lipomatous neoplasm of skin and subcutaneous tissue of limbs;benign lipomatous neoplasm of skin and subcutaneous tissue of other and unspecified sites;benign lipomatous neoplasm of intrathoracic organs;benign lipomatous neoplasm of intra-abdominal organs;benign lipomatous neoplasm of spermatic cord;benign lipomatous neoplasm of other sites;benign lipomatous neoplasm, unspecified"	benign lipomatous neoplasm	benign lipomatous neoplasm
D18	"haemangioma and lymphangioma, any site;haemangioma, any site;lymphangioma, any site"	"haemangioma and lymphangioma, any site"	"haemangioma and lymphangioma, any site"
D19	"benign neoplasm of mesothelial tissue;mesothelial tissue of pleura;mesothelial tissue of peritoneum;mesothelial tissue of other sites;mesothelial tissue, unspecified"	benign neoplasm of mesothelial tissue	benign neoplasm of mesothelial tissue
D20	benign neoplasm of soft tissue of retroperitoneum and peritoneum;retroperitoneum;peritoneum	benign neoplasm of soft tissue of retroperitoneum and peritoneum	benign neoplasm of soft tissue of retroperitoneum and peritoneum
D21	"other benign neoplasms of connective and other soft tissue;connective and other soft tissue of head, face and neck;connective and other soft tissue of upper limb, including shoulder;connective and other soft tissue of lower limb, including hip;connective and other soft tissue of thorax;connective and other soft tissue of abdomen;connective and other soft tissue of pelvis;connective and other soft tissue of trunk, unspecified;connective and other soft tissue, unspecified"	benign neoplasms of connective and soft tissue	benign neoplasms of connective and soft tissue
D22	"melanocytic naevi;melanocytic naevi of lip;melanocytic naevi of eyelid, including canthus;melanocytic naevi of ear and external auricular canal;melanocytic naevi of other and unspecified parts of face;melanocytic naevi of scalp and neck;melanocytic naevi of trunk;melanocytic naevi of upper limb, including shoulder;melanocytic naevi of lower limb, including hip;melanocytic naevi, unspecified"	melanocytic naevi	melanocytic naevi
D23	"other benign neoplasms of skin;skin of lip;skin of eyelid, including canthus;skin of ear and external auricular canal;skin of other and unspecified parts of face;skin of scalp and neck;skin of trunk;skin of upper limb, including shoulder;skin of lower limb, including hip;skin, unspecified"	benign neoplasms of skin	benign neoplasms of skin
D24	benign neoplasm of breast	benign neoplasm of breast	benign neoplasm of breast
D25	"leiomyoma of uterus;submucous leiomyoma of uterus;intramural leiomyoma of uterus;subserosal leiomyoma of uterus;leiomyoma of uterus, unspecified"	leiomyoma of uterus	leiomyoma of uterus
D26	"other benign neoplasms of uterus;cervix uteri;corpus uteri;other parts of uterus;uterus, unspecified"	benign neoplasms of uterus	benign neoplasms of uterus
D27	benign neoplasm of ovary	benign neoplasm of ovary	benign neoplasm of ovary
D28	"benign neoplasm of other and unspecified female genital organs;vulva;vagina;uterine tubes and ligaments;other specified female genital organs;female genital organ, unspecified"	benign neoplasm of female genital organs	benign neoplasm of female genital organs
D29	"benign neoplasm of male genital organs;penis;prostate;testis;epididymis;scrotum;other male genital organs;male genital organ, unspecified"	benign neoplasm of male genital organs	benign neoplasm of male genital organs
D30	"benign neoplasm of urinary organs;kidney;renal pelvis;ureter;bladder;urethra;other urinary organs;urinary organ, unspecified"	benign neoplasm of urinary organs	benign neoplasm of urinary organs
D31	"benign neoplasm of eye and adnexa;conjunctiva;cornea;retina;choroid;ciliary body;lachrymal gland and duct;orbit, unspecified;eye, unspecified"	benign neoplasm of eye and adnexa	benign neoplasm of eye and adnexa
D32	"benign neoplasm of meninges;cerebral meninges;spinal meninges;meninges, unspecified"	benign neoplasm of meninges	benign neoplasm of meninges
D33	"benign neoplasm of brain and other parts of central nervous system;brain, supratentorial;brain, infratentorial;brain, unspecified;cranial nerves;spinal cord;other specified parts of central nervous system;central nervous system, unspecified"	benign neoplasm of brain and parts of central nervous system	benign neoplasm of brain and parts of central nervous system
D34	benign neoplasm of thyroid gland	benign neoplasm of thyroid gland	benign neoplasm of thyroid gland
D35	"benign neoplasm of other and unspecified endocrine glands;adrenal gland;parathyroid gland;pituitary gland;craniopharyngeal duct;pineal gland;carotid body;aortic body and other paraganglia;other specified endocrine glands;pluriglandular involvement;endocrine gland, unspecified"	benign neoplasm of endocrine glands	benign neoplasm of endocrine glands
D36	benign neoplasm of other and unspecified sites;lymph nodes;peripheral nerves and autonomic nervous system;other specified sites;benign neoplasm of unspecified site	benign neoplasm of sites	benign neoplasm of sites
D37	"neoplasm of uncertain or unknown behaviour of oral cavity and digestive organs;lip, oral cavity and pharynx;stomach;small intestine;appendix;colon;rectum;liver, gallbladder and bile ducts;other digestive organs;digestive organ, unspecified"	neoplasm of uncertain or unknown behaviour of oral cavity and digestive organs	neoplasm of uncertain or unknown behaviour of oral cavity and digestive organs
D38	"neoplasm of uncertain or unknown behaviour of middle ear and respiratory and intrathoracic organs;larynx;trachea, bronchus and lung;pleura;mediastinum;thymus;other respiratory organs;respiratory organ, unspecified"	neoplasm of uncertain or unknown behaviour of middle ear and respiratory and intrathoracic organs	neoplasm of uncertain or unknown behaviour of middle ear and respiratory and intrathoracic organs
D39	"neoplasm of uncertain or unknown behaviour of female genital organs;uterus;ovary;placenta;other female genital organs;female genital organ, unspecified"	neoplasm of uncertain or unknown behaviour of female genital organs	neoplasm of uncertain or unknown behaviour of female genital organs
D40	"neoplasm of uncertain or unknown behaviour of male genital organs;prostate;testis;other male genital organs;male genital organ, unspecified"	neoplasm of uncertain or unknown behaviour of male genital organs	neoplasm of uncertain or unknown behaviour of male genital organs
D41	"neoplasm of uncertain or unknown behaviour of urinary organs;kidney;renal pelvis;ureter;urethra;bladder;other urinary organs;urinary organ, unspecified"	neoplasm of uncertain or unknown behaviour of urinary organs	neoplasm of uncertain or unknown behaviour of urinary organs
D42	"neoplasm of uncertain or unknown behaviour of meninges;cerebral meninges;spinal meninges;meninges, unspecified"	neoplasm of uncertain or unknown behaviour of meninges	neoplasm of uncertain or unknown behaviour of meninges
D43	"neoplasm of uncertain or unknown behaviour of brain and central nervous system;brain, supratentorial;brain, infratentorial;brain, unspecified;cranial nerves;spinal cord;other parts of central nervous system;central nervous system, unspecified"	neoplasm of uncertain or unknown behaviour of brain and central nervous system	neoplasm of uncertain or unknown behaviour of brain and central nervous system
D44	"neoplasm of uncertain or unknown behaviour of endocrine glands;thyroid gland;adrenal gland;parathyroid gland;pituitary gland;craniopharyngeal duct;pineal gland;carotid body;aortic body and other paraganglia;pluriglandular involvement;endocrine gland, unspecified"	neoplasm of uncertain or unknown behaviour of endocrine glands	neoplasm of uncertain or unknown behaviour of endocrine glands
D45	polycythaemia vera	polycythaemia vera	polycythaemia vera
D46	"myelodysplastic syndromes;refractory anaemia without sideroblasts, so stated;refractory anaemia with sideroblasts;refractory anaemia with excess of blasts;refractory anaemia with excess of blasts with transformation;refractory anaemia, unspecified;refractory anaemia with multi-lineage dysplasia;myelodysplastic syndrome with isolated del(5q) chromosomal abnormality;other myelodysplastic syndromes;myelodysplastic syndrome, unspecified"	myelodysplastic syndromes	myelodysplastic syndromes
D47	"other neoplasms of uncertain or unknown behaviour of lymphoid, haematopoietic and related tissue;histiocytic and mast cell tumours of uncertain and unknown behaviour;chronic myeloproliferative disease;monoclonal gammopathy;essential (haemorrhagic) thrombocythaemia;osteomyelofibrosis;chronic eosinophilic leukaemia [hypereosinophilic syndrome];other specified neoplasms of uncertain or unknown behaviour of lymphoid, haematopoietic and related tissue;neoplasm of uncertain or unknown behaviour of lymphoid, haematopoietic and related tissue, unspecified"	"neoplasms of uncertain or unknown behaviour of lymphoid, haematopoietic and related tissue"	"neoplasms of uncertain or unknown behaviour of lymphoid, haematopoietic and related tissue"
D48	"neoplasm of uncertain or unknown behaviour of other and unspecified sites;bone and articular cartilage;connective and other soft tissue;peripheral nerves and autonomic nervous system;retroperitoneum;peritoneum;skin;breast;other specified sites;neoplasms of uncertain or unknown behaviour, unspecified"	neoplasm of uncertain or unknown behaviour of sites	neoplasm of uncertain or unknown behaviour of sites
D50	"iron deficiency anaemia;iron deficiency anaemia secondary to blood loss (chronic);sideropenic dysphagia;other iron deficiency anaemias;iron deficiency anaemia, unspecified"	iron deficiency anaemia	iron deficiency anaemia
D51	"vitamin b12 deficiency anaemia;vitamin b12 deficiency anaemia due to intrinsic factor deficiency;vitamin b12 deficiency anaemia due to selective vitamin b12 malabsorption with proteinuria;transcobalamin ii deficiency;other dietary vitamin b12 deficiency anaemia;other vitamin b12 deficiency anaemias;vitamin b12 deficiency anaemia, unspecified"	vitamin b12 deficiency anaemia	vitamin b12 deficiency anaemia
D52	"folate deficiency anaemia;dietary folate deficiency anaemia;drug-induced folate deficiency anaemia;other folate deficiency anaemias;folate deficiency anaemia, unspecified"	folate deficiency anaemia	folate deficiency anaemia
D53	"other nutritional anaemias;protein deficiency anaemia;other megaloblastic anaemias, not elsewhere classified;scorbutic anaemia;other specified nutritional anaemias;nutritional anaemia, unspecified"	nutritional anaemias	nutritional anaemias
D55	"anaemia due to enzyme disorders;anaemia due to glucose-6-phosphate dehydrogenase [g6pd] deficiency;anaemia due to other disorders of glutathione metabolism;anaemia due to disorders of glycolytic enzymes;anaemia due to disorders of nucleotide metabolism;other anaemias due to enzyme disorders;anaemia due to enzyme disorder, unspecified"	anaemia due to enzyme disorders	anaemia due to enzyme disorders
D56	"thalassaemia;alpha thalassaemia;beta thalassaemia;delta-beta thalassaemia;thalassaemia trait;hereditary persistence of foetal haemoglobin [hpfh];other thalassaemias;thalassaemia, unspecified"	thalassaemia	thalassaemia
D57	sickle-cell disorders;sickle-cell anaemia with crisis;sickle-cell anaemia without crisis;double heterozygous sickling disorders;sickle-cell trait;other sickle-cell disorders	sickle-cell disorders	sickle-cell disorders
D58	"other hereditary haemolytic anaemias;hereditary spherocytosis;hereditary elliptocytosis;other haemoglobinopathies;other specified hereditary haemolytic anaemias;hereditary haemolytic anaemia, unspecified"	hereditary haemolytic anaemias	hereditary haemolytic anaemias
D59	"acquired haemolytic anaemia;drug-induced autoimmune haemolytic anaemia;other autoimmune haemolytic anaemias;drug-induced nonautoimmune haemolytic anaemia;haemolytic-uraemic syndrome;other nonautoimmune haemolytic anaemias;paroxysmal nocturnal haemoglobinuria [marchiafava-micheli];haemoglobinuria due to haemolysis from other external causes;other acquired haemolytic anaemias;acquired haemolytic anaemia, unspecified"	acquired haemolytic anaemia	acquired haemolytic anaemia
D60	"acquired pure red cell aplasia [erythroblastopenia];chronic acquired pure red cell aplasia;transient acquired pure red cell aplasia;other acquired pure red cell aplasias;acquired pure red cell aplasia, unspecified"	acquired pure red cell aplasia [erythroblastopenia]	acquired pure red cell aplasia [erythroblastopenia]
D61	"other aplastic anaemias;constitutional aplastic anaemia;drug-induced aplastic anaemia;aplastic anaemia due to other external agents;idiopathic aplastic anaemia;other specified aplastic anaemias;aplastic anaemia, unspecified"	aplastic anaemias	aplastic anaemias
D62	acute posthaemorrhagic anaemia	acute posthaemorrhagic anaemia	acute posthaemorrhagic anaemia
D63	anaemia in chronic diseases classified elsewhere;anaemia in neoplastic disease;anaemia in other chronic diseases classified elsewhere	anaemia in chronic diseases classified elsewhere	anaemia in chronic diseases classified elsewhere
D64	"other anaemias;hereditary sideroblastic anaemia;secondary sideroblastic anaemia due to disease;secondary sideroblastic anaemia due to drugs and toxins;other sideroblastic anaemias;congenital dyserythropoietic anaemia;other specified anaemias;anaemia, unspecified"	anaemias	anaemias
D65	disseminated intravascular coagulation [defibrination syndrome]	disseminated intravascular coagulation [defibrination syndrome]	disseminated intravascular coagulation [defibrination syndrome]
D66	hereditary factor viii deficiency	hereditary factor viii deficiency	hereditary factor viii deficiency
D67	hereditary factor ix deficiency	hereditary factor ix deficiency	hereditary factor ix deficiency
D68	"other coagulation defects;von willebrand's disease;hereditary factor xi deficiency;hereditary deficiency of other clotting factors;haemorrhagic disorder due to circulating anticoagulants;acquired coagulation factor deficiency;primary thrombophilia;other thrombophilia;other specified coagulation defects;coagulation defect, unspecified"	coagulation defects	coagulation defects
D69	"purpura and other haemorrhagic conditions;allergic purpura;qualitative platelet defects;other nonthrombocytopenic purpura;idiopathic thrombocytopenic purpura;other primary thrombocytopenia;secondary thrombocytopenia;thrombocytopenia, unspecified;other specified haemorrhagic conditions;haemorrhagic condition, unspecified"	purpura and haemorrhagic conditions	purpura and haemorrhagic conditions
D70	agranulocytosis	agranulocytosis	agranulocytosis
D71	functional disorders of polymorphonuclear neutrophils	functional disorders of polymorphonuclear neutrophils	functional disorders of polymorphonuclear neutrophils
D72	"other disorders of white blood cells;genetic anomalies of leukocytes;eosinophilia;other specified disorders of white blood cells;disorder of white blood cells, unspecified"	disorders of white blood cells	disorders of white blood cells
D73	"diseases of spleen;hyposplenism;hypersplenism;chronic congestive splenomegaly;abscess of spleen;cyst of spleen;infarction of spleen;other diseases of spleen;disease of spleen, unspecified"	diseases of spleen	diseases of spleen
D74	"methaemoglobinaemia;congenital methaemoglobinaemia;other methaemoglobinaemias;methaemoglobinaemia, unspecified"	methaemoglobinaemia	methaemoglobinaemia
D75	"other diseases of blood and blood-forming organs;familial erythrocytosis;secondary polycythaemia;essential thrombocytosis;other specified diseases of blood and blood-forming organs;disease of blood and blood-forming organs, unspecified"	diseases of blood and blood-forming organs	diseases of blood and blood-forming organs
D76	"certain diseases involving lymphoreticular tissue and reticulohistiocytic system;langerhans' cell histiocytosis, not elsewhere classified;haemophagocytic lymphohistiocytosis;haemophagocytic syndrome, infection-associated;other histiocytosis syndromes"	certain diseases involving lymphoreticular tissue and reticulohistiocytic system	certain diseases involving lymphoreticular tissue and reticulohistiocytic system
D77	other disorders of blood and blood-forming organs in diseases classified elsewhere	disorders of blood and blood-forming organs in diseases classified elsewhere	disorders of blood and blood-forming organs in diseases classified elsewhere
D80	"immunodeficiency with predominantly antibody defects;hereditary hypogammaglobulinaemia;nonfamilial hypogammaglobulinaemia;selective deficiency of immunoglobulin a [iga];selective deficiency of immunoglobulin g [igg] subclasses;selective deficiency of immunoglobulin m [igm];immunodeficiency with increased immunoglobulin m [igm];antibody deficiency with near-normal immunoglobulins or with hyperimmunoglobulinaemia;transient hypogammaglobulinaemia of infancy;other immunodeficiencies with predominantly antibody defects;immunodeficiency with predominantly antibody defects, unspecified"	immunodeficiency with predominantly antibody defects	immunodeficiency with antibody defects
D81	"combined immunodeficiencies;severe combined immunodeficiency [scid] with reticular dysgenesis;severe combined immunodeficiency [scid] with low t- and b-cell numbers;severe combined immunodeficiency [scid] with low or normal b-cell numbers;adenosine deaminase [ada] deficiency;nezelof's syndrome;purine nucleoside phosphorylase [pnp] deficiency;major histocompatibility complex class i deficiency;major histocompatibility complex class ii deficiency;other combined immunodeficiencies;combined immunodeficiency, unspecified"	combined immunodeficiencies	combined immunodeficiencies
D82	"immunodeficiency associated with other major defects;wiskott-aldrich syndrome;di george's syndrome;immunodeficiency with short-limbed stature;immunodeficiency following hereditary defective response to epstein-barr virus;hyperimmunoglobulin e [ige] syndrome;immunodeficiency associated with other specified major defects;immunodeficiency associated with major defect, unspecified"	immunodeficiency associated with major defects	immunodeficiency associated with major defects
D83	"common variable immunodeficiency;common variable immunodeficiency with predominant abnormalities of b-cell numbers and function;common variable immunodeficiency with predominant immunoregulatory t-cell disorders;common variable immunodeficiency with autoantibodies to b- or t-cells;other common variable immunodeficiencies;common variable immunodeficiency, unspecified"	common variable immunodeficiency	common variable immunodeficiency
D84	"other immunodeficiencies;lymphocyte function antigen-1 [lfa-1] defect;defects in the complement system;other specified immunodeficiencies;immunodeficiency, unspecified"	immunodeficiencies	immunodeficiencies
D86	"sarcoidosis;sarcoidosis of lung;sarcoidosis of lymph nodes;sarcoidosis of lung with sarcoidosis of lymph nodes;sarcoidosis of skin;sarcoidosis of other and combined sites;sarcoidosis, unspecified"	sarcoidosis	sarcoidosis
D89	"other disorders involving the immune mechanism, not elsewhere classified;polyclonal hypergammaglobulinaemia;cryoglobulinaemia;hypergammaglobulinaemia, unspecified;immune reconstitution syndrome;other specified disorders involving the immune mechanism, not elsewhere classified;disorder involving the immune mechanism, unspecified"	"disorders involving the immune mechanism, not elsewhere classified"	disorders involving the immune mechanism
E00	"congenital iodine-deficiency syndrome;congenital iodine-deficiency syndrome, neurological type;congenital iodine-deficiency syndrome, myxoedematous type;congenital iodine-deficiency syndrome, mixed type;congenital iodine-deficiency syndrome, unspecified"	congenital iodine-deficiency syndrome	congenital iodine-deficiency syndrome
E01	"iodine-deficiency-related thyroid disorders and allied conditions;iodine-deficiency-related diffuse (endemic) goitre;iodine-deficiency-related multinodular (endemic) goitre;iodine-deficiency-related (endemic) goitre, unspecified;other iodine-deficiency-related thyroid disorders and allied conditions"	iodine-deficiency-related thyroid disorders and allied conditions	iodine-deficiency-related thyroid disorders and allied conditions
E02	subclinical iodine-deficiency hypothyroidism	subclinical iodine-deficiency hypothyroidism	subclinical iodine-deficiency hypothyroidism
E03	"other hypothyroidism;congenital hypothyroidism with diffuse goitre;congenital hypothyroidism without goitre;hypothyroidism due to medicaments and other exogenous substances;postinfectious hypothyroidism;atrophy of thyroid (acquired);myxoedema coma;other specified hypothyroidism;hypothyroidism, unspecified"	hypothyroidism	hypothyroidism
E04	"other non-toxic goitre;non-toxic diffuse goitre;non-toxic single thyroid nodule;non-toxic multinodular goitre;other specified non-toxic goitre;non-toxic goitre, unspecified"	non-toxic goitre	non-toxic goitre
E05	"thyrotoxicosis [hyperthyroidism];thyrotoxicosis with diffuse goitre;thyrotoxicosis with toxic single thyroid nodule;thyrotoxicosis with toxic multinodular goitre;thyrotoxicosis from ectopic thyroid tissue;thyrotoxicosis factitia;thyroid crisis or storm;other thyrotoxicosis;thyrotoxicosis, unspecified"	thyrotoxicosis [hyperthyroidism]	thyrotoxicosis [hyperthyroidism]
E06	"thyroiditis;acute thyroiditis;subacute thyroiditis;chronic thyroiditis with transient thyrotoxicosis;autoimmune thyroiditis;drug-induced thyroiditis;other chronic thyroiditis;thyroiditis, unspecified"	thyroiditis	thyroiditis
E07	"other disorders of thyroid;hypersecretion of calcitonin;dyshormogenetic goitre;other specified disorders of thyroid;disorder of thyroid, unspecified"	disorders of thyroid	disorders of thyroid
E10	insulin-dependent diabetes mellitus;with coma;with ketoacidosis;with renal complications;with ophthalmic complications;with neurological complications;with peripheral circulatory complications;with other specified complications;with multiple complications;with unspecified complications;without complications	insulin-dependent diabetes mellitus	insulin-dependent diabetes mellitus
E11	non-insulin-dependent diabetes mellitus;with coma;with ketoacidosis;with renal complications;with ophthalmic complications;with neurological complications;with peripheral circulatory complications;with other specified complications;with multiple complications;with unspecified complications;without complications	non-insulin-dependent diabetes mellitus	non-insulin-dependent diabetes mellitus
E12	malnutrition-related diabetes mellitus;with coma;with ketoacidosis;with renal complications;with ophthalmic complications;with neurological complications;with peripheral circulatory complications;with other specified complications;with multiple complications;with unspecified complications;without complications	malnutrition-related diabetes mellitus	malnutrition-related diabetes mellitus
E13	other specified diabetes mellitus;with coma;with ketoacidosis;with renal complications;with ophthalmic complications;with neurological complications;with peripheral circulatory complications;with other specified complications;with multiple complications;with unspecified complications;without complications	specified diabetes mellitus	specified diabetes mellitus
E14	unspecified diabetes mellitus;with coma;with ketoacidosis;withrenal complications;with ophthalmic complications;with neurological complications;with peripheral circulatory complications;with other specified complications;with multiple complications;with unspecified complications;without complications	unspecified diabetes mellitus	diabetes mellitus
E15	nondiabetic hypoglycaemic coma	nondiabetic hypoglycaemic coma	nondiabetic hypoglycaemic coma
E16	"other disorders of pancreatic internal secretion;drug-induced hypoglycaemia without coma;other hypoglycaemia;hypoglycaemia, unspecified;increased secretion of glucagon;abnormal secretion of gastrin;other specified disorders of pancreatic internal secretion;disorder of pancreatic internal secretion, unspecified"	disorders of pancreatic internal secretion	disorders of pancreatic internal secretion
E20	"hypoparathyroidism;idiopathic hypoparathyroidism;pseudohypoparathyroidism;other hypoparathyroidism;hypoparathyroidism, unspecified"	hypoparathyroidism	hypoparathyroidism
E21	"hyperparathyroidism and other disorders of parathyroid gland;primary hyperparathyroidism;secondary hyperparathyroidism, not elsewhere classified;other hyperparathyroidism;hyperparathyroidism, unspecified;other specified disorders of parathyroid gland;disorder of parathyroid gland, unspecified"	hyperparathyroidism and disorders of parathyroid gland	hyperparathyroidism and disorders of parathyroid gland
E22	"hyperfunction of pituitary gland;acromegaly and pituitary gigantism;hyperprolactinaemia;syndrome of inappropriate secretion of antidiuretic hormone;other hyperfunction of pituitary gland;hyperfunction of pituitary gland, unspecified"	hyperfunction of pituitary gland	hyperfunction of pituitary gland
E23	"hypofunction and other disorders of pituitary gland;hypopituitarism;drug-induced hypopituitarism;diabetes insipidus;hypothalamic dysfunction, not elsewhere classified;other disorders of pituitary gland;disorder of pituitary gland, unspecified"	hypofunction and disorders of pituitary gland	hypofunction and disorders of pituitary gland
E24	"cushing's syndrome;pituitary-dependent cushing's disease;nelson's syndrome;drug-induced cushing's syndrome;ectopic acth syndrome;alcohol-induced pseudo-cushing's syndrome;other cushing's syndrome;cushing's syndrome, unspecified"	cushing's syndrome	cushing's syndrome
E25	"adrenogenital disorders;congenital adrenogenital disorders associated with enzyme deficiency;other adrenogenital disorders;adrenogenital disorder, unspecified"	adrenogenital disorders	adrenogenital disorders
E26	"hyperaldosteronism;primary hyperaldosteronism;secondary hyperaldosteronism;other hyperaldosteronism;hyperaldosteronism, unspecified"	hyperaldosteronism	hyperaldosteronism
E27	"other disorders of adrenal gland;other adrenocortical overactivity;primary adrenocortical insufficiency;addisonian crisis;drug-induced adrenocortical insufficiency;other and unspecified adrenocortical insufficiency;adrenomedullary hyperfunction;other specified disorders of adrenal gland;disorder of adrenal gland, unspecified"	disorders of adrenal gland	disorders of adrenal gland
E28	"ovarian dysfunction;oestrogen excess;androgen excess;polycystic ovarian syndrome;primary ovarian failure;other ovarian dysfunction;ovarian dysfunction, unspecified"	ovarian dysfunction	ovarian dysfunction
E29	"testicular dysfunction;testicular hyperfunction;testicular hypofunction;other testicular dysfunction;testicular dysfunction, unspecified"	testicular dysfunction	testicular dysfunction
E30	"disorders of puberty, not elsewhere classified;delayed puberty;precocious puberty;other disorders of puberty;disorder of puberty, unspecified"	"disorders of puberty, not elsewhere classified"	disorders of puberty
E31	"polyglandular dysfunction;autoimmune polyglandular failure;polyglandular hyperfunction;other polyglandular dysfunction;polyglandular dysfunction, unspecified"	polyglandular dysfunction	polyglandular dysfunction
E32	"diseases of thymus;persistent hyperplasia of thymus;abscess of thymus;other diseases of thymus;disease of thymus, unspecified"	diseases of thymus	diseases of thymus
E34	"other endocrine disorders;carcinoid syndrome;other hypersecretion of intestinal hormones;ectopic hormone secretion, not elsewhere classified;short stature, not elsewhere classified;constitutional tall stature;androgen resistance syndrome;other specified endocrine disorders;endocrine disorder, unspecified"	endocrine disorders	endocrine disorders
E35	disorders of endocrine glands in diseases classified elsewhere;disorders of thyroid gland in diseases classified elsewhere;disorders of adrenal glands in diseases classified elsewhere;disorders of other endocrine glands in diseases classified elsewhere	disorders of endocrine glands in diseases classified elsewhere	disorders of endocrine glands in diseases classified elsewhere
E40	kwashiorkor	kwashiorkor	kwashiorkor
E41	nutritional marasmus	nutritional marasmus	nutritional marasmus
E42	marasmic kwashiorkor	marasmic kwashiorkor	marasmic kwashiorkor
E43	unspecified severe protein-energy malnutrition	unspecified severe protein-energy malnutrition	severe protein-energy malnutrition
E44	protein-energy malnutrition of moderate and mild degree;moderate protein-energy malnutrition;mild protein-energy malnutrition	moderate protein-energy malnutrition	moderate protein-energy malnutrition
E45	retarded development following protein-energy malnutrition	retarded development following protein-energy malnutrition	retarded development following protein-energy malnutrition
E46	unspecified protein-energy malnutrition	unspecified protein-energy malnutrition	protein-energy malnutrition
E50	"vitamin a deficiency;vitamin a deficiency with conjunctival xerosis;vitamin a deficiency with bitot's spot and conjunctival xerosis;vitamin a deficiency with corneal xerosis;vitamin a deficiency with corneal ulceration and xerosis;vitamin a deficiency with keratomalacia;vitamin a deficiency with night blindness;vitamin a deficiency with xerophthalmic scars of cornea;other ocular manifestations of vitamin a deficiency;other manifestations of vitamin a deficiency;vitamin a deficiency, unspecified"	vitamin a deficiency	vitamin a deficiency
E51	"thiamine deficiency;beriberi;wernicke's encephalopathy;other manifestations of thiamine deficiency;thiamine deficiency, unspecified"	thiamine deficiency	thiamine deficiency
E52	niacin deficiency [pellagra]	niacin deficiency [pellagra]	niacin deficiency [pellagra]
E53	"deficiency of other b group vitamins;riboflavin deficiency;pyridoxine deficiency;deficiency of other specified b group vitamins;vitamin b deficiency, unspecified"	deficiency of b group vitamins	deficiency of b group vitamins
E54	ascorbic acid deficiency	ascorbic acid deficiency	ascorbic acid deficiency
E55	"vitamin d deficiency;rickets, active;vitamin d deficiency, unspecified"	vitamin d deficiency	vitamin d deficiency
E56	"other vitamin deficiencies;deficiency of vitamin e;deficiency of vitamin k;deficiency of other vitamins;vitamin deficiency, unspecified"	vitamin deficiencies	vitamin deficiencies
E58	dietary calcium deficiency	dietary calcium deficiency	dietary calcium deficiency
E59	dietary selenium deficiency	dietary selenium deficiency	dietary selenium deficiency
E60	dietary zinc deficiency	dietary zinc deficiency	dietary zinc deficiency
E61	"deficiency of other nutrient elements;copper deficiency;iron deficiency;magnesium deficiency;manganese deficiency;chromium deficiency;molybdenum deficiency;vanadium deficiency;deficiency of multiple nutrient elements;deficiency of other specified nutrient elements;deficiency of nutrient element, unspecified"	deficiency of nutrient elements	deficiency of nutrient elements
E63	"other nutritional deficiencies;essential fatty acid [efa] deficiency;imbalance of constituents of food intake;other specified nutritional deficiencies;nutritional deficiency, unspecified"	nutritional deficiencies	nutritional deficiencies
E64	sequelae of malnutrition and other nutritional deficiencies;sequelae of protein-energy malnutrition;sequelae of vitamin a deficiency;sequelae of vitamin c deficiency;sequelae of rickets;sequelae of other nutritional deficiencies;sequelae of unspecified nutritional deficiency	sequelae of malnutrition and nutritional deficiencies	sequelae of malnutrition and nutritional deficiencies
E65	localised adiposity	localised adiposity	localised adiposity
E66	"obesity;obesity due to excess calories;drug-induced obesity;extreme obesity with alveolar hypoventilation;other obesity;obesity, unspecified"	obesity	obesity
E67	other hyperalimentation;hypervitaminosis a;hypercarotenaemia;megavitamin-b6 syndrome;hypervitaminosis d;other specified hyperalimentation	hyperalimentation	hyperalimentation
E68	sequelae of hyperalimentation	sequelae of hyperalimentation	sequelae of hyperalimentation
E70	"disorders of aromatic amino-acid metabolism;classical phenylketonuria;other hyperphenylalaninaemias;disorders of tyrosine metabolism;albinism;other disorders of aromatic amino-acid metabolism;disorder of aromatic amino-acid metabolism, unspecified"	disorders of aromatic amino-acid metabolism	disorders of aromatic amino-acid metabolism
E71	"disorders of branched-chain amino-acid metabolism and fatty-acid metabolism;maple-syrup-urine disease;other disorders of branched-chain amino-acid metabolism;disorder of branched-chain amino-acid metabolism, unspecified;disorders of fatty-acid metabolism"	disorders of branched-chain amino-acid metabolism and fatty-acid metabolism	disorders of branched-chain amino-acid metabolism and fatty-acid metabolism
E72	"other disorders of amino-acid metabolism;disorders of amino-acid transport;disorders of sulphur-bearing amino-acid metabolism;disorders of urea cycle metabolism;disorders of lysine and hydroxylysine metabolism;disorders of ornithine metabolism;disorders of glycine metabolism;other specified disorders of amino-acid metabolism;disorder of amino-acid metabolism, unspecified"	disorders of amino-acid metabolism	disorders of amino-acid metabolism
E73	"lactose intolerance;congenital lactase deficiency;secondary lactase deficiency;other lactose intolerance;lactose intolerance, unspecified"	lactose intolerance	lactose intolerance
E74	"other disorders of carbohydrate metabolism;glycogen storage disease;disorders of fructose metabolism;disorders of galactose metabolism;other disorders of intestinal carbohydrate absorption;disorders of pyruvate metabolism and gluconeogenesis;other specified disorders of carbohydrate metabolism;disorder of carbohydrate metabolism, unspecified"	disorders of carbohydrate metabolism	disorders of carbohydrate metabolism
E75	"disorders of sphingolipid metabolism and other lipid storage disorders;gm2 gangliosidosis;other gangliosidosis;other sphingolipidosis;sphingolipidosis, unspecified;neuronal ceroid lipofuscinosis;other lipid storage disorders;lipid storage disorder, unspecified"	disorders of sphingolipid metabolism and lipid storage disorders	disorders of sphingolipid metabolism and lipid storage disorders
E76	"disorders of glycosaminoglycan metabolism;mucopolysaccharidosis, type i;mucopolysaccharidosis, type ii;other mucopolysaccharidoses;mucopolysaccharidosis, unspecified;other disorders of glucosaminoglycan metabolism;disorder of glucosaminoglycan metabolism, unspecified"	disorders of glycosaminoglycan metabolism	disorders of glycosaminoglycan metabolism
E77	"disorders of glycoprotein metabolism;defects in posttranslational modification of lysosomal enzymes;defects in glycoprotein degradation;other disorders of glycoprotein metabolism;disorder of glycoprotein metabolism, unspecified"	disorders of glycoprotein metabolism	disorders of glycoprotein metabolism
E78	"disorders of lipoprotein metabolism and other lipidaemias;pure hypercholesterolaemia;pure hyperglyceridaemia;mixed hyperlipidaemia;hyperchylomicronaemia;other hyperlipidaemia;hyperlipidaemia, unspecified;lipoprotein deficiency;other disorders of lipoprotein metabolism;disorder of lipoprotein metabolism, unspecified"	disorders of lipoprotein metabolism and lipidaemias	disorders of lipoprotein metabolism and lipidaemias
E79	"disorders of purine and pyrimidine metabolism;hyperuricaemia without signs of inflammatory arthritis and tophaceous disease;lesch-nyhan syndrome;other disorders of purine and pyrimidine metabolism;disorder of purine and pyrimidine metabolism, unspecified"	disorders of purine and pyrimidine metabolism	disorders of purine and pyrimidine metabolism
E80	"disorders of porphyrin and bilirubin metabolism;hereditary erythropoietic porphyria;porphyria cutanea tarda;other porphyria;defects of catalase and peroxydase;gilbert's syndrome;crigler-najjar syndrome;other disorders of bilirubin metabolism;disorder of bilirubin metabolism, unspecified"	disorders of porphyrin and bilirubin metabolism	disorders of porphyrin and bilirubin metabolism
E83	"disorders of mineral metabolism;disorders of copper metabolism;disorders of iron metabolism;disorders of zinc metabolism;disorders of phosphorus metabolism;disorders of magnesium metabolism;disorders of calcium metabolism;other disorders of mineral metabolism;disorder of mineral metabolism, unspecified"	disorders of mineral metabolism	disorders of mineral metabolism
E84	"cystic fibrosis;cystic fibrosis with pulmonary manifestations;cystic fibrosis with intestinal manifestations;cystic fibrosis with other manifestations;cystic fibrosis, unspecified"	cystic fibrosis	cystic fibrosis
E85	"amyloidosis;nonneuropathic heredofamilial amyloidosis;neuropathic heredofamilial amyloidosis;heredofamilial amyloidosis, unspecified;secondary systemic amyloidosis;organ-limited amyloidosis;other amyloidosis;amyloidosis, unspecified"	amyloidosis	amyloidosis
E86	volume depletion	volume depletion	volume depletion
E87	"other disorders of fluid, electrolyte and acid-base balance;hyperosmolality and hypernatraemia;hypo-osmolality and hyponatraemia;acidosis;alkalosis;mixed disorder of acid-base balance;hyperkalaemia;hypokalaemia;fluid overload;other disorders of electrolyte and fluid balance, not elsewhere classified"	"disorders of fluid, electrolyte and acid-base balance"	"disorders of fluid, electrolyte and acid-base balance"
E88	"other metabolic disorders;disorders of plasma-protein metabolism, not elsewhere classified;lipodystrophy, not elsewhere classified;lipomatosis, not elsewhere classified;tumour lysis syndrome;other specified metabolic disorders;metabolic disorder, unspecified"	metabolic disorders	metabolic disorders
E89	"postprocedural endocrine and metabolic disorders, not elsewhere classified;postprocedural hypothyroidism;postprocedural hypoinsulinaemia;postprocedural hypoparathyroidism;postprocedural hypopituitarism;postprocedural ovarian failure;postprocedural testicular hypofunction;postprocedural adrenocortical(-medullary) hypofunction;other postprocedural endocrine and metabolic disorders;postprocedural endocrine and metabolic disorder, unspecified"	postprocedural endocrine and metabolic disorders	postprocedural endocrine and metabolic disorders
E90	nutritional and metabolic disorders in diseases classified elsewhere	nutritional and metabolic disorders in diseases classified elsewhere	nutritional and metabolic disorders in diseases classified elsewhere
F00	"dementia in alzheimer's disease;dementia in alzheimer's disease with early onset;dementia in alzheimer's disease with late onset;dementia in alzheimer's disease, atypical or mixed type;dementia in alzheimer's disease, unspecified"	dementia in alzheimer's disease	dementia in alzheimer's disease
F01	"vascular dementia;vascular dementia of acute onset;multi-infarct dementia;subcortical vascular dementia;mixed cortical and subcortical vascular dementia;other vascular dementia;vascular dementia, unspecified"	vascular dementia	vascular dementia
F02	dementia in other diseases classified elsewhere;dementia in pick's disease;dementia in creutzfeldt-jakob disease;dementia in huntington's disease;dementia in parkinson's disease;dementia in human immunodeficiency virus [hiv] disease;dementia in other specified diseases classified elsewhere	dementia in diseases classified elsewhere	dementia in diseases classified elsewhere
F03	unspecified dementia	unspecified dementia	dementia
F04	"organic amnesic syndrome, not induced by alcohol and other psychoactive substances"	"organic amnesic syndrome, not induced by alcohol and psychoactive substances"	organic amnesic syndrome
F05	"delirium, not induced by alcohol and other psychoactive substances;delirium not superimposed on dementia, so described;delirium superimposed on dementia;other delirium;delirium, unspecified"	"delirium, not induced by alcohol and psychoactive substances"	delirium
F06	other mental disorders due to brain damage and dysfunction and to physical disease;organic hallucinosis;organic catatonic disorder;organic delusional [schizophrenia-like] disorder;organic mood [affective] disorders;organic anxiety disorder;organic dissociative disorder;organic emotionally labile [asthenic] disorder;mild cognitive disorder;other specified mental disorders due to brain damage and dysfunction and to physical disease;unspecified mental disorder due to brain damage and dysfunction and to physical disease	mental disorders due to brain damage and dysfunction and to physical disease	mental disorders due to brain damage and dysfunction and to physical disease
F07	"personality and behavioural disorders due to brain disease, damage and dysfunction;organic personality disorder;postencephalitic syndrome;postconcussional syndrome;other organic personality and behavioural disorders due to brain disease, damage and dysfunction;unspecified organic personality and behavioural disorder due to brain disease, damage and dysfunction"	"personality and behavioural disorders due to brain disease, damage and dysfunction"	"personality and behavioural disorders due to brain disease, damage and dysfunction"
F09	unspecified organic or symptomatic mental disorder	unspecified organic or symptomatic mental disorder	organic or symptomatic mental disorder
F10	mental and behavioural disorders due to use of alcohol;acute intoxication;harmful use;dependence syndrome;withdrawal state;withdrawal state with delirium;psychotic disorder;amnesic syndrome;residual and late-onset psychotic disorder;other mental and behavioural disorders;unspecified mental and behavioural disorder	mental and behavioural disorders due to use of alcohol	mental and behavioural disorders due to use of alcohol
F11	mental and behavioural disorders due to use of opioids;acute intoxication;harmful use;dependence syndrome;withdrawal state;withdrawal state with delirium;psychotic disorder;amnesic syndrome;residual and late-onset psychotic disorder;other mental and behavioural disorders;unspecified mental and behavioural disorder	mental and behavioural disorders due to use of opioids	mental and behavioural disorders due to use of opioids
F12	mental and behavioural disorders due to use of cannabinoids;acute intoxication;harmful use;dependence syndrome;withdrawal state;withdrawal state with delirium;psychotic disorder;amnesic syndrome;residual and late-onset psychotic disorder;other mental and behavioural disorders;unspecified mental and behavioural disorder	mental and behavioural disorders due to use of cannabinoids	mental and behavioural disorders due to use of cannabinoids
F13	mental and behavioural disorders due to use of sedatives or hypnotics;acute intoxication;harmful use;dependence syndrome;withdrawal state;withdrawal state with delirium;psychotic disorder;amnesic syndrome;residual and late-onset psychotic disorder;other mental and behavioural disorders;unspecified mental and behavioural disorder	mental and behavioural disorders due to use of sedatives or hypnotics	mental and behavioural disorders due to use of sedatives or hypnotics
F14	mental and behavioural disorders due to use of cocaine;acute intoxication;harmful use;dependence syndrome;withdrawal state;withdrawal state with delirium;psychotic disorder;amnesic syndrome;residual and late-onset psychotic disorder;other mental and behavioural disorders;unspecified mental and behavioural disorder	mental and behavioural disorders due to use of cocaine	mental and behavioural disorders due to use of cocaine
F15	"mental and behavioural disorders due to use of other stimulants, including caffeine;acute intoxication;harmful use;dependence syndrome;withdrawal state;withdrawal state with delirium;psychotic disorder;amnesic syndrome;residual and late-onset psychotic disorder;other mental and behavioural disorders;unspecified mental and behavioural disorder"	"mental and behavioural disorders due to use of stimulants, including caffeine"	"mental and behavioural disorders due to use of stimulants, including caffeine"
F16	mental and behavioural disorders due to use of hallucinogens;acute intoxication;harmful use;dependence syndrome;withdrawal state;withdrawal state with delirium;psychotic disorder;amnesic syndrome;residual and late-onset psychotic disorder;other mental and behavioural disorders;unspecified mental and behavioural disorder	mental and behavioural disorders due to use of hallucinogens	mental and behavioural disorders due to use of hallucinogens
F17	mental and behavioural disorders due to use of tobacco;acute intoxication;harmful use;dependence syndrome;withdrawal state;withdrawal state with delirium;psychotic disorder;amnesic syndrome;residual and late-onset psychotic disorder;other mental and behavioural disorders;unspecified mental and behavioural disorder	mental and behavioural disorders due to use of tobacco	mental and behavioural disorders due to use of tobacco
F18	mental and behavioural disorders due to use of volatile solvents;acute intoxication;harmful use;dependence syndrome;withdrawal state;withdrawal state with delirium;psychotic disorder;amnesic syndrome;residual and late-onset psychotic disorder;other mental and behavioural disorders;unspecified mental and behavioural disorder	mental and behavioural disorders due to use of volatile solvents	mental and behavioural disorders due to use of volatile solvents
F19	mental and behavioural disorders due to multiple drug use and use of other psychoactive substances;acute intoxication;harmful use;dependence syndrome;withdrawal state;withdrawal state with delirium;psychotic disorder;amnesic syndrome;residual and late-onset psychotic disorder;other mental and behavioural disorders;unspecified mental and behavioural disorder	mental and behavioural disorders due to multiple drug use and use of psychoactive substances	mental and behavioural disorders due to multiple drug use and use of psychoactive substances
F20	"schizophrenia;paranoid schizophrenia;hebephrenic schizophrenia;catatonic schizophrenia;undifferentiated schizophrenia;postschizophrenic depression;residual schizophrenia;simple schizophrenia;other schizophrenia;schizophrenia, unspecified"	schizophrenia	schizophrenia
F21	schizotypal disorder	schizotypal disorder	schizotypal disorder
F22	"persistent delusional disorders;delusional disorder;other persistent delusional disorders;persistent delusional disorder, unspecified"	persistent delusional disorders	persistent delusional disorders
F23	"acute and transient psychotic disorders;acute polymorphic psychotic disorder without symptoms of schizophrenia;acute polymorphic psychotic disorder with symptoms of schizophrenia;acute schizophrenia-like psychotic disorder;other acute predominantly delusional psychotic disorders;other acute and transient psychotic disorders;acute and transient psychotic disorder, unspecified"	acute and transient psychotic disorders	acute and transient psychotic disorders
F24	induced delusional disorder	induced delusional disorder	induced delusional disorder
F25	"schizoaffective disorders;schizoaffective disorder, manic type;schizoaffective disorder, depressive type;schizoaffective disorder, mixed type;other schizoaffective disorders;schizoaffective disorder, unspecified"	schizoaffective disorders	schizoaffective disorders
F28	other nonorganic psychotic disorders	nonorganic psychotic disorders	psychotic disorders
F29	unspecified nonorganic psychosis	unspecified nonorganic psychosis	psychosis
F30	"manic episode;hypomania;mania without psychotic symptoms;mania with psychotic symptoms;other manic episodes;manic episode, unspecified"	manic episode	manic episode
F31	"bipolar affective disorder;bipolar affective disorder, current episode hypomanic;bipolar affective disorder, current episode manic without psychotic symptoms;bipolar affective disorder, current episode manic with psychotic symptoms;bipolar affective disorder, current episode mild or moderate depression;bipolar affective disorder, current episode severe depression without psychotic symptoms;bipolar affective disorder, current episode severe depression with psychotic symptoms;bipolar affective disorder, current episode mixed;bipolar affective disorder, currently in remission;other bipolar affective disorders;bipolar affective disorder, unspecified"	bipolar affective disorder	bipolar affective disorder
F32	"depressive episode;mild depressive episode;moderate depressive episode;severe depressive episode without psychotic symptoms;severe depressive episode with psychotic symptoms;other depressive episodes;depressive episode, unspecified"	depressive episode	depressive episode
F33	"recurrent depressive disorder;recurrent depressive disorder, current episode mild;recurrent depressive disorder, current episode moderate;recurrent depressive disorder, current episode severe without psychotic symptoms;recurrent depressive disorder, current episode severe with psychotic symptoms;recurrent depressive disorder, currently in remission;other recurrent depressive disorders;recurrent depressive disorder, unspecified"	recurrent depressive disorder	recurrent depressive disorder
F34	"persistent mood [affective] disorders;cyclothymia;dysthymia;other persistent mood [affective] disorders;persistent mood [affective] disorder, unspecified"	persistent mood [affective] disorders	persistent mood [affective] disorders
F38	other mood [affective] disorders;other single mood [affective] disorders;other recurrent mood [affective] disorders;other specified mood [affective] disorders	mood [affective] disorders	mood [affective] disorders
F39	unspecified mood [affective] disorder	unspecified mood [affective] disorder	mood [affective] disorder
F40	"phobic anxiety disorders;agoraphobia;social phobias;specific (isolated) phobias;other phobic anxiety disorders;phobic anxiety disorder, unspecified"	phobic anxiety disorders	phobic anxiety disorders
F41	"other anxiety disorders;panic disorder [episodic paroxysmal anxiety];generalised anxiety disorder;mixed anxiety and depressive disorder;other mixed anxiety disorders;other specified anxiety disorders;anxiety disorder, unspecified"	anxiety disorders	anxiety disorders
F42	"obsessive-compulsive disorder;predominantly obsessional thoughts or ruminations;predominantly compulsive acts [obsessional rituals];mixed obsessional thoughts and acts;other obsessive-compulsive disorders;obsessive-compulsive disorder, unspecified"	obsessive-compulsive disorder	obsessive-compulsive disorder
F43	"reaction to severe stress, and adjustment disorders;acute stress reaction;posttraumatic stress disorder;adjustment disorders;other reactions to severe stress;reaction to severe stress, unspecified"	"reaction to severe stress, and adjustment disorders"	"reaction to severe stress, and adjustment disorders"
F44	"dissociative [conversion] disorders;dissociative amnesia;dissociative fugue;dissociative stupor;trance and possession disorders;dissociative motor disorders;dissociative convulsions;dissociative anaesthesia and sensory loss;mixed dissociative [conversion] disorders;other dissociative [conversion] disorders;dissociative [conversion] disorder, unspecified"	dissociative [conversion] disorders	dissociative [conversion] disorders
F45	"somatoform disorders;somatisation disorder;undifferentiated somatoform disorder;hypochondriacal disorder;somatoform autonomic dysfunction;persistent somatoform pain disorder;other somatoform disorders;somatoform disorder, unspecified"	somatoform disorders	somatoform disorders
F48	"other neurotic disorders;neurasthenia;depersonalisation-derealisation syndrome;other specified neurotic disorders;neurotic disorder, unspecified"	neurotic disorders	neurotic disorders
F50	"eating disorders;anorexia nervosa;atypical anorexia nervosa;bulimia nervosa;atypical bulimia nervosa;overeating associated with other psychological disturbances;vomiting associated with other psychological disturbances;other eating disorders;eating disorder, unspecified"	eating disorders	eating disorders
F51	"nonorganic sleep disorders;nonorganic insomnia;nonorganic hypersomnia;nonorganic disorder of the sleep-wake schedule;sleepwalking [somnambulism];sleep terrors [night terrors];nightmares;other nonorganic sleep disorders;nonorganic sleep disorder, unspecified"	nonorganic sleep disorders	sleep disorders
F52	"sexual dysfunction, not caused by organic disorder or disease;lack or loss of sexual desire;sexual aversion and lack of sexual enjoyment;failure of genital response;orgasmic dysfunction;premature ejaculation;nonorganic vaginismus;nonorganic dyspareunia;excessive sexual drive;other sexual dysfunction, not caused by organic disorder or disease;unspecified sexual dysfunction, not caused by organic disorder or disease"	"sexual dysfunction, not caused by organic disorder or disease"	sexual dysfunction
F53	"mental and behavioural disorders associated with the puerperium, not elsewhere classified;mild mental and behavioural disorders associated with the puerperium, not elsewhere classified;severe mental and behavioural disorders associated with the puerperium, not elsewhere classified;other mental and behavioural disorders associated with the puerperium, not elsewhere classified;puerperal mental disorder, unspecified"	"mental and behavioural disorders associated with the puerperium, not elsewhere classified"	mental and behavioural disorders associated with the puerperium
F54	psychological and behavioural factors associated with disorders or diseases classified elsewhere	psychological and behavioural factors associated with disorders or diseases classified elsewhere	psychological and behavioural factors associated with disorders or diseases classified elsewhere
F55	abuse of non-dependence-producing substances	abuse of non-dependence-producing substances	abuse of non-dependence-producing substances
F59	unspecified behavioural syndromes associated with physiological disturbances and physical factors	unspecified behavioural syndromes associated with physiological disturbances and physical factors	behavioural syndromes associated with physiological disturbances and physical factors
F60	"specific personality disorders;paranoid personality disorder;schizoid personality disorder;dissocial personality disorder;emotionally unstable personality disorder;histrionic personality disorder;anankastic personality disorder;anxious [avoidant] personality disorder;dependent personality disorder;other specific personality disorders;personality disorder, unspecified"	specific personality disorders	specific personality disorders
F61	mixed and other personality disorders	mixed and personality disorders	mixed and personality disorders
F62	"enduring personality changes, not attributable to brain damage and disease;enduring personality change after catastrophic experience;enduring personality change after psychiatric illness;other enduring personality changes;enduring personality change, unspecified"	"enduring personality changes, not attributable to brain damage and disease"	enduring personality changes attributable to brain damage and disease
F63	"habit and impulse disorders;pathological gambling;pathological fire-setting [pyromania];pathological stealing [kleptomania];trichotillomania;other habit and impulse disorders;habit and impulse disorder, unspecified"	habit and impulse disorders	habit and impulse disorders
F64	"gender identity disorders;transsexualism;dual-role transvestism;gender identity disorder of childhood;other gender identity disorders;gender identity disorder, unspecified"	gender identity disorders	gender identity disorders
F65	"disorders of sexual preference;fetishism;fetishistic transvestism;exhibitionism;voyeurism;paedophilia;sadomasochism;multiple disorders of sexual preference;other disorders of sexual preference;disorder of sexual preference, unspecified"	disorders of sexual preference	disorders of sexual preference
F66	"psychological and behavioural disorders associated with sexual development and orientation;sexual maturation disorder;egodystonic sexual orientation;sexual relationship disorder;other psychosexual development disorders;psychosexual development disorder, unspecified"	psychological and behavioural disorders associated with sexual development and orientation	psychological and behavioural disorders associated with sexual development and orientation
F68	"other disorders of adult personality and behaviour;elaboration of physical symptoms for psychological reasons;intentional production or feigning of symptoms or disabilities, either physical or psychological [factitious disorder];other specified disorders of adult personality and behaviour"	disorders of adult personality and behaviour	disorders of adult personality and behaviour
F69	unspecified disorder of adult personality and behaviour	unspecified disorder of adult personality and behaviour	disorder of adult personality and behaviour
F70	"mild mental retardation;mild mental retardation (with the statement of no, or minimal, impairment of behaviour);mild mental retardation (significant impairment of behaviour requiring attention or treatment);mild mental retardation (other impairments of behaviour);mild mental retardation (without mention of impairment of behaviour)"	mild mental retardation	mild mental retardation
F71	"moderate mental retardation;moderate mental retardation (with the statement of no, or minimal, impairment of behaviour);moderate mental retardation (significant impairment of behaviour requiring attention or treatment);moderate mental retardation (other impairments of behaviour);moderate mental retardation (without mention of impairment of behaviour)"	moderate mental retardation	moderate mental retardation
F72	"severe mental retardation;severe mental retardation (with the statement of no, or minimal, impairment of behaviour);severe mental retardation (significant impairment of behaviour requiring attention or treatment);severe mental retardation (other impairments of behaviour);severe mental retardation (without mention of impairment of behaviour)"	severe mental retardation	severe mental retardation
F73	"profound mental retardation;profound mental retardation (with the statement of no, or minimal, impairment of behaviour);profound mental retardation (significant impairment of behaviour requiring attention or treatment);profound mental retardation (other impairments of behaviour);profound mental retardation (without mention of impairment of behaviour)"	profound mental retardation	profound mental retardation
F78	"other mental retardation;other mental retardation (with the statement of no, or minimal, impairment of behaviour);other mental retardation (significant impairment of behaviour requiring attention or treatment);other mental retardation (other impairments of behaviour);other mental retardation (without mention of impairment of behaviour)"	mental retardation	mental retardation
F79	"unspecified mental retardation;unspecified mental retardation (with the statement of no, or minimal, impairment of behaviour);unspecified mental retardation (significant impairment of behaviour requiring attention or treatment);unspecified mental retardation (other impairments of behaviour);unspecified mental retardation (without mention of impairment of behaviour)"	unspecified mental retardation	mental retardation
F80	"specific developmental disorders of speech and language;specific speech articulation disorder;expressive language disorder;receptive language disorder;acquired aphasia with epilepsy [landau-kleffner];other developmental disorders of speech and language;developmental disorder of speech and language, unspecified"	specific developmental disorders of speech and language	specific developmental disorders of speech and language
F81	"specific developmental disorders of scholastic skills;specific reading disorder;specific spelling disorder;specific disorder of arithmetical skills;mixed disorder of scholastic skills;other developmental disorders of scholastic skills;developmental disorder of scholastic skills, unspecified"	specific developmental disorders of scholastic skills	specific developmental disorders of scholastic skills
F82	specific developmental disorder of motor function	specific developmental disorder of motor function	specific developmental disorder of motor function
F83	mixed specific developmental disorders	mixed specific developmental disorders	mixed specific developmental disorders
F84	"pervasive developmental disorders;childhood autism;atypical autism;rett's syndrome;other childhood disintegrative disorder;overactive disorder associated with mental retardation and stereotyped movements;asperger's syndrome;other pervasive developmental disorders;pervasive developmental disorder, unspecified"	pervasive developmental disorders	pervasive developmental disorders
F88	other disorders of psychological development	disorders of psychological development	disorders of psychological development
F89	unspecified disorder of psychological development	unspecified disorder of psychological development	disorder of psychological development
F90	"hyperkinetic disorders;disturbance of activity and attention;hyperkinetic conduct disorder;other hyperkinetic disorders;hyperkinetic disorder, unspecified"	hyperkinetic disorders	hyperkinetic disorders
F91	"conduct disorders;conduct disorder confined to the family context;unsocialised conduct disorder;socialised conduct disorder;oppositional defiant disorder;other conduct disorders;conduct disorder, unspecified"	conduct disorders	conduct disorders
F92	"mixed disorders of conduct and emotions;depressive conduct disorder;other mixed disorders of conduct and emotions;mixed disorder of conduct and emotions, unspecified"	mixed disorders of conduct and emotions	mixed disorders of conduct and emotions
F93	"emotional disorders with onset specific to childhood;separation anxiety disorder of childhood;phobic anxiety disorder of childhood;social anxiety disorder of childhood;sibling rivalry disorder;other childhood emotional disorders;childhood emotional disorder, unspecified"	emotional disorders with onset specific to childhood	emotional disorders with onset specific to childhood
F94	"disorders of social functioning with onset specific to childhood and adolescence;elective mutism;reactive attachment disorder of childhood;disinhibited attachment disorder of childhood;other childhood disorders of social functioning;childhood disorder of social functioning, unspecified"	disorders of social functioning with onset specific to childhood and adolescence	disorders of social functioning with onset specific to childhood and adolescence
F95	"tic disorders;transient tic disorder;chronic motor or vocal tic disorder;combined vocal and multiple motor tic disorder [de la tourette];other tic disorders;tic disorder, unspecified"	tic disorders	tic disorders
F98	other behavioural and emotional disorders with onset usually occurring in childhood and adolescence;nonorganic enuresis;nonorganic encopresis;feeding disorder of infancy and childhood;pica of infancy and childhood;stereotyped movement disorders;stuttering [stammering];cluttering;other specified behavioural and emotional disorders with onset usually occurring in childhood and adolescence;unspecified behavioural and emotional disorders with onset usually occurring in childhood and adolescence	behavioural and emotional disorders with onset usually occurring in childhood and adolescence	behavioural and emotional disorders with onset usually occurring in childhood and adolescence
F99	"mental disorder, not otherwise specified"	"mental disorder, not otherwise specified"	mental disorder
G00	"bacterial meningitis, not elsewhere classified;haemophilus meningitis;pneumococcal meningitis;streptococcal meningitis;staphylococcal meningitis;other bacterial meningitis;bacterial meningitis, unspecified"	"bacterial meningitis, not elsewhere classified"	bacterial meningitis
G01	meningitis in bacterial diseases classified elsewhere	meningitis in bacterial diseases classified elsewhere	meningitis in bacterial diseases classified elsewhere
G02	meningitis in other infectious and parasitic diseases classified elsewhere;meningitis in viral diseases classified elsewhere;meningitis in mycoses;meningitis in other specified infectious and parasitic diseases classified elsewhere	meningitis in infectious and parasitic diseases classified elsewhere	meningitis in infectious and parasitic diseases classified elsewhere
G03	"meningitis due to other and unspecified causes;nonpyogenic meningitis;chronic meningitis;benign recurrent meningitis [mollaret];meningitis due to other specified causes;meningitis, unspecified"	meningitis due to specified causes	meningitis due to specified causes
G04	"encephalitis, myelitis and encephalomyelitis;acute disseminated encephalitis;tropical spastic paraplegia;bacterial meningoencephalitis and meningomyelitis, not elsewhere classified;other encephalitis, myelitis and encephalomyelitis;encephalitis, myelitis and encephalomyelitis, unspecified"	"encephalitis, myelitis and encephalomyelitis"	"encephalitis, myelitis and encephalomyelitis"
G05	"encephalitis, myelitis and encephalomyelitis in diseases classified elsewhere;encephalitis, myelitis and encephalomyelitis in bacterial diseases classified elsewhere;encephalitis, myelitis and encephalomyelitis in viral diseases classified elsewhere;encephalitis, myelitis and encephalomyelitis in other infectious and parasitic diseases classified elsewhere;encephalitis, myelitis and encephalomyelitis in other diseases classified elsewhere"	"encephalitis, myelitis and encephalomyelitis in diseases classified elsewhere"	"encephalitis, myelitis and encephalomyelitis in diseases classified elsewhere"
G06	"intracranial and intraspinal abscess and granuloma;intracranial abscess and granuloma;intraspinal abscess and granuloma;extradural and subdural abscess, unspecified"	intracranial and intraspinal abscess and granuloma	intracranial and intraspinal abscess and granuloma
G07	intracranial and intraspinal abscess and granuloma in diseases classified elsewhere	intracranial and intraspinal abscess and granuloma in diseases classified elsewhere	intracranial and intraspinal abscess and granuloma in diseases classified elsewhere
G08	intracranial and intraspinal phlebitis and thrombophlebitis	intracranial and intraspinal phlebitis and thrombophlebitis	intracranial and intraspinal phlebitis and thrombophlebitis
G09	sequelae of inflammatory diseases of central nervous system	sequelae of inflammatory diseases of central nervous system	sequelae of inflammatory diseases of central nervous system
G10	huntington's disease	huntington's disease	huntington's disease
G11	"hereditary ataxia;congenital nonprogressive ataxia;early-onset cerebellar ataxia;late-onset cerebellar ataxia;cerebellar ataxia with defective dna repair;hereditary spastic paraplegia;other hereditary ataxias;hereditary ataxia, unspecified"	hereditary ataxia	hereditary ataxia
G12	"spinal muscular atrophy and related syndromes;infantile spinal muscular atrophy, type i [werdnig-hoffman];other inherited spinal muscular atrophy;motor neuron disease;other spinal muscular atrophies and related syndromes;spinal muscular atrophy, unspecified"	spinal muscular atrophy and related syndromes	spinal muscular atrophy and related syndromes
G13	systemic atrophies primarily affecting central nervous system in diseases classified elsewhere;paraneoplastic neuromyopathy and neuropathy;other systemic atrophy primarily affecting central nervous system in neoplastic disease;systemic atrophy primarily affecting central nervous system in myxoedema;systemic atrophy primarily affecting central nervous system in other diseases classified elsewhere	systemic atrophies primarily affecting central nervous system in diseases classified elsewhere	systemic atrophies primarily affecting central nervous system in diseases classified elsewhere
G14	postpolio syndrome	postpolio syndrome	postpolio syndrome
G20	parkinson's disease	parkinson's disease	parkinson's disease
G21	"secondary parkinsonism;malignant neuroleptic syndrome;other drug-induced secondary parkinsonism;secondary parkinsonism due to other external agents;postencephalitic parkinsonism;vascular parkinsonism;other secondary parkinsonism;secondary parkinsonism, unspecified"	secondary parkinsonism	secondary parkinsonism
G22	parkinsonism in diseases classified elsewhere	parkinsonism in diseases classified elsewhere	parkinsonism in diseases classified elsewhere
G23	"other degenerative diseases of basal ganglia;hallervorden-spatz disease;progressive supranuclear ophthalmoplegia [steele-richardson-olszewski];striatonigral degeneration;multiple system atrophy, cerebellar type;other specified degenerative diseases of basal ganglia;degenerative disease of basal ganglia, unspecified"	degenerative diseases of basal ganglia	degenerative diseases of basal ganglia
G24	"dystonia;drug-induced dystonia;idiopathic familial dystonia;idiopathic nonfamilial dystonia;spasmodic torticollis;idiopathic orofacial dystonia;blepharospasm;other dystonia;dystonia, unspecified"	dystonia	dystonia
G25	"other extrapyramidal and movement disorders;essential tremor;drug-induced tremor;other specified forms of tremor;myoclonus;drug-induced chorea;other chorea;drug-induced tics and other tics of organic origin;other specified extrapyramidal and movement disorders;extrapyramidal and movement disorder, unspecified"	extrapyramidal and movement disorders	extrapyramidal and movement disorders
G26	extrapyramidal and movement disorders in diseases classified elsewhere	extrapyramidal and movement disorders in diseases classified elsewhere	extrapyramidal and movement disorders in diseases classified elsewhere
G30	"alzheimer's disease;alzheimer's disease with early onset;alzheimer's disease with late onset;other alzheimer's disease;alzheimer's disease, unspecified"	alzheimer's disease	alzheimer's disease
G31	"other degenerative diseases of nervous system, not elsewhere classified;circumscribed brain atrophy;senile degeneration of brain, not elsewhere classified;degeneration of nervous system due to alcohol;other specified degenerative diseases of nervous system;degenerative disease of nervous system, unspecified"	"degenerative diseases of nervous system, not elsewhere classified"	degenerative diseases of nervous system
G32	other degenerative disorders of nervous system in diseases classified elsewhere;subacute combined degeneration of spinal cord in diseases classified elsewhere;other specified degenerative disorders of nervous system in diseases classified elsewhere	degenerative disorders of nervous system in diseases classified elsewhere	degenerative disorders of nervous system in diseases classified elsewhere
G35	multiple sclerosis	multiple sclerosis	multiple sclerosis
G36	"other acute disseminated demyelination;neuromyelitis optica [devic];acute and subacute haemorrhagic leukoencephalitis [hurst];other specified acute disseminated demyelination;acute disseminated demyelination, unspecified"	acute disseminated demyelination	acute disseminated demyelination
G37	"other demyelinating diseases of central nervous system;diffuse sclerosis;central demyelination of corpus callosum;central pontine myelinolysis;acute transverse myelitis in demyelinating disease of central nervous system;subacute necrotising myelitis;concentric sclerosis [balo];other specified demyelinating diseases of central nervous system;demyelinating disease of central nervous system, unspecified"	demyelinating diseases of central nervous system	demyelinating diseases of central nervous system
G40	"epilepsy;localisation-related (focal) (partial) idiopathic epilepsy and epileptic syndromes with seizures of localised onset;localisation-related (focal) (partial) symptomatic epilepsy and epileptic syndromes with simple partial seizures;localisation-related (focal) (partial) symptomatic epilepsy and epileptic syndromes with complex partial seizures;generalised idiopathic epilepsy and epileptic syndromes;other generalised epilepsy and epileptic syndromes;special epileptic syndromes;grand mal seizures, unspecified (with or without petit mal);petit mal, unspecified, without grand mal seizures;other epilepsy;epilepsy, unspecified"	epilepsy	epilepsy
G41	"status epilepticus;grand mal status epilepticus;petit mal status epilepticus;complex partial status epilepticus;other status epilepticus;status epilepticus, unspecified"	status epilepticus	status epilepticus
G43	"migraine;migraine without aura [common migraine];migraine with aura [classical migraine];status migrainosus;complicated migraine;other migraine;migraine, unspecified"	migraine	migraine
G44	"other headache syndromes;cluster headache syndrome;vascular headache, not elsewhere classified;tension-type headache;chronic posttraumatic headache;drug-induced headache, not elsewhere classified;other specified headache syndromes"	headache syndromes	headache syndromes
G45	"transient cerebral ischaemic attacks and related syndromes;vertebro-basilar artery syndrome;carotid artery syndrome (hemispheric);multiple and bilateral precerebral artery syndromes;amaurosis fugax;transient global amnesia;other transient cerebral ischaemic attacks and related syndromes;transient cerebral ischaemic attack, unspecified"	transient cerebral ischaemic attacks and related syndromes	transient cerebral ischaemic attacks and related syndromes
G46	vascular syndromes of brain in cerebrovascular diseases;middle cerebral artery syndrome;anterior cerebral artery syndrome;posterior cerebral artery syndrome;brain stem stroke syndrome;cerebellar stroke syndrome;pure motor lacunar syndrome;pure sensory lacunar syndrome;other lacunar syndromes;other vascular syndromes of brain in cerebrovascular diseases	vascular syndromes of brain in cerebrovascular diseases	vascular syndromes of brain in cerebrovascular diseases
G47	"sleep disorders;disorders of initiating and maintaining sleep [insomnias];disorders of excessive somnolence [hypersomnias];disorders of the sleep-wake schedule;sleep apnoea;narcolepsy and cataplexy;other sleep disorders;sleep disorder, unspecified"	sleep disorders	sleep disorders
G50	"disorders of trigeminal nerve;trigeminal neuralgia;atypical facial pain;other disorders of trigeminal nerve;disorder of trigeminal nerve, unspecified"	disorders of trigeminal nerve	disorders of trigeminal nerve
G51	"facial nerve disorders;bell's palsy;geniculate ganglionitis;melkersson's syndrome;clonic hemifacial spasm;facial myokymia;other disorders of facial nerve;disorder of facial nerve, unspecified"	facial nerve disorders	facial nerve disorders
G52	"disorders of other cranial nerves;disorders of olfactory nerve;disorders of glossopharyngeal nerve;disorders of vagus nerve;disorders of hypoglossal nerve;disorders of multiple cranial nerves;disorders of other specified cranial nerves;cranial nerve disorder, unspecified"	disorders of cranial nerves	disorders of cranial nerves
G53	cranial nerve disorders in diseases classified elsewhere;postzoster neuralgia;multiple cranial nerve palsies in infectious and parasitic diseases classified elsewhere;multiple cranial nerve palsies in sarcoidosis;multiple cranial nerve palsies in neoplastic disease;other cranial nerve disorders in other diseases classified elsewhere	cranial nerve disorders in diseases classified elsewhere	cranial nerve disorders in diseases classified elsewhere
G54	"nerve root and plexus disorders;brachial plexus disorders;lumbosacral plexus disorders;cervical root disorders, not elsewhere classified;thoracic root disorders, not elsewhere classified;lumbosacral root disorders, not elsewhere classified;neuralgic amyotrophy;phantom limb syndrome with pain;phantom limb syndrome without pain;other nerve root and plexus disorders;nerve root and plexus disorder, unspecified"	nerve root and plexus disorders	nerve root and plexus disorders
G55	nerve root and plexus compressions in diseases classified elsewhere;nerve root and plexus compressions in neoplastic disease;nerve root and plexus compressions in intervertebral disk disorders;nerve root and plexus compressions in spondylosis;nerve root and plexus compressions in other dorsopathies;nerve root and plexus compressions in other diseases classified elsewhere	nerve root and plexus compressions in diseases classified elsewhere	nerve root and plexus compressions in diseases classified elsewhere
G56	"mononeuropathies of upper limb;carpal tunnel syndrome;other lesions of median nerve;lesion of ulnar nerve;lesion of radial nerve;causalgia;other mononeuropathies of upper limb;mononeuropathy of upper limb, unspecified"	mononeuropathies of upper limb	mononeuropathies of upper limb
G57	"mononeuropathies of lower limb;lesion of sciatic nerve;meralgia paraesthetica;lesion of femoral nerve;lesion of lateral popliteal nerve;lesion of medial popliteal nerve;tarsal tunnel syndrome;lesion of plantar nerve;other mononeuropathies of lower limb;mononeuropathy of lower limb, unspecified"	mononeuropathies of lower limb	mononeuropathies of lower limb
G58	"other mononeuropathies;intercostal neuropathy;mononeuritis multiplex;other specified mononeuropathies;mononeuropathy, unspecified"	mononeuropathies	mononeuropathies
G59	mononeuropathy in diseases classified elsewhere;diabetic mononeuropathy;other mononeuropathies in diseases classified elsewhere	mononeuropathy in diseases classified elsewhere	mononeuropathy in diseases classified elsewhere
G60	"hereditary and idiopathic neuropathy;hereditary motor and sensory neuropathy;refsum's disease;neuropathy in association with hereditary ataxia;idiopathic progressive neuropathy;other hereditary and idiopathic neuropathies;hereditary and idiopathic neuropathy, unspecified"	hereditary and idiopathic neuropathy	hereditary and idiopathic neuropathy
G61	"inflammatory polyneuropathy;guillain-barre syndrome;serum neuropathy;other inflammatory polyneuropathies;inflammatory polyneuropathy, unspecified"	inflammatory polyneuropathy	inflammatory polyneuropathy
G62	"other polyneuropathies;drug-induced polyneuropathy;alcoholic polyneuropathy;polyneuropathy due to other toxic agents;other specified polyneuropathies;polyneuropathy, unspecified"	polyneuropathies	polyneuropathies
G63	polyneuropathy in diseases classified elsewhere;polyneuropathy in infectious and parasitic diseases classified elsewhere;polyneuropathy in neoplastic disease;diabetic polyneuropathy;polyneuropathy in other endocrine and metabolic diseases;polyneuropathy in nutritional deficiency;polyneuropathy in systemic connective tissue disorders;polyneuropathy in other musculoskeletal disorders;polyneuropathy in other diseases classified elsewhere	polyneuropathy in diseases classified elsewhere	polyneuropathy in diseases classified elsewhere
G64	other disorders of peripheral nervous system	disorders of peripheral nervous system	disorders of peripheral nervous system
G70	"myasthenia gravis and other myoneural disorders;myasthenia gravis;toxic myoneural disorders;congenital and developmental myasthenia;other specified myoneural disorders;myoneural disorder, unspecified"	myasthenia gravis and myoneural disorders	myasthenia gravis and myoneural disorders
G71	"primary disorders of muscles;muscular dystrophy;myotonic disorders;congenital myopathies;mitochondrial myopathy, not elsewhere classified;other primary disorders of muscles;primary disorder of muscle, unspecified"	primary disorders of muscles	primary disorders of muscles
G72	"other myopathies;drug-induced myopathy;alcoholic myopathy;myopathy due to other toxic agents;periodic paralysis;inflammatory myopathy, not elsewhere classified;other specified myopathies;myopathy, unspecified"	myopathies	myopathies
G73	disorders of myoneural junction and muscle in diseases classified elsewhere;myasthenic syndromes in endocrine diseases;eaton-lambert syndrome;other myasthenic syndromes in neoplastic disease;myasthenic syndromes in other diseases classified elsewhere;myopathy in infectious and parasitic diseases classified elsewhere;myopathy in endocrine diseases;myopathy in metabolic diseases;myopathy other diseases classified elsewhere	disorders of myoneural junction and muscle in diseases classified elsewhere	disorders of myoneural junction and muscle in diseases classified elsewhere
G80	"infantile cerebral palsy;spastic cerebral palsy;spastic diplegia;infantile hemiplegia;dyskinetic cerebral palsy;ataxic cerebral palsy;other infantile cerebral palsy;infantile cerebral palsy, unspecified"	infantile cerebral palsy	infantile cerebral palsy
G81	"hemiplegia;flaccid hemiplegia;spastic hemiplegia;hemiplegia, unspecified"	hemiplegia	hemiplegia
G82	"paraplegia and tetraplegia;flaccid paraplegia;spastic paraplegia;paraplegia, unspecified;flaccid tetraplegia;spastic tetraplegia;tetraplegia, unspecified"	paraplegia and tetraplegia	paraplegia and tetraplegia
G83	"other paralytic syndromes;diplegia of upper limbs;monoplegia of lower limb;monoplegia of upper limb;monoplegia, unspecified;cauda equina syndrome;locked-in syndrome;upper motor neuron facial paralysis;other specified paralytic syndromes;paralytic syndrome, unspecified"	paralytic syndromes	paralytic syndromes
G90	"disorders of autonomic nervous system;idiopathic peripheral autonomic neuropathy;familial dysautonomia [riley-day];horner's syndrome;multisystem degeneration;autonomic dysreflexia;complex regional pain syndrome type i;complex regional pain syndrome type ii;complex regional pain syndrome, other and unspecified type;other disorders of autonomic nervous system;disorder of autonomic nervous system, unspecified"	disorders of autonomic nervous system	disorders of autonomic nervous system
G91	"hydrocephalus;communicating hydrocephalus;obstructive hydrocephalus;normal-pressure hydrocephalus;posttraumatic hydrocephalus, unspecified;other hydrocephalus;hydrocephalus, unspecified"	hydrocephalus	hydrocephalus
G92	toxic encephalopathy	toxic encephalopathy	toxic encephalopathy
G93	"other disorders of brain;cerebral cysts;anoxic brain damage, not elsewhere classified;benign intracranial hypertension;postviral fatigue syndrome;encephalopathy, unspecified;compression of brain;cerebral oedema;reye's syndrome;other specified disorders of brain;disorder of brain, unspecified"	disorders of brain	disorders of brain
G94	other disorders of brain in diseases classified elsewhere;hydrocephalus in infectious and parasitic diseases classified elsewhere;hydrocephalus in neoplastic disease;hydrocephalus in other diseases classified elsewhere;encephalopathy in diseases classified elsewhere;other specified disorders of brain in diseases classified elsewhere	disorders of brain in diseases classified elsewhere	disorders of brain in diseases classified elsewhere
G95	"other diseases of spinal cord;syringomyelia and syringobulbia;vascular myelopathies;cord compression, unspecified;other specified diseases of spinal cord;disease of spinal cord, unspecified"	diseases of spinal cord	diseases of spinal cord
G96	"other disorders of central nervous system;cerebrospinal fluid leak;disorders of meninges, not elsewhere classified;other specified disorders of central nervous system;disorder of central nervous system, unspecified"	disorders of central nervous system	disorders of central nervous system
G97	"postprocedural disorders of nervous system, not elsewhere classified;cerebrospinal fluid leak from spinal puncture;other reaction to spinal and lumbar puncture;intracranial hypotension following ventricular shunting;other postprocedural disorders of nervous system;postprocedural disorder of nervous system, unspecified"	"postprocedural disorders of nervous system, not elsewhere classified"	postprocedural disorders of nervous system
G98	"other disorders of nervous system, not elsewhere classified"	"disorders of nervous system, not elsewhere classified"	disorders of nervous system
G99	other disorders of nervous system in diseases classified elsewhere;autonomic neuropathy in endocrine and metabolic diseases;other disorders of autonomic nervous system in other diseases classified elsewhere;myelopathy in diseases classified elsewhere;other specified disorders of nervous system in diseases classified elsewhere	disorders of nervous system in diseases classified elsewhere	disorders of nervous system in diseases classified elsewhere
H00	hordeolum and chalazion;hordeolum and other deep inflammation of eyelid;chalazion	hordeolum and chalazion	hordeolum and chalazion
H01	"other inflammation of eyelid;blepharitis;non-infectious dermatoses of eyelid;other specified inflammation of eyelid;inflammation of eyelid, unspecified"	inflammation of eyelid	inflammation of eyelid
H02	"other disorders of eyelid;entropion and trichiasis of eyelid;ectropion of eyelid;lagophthalmos;blepharochalasis;ptosis of eyelid;other disorders affecting eyelid function;xanthelasma of eyelid;other degenerative disorders of eyelid and periocular area;other specified disorders of eyelid;disorder of eyelid, unspecified"	disorders of eyelid	disorders of eyelid
H03	disorders of eyelid in diseases classified elsewhere;parasitic infestation of eyelid in diseases classified elsewhere;involvement of eyelid in other infectious diseases classified elsewhere;involvement of eyelid in other diseases classified elsewhere	disorders of eyelid in diseases classified elsewhere	disorders of eyelid in diseases classified elsewhere
H04	"disorders of lachrymal system;dacryoadenitis;other disorders of lachrymal gland;epiphora;acute and unspecified inflammation of lachrymal passages;chronic inflammation of lachrymal passages;stenosis and insufficiency of lachrymal passages;other changes in lachrymal passages;other disorders of lachrymal system;disorder of lachrymal system, unspecified"	disorders of lachrymal system	disorders of lachrymal system
H05	"disorders of orbit;acute inflammation of orbit;chronic inflammatory disorders of orbit;exophthalmic conditions;deformity of orbit;enophthalmos;retained (old) foreign body following penetrating wound of orbit;other disorders of orbit;disorder of orbit, unspecified"	disorders of orbit	disorders of orbit
H06	disorders of lachrymal system and orbit in diseases classified elsewhere;disorders of lachrymal system in diseases classified elsewhere;parasitic infestation of orbit in diseases classified elsewhere;dysthyroid exophthalmos;other disorders of orbit in diseases classified elsewhere	disorders of lachrymal system and orbit in diseases classified elsewhere	disorders of lachrymal system and orbit in diseases classified elsewhere
H10	"conjunctivitis;mucopurulent conjunctivitis;acute atopic conjunctivitis;other acute conjunctivitis;acute conjunctivitis, unspecified;chronic conjunctivitis;blepharoconjunctivitis;other conjunctivitis;conjunctivitis, unspecified"	conjunctivitis	conjunctivitis
H11	"other disorders of conjunctiva;pterygium;conjunctival degenerations and deposits;conjunctival scars;conjunctival haemorrhage;other conjunctival vascular disorders and cysts;other specified disorders of conjunctiva;disorder of conjunctiva, unspecified"	disorders of conjunctiva	disorders of conjunctiva
H13	disorders of conjunctiva in diseases classified elsewhere;filarial infection of conjunctiva;conjunctivitis in infectious and parasitic diseases classified elsewhere;conjunctivitis in other diseases classified elsewhere;ocular pemphigoid;other disorders of conjunctiva in diseases classified elsewhere	disorders of conjunctiva in diseases classified elsewhere	disorders of conjunctiva in diseases classified elsewhere
H15	"disorders of sclera;scleritis;episcleritis;other disorders of sclera;disorder of sclera, unspecified"	disorders of sclera	disorders of sclera
H16	"keratitis;corneal ulcer;other superficial keratitis without conjunctivitis;keratoconjunctivitis;interstitial and deep keratitis;corneal neovascularisation;other keratitis;keratitis, unspecified"	keratitis	keratitis
H17	"corneal scars and opacities;adherent leukoma;other central corneal opacity;other corneal scars and opacities;corneal scar and opacity, unspecified"	corneal scars and opacities	corneal scars and opacities
H18	"other disorders of cornea;corneal pigmentations and deposits;bullous keratopathy;other corneal oedema;changes in corneal membranes;corneal degeneration;hereditary corneal dystrophies;keratoconus;other corneal deformities;other specified disorders of cornea;disorder of cornea, unspecified"	disorders of cornea	disorders of cornea
H19	disorders of sclera and cornea in diseases classified elsewhere;scleritis and episcleritis in diseases classified elsewhere;herpesviral keratitis and keratoconjunctivitis;keratitis and keratoconjunctivitis in other infectious and parasitic diseases classified elsewhere;keratitis and keratoconjunctivitis in other diseases classified elsewhere;other disorders of sclera and cornea in diseases classified elsewhere	disorders of sclera and cornea in diseases classified elsewhere	disorders of sclera and cornea in diseases classified elsewhere
H20	"iridocyclitis;acute and subacute iridocyclitis;chronic iridocyclitis;lens-induced iridocyclitis;other iridocyclitis;iridocyclitis, unspecified"	iridocyclitis	iridocyclitis
H21	"other disorders of iris and ciliary body;hyphaema;other vascular disorders of iris and ciliary body;degeneration of iris and ciliary body;cyst of iris, ciliary body and anterior chamber;pupillary membranes;other adhesions and disruptions of iris and ciliary body;other specified disorders of iris and ciliary body;disorder of iris and ciliary body, unspecified"	disorders of iris and ciliary body	disorders of iris and ciliary body
H22	disorders of iris and ciliary body in diseases classified elsewhere;iridocyclitis in infectious and parasitic diseases classified elsewhere;iridocyclitis in other diseases classified elsewhere;other disorders of iris and ciliary body in diseases classified elsewhere	disorders of iris and ciliary body in diseases classified elsewhere	disorders of iris and ciliary body in diseases classified elsewhere
H25	"senile cataract;senile incipient cataract;senile nuclear cataract;senile cataract, morgagnian type;other senile cataract;senile cataract, unspecified"	senile cataract	senile cataract
H26	"other cataract;infantile, juvenile and presenile cataract;traumatic cataract;complicated cataract;drug-induced cataract;after-cataract;other specified cataract;cataract, unspecified"	cataract	cataract
H27	"other disorders of lens;aphakia;dislocation of lens;other specified disorders of lens;disorder of lens, unspecified"	disorders of lens	disorders of lens
H28	"cataract and other disorders of lens in diseases classified elsewhere;diabetic cataract;cataract in other endocrine, nutritional and metabolic diseases;cataract in other diseases classified elsewhere;other disorders of lens in diseases classified elsewhere"	cataract and disorders of lens in diseases classified elsewhere	cataract and disorders of lens in diseases classified elsewhere
H30	"chorioretinal inflammation;focal chorioretinal inflammation;disseminated chorioretinal inflammation;posterior cyclitis;other chorioretinal inflammations;chorioretinal inflammation, unspecified"	chorioretinal inflammation	chorioretinal inflammation
H31	"other disorders of choroid;chorioretinal scars;choroidal degeneration;hereditary choroidal dystrophy;choroidal haemorrhage and rupture;choroidal detachment;other specified disorders of choroid;disorder of choroid, unspecified"	disorders of choroid	disorders of choroid
H32	chorioretinal disorders in diseases classified elsewhere;chorioretinal inflammation in infectious and parasitic diseases classified elsewhere;other chorioretinal disorders in diseases classified elsewhere	chorioretinal disorders in diseases classified elsewhere	chorioretinal disorders in diseases classified elsewhere
H33	retinal detachments and breaks;retinal detachment with retinal break;retinoschisis and retinal cysts;serous retinal detachment;retinal breaks without detachment;traction detachment of retina;other retinal detachments	retinal detachments and breaks	retinal detachments and breaks
H34	"retinal vascular occlusions;transient retinal artery occlusion;central retinal artery occlusion;other retinal artery occlusions;other retinal vascular occlusions;retinal vascular occlusion, unspecified"	retinal vascular occlusions	retinal vascular occlusions
H35	"other retinal disorders;background retinopathy and retinal vascular changes;retinopathy of prematurity;other proliferative retinopathy;degeneration of macula and posterior pole;peripheral retinal degeneration;hereditary retinal dystrophy;retinal haemorrhage;separation of retinal layers;other specified retinal disorders;retinal disorder, unspecified"	retinal disorders	retinal disorders
H36	retinal disorders in diseases classified elsewhere;diabetic retinopathy;other retinal disorders in diseases classified elsewhere	retinal disorders in diseases classified elsewhere	retinal disorders in diseases classified elsewhere
H40	"glaucoma;glaucoma suspect;primary open-angle glaucoma;primary angle-closure glaucoma;glaucoma secondary to eye trauma;glaucoma secondary to eye inflammation;glaucoma secondary to other eye disorders;glaucoma secondary to drugs;other glaucoma;glaucoma, unspecified"	glaucoma	glaucoma
H42	"glaucoma in diseases classified elsewhere;glaucoma in endocrine, nutritional and metabolic diseases;glaucoma in other diseases classified elsewhere"	glaucoma in diseases classified elsewhere	glaucoma in diseases classified elsewhere
H43	"disorders of vitreous body;vitreous prolapse;vitreous haemorrhage;crystalline deposits in vitreous body;other vitreous opacities;other disorders of vitreous body;disorder of vitreous body, unspecified"	disorders of vitreous body	disorders of vitreous body
H44	"disorders of globe;purulent endophthalmitis;other endophthalmitis;degenerative myopia;other degenerative disorders of globe;hypotony of eye;degenerated conditions of globe;retained (old) intraocular foreign body, magnetic;retained (old) intraocular foreign body, nonmagnetic;other disorders of globe;disorder of globe, unspecified"	disorders of globe	disorders of globe
H45	disorders of vitreous body and globe in diseases classified elsewhere;vitreous haemorrhage in diseases classified elsewhere;endophthalmitis in diseases classified elsewhere;other disorders of vitreous body and globe in diseases classified elsewhere	disorders of vitreous body and globe in diseases classified elsewhere	disorders of vitreous body and globe in diseases classified elsewhere
H46	optic neuritis	optic neuritis	optic neuritis
H47	"other disorders of optic [2nd] nerve and visual pathways;disorders of optic nerve, not elsewhere classified;papilloedema, unspecified;optic atrophy;other disorders of optic disk;disorders of optic chiasm;disorders of other visual pathways;disorders of visual cortex;disorder of visual pathways, unspecified"	disorders of optic [2nd] nerve and visual pathways	disorders of optic [2nd] nerve and visual pathways
H48	disorders of optic [2nd] nerve and visual pathways in diseases classified elsewhere;optic atrophy in diseases classified elsewhere;retrobulbar neuritis in diseases classified elsewhere;other disorders of optic nerve and visual pathways in diseases classified elsewhere	disorders of optic [2nd] nerve and visual pathways in diseases classified elsewhere	disorders of optic [2nd] nerve and visual pathways in diseases classified elsewhere
H49	"paralytic strabismus;third [oculomotor] nerve palsy;fourth [trochlear] nerve palsy;sixth [abducent] nerve palsy;total (external) ophthalmoplegia;progressive external ophthalmoplegia;other paralytic strabismus;paralytic strabismus, unspecified"	paralytic strabismus	paralytic strabismus
H50	"other strabismus;convergent concomitant strabismus;divergent concomitant strabismus;vertical strabismus;intermittent heterotropia;other and unspecified heterotropia;heterophoria;mechanical strabismus;other specified strabismus;strabismus, unspecified"	strabismus	strabismus
H51	"other disorders of binocular movement;palsy of conjugate gaze;convergence insufficiency and excess;internuclear ophthalmoplegia;other specified disorders of binocular movement;disorder of binocular movement, unspecified"	disorders of binocular movement	disorders of binocular movement
H52	"disorders of refraction and accommodation;hypermetropia;myopia;astigmatism;anisometropia and aniseikonia;presbyopia;disorders of accommodation;other disorders of refraction;disorder of refraction, unspecified"	disorders of refraction and accommodation	disorders of refraction and accommodation
H53	"visual disturbances;amblyopia ex anopsia;subjective visual disturbances;diplopia;other disorders of binocular vision;visual field defects;colour vision deficiencies;night blindness;other visual disturbances;visual disturbance, unspecified"	visual disturbances	visual disturbances
H54	"blindness and low vision;blindness, both eyes;blindness, one eye, low vision, other eye;low vision, both eyes;unqualified visual loss, both eyes;blindness, one eye;low vision, one eye;unqualified visual loss, one eye;unspecified visual loss;unspecified visual impairment (binocular)"	blindness and low vision	blindness and low vision
H55	nystagmus and other irregular eye movements	nystagmus and irregular eye movements	nystagmus and irregular eye movements
H57	"other disorders of eye and adnexa;anomalies of pupillary function;ocular pain;other specified disorders of eye and adnexa;disorder of eye and adnexa, unspecified"	disorders of eye and adnexa	disorders of eye and adnexa
H58	other disorders of eye and adnexa in diseases classified elsewhere;anomalies of pupillary function in diseases classified elsewhere;visual disturbances in diseases classified elsewhere;other specified disorders of eye and adnexa in diseases classified elsewhere	disorders of eye and adnexa in diseases classified elsewhere	disorders of eye and adnexa in diseases classified elsewhere
H59	"postprocedural disorders of eye and adnexa, not elsewhere classified;vitreous syndrome following cataract surgery;other postprocedural disorders of eye and adnexa;postprocedural disorder of eye and adnexa, unspecified"	postprocedural disorders of eye and adnexa	postprocedural disorders of eye and adnexa
H60	"otitis externa;abscess of external ear;cellulitis of external ear;malignant otitis externa;other infective otitis externa;cholesteatoma of external ear;acute otitis externa, non-infective;other otitis externa;otitis externa, unspecified"	otitis externa	otitis externa
H61	"other disorders of external ear;perichondritis of external ear;non-infective disorders of pinna;impacted cerumen;acquired stenosis of external ear canal;other specified disorders of external ear;disorder of external ear, unspecified"	disorders of external ear	disorders of external ear
H62	disorders of external ear in diseases classified elsewhere;otitis externa in bacterial diseases classified elsewhere;otitis externa in viral diseases classified elsewhere;otitis externa in mycoses;otitis externa in other infectious and parasitic diseases classified elsewhere;otitis externa in other diseases classified elsewhere;other disorders of external ear in diseases classified elsewhere	disorders of external ear in diseases classified elsewhere	disorders of external ear in diseases classified elsewhere
H65	"nonsuppurative otitis media;acute serous otitis media;other acute nonsuppurative otitis media;chronic serous otitis media;chronic mucoid otitis media;other chronic nonsuppurative otitis media;nonsuppurative otitis media, unspecified"	nonsuppurative otitis media	nonsuppurative otitis media
H66	"suppurative and unspecified otitis media;acute suppurative otitis media;chronic tubotympanic suppurative otitis media;chronic atticoantral suppurative otitis media;other chronic suppurative otitis media;suppurative otitis media, unspecified;otitis media, unspecified"	chronic suppurative otitis media	chronic suppurative otitis media
H67	otitis media in diseases classified elsewhere;otitis media in bacterial diseases classified elsewhere;otitis media in viral diseases classified elsewhere;otitis media in other diseases classified elsewhere	otitis media in diseases classified elsewhere	otitis media in diseases classified elsewhere
H68	eustachian salpingitis and obstruction;eustachian salpingitis;obstruction of eustachian tube	eustachian salpingitis and obstruction	eustachian salpingitis and obstruction
H69	"other disorders of eustachian tube;patulous eustachian tube;other specified disorders of eustachian tube;eustachian tube disorder, unspecified"	disorders of eustachian tube	disorders of eustachian tube
H70	"mastoiditis and related conditions;acute mastoiditis;chronic mastoiditis;petrositis;other mastoiditis and related conditions;mastoiditis, unspecified"	mastoiditis and related conditions	mastoiditis and related conditions
H71	cholesteatoma of middle ear	cholesteatoma of middle ear	cholesteatoma of middle ear
H72	"perforation of tympanic membrane;central perforation of tympanic membrane;attic perforation of tympanic membrane;other marginal perforations of tympanic membrane;other perforations of tympanic membrane;perforation of tympanic membrane, unspecified"	perforation of tympanic membrane	perforation of tympanic membrane
H73	"other disorders of tympanic membrane;acute myringitis;chronic myringitis;other specified disorders of tympanic membrane;disorder of tympanic membrane, unspecified"	disorders of tympanic membrane	disorders of tympanic membrane
H74	"other disorders of middle ear and mastoid;tympanosclerosis;adhesive middle ear disease;discontinuity and dislocation of ear ossicles;other acquired abnormalities of ear ossicles;polyp of middle ear;other specified disorders of middle ear and mastoid;disorder of middle ear and mastoid, unspecified"	disorders of middle ear and mastoid	disorders of middle ear and mastoid
H75	other disorders of middle ear and mastoid in diseases classified elsewhere;mastoiditis in infectious and parasitic diseases classified elsewhere;other specified disorders of middle ear and mastoid in diseases classified elsewhere	disorders of middle ear and mastoid in diseases classified elsewhere	disorders of middle ear and mastoid in diseases classified elsewhere
H80	"otosclerosis;otosclerosis involving oval window, nonobliterative;otosclerosis involving oval window, obliterative;cochlear otosclerosis;other otosclerosis;otosclerosis, unspecified"	otosclerosis	otosclerosis
H81	"disorders of vestibular function;meniere's disease;benign paroxysmal vertigo;vestibular neuronitis;other peripheral vertigo;vertigo of central origin;other disorders of vestibular function;disorder of vestibular function, unspecified"	disorders of vestibular function	disorders of vestibular function
H82	vertiginous syndromes in diseases classified elsewhere	vertiginous syndromes in diseases classified elsewhere	vertiginous syndromes in diseases classified elsewhere
H83	"other diseases of inner ear;labyrinthitis;labyrinthine fistula;labyrinthine dysfunction;noise effects on inner ear;other specified diseases of inner ear;disease of inner ear, unspecified"	diseases of inner ear	diseases of inner ear
H90	"conductive and sensorineural hearing loss;conductive hearing loss, bilateral;conductive hearing loss, unilateral with unrestricted hearing on the contralateral side;conductive hearing loss, unspecified;sensorineural hearing loss, bilateral;sensorineural hearing loss, unilateral with unrestricted hearing on the contralateral side;sensorineural hearing loss, unspecified;mixed conductive and sensorineural hearing loss, bilateral;mixed conductive and sensorineural hearing loss, unilateral with unrestricted hearing on the contralateral side;mixed conductive and sensorineural hearing loss, unspecified"	conductive and sensorineural hearing loss	conductive and sensorineural hearing loss
H91	"other hearing loss;ototoxic hearing loss;presbycusis;sudden idiopathic hearing loss;deaf mutism, not elsewhere classified;other specified hearing loss;hearing loss, unspecified"	hearing loss	hearing loss
H92	otalgia and effusion of ear;otalgia;otorrhoea;otorrhagia	otalgia and effusion of ear	otalgia and effusion of ear
H93	"other disorders of ear, not elsewhere classified;degenerative and vascular disorders of ear;tinnitus;other abnormal auditory perceptions;disorders of acoustic nerve;other specified disorders of ear;disorder of ear, unspecified"	"disorders of ear, not elsewhere classified"	disorders of ear
H94	other disorders of ear in diseases classified elsewhere;acoustic neuritis in infectious and parasitic diseases classified elsewhere;other specified disorders of ear in diseases classified elsewhere	disorders of ear in diseases classified elsewhere	disorders of ear in diseases classified elsewhere
H95	"postprocedural disorders of ear and mastoid process, not elsewhere classified;recurrent cholesteatoma of postmastoidectomy cavity;other disorders following mastoidectomy;other postprocedural disorders of ear and mastoid process;postprocedural disorder of ear and mastoid process, unspecified"	postprocedural disorders of ear and mastoid process	postprocedural disorders of ear and mastoid process
I00	rheumatic fever without mention of heart involvement	rheumatic fever without mention of heart involvement	rheumatic fever without mention of heart involvement
I01	"rheumatic fever with heart involvement;acute rheumatic pericarditis;acute rheumatic endocarditis;acute rheumatic myocarditis;other acute rheumatic heart disease;acute rheumatic heart disease, unspecified"	rheumatic fever with heart involvement	rheumatic fever with heart involvement
I02	rheumatic chorea;rheumatic chorea with heart involvement;rheumatic chorea without heart involvement	rheumatic chorea	rheumatic chorea
I05	"rheumatic mitral valve diseases;mitral stenosis;rheumatic mitral insufficiency;mitral stenosis with insufficiency;other mitral valve diseases;mitral valve disease, unspecified"	rheumatic mitral valve diseases	rheumatic mitral valve diseases
I06	"rheumatic aortic valve diseases;rheumatic aortic stenosis;rheumatic aortic insufficiency;rheumatic aortic stenosis with insufficiency;other rheumatic aortic valve diseases;rheumatic aortic valve disease, unspecified"	rheumatic aortic valve diseases	rheumatic aortic valve diseases
I07	"rheumatic tricuspid valve diseases;tricuspid stenosis;tricuspid insufficiency;tricuspid stenosis with insufficiency;other tricuspid valve diseases;tricuspid valve disease, unspecified"	rheumatic tricuspid valve diseases	rheumatic tricuspid valve diseases
I08	"multiple valve diseases;disorders of both mitral and aortic valves;disorders of both mitral and tricuspid valves;disorders of both aortic and tricuspid valves;combined disorders of mitral, aortic and tricuspid valves;other multiple valve diseases;multiple valve disease, unspecified"	multiple valve diseases	multiple valve diseases
I09	"other rheumatic heart diseases;rheumatic myocarditis;rheumatic diseases of endocardium, valve unspecified;chronic rheumatic pericarditis;other specified rheumatic heart diseases;rheumatic heart disease, unspecified"	rheumatic heart diseases	rheumatic heart diseases
I10	essential (primary) hypertension	essential (primary) hypertension	essential (primary) hypertension
I11	hypertensive heart disease;hypertensive heart disease with (congestive) heart failure;hypertensive heart disease without (congestive) heart failure	hypertensive heart disease	hypertensive heart disease
I12	hypertensive renal disease;hypertensive renal disease with renal failure;hypertensive renal disease without renal failure	hypertensive renal disease	hypertensive renal disease
I13	"hypertensive heart and renal disease;hypertensive heart and renal disease with (congestive) heart failure;hypertensive heart and renal disease with renal failure;hypertensive heart and renal disease with both (congestive) heart failure and renal failure;hypertensive heart and renal disease, unspecified"	hypertensive heart and renal disease	hypertensive heart and renal disease
I15	"secondary hypertension;renovascular hypertension;hypertension secondary to other renal disorders;hypertension secondary to endocrine disorders;other secondary hypertension;seconday hypertension, unspecified"	secondary hypertension	secondary hypertension
I20	"angina pectoris;unstable angina;angina pectoris with documented spasm;other forms of angina pectoris;angina pectoris, unspecified"	angina pectoris	angina pectoris
I21	"acute myocardial infarction;acute transmural myocardial infarction of anterior wall;acute transmural myocardial infarction of inferior wall;acute transmural myocardial infarction of other sites;acute transmural myocardial infarction of unspecified site;acute subendocardial myocardial infarction;acute myocardial infarction, unspecified;i21.x presumed acute myicardial infaction (unconfirmed)"	acute myocardial infarction	acute myocardial infarction
I22	subsequent myocardial infarction;subsequent myocardial infarction of anterior wall;subsequent myocardial infarction of inferior wall;subsequent myocardial infarction of other sites;subsequent myocardial infarction of unspecified site	subsequent myocardial infarction	subsequent myocardial infarction
I23	"certain current complications following acute myocardial infarction;haemopericardium as current complication following acute myocardial infarction;atrial septal defect as current complication following acute myocardial infarction;ventricular septal defect as current complication following acute myocardial infarction;rupture of cardiac wall without haemopericardium as current complication following acute myocardial infarction;rupture of chordae tendineae as current complication following acute myocardial infarction;rupture of papillary muscle as current complication following acute myocardial infarction;thrombosis of atrium, auricular appendage and ventricle as current complications following acute myocardial infarction;other current complications following acute myocardial infarction"	certain current complications following acute myocardial infarction	certain current complications following acute myocardial infarction
I24	"other acute ischaemic heart diseases;coronary thrombosis not resulting in myocardial infarction;dressler's syndrome;other forms of acute ischaemic heart disease;acute ischaemic heart disease, unspecified"	acute ischaemic heart diseases	acute ischaemic heart diseases
I25	"chronic ischaemic heart disease;atherosclerotic cardiovascular disease, so described;atherosclerotic heart disease;old myocardial infarction;aneurysm of heart;coronary artery aneurysm;ischaemic cardiomyopathy;silent myocardial ischaemia;other forms of chronic ischaemic heart disease;chronic ischaemic heart disease, unspecified"	chronic ischaemic heart disease	chronic ischaemic heart disease
I26	pulmonary embolism;pulmonary embolism with mention of acute cor pulmonale;pulmonary embolism without mention of acute cor pulmonale	pulmonary embolism	pulmonary embolism
I27	"other pulmonary heart diseases;primary pulmonary hypertension;kyphoscoliotic heart disease;other secondary pulmonary hypertension;other specified pulmonary heart diseases;pulmonary heart disease, unspecified"	pulmonary heart diseases	pulmonary heart diseases
I28	"other diseases of pulmonary vessels;arteriovenous fistula of pulmonary vessels;aneurysm of pulmonary artery;other specified diseases of pulmonary vessels;disease of pulmonary vessels, unspecified"	diseases of pulmonary vessels	diseases of pulmonary vessels
I30	"acute pericarditis;acute nonspecific idiopathic pericarditis;infective pericarditis;other forms of acute pericarditis;acute pericarditis, unspecified"	acute pericarditis	acute pericarditis
I31	"other diseases of pericardium;chronic adhesive pericarditis;chronic constrictive pericarditis;haemopericardium, not elsewhere classified;pericardial effusion (noninflammatory);other specified diseases of pericardium;disease of pericardium, unspecified"	diseases of pericardium	diseases of pericardium
I32	pericarditis in diseases classified elsewhere;pericarditis in bacterial diseases classified elsewhere;pericarditis in other infectious and parasitic diseases classified elsewhere;pericarditis in other diseases classified elsewhere	pericarditis in diseases classified elsewhere	pericarditis in diseases classified elsewhere
I33	"acute and subacute endocarditis;acute and subacute infective endocarditis;acute endocarditis, unspecified"	acute and subacute endocarditis	acute and subacute endocarditis
I34	"nonrheumatic mitral valve disorders;mitral (valve) insufficiency;mitral (valve) prolapse;nonrheumatic mitral (valve) stenosis;other nonrheumatic mitral valve disorders;nonrheumatic mitral valve disorder, unspecified"	nonrheumatic mitral valve disorders	nonrheumatic mitral valve disorders
I35	"nonrheumatic aortic valve disorders;aortic (valve) stenosis;aortic (valve) insufficiency;aortic (valve) stenosis with insufficiency;other aortic valve disorders;aortic valve disorder, unspecified"	nonrheumatic aortic valve disorders	nonrheumatic aortic valve disorders
I36	"nonrheumatic tricuspid valve disorders;nonrheumatic tricuspid (valve) stenosis;nonrheumatic tricuspid (valve) insufficiency;nonrheumatic tricuspid (valve) stenosis with insufficiency;other nonrheumatic tricuspid valve disorders;nonrheumatic tricuspid valve disorder, unspecified"	nonrheumatic tricuspid valve disorders	nonrheumatic tricuspid valve disorders
I37	"pulmonary valve disorders;pulmonary valve stenosis;pulmonary valve insufficiency;pulmonary valve stenosis with insufficiency;other pulmonary valve disorders;pulmonary valve disorder, unspecified"	pulmonary valve disorders	pulmonary valve disorders
I38	"endocarditis, valve unspecified"	"endocarditis, valve"	"endocarditis, valve"
I39	"endocarditis and heart valve disorders in diseases classified elsewhere;mitral valve disorders in diseases classified elsewhere;aortic valve disorders in diseases classified elsewhere;tricuspid valve disorders in diseases classified elsewhere;pulmonary valve disorders in diseases classified elsewhere;multiple valve disorders in diseases classified elsewhere;endocarditis, valve unspecified, in diseases classified elsewhere"	endocarditis and heart valve disorders in diseases classified elsewhere	endocarditis and heart valve disorders in diseases classified elsewhere
I40	"acute myocarditis;infective myocarditis;isolated myocarditis;other acute myocarditis;acute myocarditis, unspecified"	acute myocarditis	acute myocarditis
I41	myocarditis in diseases classified elsewhere;myocarditis in bacterial diseases classified elsewhere;myocarditis in viral diseases classified elsewhere;myocarditis in other infectious and parasitic diseases classified elsewhere;myocarditis in other diseases classified elsewhere	myocarditis in diseases classified elsewhere	myocarditis in diseases classified elsewhere
I42	"cardiomyopathy;dilated cardiomyopathy;obstructive hypertrophic cardiomyopathy;other hypertrophic cardiomyopathy;endomyocardial (eosinophilic) disease;endocardial fibroelastosis;other restrictive cardiomyopathy;alcoholic cardiomyopathy;cardiomyopathy due to drugs and other external agents;other cardiomyopathies;cardiomyopathy, unspecified"	cardiomyopathy	cardiomyopathy
I43	cardiomyopathy in diseases classified elsewhere;cardiomyopathy in infectious and parasitic diseases classified elsewhere;cardiomyopathy in metabolic diseases;cardiomyopathy in nutritional diseases;cardiomyopathy in other diseases classified elsewhere	cardiomyopathy in diseases classified elsewhere	cardiomyopathy in diseases classified elsewhere
I44	"atrioventricular and left bundle-branch block;atrioventricular block, first degree;atrioventricular block, second degree;atrioventricular block, complete;other and unspecified atrioventricular block;left anterior fascicular block;left posterior fascicular block;other and unspecified fascicular block;left bundle-branch block, unspecified"	atrioventricular and left bundle-branch block	atrioventricular and left bundle-branch block
I45	"other conduction disorders;right fascicular block;other and unspecified right bundle-branch block;bifascicular block;trifascicular block;nonspecific intraventricular block;other specified heart block;preexcitation syndrome;other specified conduction disorders;conduction disorder, unspecified"	conduction disorders	conduction disorders
I46	"cardiac arrest;cardiac arrest with successful resuscitation;sudden cardiac death, so described;cardiac arrest, unspecified"	cardiac arrest	cardiac arrest
I47	"paroxysmal tachycardia;reentry ventricular arrhythmia;supraventricular tachycardia;ventricular tachycardia;paroxysmal tachycardia, unspecified"	paroxysmal tachycardia	paroxysmal tachycardia
I48	"atrial fibrillation and flutter;paroxysmal atrial fibrillation;persistent atrial fibrillation;chronic atrial fibrillation;typical atrial flutter;atypical atrial flutter;atrial fibrillation and atrial flutter,  unspecified"	atrial fibrillation and flutter	atrial fibrillation and flutter
I49	"other cardiac arrhythmias;ventricular fibrillation and flutter;atrial premature depolarisation;junctional premature depolarisation;ventricular premature depolarisation;other and unspecified premature depolarisation;sick sinus syndrome;other specified cardiac arrhythmias;cardiac arrhythmia, unspecified"	cardiac arrhythmias	cardiac arrhythmias
I50	"heart failure;congestive heart failure;left ventricular failure;heart failure, unspecified"	heart failure	heart failure
I51	"complications and ill-defined descriptions of heart disease;cardiac septal defect, acquired;rupture of chordae tendineae, not elsewhere classified;rupture of papillary muscle, not elsewhere classified;intracardiac thrombosis, not elsewhere classified;myocarditis, unspecified;myocardial degeneration;cardiovascular disease, unspecified;cardiomegaly;other ill-defined heart diseases;heart disease, unspecified"	complications and ill-defined descriptions of heart disease	complications and ill-defined descriptions of heart disease
I52	other heart disorders in diseases classified elsewhere;other heart disorders in bacterial diseases classified elsewhere;other heart disorders in other infectious and parasitic diseases classified elsewhere;other heart disorders in other diseases classified elsewhere	heart disorders in diseases classified elsewhere	heart disorders in diseases classified elsewhere
I60	"subarachnoid haemorrhage;subarachnoid haemorrhage from carotid siphon and bifurcation;subarachnoid haemorrhage from middle cerebral artery;subarachnoid haemorrhage from anterior communicating artery;subarachnoid haemorrhage from posterior communicating artery;subarachnoid haemorrhage from basilar artery;subarachnoid haemorrhage from vertebral artery;subarachnoid haemorrhage from other intracranial arteries;subarachnoid haemorrhage from intracranial artery, unspecified;other subarachnoid haemorrhage;subarachnoid haemorrhage, unspecified"	subarachnoid haemorrhage	subarachnoid haemorrhage
I61	"intracerebral haemorrhage;intracerebral haemorrhage in hemisphere, subcortical;intracerebral haemorrhage in hemisphere, cortical;intracerebral haemorrhage in hemisphere, unspecified;intracerebral haemorrhage in brain stem;intracerebral haemorrhage in cerebellum;intracerebral haemorrhage, intraventricular;intracerebral haemorrhage, multiple localised;other intracerebral haemorrhage;intracerebral haemorrhage, unspecified"	intracerebral haemorrhage	intracerebral haemorrhage
I62	"other nontraumatic intracranial haemorrhage;subdural haemorrhage (acute) (nontraumatic);nontraumatic extradural haemorrhage;intracranial haemorrhage (nontraumatic), unspecified"	nontraumatic intracranial haemorrhage	nontraumatic intracranial haemorrhage
I63	"cerebral infarction;cerebral infarction due to thrombosis of precerebral arteries;cerebral infarction due to embolism of precerebral arteries;cerebral infarction due to unspecified occlusion or stenosis of precerebral arteries;cerebral infarction due to thrombosis of cerebral arteries;cerebral infarction due to embolism of cerebral arteries;cerebral infarction due to unspecified occlusion or stenosis of cerebral arteries;cerebral infarction due to cerebral venous thrombosis, nonpyogenic;other cerebral infarction;cerebral infarction, unspecified"	cerebral infarction	cerebral infarction
I64	"stroke, not specified as haemorrhage or infarction"	"stroke, not specified as haemorrhage or infarction"	stroke
I65	"occlusion and stenosis of precerebral arteries, not resulting in cerebral infarction;occlusion and stenosis of vertebral artery;occlusion and stenosis of basilar artery;occlusion and stenosis of carotid artery;occlusion and stenosis of multiple and bilateral precerebral arteries;occlusion and stenosis of other precerebral artery;occlusion and stenosis of unspecified precerebral artery"	"occlusion and stenosis of precerebral arteries, not resulting in cerebral infarction"	occlusion and stenosis of precerebral arteries
I66	"occlusion and stenosis of cerebral arteries, not resulting in cerebral infarction;occlusion and stenosis of middle cerebral artery;occlusion and stenosis of anterior cerebral artery;occlusion and stenosis of posterior cerebral artery;occlusion and stenosis of cerebellar arteries;occlusion and stenosis of multiple and bilateral cerebral arteries;occlusion and stenosis of other cerebral artery;occlusion and stenosis of unspecified cerebral artery"	"occlusion and stenosis of cerebral arteries, not resulting in cerebral infarction"	occlusion and stenosis of cerebral arteries
I67	"other cerebrovascular diseases;dissection of cerebral arteries, nonruptured;cerebral aneurysm, nonruptured;cerebral atherosclerosis;progressive vascular leukoencephalopathy;hypertensive encephalopathy;moyamoya disease;nonpyogenic thrombosis of intracranial venous system;cerebral arteritis, not elsewhere classified;other specified cerebrovascular diseases;cerebrovascular disease, unspecified"	cerebrovascular diseases	cerebrovascular diseases
I68	cerebrovascular disorders in diseases classified elsewhere;cerebral amyloid angiopathy;cerebral arteritis in infectious and parasitic diseases classified elsewhere;cerebral arteritis in other diseases classified elsewhere;other cerebrovascular disorders in diseases classified elsewhere	cerebrovascular disorders in diseases classified elsewhere	cerebrovascular disorders in diseases classified elsewhere
I69	"sequelae of cerebrovascular disease;sequelae of subarachnoid haemorrhage;sequelae of intracerebral haemorrhage;sequelae of other nontraumatic intracranial haemorrhage;sequelae of cerebral infarction;sequelae of stroke, not specified as haemorrhage or infarction;sequelae of other and unspecified cerebrovascular diseases"	sequelae of cerebrovascular disease	sequelae of cerebrovascular disease
I70	atherosclerosis;atherosclerosis of aorta;atherosclerosis of renal artery;atherosclerosis of arteries of the extremities;atherosclerosis of other arteries;generalised and unspecified atherosclerosis	atherosclerosis	atherosclerosis
I71	"aortic aneurysm and dissection;dissection of aorta [any part];thoracic aortic aneurysm, ruptured;thoracic aortic aneurysm, without mention of rupture;abdominal aortic aneurysm, ruptured;abdominal aortic aneurysm, without mention of rupture;thoracoabdominal aortic aneurysm, ruptured;thoracoabdominal aortic aneurysm, without mention of rupture;aortic aneurysm of unspecified site, ruptured;aortic aneurysm of unspecified site, without mention of rupture"	aortic aneurysm and dissection	aortic aneurysm and dissection
I72	other aneurysm;aneurysm of carotid artery;aneurysm of artery of upper extremity;aneurysm of renal artery;aneurysm of iliac artery;aneurysm of artery of lower extremity;aneurysm and dissection of other precerebral arteries;aneurysm and dissection of vertebral artery;aneurysm of other specified arteries;aneurysm of unspecified site	aneurysm	aneurysm
I73	"other peripheral vascular diseases;raynaud's syndrome;thromboangiitis obliterans [buerger];other specified peripheral vascular diseases;peripheral vascular disease, unspecified"	peripheral vascular diseases	peripheral vascular diseases
I74	"arterial embolism and thrombosis;embolism and thrombosis of abdominal aorta;embolism and thrombosis of other and unspecified parts of aorta;embolism and thrombosis of arteries of the upper extremities;embolism and thrombosis of arteries of the lower extremities;embolism and thrombosis of arteries of extremities, unspecified;embolism and thrombosis of iliac artery;embolism and thrombosis of other arteries;embolism and thrombosis of unspecified artery"	arterial embolism and thrombosis	arterial embolism and thrombosis
I77	"other disorders of arteries and arterioles;arteriovenous fistula, acquired;stricture of artery;rupture of artery;arterial fibromuscular dysplasia;coeliac artery compression syndrome;necrosis of artery;arteritis, unspecified;other specified disorders of arteries and arterioles;disorder of arteries and arterioles, unspecified"	disorders of arteries and arterioles	disorders of arteries and arterioles
I78	"diseases of capillaries;hereditary haemorrhagic telangiectasia;naevus, nonneoplastic;other diseases of capillaries;disease of capillaries, unspecified"	diseases of capillaries	diseases of capillaries
I79	"disorders of arteries, arterioles and capillaries in diseases classified elsewhere;aneurysm of aorta in diseases classified elsewhere;aortitis in diseases classified elsewhere;peripheral angiopathy in diseases classified elsewhere;other disorders of arteries, arterioles and capillaries in diseases classified elsewhere"	"disorders of arteries, arterioles and capillaries in diseases classified elsewhere"	"disorders of arteries, arterioles and capillaries in diseases classified elsewhere"
I80	"phlebitis and thrombophlebitis;phlebitis and thrombophlebitis of superficial vessels of lower extremities;phlebitis and thrombophlebitis of femoral vein;phlebitis and thrombophlebitis of other deep vessels of lower extremities;phlebitis and thrombophlebitis of lower extremities, unspecified;phlebitis and thrombophlebitis of other sites;phlebitis and thrombophlebitis of unspecified site"	phlebitis and thrombophlebitis	phlebitis and thrombophlebitis
I81	portal vein thrombosis	portal vein thrombosis	portal vein thrombosis
I82	other venous embolism and thrombosis;budd-chiari syndrome;thrombophlebitis migrans;embolism and thrombosis of vena cava;embolism and thrombosis of renal vein;embolism and thrombosis of other specified veins;embolism and thrombosis of unspecified vein	venous embolism and thrombosis	venous embolism and thrombosis
I83	varicose veins of lower extremities;varicose veins of lower extremities with ulcer;varicose veins of lower extremities with inflammation;varicose veins of lower extremities with both ulcer and inflammation;varicose veins of lower extremities without ulcer or inflammation	varicose veins of lower extremities	varicose veins of lower extremities
I84	haemorrhoids;internal thrombosed haemorrhoids;internal haemorrhoids with other complications;internal haemorrhoids without complication;external thrombosed haemorrhoids;external haemorrhoids with other complications;external haemorrhoids without complication;residual haemorrhoidal skin tags;unspecified thrombosed haemorrhoids;unspecified haemorrhoids with other complications;unspecified haemorrhoids without complication	haemorrhoids	haemorrhoids
I85	oesophageal varices;oesophageal varices with bleeding;oesophageal varices without bleeding	oesophageal varices	oesophageal varices
I86	varicose veins of other sites;sublingual varices;scrotal varices;pelvic varices;vulval varices;gastric varices;varicose veins of other specified sites	varicose veins of specified sites	varicose veins of specified sites
I87	"other disorders of veins;postphlebitic syndrome;compression of vein;venous insufficiency (chronic) (peripheral);other specified disorders of veins;disorder of vein, unspecified"	disorders of veins	disorders of veins
I88	"nonspecific lymphadenitis;nonspecific mesenteric lymphadenitis;chronic lymphadenitis, except mesenteric;other nonspecific lymphadenitis;nonspecific lymphadenitis, unspecified"	nonspecific lymphadenitis	nonspecific lymphadenitis
I89	"other non-infective disorders of lymphatic vessels and lymph nodes;lymphoedema, not elsewhere classified;lymphangitis;other specified non-infective disorders of lymphatic vessels and lymph nodes;non-infective disorder of lymphatic vessels and lymph nodes, unspecified"	non-infective disorders of lymphatic vessels and lymph nodes	non-infective disorders of lymphatic vessels and lymph nodes
I95	"hypotension;idiopathic hypotension;orthostatic hypotension;hypotension due to drugs;other hypotension;hypotension, unspecified"	hypotension	hypotension
I97	"postprocedural disorders of circulatory system, not elsewhere classified;postcardiotomy syndrome;other functional disturbances following cardiac surgery;postmastectomy lymphoedema syndrome;other postprocedural disorders of circulatory system, not elsewhere classified;postprocedural disorder of circulatory system, unspecified"	"postprocedural disorders of circulatory system, not elsewhere classified"	postprocedural disorders of circulatory system
I98	other disorders of circulatory system in diseases classified elsewhere;cardiovascular syphilis;cardiovascular disorders in other infectious and parasitic diseases classified elsewhere;oesophageal varices in diseases classified elsewhere;oesophageal varices with bleeding in diseases classified elsewhere;other specified disorders of circulatory system in diseases classified elsewhere	disorders of circulatory system in diseases classified elsewhere	disorders of circulatory system in diseases classified elsewhere
I99	other and unspecified disorders of circulatory system	disorders of circulatory system	disorders of circulatory system
J00	acute nasopharyngitis [common cold]	acute nasopharyngitis [common cold]	acute nasopharyngitis [common cold]
J01	"acute sinusitis;acute maxillary sinusitis;acute frontal sinusitis;acute ethmoidal sinusitis;acute sphenoidal sinusitis;acute pansinusitis;other acute sinusitis;acute sinusitis, unspecified"	acute sinusitis	acute sinusitis
J02	"acute pharyngitis;streptococcal pharyngitis;acute pharyngitis due to other specified organisms;acute pharyngitis, unspecified"	acute pharyngitis	acute pharyngitis
J03	"acute tonsillitis;streptococcal tonsillitis;acute tonsillitis due to other specified organisms;acute tonsillitis, unspecified"	acute tonsillitis	acute tonsillitis
J04	acute laryngitis and tracheitis;acute laryngitis;acute tracheitis;acute laryngotracheitis	acute laryngitis and tracheitis	acute laryngitis and tracheitis
J05	acute obstructive laryngitis [croup] and epiglottitis;acute obstructive laryngitis [croup];acute epiglottitis	acute obstructive laryngitis [croup] and epiglottitis	acute obstructive laryngitis [croup] and epiglottitis
J06	"acute upper respiratory infections of multiple and unspecified sites;acute laryngopharyngitis;other acute upper respiratory infections of multiple sites;acute upper respiratory infection, unspecified"	acute upper respiratory infections of multiple sites	acute upper respiratory infections of multiple sites
J09	influenza due to certain identified influenza virus	influenza due to certain identified influenza virus	influenza due to certain identified influenza virus
J10	"influenza due to identified influenza virus;influenza with pneumonia, influenza virus identified;influenza with other respiratory manifestations, influenza virus identified;influenza with other manifestations, influenza virus identified"	influenza due to identified influenza virus	influenza due to identified influenza virus
J11	"influenza, virus not identified;influenza with pneumonia, virus not identified;influenza with other respiratory manifestations, virus not identified;influenza with other manifestations, virus not identified"	"influenza, virus not identified"	influenza virus
J12	"viral pneumonia, not elsewhere classified;adenoviral pneumonia;respiratory syncytial virus pneumonia;parainfluenza virus pneumonia;human metapneumovirus pneumonia;other viral pneumonia;viral pneumonia, unspecified"	"viral pneumonia, not elsewhere classified"	viral pneumonia
J13	pneumonia due to streptococcus pneumoniae	pneumonia due to streptococcus pneumoniae	pneumonia due to streptococcus pneumoniae
J14	pneumonia due to haemophilus influenzae	pneumonia due to haemophilus influenzae	pneumonia due to haemophilus influenzae
J15	"bacterial pneumonia, not elsewhere classified;pneumonia due to klebsiella pneumoniae;pneumonia due to pseudomonas;pneumonia due to staphylococcus;pneumonia due to streptococcus, group b;pneumonia due to other streptococci;pneumonia due to escherichia coli;pneumonia due to other aerobic gram-negative bacteria;pneumonia due to mycoplasma pneumoniae;other bacterial pneumonia;bacterial pneumonia, unspecified"	"bacterial pneumonia, not elsewhere classified"	bacterial pneumonia
J16	"pneumonia due to other infectious organisms, not elsewhere classified;chlamydial pneumonia;pneumonia due to other specified infectious organisms"	"pneumonia due to infectious organisms, not elsewhere classified"	pneumonia due to infectious organisms
J17	pneumonia in diseases classified elsewhere;pneumonia in bacterial diseases classified elsewhere;pneumonia in viral diseases classified elsewhere;pneumonia in mycoses;pneumonia in parasitic diseases;pneumonia in other diseases classified elsewhere	pneumonia in diseases classified elsewhere	pneumonia in diseases classified elsewhere
J18	"pneumonia, organism unspecified;bronchopneumonia, unspecified;lobar pneumonia, unspecified;hypostatic pneumonia, unspecified;other pneumonia, organism unspecified;pneumonia, unspecified"	"pneumonia, organism"	"pneumonia, organism"
J20	"acute bronchitis;acute bronchitis due to mycoplasma pneumoniae;acute bronchitis due to haemophilus influenzae;acute bronchitis due to streptococcus;acute bronchitis due to coxsackie virus;acute bronchitis due to parainfluenza virus;acute bronchitis due to respiratory syncytial virus;acute bronchitis due to rhinovirus;acute bronchitis due to echovirus;acute bronchitis due to other specified organisms;acute bronchitis, unspecified"	acute bronchitis	acute bronchitis
J21	"acute bronchiolitis;acute bronchiolitis due to respiratory syncytial virus;acute bronchiolitis due to human metapneumovirus;acute bronchiolitis due to other specified organisms;acute bronchiolitis, unspecified"	acute bronchiolitis	acute bronchiolitis
J22	unspecified acute lower respiratory infection	unspecified acute lower respiratory infection	acute lower respiratory infection
J30	"vasomotor and allergic rhinitis;vasomotor rhinitis;allergic rhinitis due to pollen;other seasonal allergic rhinitis;other allergic rhinitis;allergic rhinitis, unspecified"	vasomotor and allergic rhinitis	vasomotor and allergic rhinitis
J31	"chronic rhinitis, nasopharyngitis and pharyngitis;chronic rhinitis;chronic nasopharyngitis;chronic pharyngitis"	"chronic rhinitis, nasopharyngitis and pharyngitis"	"chronic rhinitis, nasopharyngitis and pharyngitis"
J32	"chronic sinusitis;chronic maxillary sinusitis;chronic frontal sinusitis;chronic ethmoidal sinusitis;chronic sphenoidal sinusitis;chronic pansinusitis;other chronic sinusitis;chronic sinusitis, unspecified"	chronic sinusitis	chronic sinusitis
J33	"nasal polyp;polyp of nasal cavity;polypoid sinus degeneration;other polyp of sinus;nasal polyp, unspecified"	nasal polyp	nasal polyp
J34	"other disorders of nose and nasal sinuses;abscess, furuncle and carbuncle of nose;cyst and mucocele of nose and nasal sinus;deviated nasal septum;hypertrophy of nasal turbinates;other specified disorders of nose and nasal sinuses"	hypertrophy of nasal turbinates	hypertrophy of nasal turbinates
J35	"chronic diseases of tonsils and adenoids;chronic tonsillitis;hypertrophy of tonsils;hypertrophy of adenoids;hypertrophy of tonsils with hypertrophy of adenoids;other chronic diseases of tonsils and adenoids;chronic disease of tonsils and adenoids, unspecified"	chronic diseases of tonsils and adenoids	chronic diseases of tonsils and adenoids
J36	peritonsillar abscess	peritonsillar abscess	peritonsillar abscess
J37	chronic laryngitis and laryngotracheitis;chronic laryngitis;chronic laryngotracheitis	chronic laryngitis and laryngotracheitis	chronic laryngitis and laryngotracheitis
J38	"diseases of vocal cords and larynx, not elsewhere classified;paralysis of vocal cords and larynx;polyp of vocal cord and larynx;nodules of vocal cords;other diseases of vocal cords;oedema of larynx;laryngeal spasm;stenosis of larynx;other diseases of larynx"	"diseases of vocal cords and larynx, not elsewhere classified"	diseases of vocal cords and larynx
J39	"other diseases of upper respiratory tract;retropharyngeal and parapharyngeal abscess;other abscess of pharynx;other diseases of pharynx;upper respiratory tract hypersensitivity reaction, site unspecified;other specified diseases of upper respiratory tract;disease of upper respiratory tract, unspecified"	diseases of upper respiratory tract	diseases of upper respiratory tract
J40	"bronchitis, not specified as acute or chronic"	"bronchitis, not specified as acute or chronic"	bronchitis
J41	simple and mucopurulent chronic bronchitis;simple chronic bronchitis;mucopurulent chronic bronchitis;mixed simple and mucopurulent chronic bronchitis	simple and mucopurulent chronic bronchitis	simple and mucopurulent chronic bronchitis
J42	unspecified chronic bronchitis	unspecified chronic bronchitis	chronic bronchitis
J43	"emphysema;macleod's syndrome;panlobular emphysema;centrilobular emphysema;other emphysema;emphysema, unspecified"	emphysema	emphysema
J44	"other chronic obstructive pulmonary disease;chronic obstructive pulmonary disease with acute lower respiratory infection;chronic obstructive pulmonary disease with acute exacerbation, unspecified;other specified chronic obstructive pulmonary disease;chronic obstructive pulmonary disease, unspecified"	chronic obstructive pulmonary disease	chronic obstructive pulmonary disease
J45	cough variant asthma;Asthma;Intrinsic asthma;intrinsic asthma;allergic asthma;asthma	asthma	asthma
L40	"asthma;predominantly allergic asthma;nonallergic asthma;mixed asthma;asthma, unspecified"	asthma	asthma
J46	status asthmaticus	status asthmaticus	status asthmaticus
J47	bronchiectasis	bronchiectasis	bronchiectasis
J60	coalworker's pneumoconiosis	coalworker's pneumoconiosis	coalworker's pneumoconiosis
J61	pneumoconiosis due to asbestos and other mineral fibres	pneumoconiosis due to asbestos and mineral fibres	pneumoconiosis due to asbestos and mineral fibres
J62	pneumoconiosis due to dust containing silica;pneumoconiosis due to talc dust;pneumoconiosis due to other dust containing silica	pneumoconiosis due to dust containing silica	pneumoconiosis due to dust containing silica
J63	pneumoconiosis due to other inorganic dusts;aluminosis (of lung);bauxite fibrosis (of lung);berylliosis;graphite fibrosis (of lung);siderosis;stannosis;pneumoconiosis due to other specified inorganic dusts	pneumoconiosis due to inorganic dusts	pneumoconiosis due to inorganic dusts
J64	unspecified pneumoconiosis	unspecified pneumoconiosis	pneumoconiosis
J65	pneumoconiosis associated with tuberculosis	pneumoconiosis associated with tuberculosis	pneumoconiosis associated with tuberculosis
J66	airway disease due to specific organic dust;byssinosis;flax-dresser's disease;cannabinosis;airway disease due to other specific organic dusts	airway disease due to specific organic dust	airway disease due to specific organic dust
J67	hypersensitivity pneumonitis due to organic dust;farmer's lung;bagassosis;bird fancier's lung;suberosis;maltworker's lung;mushroom-worker's lung;maple-bark-stripper's lung;air-conditioner and humidifier lung;hypersensitivity pneumonitis due to other organic dusts;hypersensitivity pneumonitis due to unspecified organic dust	hypersensitivity pneumonitis due to organic dust	hypersensitivity pneumonitis due to organic dust
J68	"respiratory conditions due to inhalation of chemicals, gases, fumes and vapours;bronchitis and pneumonitis due to chemicals, gases, fumes and vapours;acute pulmonary oedema due to chemicals, gases, fumes and vapours;upper respiratory inflammation due to chemicals, gases, fumes and vapours, not elsewhere classified;other acute and subacute respiratory conditions due to chemicals, gases, fumes and vapours;chronic respiratory conditions due to chemicals, gases, fumes and vapours;other respiratory conditions due to chemicals, gases, fumes and vapours;unspecified respiratory condition due to chemicals, gases, fumes and vapours"	"respiratory conditions due to inhalation of chemicals, gases, fumes and vapours"	"respiratory conditions due to inhalation of chemicals, gases, fumes and vapours"
J69	pneumonitis due to solids and liquids;pneumonitis due to food and vomit;pneumonitis due to oils and essences;pneumonitis due to other solids and liquids	pneumonitis due to solids and liquids	pneumonitis due to solids and liquids
J70	"respiratory conditions due to other external agents;acute pulmonary manifestations due to radiation;chronic and other pulmonary manifestations due to radiation;acute drug-induced interstitial lung disorders;chronic drug-induced interstitial lung disorders;drug-induced interstitial lung disorder, unspecified;respiratory conditions due to other specified external agents;respiratory conditions due to unspecified external agent"	respiratory conditions due to external agents	respiratory conditions due to external agents
J80	adult respiratory distress syndrome	adult respiratory distress syndrome	adult respiratory distress syndrome
J81	pulmonary oedema	pulmonary oedema	pulmonary oedema
J82	"pulmonary eosinophilia, not elsewhere classified"	"pulmonary eosinophilia, not elsewhere classified"	pulmonary eosinophilia
J84	"other interstitial pulmonary diseases;alveolar and parietoalveolar conditions;other interstitial pulmonary diseases with fibrosis;other specified interstitial pulmonary diseases;interstitial pulmonary disease, unspecified"	interstitial pulmonary diseases	interstitial pulmonary diseases
J85	abscess of lung and mediastinum;gangrene and necrosis of lung;abscess of lung with pneumonia;abscess of lung without pneumonia;abscess of mediastinum	abscess of lung and mediastinum	abscess of lung and mediastinum
J86	pyothorax;pyothorax with fistula;pyothorax without fistula	pyothorax	pyothorax
J90	"pleural effusion, not elsewhere classified"	"pleural effusion, not elsewhere classified"	pleural effusion
J91	pleural effusion in conditions classified elsewhere	pleural effusion in conditions classified elsewhere	pleural effusion in conditions classified elsewhere
J92	pleural plaque;pleural plaque with presence of asbestos;pleural plaque without asbestos	pleural plaque	pleural plaque
J93	"pneumothorax;spontaneous tension pneumothorax;other spontaneous pneumothorax;other pneumothorax;pneumothorax, unspecified"	pneumothorax	pneumothorax
J94	"other pleural conditions;chylous effusion;fibrothorax;haemothorax;other specified pleural conditions;pleural condition, unspecified"	pleural conditions	pleural conditions
J95	"postprocedural respiratory disorders, not elsewhere classified;tracheostomy malfunction;acute pulmonary insufficiency following thoracic surgery;acute pulmonary insufficiency following nonthoracic surgery;chronic pulmonary insufficiency following surgery;mendelson's syndrome;postprocedural subglottic stenosis;other postprocedural respiratory disorders;postprocedural respiratory disorder, unspecified"	"postprocedural respiratory disorders, not elsewhere classified"	postprocedural respiratory disorders
J96	"respiratory failure, not elsewhere classified;acute respiratory failure;chronic respiratory failure;respiratory failure, unspecified"	"respiratory failure, not elsewhere classified"	respiratory failure
J98	"other respiratory disorders;diseases of bronchus, not elsewhere classified;pulmonary collapse;interstitial emphysema;compensatory emphysema;other disorders of lung;diseases of mediastinum, not elsewhere classified;disorders of diaphragm;respiratory infections, not elsewhere classified;other specified respiratory disorders;respiratory disorder, unspecified"	respiratory disorders	respiratory disorders
J99	respiratory disorders in diseases classified elsewhere;rheumatoid lung disease;respiratory disorders in other diffuse connective tissue disorders;respiratory disorders in other diseases classified elsewhere	respiratory disorders in diseases classified elsewhere	respiratory disorders in diseases classified elsewhere
K00	"disorders of tooth development and eruption;anodontia;supernumerary teeth;abnormalities of size and form of teeth;mottled teeth;disturbances in tooth formation;hereditary disturbances in tooth structure, not elsewhere classified;disturbances in tooth eruption;teething syndrome;other disorders of tooth development;disorder of tooth development, unspecified"	disorders of tooth development and eruption	disorders of tooth development and eruption
K01	embedded and impacted teeth;embedded teeth;impacted teeth	embedded and impacted teeth	embedded and impacted teeth
K02	"dental caries;caries limited to enamel;caries of dentin;caries of cementum;arrested dental caries;odontoclasia;caries with pulp exposure;other dental caries;dental caries, unspecified"	dental caries	dental caries
K03	"other diseases of hard tissues of teeth;excessive attrition of teeth;abrasion of teeth;erosion of teeth;pathological resorption of teeth;hypercementosis;ankylosis of teeth;deposits [accretions] on teeth;posteruptive colour changes of dental hard tissues;other specified diseases of hard tissues of teeth;disease of hard tissues of teeth, unspecified"	diseases of hard tissues of teeth	diseases of hard tissues of teeth
K04	diseases of pulp and periapical tissues;pulpitis;necrosis of pulp;pulp degeneration;abnormal hard tissue formation in pulp;acute apical periodontitis of pulpal origin;chronic apical periodontitis;periapical abscess with sinus;periapical abscess without sinus;radicular cyst;other and unspecified diseases of pulp and periapical tissues	diseases of pulp and periapical tissues	diseases of pulp and periapical tissues
K05	"gingivitis and periodontal diseases;acute gingivitis;chronic gingivitis;acute periodontitis;chronic periodontitis;periodontosis;other periodontal diseases;periodontal disease, unspecified"	gingivitis and periodontal diseases	gingivitis and periodontal diseases
K06	"other disorders of gingiva and edentulous alveolar ridge;gingival recession;gingival enlargement;gingival and edentulous alveolar ridge lesions associated with trauma;other specified disorders of gingiva and edentulous alveolar ridge;disorder of gingiva and edentulous alveolar ridge, unspecified"	disorders of gingiva and edentulous alveolar ridge	disorders of gingiva and edentulous alveolar ridge
K07	"dentofacial anomalies [including malocclusion];major anomalies of jaw size;anomalies of jaw-cranial base relationship;anomalies of dental arch relationship;anomalies of tooth position;malocclusion, unspecified;dentofacial functional abnormalities;temporomandibular joint disorders;other dentofacial anomalies;dentofacial anomaly, unspecified"	dentofacial anomalies [including malocclusion]	dentofacial anomalies [including malocclusion]
K08	"other disorders of teeth and supporting structures;exfoliation of teeth due to systemic causes;loss of teeth due to accident, extraction or local periodontal disease;atrophy of edentulous alveolar ridge;retained dental root;other specified disorders of teeth and supporting structures;disorder of teeth and supporting structures, unspecified"	disorders of teeth and supporting structures	disorders of teeth and supporting structures
K09	"cysts of oral region, not elsewhere classified;developmental odontogenic cysts;developmental (nonodontogenic) cysts of oral region;other cysts of jaw;other cysts of oral region, not elsewhere classified;cyst of oral region, unspecified"	"cysts of oral region, not elsewhere classified"	cysts of oral region
K10	"other diseases of jaws;developmental disorders of jaws;giant cell granuloma, central;inflammatory conditions of jaws;alveolitis of jaws;other specified diseases of jaws;disease of jaws, unspecified"	diseases of jaws	diseases of jaws
K11	"diseases of salivary glands;atrophy of salivary gland;hypertrophy of salivary gland;sialoadenitis;abscess of salivary gland;fistula of salivary gland;sialolithiasis;mucocele of salivary gland;disturbances of salivary secretion;other diseases of salivary glands;disease of salivary gland, unspecified"	diseases of salivary glands	diseases of salivary glands
K12	stomatitis and related lesions;recurrent oral aphthae;other forms of stomatitis;cellulitis and abscess of mouth;oral mucositis (ulcerative)	stomatitis and related lesions	stomatitis and related lesions
K13	"other diseases of lip and oral mucosa;diseases of lips;cheek and lip biting;leukoplakia and other disturbances of oral epithelium, including tongue;hairy leukoplakia;granuloma and granuloma-like lesions of oral mucosa;oral submucous fibrosis;irritative hyperplasia of oral mucosa;other and unspecified lesions of oral mucosa"	diseases of lip and oral mucosa	diseases of lip and oral mucosa
K14	"diseases of tongue;glossitis;geographic tongue;median rhomboid glossitis;hypertrophy of tongue papillae;atrophy of tongue papillae;plicated tongue;glossodynia;other diseases of tongue;disease of tongue, unspecified"	diseases of tongue	diseases of tongue
K20	oesophagitis	oesophagitis	oesophagitis
K21	gastro-oesophageal reflux disease;gastro-oesophageal reflux disease with oesophagitis;gastro-oesophageal reflux disease without oesophagitis	gastro-oesophageal reflux disease	gastro-oesophageal reflux disease
K22	"other diseases of oesophagus;achalasia of cardia;ulcer of oesophagus;oesophageal obstruction;perforation of oesophagus;dyskinesia of oesophagus;diverticulum of oesophagus, acquired;gastro-oesophageal laceration-haemorrhage syndrome;barrett's oesophagus;other specified diseases of oesophagus;disease of oesophagus, unspecified"	diseases of oesophagus	diseases of oesophagus
K23	disorders of oesophagus in diseases classified elsewhere;tuberculous oesophagitis;megaoesophagus in chagas' disease;disorders of oesophagus in other diseases classified elsewhere	disorders of oesophagus in diseases classified elsewhere	disorders of oesophagus in diseases classified elsewhere
K25	"gastric ulcer;acute with haemorrhage;acute with perforation;acute with both haemorrhage and perforation;acute without haemorrhage or perforation;chronic or unspecified with haemorrhage;chronic or unspecified with perforation;chronic or unspecified with both haemorrhage and perforation;chronic without haemorrhage or perforation;unspecified as acute or chronic, without haemorrhage or perforation"	gastric ulcer	gastric ulcer
K26	"duodenal ulcer;acute with haemorrhage;acute with perforation;acute with both haemorrhage and perforation;acute without haemorrhage or perforation;chronic or unspecified with haemorrhage;chronic or unspecified with perforation;chronic or unspecified with both haemorrhage and perforation;chronic without haemorrhage or perforation;unspecified as acute or chronic, without haemorrhage or perforation"	duodenal ulcer	duodenal ulcer
K27	"peptic ulcer, site unspecified;acute with haemorrhage;acute with perforation;acute with both haemorrhage and perforation;acute without haemorrhage or perforation;chronic or unspecified with haemorrhage;chronic or unspecified with perforation;chronic or unspecified with both haemorrhage and perforation;chronic without haemorrhage or perforation;unspecified as acute or chronic, without haemorrhage or perforation"	acute with perforation	acute with perforation
K28	"gastrojejunal ulcer;acute with haemorrhage;acute with perforation;acute with both haemorrhage and perforation;acute without haemorrhage or perforation;chronic or unspecified with haemorrhage;chronic or unspecified with perforation;chronic or unspecified with both haemorrhage and perforation;chronic without haemorrhage or perforation;unspecified as acute or chronic, without haemorrhage or perforation"	gastrojejunal ulcer	gastrojejunal ulcer
K29	"gastritis and duodenitis;acute haemorrhagic gastritis;other acute gastritis;alcoholic gastritis;chronic superficial gastritis;chronic atrophic gastritis;chronic gastritis, unspecified;other gastritis;gastritis, unspecified;duodenitis;gastroduodenitis, unspecified"	gastritis and duodenitis	gastritis and duodenitis
K30	dyspepsia	dyspepsia	dyspepsia
K31	"other diseases of stomach and duodenum;acute dilatation of stomach;adult hypertrophic pyloric stenosis;hourglass stricture and stenosis of stomach;pylorospasm, not elsewhere classified;gastric diverticulum;obstruction of duodenum;fistula of stomach and duodenum;polyp of stomach and duodenum;other specified diseases of stomach and duodenum;disease of stomach and duodenum, unspecified"	diseases of stomach and duodenum	diseases of stomach and duodenum
K35	"acute appendicitis;acute appendicitis with generalised peritonitis;acute appendicitis with peritoneal abscess;acute appendicitis with generalized peritonitis;acute appendicitis with localized peritonitis;acute appendicitis, other and unspecified;acute appendicitis, unspecified"	acute appendicitis	acute appendicitis
K36	other appendicitis	appendicitis	appendicitis
K37	unspecified appendicitis	unspecified appendicitis	appendicitis
K38	"other diseases of appendix;hyperplasia of appendix;appendicular concretions;diverticulum of appendix;fistula of appendix;other specified diseases of appendix;disease of appendix, unspecified"	diseases of appendix	diseases of appendix
K40	"inguinal hernia;bilateral inguinal hernia, with obstruction, without gangrene;bilateral inguinal hernia, with gangrene;bilateral inguinal hernia, without obstruction or gangrene;unilateral or unspecified inguinal hernia, with obstruction, without gangrene;unilateral or unspecified inguinal hernia, with gangrene;unilateral or unspecified inguinal hernia, without obstruction or gangrene"	inguinal hernia	inguinal hernia
K41	"femoral hernia;bilateral femoral hernia, with obstruction, without gangrene;bilateral femoral hernia, with gangrene;bilateral femoral hernia, without obstruction or gangrene;unilateral or unspecified femoral hernia, with obstruction, without gangrene;unilateral or unspecified femoral hernia, with gangrene;unilateral or unspecified femoral hernia, without obstruction or gangrene"	femoral hernia	femoral hernia
K42	"umbilical hernia;umbilical hernia with obstruction, without gangrene;umbilical hernia with gangrene;umbilical hernia without obstruction or gangrene"	umbilical hernia	umbilical hernia
K43	"ventral hernia;ventral hernia with obstruction, without gangrene;ventral hernia with gangrene;incisional hernia without obstruction or gangrene;parastomal hernia with obstruction,  without gangrene;parastomal hernia with gangrene;parastomal hernia without obstruction or gangrene;other and unspecified ventral hernia with obstruction, without gangrene;other and unspecified ventral hernia with gangrene;ventral hernia without obstruction or gangrene"	ventral hernia	ventral hernia
K44	"diaphragmatic hernia;diaphragmatic hernia with obstruction, without gangrene;diaphragmatic hernia with gangrene;diaphragmatic hernia without obstruction or gangrene"	diaphragmatic hernia	diaphragmatic hernia
K45	"other abdominal hernia;other specified abdominal hernia with obstruction, without gangrene;other specified abdominal hernia with gangrene;other specified abdominal hernia without obstruction or gangrene"	abdominal hernia	abdominal hernia
K46	"unspecified abdominal hernia;unspecified abdominal hernia with obstruction, without gangrene;unspecified abdominal hernia with gangrene;unspecified abdominal hernia without obstruction or gangrene"	unspecified abdominal hernia	abdominal hernia
K50	"crohn's disease [regional enteritis];crohn's disease of small intestine;crohn's disease of large intestine;other crohn's disease;crohn's disease, unspecified"	crohn's disease [regional enteritis]	crohn's disease [regional enteritis]
K51	"ulcerative colitis;ulcerative (chronic) enterocolitis;ulcerative (chronic) ileocolitis;ulcerative (chronic) proctitis;ulcerative (chronic) rectosigmoiditis;pseudopolyposis of colon;mucosal proctocolitis;other ulcerative colitis;ulcerative colitis, unspecified"	ulcerative colitis	ulcerative colitis
K52	"other non-infective gastro-enteritis and colitis;gastro-enteritis and colitis due to radiation;toxic gastro-enteritis and colitis;allergic and dietetic gastro-enteritis and colitis;indeterminate colitis;other specified non-infective gastro-enteritis and colitis;non-infective gastro-enteritis and colitis, unspecified"	non-infective gastro-enteritis and colitis	non-infective gastro-enteritis and colitis
K55	"vascular disorders of intestine;acute vascular disorders of intestine;chronic vascular disorders of intestine;angiodysplasia of colon;angiodysplasia of small intestine;other vascular disorders of intestine;vascular disorder of intestine, unspecified"	vascular disorders of intestine	vascular disorders of intestine
K56	"paralytic ileus and intestinal obstruction without hernia;paralytic ileus;intussusception;volvulus;gallstone ileus;other impaction of intestine;intestinal adhesions [bands] with obstruction;other and unspecified intestinal obstruction;ileus, unspecified"	paralytic ileus and intestinal obstruction without hernia	paralytic ileus and intestinal obstruction without hernia
K57	"diverticular disease of intestine;diverticular disease of small intestine with perforation and abscess;diverticular disease of small intestine without perforation or abscess;diverticular disease of large intestine with perforation and abscess;diverticular disease of large intestine without perforation or abscess;diverticular disease of both small and large intestine with perforation and abscess;diverticular disease of both small and large intestine without perforation or abscess;diverticular disease of intestine, part unspecified, with perforation and abscess;diverticular disease of intestine, part unspecified, without perforation or abscess"	diverticular disease of intestine	diverticular disease of intestine
K58	irritable bowel syndrome;irritable bowel syndrome with diarrhoea;irritable bowel syndrome with predominant diarrhoea [ibs-d];irritable bowel syndrome with predominant constipation [ibs-c];irritable bowel syndrome with mixed bowel habits [ibs-m];other and unspecified irritable bowel syndrome;irritable bowel syndrome without diarrhoea	irritable bowel syndrome	irritable bowel syndrome
K59	"other functional intestinal disorders;constipation;functional diarrhoea;neurogenic bowel, not elsewhere classified;megacolon, not elsewhere classified;anal spasm;other specified functional intestinal disorders;functional intestinal disorder, unspecified"	functional intestinal disorders	functional intestinal disorders
K60	"fissure and fistula of anal and rectal regions;acute anal fissure;chronic anal fissure;anal fissure, unspecified;anal fistula;rectal fistula;anorectal fistula"	fissure and fistula of anal and rectal regions	fissure and fistula of anal and rectal regions
K61	abscess of anal and rectal regions;anal abscess;rectal abscess;anorectal abscess;ischiorectal abscess;intrasphincteric abscess	abscess of anal and rectal regions	abscess of anal and rectal regions
K62	"other diseases of anus and rectum;anal polyp;rectal polyp;anal prolapse;rectal prolapse;stenosis of anus and rectum;haemorrhage of anus and rectum;ulcer of anus and rectum;radiation proctitis;other specified diseases of anus and rectum;disease of anus and rectum, unspecified"	diseases of anus and rectum	diseases of anus and rectum
K63	"other diseases of intestine;abscess of intestine;perforation of intestine (nontraumatic);fistula of intestine;ulcer of intestine;enteroptosis;polyp of colon;other specified diseases of intestine;disease of intestine, unspecified"	diseases of intestine	diseases of intestine
K64	"haemorrhoids and perianal venous thrombosis;first degree haemorrhoids;second degree haemorrhoids;third degree haemorrhoids;fourth degree haemorrhoids;residual haemorrhoidal skin tags;perianal venous thrombosis;other specified haemorrhoids;haemorrhoids,  unspecified"	haemorrhoids and perianal venous thrombosis	haemorrhoids and perianal venous thrombosis
K65	"peritonitis;acute peritonitis;other peritonitis;peritonitis, unspecified"	peritonitis	peritonitis
K66	"other disorders of peritoneum;peritoneal adhesions;haemoperitoneum;retroperitoneal fibrosis;other specified disorders of peritoneum;disorder of peritoneum, unspecified"	disorders of peritoneum	disorders of peritoneum
K67	disorders of peritoneum in infectious diseases classified elsewhere;chlamydial peritonitis;gonococcal peritonitis;syphilitic peritonitis;tuberculous peritonitis;other disorders of peritoneum in infectious diseases classified elsewhere	disorders of peritoneum in infectious diseases classified elsewhere	disorders of peritoneum in infectious diseases classified elsewhere
K70	"alcoholic liver disease;alcoholic fatty liver;alcoholic hepatitis;alcoholic fibrosis and sclerosis of liver;alcoholic cirrhosis of liver;alcoholic hepatic failure;alcoholic liver disease, unspecified"	alcoholic liver disease	alcoholic liver disease
K71	"toxic liver disease;toxic liver disease with cholestasis;toxic liver disease with hepatic necrosis;toxic liver disease with acute hepatitis;toxic liver disease with chronic persistent hepatitis;toxic liver disease with chronic lobular hepatitis;toxic liver disease with chronic active hepatitis;toxic liver disease with hepatitis, not elsewhere classified;toxic liver disease with fibrosis and cirrhosis of liver;toxic liver disease with other disorders of liver;toxic liver disease, unspecified"	toxic liver disease	toxic liver disease
K72	"hepatic failure, not elsewhere classified;acute and subacute hepatic failure;chronic hepatic failure;hepatic failure, unspecified"	"hepatic failure, not elsewhere classified"	hepatic failure
K73	"chronic hepatitis, not elsewhere classified;chronic persistent hepatitis, not elsewhere classified;chronic lobular hepatitis, not elsewhere classified;chronic active hepatitis, not elsewhere classified;other chronic hepatitis, not elsewhere classified;chronic hepatitis, unspecified"	"chronic hepatitis, not elsewhere classified"	chronic hepatitis
K74	"fibrosis and cirrhosis of liver;hepatic fibrosis;hepatic sclerosis;hepatic fibrosis with hepatic sclerosis;primary biliary cirrhosis;secondary biliary cirrhosis;biliary cirrhosis, unspecified;other and unspecified cirrhosis of liver"	fibrosis and cirrhosis of liver	fibrosis and cirrhosis of liver
K75	"other inflammatory liver diseases;abscess of liver;phlebitis of portal vein;nonspecific reactive hepatitis;granulomatous hepatitis, not elsewhere classified;autoimmune hepatitis;other specified inflammatory liver diseases;inflammatory liver disease, unspecified"	inflammatory liver diseases	inflammatory liver diseases
K76	"other diseases of liver;fatty (change of) liver, not elsewhere classified;chronic passive congestion of liver;central haemorrhagic necrosis of liver;infarction of liver;peliosis hepatis;hepatic veno-occlusive disease;portal hypertension;hepatorenal syndrome;other specified diseases of liver;liver disease, unspecified"	diseases of liver	diseases of liver
K77	liver disorders in diseases classified elsewhere;liver disorders in infectious and parasitic diseases classified elsewhere;liver disorders in other diseases classified elsewhere	liver disorders in diseases classified elsewhere	liver disorders in diseases classified elsewhere
K80	cholelithiasis;calculus of gallbladder with acute cholecystitis;calculus of gallbladder with other cholecystitis;calculus of gallbladder without cholecystitis;calculus of bile duct with cholangitis;calculus of bile duct with cholecystitis;calculus of bile duct without cholangitis or cholecystitis;other cholelithiasis	cholelithiasis	cholelithiasis
K81	"cholecystitis;acute cholecystitis;chronic cholecystitis;other cholecystitis;cholecystitis, unspecified"	cholecystitis	cholecystitis
K82	"other diseases of gallbladder;obstruction of gallbladder;hydrops of gallbladder;perforation of gallbladder;fistula of gallbladder;cholesterolosis of gallbladder;other specified diseases of gallbladder;disease of gallbladder, unspecified"	diseases of gallbladder	diseases of gallbladder
K83	"other diseases of biliary tract;cholangitis;obstruction of bile duct;perforation of bile duct;fistula of bile duct;spasm of sphincter of oddi;biliary cyst;other specified diseases of biliary tract;disease of biliary tract, unspecified"	diseases of biliary tract	diseases of biliary tract
K85	"acute pancreatitis;idiopathic acute pancreatitis;biliary acute pancreatitis;alcohol-induced acute pancreatitis;drug-induced acute pancreatitis;other acute pancreatitis;acute pancreatitis, unspecified"	acute pancreatitis	acute pancreatitis
K86	"other diseases of pancreas;alcohol-induced chronic pancreatitis;other chronic pancreatitis;cyst of pancreas;pseudocyst of pancreas;other specified diseases of pancreas;disease of pancreas, unspecified"	diseases of pancreas	diseases of pancreas
K87	"disorders of gallbladder, biliary tract and pancreas in diseases classified elsewhere;disorders of gallbladder and biliary tract in diseases classified elsewhere;disorders of pancreas in diseases classified elsewhere"	"disorders of gallbladder, biliary tract and pancreas in diseases classified elsewhere"	"disorders of gallbladder, biliary tract and pancreas in diseases classified elsewhere"
K90	"intestinal malabsorption;coeliac disease;tropical sprue;blind loop syndrome, not elsewhere classified;pancreatic steatorrhoea;malabsorption due to intolerance, not elsewhere classified;other intestinal malabsorption;intestinal malabsorption, unspecified"	intestinal malabsorption	intestinal malabsorption
K91	"postprocedural disorders of digestive system, not elsewhere classified;vomiting following gastro-intestinal surgery;postgastric surgery syndromes;postsurgical malabsorption, not elsewhere classified;postoperative intestinal obstruction;colostomy and enterostomy malfunction;postcholecystectomy syndrome;other postprocedural disorders of digestive system, not elsewhere classified;postprocedural disorder of digestive system, unspecified"	"postprocedural disorders of digestive system, not elsewhere classified"	postprocedural disorders of digestive system
K92	"other diseases of digestive system;haematemesis;melaena;gastro-intestinal haemorrhage, unspecified;other specified diseases of digestive system;disease of digestive system, unspecified"	diseases of digestive system	diseases of digestive system
K93	"disorders of other digestive organs in diseases classified elsewhere;tuberculous disorders of intestines, peritoneum and mesenteric glands;megacolon in chagas' disease;disorders of other specified digestive organs in diseases classified elsewhere"	disorders of digestive organs in diseases classified elsewhere	disorders of digestive organs in diseases classified elsewhere
L00	staphylococcal scalded skin syndrome	staphylococcal scalded skin syndrome	staphylococcal scalded skin syndrome
L01	impetigo;impetigo [any organism] [any site];impetiginisation of other dermatoses	impetigo	impetigo
L02	"cutaneous abscess, furuncle and carbuncle;cutaneous abscess, furuncle and carbuncle of face;cutaneous abscess, furuncle and carbuncle of neck;cutaneous abscess, furuncle and carbuncle of trunk;cutaneous abscess, furuncle and carbuncle of buttock;cutaneous abscess, furuncle and carbuncle of limb;cutaneous abscess, furuncle and carbuncle of other sites;cutaneous abscess, furuncle and carbuncle, unspecified"	"cutaneous abscess, furuncle and carbuncle"	"cutaneous abscess, furuncle and carbuncle"
L03	"cellulitis;cellulitis of finger and toe;cellulitis of other parts of limb;cellulitis of face;cellulitis of trunk;cellulitis of other sites;cellulitis, unspecified"	cellulitis	cellulitis
L04	"acute lymphadenitis;acute lymphadenitis of face, head and neck;acute lymphadenitis of trunk;acute lymphadenitis of upper limb;acute lymphadenitis of lower limb;acute lymphadenitis of other sites;acute lymphadenitis, unspecified"	acute lymphadenitis	acute lymphadenitis
L05	pilonidal cyst;pilonidal cyst with abscess;pilonidal cyst without abscess	pilonidal cyst	pilonidal cyst
L08	"other local infections of skin and subcutaneous tissue;pyoderma;erythrasma;other specified local infections of skin and subcutaneous tissue;local infection of skin and subcutaneous tissue, unspecified"	local infections of skin and subcutaneous tissue	local infections of skin and subcutaneous tissue
L10	"pemphigus;pemphigus vulgaris;pemphigus vegetans;pemphigus foliaceus;brazilian pemphigus [fogo selvagem];pemphigus erythematosus;drug-induced pemphigus;other pemphigus;pemphigus, unspecified"	pemphigus	pemphigus
L11	"other acantholytic disorders;acquired keratosis follicularis;transient acantholytic dermatosis [grover];other specified acantholytic disorders;acantholytic disorder, unspecified"	acantholytic disorders	acantholytic disorders
L12	"pemphigoid;bullous pemphigoid;cicatricial pemphigoid;chronic bullous disease of childhood;acquired epidermolysis bullosa;other pemphigoid;pemphigoid, unspecified"	pemphigoid	pemphigoid
L13	"other bullous disorders;dermatitis herpetiformis;subcorneal pustular dermatitis;other specified bullous disorders;bullous disorder, unspecified"	bullous disorders	bullous disorders
L14	bullous disorders in diseases classified elsewhere	bullous disorders in diseases classified elsewhere	bullous disorders in diseases classified elsewhere
L20	"atopic dermatitis;besnier's prurigo;other atopic dermatitis;atopic dermatitis, unspecified"	atopic dermatitis	atopic dermatitis
L21	"seborrhoeic dermatitis;seborrhoea capitis;seborrhoeic infantile dermatitis;other seborrhoeic dermatitis;seborrhoeic dermatitis, unspecified"	seborrhoeic dermatitis	seborrhoeic dermatitis
L22	diaper [napkin] dermatitis	diaper [napkin] dermatitis	diaper [napkin] dermatitis
L23	"allergic contact dermatitis;allergic contact dermatitis due to metals;allergic contact dermatitis due to adhesives;allergic contact dermatitis due to cosmetics;allergic contact dermatitis due to drugs in contact with the skin;allergic contact dermatitis due to dyes;allergic contact dermatitis due to other chemical products;allergic contact dermatitis due to food in contact with the skin;allergic contact dermatitis due to plants, except food;allergic contact dermatitis due to other agents;allergic contact dermatitis, unspecified cause"	allergic contact dermatitis	allergic contact dermatitis
L24	"irritant contact dermatitis;irritant contact dermatitis due to detergents;irritant contact dermatitis due to oils and greases;irritant contact dermatitis due to solvents;irritant contact dermatitis due to cosmetics;irritant contact dermatitis due to drugs in contact with the skin;irritant contact dermatitis due to other chemical products;irritant contact dermatitis due to food in contact with the skin;irritant contact dermatitis due to plants, except food;irritant contact dermatitis due to other agents;irritant contact dermatitis, unspecified cause"	irritant contact dermatitis	irritant contact dermatitis
L25	"unspecified contact dermatitis;unspecified contact dermatitis due to cosmetics;unspecified contact dermatitis due to drugs in contact with the skin;unspecified contact dermatitis due to dyes;unspecified contact dermatitis due to other chemical products;unspecified contact dermatitis due to food in contact with the skin;unspecified contact dermatitis due to plants, except food;unspecified contact dermatitis due to other agents;unspecified contact dermatitis, unspecified cause"	unspecified contact dermatitis	contact dermatitis
L26	exfoliative dermatitis	exfoliative dermatitis	exfoliative dermatitis
L27	dermatitis due to substances taken internally;generalised skin eruption due to drugs and medicaments;localised skin eruption due to drugs and medicaments;dermatitis due to ingested food;dermatitis due to other substances taken internally;dermatitis due to unspecified substance taken internally	dermatitis due to substances taken internally	dermatitis due to substances taken internally
L28	lichen simplex chronicus and prurigo;lichen simplex chronicus;prurigo nodularis;other prurigo	lichen simplex chronicus and prurigo	lichen simplex chronicus and prurigo
L29	"pruritus;pruritus ani;pruritus scroti;pruritus vulvae;anogenital pruritus, unspecified;other pruritus;pruritus, unspecified"	pruritus	pruritus
L30	"other dermatitis;nummular dermatitis;dyshidrosis [pompholyx];cutaneous autosensitisation;infective dermatitis;erythema intertrigo;pityriasis alba;other specified dermatitis;dermatitis, unspecified"	dermatitis	dermatitis
L40	"psoriasis;psoriasis vulgaris;generalised pustular psoriasis;acrodermatitis continua;pustulosis palmaris et plantaris;guttate psoriasis;arthropathic psoriasis;other psoriasis;psoriasis, unspecified"	psoriasis	psoriasis
L41	"parapsoriasis;pityriasis lichenoides et varioliformis acuta;pityriasis lichenoides chronica;lymphomatoid papulosis;small plaque parapsoriasis;large plaque parapsoriasis;retiform parapsoriasis;other parapsoriasis;parapsoriasis, unspecified"	parapsoriasis	parapsoriasis
L42	pityriasis rosea	pityriasis rosea	pityriasis rosea
L43	"lichen planus;hypertrophic lichen planus;bullous lichen planus;lichenoid drug reaction;subacute (active) lichen planus;other lichen planus;lichen planus, unspecified"	lichen planus	lichen planus
L44	"other papulosquamous disorders;pityriasis rubra pilaris;lichen nitidus;lichen striatus;lichen ruber moniliformis;infantile papular acrodermatitis [giannotti-crosti];other specified papulosquamous disorders;papulosquamous disorder, unspecified"	papulosquamous disorders	papulosquamous disorders
L45	papulosquamous disorders in diseases classified elsewhere	papulosquamous disorders in diseases classified elsewhere	papulosquamous disorders in diseases classified elsewhere
L50	"urticaria;allergic urticaria;idiopathic urticaria;urticaria due to cold and heat;dermatographic urticaria;vibratory urticaria;cholinergic urticaria;contact urticaria;other urticaria;urticaria, unspecified"	urticaria	urticaria
L51	"erythema multiforme;nonbullous erythema multiforme;bullous erythema multiforme;toxic epidermal necrolysis [lyell];other erythema multiforme;erythema multiforme, unspecified"	erythema multiforme	erythema multiforme
L52	erythema nodosum	erythema nodosum	erythema nodosum
L53	"other erythematous conditions;toxic erythema;erythema annulare centrifugum;erythema marginatum;other chronic figurate erythema;other specified erythematous conditions;erythematous condition, unspecified"	erythematous conditions	erythematous conditions
L54	erythema in diseases classified elsewhere;erythema marginatum in acute rheumatic fever;erythema in other diseases classified elsewhere	erythema in diseases classified elsewhere	erythema in diseases classified elsewhere
L55	"sunburn;sunburn of first degree;sunburn of second degree;sunburn of third degree;other sunburn;sunburn, unspecified"	sunburn	sunburn
L56	"other acute skin changes due to ultraviolet radiation;drug phototoxic response;drug photoallergic response;photocontact dermatitis [berloque dermatitis];solar urticaria;polymorphous light eruption;other specified acute skin changes due to ultraviolet radiation;acute skin change due to ultraviolet radiation, unspecified"	acute skin changes due to ultraviolet radiation	acute skin changes due to ultraviolet radiation
L57	"skin changes due to chronic exposure to nonionising radiation;actinic keratosis;actinic reticuloid;cutis rhomboidalis nuchae;poikiloderma of civatte;cutis laxa senilis;actinic granuloma;other skin changes due to chronic exposure to nonionising radiation;skin changes due to chronic exposure to nonionising radiation, unspecified"	skin changes due to chronic exposure to nonionising radiation	skin changes due to chronic exposure to nonionising radiation
L58	"radiodermatitis;acute radiodermatitis;chronic radiodermatitis;radiodermatitis, unspecified"	radiodermatitis	radiodermatitis
L59	"other disorders of skin and subcutaneous tissue related to radiation;erythema ab igne [dermatitis ab igne];other specified disorders of skin and subcutaneous tissue related to radiation;disorder of skin and subcutaneous tissue related to radiation, unspecified"	disorders of skin and subcutaneous tissue related to radiation	disorders of skin and subcutaneous tissue related to radiation
L60	"nail disorders;ingrowing nail;onycholysis;onychogryphosis;nail dystrophy;beau's lines;yellow nail syndrome;other nail disorders;nail disorder, unspecified"	nail disorders	nail disorders
L62	nail disorders in diseases classified elsewhere;clubbed nail pachydermoperiostosis;nail disorders in other diseases classified elsewhere	nail disorders in diseases classified elsewhere	nail disorders in diseases classified elsewhere
L63	"alopecia areata;alopecia (capitis) totalis;alopecia universalis;ophiasis;other alopecia areata;alopecia areata, unspecified"	alopecia areata	alopecia areata
L64	"androgenic alopecia;drug-induced androgenic alopecia;other androgenic alopecia;androgenic alopecia, unspecified"	androgenic alopecia	androgenic alopecia
L65	"other nonscarring hair loss;telogen effluvium;anagen effluvium;alopecia mucinosa;other specified nonscarring hair loss;nonscarring hair loss, unspecified"	nonscarring hair loss	nonscarring hair loss
L66	"cicatricial alopecia [scarring hair loss];pseudopelade;lichen planopilaris;folliculitis decalvans;perifolliculitis capitis abscedens;folliculitis ulerythematosa reticulata;other cicatricial alopecia;cicatricial alopecia, unspecified"	cicatricial alopecia [scarring hair loss]	cicatricial alopecia [scarring hair loss]
L67	"hair colour and hair shaft abnormalities;trichorrhexis nodosa;variations in hair colour;other hair colour and hair shaft abnormalities;hair colour and hair shaft abnormality, unspecified"	hair colour and hair shaft abnormalities	hair colour and hair shaft abnormalities
L68	"hypertrichosis;hirsutism;acquired hypertrichosis lanuginosa;localised hypertrichosis;polytrichia;other hypertrichosis;hypertrichosis, unspecified"	hypertrichosis	hypertrichosis
L70	"acne;acne vulgaris;acne conglobata;acne varioliformis;acne tropica;infantile acne;acne excoriee des jeunes filles;other acne;acne, unspecified"	acne	acne
L71	"rosacea;perioral dermatitis;rhinophyma;other rosacea;rosacea, unspecified"	rosacea	rosacea
L72	"follicular cysts of skin and subcutaneous tissue;epidermal cyst;trichilemmal cyst;steatocystoma multiplex;other follicular cysts of skin and subcutaneous tissue;follicular cyst of skin and subcutaneous tissue, unspecified"	follicular cysts of skin and subcutaneous tissue	follicular cysts of skin and subcutaneous tissue
L73	"other follicular disorders;acne keloid;pseudofolliculitis barbae;hidradenitis suppurativa;other specified follicular disorders;follicular disorder, unspecified"	follicular disorders	follicular disorders
L74	"eccrine sweat disorders;miliaria rubra;miliaria crystallina;miliaria profunda;miliaria, unspecified;anhidrosis;other eccrine sweat disorders;eccrine sweat disorder, unspecified"	eccrine sweat disorders	eccrine sweat disorders
L75	"apocrine sweat disorders;bromhidrosis;chromhidrosis;apocrine miliaria;other apocrine sweat disorders;apocrine sweat disorder, unspecified"	apocrine sweat disorders	apocrine sweat disorders
L80	vitiligo	vitiligo	vitiligo
L81	"other disorders of pigmentation;postinflammatory hyperpigmentation;chloasma;freckles;cafe au lait spots;other melanin hyperpigmentation;leukoderma, not elsewhere classified;other disorders of diminished melanin formation;pigmented purpuric dermatosis;other specified disorders of pigmentation;disorder of pigmentation, unspecified"	disorders of pigmentation	disorders of pigmentation
L82	seborrhoeic keratosis	seborrhoeic keratosis	seborrhoeic keratosis
L83	acanthosis nigricans	acanthosis nigricans	acanthosis nigricans
L84	corns and callosities	corns and callosities	corns and callosities
L85	"other epidermal thickening;acquired ichthyosis;acquired keratosis [keratoderma] palmaris et plantaris;keratosis punctata (palmaris et plantaris);xerosis cutis;other specified epidermal thickening;epidermal thickening, unspecified"	epidermal thickening	epidermal thickening
L86	keratoderma in diseases classified elsewhere	keratoderma in diseases classified elsewhere	keratoderma in diseases classified elsewhere
L87	"transepidermal elimination disorders;keratosis follicularis et parafollicularis in cutem penetrans [kyrle];reactive perforating collagenosis;elastosis perforans serpiginosa;other transepidermal elimination disorders;transepidermal elimination disorder, unspecified"	transepidermal elimination disorders	transepidermal elimination disorders
L88	pyoderma gangrenosum	pyoderma gangrenosum	pyoderma gangrenosum
L89	"decubitus ulcer;stage i decubitus ulcer and pressure area;stage ii decubitus ulcer;stage iii decubitus ulcer;stage iv decubitus ulcer;decubitus ulcer and pressure area, unspecified"	decubitus ulcer	decubitus ulcer
L90	"atrophic disorders of skin;lichen sclerosus et atrophicus;anetoderma of schweninger-buzzi;anetoderma of jadassohn-pellizzari;atrophoderma of pasini and pierini;acrodermatitis chronica atrophicans;scar conditions and fibrosis of skin;striae atrophicae;other atrophic disorders of skin;atrophic disorder of skin, unspecified"	atrophic disorders of skin	atrophic disorders of skin
L91	"hypertrophic disorders of skin;keloid scar;other hypertrophic disorders of skin;hypertrophic disorder of skin, unspecified"	hypertrophic disorders of skin	hypertrophic disorders of skin
L92	"granulomatous disorders of skin and subcutaneous tissue;granuloma annulare;necrobiosis lipoidica, not elsewhere classified;granuloma faciale [eosinophilic granuloma of skin];foreign body granuloma of skin and subcutaneous tissue;other granulomatous disorders of skin and subcutaneous tissue;granulomatous disorder of skin and subcutaneous tissue, unspecified"	granulomatous disorders of skin and subcutaneous tissue	granulomatous disorders of skin and subcutaneous tissue
L93	lupus erythematosus;discoid lupus erythematosus;subacute cutaneous lupus erythematosus;other local lupus erythematosus	lupus erythematosus	lupus erythematosus
L94	"other localised connective tissue disorders;localised scleroderma [morphea];linear scleroderma;calcinosis cutis;sclerodactyly;gottron's papules;poikiloderma vasculare atrophicans;ainhum;other specified localised connective tissue disorders;localised connective tissue disorder, unspecified"	localised connective tissue disorders	localised connective tissue disorders
L95	"vasculitis limited to skin, not elsewhere classified;livedoid vasculitis;erythema elevatum diutinum;other vasculitis limited to skin;vasculitis limited to skin, unspecified"	"vasculitis limited to skin, not elsewhere classified"	vasculitis limited to skin
L97	"ulcer of lower limb, not elsewhere classified"	"ulcer of lower limb, not elsewhere classified"	ulcer of lower limb
L98	"other disorders of skin and subcutaneous tissue, not elsewhere classified;pyogenic granuloma;factitial dermatitis;febrile neutrophilic dermatosis [sweet];eosinophilic cellulitis [wells];chronic ulcer of skin, not elsewhere classified;mucinosis of skin;other infiltrative disorders of skin and subcutaneous tissue;excessive and redundant skin and subcutaneous tissue;other specified disorders of skin and subcutaneous tissue;disorder of skin and subcutaneous tissue, unspecified"	"disorders of skin and subcutaneous tissue, not elsewhere classified"	disorders of skin and subcutaneous tissue
L99	other disorders of skin and subcutaneous tissue in diseases classified elsewhere;amyloidosis of skin;other specified disorders of skin and subcutaneous tissue in diseases classified elsewhere	disorders of skin and subcutaneous tissue in diseases classified elsewhere	disorders of skin and subcutaneous tissue in diseases classified elsewhere
M00	"pyogenic arthritis;staphylococcal arthritis and polyarthritis;pneumococcal arthritis and polyarthritis;other streptococcal arthritis and polyarthritis;arthritis and polyarthritis due to other specified bacterial agents;pyogenic arthritis, unspecified"	pyogenic arthritis	pyogenic arthritis
M01	direct infections of joint in infectious and parasitic diseases classified elsewhere;meningococcal arthritis;tuberculous arthritis;arthritis in lyme disease;arthritis in other bacterial diseases classified elsewhere;rubella arthritis;arthritis in other viral diseases classified elsewhere;arthritis in mycoses;arthritis in other infectious and parasitic diseases classified elsewhere	direct infections of joint in infectious and parasitic diseases classified elsewhere	direct infections of joint in infectious and parasitic diseases classified elsewhere
M02	"reactive arthropathies;arthropathy following intestinal bypass;postdysenteric arthropathy;postimmunisation arthropathy;reiter's disease;other reactive arthropathies;reactive arthopathy, unspecified"	reactive arthropathies	reactive arthropathies
M03	postinfective and reactive arthropathies in diseases classified elsewhere;postmeningococcal arthritis;postinfective arthropathy in syphilis;other postinfectious arthropathies in diseases classified elsewhere;reactive arthropathy in other diseases classified elsewhere	postinfective and reactive arthropathies in diseases classified elsewhere	postinfective and reactive arthropathies in diseases classified elsewhere
M05	"seropositive rheumatoid arthritis;felty's syndrome;rheumatoid lung disease;rheumatoid vasculitis;rheumatoid arthritis with involvement of other organs and systems;other seropositive rheumatoid arthritis;seropositive rheumatoid arthritis, unspecified"	seropositive rheumatoid arthritis	seropositive rheumatoid arthritis
M06	"other rheumatoid arthritis;seronegative rheumatoid arthritis;adult-onset still's disease;rheumatoid bursitis;rheumatoid nodule;inflammatory polyarthropathy;other specified rheumatoid arthritis;rheumatoid arthritis, unspecified"	rheumatoid arthritis	rheumatoid arthritis
M07	psoriatic and enteropathic arthropathies;distal interphalangeal psoriatic arthropathy;arthritis mutilans;psoriatic spondylitis;other psoriatic arthropathies;arthropathy in crohn's disease [regional enteritis];arthropathy in ulcerative colitis;other enteropathic arthropathies	psoriatic and enteropathic arthropathies	psoriatic and enteropathic arthropathies
M08	"juvenile arthritis;juvenile rheumatoid arthritis;juvenile ankylosing spondylitis;juvenile arthritis with systemic onset;juvenile polyarthritis (seronegative);pauciarticular juvenile arthritis;other juvenile arthritis;juvenile arthritis, unspecified"	juvenile arthritis	juvenile arthritis
M09	juvenile arthritis in diseases classified elsewhere;juvenile arthritis in psoriasis;juvenile arthritis in crohn's disease [regional enteritis];juvenile arthritis in ulcerative colitis;juvenile arthritis in other diseases classified elsewhere	juvenile arthritis in diseases classified elsewhere	juvenile arthritis in diseases classified elsewhere
M10	"gout;idiopathic gout;lead-induced gout;drug-induced gout;gout due to impairment of renal function;other secondary gout;gout, unspecified"	gout	gout
M11	"other crystal arthropathies;hydroxyapatite deposition disease;familial chondrocalcinosis;other chondrocalcinosis;other specified crystal arthropathies;crystal arthropathy, unspecified"	crystal arthropathies	crystal arthropathies
M12	"other specific arthropathies;chronic postrheumatic arthropathy [jaccoud];kaschin-beck disease;villonodular synovitis (pigmented);palindromic rheumatism;intermittent hydrarthrosis;traumatic arthropathy;other specific arthropathies, not elsewhere classified"	specific arthropathies	specific arthropathies
M13	"other arthritis;polyarthritis, unspecified;monoarthritis, not elsewhere classified;other specified arthritis;arthritis, unspecified"	arthritis	arthritis
M14	"arthropathies in other diseases classified elsewhere;gouty arthropathy due to enzyme defects and other inherited disorders;crystal arthropathy in other metabolic disorders;diabetic arthropathy;lipoid dermatoarthritis;arthropathy in amyloidosis;arthropathies in other endocrine, nutritional and metabolic disorders;neuropathic arthropathy;arthropathies in other specified diseases classified elsewhere"	arthropathies in diseases classified elsewhere	arthropathies in diseases classified elsewhere
M15	"polyarthrosis;primary generalised (osteo)arthrosis;heberden's nodes (with arthropathy);bouchard's nodes (with arthropathy);secondary multiple arthrosis;erosive (osteo)arthrosis;other polyarthrosis;polyarthrosis, unspecified"	polyarthrosis	polyarthrosis
M16	"coxarthrosis [arthrosis of hip];primary coxarthrosis, bilateral;other primary coxarthrosis;coxarthrosis resulting from dysplasia, bilateral;other dysplastic coxarthrosis;posttraumatic coxarthrosis, bilateral;other posttraumatic coxarthrosis;other secondary coxarthrosis, bilateral;other secondary coxarthrosis;coxarthrosis, unspecified"	coxarthrosis [arthrosis of hip]	coxarthrosis [arthrosis of hip]
M17	"gonarthrosis [arthrosis of knee];primary gonarthrosis, bilateral;other primary gonarthrosis;posttraumatic gonarthrosis, bilateral;other posttraumatic gonarthrosis;other secondary gonarthrosis, bilateral;other secondary gonarthrosis;gonarthrosis, unspecified"	gonarthrosis [arthrosis of knee]	gonarthrosis [arthrosis of knee]
M18	"arthrosis of first carpometacarpal joint;primary arthrosis of first carpometacarpal joints, bilateral;other primary arthrosis of first carpometacarpal joint;posttraumatic arthrosis of first carpometacarpal joints, bilateral;other posttraumatic arthrosis of first carpometacarpal joint;other secondary arthrosis of first carpometacarpal joints, bilateral;other secondary arthrosis of first carpometacarpal joint;arthrosis of first carpometacarpal joint, unspecified"	arthrosis of first carpometacarpal joint	arthrosis of first carpometacarpal joint
M19	"other arthrosis;primary arthrosis of other joints;posttraumatic arthrosis of other joints;other secondary arthrosis;other specified arthrosis;arthrosis, unspecified"	arthrosis	arthrosis
M20	"acquired deformities of fingers and toes;deformity of finger(s);hallux valgus (acquired);hallux rigidus;other deformity of hallux (acquired);other hammer toe(s) (acquired);other deformities of toe(s) (acquired);acquired deformity of toe(s), unspecified"	acquired deformities of fingers and toes	acquired deformities of fingers and toes
M21	"other acquired deformities of limbs;valgus deformity, not elsewhere classified;varus deformity, not elsewhere classified;flexion deformity;wrist or foot drop (acquired);flat foot [pes planus] (acquired);acquired clawhand, clubhand, clawfoot and clubfoot;other acquired deformities of ankle and foot;unequal limb length (acquired);other specified acquired deformities of limbs;acquired deformity of limb, unspecified"	acquired deformities of limbs	acquired deformities of limbs
M22	"disorders of patella;recurrent dislocation of patella;recurrent subluxation of patella;patellofemoral disorders;other derangements of patella;chondromalacia patellae;other disorders of patella;disorder of patella, unspecified"	disorders of patella	disorders of patella
M23	"internal derangement of knee;cystic meniscus;discoid meniscus (congenital);derangement of meniscus due to old tear or injury;other meniscus derangements;loose body in knee;chronic instability of knee;other spontaneous disruption of ligament(s) of knee;other internal derangements of knee;internal derangement of knee, unspecified"	internal derangement of knee	internal derangement of knee
M24	"other specific joint derangements;loose body in joint;other articular cartilage disorders;disorder of ligament;pathological dislocation and subluxation of joint, not elsewhere classified;recurrent dislocation and subluxation of joint;contracture of joint;ankylosis of joint;protrusio acetabuli;other specific joint derangements, not elsewhere classified;joint derangement, unspecified"	specific joint derangements	specific joint derangements
M25	"other joint disorders, not elsewhere classified;haemarthrosis;fistula of joint;flail joint;other instability of joint;effusion of joint;pain in joint;stiffness of joint, not elsewhere classified;osteophyte;other specified joint disorders;joint disorder, unspecified"	"joint disorders, not elsewhere classified"	joint disorders
M30	polyarteritis nodosa and related conditions;polyarteritis nodosa;polyarteritis with lung involvement [churg-strauss];juvenile polyarteritis;mucocutaneous lymph node syndrome [kawasaki];other conditions related to polyarteritis nodosa	polyarteritis nodosa and related conditions	polyarteritis nodosa and related conditions
M31	"other necrotising vasculopathies;hypersensitivity angiitis;thrombotic microangiopathy;lethal midline granuloma;wegener's granulomatosis;aortic arch syndrome [takayasu];giant cell arteritis with polymyalgia rheumatica;other giant cell arteritis;microscopic polyangiitis;other specified necrotising vasculopathies;necrotising vasculopathy, unspecified"	necrotising vasculopathies	necrotising vasculopathies
M32	"systemic lupus erythematosus;drug-induced systemic lupus erythematosus;systemic lupus erythematosus with organ or system involvement;other forms of systemic lupus erythematosus;systemic lupus erythematosus, unspecified"	systemic lupus erythematosus	systemic lupus erythematosus
M33	"dermatopolymyositis;juvenile dermatomyositis;other dermatomyositis;polymyositis;dermatopolymyositis, unspecified"	dermatopolymyositis	dermatopolymyositis
M34	"systemic sclerosis;progressive systemic sclerosis;cr(e)st syndrome;systemic sclerosis induced by drugs and chemicals;other forms of systemic sclerosis;systemic sclerosis, unspecified"	systemic sclerosis	systemic sclerosis
M35	"other systemic involvement of connective tissue;sicca syndrome [sjogren];other overlap syndromes;behcet's disease;polymyalgia rheumatica;diffuse (eosinophilic) fasciitis;multifocal fibrosclerosis;relapsing panniculitis [weber-christian];hypermobility syndrome;other specified systemic involvement of connective tissue;systemic involvement of connective tissue, unspecified"	systemic involvement of connective tissue	systemic involvement of connective tissue
M36	systemic disorders of connective tissue in diseases classified elsewhere;dermato(poly)myositis in neoplastic disease;arthropathy in neoplastic disease;haemophilic arthropathy;arthropathy in other blood disorders;arthropathy in hypersensitivity reactions classified elsewhere;systemic disorders of connective tissue in other diseases classified elsewhere	systemic disorders of connective tissue in diseases classified elsewhere	systemic disorders of connective tissue in diseases classified elsewhere
M40	"kyphosis and lordosis;postural kyphosis;other secondary kyphosis;other and unspecified kyphosis;flatback syndrome;other lordosis;lordosis, unspecified"	kyphosis and lordosis	kyphosis and lordosis
M41	"scoliosis;infantile idiopathic scoliosis;juvenile idiopathic scoliosis;other idiopathic scoliosis;thoracogenic scoliosis;neuromuscular scoliosis;other secondary scoliosis;other forms of scoliosis;scoliosis, unspecified"	scoliosis	scoliosis
M42	"spinal osteochondrosis;juvenile osteochondrosis of spine;adult osteochondrosis of spine;spinal osteochondrosis, unspecified"	spinal osteochondrosis	spinal osteochondrosis
M43	"other deforming dorsopathies;spondylolysis;spondylolisthesis;other fusion of spine;recurrent atlantoaxial subluxation with myelopathy;other recurrent atlantoaxial subluxation;other recurrent vertebral subluxation;torticollis;other specified deforming dorsopathies;deforming dorsopathy, unspecified"	deforming dorsopathies	deforming dorsopathies
M45	ankylosing spondylitis	ankylosing spondylitis	ankylosing spondylitis
M46	"other inflammatory spondylopathies;spinal enthesopathy;sacro-iliitis, not elsewhere classified;osteomyelitis of vertebra;infection of intervertebral disk (pyogenic);discitis, unspecified;other infective spondylopathies;other specified inflammatory spondylopathies;inflammatory spondylopathy, unspecified"	inflammatory spondylopathies	inflammatory spondylopathies
M47	"spondylosis;anterior spinal and vertebral artery compression syndromes;other spondylosis with myelopathy;other spondylosis with radiculopathy;other spondylosis;spondylosis, unspecified"	spondylosis	spondylosis
M48	"other spondylopathies;spinal stenosis;ankylosing hyperostosis [forestier];kissing spine;traumatic spondylopathy;fatigue fracture of vertebra;collapsed vertebra, not elsewhere classified;other specified spondylopathies;spondylopathy, unspecified"	spondylopathies	spondylopathies
M49	spondylopathies in diseases classified elsewhere;tuberculosis of spine;brucella spondylitis;enterobacterial spondylitis;spondylopathy in other infectious and parasitic diseases classified elsewhere;neuropathic spondylopathy;collapsed vertebra in diseases classified elsewhere;spondylopathy in other diseases classified elsewhere	spondylopathies in diseases classified elsewhere	spondylopathies in diseases classified elsewhere
M50	"cervical disk disorders;cervical disk disorder with myelopathy;cervical disk disorder with radiculopathy;other cervical disk displacement;other cervical disk degeneration;other cervical disk disorders;cervical disk disorder, unspecified"	cervical disk disorders	cervical disk disorders
M51	"other intervertebral disk disorders;lumbar and other intervertebral disk disorders with myelopathy;lumbar and other intervertebral disk disorders with radiculopathy;other specified intervertebral disk displacement;other specified intervertebral disk degeneration;schmorl's nodes;other specified intervertebral disk disorders;intervertebral disk disorder, unspecified"	intervertebral disk disorders	intervertebral disk disorders
M53	"other dorsopathies, not elsewhere classified;cervicocranial syndrome;cervicobrachial syndrome;spinal instabilities;sacrococcygeal disorders, not elsewhere classified;other specified dorsopathies;dorsopathy, unspecified"	"dorsopathies, not elsewhere classified"	dorsopathies
M54	"dorsalgia;panniculitis affecting regions of neck and back;radiculopathy;cervicalgia;sciatica;lumbago with sciatica;low back pain;pain in thoracic spine;other dorsalgia;dorsalgia, unspecified"	dorsalgia	dorsalgia
M60	"myositis;infective myositis;interstitial myositis;foreign body granuloma of soft tissue, not elsewhere classified;other myositis;myositis, unspecified"	myositis	myositis
M61	"calcification and ossification of muscle;myositis ossificans traumatica;myositis ossificans progressiva;paralytic calcification and ossification of muscle;calcification and ossification of muscles associated with burns;other calcification of muscle;other ossification of muscle;calcification and ossification of muscle, unspecified"	calcification and ossification of muscle	calcification and ossification of muscle
M62	"other disorders of muscle;diastasis of muscle;other rupture of muscle (nontraumatic);ischaemic infarction of muscle;immobility syndrome (paraplegic);contracture of muscle;muscle wasting and atrophy, not elsewhere classified;muscle strain;other specified disorders of muscle;disorder of muscle, unspecified"	disorders of muscle	disorders of muscle
M63	disorders of muscle in diseases classified elsewhere;myositis in bacterial diseases classified elsewhere;myositis in protozoal and parasitic infections classified elsewhere;myositis in other infectious diseases classified elsewhere;myositis in sarcoidosis;other disorders of muscle in diseases classified elsewhere	disorders of muscle in diseases classified elsewhere	disorders of muscle in diseases classified elsewhere
M65	"synovitis and tenosynovitis;abscess of tendon sheath;other infective (teno)synovitis;calcific tendinitis;trigger finger;radial styloid tenosynovitis [de quervain];other synovitis and tenosynovitis;synovitis and tenosynovitis, unspecified"	infective (teno)synovitis	infective (teno)synovitis
M66	spontaneous rupture of synovium and tendon;rupture of popliteal cyst;rupture of synovium;spontaneous rupture of extensor tendons;spontaneous rupture of flexor tendons;spontaneous rupture of other tendons;spontaneous rupture of unspecified tendon	spontaneous rupture of synovium and tendon	spontaneous rupture of synovium and tendon
M67	"other disorders of synovium and tendon;short achilles tendon (acquired);other contracture of tendon (sheath);synovial hypertrophy, not elsewhere classified;transient synovitis;ganglion;other specified disorders of synovium and tendon;disorder of synovium and tendon, unspecified"	disorders of synovium and tendon	disorders of synovium and tendon
M68	disorders of synovium and tendon in diseases classified elsewhere;synovitis and tenosynovitis in bacterial diseases classified elsewhere;other disorders of synovium and tendon in diseases classified elsewhere	disorders of synovium and tendon in diseases classified elsewhere	disorders of synovium and tendon in diseases classified elsewhere
M70	"soft tissue disorders related to use, overuse and pressure;chronic crepitant synovitis of hand and wrist;bursitis of hand;olecranon bursitis;other bursitis of elbow;prepatellar bursitis;other bursitis of knee;trochanteric bursitis;other bursitis of hip;other soft tissue disorders related to use, overuse and pressure;unspecified soft tissue disorder related to use, overuse and pressure"	"soft tissue disorders related to use, overuse and pressure"	"soft tissue disorders related to use, overuse and pressure"
M71	"other bursopathies;abscess of bursa;other infective bursitis;synovial cyst of popliteal space [baker];other bursal cyst;calcium deposit in bursa;other bursitis, not elsewhere classified;other specified bursopathies;bursopathy, unspecified"	bursopathies	bursopathies
M72	"fibroblastic disorders;palmar fascial fibromatosis [dupuytren];knuckle pads;plantar fascial fibromatosis;nodular fasciitis;pseudosarcomatous fibromatosis;fasciitis, not elsewhere classified;necrotizing fasciitis;other fibroblastic disorders;fibroblastic disorder, unspecified"	fibroblastic disorders	fibroblastic disorders
M73	soft tissue disorders in diseases classified elsewhere;gonococcal bursitis;syphilitic bursitis;other soft tissue disorders in diseases classified elsewhere	soft tissue disorders in diseases classified elsewhere	soft tissue disorders in diseases classified elsewhere
M75	"shoulder lesions;adhesive capsulitis of shoulder;rotator cuff syndrome;bicipital tendinitis;calcific tendinitis of shoulder;impingement syndrome of shoulder;bursitis of shoulder;tear of labrum of degenerative shoulder joint;other shoulder lesions;shoulder lesion, unspecified"	shoulder lesions	shoulder lesions
M76	"enthesopathies of lower limb, excluding foot;gluteal tendinitis;psoas tendinitis;iliac crest spur;iliotibial band syndrome;tibial collateral bursitis [pellegrini-stieda];patellar tendinitis;achilles tendinitis;peroneal tendinitis;other enthesopathies of lower limb, excluding foot;enthesopathy of lower limb, unspecified"	"enthesopathies of lower limb, excluding foot"	"enthesopathies of lower limb, excluding foot"
M77	"other enthesopathies;medial epicondylitis;lateral epicondylitis;periarthritis of wrist;calcaneal spur;metatarsalgia;other enthesopathy of foot;other enthesopathies, not elsewhere classified;enthesopathy, unspecified"	enthesopathies	enthesopathies
M79	"other soft tissue disorders, not elsewhere classified;rheumatism, unspecified;myalgia;neuralgia and neuritis, unspecified;panniculitis, unspecified;hypertrophy of (infrapatellar) fat pad;residual foreign body in soft tissue;pain in limb;fibromyalgia;other specified soft tissue disorders;soft tissue disorder, unspecified"	"soft tissue disorders, not elsewhere classified"	soft tissue disorders
M80	osteoporosis with pathological fracture;postmenopausal osteoporosis with pathological fracture;postoophorectomy osteoporosis with pathological fracture;osteoporosis of disuse with pathological fracture;postsurgical malabsorption osteoporosis with pathological fracture;drug-induced osteoporosis with pathological fracture;idiopathic osteoporosis with pathological fracture;other osteoporosis with pathological fracture;unspecified osteoporosis with pathological fracture	osteoporosis with pathological fracture	osteoporosis with pathological fracture
M81	"osteoporosis without pathological fracture;postmenopausal osteoporosis;postoophorectomy osteoporosis;osteoporosis of disuse;postsurgical malabsorption osteoporosis;drug-induced osteoporosis;idiopathic osteoporosis;localised osteoporosis [lequesne];other osteoporosis;osteoporosis, unspecified"	osteoporosis without pathological fracture	osteoporosis without pathological fracture
M82	"osteoporosis in diseases classified elsewhere;osteoporosis in multiple myelomatosis;osteoporosis in endocrine disorders;osteoporosis in diseases classified elsewhere, forearm;osteoporosis in other diseases classified elsewhere"	osteoporosis in diseases classified elsewhere	osteoporosis in diseases classified elsewhere
M83	"adult osteomalacia;puerperal osteomalacia;senile osteomalacia;adult osteomalacia due to malabsorption;adult osteomalacia due to malnutrition;aluminum bone disease;other drug-induced osteomalacia in adults;other adult osteomalacia;adult osteomalacia, unspecified"	adult osteomalacia	adult osteomalacia
M84	"disorders of continuity of bone;malunion of fracture;nonunion of fracture [pseudarthrosis];delayed union of fracture;stress fracture, not elsewhere classified;pathological fracture, not elsewhere classified;other disorders of continuity of bone;disorder of continuity of bone, unspecified"	disorders of continuity of bone	disorders of continuity of bone
M85	"other disorders of bone density and structure;fibrous dysplasia (monostotic);skeletal fluorosis;hyperostosis of skull;osteitis condensans;solitary bone cyst;aneurysmal bone cyst;other cyst of bone;other specified disorders of bone density and structure;disorder of bone density and structure, unspecified"	disorders of bone density and structure	disorders of bone density and structure
M86	"osteomyelitis;acute haematogenous osteomyelitis;other acute osteomyelitis;subacute osteomyelitis;chronic multifocal osteomyelitis;chronic osteomyelitis with draining sinus;other chronic haematogenous osteomyelitis;other chronic osteomyelitis;other osteomyelitis;osteomyelitis, unspecified"	osteomyelitis	osteomyelitis
M87	"osteonecrosis;idiopathic aseptic necrosis of bone;osteonecrosis due to drugs;osteonecrosis due to previous trauma;other secondary osteonecrosis;other osteonecrosis;osteonecrosis, unspecified"	osteonecrosis	osteonecrosis
M88	"paget's disease of bone [osteitis deformans];paget's disease of skull;paget's disease of other bones;paget's disease of bone, unspecified"	paget's disease of bone [osteitis deformans]	paget's disease of bone [osteitis deformans]
M89	"other disorders of bone;algoneurodystrophy;epiphyseal arrest;other disorders of bone development and growth;hypertrophy of bone;other hypertrophic osteo-arthropathy;osteolysis;osteopathy after poliomyelitis;other specified disorders of bone;disorder of bone, unspecified"	disorders of bone	disorders of bone
M90	osteopathies in diseases classified elsewhere;tuberculosis of bone;periostitis in other infectious diseases classified elsewhere;osteopathy in other infectious diseases classified elsewhere;osteonecrosis in caisson disease;osteonecrosis due to heamoglobinopathy;osteonecrosis in other diseases classified elsewhere;osteitis deformans in neoplastic disease;fracture of bone in neoplastic disease;osteopathy in other diseases classified elsewhere	osteopathies in diseases classified elsewhere	osteopathies in diseases classified elsewhere
M91	"juvenile osteochondrosis of hip and pelvis;juvenile osteochondrosis of pelvis;juvenile osteochondrosis of head of femur [legg-calve-perthes];coxa plana;pseudocoxalgia;other juvenile osteochondrosis of hip and pelvis;juvenile osteochondrosis of hip and pelvis, unspecified"	juvenile osteochondrosis of hip and pelvis	juvenile osteochondrosis of hip and pelvis
M92	"other juvenile osteochondrosis;juvenile osteochondrosis of humerus;juvenile osteochondrosis of radius and ulna;juvenile osteochondrosis of hand;other juvenile osteochondrosis of upper limb;juvenile osteochondrosis of patella;juvenile osteochondrosis of tibia and fibula;juvenile osteochondrosis of tarsus;juvenile osteochondrosis of metatarsus;other specified juvenile osteochondrosis;juvenile osteochondrosis, unspecified"	juvenile osteochondrosis	juvenile osteochondrosis
M93	"other osteochondropathies;slipped upper femoral epiphysis (nontraumatic);kienbock's disease of adults;osteochondritis dissecans;other specified osteochondropathies;osteochondropathy, unspecified"	osteochondropathies	osteochondropathies
M94	"other disorders of cartilage;chondrocostal junction syndrome [tietze];relapsing polychondritis;chondromalacia;chondrolysis;other specified disorders of cartilage;disorder of cartilage, unspecified"	disorders of cartilage	disorders of cartilage
M95	"other acquired deformities of musculoskeletal system and connective tissue;acquired deformity of nose;cauliflower ear;other acquired deformity of head;acquired deformity of neck;acquired deformity of chest and rib;acquired deformity of pelvis;other specified acquired deformities of musculoskeletal system;acquired deformity of musculoskeletal system, unspecified"	acquired deformities of musculoskeletal system and connective tissue	acquired deformities of musculoskeletal system and connective tissue
M96	"postprocedural musculoskeletal disorders, not elsewhere classified;pseudarthrosis after fusion or arthrodesis;postlaminectomy syndrome, not elsewhere classified;postradiation kyphosis;postlaminectomy kyphosis;postsurgical lordosis;postradiation scoliosis;fracture of bone following insertion of orthopaedic implant, joint prosthesis or bone plate;other postprocedural musculoskeletal disorders;postprocedural musculoskeletal disorder, unspecified"	"postprocedural musculoskeletal disorders, not elsewhere classified"	postprocedural musculoskeletal disorders
M99	"biomechanical lesions, not elsewhere classified;segmental and somatic dysfunction;subluxation complex (vertebral);subluxation stenosis of neural canal;osseous stenosis of neural canal;connective tissue stenosis of neural canal;intervertebral disk stenosis of neural canal;osseous and subluxation stenosis of intervertebral foramina;connective tissue and disk stenosis of intervertebral foramina;other biomechanical lesions;biomechanical lesion, unspecified"	"biomechanical lesions, not elsewhere classified"	biomechanical lesions
N00	acute nephritic syndrome;minor glomerular abnormality;focal and segmental glomerular lesions;diffuse membranous glomerulonephritis;diffuse mesangial proliferative glomerulonephritis;diffuse endocapillary proliferative glomerulonephritis;diffuse mesangiocapillary glomerulonephritis;dense deposit disease;diffuse crescentic glomerulonephritis;other;unspecified	acute nephritic syndrome	acute nephritic syndrome
N01	rapidly progressive nephritic syndrome;minor glomerular abnormality;focal and segmental glomerular lesions;diffuse membranous glomerulonephritis;diffuse mesangial proliferative glomerulonephritis;diffuse endocapillary proliferative glomerulonephritis;diffuse mesangiocapillary glomerulonephritis;dense deposit disease;diffuse crescentic glomerulonephritis;other;unspecified	rapidly progressive nephritic syndrome	rapidly progressive nephritic syndrome
N02	recurrent and persistent haematuria;minor glomerular abnormality;focal and segmental glomerular lesions;diffuse membranous glomerulonephritis;diffuse mesangial proliferative glomerulonephritis;diffuse endocapillary proliferative glomerulonephritis;diffuse mesangiocapillary glomerulonephritis;dense deposit disease;diffuse crescentic glomerulonephritis;other;unspecified	recurrent and persistent haematuria	recurrent and persistent haematuria
N03	chronic nephritic syndrome;minor glomerular abnormality;focal and segmental glomerular lesions;diffuse membranous glomerulonephritis;diffuse mesangial proliferative glomerulonephritis;diffuse endocapillary proliferative glomerulonephritis;diffuse mesangiocapillary glomerulonephritis;dense deposit disease;diffuse crescentic glomerulonephritis;other;unspecified	chronic nephritic syndrome	chronic nephritic syndrome
N04	nephrotic syndrome;minor glomerular abnormality;focal and segmental glomerular lesions;diffuse membranous glomerulonephritis;diffuse mesangial proliferative glomerulonephritis;diffuse endocapillary proliferative glomerulonephritis;diffuse mesangiocapillary glomerulonephritis;dense deposit disease;diffuse crescentic glomerulonephritis;other;unspecified	nephrotic syndrome	nephrotic syndrome
N05	unspecified nephritic syndrome;minor glomerular abnormality;focal and segmental glomerular lesions;diffuse membranous glomerulonephritis;diffuse mesangial proliferative glomerulonephritis;diffuse endocapillary proliferative glomerulonephritis;diffuse mesangiocapillary glomerulonephritis;dense deposit disease;diffuse crescentic glomerulonephritis;other;unspecified	minor glomerular abnormality	minor glomerular abnormality
N06	isolated proteinuria with specified morphological lesion;minor glomerular abnormality;focal and segmental glomerular lesions;diffuse membranous glomerulonephritis;diffuse mesangial proliferative glomerulonephritis;diffuse endocapillary proliferative glomerulonephritis;diffuse mesangiocapillary glomerulonephritis;dense deposit disease;diffuse crescentic glomerulonephritis;other;unspecified	isolated proteinuria with specified morphological lesion	isolated proteinuria with specified morphological lesion
N07	"hereditary nephropathy, not elsewhere classified;minor glomerular abnormality;focal and segmental glomerular lesions;diffuse membranous glomerulonephritis;diffuse mesangial proliferative glomerulonephritis;diffuse endocapillary proliferative glomerulonephritis;diffuse mesangiocapillary glomerulonephritis;dense deposit disease;diffuse crescentic glomerulonephritis;other;unspecified"	"hereditary nephropathy, not elsewhere classified"	hereditary nephropathy
N08	"glomerular disorders in diseases classified elsewhere;glomerular disorders in infectious and parasitic diseases classified elsewhere;glomerular disorders in neoplastic diseases;glomerular disorders in blood diseases and disorders involving the immune mechanism;glomerular disorders in diabetes mellitus;glomerular disorders in other endocrine, nutritional and metabolic diseases;glomerular disorders in systemic connective tissue disorders;glomerular disorders in other diseases classified elsewhere"	glomerular disorders in diseases classified elsewhere	glomerular disorders in diseases classified elsewhere
N10	acute tubulo-interstitial nephritis	acute tubulo-interstitial nephritis	acute tubulo-interstitial nephritis
N11	"chronic tubulo-interstitial nephritis;nonobstructive reflux-associated chronic pyelonephritis;chronic obstructive pyelonephritis;other chronic tubulo-interstitial nephritis;chronic tubulo-interstitial nephritis, unspecified"	chronic tubulo-interstitial nephritis	chronic tubulo-interstitial nephritis
N12	"tubulo-interstitial nephritis, not specified as acute or chronic"	"tubulo-interstitial nephritis, not specified as acute or chronic"	tubulo-interstitial nephritis
N13	"obstructive and reflux uropathy;hydronephrosis with ureteropelvic junction obstruction;hydronephrosis with ureteral stricture, not elsewhere classified;hydronephrosis with renal and ureteral calculous obstruction;other and unspecified hydronephrosis;hydroureter;kinking and stricture of ureter without hydronephrosis;pyonephrosis;vesicoureteral-reflux-associated uropathy;other obstructive and reflux uropathy;obstructive and reflux uropathy, unspecified"	obstructive and reflux uropathy	obstructive and reflux uropathy
N14	"drug- and heavy-metal-induced tubulo-interstitial and tubular conditions;analgesic nephropathy;nephropathy induced by other drugs, medicaments and biological substances;nephropathy induced by unspecified drug, medicament or biological substance;nephropathy induced by heavy metals;toxic nephropathy, not elsewhere classified"	drug- and heavy-metal-induced tubulo-interstitial and tubular conditions	drug- and heavy-metal-induced tubulo-interstitial and tubular conditions
N15	"other renal tubulo-interstitial diseases;balkan nephropathy;renal and perinephric abscess;other specified renal tubulo-interstitial diseases;renal tubulo-interstitial disease, unspecified"	renal tubulo-interstitial diseases	renal tubulo-interstitial diseases
N16	renal tubulo-interstitial disorders in diseases classified elsewhere;renal tubulo-interstitial disorders in infectious and parasitic diseases classified elsewhere;renal tubulo-interstitial disorders in neoplastic diseases;renal tubulo-interstitial disorders in blood diseases and disorders involving the immune mechanism;renal tubulo-interstitial disorders in metabolic diseases;renal tubulo-interstitial disorders in systemic connective tissue disorders;renal tubulo-interstitial disorders in transplant rejection;renal tubulo-interstitial disorders in other diseases classified elsewhere	renal tubulo-interstitial disorders in diseases classified elsewhere	renal tubulo-interstitial disorders in diseases classified elsewhere
N17	"acute renal failure;acute renal failure with tubular necrosis;acute renal failure with acute cortical necrosis;acute renal failure with medullary necrosis;other acute renal failure;acute renal failure, unspecified"	acute renal failure	acute renal failure
N18	"chronic renal failure;end-stage renal disease;chronic kidney disease, stage 1;chronic kidney disease, stage 2;chronic kidney disease, stage 3;chronic kidney disease, stage 4;chronic kidney disease, stage 5;other chronic renal failure;chronic renal failure, unspecified"	chronic renal failure	chronic renal failure
N19	unspecified renal failure	unspecified renal failure	renal failure
N20	"calculus of kidney and ureter;calculus of kidney;calculus of ureter;calculus of kidney with calculus of ureter;urinary calculus, unspecified"	calculus of kidney and ureter	calculus of kidney and ureter
N21	"calculus of lower urinary tract;calculus in bladder;calculus in urethra;other lower urinary tract calculus;calculus of lower urinary tract, unspecified"	calculus of lower urinary tract	calculus of lower urinary tract
N22	calculus of urinary tract in diseases classified elsewhere;calculus of urinary tract in schistosomiasis [bilharziasis];calculus of urinary tract in other diseases classified elsewhere	calculus of urinary tract in diseases classified elsewhere	calculus of urinary tract in diseases classified elsewhere
N23	unspecified renal colic	unspecified renal colic	renal colic
N25	"disorders resulting from impaired renal tubular function;renal osteodystrophy;nephrogenic diabetes insipidus;other disorders resulting from impaired renal tubular function;disorder resulting from impaired renal tubular function, unspecified"	disorders resulting from impaired renal tubular function	disorders resulting from impaired renal tubular function
N26	unspecified contracted kidney	unspecified contracted kidney	contracted kidney
N27	"small kidney of unknown cause;small kidney, unilateral;small kidney, bilateral;small kidney, unspecified"	small kidney of unknown cause	small kidney of unknown cause
N28	"other disorders of kidney and ureter, not elsewhere classified;ischaemia and infarction of kidney;cyst of kidney, acquired;other specified disorders of kidney and ureter;disorder of kidney and ureter, unspecified"	"disorders of kidney and ureter, not elsewhere classified"	disorders of kidney and ureter
N29	other disorders of kidney and ureter in diseases classified elsewhere;late syphilis of kidney;other disorders of kidney and ureter in infectious and parasitic diseases classified elsewhere;other disorders of kidney and ureter in other diseases classified elsewhere	disorders of kidney and ureter in diseases classified elsewhere	disorders of kidney and ureter in diseases classified elsewhere
N30	"cystitis;acute cystitis;interstitial cystitis (chronic);other chronic cystitis;trigonitis;irradiation cystitis;other cystitis;cystitis, unspecified"	cystitis	cystitis
N31	"neuromuscular dysfunction of bladder, not elsewhere classified;uninhibited neuropathic bladder, not elsewhere classified;reflex neuropathic bladder, not elsewhere classified;flaccid neuropathic bladder, not elsewhere classified;other neuromuscular dysfunction of bladder;neuromuscular dysfunction of bladder, unspecified"	"neuromuscular dysfunction of bladder, not elsewhere classified"	neuromuscular dysfunction of bladder
N32	"other disorders of bladder;bladder-neck obstruction;vesicointestinal fistula;vesical fistula, not elsewhere classified;diverticulum of bladder;rupture of bladder, nontraumatic;other specified disorders of bladder;bladder disorder, unspecified"	disorders of bladder	disorders of bladder
N33	bladder disorders in diseases classified elsewhere;tuberculous cystitis;bladder disorders in other diseases classified elsewhere	bladder disorders in diseases classified elsewhere	bladder disorders in diseases classified elsewhere
N34	"urethritis and urethral syndrome;urethral abscess;nonspecific urethritis;other urethritis;urethral syndrome, unspecified"	urethritis and urethral syndrome	urethritis and urethral syndrome
N35	"urethral stricture;posttraumatic urethral stricture;postinfective urethral stricture, not elsewhere classified;other urethral stricture;urethral stricture, unspecified"	urethral stricture	urethral stricture
N36	"other disorders of urethra;urethral fistula;urethral diverticulum;urethral caruncle;prolapsed urethral mucosa;other specified disorders of urethra;urethral disorder, unspecified"	disorders of urethra	disorders of urethra
N37	urethral disorders in diseases classified elsewhere;urethritis in diseases classified elsewhere;other urethral disorders in diseases classified elsewhere	urethral disorders in diseases classified elsewhere	urethral disorders in diseases classified elsewhere
N39	"other disorders of urinary system;urinary tract infection, site not specified;persistent proteinuria, unspecified;orthostatic proteinuria, unspecified;stress incontinence;other specified urinary incontinence;other specified disorders of urinary system;disorder of urinary system, unspecified"	disorders of urinary system	disorders of urinary system
N40	hyperplasia of prostate	hyperplasia of prostate	hyperplasia of prostate
N41	"inflammatory diseases of prostate;acute prostatitis;chronic prostatitis;abscess of prostate;prostatocystitis;other inflammatory diseases of prostate;inflammatory disease of prostate, unspecified"	inflammatory diseases of prostate	inflammatory diseases of prostate
N42	"other disorders of prostate;calculus of prostate;congestion and haemorrhage of prostate;atrophy of prostate;dysplasia of prostate;other specified disorders of prostate;disorder of prostate, unspecified"	disorders of prostate	disorders of prostate
N43	"hydrocele and spermatocele;encysted hydrocele;infected hydrocele;other hydrocele;hydrocele, unspecified;spermatocele"	hydrocele and spermatocele	hydrocele and spermatocele
N44	torsion of testis	torsion of testis	torsion of testis
N45	"orchitis and epididymitis;orchitis, epididymitis and epididymo-orchitis with abscess;orchitis, epididymitis and epididymo-orchitis without abscess"	orchitis and epididymitis	orchitis and epididymitis
N46	male infertility	male infertility	male infertility
N47	"redundant prepuce, phimosis and paraphimosis"	"redundant prepuce, phimosis and paraphimosis"	"redundant prepuce, phimosis and paraphimosis"
N48	"other disorders of penis;leukoplakia of penis;balanoposthitis;other inflammatory disorders of penis;priapism;impotence of organic origin;ulcer of penis;balanitis xerotica obliterans;other specified disorders of penis;disorder of penis, unspecified"	disorders of penis	disorders of penis
N49	"inflammatory disorders of male genital organs, not elsewhere classified;inflammatory disorders of seminal vesicle;inflammatory disorders of spermatic cord, tunica vaginalis and vas deferens;inflammatory disorders of scrotum;inflammatory disorders of other specified male genital organs;inflammatory disorder of unspecified male genital organ"	"inflammatory disorders of male genital organs, not elsewhere classified"	inflammatory disorders of male genital organs
N50	"other disorders of male genital organs;atrophy of testis;vascular disorders of male genital organs;other specified disorders of male genital organs;disorder of male genital organs, unspecified"	disorders of male genital organs	disorders of male genital organs
N51	disorders of male genital organs in diseases classified elsewhere;disorders of prostate in diseases classified elsewhere;disorders of testis and epididymis in diseases classified elsewhere;balanitis in diseases classified elsewhere;other disorders of male genital organs in diseases classified elsewhere	disorders of male genital organs in diseases classified elsewhere	disorders of male genital organs in diseases classified elsewhere
N60	"benign mammary dysplasia;solitary cyst of breast;diffuse cystic mastopathy;fibroadenosis of breast;fibrosclerosis of breast;mammary duct ectasia;other benign mammary dysplasias;benign mammary dysplasia, unspecified"	benign mammary dysplasia	benign mammary dysplasia
N61	inflammatory disorders of breast	inflammatory disorders of breast	inflammatory disorders of breast
N62	hypertrophy of breast	hypertrophy of breast	hypertrophy of breast
N63	unspecified lump in breast	unspecified lump in breast	lump in breast
N64	"other disorders of breast;fissure and fistula of nipple;fat necrosis of breast;atrophy of breast;galactorrhoea not associated with childbirth;mastodynia;other signs and symptoms in breast;other specified disorders of breast;disorder of breast, unspecified"	disorders of breast	disorders of breast
N70	"salpingitis and oophoritis;acute salpingitis and oophoritis;chronic salpingitis and oophoritis;salpingitis and oophoritis, unspecified"	salpingitis and oophoritis	salpingitis and oophoritis
N71	"inflammatory disease of uterus, except cervix;acute inflammatory disease of uterus;chronic inflammatory disease of uterus;inflammatory disease of uterus, unspecified"	"inflammatory disease of uterus, except cervix"	"inflammatory disease of uterus, except cervix"
N72	inflammatory disease of cervix uteri	inflammatory disease of cervix uteri	inflammatory disease of cervix uteri
N73	"other female pelvic inflammatory diseases;acute parametritis and pelvic cellulitis;chronic parametritis and pelvic cellulitis;unspecified parametritis and pelvic cellulitis;female acute pelvic peritonitis;female chronic pelvic peritonitis;female pelvic peritonitis, unspecified;female pelvic peritoneal adhesions;other specified female pelvic inflammatory diseases;female pelvic inflammatory disease, unspecified"	female pelvic inflammatory diseases	female pelvic inflammatory diseases
N74	female pelvic inflammatory disorders in diseases classified elsewhere;tuberculous infection of cervix uteri;female tuberculous pelvic inflammatory disease;female syphilitic pelvic inflammatory disease;female gonococcal pelvic inflammatory disease;female chlamydial pelvic inflammatory disease;female pelvic inflammatory disorders in other diseases classified elsewhere	female pelvic inflammatory disorders in diseases classified elsewhere	female pelvic inflammatory disorders in diseases classified elsewhere
N75	"diseases of bartholin's gland;cyst of bartholin's gland;abscess of bartholin's gland;other diseases of bartholin's gland;disease of bartholin's gland, unspecified"	diseases of bartholin's gland	diseases of bartholin's gland
N76	other inflammation of vagina and vulva;acute vaginitis;subacute and chronic vaginitis;acute vulvitis;subacute and chronic vulvitis;abscess of vulva;ulceration of vagina;ulceration of vulva;other specified inflammation of vagina and vulva	inflammation of vagina and vulva	inflammation of vagina and vulva
N77	"vulvovaginal ulceration and inflammation in diseases classified elsewhere;ulceration of vulva in infectious and parasitic diseases classified elsewhere;vaginitis, vulvitis and vulvovaginitis in infectious and parasitic diseases classified elsewhere;vulvovaginal ulceration and inflammation in other diseases classified elsewhere"	vulvovaginal ulceration and inflammation in diseases classified elsewhere	vulvovaginal ulceration and inflammation in diseases classified elsewhere
N80	"endometriosis;endometriosis of uterus;endometriosis of ovary;endometriosis of fallopian tube;endometriosis of pelvic peritoneum;endometriosis of rectovaginal septum and vagina;endometriosis of intestine;endometriosis in cutaneous scar;other endometriosis;endometriosis, unspecified"	endometriosis	endometriosis
N81	"female genital prolapse;female urethrocele;cystocele;incomplete uterovaginal prolapse;complete uterovaginal prolapse;uterovaginal prolapse, unspecified;vaginal enterocele;rectocele;other female genital prolapse;female genital prolapse, unspecified"	female genital prolapse	female genital prolapse
N82	"fistulae involving female genital tract;vesicovaginal fistula;other female urinary-genital tract fistulae;fistula of vagina to small intestine;fistula of vagina to large intestine;other female intestinal-genital tract fistulae;female genital tract-skin fistulae;other female genital tract fistulae;female genital tract fistula, unspecified"	fistulae involving female genital tract	fistulae involving female genital tract
N83	"noninflammatory disorders of ovary, fallopian tube and broad ligament;follicular cyst of ovary;corpus luteum cyst;other and unspecified ovarian cysts;acquired atrophy of ovary and fallopian tube;prolapse and hernia of ovary and fallopian tube;torsion of ovary, ovarian pedicle and fallopian tube;haematosalpinx;haematoma of broad ligament;other noninflammatory disorders of ovary, fallopian tube and broad ligament;noninflammatory disorder of ovary, fallopian tube and broad ligament, unspecified"	"noninflammatory disorders of ovary, fallopian tube and broad ligament"	"noninflammatory disorders of ovary, fallopian tube and broad ligament"
N84	"polyp of female genital tract;polyp of corpus uteri;polyp of cervix uteri;polyp of vagina;polyp of vulva;polyp of other parts of female genital tract;polyp of female genital tract, unspecified"	polyp of female genital tract	polyp of female genital tract
N85	"other noninflammatory disorders of uterus, except cervix;endometrial glandular hyperplasia;endometrial adenomatous hyperplasia;hypertrophy of uterus;subinvolution of uterus;malposition of uterus;inversion of uterus;intra-uterine synechiae;haematometra;other specified noninflammatory disorders of uterus;noninflammatory disorder of uterus, unspecified"	"noninflammatory disorders of uterus, except cervix"	"noninflammatory disorders of uterus, except cervix"
N86	erosion and ectropion of cervix uteri	erosion and ectropion of cervix uteri	erosion and ectropion of cervix uteri
N87	"dysplasia of cervix uteri;mild cervical dysplasia;moderate cervical dysplasia;severe cervical dysplasia, not elsewhere classified;dysplasia of cervix uteri, unspecified"	dysplasia of cervix uteri	dysplasia of cervix uteri
N88	"other noninflammatory disorders of cervix uteri;leukoplakia of cervix uteri;old laceration of cervix uteri;stricture and stenosis of cervix uteri;incompetence of cervix uteri;hypertrophic elongation of cervix uteri;other specified noninflammatory disorders of cervix uteri;noninflammatory disorder of cervix uteri, unspecified"	noninflammatory disorders of cervix uteri	noninflammatory disorders of cervix uteri
N89	"other noninflammatory disorders of vagina;mild vaginal dysplasia;moderate vaginal dysplasia;severe vaginal dysplasia, not elsewhere classified;dysplasia of vagina, unspecified;leukoplakia of vagina;stricture and atresia of vagina;tight hymenal ring;haematocolpos;other specified noninflammatory disorders of vagina;noninflammatory disorder of vagina, unspecified"	noninflammatory disorders of vagina	noninflammatory disorders of vagina
N90	"other noninflammatory disorders of vulva and perineum;mild vulvar dysplasia;moderate vulvar dysplasia;severe vulvar dysplasia, not elsewhere classified;dysplasia of vulva, unspecified;leukoplakia of vulva;atrophy of vulva;hypertrophy of vulva;vulvar cyst;other specified noninflammatory disorders of vulva and perineum;noninflammatory disorder of vulva and perineum, unspecified"	noninflammatory disorders of vulva and perineum	noninflammatory disorders of vulva and perineum
N91	"absent, scanty and rare menstruation;primary amenorrhoea;secondary amenorrhoea;amenorrhoea, unspecified;primary oligomenorrhoea;secondary oligomenorrhoea;oligomenorrhoea, unspecified"	"absent, scanty and rare menstruation"	"absent, scanty and rare menstruation"
N92	"excessive, frequent and irregular menstruation;excessive and frequent menstruation with regular cycle;excessive and frequent menstruation with irregular cycle;excessive menstruation at puberty;ovulation bleeding;excessive bleeding in the premenopausal period;other specified irregular menstruation;irregular menstruation, unspecified"	"excessive, frequent and irregular menstruation"	"excessive, frequent and irregular menstruation"
N93	"other abnormal uterine and vaginal bleeding;postcoital and contact bleeding;other specified abnormal uterine and vaginal bleeding;abnormal uterine and vaginal bleeding, unspecified"	abnormal uterine and vaginal bleeding	abnormal uterine and vaginal bleeding
N94	"pain and other conditions associated with female genital organs and menstrual cycle;mittelschmerz;dyspareunia;vaginismus;premenstrual tension syndrome;primary dysmenorrhoea;secondary dysmenorrhoea;dysmenorrhoea, unspecified;other specified conditions associated with female genital organs and menstrual cycle;unspecified condition associated with female genital organs and menstrual cycle"	pain and conditions associated with female genital organs and menstrual cycle	pain and conditions associated with female genital organs and menstrual cycle
N95	"menopausal and other perimenopausal disorders;postmenopausal bleeding;menopausal and female climacteric states;postmenopausal atrophic vaginitis;states associated with artificial menopause;other specified menopausal and perimenopausal disorders;menopausal and perimenopausal disorder, unspecified"	menopausal and perimenopausal disorders	menopausal and perimenopausal disorders
N96	habitual aborter	habitual aborter	habitual aborter
N97	"female infertility;female infertility associated with anovulation;female infertility of tubal origin;female infertility of uterine origin;female infertility of cervical origin;female infertility associated with male factors;female infertility of other origin;female infertility, unspecified"	female infertility	female infertility
N98	"complications associated with artificial fertilisation;infection associated with artificial insemination;hyperstimulation of ovaries;complications of attempted introduction of fertilised ovum following in vitro fertilisation;complications of attempted introduction of embryo in embryo transfer;other complications associated with artificial fertilisation;complication associated with artificial fertilisation, unspecified"	complications associated with artificial fertilisation	complications associated with artificial fertilisation
N99	"postprocedural disorders of genito-urinary system, not elsewhere classified;postprocedural renal failure;postprocedural urethral stricture;postprocedural adhesions of vagina;prolapse of vaginal vault after hysterectomy;postprocedural pelvic peritoneal adhesions;malfunction of external stoma of urinary tract;other postprocedural disorders of genito-urinary system;postprocedural disorder of genito-urinary system, unspecified"	postprocedural disorders of genito-urinary system	postprocedural disorders of genito-urinary system