	Dis A	Dis B	weight	alpha
0	B59	N80	0.03056768558951965	0.2692
1	B59	J13	0.9723756906077348	0.0
2	B59	L80	0.03459119496855346	0.2518
3	B59	M34	0.043824701195219126	0.1714
4	B59	B26	0.024390243902439025	0.2598
5	B59	D86	0.033073929961089495	0.2416
6	B59	L40	0.04608294930875576	0.281
7	B59	D70	0.03125	0.1702
8	B59	D45	0.04807692307692308	0.274
9	B59	K26	0.041666666666666664	0.2703
10	B59	B24	0.05065666041275797	0.1531
11	B59	L71	0.05466237942122187	0.0871
12	B59	L23	0.04090909090909091	0.2354
13	B59	L20	0.04784688995215311	0.1847
14	B59	I20	0.038860103626943004	0.2246
15	B59	J45	0.0483619344773791	0.1933
16	B59	L63	0.075	0.0603
17	B59	L41	0.036619718309859155	0.1333
18	B59	J16	1.0	0.0
19	B59	J69	1.0	0.0
20	B59	K52	0.04526748971193416	0.2352
21	B59	K60	0.018867924528301886	0.2827
22	B59	N39	0.04040404040404041	0.2175
23	B59	A15	0.04225352112676056	0.2249
24	B59	M46	0.042328042328042326	0.2744
25	B59	I22	0.03734439834024896	0.2591
26	B59	J18	1.0	0.0
27	B59	J15	0.797752808988764	0.0
28	B59	M06	0.037296037296037296	0.2754
29	B59	K22	0.02356020942408377	0.2908
30	B59	J17	0.03463203463203463	0.2038
31	B59	N02	0.028871391076115485	0.2032
32	N80	J62	0.029411764705882353	0.2829
33	N80	M34	0.050359712230215826	0.1316
34	N80	D65	0.04477611940298507	0.28
35	N80	G50	0.043478260869565216	0.0847
36	N80	M08	0.046511627906976744	0.2857
37	N80	E06	0.027777777777777776	0.1864
38	N80	M32	0.04964539007092199	0.2185
39	N80	K44	0.027972027972027972	0.2533
40	N80	K74	0.025423728813559324	0.2921
41	N80	K25	0.045454545454545456	0.1414
42	N80	F39	0.047619047619047616	0.2012
43	N80	L20	0.05102040816326531	0.1651
44	N80	N97	0.09375	0.0092
45	N80	K29	0.029850746268656716	0.2269
46	N80	G47	0.043478260869565216	0.2074
47	N80	C53	0.05982905982905983	0.2209
48	N80	N46	0.029197080291970802	0.1456
49	N80	F52	0.07462686567164178	0.1294
50	N80	L63	0.0335195530726257	0.2859
51	N80	B67	0.028368794326241134	0.2869
52	N80	I64	0.03529411764705882	0.2597
53	N80	K52	0.05343511450381679	0.1811
54	N80	U07	0.04225352112676056	0.232
55	N80	Q56	0.027777777777777776	0.2539
56	N80	E30	0.045454545454545456	0.086
57	N80	A15	0.0707070707070707	0.0819
58	N80	N62	0.04838709677419355	0.2264
59	N80	M46	0.06578947368421052	0.1337
60	N80	M81	0.07692307692307693	0.0649
61	N80	Q23	0.023076923076923078	0.2794
62	N80	I22	0.05511811023622047	0.136
63	N80	C44	0.05309734513274336	0.1663
64	N80	N83	0.052083333333333336	0.0353
65	N80	G45	0.047619047619047616	0.2833
66	N80	F12	0.05747126436781609	0.0917
67	N80	M00-M02	0.03225806451612903	0.2443
68	N80	Q50	0.046153846153846156	0.2968
69	N80	D41	0.016129032258064516	0.2472
70	N80	N98	0.09523809523809523	0.0789
71	J13	L80	0.034055727554179564	0.2572
72	J13	M34	0.047058823529411764	0.1504
73	J13	B26	0.02390438247011952	0.2671
74	J13	D86	0.03275529865125241	0.245
75	J13	L40	0.04504504504504504	0.2892
76	J13	D70	0.030456852791878174	0.1781
77	J13	D45	0.046948356807511735	0.2825
78	J13	K26	0.04072398190045249	0.2784
79	J13	B24	0.0521415270018622	0.1449
80	J13	N61	0.02108433734939759	0.2954
81	J13	L71	0.05379746835443038	0.0906
82	J13	L23	0.04	0.2431
83	J13	L20	0.04672897196261682	0.1921
84	J13	I20	0.03836317135549872	0.229
85	J13	J45	0.047987616099071206	0.1958
86	J13	L63	0.07368421052631578	0.0634
87	J13	L41	0.03636363636363636	0.1352
88	J13	J16	0.9723756906077348	0.0
89	J13	J69	0.9723756906077348	0.0
90	J13	K52	0.048582995951417005	0.2115
91	J13	K60	0.018433179723502304	0.2911
92	J13	N39	0.0399002493765586	0.2217
93	J13	A15	0.04128440366972477	0.2327
94	J13	M46	0.041237113402061855	0.2837
95	J13	I22	0.036585365853658534	0.2663
96	J13	J18	0.9723756906077348	0.0
97	J13	J15	0.7759562841530054	0.0
98	J13	M06	0.03707995365005794	0.2775
99	J13	K22	0.023255813953488372	0.2955
100	J13	J17	0.03389830508474576	0.2108
101	J13	N02	0.02849740932642487	0.2075
102	L80	C62	0.03779527559055118	0.2215
103	L80	M34	0.05286343612334802	0.119
104	L80	J46	0.047936085219707054	0.1393
105	L80	A21	0.04888888888888889	0.1806
106	L80	L43	0.062146892655367235	0.0499
107	L80	M08	0.05172413793103448	0.2482
108	L80	E06	0.024539877300613498	0.2269
109	L80	L88	0.029661016949152543	0.2876
110	L80	M32	0.05701754385964912	0.1742
111	L80	H80	0.022727272727272728	0.2561
112	L80	M05	0.05862068965517241	0.1324
113	L80	L71	0.03741496598639456	0.1886
114	L80	D81	0.0430622009569378	0.1012
115	L80	L23	0.05102040816326531	0.1645
116	L80	L20	0.0425531914893617	0.2227
117	L80	J45	0.04340836012861737	0.2288
118	L80	L63	0.10756972111553785	0.0177
119	L80	D83	0.03070175438596491	0.1777
120	L80	E12	0.0326530612244898	0.2557
121	L80	G35	0.033820840950639856	0.2795
122	L80	L41	0.02295552367288379	0.284
123	L80	E00	0.09282700421940929	0.0335
124	L80	K60	0.021164021164021163	0.2422
125	L80	E03	0.07171314741035857	0.048
126	L80	A15	0.041884816753926704	0.2278
127	L80	E05	0.06770833333333333	0.0367
128	L80	L94	0.03048780487804878	0.2827
129	L80	M35	0.048484848484848485	0.1744
130	L80	M06	0.04963680387409201	0.1796
131	L80	K73	0.03684210526315789	0.0911
132	L80	L92	0.026143790849673203	0.2409
133	L80	L13	0.04524886877828054	0.1402
134	L80	L27	0.0436046511627907	0.2346
135	L80	O99	0.04460966542750929	0.1231
136	L80	N02	0.025	0.2519
137	L80	E02	0.09146341463414634	0.039
138	M34	J62	0.03225806451612903	0.2732
139	M34	L10	0.045871559633027525	0.1578
140	M34	C93	0.032520325203252036	0.2591
141	M34	A21	0.043209876543209874	0.2204
142	M34	L43	0.025423728813559324	0.2946
143	M34	D86	0.035211267605633804	0.2204
144	M34	M00	0.07407407407407407	0.2009
145	M34	M08	0.05454545454545454	0.23
146	M34	L93	0.08461538461538462	0.0391
147	M34	G10	0.024390243902439025	0.2644
148	M34	M17	0.0736196319018405	0.2009
149	M34	M32	0.10828025477707007	0.0359
150	M34	G91	0.018018018018018018	0.0864
151	M34	I61	0.03571428571428571	0.1477
152	M34	K25	0.03508771929824561	0.2212
153	M34	M83	0.04597701149425287	0.0271
154	M34	N61	0.02092050209205021	0.2982
155	M34	M60	0.05319148936170213	0.0985
156	M34	M05	0.05394990366088632	0.1556
157	M34	B00	0.04	0.2663
158	M34	B25	0.02097902097902098	0.2927
159	M34	A49	0.030612244897959183	0.294
160	M34	I71	0.037383177570093455	0.056
161	M34	J45	0.039285714285714285	0.2633
162	M34	C53	0.056338028169014086	0.2413
163	M34	L63	0.07653061224489796	0.057
164	M34	B67	0.03636363636363636	0.2016
165	M34	J84	0.08484848484848485	0.0299
166	M34	K52	0.05128205128205128	0.194
167	M34	Q32	0.02912621359223301	0.1521
168	M34	E03	0.046632124352331605	0.1395
169	M34	Q35	0.03225806451612903	0.1811
170	M34	C86	0.046153846153846156	0.2563
171	M34	C94	0.0392156862745098	0.1441
172	M34	A15	0.056	0.1381
173	M34	M46	0.049019607843137254	0.2236
174	M34	L94	0.07368421052631578	0.0464
175	M34	Q69	0.02702702702702703	0.2356
176	M34	Q23	0.025806451612903226	0.2402
177	M34	I22	0.0457516339869281	0.191
178	M34	M35	0.0392156862745098	0.2437
179	M34	G04	0.025477707006369428	0.1262
180	M34	M06	0.04302477183833116	0.2259
181	M34	B72	0.03260869565217391	0.2259
182	M34	I72	0.028735632183908046	0.2855
183	M34	D13	0.04950495049504951	0.1355
184	M34	F12	0.04424778761061947	0.1592
185	M34	K73	0.023622047244094488	0.2161
186	M34	Q75	0.023809523809523808	0.1798
187	M34	L92	0.022727272727272728	0.2906
188	M34	K63	0.04225352112676056	0.2421
189	M34	M02	0.07142857142857142	0.1965
190	M34	M19	0.07567567567567568	0.2268
191	M34	L13	0.031446540880503145	0.2559
192	M34	Q65	0.035398230088495575	0.243
193	M34	Q17	0.018018018018018018	0.2135
194	M34	L27	0.057971014492753624	0.1453
195	M34	N02	0.027210884353741496	0.2228
196	M34	M09	0.06593406593406594	0.2118
197	M34	E02	0.03524229074889868	0.2879
198	M34	M13	0.07407407407407407	0.2009
199	B26	L52	0.023809523809523808	0.2685
200	D86	C62	0.03734939759036145	0.201
201	D86	C71	0.03721488595438175	0.2022
202	D86	D05	0.03307027433295753	0.2417
203	D86	M16	0.030854430379746837	0.2658
204	D86	A21	0.06310679611650485	0.0662
205	D86	C08	0.03743961352657005	0.2002
206	D86	C25	0.03743961352657005	0.2002
207	D86	E84	0.03561643835616438	0.2364
208	D86	L88	0.03488372093023256	0.2308
209	D86	A39	0.05480052608505041	0.2189
210	D86	B25	0.03314917127071823	0.1429
211	D86	K51	0.03428997390980246	0.2819
212	D86	J45	0.053217821782178217	0.1639
213	D86	L63	0.05032822757111598	0.1523
214	D86	D83	0.030660377358490566	0.1781
215	D86	G35	0.03413498836307215	0.2762
216	D86	B67	0.05263157894736842	0.0981
217	D86	J84	0.07692307692307693	0.0416
218	D86	E83	0.026066350710900472	0.2983
219	D86	Q41	0.02544529262086514	0.2689
220	D86	P24	0.0521978021978022	0.0207
221	D86	M06	0.07653575025176233	0.0706
222	D86	K73	0.020460358056265986	0.2655
223	D86	J17	0.09138381201044386	0.0147
224	D86	L27	0.036968576709796676	0.2926
225	L40	N19	0.046511627906976744	0.2777
226	L40	L52	0.1509433962264151	0.0154
227	L40	K50	0.08108108108108109	0.1068
228	L40	M10	0.04395604395604396	0.298
229	L40	L24	0.06329113924050633	0.1747
230	L40	M00	0.0859375	0.0934
231	L40	M08	0.05194805194805195	0.239
232	L40	M17	0.08527131782945736	0.1557
233	L40	K58	0.06315789473684211	0.2196
234	L40	M32	0.05303030303030303	0.1969
235	L40	L51	0.11764705882352941	0.1034
236	L40	H80	0.02631578947368421	0.2063
237	L40	L21	0.0898876404494382	0.0865
238	L40	K74	0.037037037037037035	0.1662
239	L40	K25	0.05063291139240506	0.1131
240	L40	J43	0.056179775280898875	0.1449
241	L40	M45	0.11214953271028037	0.1284
242	L40	B37	0.05	0.2625
243	L40	B34	0.04285714285714286	0.0867
244	L40	L71	0.030456852791878174	0.2573
245	L40	H16	0.030303030303030304	0.1951
246	L40	E20	0.03333333333333333	0.2303
247	L40	L23	0.09473684210526316	0.0347
248	L40	L20	0.14634146341463414	0.0056
249	L40	L12	0.05660377358490566	0.1945
250	L40	B55	0.05405405405405406	0.2209
251	L40	L25	0.024390243902439025	0.2323
252	L40	J45	0.039923954372623575	0.2576
253	L40	L63	0.06666666666666667	0.0825
254	L40	N17	0.0736196319018405	0.2247
255	L40	L41	0.03035413153456998	0.1887
256	L40	B02	0.06349206349206349	0.0346
257	L40	K52	0.11206896551724138	0.0275
258	L40	K55	0.03896103896103896	0.2083
259	L40	A04	0.07352941176470588	0.0755
260	L40	U07	0.04838709677419355	0.1875
261	L40	J66	0.030303030303030304	0.2981
262	L40	A15	0.043010752688172046	0.2189
263	L40	M46	0.14285714285714285	0.0125
264	L40	K59	0.06451612903225806	0.1159
265	L40	Q23	0.024793388429752067	0.2541
266	L40	P27	0.0297029702970297	0.2974
267	L40	M35	0.07575757575757576	0.065
268	L40	I72	0.02857142857142857	0.2875
269	L40	K73	0.021505376344086023	0.248
270	L40	M24	0.109375	0.0305
271	L40	L30	0.10752688172043011	0.022
272	L40	Q96	0.030303030303030304	0.1726
273	L40	K63	0.056074766355140186	0.152
274	L40	Q07	0.03278688524590164	0.2277
275	L40	M02	0.08208955223880597	0.1541
276	L40	M19	0.10067114093959731	0.1388
277	L40	L13	0.04878048780487805	0.1202
278	L40	G36	0.03225806451612903	0.2967
279	L40	L27	0.044715447154471545	0.226
280	L40	P77	0.06493506493506493	0.2431
281	L40	M09	0.08163265306122448	0.1462
282	L40	M13	0.0859375	0.1553
283	L40	J41	0.07042253521126761	0.1898
284	D70	J62	0.06666666666666667	0.0221
285	D70	C93	0.06779661016949153	0.0207
286	D70	L43	0.03636363636363636	0.1271
287	D70	D45	0.04918032786885246	0.266
288	D70	L68	0.03333333333333333	0.0175
289	D70	K29	0.06896551724137931	0.0318
290	D70	J60	0.04	0.2426
291	D70	Q82	0.05172413793103448	0.0541
292	D70	K60	0.03333333333333333	0.1066
293	D70	C38	0.038461538461538464	0.1254
294	D70	C96	0.06976744186046512	0.0205
295	D70	E53	0.037037037037037035	0.1327
296	D70	H95	0.08333333333333333	0.0931
297	D70	N99	0.08333333333333333	0.0931
298	D45	C62	0.06614785992217899	0.1681
299	D45	C71	0.06576402321083172	0.1699
300	D45	C93	0.09210526315789473	0.0832
301	D45	C08	0.06432748538011696	0.1766
302	D45	C25	0.06432748538011696	0.1766
303	D45	C67	0.06415094339622641	0.1775
304	D45	F70	0.022222222222222223	0.0699
305	D45	F79	0.036036036036036036	0.1788
306	D45	E26	0.030303030303030304	0.1066
307	D45	D56	0.038461538461538464	0.036
308	D45	B34	0.03225806451612903	0.1593
309	D45	C92	0.12605042016806722	0.0484
310	D45	D27	0.04	0.1561
311	D45	C95	0.07262569832402235	0.2192
312	D45	D46	0.10743801652892562	0.0685
313	D45	B02	0.03571428571428571	0.152
314	D45	J16	0.04807692307692308	0.2962
315	D45	J69	0.04807692307692308	0.2962
316	D45	Q82	0.06578947368421052	0.0242
317	D45	J85	0.06930693069306931	0.2138
318	D45	K60	0.06493506493506493	0.0124
319	D45	Q85	0.06451612903225806	0.0504
320	D45	D75	0.11538461538461539	0.0004
321	D45	K83	0.09375	0.109
322	D45	D47	0.46875	0.0
323	D45	N32	0.039473684210526314	0.2558
324	D45	D12	0.04081632653061224	0.1724
325	D45	E27	0.03278688524590164	0.2249
326	D45	C86	0.12195121951219512	0.027
327	D45	C94	0.06896551724137931	0.0326
328	D45	N64	0.05714285714285714	0.1403
329	D45	A63	0.046511627906976744	0.1321
330	D45	M94	0.07692307692307693	0.0113
331	D45	J18	0.04807692307692308	0.2962
332	D45	M22	0.06382978723404255	0.0348
333	D45	D13	0.03333333333333333	0.2611
334	D45	K73	0.023809523809523808	0.2134
335	D45	D89	0.038461538461538464	0.0685
336	D45	C96	0.08196721311475409	0.0103
337	D45	C22	0.09836065573770492	0.1998
338	D45	C90	0.05759162303664921	0.2353
339	D45	L92	0.045454545454545456	0.0827
340	D45	D07	0.10465116279069768	0.1602
341	D45	D02	0.10227272727272728	0.1632
342	D45	K92	0.07471264367816093	0.1615
343	D45	D00	0.10465116279069768	0.1602
344	D45	D01	0.11494252873563218	0.1327
345	D45	C14	0.06060606060606061	0.1088
346	D45	C97	0.04081632653061224	0.0506
347	D45	C47	0.05555555555555555	0.1364
348	D45	C78	0.08	0.0395
349	D45	H95	0.045454545454545456	0.2765
350	D45	N99	0.045454545454545456	0.2765
351	K26	J02	0.04	0.2848
352	K26	A21	0.03937007874015748	0.2905
353	K26	M86	0.0821917808219178	0.0751
354	K26	A43	0.051094890510948905	0.2008
355	K26	A65	0.08163265306122448	0.0765
356	K26	K27	0.15	0.0087
357	K26	A90	0.07407407407407407	0.0972
358	K26	A70	0.051470588235294115	0.1984
359	K26	K25	0.22727272727272727	0.0
360	K26	A71	0.07547169811320754	0.2864
361	K26	I63	0.046153846153846156	0.1884
362	K26	K29	0.05454545454545454	0.0658
363	K26	B55	0.05555555555555555	0.2118
364	K26	B54	0.08333333333333333	0.2916
365	K26	I64	0.04054054054054054	0.2125
366	K26	L94	0.031746031746031744	0.2682
367	K26	I22	0.0603448275862069	0.1125
368	K26	D18	0.03333333333333333	0.2944
369	K26	K73	0.02197802197802198	0.2405
370	K26	K22	0.023255813953488372	0.2955
371	B24	N19	0.05405405405405406	0.135
372	B24	C62	0.05076741440377804	0.1525
373	B24	C71	0.05058823529411765	0.1535
374	B24	E14	0.0496850944716585	0.1588
375	B24	F20	0.03821656050955414	0.243
376	B24	A43	0.059734513274336286	0.1093
377	B24	C08	0.05088757396449704	0.1518
378	B24	C25	0.05088757396449704	0.1518
379	B24	C00	0.043878273177636234	0.1969
380	B24	C67	0.05471478463329453	0.1317
381	B24	N18	0.06041666666666667	0.1066
382	B24	E11	0.049107142857142856	0.1622
383	B24	A90	0.03431372549019608	0.2808
384	B24	A70	0.0598669623059867	0.1088
385	B24	K58	0.07160493827160494	0.0703
386	B24	A89	0.03436754176610979	0.2802
387	B24	I25	0.08666666666666667	0.0401
388	B24	C43	0.04198473282442748	0.2113
389	B24	M32	0.03282275711159737	0.2967
390	B24	C09	0.05088757396449704	0.1518
391	B24	C60	0.05088757396449704	0.1518
392	B24	B45	0.0598669623059867	0.1088
393	B24	C32	0.05052878965922444	0.1539
394	B24	C50	0.04988399071925754	0.1576
395	B24	E66	0.05853658536585366	0.2289
396	B24	F31	0.0676818950930626	0.2605
397	B24	N04	0.03056768558951965	0.2296
398	B24	I20	0.06097560975609756	0.0958
399	B24	J45	0.04389086595492289	0.2251
400	B24	E10	0.059001512859304085	0.1316
401	B24	N17	0.07172995780590717	0.2335
402	B24	G35	0.047692307692307694	0.1656
403	B24	M33	0.0391425908667288	0.2498
404	B24	J16	0.05065666041275797	0.2774
405	B24	J69	0.05065666041275797	0.2774
406	B24	J12	0.057692307692307696	0.0811
407	B24	N08	0.04723127035830619	0.2794
408	B24	J18	0.05065666041275797	0.2774
409	B24	M06	0.043726235741444866	0.2204
410	B24	J09	0.1100196463654224	0.0501
411	B24	J11	0.11045364891518737	0.0492
412	B24	E08-E13	0.050974512743628186	0.1892
413	B24	U04	0.047244094488188976	0.1414
414	B24	P77	0.06683804627249357	0.2332
415	B24	J10	0.11023622047244094	0.0501
416	L71	B16	0.03211009174311927	0.239
417	L71	L10	0.034482758620689655	0.215
418	L71	L24	0.027777777777777776	0.29
419	L71	K85	0.03954802259887006	0.1714
420	L71	M86	0.02824858757062147	0.284
421	L71	A43	0.046610169491525424	0.125
422	L71	F51	0.031578947368421054	0.2448
423	L71	J21	0.043209876543209874	0.1455
424	L71	A90	0.02702702702702703	0.2999
425	L71	A70	0.04680851063829787	0.1239
426	L71	B45	0.04680851063829787	0.1239
427	L71	B76	0.04680851063829787	0.1239
428	L71	B64	0.04680851063829787	0.1239
429	L71	J32	0.0673076923076923	0.0494
430	L71	A44	0.04680851063829787	0.1239
431	L71	B79	0.04680851063829787	0.1239
432	L71	A03	0.04680851063829787	0.1239
433	L71	L23	0.03535353535353535	0.2866
434	L71	L63	0.03745318352059925	0.2468
435	L71	L41	0.027417027417027416	0.222
436	L71	J16	0.05466237942122187	0.2506
437	L71	J69	0.05466237942122187	0.2506
438	L71	J61	0.04678362573099415	0.2868
439	L71	J18	0.05466237942122187	0.2506
440	L71	J15	0.05714285714285714	0.2408
441	L23	N19	0.04580152671755725	0.1979
442	L23	L52	0.08620689655172414	0.0471
443	L23	L10	0.05194805194805195	0.1591
444	L23	L24	0.10256410256410256	0.0263
445	L23	J46	0.055299539170506916	0.1413
446	L23	A21	0.03816793893129771	0.2594
447	L23	A43	0.03496503496503497	0.2906
448	L23	L43	0.08641975308641975	0.0467
449	L23	M00	0.044444444444444446	0.2077
450	L23	M08	0.0375	0.2656
451	L23	N18	0.04093567251461988	0.2352
452	L23	N41	0.06896551724137931	0.0869
453	L23	M17	0.04411764705882353	0.2101
454	L23	K58	0.05102040816326531	0.1645
455	L23	M32	0.05223880597014925	0.1575
456	L23	L51	0.09259259259259259	0.0375
457	L23	L21	0.08791208791208792	0.0443
458	L23	J43	0.054945054945054944	0.1431
459	L23	M45	0.04310344827586207	0.2178
460	L23	K90	0.05084745762711865	0.1655
461	L23	K20	0.03349282296650718	0.1109
462	L23	L88	0.051470588235294115	0.1145
463	L23	B19	0.05084745762711865	0.2568
464	L23	A49	0.030303030303030304	0.2976
465	L23	L20	0.21518987341772153	0.0005
466	L23	B55	0.05263157894736842	0.2299
467	L23	L25	0.024	0.2378
468	L23	J45	0.053742802303262956	0.161
469	L23	J60	0.03636363636363636	0.276
470	L23	G47	0.04838709677419355	0.1735
471	L23	L63	0.12658227848101267	0.0086
472	L23	D83	0.038461538461538464	0.1146
473	L23	J33	0.08571428571428572	0.1076
474	L23	Z88	0.7358490566037735	0.0
475	L23	A04	0.041666666666666664	0.2322
476	L23	Q85	0.02666666666666667	0.2927
477	L23	U07	0.06349206349206349	0.1108
478	L23	D72	0.031746031746031744	0.0665
479	L23	J63	0.025	0.2807
480	L23	M46	0.04225352112676056	0.275
481	L23	E05	0.029411764705882353	0.2394
482	L23	K73	0.021052631578947368	0.2554
483	L23	L30	0.12903225806451613	0.0102
484	L23	M00-M02	0.03636363636363636	0.2039
485	L23	J30	0.19047619047619047	0.0068
486	L23	K63	0.11650485436893204	0.0196
487	L23	L13	0.056451612903225805	0.0859
488	L23	L27	0.048582995951417005	0.1987
489	L23	J41	0.09859154929577464	0.0973
490	L20	J62	0.0392156862745098	0.2506
491	L20	N19	0.06722689075630252	0.093
492	L20	G30	0.042105263157894736	0.2263
493	L20	L52	0.1276595744680851	0.0108
494	L20	M10	0.03571428571428571	0.2837
495	L20	F20	0.03666666666666667	0.2743
496	L20	L24	0.11764705882352941	0.0155
497	L20	A21	0.05	0.1711
498	L20	D59	0.04918032786885246	0.1762
499	L20	A43	0.045454545454545456	0.201
500	L20	J21	0.034482758620689655	0.2963
501	L20	G50	0.03773584905660377	0.2641
502	L20	M00	0.03968253968253968	0.2465
503	L20	M08	0.04285714285714286	0.2204
504	L20	N18	0.07006369426751592	0.0841
505	L20	N41	0.08333333333333333	0.0525
506	L20	M17	0.03937007874015748	0.2493
507	L20	A70	0.04580152671755725	0.1986
508	L20	K58	0.06896551724137931	0.0874
509	L20	I25	0.04013377926421405	0.2426
510	L20	M32	0.056451612903225805	0.1362
511	L20	L51	0.11363636363636363	0.0179
512	L20	I60	0.047058823529411764	0.1899
513	L20	B45	0.04580152671755725	0.1986
514	L20	L21	0.09876543209876543	0.0303
515	L20	K74	0.050505050505050504	0.1681
516	L20	B76	0.04580152671755725	0.1986
517	L20	J43	0.06172839506172839	0.113
518	L20	B64	0.04580152671755725	0.1986
519	L20	F31	0.03942652329749104	0.2488
520	L20	A44	0.04580152671755725	0.1986
521	L20	B79	0.04580152671755725	0.1986
522	L20	A03	0.04580152671755725	0.1986
523	L20	A71	0.04081632653061224	0.2368
524	L20	I30	0.03636363636363636	0.2772
525	L20	H16	0.07142857142857142	0.0801
526	L20	E20	0.038461538461538464	0.2574
527	L20	F43	0.022222222222222223	0.2493
528	L20	G10	0.024691358024691357	0.2601
529	L20	L88	0.05555555555555555	0.0963
530	L20	H80	0.029411764705882353	0.1712
531	L20	B19	0.061224489795918366	0.1941
532	L20	D81	0.02857142857142857	0.2195
533	L20	I12	0.03225806451612903	0.2672
534	L20	A49	0.03571428571428571	0.2395
535	L20	B55	0.04477611940298507	0.2865
536	L20	L25	0.07272727272727272	0.0125
537	L20	J45	0.056862745098039215	0.1447
538	L20	J60	0.044444444444444446	0.2071
539	L20	L63	0.09803921568627451	0.0253
540	L20	N17	0.07741935483870968	0.208
541	L20	I64	0.05970149253731343	0.1019
542	L20	Z88	0.05128205128205128	0.1307
543	L20	J16	0.04784688995215311	0.2979
544	L20	J69	0.04784688995215311	0.2979
545	L20	E16	0.04838709677419355	0.1294
546	L20	K52	0.06140350877192982	0.1402
547	L20	A04	0.04838709677419355	0.1833
548	L20	U07	0.11764705882352941	0.0166
549	L20	D72	0.0784313725490196	0.0011
550	L20	J66	0.034482758620689655	0.252
551	L20	J31	0.04081632653061224	0.2682
552	L20	A15	0.07228915662650602	0.0774
553	L20	N08	0.04861111111111111	0.2692
554	L20	P27	0.043478260869565216	0.1689
555	L20	I22	0.05405405405405406	0.1413
556	L20	J18	0.04784688995215311	0.2979
557	L20	M35	0.05	0.1651
558	L20	I72	0.030303030303030304	0.2666
559	L20	K73	0.023529411764705882	0.2174
560	L20	L30	0.15853658536585366	0.0035
561	L20	M00-M02	0.044444444444444446	0.1428
562	L20	L13	0.05217391304347826	0.1036
563	L20	L27	0.04184100418410042	0.2488
564	L20	P77	0.05714285714285714	0.2883
565	L20	L87	0.03076923076923077	0.282
566	L20	A26	0.04	0.2439
567	L20	J41	0.07936507936507936	0.1535
568	I20	G43	0.06368330464716007	0.0863
569	I20	N19	0.05821917808219178	0.1065
570	I20	C71	0.03234880450070324	0.2886
571	I20	E14	0.050117462803445575	0.1456
572	I20	F20	0.04670912951167728	0.166
573	I20	K85	0.036290322580645164	0.248
574	I20	M16	0.03713527851458886	0.24
575	I20	I13	0.048265460030165915	0.1564
576	I20	N18	0.06707317073170732	0.0757
577	I20	N41	0.04	0.215
578	I20	E11	0.05214465937762826	0.1346
579	I20	K58	0.12244897959183673	0.0089
580	I20	I11	0.05089820359281437	0.1413
581	I20	I25	0.1937046004842615	0.0006
582	I20	J43	0.03474903474903475	0.2631
583	I20	E66	0.0791476407914764	0.0475
584	I20	J32	0.04240282685512368	0.196
585	I20	F31	0.07272727272727272	0.0609
586	I20	I50	0.0857843137254902	0.0367
587	I20	C23	0.032167832167832165	0.2906
588	I20	C74	0.031818181818181815	0.2946
589	I20	A40	0.06962025316455696	0.0686
590	I20	I63	0.042735042735042736	0.1935
591	I20	M54	0.04142011834319527	0.2035
592	I20	G44	0.02158273381294964	0.2674
593	I20	F29	0.03225806451612903	0.2828
594	I20	I10	0.04838709677419355	0.1128
595	I20	I70	0.10526315789473684	0.0654
596	I20	J45	0.04190751445086705	0.2408
597	I20	I21	0.09795918367346938	0.0966
598	I20	E10	0.05258693808312129	0.1641
599	I20	N17	0.06402439024390244	0.273
600	I20	I49	0.029605263157894735	0.2469
601	I20	E78	0.019762845849802372	0.2705
602	I20	K04	0.0367170626349892	0.2955
603	I20	N39	0.033632286995515695	0.281
604	I20	G54	0.11061946902654868	0.2289
605	I20	I22	0.041811846689895474	0.2204
606	I20	I67	0.047976011994003	0.2147
607	I20	O15	0.07203389830508475	0.2483
608	I20	Q25	0.03753351206434316	0.1836
609	I20	I72	0.032467532467532464	0.2425
610	I20	E08-E13	0.051607445008460234	0.1854
611	I20	K64	0.05115089514066496	0.2591
612	I20	K10	0.11061946902654868	0.229
613	I20	P77	0.10822510822510822	0.0939
614	I20	I23	0.1340941512125535	0.003
615	J45	G43	0.04465334900117509	0.2193
616	J45	C62	0.0670926517571885	0.1022
617	J45	C71	0.06574761399787911	0.107
618	J45	D05	0.0421925712225027	0.2385
619	J45	E14	0.058437294812869335	0.1372
620	J45	F20	0.059639389736477116	0.1317
621	J45	M16	0.0688378978534419	0.0963
622	J45	J46	0.16856256463288521	0.0032
623	J45	A64	0.04056991064960155	0.252
624	J45	A43	0.057245080500894455	0.1429
625	J45	C08	0.06609808102345416	0.1057
626	J45	C25	0.06609808102345416	0.1057
627	J45	C00	0.05518617021276596	0.1533
628	J45	M00	0.044722719141323794	0.2188
629	J45	C67	0.07045215562565721	0.0911
630	J45	N18	0.05432937181663837	0.1578
631	J45	E11	0.06359189378057302	0.1151
632	J45	E84	0.043560606060606064	0.2276
633	J45	M17	0.044642857142857144	0.2194
634	J45	A70	0.055456171735241505	0.1519
635	J45	A89	0.04146170063246662	0.2445
636	J45	I25	0.0670391061452514	0.1024
637	J45	C43	0.047289033836119036	0.2005
638	J45	M32	0.05225225225225225	0.1693
639	J45	C09	0.06609808102345416	0.1057
640	J45	C60	0.06609808102345416	0.1057
641	J45	B45	0.055456171735241505	0.1519
642	J45	A39	0.051176227816756084	0.1757
643	J45	C32	0.06680805938494168	0.1032
644	J45	C50	0.06492146596858639	0.11
645	J45	C61	0.07053941908713693	0.0908
646	J45	B76	0.055456171735241505	0.1519
647	J45	C10	0.06595744680851064	0.1062
648	J45	E66	0.06406080347448426	0.1133
649	J45	M45	0.056179775280898875	0.1482
650	J45	B64	0.055456171735241505	0.1519
651	J45	J32	0.0599250936329588	0.1304
652	J45	C51	0.06808510638297872	0.0988
653	J45	F31	0.05091937765205092	0.1772
654	J45	C49	0.06687565308254964	0.1029
655	J45	C84	0.055077452667814115	0.1538
656	J45	A44	0.055456171735241505	0.1519
657	J45	C66	0.06609808102345416	0.1057
658	J45	B79	0.055456171735241505	0.1519
659	J45	A03	0.055456171735241505	0.1519
660	J45	M05	0.057458563535911604	0.1418
661	J45	A19	0.051932367149758456	0.1712
662	J45	I50	0.05465288035450517	0.1561
663	J45	C73	0.0656084656084656	0.1075
664	J45	C37	0.06609808102345416	0.1057
665	J45	C23	0.06659619450317125	0.1039
666	J45	C56	0.06610703043022036	0.1057
667	J45	C74	0.056348610067618335	0.1473
668	J45	A40	0.03747870528109029	0.2799
669	J45	M54	0.050590219224283306	0.1792
670	J45	K51	0.041354071363220495	0.2454
671	J45	K21	0.042000943841434636	0.24
672	J45	C04	0.06680805938494168	0.1032
673	J45	I70	0.055284552845528454	0.1527
674	J45	C82	0.05181347150259067	0.1719
675	J45	C54	0.06540084388185655	0.1082
676	J45	J22	0.04436229205175601	0.2215
677	J45	K20	0.01854714064914992	0.2983
678	J45	B25	0.021834061135371178	0.2783
679	J45	E10	0.06704304869442484	0.0998
680	J45	L63	0.05792163543441227	0.1146
681	J45	D83	0.024822695035460994	0.2477
682	J45	F90	0.03487672880336741	0.2596
683	J45	G35	0.06579898770788142	0.0835
684	J45	L41	0.027237354085603113	0.2242
685	J45	I83	0.0486322188449848	0.2397
686	J45	Z88	0.030828516377649325	0.2954
687	J45	J16	0.0483619344773791	0.2941
688	J45	J69	0.0483619344773791	0.2941
689	J45	E00	0.038600723763570564	0.245
690	J45	Q21	0.03058321479374111	0.1541
691	J45	K04	0.05329593267882188	0.1702
692	J45	J98	0.07445008460236886	0.1762
693	J45	A15	0.03435114503816794	0.2974
694	J45	N08	0.045706371191135735	0.2912
695	J45	I22	0.03825136612021858	0.2507
696	J45	J18	0.0483619344773791	0.2941
697	J45	M06	0.0726950354609929	0.0807
698	J45	M19	0.07597173144876325	0.2255
699	J45	L13	0.03237410071942446	0.2457
700	J45	E08-E13	0.056524773203070484	0.1578
701	J45	K64	0.04923076923076923	0.2726
702	J45	G63	0.055222088835534214	0.2603
703	J45	L27	0.04776119402985075	0.2042
704	J45	I48	0.02971887550200803	0.2712
705	J45	N02	0.025936599423631124	0.2391
706	J45	E02	0.04142011834319527	0.2313
707	L63	J62	0.038461538461538464	0.2376
708	L63	N19	0.045	0.186
709	L63	B16	0.042105263157894736	0.2073
710	L63	L52	0.0546875	0.1294
711	L63	K50	0.03355704697986577	0.2855
712	L63	L10	0.0625	0.0965
713	L63	L24	0.039473684210526314	0.2288
714	L63	J46	0.057103064066852366	0.1182
715	L63	A21	0.050505050505050504	0.1513
716	L63	L43	0.0457516339869281	0.1808
717	L63	M00	0.07575757575757576	0.0586
718	L63	M08	0.0763888888888889	0.0573
719	L63	L93	0.04046242774566474	0.2205
720	L63	N18	0.05485232067510549	0.1286
721	L63	M17	0.07537688442211055	0.0595
722	L63	I25	0.034210526315789476	0.2786
723	L63	M32	0.08673469387755102	0.0388
724	L63	L51	0.03968253968253968	0.227
725	L63	L21	0.03636363636363636	0.257
726	L63	J43	0.043478260869565216	0.1969
727	L63	M45	0.043243243243243246	0.1987
728	L63	C84	0.04310344827586207	0.1997
729	L63	M05	0.06934306569343066	0.0746
730	L63	H46	0.034482758620689655	0.2758
731	L63	A30	0.05333333333333334	0.1361
732	L63	E06	0.022058823529411766	0.2638
733	L63	L88	0.03365384615384615	0.243
734	L63	D81	0.03260869565217391	0.177
735	L63	A49	0.037037037037037035	0.2271
736	L63	D83	0.045454545454545456	0.077
737	L63	E12	0.03211009174311927	0.2616
738	L63	L41	0.033182503770739065	0.1613
739	L63	Z88	0.0718954248366013	0.0572
740	L63	J16	0.075	0.1496
741	L63	J69	0.075	0.1496
742	L63	E00	0.05603448275862069	0.1295
743	L63	K52	0.04639175257731959	0.2269
744	L63	G37	0.03125	0.1251
745	L63	K60	0.018518518518518517	0.2894
746	L63	E03	0.029914529914529916	0.2832
747	L63	U07	0.045112781954887216	0.2101
748	L63	C86	0.041666666666666664	0.2927
749	L63	A15	0.062111801242236024	0.1112
750	L63	N12	0.022222222222222223	0.2694
751	L63	E05	0.06626506024096386	0.0394
752	L63	L94	0.029197080291970802	0.2983
753	L63	J18	0.075	0.1496
754	L63	M35	0.04316546762589928	0.2113
755	L63	J15	0.05078125	0.2822
756	L63	G04	0.015228426395939087	0.2913
757	L63	M06	0.05006257822277847	0.177
758	L63	L30	0.059880239520958084	0.12
759	L63	L92	0.032	0.1745
760	L63	M02	0.07881773399014778	0.166
761	L63	M19	0.08181818181818182	0.201
762	L63	L13	0.05181347150259067	0.1053
763	L63	H91	0.02843601895734597	0.2729
764	L63	L27	0.1696113074204947	0.0034
765	L63	O99	0.04979253112033195	0.0964
766	L63	N02	0.04281345565749235	0.0935
767	L63	M09	0.07373271889400922	0.1762
768	L63	B92	0.049107142857142856	0.2326
769	L63	E02	0.056016597510373446	0.1378
770	L63	M13	0.07575757575757576	0.1937
771	L41	E14	0.02507645259938838	0.2526
772	L41	J46	0.041884816753926704	0.0995
773	L41	M00	0.02694136291600634	0.2279
774	L41	M17	0.02689873417721519	0.2284
775	L41	I11	0.022682445759368838	0.2883
776	L41	M05	0.04183673469387755	0.0997
777	L41	A19	0.026136363636363635	0.2382
778	L41	A30	0.027522935779816515	0.2207
779	L41	E10	0.0247074122236671	0.2578
780	L41	E00	0.038159371492704826	0.249
781	L41	F53	0.03511852502194908	0.2623
782	L41	N02	0.026455026455026454	0.2323
783	L41	E02	0.03736263736263736	0.2671
784	J16	L52	0.05084745762711865	0.2761
785	J16	A43	0.07539682539682539	0.1481
786	J16	N18	0.04878048780487805	0.2909
787	J16	A70	0.07569721115537849	0.1469
788	J16	B45	0.07569721115537849	0.1469
789	J16	B76	0.07569721115537849	0.1469
790	J16	M45	0.06086956521739131	0.2141
791	J16	B64	0.07569721115537849	0.1469
792	J16	A44	0.07569721115537849	0.1469
793	J16	B79	0.07569721115537849	0.1469
794	J16	A03	0.07569721115537849	0.1469
795	J16	A40	0.07037037037037037	0.1682
796	J16	J22	0.06060606060606061	0.2155
797	J16	A59	0.07569721115537849	0.1469
798	J16	B54	0.05	0.2821
799	J16	J69	1.0	0.0
800	J16	K52	0.04526748971193416	0.2352
801	J16	K60	0.018867924528301886	0.2827
802	J16	N39	0.04040404040404041	0.2175
803	J16	A15	0.04225352112676056	0.2249
804	J16	M46	0.042328042328042326	0.2744
805	J16	I22	0.03734439834024896	0.2591
806	J16	J18	1.0	0.0
807	J16	J15	0.797752808988764	0.0
808	J16	M06	0.037296037296037296	0.2754
809	J16	K22	0.02356020942408377	0.2908
810	J16	J17	0.03463203463203463	0.2038
811	J16	N02	0.028871391076115485	0.2032
812	J69	L52	0.05084745762711865	0.2761
813	J69	A43	0.07539682539682539	0.1481
814	J69	N18	0.04878048780487805	0.2909
815	J69	A70	0.07569721115537849	0.1469
816	J69	B45	0.07569721115537849	0.1469
817	J69	B76	0.07569721115537849	0.1469
818	J69	M45	0.06086956521739131	0.2141
819	J69	B64	0.07569721115537849	0.1469
820	J69	A44	0.07569721115537849	0.1469
821	J69	B79	0.07569721115537849	0.1469
822	J69	A03	0.07569721115537849	0.1469
823	J69	A40	0.07037037037037037	0.1682
824	J69	J22	0.06060606060606061	0.2155
825	J69	A59	0.07569721115537849	0.1469
826	J69	B54	0.05	0.2821
827	J69	K52	0.04526748971193416	0.2352
828	J69	K60	0.018867924528301886	0.2827
829	J69	N39	0.04040404040404041	0.2175
830	J69	A15	0.04225352112676056	0.2249
831	J69	M46	0.042328042328042326	0.2744
832	J69	I22	0.03734439834024896	0.2591
833	J69	J18	1.0	0.0
834	J69	J15	0.797752808988764	0.0
835	J69	M06	0.037296037296037296	0.2754
836	J69	K22	0.02356020942408377	0.2908
837	J69	J17	0.03463203463203463	0.2038
838	J69	N02	0.028871391076115485	0.2032
839	K52	N10	0.14634146341463414	0.0091
840	K52	K50	0.2441860465116279	0.0004
841	K52	M10	0.06086956521739131	0.1427
842	K52	L10	0.0392156862745098	0.2855
843	K52	M86	0.04854368932038835	0.2118
844	K52	J21	0.06741573033707865	0.1156
845	K52	M00	0.07792207792207792	0.0825
846	K52	M08	0.06930693069306931	0.1088
847	K52	L93	0.064	0.129
848	K52	N11	0.14634146341463414	0.0091
849	K52	N18	0.05181347150259067	0.1907
850	K52	M17	0.07741935483870968	0.0839
851	K52	K58	0.06666666666666667	0.1184
852	K52	M32	0.07792207792207792	0.0825
853	K52	I60	0.04201680672268908	0.261
854	K52	K74	0.061068702290076333	0.1417
855	K52	K25	0.057692307692307696	0.158
856	K52	M45	0.11450381679389313	0.0254
857	K52	H46	0.14444444444444443	0.0097
858	K52	I50	0.04964539007092199	0.2044
859	K52	B55	0.039603960396039604	0.282
860	K52	I70	0.05963302752293578	0.1484
861	K52	I21	0.042735042735042736	0.2551
862	K52	N17	0.06315789473684211	0.1326
863	K52	I64	0.04950495049504951	0.2054
864	K52	J84	0.042682926829268296	0.2555
865	K52	M04	0.041666666666666664	0.264
866	K52	A32	0.0196078431372549	0.2364
867	K52	G10	0.02608695652173913	0.241
868	K52	L88	0.03067484662576687	0.2756
869	K52	K44	0.024844720496894408	0.2955
870	K52	A49	0.03333333333333333	0.2636
871	K52	J47	0.03636363636363636	0.1143
872	K52	E85	0.03424657534246575	0.2981
873	K52	K55	0.09183673469387756	0.0242
874	K52	A04	0.14942528735632185	0.0051
875	K52	D80	0.02531645569620253	0.2865
876	K52	U07	0.045454545454545456	0.2076
877	K52	J66	0.04395604395604396	0.1722
878	K52	A15	0.06896551724137931	0.0872
879	K52	M46	0.125	0.0217
880	K52	K59	0.21153846153846154	0.0008
881	K52	I22	0.05555555555555555	0.1338
882	K52	M35	0.08888888888888889	0.0403
883	K52	M30	0.16666666666666666	0.0205
884	K52	M06	0.042105263157894736	0.2332
885	K52	I72	0.05555555555555555	0.0882
886	K52	F12	0.03773584905660377	0.2087
887	K52	K73	0.03389830508474576	0.1105
888	K52	M24	0.08888888888888889	0.0591
889	K52	L92	0.025	0.2566
890	K52	K63	0.1864406779661017	0.0018
891	K52	M02	0.075	0.1811
892	K52	K92	0.10945273631840796	0.0689
893	K52	M19	0.08522727272727272	0.188
894	K52	L13	0.033112582781456956	0.238
895	K52	L27	0.04797047970479705	0.2028
896	K52	P77	0.05825242718446602	0.2814
897	K52	M09	0.06896551724137931	0.1972
898	K52	Y83	0.07692307692307693	0.0688
899	K52	M51	0.024193548387096774	0.2537
900	K52	M13	0.07792207792207792	0.1848
901	K60	B16	0.02727272727272727	0.1605
902	K60	A21	0.0603448275862069	0.017
903	K60	M45	0.018867924528301886	0.2827
904	K60	C84	0.026143790849673203	0.1732
905	K60	C92	0.03125	0.1227
906	K60	C91	0.029411764705882353	0.1389
907	K60	C82	0.02	0.262
908	K60	B67	0.02459016393442623	0.1923
909	K60	C85	0.0196078431372549	0.269
910	K60	B58	0.034482758620689655	0.1043
911	K60	D81	0.029411764705882353	0.2099
912	K60	D75	0.05660377358490566	0.023
913	K60	D47	0.05747126436781609	0.223
914	K60	C94	0.05263157894736842	0.0739
915	K60	Q39	0.09615384615384616	0.0003
916	K60	M35	0.034482758620689655	0.2891
917	K60	L92	0.047619047619047616	0.0733
918	K60	L13	0.03508771929824561	0.2184
919	K60	J17	0.04040404040404041	0.1562
920	N39	C62	0.03776223776223776	0.2404
921	N39	C71	0.037604456824512536	0.2418
922	N39	A64	0.03554987212276215	0.2613
923	N39	D59	0.04897959183673469	0.1572
924	N39	C08	0.037868162692847124	0.2394
925	N39	C25	0.037868162692847124	0.2394
926	N39	C00	0.04241948153967007	0.2015
927	N39	C67	0.04986149584487535	0.152
928	N39	N18	0.034383954154727794	0.2731
929	N39	N41	0.03375527426160337	0.2797
930	N39	K58	0.043795620437956206	0.1913
931	N39	A89	0.03460207612456748	0.2709
932	N39	I25	0.03917525773195876	0.2278
933	N39	C09	0.037868162692847124	0.2394
934	N39	C60	0.037868162692847124	0.2394
935	N39	C32	0.03899721448467967	0.2294
936	N39	C50	0.038408779149519894	0.2346
937	N39	C61	0.039030955585464336	0.2291
938	N39	C10	0.03776223776223776	0.2404
939	N39	C51	0.03765690376569038	0.2413
940	N39	F31	0.034261241970021415	0.2744
941	N39	C49	0.03819918144611187	0.2364
942	N39	C66	0.037868162692847124	0.2394
943	N39	C73	0.0375	0.2428
944	N39	C37	0.037868162692847124	0.2394
945	N39	C23	0.037396121883656507	0.2437
946	N39	N04	0.04180064308681672	0.2063
947	N39	C56	0.038461538461538464	0.2341
948	N39	C74	0.044667274384685506	0.1851
949	N39	K21	0.03537618335824614	0.2631
950	N39	C04	0.037552155771905425	0.2423
951	N39	C54	0.038781163434903045	0.2313
952	N39	C16	0.03924221921515562	0.2273
953	N39	C11	0.03770949720670391	0.2408
954	N39	N17	0.046511627906976744	0.1726
955	N39	B67	0.035483870967741936	0.262
956	N39	C85	0.03225806451612903	0.296
957	N39	H02	0.03556806550665302	0.2612
958	N39	D47	0.03225806451612903	0.296
959	N39	N20	0.03765690376569038	0.089
960	N39	Q61	0.09057971014492754	0.0039
961	N39	D84	0.03319502074688797	0.1557
962	N39	Q14	0.030470914127423823	0.2594
963	N39	N32	0.12345679012345678	0.0136
964	N39	C86	0.043795620437956206	0.2748
965	N39	N08	0.21026894865525672	0.0033
966	N39	N13	0.014545454545454545	0.2003
967	N39	Q69	0.030716723549488054	0.1932
968	N39	C68	0.09606986899563319	0.1901
969	N39	N01	0.012658227848101266	0.1871
970	N39	R80	0.032	0.2934
971	N39	N06	0.032	0.2934
972	A15	J62	0.12	0.0141
973	A15	L52	0.05660377358490566	0.1352
974	A15	K50	0.041666666666666664	0.2296
975	A15	A21	0.04032258064516129	0.2408
976	A15	M86	0.0410958904109589	0.2343
977	A15	D59	0.08064516129032258	0.0575
978	A15	F51	0.034482758620689655	0.2961
979	A15	G50	0.03571428571428571	0.2834
980	A15	M00	0.05511811023622047	0.1425
981	A15	M08	0.10144927536231885	0.0274
982	A15	N18	0.05555555555555555	0.1403
983	A15	A90	0.037037037037037035	0.2705
984	A15	M17	0.0546875	0.1447
985	A15	M32	0.08943089430894309	0.0421
986	A15	J64	0.0375	0.2661
987	A15	K74	0.038834951456310676	0.2538
988	A15	K25	0.04	0.2435
989	A15	M45	0.045871559633027525	0.1978
990	A15	M60	0.05357142857142857	0.1506
991	A15	H46	0.05970149253731343	0.1211
992	A15	A71	0.038461538461538464	0.2572
993	A15	K29	0.057692307692307696	0.1301
994	A15	A30	0.039473684210526314	0.2481
995	A15	L12	0.04081632653061224	0.2366
996	A15	B55	0.04285714285714286	0.2201
997	A15	J60	0.06382978723404255	0.1046
998	A15	G47	0.05454545454545454	0.1454
999	A15	C53	0.0891089108910891	0.0426
1000	A15	J80	0.06153846153846154	0.1135
1001	A15	B54	0.052083333333333336	0.1587
1002	A15	N17	0.036585365853658534	0.2748
1003	A15	I64	0.05714285714285714	0.1326
1004	A15	E31	0.05357142857142857	0.1506
1005	A15	M04	0.046153846153846156	0.1958
1006	A15	K55	0.056338028169014086	0.1365
1007	A15	U07	0.05263157894736842	0.1557
1008	A15	D72	0.03571428571428571	0.2834
1009	A15	J98	0.0755813953488372	0.0689
1010	A15	J66	0.08620689655172414	0.0472
1011	A15	A32	0.02857142857142857	0.1217
1012	A15	E06	0.05263157894736842	0.0408
1013	A15	L88	0.03816793893129771	0.2009
1014	A15	G41	0.040983606557377046	0.2985
1015	A15	M87	0.05263157894736842	0.1241
1016	A15	A49	0.08928571428571429	0.0274
1017	A15	B27	0.02631578947368421	0.2775
1018	A15	E16	0.030303030303030304	0.279
1019	A15	J61	0.07352941176470588	0.1401
1020	A15	J63	0.056338028169014086	0.0554
1021	A15	N12	0.05357142857142857	0.0411
1022	A15	M31	0.02127659574468085	0.2969
1023	A15	E05	0.0425531914893617	0.126
1024	A15	L94	0.03333333333333333	0.2511
1025	A15	P27	0.06451612903225806	0.0709
1026	A15	I22	0.061946902654867256	0.1061
1027	A15	B72	0.03773584905660377	0.1785
1028	A15	F12	0.05405405405405406	0.1058
1029	A15	L30	0.053763440860215055	0.1491
1030	A15	Q96	0.03278688524590164	0.1492
1031	A15	M02	0.06060606060606061	0.2516
1032	A15	L13	0.03333333333333333	0.2357
1033	A15	D41	0.020833333333333332	0.1637
1034	A15	J17	0.02830188679245283	0.2728
1035	A15	L27	0.04564315352697095	0.2192
1036	A15	L87	0.029411764705882353	0.2983
1037	A15	M09	0.06206896551724138	0.232
1038	M46	L52	0.06896551724137931	0.1213
1039	M46	K50	0.13636363636363635	0.0152
1040	M46	J02	0.09090909090909091	0.0618
1041	M46	M10	0.1016949152542373	0.0444
1042	M46	L10	0.06521739130434782	0.1361
1043	M46	D65	0.06896551724137931	0.1213
1044	M46	M86	0.10869565217391304	0.0358
1045	M46	D59	0.05	0.2169
1046	M46	J21	0.05555555555555555	0.183
1047	M46	M00	0.07920792079207921	0.0886
1048	M46	M08	0.0625	0.1479
1049	M46	K27	0.07894736842105263	0.0893
1050	M46	J03	0.1	0.0468
1051	M46	M17	0.0784313725490196	0.0907
1052	M46	I80	0.08	0.0865
1053	M46	L51	0.08	0.0865
1054	M46	A00	0.041666666666666664	0.28
1055	M46	H60	0.12	0.0253
1056	M46	K25	0.06	0.1597
1057	M46	M45	0.3088235294117647	0.0001
1058	M46	F39	0.05970149253731343	0.1612
1059	M46	B34	0.04878048780487805	0.2252
1060	M46	B00	0.08333333333333333	0.078
1061	M46	H46	0.045454545454545456	0.2493
1062	M46	A71	0.07407407407407407	0.1037
1063	M46	I30	0.12903225806451613	0.0191
1064	M46	I63	0.05263157894736842	0.2001
1065	M46	L12	0.04	0.2946
1066	M46	I05	0.08	0.0865
1067	M46	J60	0.08695652173913043	0.0698
1068	M46	B54	0.05555555555555555	0.183
1069	M46	B02	0.05714285714285714	0.1743
1070	M46	I64	0.0425531914893617	0.2725
1071	M46	J35	0.1	0.0468
1072	M46	M04	0.075	0.1008
1073	M46	K76	0.0625	0.1479
1074	M46	K55	0.041666666666666664	0.28
1075	M46	A04	0.10256410256410256	0.0432
1076	M46	K12	0.09302325581395349	0.0579
1077	M46	G03	0.125	0.0217
1078	M46	B49	0.09523809523809523	0.0586
1079	M46	H20	0.04	0.2383
1080	M46	A49	0.058823529411764705	0.0944
1081	M46	J47	0.05555555555555555	0.0358
1082	M46	R21	0.034482758620689655	0.2935
1083	M46	D80	0.09090909090909091	0.0105
1084	M46	P84	0.03125	0.2776
1085	M46	K59	0.09523809523809523	0.0413
1086	M46	M81	0.052083333333333336	0.1574
1087	M46	M67	0.041666666666666664	0.2075
1088	M46	C44	0.03896103896103896	0.2684
1089	M46	N83	0.03333333333333333	0.1188
1090	M46	M35	0.24242424242424243	0.0001
1091	M46	M30	0.10810810810810811	0.081
1092	M46	M77	0.13043478260869565	0.0611
1093	M46	B72	0.034482758620689655	0.2073
1094	M46	D18	0.0625	0.1005
1095	M46	I72	0.03636363636363636	0.2045
1096	M46	M24	0.7083333333333334	0.0
1097	M46	D89	0.03125	0.1136
1098	M46	L92	0.041666666666666664	0.1021
1099	M46	M00-M02	0.041666666666666664	0.1614
1100	M46	B60	0.08695652173913043	0.1969
1101	M46	K63	0.07792207792207792	0.0727
1102	M46	M02	0.07476635514018691	0.1821
1103	M46	M19	0.09836065573770492	0.1453
1104	M46	L13	0.03125	0.2581
1105	M46	G36	0.0625	0.0944
1106	M46	Q30	0.037037037037037035	0.2927
1107	M46	Q37	0.043478260869565216	0.2223
1108	M46	N98	0.07142857142857142	0.1493
1109	M46	M09	0.06611570247933884	0.2109
1110	M46	Y83	0.038461538461538464	0.2651
1111	M46	A26	0.034482758620689655	0.2965
1112	M46	M13	0.07920792079207921	0.1797
1113	I22	J62	0.05	0.1637
1114	I22	G30	0.056910569105691054	0.1274
1115	I22	M10	0.03508771929824561	0.2812
1116	I22	K85	0.0392156862745098	0.2421
1117	I22	D65	0.037037037037037035	0.262
1118	I22	D59	0.04395604395604396	0.2039
1119	I22	N18	0.08152173913043478	0.052
1120	I22	A90	0.037037037037037035	0.262
1121	I22	I25	0.0926517571884984	0.0347
1122	I22	M32	0.04516129032258064	0.1951
1123	I22	I60	0.061946902654867256	0.1061
1124	I22	K74	0.1440677966101695	0.0053
1125	I22	K25	0.0707070707070707	0.0772
1126	I22	J43	0.035398230088495575	0.278
1127	I22	F39	0.04201680672268908	0.2187
1128	I22	B00	0.033707865168539325	0.2956
1129	I22	I50	0.09363295880149813	0.0335
1130	I22	A71	0.0379746835443038	0.2532
1131	I22	I30	0.03529411764705882	0.2791
1132	I22	A40	0.03888888888888889	0.245
1133	I22	I63	0.09411764705882353	0.0329
1134	I22	B55	0.041237113402061855	0.225
1135	I22	I70	0.12935323383084577	0.0091
1136	I22	I05	0.03896103896103896	0.2443
1137	I22	I21	0.07272727272727272	0.0717
1138	I22	J80	0.043010752688172046	0.211
1139	I22	I26	0.056074766355140186	0.1313
1140	I22	B54	0.04878048780487805	0.1711
1141	I22	N17	0.08196721311475409	0.0512
1142	I22	I64	0.14606741573033707	0.0049
1143	I22	K55	0.061855670103092786	0.1064
1144	I22	K12	0.041666666666666664	0.2215
1145	I22	D68	0.03488372093023256	0.2833
1146	I22	U07	0.11392405063291139	0.016
1147	I22	J98	0.03902439024390244	0.2438
1148	I22	J66	0.03409090909090909	0.2915
1149	I22	N08	0.05714285714285714	0.1263
1150	I22	L94	0.046511627906976744	0.1858
1151	I22	M81	0.04054054054054054	0.2307
1152	I22	I81	0.225	0.0
1153	I22	I15	0.056179775280898875	0.1089
1154	I22	K44	0.06622516556291391	0.0382
1155	I22	H80	0.030612244897959183	0.1592
1156	I22	I61	0.08333333333333333	0.0112
1157	I22	M87	0.060240963855421686	0.0916
1158	I22	I12	0.05555555555555555	0.1019
1159	I22	I10	0.041916167664670656	0.1514
1160	I22	N46	0.019736842105263157	0.2726
1161	I22	E78	0.028846153846153848	0.1471
1162	I22	I47	0.027777777777777776	0.2888
1163	I22	E30	0.024691358024691357	0.2655
1164	I22	P61	0.02564102564102564	0.0643
1165	I22	C44	0.05555555555555555	0.153
1166	I22	I27	0.034482758620689655	0.1503
1167	I22	G45	0.05154639175257732	0.2552
1168	I22	O15	0.0625	0.2987
1169	I22	Q25	0.03056768558951965	0.2516
1170	I22	Q90	0.038834951456310676	0.0783
1171	I22	D18	0.03571428571428571	0.2697
1172	I22	I72	0.07741935483870968	0.0337
1173	I22	F12	0.02912621359223301	0.2986
1174	I22	K73	0.03508771929824561	0.1022
1175	I22	Q96	0.02247191011235955	0.2726
1176	I22	O88	0.04672897196261682	0.2926
1177	J18	L52	0.05084745762711865	0.2761
1178	J18	A43	0.07539682539682539	0.1481
1179	J18	N18	0.04878048780487805	0.2909
1180	J18	A70	0.07569721115537849	0.1469
1181	J18	B45	0.07569721115537849	0.1469
1182	J18	B76	0.07569721115537849	0.1469
1183	J18	M45	0.06086956521739131	0.2141
1184	J18	B64	0.07569721115537849	0.1469
1185	J18	A44	0.07569721115537849	0.1469
1186	J18	B79	0.07569721115537849	0.1469
1187	J18	A03	0.07569721115537849	0.1469
1188	J18	A40	0.07037037037037037	0.1682
1189	J18	J22	0.06060606060606061	0.2155
1190	J18	A59	0.07569721115537849	0.1469
1191	J18	B54	0.05	0.2821
1192	J18	J15	0.797752808988764	0.0
1193	J18	M06	0.037296037296037296	0.2754
1194	J18	K22	0.02356020942408377	0.2908
1195	J18	J17	0.03463203463203463	0.2038
1196	J18	N02	0.028871391076115485	0.2032
1197	J15	M02	0.05309734513274336	0.2986
1198	J15	N02	0.02857142857142857	0.2066
1199	M06	C62	0.048109965635738834	0.1894
1200	M06	C71	0.04798628963153385	0.1902
1201	M06	D05	0.09668313338038109	0.0351
1202	M06	E14	0.06519208381839348	0.1047
1203	M06	M16	0.2175824175824176	0.0005
1204	M06	J46	0.04173106646058733	0.2362
1205	M06	A21	0.04046997389033943	0.2468
1206	M06	A64	0.06093273962971643	0.1214
1207	M06	C08	0.04819277108433735	0.1888
1208	M06	C25	0.04819277108433735	0.1888
1209	M06	C00	0.04759141033081834	0.1928
1210	M06	M00	0.10013717421124829	0.0311
1211	M06	M08	0.03910614525139665	0.2587
1212	M06	L93	0.04341926729986431	0.2228
1213	M06	C67	0.05370843989769821	0.156
1214	M06	N18	0.03965303593556382	0.2539
1215	M06	E11	0.05903834449178332	0.1297
1216	M06	E84	0.09543325526932084	0.0366
1217	M06	M17	0.1	0.0313
1218	M06	A89	0.0597591456487162	0.1265
1219	M06	I25	0.035864978902953586	0.2894
1220	M06	C43	0.06252382767823103	0.1149
1221	M06	M32	0.0650730411686587	0.1052
1222	M06	C09	0.04819277108433735	0.1888
1223	M06	C60	0.04819277108433735	0.1888
1224	M06	A39	0.10732879455346415	0.0242
1225	M06	C32	0.04974271012006861	0.179
1226	M06	C50	0.04838709677419355	0.1876
1227	M06	C61	0.05218855218855219	0.1644
1228	M06	C10	0.048109965635738834	0.1894
1229	M06	E66	0.03993055555555555	0.2514
1230	M06	M45	0.042666666666666665	0.2287
1231	M06	C51	0.05073086844368014	0.1729
1232	M06	C49	0.05	0.1774
1233	M06	C66	0.04819277108433735	0.1888
1234	M06	M05	0.10121836925960637	0.03
1235	M06	A19	0.09742441209406495	0.0342
1236	M06	C73	0.04790419161676647	0.1907
1237	M06	C37	0.04819277108433735	0.1888
1238	M06	C23	0.04871794871794872	0.1854
1239	M06	C56	0.048428207306711976	0.1873
1240	M06	C74	0.0511326860841424	0.1706
1241	M06	K51	0.08382245047688922	0.0548
1242	M06	K21	0.061869844179651697	0.1175
1243	M06	C04	0.04884318766066838	0.1846
1244	M06	C54	0.04778156996587031	0.1916
1245	M06	C16	0.05325443786982249	0.1585
1246	M06	C11	0.04896907216494845	0.1838
1247	M06	E10	0.07120743034055728	0.085
1248	M06	N87	0.050199203187251	0.1762
1249	M06	G35	0.07020872865275142	0.088
1250	M06	E00	0.044530493707647625	0.2144
1251	M06	H02	0.06096131301289566	0.1213
1252	M06	K04	0.07427937915742794	0.0764
1253	M06	C40	0.04819277108433735	0.1888
1254	M06	C26	0.051926298157453935	0.1659
1255	M06	C63	0.05	0.1774
1256	M06	C30	0.05139882888744307	0.169
1257	M06	N08	0.040641711229946524	0.2453
1258	M06	C34	0.04764671702498547	0.1925
1259	M06	C31	0.04764671702498547	0.1925
1260	M06	L88	0.029449423815621	0.2902
1261	M06	D81	0.023653088042049936	0.2853
1262	M06	B25	0.026785714285714284	0.208
1263	M06	D83	0.02445302445302445	0.2529
1264	M06	F90	0.03248136315228967	0.2848
1265	M06	M33	0.07675111773472429	0.0653
1266	M06	Q21	0.04908747640025173	0.0487
1267	M06	Q05	0.036729036729036726	0.2963
1268	M06	E03	0.031055900621118012	0.2699
1269	M06	K22	0.04617117117117117	0.0885
1270	M06	M02	0.10231923601637108	0.097
1271	M06	M19	0.11455525606469003	0.1056
1272	M06	E08-E13	0.061274509803921566	0.1351
1273	M06	Q67	0.02877070619006103	0.2674
1274	M06	D16	0.0488390712570056	0.1861
1275	M06	G05	0.09747899159663866	0.1262
1276	M06	G63	0.09777777777777778	0.0919
1277	M06	I48	0.033769813921433495	0.2269
1278	M06	G01*	0.09747899159663866	0.1262
1279	M06	N02	0.0231023102310231	0.2798
1280	M06	M09	0.10335570469798658	0.0874
1281	M06	A17	0.09747899159663866	0.1262
1282	M06	G07*	0.09747899159663866	0.1262
1283	M06	E02	0.0497131931166348	0.1724
1284	M06	M13	0.10013717421124829	0.114
1285	M06	B90	0.09747899159663866	0.1262
1286	K22	C62	0.027065527065527065	0.2419
1287	K22	C71	0.025495750708215296	0.2627
1288	K22	D05	0.03490678302261008	0.1601
1289	K22	M16	0.03746654772524532	0.14
1290	K22	A43	0.0231023102310231	0.2979
1291	K22	C08	0.025677603423680456	0.2602
1292	K22	C25	0.025677603423680456	0.2602
1293	K22	K27	0.026200873362445413	0.2531
1294	K22	C67	0.026462395543175487	0.2497
1295	K22	E84	0.03547169811320755	0.1555
1296	K22	A70	0.023178807947019868	0.2967
1297	K22	C09	0.025677603423680456	0.2602
1298	K22	C60	0.025677603423680456	0.2602
1299	K22	B45	0.023178807947019868	0.2967
1300	K22	A39	0.023024830699774266	0.2991
1301	K22	C32	0.02545968882602546	0.2632
1302	K22	C50	0.026499302649930265	0.2492
1303	K22	C61	0.027359781121751026	0.2382
1304	K22	K25	0.024896265560165973	0.2711
1305	K22	B76	0.023178807947019868	0.2967
1306	K22	C10	0.027065527065527065	0.2419
1307	K22	B64	0.023178807947019868	0.2967
1308	K22	C51	0.02553191489361702	0.2622
1309	K22	C49	0.026352288488210817	0.2511
1310	K22	A44	0.023178807947019868	0.2967
1311	K22	C66	0.025677603423680456	0.2602
1312	K22	B79	0.023178807947019868	0.2967
1313	K22	A03	0.023178807947019868	0.2967
1314	K22	A19	0.028873239436619718	0.22
1315	K22	C73	0.025423728813559324	0.2637
1316	K22	C37	0.025677603423680456	0.2602
1317	K22	C23	0.02679830747531735	0.2453
1318	K22	C56	0.029411764705882353	0.2138
1319	K22	C74	0.02459016393442623	0.2755
1320	K22	K51	0.023264611310762247	0.2954
1321	K22	C04	0.02545968882602546	0.2632
1322	K22	C54	0.02531645569620253	0.2652
1323	K22	J22	0.02527075812274368	0.2658
1324	K22	C16	0.030344827586206897	0.2036
1325	K22	C11	0.02556818181818182	0.2617
1326	K22	A59	0.023178807947019868	0.2967
1327	K22	N87	0.04597701149425287	0.0894
1328	K22	K04	0.0467706013363029	0.0857
1329	K22	D12	0.04961832061068702	0.0738
1330	K22	J98	0.02608695652173913	0.2547
1331	K22	C40	0.025677603423680456	0.2602
1332	K22	C26	0.023651145602365115	0.2894
1333	K22	C63	0.027777777777777776	0.233
1334	K22	C30	0.02383134738771769	0.2867
1335	K22	N08	0.023758099352051837	0.2878
1336	K22	C44	0.026217228464419477	0.2529
1337	K22	M33	0.0350109409190372	0.2893
1338	K22	Q45	0.024305555555555556	0.2461
1339	K22	Q67	0.027149321266968326	0.2881
1340	K22	D16	0.04645161290322581	0.2021
1341	J17	A21	0.12307692307692308	0.0034
1342	J17	A43	0.05333333333333334	0.086
1343	J17	J03	0.0273972602739726	0.2844
1344	J17	A70	0.053691275167785234	0.0846
1345	J17	M32	0.027210884353741496	0.2868
1346	J17	I60	0.02830188679245283	0.2728
1347	J17	B45	0.053691275167785234	0.0846
1348	J17	B76	0.053691275167785234	0.0846
1349	J17	M45	0.031496062992125984	0.2355
1350	J17	B64	0.053691275167785234	0.0846
1351	J17	A44	0.053691275167785234	0.0846
1352	J17	B79	0.053691275167785234	0.0846
1353	J17	A03	0.053691275167785234	0.0846
1354	J17	J22	0.047619047619047616	0.112
1355	J17	A59	0.053691275167785234	0.0846
1356	J17	B54	0.03508771929824561	0.1996
1357	J17	B67	0.0962962962962963	0.0117
1358	J17	J35	0.0273972602739726	0.2844
1359	J17	J84	0.1223021582733813	0.0035
1360	J17	J98	0.035897435897435895	0.1923
1361	J17	P27	0.02654867256637168	0.2957
1362	J17	D35	0.03361344537815126	0.2136
1363	J17	B58	0.05063291139240506	0.0356
1364	J17	E06	0.02666666666666667	0.1994
1365	J17	L88	0.11678832116788321	0.0071
1366	J17	B06	0.03787878787878788	0.2056
1367	J17	D81	0.03225806451612903	0.1803
1368	J17	B44	0.06578947368421052	0.2561
1369	J17	B05	0.03787878787878788	0.2056
1370	J17	E83	0.03676470588235294	0.181
1371	J17	M89	0.046948356807511735	0.1369
1372	J17	Q41	0.04716981132075472	0.0867
1373	J17	P24	0.2465753424657534	0.0
1374	J17	Q90	0.02127659574468085	0.2494
1375	J17	D17	0.025	0.2093
1376	J17	L13	0.08461538461538462	0.025
1377	J17	Q30	0.04477611940298507	0.2262
1378	J17	P56	0.028169014084507043	0.2382
1379	N02	B16	0.024822695035460994	0.2544
1380	N02	L10	0.025210084033613446	0.249
1381	N02	J46	0.036585365853658534	0.1323
1382	N02	M00	0.034013605442176874	0.1527
1383	N02	M17	0.03389830508474576	0.1537
1384	N02	M32	0.034013605442176874	0.1527
1385	N02	M05	0.0578125	0.0404
1386	N02	A19	0.025245441795231416	0.2485
1387	N02	E00	0.04121863799283154	0.1022
1388	N02	M02	0.03333333333333333	0.1586
1389	N02	M19	0.03134796238244514	0.1771
1390	N02	G05	0.02526315789473684	0.2482
1391	N02	G63	0.024965325936199722	0.2524
1392	N02	L27	0.024271844660194174	0.2622
1393	N02	G01*	0.02526315789473684	0.2482
1394	N02	E02	0.03986135181975736	0.2445
1395	G43	F33	0.13211382113821138	0.1706
1396	G43	F20	0.10906040268456375	0.1167
1397	G43	M16	0.050117462803445575	0.1812
1398	G43	J46	0.03112449799196787	0.2785
1399	G43	I13	0.03850782190132371	0.2874
1400	G43	F42	0.12	0.2706
1401	G43	N18	0.06147540983606557	0.2884
1402	G43	E11	0.03576642335766423	0.2996
1403	G43	I11	0.03942652329749104	0.2866
1404	G43	I25	0.06612903225806452	0.206
1405	G43	G44	0.0660377358490566	0.0118
1406	G43	E66	0.10037641154328733	0.0796
1407	G43	F31	0.0958904109589041	0.1486
1408	G43	F29	0.042735042735042736	0.1873
1409	G43	G40	0.08322981366459627	0.1675
1410	G43	K57	0.024216524216524215	0.2016
1411	G43	H26	0.0858085808580858	0.1467
1412	G43	M54	0.13537117903930132	0.1475
1413	G43	F25	0.0992063492063492	0.2188
1414	G43	H40	0.10493827160493827	0.1422
1415	G43	F90	0.04792746113989637	0.1565
1416	G43	N17	0.061601642710472276	0.2868
1417	G43	G35	0.04258555133079848	0.2008
1418	G43	G25	0.031135531135531136	0.2009
1419	G43	Q21	0.02047005307050796	0.2874
1420	G43	N08	0.06188925081433225	0.188
1421	G43	G80	0.13043478260869565	0.2151
1422	G43	G93	0.06805708013172337	0.1775
1423	G43	I67	0.03832335329341317	0.2929
1424	G43	F10	0.04719101123595506	0.2701
1425	G43	G96	0.0594855305466238	0.2913
1426	G43	F53	0.05747126436781609	0.1114
1427	G43	K64	0.06433823529411764	0.1828
1428	G43	I48	0.036939313984168866	0.1974
1429	G43	R04	0.11441647597254005	0.2673
1430	G43	I62	0.11441647597254005	0.2673
1431	G43	F05	0.1073170731707317	0.2861
1432	G43	I23	0.04220779220779221	0.163
1433	F33	N19	0.1324200913242009	0.1699
1434	F33	F20	0.42574257425742573	0.0033
1435	F33	M16	0.1108891108891109	0.2268
1436	F33	A43	0.22748815165876776	0.0474
1437	F33	F51	0.18181818181818182	0.0876
1438	F33	N18	0.11583011583011583	0.2122
1439	F33	A90	0.10989010989010989	0.2298
1440	F33	A70	0.22857142857142856	0.0467
1441	F33	I25	0.2818991097922849	0.0228
1442	F33	I60	0.1111111111111111	0.2261
1443	F33	B45	0.22857142857142856	0.0467
1444	F33	B76	0.22857142857142856	0.0467
1445	F33	E66	0.25338491295938104	0.0334
1446	F33	F39	0.11458333333333333	0.2158
1447	F33	B64	0.22857142857142856	0.0467
1448	F33	J32	0.23809523809523808	0.0411
1449	F33	F31	0.3654485049833887	0.0074
1450	F33	A44	0.22857142857142856	0.0467
1451	F33	B79	0.22857142857142856	0.0467
1452	F33	A03	0.22857142857142856	0.0467
1453	F33	I50	0.22435897435897437	0.0494
1454	F33	A95	0.11235955056179775	0.2224
1455	F33	A40	0.39195979899497485	0.0052
1456	F33	M54	0.28761061946902655	0.0211
1457	F33	I70	0.25296442687747034	0.0336
1458	F33	J22	0.24598930481283424	0.0369
1459	F33	A59	0.22857142857142856	0.0467
1460	F33	L70	0.23310810810810811	0.0439
1461	F33	N17	0.125	0.1877
1462	F33	K02	0.09467455621301775	0.2818
1463	F33	A68	0.10674157303370786	0.2397
1464	F33	K12	0.09826589595375723	0.2686
1465	F33	A93	0.10674157303370786	0.2397
1466	F33	A25	0.10674157303370786	0.2397
1467	F33	A01	0.10555555555555556	0.2436
1468	F33	I00-I02	0.09569377990430622	0.278
1469	F33	L73	0.2696078431372549	0.0269
1470	F33	A96	0.10382513661202186	0.2493
1471	F33	I00	0.0975609756097561	0.2711
1472	F33	I01	0.09268292682926829	0.2894
1473	F33	D35	0.10891089108910891	0.2329
1474	F33	P36	0.39195979899497485	0.0052
1475	F33	R04	0.27722772277227725	0.0243
1476	F33	S06	0.30726256983240224	0.0162
1477	F33	A97	0.10555555555555556	0.2436
1478	F33	A88	0.22857142857142856	0.0467
1479	F33	A94	0.11235955056179775	0.2224
1480	F33	I62	0.27722772277227725	0.0243
1481	F33	B09	0.22857142857142856	0.0467
1482	F33	F05	0.2784090909090909	0.0239
1483	F33	A08	0.22857142857142856	0.0467
1484	F33	F99	0.09747292418772563	0.2714
1485	F33	I95	0.25133689839572193	0.0344
1486	F33	L29	0.2057142857142857	0.0635
1487	F33	D06	0.10699588477366255	0.2389
1488	F33	K70	0.31693989071038253	0.0072
1489	F33	K30	0.10119047619047619	0.1568
1490	F33	F32	0.042682926829268296	0.0815
1491	F33	F42	0.2032967032967033	0.1089
1492	F33	A37	0.2619047619047619	0.12
1493	F33	E51	0.30177514792899407	0.0722
1494	F33	F79	0.025974025974025976	0.2895
1495	F33	F29	0.11158798283261803	0.0123
1496	F33	L83	0.3	0.0741
1497	F33	G40	0.18853974121996303	0.0173
1498	F33	H26	0.10852713178294573	0.0882
1499	F33	D25	0.051470588235294115	0.2786
1500	F33	N23	0.12790697674418605	0.256
1501	F33	F23	0.04395604395604396	0.2621
1502	F33	F50	0.12195121951219512	0.0772
1503	F33	F25	0.4976958525345622	0.0005
1504	F33	I46	0.0778688524590164	0.1388
1505	F33	F52	0.05389221556886228	0.2289
1506	F33	H40	0.14925373134328357	0.0623
1507	F33	F90	0.04044943820224719	0.2091
1508	F33	I84	0.15121951219512195	0.0887
1509	F33	G25	0.040498442367601244	0.1236
1510	F33	I49	0.02857142857142857	0.2593
1511	F33	G31	0.09053497942386832	0.131
1512	F33	F17	0.03508771929824561	0.234
1513	F33	G71	0.16666666666666666	0.0676
1514	F33	K13	0.29651162790697677	0.041
1515	F33	O00	0.5494505494505495	0.0009
1516	F33	R73	0.30057803468208094	0.0472
1517	F33	G80	0.2193877551020408	0.0752
1518	F33	J96	0.043478260869565216	0.2111
1519	F33	F11	0.05027932960893855	0.1539
1520	F33	G93	0.053824362606232294	0.255
1521	F33	O24	0.1863799283154122	0.0521
1522	F33	N50	0.10784313725490197	0.2245
1523	F33	G57	0.042682926829268296	0.2982
1524	F33	K72	0.19662921348314608	0.1131
1525	F33	P22	0.1043956043956044	0.2485
1526	F33	N91	0.2982456140350877	0.0571
1527	F33	M75	0.04926108374384237	0.2858
1528	F33	M14	0.15428571428571428	0.1752
1529	F33	F41	0.0784313725490196	0.1901
1530	F33	M79	0.07058823529411765	0.1145
1531	F33	F09	0.07142857142857142	0.0779
1532	F33	F10	0.10747663551401869	0.0503
1533	F33	F12	0.031578947368421054	0.2697
1534	F33	F98	0.1286549707602339	0.0191
1535	F33	C64	0.0821917808219178	0.1406
1536	F33	F81	0.0411522633744856	0.2435
1537	F33	M48	0.09142857142857143	0.0999
1538	F33	K64	0.09717868338557993	0.0765
1539	F33	P96	0.041666666666666664	0.1653
1540	F33	O99	0.03180212014134275	0.2249
1541	F33	Y14	0.10240963855421686	0.2821
1542	F33	T30	0.10309278350515463	0.2495
1543	F33	T09	0.07729468599033816	0.2948
1544	F33	R57	0.14367816091954022	0.2143
1545	F33	M07	0.16071428571428573	0.1971
1546	F20	N19	0.0764525993883792	0.2221
1547	F20	C62	0.06611570247933884	0.2723
1548	F20	C71	0.06584362139917696	0.2737
1549	F20	E14	0.07872174590802807	0.2124
1550	F20	F99	0.12396694214876033	0.0312
1551	F20	K70	0.1896551724137931	0.0533
1552	F20	I95	0.1342281879194631	0.2371
1553	F20	M16	0.09945750452079566	0.0335
1554	F20	A43	0.1308411214953271	0.2692
1555	F20	F51	0.1223021582733813	0.2778
1556	F20	K30	0.07037037037037037	0.2762
1557	F20	F42	0.1413427561837456	0.2144
1558	F20	G10	0.023255813953488372	0.2814
1559	F20	N18	0.09166666666666666	0.1564
1560	F20	E11	0.08739495798319327	0.0524
1561	F20	A70	0.13125	0.2712
1562	F20	K58	0.06	0.237
1563	F20	I25	0.19910514541387025	0.0085
1564	F20	E51	0.18681318681318682	0.1985
1565	F20	F79	0.03333333333333333	0.2035
1566	F20	I60	0.09027777777777778	0.2515
1567	F20	B45	0.13125	0.2712
1568	F20	B76	0.13125	0.2712
1569	F20	E66	0.23076923076923078	0.0029
1570	F20	F39	0.07796610169491526	0.0722
1571	F20	B64	0.13125	0.2712
1572	F20	G20	0.024390243902439025	0.2943
1573	F20	G41	0.060790273556231005	0.1661
1574	F20	F31	0.39945652173913043	0.0003
1575	F20	A44	0.13125	0.2712
1576	F20	B79	0.13125	0.2712
1577	F20	A03	0.13125	0.2712
1578	F20	F29	0.11009174311926606	0.013
1579	F20	I50	0.1882640586797066	0.007
1580	F20	L83	0.18613138686131386	0.2009
1581	F20	G40	0.19329073482428116	0.0156
1582	F20	H26	0.08333333333333333	0.1551
1583	F20	A40	0.27	0.021
1584	F20	M54	0.16176470588235295	0.1015
1585	F20	F23	0.09293680297397769	0.0584
1586	F20	F50	0.07063197026022305	0.2277
1587	F20	I70	0.19943019943019943	0.0056
1588	F20	J22	0.13468013468013468	0.2853
1589	F20	F25	0.4065573770491803	0.0019
1590	F20	E10	0.0899830220713073	0.0452
1591	F20	I46	0.05459770114942529	0.2508
1592	F20	A59	0.13125	0.2712
1593	F20	H40	0.10160427807486631	0.1514
1594	F20	L70	0.1725	0.0151
1595	F20	F90	0.06566738044254104	0.0785
1596	F20	N17	0.08587257617728532	0.1751
1597	F20	G35	0.07321274763135228	0.0631
1598	F20	I84	0.08974358974358974	0.2379
1599	F20	G25	0.0330188679245283	0.1822
1600	F20	G31	0.06340057636887608	0.242
1601	F20	F17	0.03343465045592705	0.2507
1602	F20	G71	0.12771084337349398	0.1278
1603	F20	K13	0.19343065693430658	0.1257
1604	F20	K04	0.043912175648702596	0.2326
1605	F20	O00	0.3219178082191781	0.0169
1606	F20	J98	0.06266318537859007	0.232
1607	F20	R73	0.20072992700729927	0.1315
1608	F20	N08	0.09563409563409564	0.0754
1609	F20	G80	0.14333333333333334	0.1847
1610	F20	F11	0.050359712230215826	0.1534
1611	F20	G93	0.07750952986022872	0.1395
1612	F20	O24	0.14473684210526316	0.1016
1613	F20	Q25	0.03365384615384615	0.2188
1614	F20	N91	0.18545454545454546	0.1704
1615	F20	M79	0.047619047619047616	0.2322
1616	F20	F09	0.10461538461538461	0.0236
1617	F20	F10	0.11437908496732026	0.0415
1618	F20	F12	0.05263157894736842	0.1122
1619	F20	L73	0.17096774193548386	0.0341
1620	F20	F98	0.07608695652173914	0.0973
1621	F20	C41	0.06659505907626208	0.2996
1622	F20	C64	0.05263157894736842	0.2851
1623	F20	G96	0.06422836752899197	0.2639
1624	F20	F81	0.0469208211143695	0.1997
1625	F20	E08-E13	0.08523206751054853	0.0616
1626	F20	F53	0.04970414201183432	0.1501
1627	F20	K64	0.06572769953051644	0.1762
1628	F20	P96	0.029069767441860465	0.2855
1629	F20	I48	0.02829268292682927	0.2888
1630	F20	P36	0.27	0.021
1631	F20	R04	0.14556962025316456	0.1865
1632	F20	S06	0.15358361774744028	0.2257
1633	F20	A88	0.13125	0.2712
1634	F20	I62	0.14556962025316456	0.1865
1635	F20	B09	0.13125	0.2712
1636	F20	F05	0.15845070422535212	0.1573
1637	F20	A08	0.13125	0.2712
1638	M16	C62	0.05286024619840695	0.165
1639	M16	C71	0.052745664739884394	0.1656
1640	M16	D05	0.10006583278472679	0.0328
1641	M16	E14	0.09962706446457112	0.0333
1642	M16	E11	0.10217755443886097	0.0317
1643	M16	E84	0.09578344612181156	0.0204
1644	M16	I25	0.11355311355311355	0.0661
1645	M16	C43	0.07089684509039348	0.1346
1646	M16	A39	0.08462929475587704	0.0954
1647	M16	E66	0.11526479750778816	0.0546
1648	M16	F31	0.0963302752293578	0.1473
1649	M16	A19	0.06920077972709551	0.2305
1650	M16	I50	0.08263695450324977	0.1144
1651	M16	G40	0.07860922146636433	0.185
1652	M16	A40	0.09156378600823045	0.2709
1653	M16	K51	0.08323047081643449	0.046
1654	M16	I70	0.08366141732283465	0.1146
1655	M16	E10	0.1052335396736072	0.0267
1656	M16	N87	0.06155950752393981	0.1222
1657	M16	L70	0.07383177570093458	0.1673
1658	M16	F90	0.047228915662650604	0.1608
1659	M16	G35	0.06350082827167311	0.0911
1660	M16	M33	0.05200501253132832	0.158
1661	M16	Q21	0.05318559556786703	0.0376
1662	M16	K04	0.053415061295971976	0.1695
1663	M16	Q05	0.03903903903903904	0.2743
1664	M16	O00	0.1012396694214876	0.2781
1665	M16	M89	0.028783658310120707	0.2962
1666	M16	N08	0.049565217391304345	0.2623
1667	M16	E08-E13	0.10016787912702854	0.0378
1668	M16	Q67	0.028363636363636365	0.2724
1669	M16	D43	0.05161290322580645	0.2141
1670	M16	D16	0.061898211829436035	0.1184
1671	M16	G05	0.06923451974646513	0.2302
1672	M16	G63	0.07177497575169738	0.1737
1673	M16	I48	0.04081632653061224	0.1664
1674	M16	G01*	0.06923451974646513	0.2302
1675	M16	P36	0.09156378600823045	0.2709
1676	M16	A17	0.06923451974646513	0.2302
1677	M16	G07*	0.06923451974646513	0.2302
1678	M16	B90	0.06923451974646513	0.2302
1679	J46	C62	0.03074141048824593	0.2829
1680	J46	C71	0.030658250676284943	0.2838
1681	J46	D05	0.03239004432321855	0.2643
1682	J46	E14	0.031231585150265175	0.2772
1683	J46	K20	0.020486555697823303	0.2625
1684	J46	M05	0.08094768015794669	0.061
1685	J46	G35	0.041343669250646	0.2104
1686	J46	Z88	0.04665629860031104	0.1573
1687	J46	E00	0.0650319829424307	0.0931
1688	J46	H52	0.030597014925373135	0.2898
1689	J46	R82	0.04011259676284307	0.1861
1690	J46	F53	0.03553719008264463	0.2581
1691	J46	E02	0.06708595387840671	0.093
1692	J46	I23	0.031705227077977724	0.2564
1693	I13	I11	0.9853249475890985	0.0
1694	I13	K57	0.027096774193548386	0.1663
1695	I13	I10	0.06343283582089553	0.0568
1696	I13	Q61	0.046966731898238745	0.0584
1697	I13	I67	0.9915611814345991	-0.0
1698	I13	R82	0.04868316041500399	0.1297
1699	I13	F53	0.03418803418803419	0.2718
1700	I13	I48	0.03544929925803792	0.2108
1701	I13	I23	0.06666666666666667	0.0565
1702	F42	N19	0.15833333333333333	0.178
1703	F42	M86	0.13333333333333333	0.2339
1704	F42	A43	0.21951219512195122	0.0912
1705	F42	F51	0.39436619718309857	0.0134
1706	F42	N18	0.11801242236024845	0.2765
1707	F42	A90	0.2077922077922078	0.1037
1708	F42	A70	0.22131147540983606	0.0894
1709	F42	I60	0.20238095238095238	0.11
1710	F42	B45	0.22131147540983606	0.0894
1711	F42	B76	0.22131147540983606	0.0894
1712	F42	B64	0.22131147540983606	0.0894
1713	F42	J32	0.3020833333333333	0.0369
1714	F42	F31	0.15267175572519084	0.1894
1715	F42	A44	0.22131147540983606	0.0894
1716	F42	B79	0.22131147540983606	0.0894
1717	F42	A03	0.22131147540983606	0.0894
1718	F42	A95	0.2191780821917808	0.0915
1719	F42	A38	0.11347517730496454	0.2906
1720	F42	A40	0.12	0.2706
1721	F42	M54	0.23809523809523808	0.0744
1722	F42	J22	0.27835051546391754	0.0479
1723	F42	A59	0.22131147540983606	0.0894
1724	F42	N17	0.12578616352201258	0.254
1725	F42	A68	0.2222222222222222	0.0885
1726	F42	K12	0.14084507042253522	0.2155
1727	F42	A93	0.2222222222222222	0.0885
1728	F42	A25	0.2222222222222222	0.0885
1729	F42	M70	0.16666666666666666	0.1625
1730	F42	A01	0.21621621621621623	0.0945
1731	F42	I00-I02	0.15384615384615385	0.187
1732	F42	M71	0.16666666666666666	0.1625
1733	F42	G95	0.16129032258064516	0.1724
1734	F42	A96	0.2077922077922078	0.1037
1735	F42	I00	0.16	0.1748
1736	F42	I01	0.16161616161616163	0.1718
1737	F42	P36	0.12	0.2706
1738	F42	R04	0.23140495867768596	0.0801
1739	F42	S06	0.32978723404255317	0.0272
1740	F42	A97	0.21621621621621623	0.0945
1741	F42	A88	0.22131147540983606	0.0894
1742	F42	A94	0.2191780821917808	0.0915
1743	F42	J90	0.16129032258064516	0.1724
1744	F42	I62	0.23140495867768596	0.0801
1745	F42	B09	0.22131147540983606	0.0894
1746	F42	J91	0.16129032258064516	0.1724
1747	F42	F05	0.2608695652173913	0.058
1748	F42	A08	0.22131147540983606	0.0894
1749	F42	I95	0.3157894736842105	0.0317
1750	F42	L29	0.3783783783783784	0.0159
1751	F42	K37	0.14925373134328357	0.1966
1752	F42	J81	0.12903225806451613	0.2452
1753	F42	K65	0.27586206896551724	0.0492
1754	F42	D06	0.1267605633802817	0.2513
1755	F42	K35	0.15151515151515152	0.1918
1756	F42	M65	0.17857142857142858	0.1427
1757	F42	D77	0.14285714285714285	0.2108
1758	F42	L45	0.14285714285714285	0.2108
1759	F42	M68	0.14285714285714285	0.2108
1760	F42	G55	0.14285714285714285	0.2108
1761	F42	G94	0.14285714285714285	0.2108
1762	F42	H94	0.14285714285714285	0.2108
1763	F42	I98	0.14285714285714285	0.2108
1764	F42	M90	0.14285714285714285	0.2108
1765	F42	N33	0.14285714285714285	0.2108
1766	F42	K23	0.14285714285714285	0.2108
1767	F42	H45	0.14285714285714285	0.2108
1768	F42	N29	0.14285714285714285	0.2108
1769	F42	K77	0.14285714285714285	0.2108
1770	F42	M73	0.14285714285714285	0.2108
1771	F42	K93	0.14285714285714285	0.2108
1772	F42	H06	0.14285714285714285	0.2108
1773	F42	G32	0.14285714285714285	0.2108
1774	F42	N22	0.14285714285714285	0.2108
1775	F42	H36	0.14285714285714285	0.2108
1776	F42	H48	0.14285714285714285	0.2108
1777	F42	H22	0.14285714285714285	0.2108
1778	F42	N37	0.14285714285714285	0.2108
1779	F42	H62	0.14285714285714285	0.2108
1780	F42	I79	0.14285714285714285	0.2108
1781	F42	L14	0.14285714285714285	0.2108
1782	F42	H58	0.14285714285714285	0.2108
1783	F42	H03	0.14285714285714285	0.2108
1784	F42	L86	0.14285714285714285	0.2108
1785	F42	N51	0.14285714285714285	0.2108
1786	F42	M63	0.14285714285714285	0.2108
1787	F42	K87	0.14285714285714285	0.2108
1788	F42	M49	0.14285714285714285	0.2108
1789	F42	I52	0.14285714285714285	0.2108
1790	F42	H75	0.14285714285714285	0.2108
1791	F42	A37	0.35526315789473684	0.0562
1792	F42	K41	0.18085106382978725	0.0875
1793	F42	K40	0.1650485436893204	0.089
1794	F42	K81	0.14925373134328357	0.2523
1795	F42	F79	0.03225806451612903	0.2143
1796	F42	G20	0.025	0.2854
1797	F42	K80	0.07746478873239436	0.1887
1798	F42	G41	0.10569105691056911	0.0438
1799	F42	F29	0.056338028169014086	0.1096
1800	F42	K42	0.23943661971830985	0.0723
1801	F42	F91	0.18181818181818182	0.0853
1802	F42	G40	0.08536585365853659	0.1599
1803	F42	H26	0.0958904109589041	0.117
1804	F42	D25	0.06626506024096386	0.1928
1805	F42	N23	0.13333333333333333	0.2416
1806	F42	F23	0.0945945945945946	0.0555
1807	F42	F50	0.11940298507462686	0.0815
1808	F42	F40	0.03389830508474576	0.2269
1809	F42	F25	0.1368421052631579	0.1227
1810	F42	I46	0.07692307692307693	0.1422
1811	F42	K46	0.18085106382978725	0.0875
1812	F42	F52	0.08064516129032258	0.1096
1813	F42	H40	0.267515923566879	0.0068
1814	F42	I84	0.10434782608695652	0.1883
1815	F42	Q93	0.029850746268656716	0.1442
1816	F42	F17	0.032520325203252036	0.2605
1817	F42	J85	0.06140350877192982	0.255
1818	F42	D26	0.2909090909090909	0.0769
1819	F42	O00	0.2097902097902098	0.0702
1820	F42	Q54	0.08849557522123894	0.1711
1821	F42	R41	0.125	0.1529
1822	F42	G80	0.4772727272727273	0.0035
1823	F42	H27	0.10191082802547771	0.1475
1824	F42	F11	0.0821917808219178	0.0465
1825	F42	H74	0.27586206896551724	0.0755
1826	F42	N50	0.15841584158415842	0.1111
1827	F42	K72	0.18181818181818182	0.1334
1828	F42	P22	0.21052631578947367	0.0599
1829	F42	N34	0.125	0.1554
1830	F42	M14	0.14814814814814814	0.1878
1831	F42	F41	0.14432989690721648	0.0466
1832	F42	M79	0.15873015873015872	0.0075
1833	F42	F09	0.07352941176470588	0.0723
1834	F42	F10	0.13274336283185842	0.0248
1835	F42	F12	0.06097560975609756	0.0792
1836	F42	N88	0.17857142857142858	0.2983
1837	F42	F98	0.07692307692307693	0.0948
1838	F42	C64	0.08376963350785341	0.1354
1839	F42	T79	0.17857142857142858	0.2967
1840	F42	N84	0.2909090909090909	0.0769
1841	F42	K64	0.05240174672489083	0.2507
1842	F42	P96	0.029197080291970802	0.2839
1843	F42	O90	0.05084745762711865	0.1665
1844	F42	Y14	0.15625	0.1447
1845	F42	T30	0.10526315789473684	0.2423
1846	F42	T09	0.09615384615384616	0.2186
1847	F42	R57	0.25	0.0682
1848	F42	F02	0.14705882352941177	0.2621
1849	F42	G20+	0.15873015873015872	0.2976
1850	F42	M07	0.16216216216216217	0.1943
1851	F42	K45	0.18085106382978725	0.0875
1852	F42	K61	0.125	0.1554
1853	F42	L55	0.06578947368421052	0.2264
1854	F42	K36	0.15625	0.2759
1855	N18	N19	0.4413793103448276	0.0001
1856	N18	M10	0.06289308176100629	0.2802
1857	N18	A43	0.17647058823529413	0.0279
1858	N18	F51	0.1118421052631579	0.1038
1859	N18	C67	0.060655737704918035	0.2932
1860	N18	I95	0.16071428571428573	0.1784
1861	N18	J81	0.08527131782945736	0.2117
1862	N18	D06	0.11650485436893204	0.177
1863	N18	E11	0.0482695810564663	0.1965
1864	N18	A90	0.13194444444444445	0.2685
1865	N18	A70	0.1774193548387097	0.1712
1866	N18	K58	0.08024691358024691	0.1455
1867	N18	I25	0.17664670658682635	0.0145
1868	N18	M32	0.05970149253731343	0.1604
1869	N18	I60	0.16326530612244897	0.0821
1870	N18	B45	0.1774193548387097	0.1712
1871	N18	K44	0.0392156862745098	0.1455
1872	N18	I61	0.026490066225165563	0.2425
1873	N18	K74	0.056818181818181816	0.0634
1874	N18	B76	0.1774193548387097	0.1712
1875	N18	J43	0.043478260869565216	0.2248
1876	N18	E66	0.09927797833935018	0.0818
1877	N18	B64	0.1774193548387097	0.1712
1878	N18	G41	0.08421052631578947	0.083
1879	N18	J32	0.14705882352941177	0.2327
1880	N18	F31	0.09734513274336283	0.1443
1881	N18	A44	0.1774193548387097	0.1712
1882	N18	B79	0.1774193548387097	0.1712
1883	N18	A03	0.1774193548387097	0.1712
1884	N18	I50	0.11726384364820847	0.046
1885	N18	A95	0.1357142857142857	0.2797
1886	N18	A38	0.10194174757281553	0.1548
1887	N18	N04	0.065	0.0432
1888	N18	H26	0.05405405405405406	0.2988
1889	N18	A40	0.12796208530805686	0.161
1890	N18	I10	0.0273972602739726	0.2922
1891	N18	M54	0.13513513513513514	0.148
1892	N18	I70	0.10756972111553785	0.0616
1893	N18	L25	0.02040816326530612	0.295
1894	N18	J22	0.17575757575757575	0.1945
1895	N18	I21	0.06289308176100629	0.2234
1896	N18	F25	0.08745247148288973	0.262
1897	N18	J80	0.05714285714285714	0.0729
1898	N18	E10	0.046788990825688076	0.2004
1899	N18	I46	0.05660377358490566	0.2384
1900	N18	A59	0.1774193548387097	0.1712
1901	N18	N46	0.024875621890547265	0.194
1902	N18	H40	0.08032128514056225	0.2249
1903	N18	N17	0.4476744186046512	0.0001
1904	N18	B67	0.034482758620689655	0.219
1905	N18	A68	0.1366906474820144	0.2772
1906	N18	I64	0.07746478873239436	0.0515
1907	N18	E75	0.027472527472527472	0.2104
1908	N18	O00	0.09954751131221719	0.2841
1909	N18	H18	0.02631578947368421	0.2072
1910	N18	U07	0.05303030303030303	0.1596
1911	N18	J98	0.08196721311475409	0.1478
1912	N18	N12	0.03759398496240601	0.1076
1913	N18	N08	0.16717325227963525	0.0108
1914	N18	H27	0.08	0.2229
1915	N18	E05	0.029069767441860465	0.2434
1916	N18	A93	0.1366906474820144	0.2772
1917	N18	M81	0.04591836734693878	0.196
1918	N18	P27	0.05952380952380952	0.0871
1919	N18	N50	0.13333333333333333	0.1575
1920	N18	A25	0.1366906474820144	0.2772
1921	N18	K72	0.152317880794702	0.1852
1922	N18	P22	0.11724137931034483	0.2093
1923	N18	A01	0.1347517730496454	0.2716
1924	N18	F09	0.043478260869565216	0.2122
1925	N18	F10	0.06451612903225806	0.1668
1926	N18	I00-I02	0.1111111111111111	0.2149
1927	N18	I72	0.0430622009569378	0.1525
1928	N18	K73	0.03048780487804878	0.1381
1929	N18	C64	0.09486166007905138	0.1038
1930	N18	L30	0.03508771929824561	0.2892
1931	N18	R80	0.05755395683453238	0.109
1932	N18	E08-E13	0.03909090909090909	0.2791
1933	N18	A96	0.13194444444444445	0.2596
1934	N18	I00	0.11377245508982035	0.2405
1935	N18	I01	0.1144578313253012	0.2391
1936	N18	P36	0.12796208530805686	0.161
1937	N18	R04	0.16489361702127658	0.1492
1938	N18	S06	0.15384615384615385	0.2251
1939	N18	R57	0.15942028985507245	0.1809
1940	N18	A97	0.1347517730496454	0.2722
1941	N18	A88	0.1774193548387097	0.1712
1942	N18	A94	0.1357142857142857	0.2797
1943	N18	I62	0.16489361702127658	0.1492
1944	N18	B09	0.1774193548387097	0.1712
1945	N18	J41	0.07913669064748201	0.1544
1946	N18	F05	0.15527950310559005	0.1633
1947	N18	N06	0.05755395683453238	0.109
1948	N18	A08	0.1774193548387097	0.1712
1949	E11	C62	0.03864406779661017	0.2719
1950	E11	C71	0.03856562922868741	0.2726
1951	E11	D05	0.054904380012338064	0.1571
1952	E11	E14	0.8354755784061697	0.0
1953	E11	A64	0.06750496360026473	0.1026
1954	E11	C08	0.038696537678207736	0.2714
1955	E11	C25	0.038696537678207736	0.2714
1956	E11	C00	0.046983184965380814	0.2052
1957	E11	C67	0.03822937625754527	0.2758
1958	E11	E84	0.04051477597712107	0.1937
1959	E11	I25	0.12914485165794065	0.0455
1960	E11	C43	0.0656808803301238	0.1561
1961	E11	A39	0.049096488237299694	0.2565
1962	E11	E66	0.12100965107646622	0.0472
1963	E11	F31	0.09836065573770492	0.1414
1964	E11	I50	0.09991158267020336	0.0726
1965	E11	G40	0.0666194188518781	0.2394
1966	E11	K51	0.05655570652173913	0.1236
1967	E11	I70	0.09878844361602983	0.0774
1968	E11	E10	0.8995348837209303	0.0
1969	E11	L70	0.06695652173913043	0.1977
1970	E11	E12	0.04549675023212628	0.1493
1971	E11	F90	0.038284132841328415	0.2274
1972	E11	G35	0.0597567424643046	0.105
1973	E11	M33	0.043969102792632206	0.2104
1974	E11	E88	0.07515527950310559	0.2438
1975	E11	E00	0.034970238095238096	0.2798
1976	E11	E03	0.04007285974499089	0.1842
1977	E11	N08	0.049836601307189546	0.2604
1978	E11	R82	0.02973568281938326	0.2878
1979	E11	E08-E13	0.8978644382544104	0.0
1980	E11	I48	0.039586919104991396	0.1756
1981	E11	E90	0.07446808510638298	0.2575
1982	E11	E02	0.04059040590405904	0.2382
1983	I11	I15	0.03112033195020747	0.2946
1984	I11	I12	0.03319502074688797	0.2571
1985	I11	K57	0.026854219948849106	0.169
1986	I11	I10	0.07649253731343283	0.0312
1987	I11	Q61	0.04633204633204633	0.0607
1988	I11	I67	0.9771309771309772	0.0
1989	I11	R82	0.048412698412698414	0.1312
1990	I11	F53	0.03493862134088763	0.2641
1991	I11	I48	0.03694581280788178	0.1973
1992	I11	I23	0.06836734693877551	0.0525
1993	I25	N19	0.13548387096774195	0.0391
1994	I25	C62	0.05593451568894952	0.2629
1995	I25	C71	0.05570652173913043	0.2643
1996	I25	E14	0.10366826156299841	0.0838
1997	I25	A43	0.1	0.0915
1998	I25	C08	0.0560875512995896	0.2619
1999	I25	F51	0.0684931506849315	0.1946
2000	I25	C25	0.0560875512995896	0.2619
2001	I25	C67	0.058981233243967826	0.2444
2002	I25	A90	0.07368421052631578	0.1719
2003	I25	A70	0.10030395136778116	0.0909
2004	I25	K58	0.10416666666666667	0.0828
2005	I25	K70	0.1896551724137931	0.0533
2006	I25	I95	0.12292358803986711	0.2677
2007	I25	D06	0.08115942028985507	0.2996
2008	I25	E51	0.18681318681318682	0.1985
2009	I25	I60	0.09407665505226481	0.2373
2010	I25	K44	0.02601156069364162	0.279
2011	I25	I61	0.04195804195804196	0.1056
2012	I25	K74	0.028125	0.2562
2013	I25	E66	0.2148626817447496	0.0044
2014	I25	F31	0.2469733656174334	0.0073
2015	I25	I50	0.265625	0.0009
2016	I25	L83	0.18613138686131386	0.2009
2017	I25	G40	0.11160714285714286	0.0909
2018	I25	H26	0.055445544554455446	0.2897
2019	I25	A40	0.29591836734693877	0.0144
2020	I25	I63	0.04744525547445255	0.1797
2021	I25	I10	0.05142857142857143	0.0983
2022	I25	M54	0.09116022099447514	0.2758
2023	I25	I70	0.34076433121019106	0.0001
2024	I25	I21	0.08333333333333333	0.1371
2025	I25	F25	0.211864406779661	0.0386
2026	I25	J80	0.028268551236749116	0.2753
2027	I25	E10	0.1174934725848564	0.0175
2028	I25	N46	0.029498525073746312	0.1427
2029	I25	H40	0.09283819628647215	0.1782
2030	I25	L70	0.15517241379310345	0.0231
2031	I25	N17	0.15634218289085547	0.0417
2032	I25	G35	0.056827820186598814	0.1173
2033	I25	G31	0.06647398843930635	0.2258
2034	I25	G71	0.13592233009708737	0.1118
2035	I25	K13	0.20220588235294118	0.1143
2036	I25	K04	0.043912175648702596	0.2326
2037	I25	O00	0.2781456953642384	0.0294
2038	I25	J98	0.05714285714285714	0.2639
2039	I25	G54	0.09293680297397769	0.2904
2040	I25	R73	0.19202898550724637	0.1437
2041	I25	N08	0.10482180293501048	0.0588
2042	I25	O24	0.15079365079365079	0.0922
2043	I25	O15	0.06474820143884892	0.2859
2044	I25	Q25	0.03117505995203837	0.2448
2045	I25	N91	0.18545454545454546	0.1704
2046	I25	I72	0.04941860465116279	0.1154
2047	I25	L73	0.17475728155339806	0.0316
2048	I25	C64	0.06329113924050633	0.221
2049	I25	E08-E13	0.1095772217428818	0.0277
2050	I25	K10	0.09293680297397769	0.2905
2051	I25	O99	0.025906735751295335	0.2968
2052	I25	P77	0.09124087591240876	0.1365
2053	I25	I48	0.03333333333333333	0.2313
2054	I25	P36	0.29591836734693877	0.0144
2055	I25	R04	0.1277258566978193	0.2292
2056	I25	I62	0.1277258566978193	0.2292
2057	I25	I23	0.04228855721393035	0.1624
2058	E66	N19	0.07984790874524715	0.1336
2059	E66	C62	0.0737527114967462	0.1559
2060	E66	C71	0.07351351351351351	0.1568
2061	E66	E14	0.10957004160887657	0.0631
2062	E66	A64	0.0537027954879843	0.2585
2063	E66	A43	0.0945179584120983	0.0923
2064	E66	C08	0.07391304347826087	0.1552
2065	E66	F51	0.06451612903225806	0.1968
2066	E66	C25	0.07391304347826087	0.1552
2067	E66	C00	0.05704697986577181	0.2376
2068	E66	C67	0.07249466950959488	0.1609
2069	E66	A90	0.04819277108433735	0.2971
2070	E66	A70	0.0946969696969697	0.0918
2071	E66	K58	0.07878787878787878	0.1373
2072	E66	A89	0.052456681699501545	0.2668
2073	E66	C43	0.050534100246507806	0.28
2074	E66	C09	0.07391304347826087	0.1552
2075	E66	I60	0.06212424849699399	0.2091
2076	E66	C60	0.07391304347826087	0.1552
2077	E66	B45	0.0946969696969697	0.0918
2078	E66	C32	0.0734341252699784	0.1571
2079	E66	C50	0.07257203842049093	0.1606
2080	E66	C61	0.07368421052631578	0.1561
2081	E66	B76	0.0946969696969697	0.0918
2082	E66	C10	0.0737527114967462	0.1559
2083	E66	K70	0.11976047904191617	0.158
2084	E66	F39	0.036893203883495145	0.289
2085	E66	G41	0.0521415270018622	0.2146
2086	E66	F31	0.21428571428571427	0.014
2087	E66	F29	0.050816696914700546	0.1363
2088	E66	I50	0.16033057851239668	0.0148
2089	E66	G40	0.1423487544483986	0.0468
2090	E66	H26	0.056417489421720736	0.2834
2091	E66	A40	0.17288801571709234	0.0846
2092	E66	M54	0.11496350364963503	0.1969
2093	E66	N97	0.027184466019417475	0.2603
2094	E66	I70	0.1539855072463768	0.0184
2095	E66	F25	0.19666048237476808	0.0488
2096	E66	E10	0.11028867505551443	0.0224
2097	E66	H40	0.09982486865148861	0.1564
2098	E66	L70	0.11382113821138211	0.0633
2099	E66	E12	0.033628318584070796	0.2455
2100	E66	F90	0.04782342121397915	0.1571
2101	E66	N17	0.09352517985611511	0.1499
2102	E66	G35	0.06559766763848396	0.0842
2103	E66	E88	0.10604651162790697	0.1362
2104	E66	Q21	0.027896995708154508	0.1819
2105	E66	G71	0.08917197452229299	0.2387
2106	E66	K04	0.0364656381486676	0.2979
2107	E66	O00	0.21862348178137653	0.0628
2108	E66	N08	0.06599713055954089	0.1682
2109	E66	G93	0.05555555555555555	0.244
2110	E66	Q69	0.0299625468164794	0.2012
2111	E66	O24	0.10526315789473684	0.1906
2112	E66	C69	0.06696035242290749	0.2982
2113	E66	C75	0.06754385964912281	0.2933
2114	E66	F09	0.041666666666666664	0.2264
2115	E66	F10	0.052930056710775046	0.2302
2116	E66	L73	0.10285714285714286	0.1318
2117	E66	F98	0.04056795131845842	0.2899
2118	E66	C41	0.06707855251544571	0.297
2119	E66	C76	0.06836108676599474	0.2914
2120	E66	E08-E13	0.1134173461823573	0.0244
2121	E66	F53	0.03958529688972667	0.2211
2122	E66	I48	0.032520325203252036	0.2398
2123	E66	P36	0.17288801571709234	0.0846
2124	E66	R04	0.1245136186770428	0.2379
2125	E66	E90	0.10536218250235184	0.1464
2126	E66	I62	0.1245136186770428	0.2379
2127	F31	N19	0.10333333333333333	0.1281
2128	F31	E14	0.08778930566640064	0.1746
2129	F31	A43	0.12871287128712872	0.0772
2130	F31	F51	0.13229571984435798	0.0719
2131	F31	A90	0.06741573033707865	0.2619
2132	F31	A70	0.1291390728476821	0.0766
2133	F31	K58	0.10408921933085502	0.1262
2134	F31	I60	0.08921933085501858	0.1697
2135	F31	B45	0.1291390728476821	0.0766
2136	F31	B76	0.1291390728476821	0.0766
2137	F31	F39	0.11654135338345864	0.0984
2138	F31	B64	0.1291390728476821	0.0766
2139	F31	J32	0.11619718309859155	0.0991
2140	F31	F99	0.08707865168539326	0.0879
2141	F31	K70	0.2	0.0454
2142	F31	I95	0.13620071684587814	0.2321
2143	F31	G10	0.036101083032490974	0.139
2144	F31	E51	0.20238095238095238	0.1732
2145	F31	F79	0.02564102564102564	0.2941
2146	F31	G20	0.03618421052631579	0.1621
2147	F31	G41	0.05806451612903226	0.1801
2148	F31	A44	0.1291390728476821	0.277
2149	F31	B79	0.1291390728476821	0.277
2150	F31	A03	0.1291390728476821	0.277
2151	F31	F29	0.045871559633027525	0.1656
2152	F31	I50	0.18622448979591838	0.0074
2153	F31	L83	0.2015810276679842	0.1756
2154	F31	G40	0.1766612641815235	0.0223
2155	F31	H26	0.0870488322717622	0.1427
2156	F31	A40	0.2676056338028169	0.0217
2157	F31	M54	0.15789473684210525	0.1072
2158	F31	F23	0.04198473282442748	0.2784
2159	F31	F50	0.06374501992031872	0.2632
2160	F31	I70	0.19047619047619047	0.0071
2161	F31	J22	0.1407942238267148	0.2695
2162	F31	F25	0.3076923076923077	0.0088
2163	F31	E10	0.09730668983492616	0.0351
2164	F31	A59	0.1291390728476821	0.277
2165	F31	H40	0.10764872521246459	0.1352
2166	F31	L70	0.17894736842105263	0.0129
2167	F31	F90	0.05368647100930565	0.1251
2168	F31	N17	0.10416666666666667	0.1207
2169	F31	G35	0.06152512998266898	0.0982
2170	F31	I84	0.0777027027027027	0.2886
2171	F31	G25	0.03217821782178218	0.1904
2172	F31	G31	0.07407407407407407	0.1902
2173	F31	G71	0.14030612244897958	0.1041
2174	F31	K13	0.2047244094488189	0.1113
2175	F31	K04	0.04149377593360996	0.2521
2176	F31	O00	0.30824372759856633	0.0201
2177	F31	J98	0.06925207756232687	0.1989
2178	F31	G54	0.092	0.294
2179	F31	R73	0.2125984251968504	0.1164
2180	F31	N08	0.08817204301075268	0.0923
2181	F31	G80	0.15827338129496402	0.1549
2182	F31	F11	0.03435114503816794	0.2789
2183	F31	G93	0.07263294422827497	0.158
2184	F31	O24	0.1532033426183844	0.0888
2185	F31	K72	0.11278195488721804	0.2872
2186	F31	N91	0.20078740157480315	0.147
2187	F31	F41	0.05944055944055944	0.2845
2188	F31	F09	0.05625	0.1343
2189	F31	F10	0.10344827586206896	0.0563
2190	F31	F12	0.03717472118959108	0.2137
2191	F31	L73	0.1916376306620209	0.0226
2192	F31	E08-E13	0.09523809523809523	0.0444
2193	F31	F53	0.04463208685162847	0.1823
2194	F31	K64	0.05867970660146699	0.2123
2195	F31	K10	0.092	0.2942
2196	F31	D35	0.06597222222222222	0.2981
2197	F31	P77	0.09019607843137255	0.1397
2198	F31	P36	0.2676056338028169	0.0217
2199	F31	R04	0.13666666666666666	0.2067
2200	F31	S06	0.14855072463768115	0.237
2201	F31	A88	0.1291390728476821	0.277
2202	F31	I62	0.13666666666666666	0.2067
2203	F31	B09	0.1291390728476821	0.277
2204	F31	F05	0.14925373134328357	0.1752
2205	F31	A08	0.1291390728476821	0.277
2206	F29	C62	0.03264604810996564	0.2785
2207	F29	K85	0.032520325203252036	0.2799
2208	F29	C08	0.03098106712564544	0.2973
2209	F29	C25	0.03098106712564544	0.2973
2210	F29	C67	0.03177257525083612	0.2882
2211	F29	K58	0.07407407407407407	0.0544
2212	F29	C09	0.03098106712564544	0.2973
2213	F29	C60	0.03098106712564544	0.2973
2214	F29	C50	0.031825795644891124	0.2876
2215	F29	C61	0.03442622950819672	0.2597
2216	F29	C10	0.030874785591766724	0.2986
2217	F29	F39	0.058394160583941604	0.1011
2218	F29	C51	0.03076923076923077	0.2998
2219	F29	C49	0.03161397670549085	0.29
2220	F29	C66	0.03098106712564544	0.2973
2221	F29	C37	0.03098106712564544	0.2973
2222	F29	M54	0.03255813953488372	0.2795
2223	F29	I21	0.05303030303030303	0.1249
2224	F29	C11	0.030821917808219176	0.2992
2225	F29	K12	0.04310344827586207	0.1846
2226	F29	C40	0.03098106712564544	0.2973
2227	F29	C63	0.03333333333333333	0.2711
2228	F29	O15	0.03361344537815126	0.2681
2229	F29	C01	0.03098106712564544	0.2973
2230	F29	C39	0.03098106712564544	0.2973
2231	F29	F05	0.08333333333333333	0.0377
2232	F29	F99	0.049107142857142856	0.1458
2233	F29	I95	0.03125	0.2942
2234	F29	K30	0.10476190476190476	0.0161
2235	F29	F23	0.04310344827586207	0.2691
2236	F29	F50	0.07476635514018691	0.2088
2237	F29	F40	0.030612244897959183	0.2622
2238	F29	F25	0.13274336283185842	0.1307
2239	F29	F52	0.0594059405940594	0.1967
2240	F29	F11	0.0625	0.0974
2241	F29	M79	0.046296296296296294	0.2419
2242	F29	F10	0.07692307692307693	0.118
2243	F29	F12	0.032520325203252036	0.2593
2244	F29	F98	0.20388349514563106	0.0018
2245	F29	P96	0.028409090909090908	0.2938
2246	F29	M51	0.02127659574468085	0.2996
2247	G40	E14	0.06475300400534045	0.2492
2248	G40	A64	0.10079507566042575	0.1147
2249	G40	A43	0.0830188679245283	0.1682
2250	G40	F51	0.06952965235173825	0.2249
2251	G40	A70	0.0831758034026465	0.1677
2252	G40	A89	0.09737363726461844	0.1235
2253	G40	B45	0.0831758034026465	0.1677
2254	G40	B76	0.0831758034026465	0.1677
2255	G40	B64	0.0831758034026465	0.1677
2256	G40	J32	0.06601941747572816	0.2425
2257	G40	A44	0.0831758034026465	0.1677
2258	G40	B79	0.0831758034026465	0.1677
2259	G40	A03	0.0831758034026465	0.1677
2260	G40	I50	0.10810810810810811	0.098
2261	G40	A40	0.1450676982591876	0.0442
2262	G40	M54	0.08602150537634409	0.1577
2263	G40	K21	0.09865134865134866	0.1202
2264	G40	I70	0.09342560553633218	0.1345
2265	G40	J22	0.07874015748031496	0.1845
2266	G40	E10	0.06481481481481481	0.2489
2267	G40	A59	0.0831758034026465	0.1677
2268	G40	L70	0.10929853181076672	0.0955
2269	G40	G35	0.07211184694628403	0.2127
2270	G40	H02	0.100846805234796	0.1146
2271	G40	L73	0.1017274472168906	0.1125
2272	G40	J44	0.10636685194542699	0.1018
2273	G40	L28	0.1008209338122114	0.1147
2274	G40	E08-E13	0.06699928724162509	0.2374
2275	G40	T86	0.10007639419404125	0.1165
2276	G40	P36	0.1450676982591876	0.0442
2277	G40	R04	0.07102803738317758	0.2177
2278	G40	S06	0.08070866141732283	0.1768
2279	G40	A88	0.0831758034026465	0.1677
2280	G40	M01	0.10381679389312977	0.1075
2281	G40	B94	0.10381679389312977	0.1075
2282	G40	I62	0.07102803738317758	0.2177
2283	G40	B09	0.0831758034026465	0.1677
2284	G40	F05	0.06719367588932806	0.2365
2285	G40	A08	0.0831758034026465	0.1677
2286	G40	I95	0.06395348837209303	0.2535
2287	G40	L29	0.06693711967545639	0.2378
2288	G40	B57	0.100846805234796	0.1146
2289	G40	F71	0.10310734463276836	0.1092
2290	G40	D73	0.10087268993839836	0.1145
2291	G40	H81	0.10012738853503185	0.1164
2292	G40	A37	0.07113821138211382	0.2172
2293	G40	H04	0.1008209338122114	0.1147
2294	G40	K11	0.10089858793324775	0.1145
2295	G40	G21	0.10086602139582272	0.1146
2296	G40	G98	0.19646924829157175	0.0145
2297	G40	G96	0.3232799245994345	0.0009
2298	G40	I78	0.10089858793324775	0.1145
2299	G40	A22	0.10089858793324775	0.1145
2300	G40	E88	0.06188340807174888	0.265
2301	G40	A31	0.10058868697210135	0.1152
2302	G40	H11	0.10089858793324775	0.1145
2303	G40	N60	0.10112936344969199	0.1139
2304	G40	P55	0.10087268993839836	0.1145
2305	G40	A28	0.10089858793324775	0.1145
2306	G40	K86	0.10061443932411675	0.1152
2307	G40	O43	0.09896751447997985	0.1193
2308	G40	N71	0.10089858793324775	0.1145
2309	G40	H61	0.10089858793324775	0.1145
2310	G40	A85	0.10089858793324775	0.1145
2311	G40	E32	0.10089858793324775	0.1145
2312	G40	M92	0.10089858793324775	0.1145
2313	G40	K67	0.10089858793324775	0.1145
2314	G40	F62	0.1008209338122114	0.1147
2315	G40	G09	0.10089858793324775	0.1145
2316	G40	G01	0.10076923076923076	0.1148
2317	G40	K38	0.10089858793324775	0.1145
2318	G40	B99	0.10089858793324775	0.1145
2319	G40	E90	0.06074342701722575	0.2716
2320	G40	A56	0.10089858793324775	0.1145
2321	G40	G02	0.10076923076923076	0.1148
2322	G40	D63	0.10089858793324775	0.1145
2323	G40	B89	0.10089858793324775	0.1145
2324	G40	B97	0.10089858793324775	0.1145
2325	G40	B95	0.10089858793324775	0.1145
2326	G40	F54	0.10087268993839836	0.1145
2327	G40	F06	0.10089858793324775	0.1145
2328	G40	K70	0.10756972111553785	0.1909
2329	G40	F84	0.060810810810810814	0.0588
2330	G40	H26	0.06743185078909612	0.2215
2331	G40	F25	0.1657559198542805	0.0786
2332	G40	F80	0.03571428571428571	0.2828
2333	G40	H40	0.08536585365853659	0.2048
2334	G40	F90	0.06633291614518148	0.0765
2335	G40	G71	0.0864	0.2497
2336	G40	O00	0.16374269005847952	0.126
2337	G40	Q02	0.05825242718446602	0.0956
2338	G40	G80	0.10358565737051793	0.2953
2339	G40	G93	0.45867768595041325	0.0
2340	G40	O24	0.09306260575296109	0.2313
2341	G40	F81	0.05970149253731343	0.1285
2342	G40	F83	0.034050179211469536	0.2977
2343	K57	E84	0.019243986254295534	0.2807
2344	K57	K20	0.01875	0.2943
2345	K57	R82	0.029023746701846966	0.2965
2346	H26	A43	0.12149532710280374	0.0659
2347	H26	F51	0.11151079136690648	0.0824
2348	H26	A90	0.06690140845070422	0.2241
2349	H26	A70	0.121875	0.0653
2350	H26	I60	0.07241379310344828	0.1981
2351	H26	B45	0.121875	0.0653
2352	H26	B76	0.121875	0.0653
2353	H26	B64	0.121875	0.0653
2354	H26	J32	0.13559322033898305	0.048
2355	H26	A44	0.121875	0.0653
2356	H26	B79	0.121875	0.0653
2357	H26	A03	0.121875	0.0653
2358	H26	A95	0.06785714285714285	0.2194
2359	H26	A38	0.06069364161849711	0.2576
2360	H26	A40	0.08	0.1671
2361	H26	M54	0.11363636363636363	0.0786
2362	H26	J22	0.13220338983050847	0.0518
2363	H26	A59	0.121875	0.0653
2364	H26	N40	0.05698005698005698	0.2799
2365	H26	K02	0.055350553505535055	0.2903
2366	H26	A68	0.06810035842293907	0.2182
2367	H26	K12	0.05818181818181818	0.2725
2368	H26	J98	0.05759162303664921	0.2761
2369	H26	N08	0.06938775510204082	0.212
2370	H26	A93	0.06810035842293907	0.2182
2371	H26	A25	0.06810035842293907	0.2182
2372	H26	A01	0.06761565836298933	0.2206
2373	H26	I00-I02	0.06796116504854369	0.2189
2374	H26	A96	0.0706713780918728	0.206
2375	H26	I00	0.06188925081433225	0.2508
2376	H26	I01	0.06209150326797386	0.2496
2377	H26	D35	0.06557377049180328	0.2309
2378	H26	P36	0.08	0.1671
2379	H26	R04	0.14331210191082802	0.0403
2380	H26	S06	0.13559322033898305	0.048
2381	H26	A97	0.06761565836298933	0.2206
2382	H26	A88	0.121875	0.0653
2383	H26	A94	0.06785714285714285	0.2194
2384	H26	I62	0.14331210191082802	0.0403
2385	H26	B09	0.121875	0.0653
2386	H26	F05	0.10135135135135136	0.1036
2387	H26	A08	0.121875	0.0653
2388	H26	I95	0.12416107382550336	0.0621
2389	H26	L29	0.10638297872340426	0.0925
2390	H26	K65	0.07169811320754717	0.2013
2391	H26	A37	0.11785714285714285	0.0715
2392	H26	K41	0.06291390728476821	0.2451
2393	H26	K40	0.06109324758842444	0.2553
2394	H26	K81	0.0749063670411985	0.1873
2395	H26	K42	0.06810035842293907	0.2182
2396	H26	G98	0.07951945080091533	0.1689
2397	H26	A87	0.007518796992481203	0.0713
2398	H26	H25	0.36585365853658536	0.0
2399	H26	I46	0.061224489795918366	0.212
2400	H26	H40	0.1329639889196676	0.0844
2401	H26	I84	0.09061488673139159	0.2346
2402	H26	G25	0.023529411764705882	0.2979
2403	H26	O00	0.11661807580174927	0.2289
2404	H26	Q14	0.038860103626943004	0.1785
2405	H26	Q11	0.0570409982174688	0.1195
2406	H26	G80	0.12211221122112212	0.2373
2407	H26	H27	0.4291044776119403	0.0003
2408	H26	G93	0.05099502487562189	0.274
2409	H26	C64	0.0583756345177665	0.2485
2410	H26	K64	0.07380952380952381	0.1422
2411	M54	N19	0.14673913043478262	0.1256
2412	M54	A43	0.29069767441860467	0.0162
2413	M54	F51	0.2302158273381295	0.0384
2414	M54	A90	0.1702127659574468	0.09
2415	M54	A70	0.29239766081871343	0.0158
2416	M54	I60	0.1456953642384106	0.1274
2417	M54	B45	0.29239766081871343	0.0158
2418	M54	B76	0.29239766081871343	0.0158
2419	M54	M45	0.09550561797752809	0.2594
2420	M54	F39	0.08588957055214724	0.2972
2421	M54	B64	0.29239766081871343	0.0158
2422	M54	J32	0.2875816993464052	0.017
2423	M54	A44	0.29239766081871343	0.0158
2424	M54	B79	0.29239766081871343	0.0158
2425	M54	A03	0.29239766081871343	0.0158
2426	M54	A95	0.17518248175182483	0.0839
2427	M54	A38	0.11707317073170732	0.1911
2428	M54	A40	0.11627906976744186	0.1933
2429	M54	F99	0.08097165991902834	0.1043
2430	M54	I95	0.2709677419354839	0.0544
2431	M54	L29	0.2517985611510791	0.0902
2432	M54	J81	0.06766917293233082	0.2919
2433	M54	K65	0.14960629921259844	0.2592
2434	M54	D06	0.11538461538461539	0.18
2435	M54	K30	0.08823529411764706	0.199
2436	M54	G10	0.024539877300613498	0.2623
2437	M54	G81	0.030534351145038167	0.2562
2438	M54	A37	0.32575757575757575	0.0714
2439	M54	K41	0.11585365853658537	0.2105
2440	M54	K40	0.10982658959537572	0.2004
2441	M54	K81	0.1640625	0.22
2442	M54	J00	0.12318840579710146	0.1369
2443	M54	G41	0.05583756345177665	0.1924
2444	M54	K42	0.1347517730496454	0.2286
2445	M54	F91	0.09395973154362416	0.2811
2446	M54	M41	0.04794520547945205	0.2338
2447	M54	D25	0.07792207792207792	0.1442
2448	M54	N23	0.17164179104477612	0.1605
2449	M54	F23	0.04794520547945205	0.2321
2450	M54	F50	0.13953488372093023	0.0532
2451	M54	J22	0.3424657534246575	0.0409
2452	M54	F25	0.1383399209486166	0.1199
2453	M54	I46	0.06103286384976526	0.213
2454	M54	K46	0.11585365853658537	0.2105
2455	M54	A59	0.29239766081871343	0.0544
2456	M54	H40	0.1581196581196581	0.0528
2457	M54	B54	0.0963855421686747	0.2403
2458	M54	F90	0.03206106870229008	0.2895
2459	M54	N17	0.12556053811659193	0.0781
2460	M54	G35	0.04048964218455744	0.2173
2461	M54	N40	0.07373271889400922	0.1618
2462	M54	K02	0.12121212121212122	0.1591
2463	M54	I83	0.04560260586319218	0.2621
2464	M54	A68	0.1678832116788321	0.2067
2465	M54	I84	0.15028901734104047	0.0901
2466	M54	J35	0.07751937984496124	0.2776
2467	M54	G25	0.042105263157894736	0.1136
2468	M54	F17	0.041884816753926704	0.1762
2469	M54	K12	0.11678832116788321	0.2649
2470	M54	K04	0.04945054945054945	0.1934
2471	M54	O00	0.20689655172413793	0.0728
2472	M54	J98	0.1037344398340249	0.0888
2473	M54	J12	0.028070175438596492	0.2954
2474	M54	N08	0.08732394366197183	0.0944
2475	M54	G80	0.2948717948717949	0.0307
2476	M54	H27	0.07456140350877193	0.247
2477	M54	J96	0.05442176870748299	0.1424
2478	M54	F11	0.055944055944055944	0.1245
2479	M54	A93	0.1678832116788321	0.2067
2480	M54	G93	0.052083333333333336	0.2665
2481	M54	M81	0.04020100502512563	0.2402
2482	M54	P27	0.034482758620689655	0.2445
2483	M54	N50	0.1317365269461078	0.161
2484	M54	A25	0.1678832116788321	0.2067
2485	M54	G57	0.05511811023622047	0.2092
2486	M54	K72	0.23076923076923078	0.0773
2487	M54	P22	0.1388888888888889	0.1566
2488	M54	A01	0.16546762589928057	0.2017
2489	M54	M14	0.1619718309859155	0.1606
2490	M54	F41	0.07647058823529412	0.1982
2491	M54	M79	0.09848484848484848	0.0484
2492	M54	F09	0.0430622009569378	0.2153
2493	M54	F10	0.11731843575418995	0.0382
2494	M54	I00-I02	0.14285714285714285	0.1383
2495	M54	F12	0.046052631578947366	0.1476
2496	M54	F98	0.04	0.295
2497	M54	C64	0.08984375	0.117
2498	M54	F81	0.058823529411764705	0.1325
2499	M54	M48	0.11594202898550725	0.0537
2500	M54	J11	0.04436860068259386	0.2999
2501	M54	M19	0.08108108108108109	0.204
2502	M54	L57	0.07179487179487179	0.2559
2503	M54	F53	0.04922644163150492	0.1528
2504	M54	A96	0.1619718309859155	0.1909
2505	M54	K64	0.10211267605633803	0.0672
2506	M54	P96	0.04926108374384237	0.1188
2507	M54	I00	0.14634146341463414	0.1597
2508	M54	I01	0.1402439024390244	0.173
2509	M54	U04	0.0299625468164794	0.2898
2510	M54	D35	0.1402439024390244	0.076
2511	M54	T57	0.021739130434782608	0.2503
2512	M54	T30	0.14193548387096774	0.1477
2513	M54	P36	0.11627906976744186	0.1903
2514	M54	T09	0.08139534883720931	0.2762
2515	M54	R04	0.3076923076923077	0.0285
2516	M54	S06	0.4172661870503597	0.0173
2517	M54	R57	0.14893617021276595	0.2025
2518	M54	A97	0.16546762589928057	0.2021
2519	M54	A88	0.29239766081871343	0.0544
2520	M54	M07	0.17037037037037037	0.1788
2521	M54	K45	0.11585365853658537	0.2105
2522	M54	A94	0.17518248175182483	0.1929
2523	M54	M51	0.05389221556886228	0.0462
2524	M54	I62	0.3076923076923077	0.0285
2525	M54	B09	0.29239766081871343	0.0544
2526	M54	F05	0.34285714285714286	0.0181
2527	M54	L55	0.058823529411764705	0.2651
2528	M54	A08	0.29239766081871343	0.0544
2529	F25	N19	0.09865470852017937	0.2206
2530	F25	A43	0.12280701754385964	0.1522
2531	F25	F51	0.12637362637362637	0.1441
2532	F25	A90	0.09340659340659341	0.2391
2533	F25	A70	0.12334801762114538	0.151
2534	F25	I60	0.10695187165775401	0.1942
2535	F25	B45	0.12334801762114538	0.151
2536	F25	B76	0.12334801762114538	0.151
2537	F25	B64	0.12334801762114538	0.151
2538	F25	J32	0.11594202898550725	0.1692
2539	F25	A44	0.12334801762114538	0.151
2540	F25	B79	0.12334801762114538	0.151
2541	F25	A03	0.12334801762114538	0.151
2542	F25	I50	0.20317460317460317	0.0441
2543	F25	A95	0.09550561797752809	0.2316
2544	F25	A40	0.39086294416243655	0.0024
2545	F25	I70	0.22178988326848248	0.0331
2546	F25	J22	0.13861386138613863	0.1194
2547	F25	A59	0.12334801762114538	0.151
2548	F25	L70	0.17532467532467533	0.0678
2549	F25	N17	0.08365019011406843	0.2778
2550	F25	K02	0.08333333333333333	0.2791
2551	F25	A68	0.096045197740113	0.2296
2552	F25	A93	0.096045197740113	0.2296
2553	F25	A25	0.096045197740113	0.2296
2554	F25	A01	0.09497206703910614	0.2335
2555	F25	I00-I02	0.08133971291866028	0.2878
2556	F25	L73	0.24878048780487805	0.0218
2557	F25	A96	0.09340659340659341	0.2391
2558	F25	I00	0.08292682926829269	0.2809
2559	F25	I01	0.08333333333333333	0.2791
2560	F25	D35	0.08333333333333333	0.2791
2561	F25	P36	0.39086294416243655	0.0024
2562	F25	R04	0.14349775784753363	0.1107
2563	F25	S06	0.16080402010050251	0.0848
2564	F25	A97	0.09497206703910614	0.2335
2565	F25	A88	0.12334801762114538	0.151
2566	F25	A94	0.09550561797752809	0.2316
2567	F25	I62	0.14349775784753363	0.1107
2568	F25	B09	0.12334801762114538	0.151
2569	F25	F05	0.2265193370165746	0.0308
2570	F25	A08	0.12334801762114538	0.151
2571	F25	I95	0.12682926829268293	0.1431
2572	F25	L29	0.11229946524064172	0.1789
2573	F25	K65	0.11801242236024845	0.1639
2574	F25	D06	0.08571428571428572	0.2691
2575	F25	K30	0.0963855421686747	0.2284
2576	F25	A37	0.12972972972972974	0.1369
2577	F25	F50	0.09696969696969697	0.2264
2578	F25	K70	0.29347826086956524	0.0105
2579	F25	G24	0.024154589371980676	0.2744
2580	F25	E51	0.3072289156626506	0.0688
2581	F25	L83	0.30538922155688625	0.0707
2582	F25	I46	0.06557377049180328	0.1898
2583	F25	F52	0.048484848484848485	0.2655
2584	F25	H40	0.0931899641577061	0.177
2585	F25	F90	0.03664921465968586	0.2423
2586	F25	G25	0.034375	0.1699
2587	F25	G31	0.09166666666666666	0.1277
2588	F25	F17	0.030973451327433628	0.2778
2589	F25	G71	0.16828478964401294	0.0659
2590	F25	K13	0.30177514792899407	0.0387
2591	F25	O00	0.395	0.0066
2592	F25	R73	0.3136094674556213	0.0412
2593	F25	G80	0.15121951219512195	0.1683
2594	F25	F11	0.0335195530726257	0.2877
2595	F25	O24	0.20588235294117646	0.0381
2596	F25	K72	0.14130434782608695	0.2093
2597	F25	N91	0.30357142857142855	0.0542
2598	F25	F41	0.06896551724137931	0.2324
2599	F25	F09	0.04564315352697095	0.1964
2600	F25	F10	0.09345794392523364	0.0744
2601	F25	F98	0.1242603550295858	0.0219
2602	F25	C64	0.061016949152542375	0.2333
2603	F25	P96	0.029166666666666667	0.2843
2604	F25	R57	0.1329479768786127	0.2405
2605	H40	N19	0.09090909090909091	0.1847
2606	H40	K85	0.06666666666666667	0.2899
2607	H40	M86	0.07407407407407407	0.2526
2608	H40	A43	0.16585365853658537	0.0457
2609	H40	F51	0.20512820512820512	0.0219
2610	H40	J21	0.06622516556291391	0.2923
2611	H40	A90	0.1165644171779141	0.1145
2612	H40	A70	0.16666666666666666	0.045
2613	H40	I60	0.13095238095238096	0.0876
2614	H40	B45	0.16666666666666666	0.045
2615	H40	B76	0.16666666666666666	0.045
2616	H40	M45	0.06532663316582915	0.2973
2617	H40	B64	0.16666666666666666	0.045
2618	H40	J32	0.22988505747126436	0.0138
2619	H40	C84	0.0653061224489796	0.2974
2620	H40	A44	0.16666666666666666	0.045
2621	H40	B79	0.16666666666666666	0.045
2622	H40	A03	0.16666666666666666	0.045
2623	H40	A95	0.11949685534591195	0.1085
2624	H40	A38	0.08849557522123894	0.1932
2625	H40	A40	0.1222707423580786	0.103
2626	H40	J22	0.18333333333333332	0.033
2627	H40	A59	0.16666666666666666	0.045
2628	H40	B54	0.06989247311827956	0.2731
2629	H40	N17	0.08502024291497975	0.2061
2630	H40	N40	0.06837606837606838	0.2809
2631	H40	I83	0.06962025316455696	0.2745
2632	H40	A68	0.12025316455696203	0.1069
2633	H40	C85	0.06557377049180328	0.2959
2634	H40	K12	0.1038961038961039	0.145
2635	H40	N08	0.06896551724137931	0.2778
2636	H40	A93	0.12025316455696203	0.1069
2637	H40	A25	0.12025316455696203	0.1069
2638	H40	M70	0.08904109589041095	0.1912
2639	H40	A01	0.11875	0.11
2640	H40	O15	0.075	0.2483
2641	H40	I00-I02	0.11170212765957446	0.1254
2642	H40	M71	0.08904109589041095	0.1912
2643	H40	G95	0.06622516556291391	0.2923
2644	H40	M19	0.06639004149377593	0.2914
2645	H40	L57	0.07109004739336493	0.2671
2646	H40	A96	0.1165644171779141	0.1145
2647	H40	I00	0.10215053763440861	0.1498
2648	H40	I01	0.10270270270270271	0.1483
2649	H40	D35	0.06806282722513089	0.2825
2650	H40	P36	0.1222707423580786	0.103
2651	H40	R04	0.19	0.0291
2652	H40	S06	0.20224719101123595	0.0231
2653	H40	A97	0.11875	0.11
2654	H40	A88	0.16666666666666666	0.045
2655	H40	A94	0.11949685534591195	0.1085
2656	H40	J90	0.07333333333333333	0.2561
2657	H40	I62	0.19	0.0291
2658	H40	B09	0.16666666666666666	0.045
2659	H40	J91	0.07333333333333333	0.2561
2660	H40	F05	0.1388888888888889	0.0756
2661	H40	A08	0.16666666666666666	0.045
2662	H40	C81	0.06666666666666667	0.2899
2663	H40	I95	0.22988505747126436	0.0138
2664	H40	L29	0.19375	0.0271
2665	H40	K37	0.08496732026143791	0.2063
2666	H40	K65	0.13194444444444445	0.086
2667	H40	D06	0.08733624454148471	0.1974
2668	H40	K35	0.08552631578947369	0.2042
2669	H40	A37	0.20754716981132076	0.021
2670	H40	K41	0.11731843575418995	0.1129
2671	H40	K40	0.11170212765957446	0.1254
2672	H40	K81	0.08496732026143791	0.2063
2673	H40	J00	0.08176100628930817	0.219
2674	H40	G41	0.07655502392344497	0.2412
2675	H40	K42	0.12025316455696203	0.1069
2676	H40	D25	0.06827309236947791	0.2814
2677	H40	N23	0.09433962264150944	0.1733
2678	H40	I46	0.08	0.2263
2679	H40	K46	0.11731843575418995	0.1129
2680	H40	M65	0.0763888888888889	0.242
2681	H40	D77	0.07643312101910828	0.2418
2682	H40	L45	0.07643312101910828	0.2418
2683	H40	M68	0.07643312101910828	0.2418
2684	H40	G55	0.07643312101910828	0.2418
2685	H40	G94	0.07643312101910828	0.2418
2686	H40	H94	0.07643312101910828	0.2418
2687	H40	I98	0.07643312101910828	0.2418
2688	H40	M90	0.07643312101910828	0.2418
2689	H40	N33	0.07643312101910828	0.2418
2690	H40	K23	0.07643312101910828	0.2418
2691	H40	H45	0.07643312101910828	0.2418
2692	H40	N29	0.07643312101910828	0.2418
2693	H40	K77	0.07643312101910828	0.2418
2694	H40	M73	0.07643312101910828	0.2418
2695	H40	K93	0.07643312101910828	0.2418
2696	H40	H06	0.07643312101910828	0.2418
2697	H40	G32	0.07643312101910828	0.2418
2698	H40	N22	0.07643312101910828	0.2418
2699	H40	H36	0.07643312101910828	0.2418
2700	H40	H48	0.07643312101910828	0.2418
2701	H40	H22	0.07643312101910828	0.2418
2702	H40	N37	0.07643312101910828	0.2418
2703	H40	H62	0.07643312101910828	0.2418
2704	H40	I79	0.07643312101910828	0.2418
2705	H40	L14	0.07643312101910828	0.2418
2706	H40	H58	0.07643312101910828	0.2418
2707	H40	H03	0.07643312101910828	0.2418
2708	H40	L86	0.07643312101910828	0.2418
2709	H40	N51	0.07643312101910828	0.2418
2710	H40	M63	0.07643312101910828	0.2418
2711	H40	K87	0.07643312101910828	0.2418
2712	H40	M49	0.07643312101910828	0.2418
2713	H40	I52	0.07643312101910828	0.2418
2714	H40	H75	0.07643312101910828	0.2418
2715	H40	H49	0.015706806282722512	0.2575
2716	H40	I84	0.125	0.1352
2717	H40	O00	0.18552036199095023	0.0955
2718	H40	Q15	0.034482758620689655	0.0613
2719	H40	G80	0.2658959537572254	0.0433
2720	H40	H27	0.08264462809917356	0.2121
2721	H40	G93	0.05232558139534884	0.2649
2722	H40	T78	0.06451612903225806	0.2843
2723	H40	K72	0.10919540229885058	0.2988
2724	H40	P22	0.11728395061728394	0.2092
2725	H40	M75	0.06043956043956044	0.2149
2726	H40	M14	0.12345679012345678	0.2483
2727	H40	C64	0.06474820143884892	0.2134
2728	H40	K64	0.08552631578947369	0.1043
2729	H40	Y14	0.12413793103448276	0.2155
2730	H40	H59	0.16326530612244897	0.0032
2731	H40	R57	0.16993464052287582	0.1616
2732	H40	M07	0.12903225806451613	0.2717
2733	H40	K45	0.11731843575418995	0.2064
2734	H40	L58	0.06060606060606061	0.2848
2735	H40	H42	0.16326530612244897	0.0032
2736	H40	L55	0.0546218487394958	0.2915
2737	F90	C62	0.03963963963963964	0.2158
2738	F90	C71	0.039568345323741004	0.2164
2739	F90	D05	0.056950934579439255	0.1102
2740	F90	E14	0.0385980479148181	0.2247
2741	F90	A64	0.06737288135593221	0.0735
2742	F90	C08	0.0396873120865905	0.2154
2743	F90	C25	0.0396873120865905	0.2154
2744	F90	C00	0.03949730700179533	0.217
2745	F90	C67	0.039262343842950624	0.219
2746	F90	E84	0.04108391608391608	0.204
2747	F90	A89	0.0672303567745927	0.0739
2748	F90	C43	0.06318504190844616	0.0865
2749	F90	C09	0.0396873120865905	0.2154
2750	F90	C60	0.0396873120865905	0.2154
2751	F90	A39	0.044642857142857144	0.1777
2752	F90	C32	0.039544637507489516	0.2166
2753	F90	C50	0.039904705181655745	0.2136
2754	F90	C61	0.04016538688718252	0.2114
2755	F90	C10	0.03963963963963964	0.2158
2756	F90	C51	0.03959208158368326	0.2162
2757	F90	C49	0.04104699583581202	0.2043
2758	F90	C66	0.0396873120865905	0.2154
2759	F90	A19	0.0391084945332212	0.2203
2760	F90	C73	0.03952095808383234	0.2168
2761	F90	C37	0.0396873120865905	0.2154
2762	F90	C23	0.039473684210526314	0.2172
2763	F90	C56	0.039309112567004166	0.2186
2764	F90	C74	0.03994154895275207	0.2133
2765	F90	K51	0.05470675209462789	0.1203
2766	F90	K21	0.07388854101440201	0.057
2767	F90	C04	0.039544637507489516	0.2166
2768	F90	C54	0.03945008965929468	0.2174
2769	F90	C16	0.04026050917702783	0.2107
2770	F90	C11	0.03961584633853541	0.216
2771	F90	E10	0.038461538461538464	0.2259
2772	F90	G35	0.045562411010915994	0.1715
2773	F90	H02	0.06740144128868164	0.0734
2774	F90	C40	0.0396873120865905	0.2154
2775	F90	C26	0.04859894921190893	0.1524
2776	F90	C63	0.0398098633392751	0.2144
2777	F90	C30	0.040097799511002445	0.212
2778	F90	C69	0.03335097935415564	0.2754
2779	F90	C34	0.039532794249775384	0.2167
2780	F90	C31	0.039532794249775384	0.2167
2781	F90	C75	0.0337909186906019	0.2707
2782	F90	C41	0.033386327503974564	0.275
2783	F90	C19	0.03951504265828469	0.2168
2784	F90	J44	0.07195147458690651	0.0615
2785	F90	C76	0.033210332103321034	0.2769
2786	F90	C70	0.039532794249775384	0.2167
2787	F90	L28	0.06738715829624921	0.0735
2788	F90	C05	0.04826086956521739	0.1545
2789	F90	C03	0.039532794249775384	0.2167
2790	F90	C02	0.039532794249775384	0.2167
2791	F90	C06	0.03951504265828469	0.2168
2792	F90	C12	0.03951504265828469	0.2168
2793	F90	E08-E13	0.03794539565016196	0.2304
2794	F90	F53	0.07147007553747821	0.0627
2795	F90	G05	0.03912494741270509	0.2201
2796	F90	G63	0.03928123694107814	0.2188
2797	F90	T86	0.06720033705498209	0.074
2798	F90	B21	0.03951504265828469	0.2168
2799	F90	G01*	0.03912494741270509	0.2201
2800	F90	A17	0.03912494741270509	0.2201
2801	F90	G07*	0.03912494741270509	0.2201
2802	F90	M01	0.06851618327028162	0.0703
2803	F90	C01	0.0396873120865905	0.2154
2804	F90	B94	0.06851618327028162	0.0703
2805	F90	C39	0.0396873120865905	0.2154
2806	F90	B90	0.03912494741270509	0.2201
2807	F90	F99	0.031746031746031744	0.293
2808	F90	B57	0.06740144128868164	0.0734
2809	F90	D73	0.06741573033707865	0.0734
2810	F90	H81	0.06790383804301982	0.072
2811	F90	H04	0.06761339550657058	0.0728
2812	F90	K11	0.06743002544529263	0.0733
2813	F90	G21	0.06807165437302423	0.0715
2814	F90	I78	0.06743002544529263	0.0733
2815	F90	G98	0.0731247644176404	0.0588
2816	F90	G96	0.06911984087518648	0.0687
2817	F90	D43	0.09612462006079027	0.024
2818	F90	A22	0.06743002544529263	0.0733
2819	F90	A31	0.06725888324873096	0.0738
2820	F90	H11	0.06743002544529263	0.0733
2821	F90	N60	0.06740144128868164	0.0734
2822	F90	P55	0.06741573033707865	0.0734
2823	F90	A28	0.06743002544529263	0.0733
2824	F90	K86	0.06749894202285231	0.0731
2825	F90	O43	0.06658317678981424	0.0758
2826	F90	N71	0.06743002544529263	0.0733
2827	F90	H61	0.06743002544529263	0.0733
2828	F90	A85	0.06743002544529263	0.0733
2829	F90	E32	0.06743002544529263	0.0733
2830	F90	M92	0.06743002544529263	0.0733
2831	F90	K67	0.06743002544529263	0.0733
2832	F90	F62	0.06738715829624921	0.0735
2833	F90	G09	0.06743002544529263	0.0733
2834	F90	G01	0.06735861046388476	0.0735
2835	F90	K38	0.06743002544529263	0.0733
2836	F90	B99	0.06743002544529263	0.0733
2837	F90	A56	0.06743002544529263	0.0733
2838	F90	G02	0.06735861046388476	0.0735
2839	F90	D63	0.06743002544529263	0.0733
2840	F90	B89	0.06743002544529263	0.0733
2841	F90	B97	0.06743002544529263	0.0733
2842	F90	B95	0.06743002544529263	0.0733
2843	F90	F54	0.06741573033707865	0.0734
2844	F90	F06	0.06743002544529263	0.0733
2845	F90	F84	0.027673896783844427	0.2775
2846	F90	H52	0.04782146652497343	0.1438
2847	F90	G93	0.05741066198008202	0.2327
2848	F90	I48	0.037667698658410735	0.1911
2849	N17	N19	0.45454545454545453	0.0001
2850	N17	G30	0.07142857142857142	0.2349
2851	N17	C62	0.06060606060606061	0.2926
2852	N17	A43	0.15263157894736842	0.045
2853	N17	F51	0.11258278145695365	0.1017
2854	N17	A90	0.11724137931034483	0.0925
2855	N17	A70	0.15343915343915343	0.0442
2856	N17	K58	0.08074534161490683	0.1944
2857	N17	I60	0.1643835616438356	0.0354
2858	N17	B45	0.15343915343915343	0.0442
2859	N17	C61	0.06451612903225806	0.2703
2860	N17	B76	0.15343915343915343	0.0442
2861	N17	B64	0.15343915343915343	0.0442
2862	N17	J32	0.1411764705882353	0.0568
2863	N17	C51	0.06040268456375839	0.2938
2864	N17	C49	0.06045751633986928	0.2935
2865	N17	A44	0.15343915343915343	0.0442
2866	N17	B79	0.15343915343915343	0.0442
2867	N17	A03	0.15343915343915343	0.0442
2868	N17	I50	0.12131147540983607	0.0851
2869	N17	A95	0.12056737588652482	0.0864
2870	N17	A38	0.08653846153846154	0.1728
2871	N17	N04	0.06532663316582915	0.2659
2872	N17	A40	0.12857142857142856	0.0734
2873	N17	I70	0.0992063492063492	0.1335
2874	N17	C54	0.059800664451827246	0.2975
2875	N17	J22	0.16265060240963855	0.0366
2876	N17	C16	0.061488673139158574	0.2874
2877	N17	A59	0.15343915343915343	0.0442
2878	N17	F99	0.043478260869565216	0.2976
2879	N17	I95	0.17575757575757575	0.1517
2880	N17	J81	0.0859375	0.2092
2881	N17	D06	0.11707317073170732	0.1755
2882	N17	I15	0.03597122302158273	0.2432
2883	N17	K44	0.04455445544554455	0.1118
2884	N17	I61	0.047619047619047616	0.0778
2885	N17	G41	0.06217616580310881	0.1595
2886	N17	I12	0.03571428571428571	0.2318
2887	N17	I10	0.03225806451612903	0.2345
2888	N17	I46	0.06698564593301436	0.1831
2889	N17	N46	0.01990049751243781	0.2697
2890	N17	E85	0.053475935828877004	0.1505
2891	N17	B67	0.034653465346534656	0.2174
2892	N17	I64	0.05555555555555555	0.1195
2893	N17	D84	0.022388059701492536	0.287
2894	N17	J85	0.05555555555555555	0.2905
2895	N17	O00	0.1	0.2825
2896	N17	U07	0.03759398496240601	0.2728
2897	N17	D72	0.014925373134328358	0.2819
2898	N17	J98	0.0912863070539419	0.1189
2899	N17	N08	0.18209876543209877	0.0072
2900	N17	H27	0.08035714285714286	0.2214
2901	N17	E05	0.029239766081871343	0.2414
2902	N17	P27	0.041176470588235294	0.1857
2903	N17	N50	0.1411042944785276	0.1413
2904	N17	K72	0.15333333333333332	0.1831
2905	N17	P22	0.11805555555555555	0.207
2906	N17	M35	0.03597122302158273	0.274
2907	N17	Q25	0.02877697841726619	0.2728
2908	N17	F41	0.058823529411764705	0.2883
2909	N17	F09	0.043689320388349516	0.2106
2910	N17	F10	0.05913978494623656	0.1937
2911	N17	I00-I02	0.09883720930232558	0.2548
2912	N17	K73	0.043478260869565216	0.059
2913	N17	C64	0.099601593625498	0.0926
2914	N17	L30	0.04142011834319527	0.231
2915	N17	Q96	0.021739130434782608	0.2845
2916	N17	R80	0.050359712230215826	0.1442
2917	N17	E08-E13	0.038181818181818185	0.2875
2918	N17	I00	0.10119047619047619	0.2816
2919	N17	I01	0.10179640718562874	0.2802
2920	N17	D35	0.06976744186046512	0.2781
2921	N17	P36	0.12857142857142856	0.1596
2922	N17	R04	0.15343915343915343	0.1703
2923	N17	S06	0.15476190476190477	0.2231
2924	N17	R57	0.16058394160583941	0.1787
2925	N17	A88	0.15343915343915343	0.2175
2926	N17	I62	0.15343915343915343	0.1703
2927	N17	B09	0.15343915343915343	0.2175
2928	N17	J41	0.07971014492753623	0.1523
2929	N17	F05	0.14906832298136646	0.1756
2930	N17	N06	0.050359712230215826	0.1442
2931	N17	A08	0.15343915343915343	0.2175
2932	G35	C62	0.056227758007117434	0.1199
2933	G35	C71	0.05535841022001419	0.124
2934	G35	D05	0.05309181761399125	0.135
2935	G35	E14	0.060790273556231005	0.1009
2936	G35	A64	0.07181208053691275	0.0665
2937	G35	A43	0.04682926829268293	0.1711
2938	G35	C08	0.05555555555555555	0.123
2939	G35	C25	0.05555555555555555	0.123
2940	G35	C00	0.06266050333846944	0.0941
2941	G35	C67	0.06007067137809187	0.1037
2942	G35	E84	0.03943524829600779	0.2262
2943	G35	A70	0.046875	0.1708
2944	G35	A89	0.07083876575402	0.069
2945	G35	C43	0.06977559607293128	0.0719
2946	G35	C09	0.05555555555555555	0.123
2947	G35	C60	0.05555555555555555	0.123
2948	G35	B45	0.046875	0.1708
2949	G35	A39	0.05613668061366806	0.1204
2950	G35	C32	0.057569296375266525	0.114
2951	G35	C50	0.05637773079633545	0.1193
2952	G35	C61	0.06096706377014716	0.1003
2953	G35	B76	0.046875	0.1708
2954	G35	C10	0.05547652916073969	0.1234
2955	G35	N61	0.05772811918063315	0.1133
2956	G35	B64	0.046875	0.1708
2957	G35	J32	0.03557312252964427	0.2617
2958	G35	C51	0.05765124555160142	0.1137
2959	G35	C49	0.056962025316455694	0.1167
2960	G35	C84	0.0330188679245283	0.2881
2961	G35	A44	0.046875	0.1708
2962	G35	C66	0.05555555555555555	0.123
2963	G35	B79	0.046875	0.1708
2964	G35	A03	0.046875	0.1708
2965	G35	M05	0.054212454212454214	0.1294
2966	G35	A19	0.04462188821042743	0.1859
2967	G35	I50	0.051890941072999124	0.1413
2968	G35	C73	0.05602836879432624	0.1209
2969	G35	C37	0.05555555555555555	0.123
2970	G35	C23	0.0574468085106383	0.1145
2971	G35	C56	0.05790960451977401	0.1126
2972	G35	C74	0.06426155580608793	0.0885
2973	G35	A40	0.043021032504780114	0.1975
2974	G35	K51	0.0517975805077526	0.1418
2975	G35	K21	0.07247646157214802	0.0649
2976	G35	C04	0.056818181818181816	0.1173
2977	G35	I70	0.04528650646950092	0.1813
2978	G35	C54	0.055162659123055166	0.1249
2979	G35	J22	0.039721946375372394	0.2237
2980	G35	C16	0.05964912280701754	0.1054
2981	G35	C11	0.05543710021321962	0.1236
2982	G35	E10	0.06460224239188468	0.0874
2983	G35	A59	0.046875	0.1708
2984	G35	L70	0.04706927175843695	0.1695
2985	G35	B25	0.023336214347450302	0.2548
2986	G35	M33	0.03764420157862781	0.2634
2987	G35	E00	0.03546646106399383	0.2747
2988	G35	G93	0.04774714189643578	0.2976
2989	G35	R82	0.028797289666854884	0.2994
2990	G35	G96	0.06134969325153374	0.2802
2991	G35	E08-E13	0.057763645998940114	0.1515
2992	G35	Q67	0.027758007117437724	0.2801
2993	G35	I48	0.03278688524590164	0.237
2994	G35	E02	0.03969465648854962	0.2459
2995	G25	A43	0.0311284046692607	0.201
2996	G25	A70	0.03125	0.1998
2997	G25	B45	0.03125	0.1998
2998	G25	B76	0.03125	0.1998
2999	G25	B64	0.03125	0.1998
3000	G25	A44	0.03125	0.1998
3001	G25	B79	0.03125	0.1998
3002	G25	A03	0.03125	0.1998
3003	G25	J22	0.03017241379310345	0.2112
3004	G25	A59	0.03125	0.1998
3005	G25	K02	0.03804347826086957	0.1404
3006	G25	J98	0.033444816053511704	0.1783
3007	G25	F53	0.03679369250985545	0.1498
3008	G25	D35	0.04072398190045249	0.1221
3009	G25	R04	0.03529411764705882	0.1619
3010	G25	S06	0.03896103896103896	0.1338
3011	G25	A88	0.03125	0.1998
3012	G25	I62	0.03529411764705882	0.1619
3013	G25	B09	0.03125	0.1998
3014	G25	F05	0.04054054054054054	0.1233
3015	G25	A08	0.03125	0.1998
3016	G25	K81	0.03783783783783784	0.1419
3017	G25	N23	0.03626943005181347	0.1539
3018	G25	F50	0.04395604395604396	0.1032
3019	G25	I84	0.03862660944206009	0.1362
3020	G25	N13	0.014285714285714285	0.2062
3021	Q21	D05	0.05450535601764335	0.0346
3022	Q21	E84	0.04300543746910529	0.0712
3023	Q21	C43	0.04633471645919779	0.0578
3024	Q21	A39	0.04924903946908837	0.0482
3025	Q21	A19	0.041193181818181816	0.0797
3026	Q21	K51	0.06440443213296398	0.0185
3027	Q21	N87	0.03386454183266932	0.1258
3028	Q21	G05	0.041212695405021316	0.0796
3029	Q21	G63	0.041372825575928536	0.0788
3030	Q21	G01*	0.041212695405021316	0.0796
3031	Q21	A17	0.041212695405021316	0.0796
3032	Q21	G07*	0.041212695405021316	0.0796
3033	Q21	B90	0.041212695405021316	0.0796
3034	Q21	D43	0.053204353083434096	0.0376
3035	N08	N19	0.12828947368421054	0.0311
3036	N08	C62	0.05662983425414365	0.2167
3037	N08	C71	0.05639614855570839	0.2181
3038	N08	M10	0.04482758620689655	0.2982
3039	N08	D59	0.06060606060606061	0.1946
3040	N08	A43	0.11320754716981132	0.0468
3041	N08	C08	0.05678670360110803	0.2158
3042	N08	F51	0.0706713780918728	0.1482
3043	N08	C25	0.05678670360110803	0.2158
3044	N08	C67	0.05970149253731343	0.1994
3045	N08	A90	0.07220216606498195	0.1422
3046	N08	A70	0.11356466876971609	0.0463
3047	N08	M32	0.057926829268292686	0.2092
3048	N08	C09	0.05678670360110803	0.2158
3049	N08	I60	0.11313868613138686	0.0469
3050	N08	C60	0.05678670360110803	0.2158
3051	N08	B45	0.11356466876971609	0.0463
3052	N08	C32	0.0577716643741403	0.2101
3053	N08	C50	0.056910569105691054	0.2151
3054	N08	C61	0.06141522029372497	0.1904
3055	N08	K74	0.056105610561056105	0.2198
3056	N08	B76	0.11356466876971609	0.0463
3057	N08	C10	0.05662983425414365	0.2167
3058	N08	B64	0.11356466876971609	0.0463
3059	N08	J32	0.07516339869281045	0.1312
3060	N08	C51	0.057931034482758624	0.2092
3061	N08	C49	0.058029689608636977	0.2087
3062	N08	A44	0.11356466876971609	0.0463
3063	N08	C66	0.05678670360110803	0.2158
3064	N08	B79	0.11356466876971609	0.0463
3065	N08	A03	0.11356466876971609	0.0463
3066	N08	I50	0.09907834101382489	0.0687
3067	N08	A95	0.06934306569343066	0.1536
3068	N08	C73	0.056241426611796985	0.219
3069	N08	C37	0.05678670360110803	0.2158
3070	N08	A38	0.05555555555555555	0.2231
3071	N08	C23	0.057534246575342465	0.2115
3072	N08	N04	0.07763975155279502	0.1227
3073	N08	C56	0.05555555555555555	0.2231
3074	N08	C74	0.051258992805755396	0.2506
3075	N08	A40	0.08771929824561403	0.0934
3076	N08	C04	0.05631868131868132	0.2185
3077	N08	I70	0.07291666666666667	0.1395
3078	N08	C54	0.057455540355677154	0.2119
3079	N08	J22	0.11945392491467577	0.0395
3080	N08	I21	0.04844290657439446	0.2704
3081	N08	C16	0.06317204301075269	0.1816
3082	N08	C11	0.05655172413793103	0.2172
3083	N08	E10	0.04851973684210526	0.2698
3084	N08	A59	0.11356466876971609	0.0463
3085	N08	B67	0.04559270516717325	0.2921
3086	N08	K02	0.06060606060606061	0.1946
3087	N08	A68	0.0695970695970696	0.1526
3088	N08	I64	0.04744525547445255	0.2778
3089	N08	J98	0.09641873278236915	0.0738
3090	N08	C40	0.05678670360110803	0.2158
3091	N08	C26	0.04919236417033774	0.265
3092	N08	C63	0.05945945945945946	0.2007
3093	N08	C30	0.051630434782608696	0.2481
3094	N08	K44	0.04216867469879518	0.1258
3095	N08	G41	0.07255520504731862	0.1172
3096	N08	I10	0.0345821325648415	0.2111
3097	N08	I46	0.05604719764011799	0.2418
3098	N08	N20	0.03435114503816794	0.1104
3099	N08	Q61	0.09830508474576272	0.0024
3100	N08	D84	0.026415094339622643	0.2287
3101	N08	G93	0.06878980891719745	0.1742
3102	N08	M81	0.03987730061349693	0.243
3103	N08	F09	0.03857566765578635	0.2528
3104	N08	I72	0.047619047619047616	0.1249
3105	N08	K73	0.020202020202020204	0.27
3106	N08	C64	0.08157894736842106	0.1426
3107	N08	N01	0.011538461538461539	0.2175
3108	N08	R80	0.06037735849056604	0.0976
3109	N08	M48	0.051470588235294115	0.274
3110	N08	E08-E13	0.038211382113821135	0.2872
3111	N08	D35	0.08135593220338982	0.2247
3112	N08	P36	0.08771929824561403	0.2862
3113	N08	R04	0.13141025641025642	0.2197
3114	N08	I62	0.13141025641025642	0.2197
3115	N08	F05	0.10344827586206896	0.2993
3116	N08	N06	0.06037735849056604	0.0976
3117	G80	N19	0.11188811188811189	0.2678
3118	G80	M86	0.10526315789473684	0.2895
3119	G80	A43	0.2878787878787879	0.0334
3120	G80	F51	0.33707865168539325	0.0186
3121	G80	A90	0.20212765957446807	0.0922
3122	G80	A70	0.2900763358778626	0.0325
3123	G80	I60	0.19801980198019803	0.0968
3124	G80	B45	0.2900763358778626	0.0325
3125	G80	B76	0.2900763358778626	0.0325
3126	G80	B64	0.2900763358778626	0.0325
3127	G80	J32	0.2719298245614035	0.0403
3128	G80	A44	0.2900763358778626	0.0325
3129	G80	B79	0.2900763358778626	0.0325
3130	G80	A03	0.2900763358778626	0.0325
3131	G80	A95	0.2111111111111111	0.0829
3132	G80	A38	0.12025316455696203	0.2426
3133	G80	A40	0.11242603550295859	0.2661
3134	G80	J22	0.34579439252336447	0.0168
3135	G80	A59	0.2900763358778626	0.0325
3136	G80	K02	0.17073170731707318	0.1337
3137	G80	A68	0.21348314606741572	0.0806
3138	G80	K12	0.10989010989010989	0.2742
3139	G80	A93	0.21348314606741572	0.0806
3140	G80	A25	0.21348314606741572	0.0806
3141	G80	M70	0.125	0.2294
3142	G80	A01	0.2087912087912088	0.0852
3143	G80	I00-I02	0.15702479338842976	0.1572
3144	G80	M71	0.125	0.2294
3145	G80	G95	0.12195121951219512	0.2378
3146	G80	A96	0.20212765957446807	0.0922
3147	G80	I00	0.1623931623931624	0.1475
3148	G80	I01	0.16379310344827586	0.1451
3149	G80	D35	0.16379310344827586	0.1451
3150	G80	P36	0.11242603550295859	0.2661
3151	G80	R04	0.2706766917293233	0.0409
3152	G80	S06	0.38095238095238093	0.011
3153	G80	A97	0.2087912087912088	0.0852
3154	G80	A88	0.2900763358778626	0.0325
3155	G80	A94	0.2111111111111111	0.0829
3156	G80	J90	0.12195121951219512	0.2378
3157	G80	I62	0.2706766917293233	0.0409
3158	G80	B09	0.2900763358778626	0.0325
3159	G80	J91	0.12195121951219512	0.2378
3160	G80	F05	0.3465346534653465	0.0166
3161	G80	A08	0.2900763358778626	0.0325
3162	G80	I95	0.3181818181818182	0.0233
3163	G80	L29	0.2978723404255319	0.0297
3164	G80	K37	0.18292682926829268	0.1157
3165	G80	K65	0.25333333333333335	0.0503
3166	G80	D06	0.10429447852760736	0.2929
3167	G80	K35	0.18518518518518517	0.1127
3168	G80	A37	0.33695652173913043	0.0186
3169	G80	K41	0.14912280701754385	0.1725
3170	G80	K40	0.13821138211382114	0.1963
3171	G80	K81	0.2597402597402597	0.0466
3172	G80	K42	0.18681318681318682	0.1105
3173	G80	F91	0.11	0.2738
3174	G80	N23	0.19318181818181818	0.1025
3175	G80	F50	0.13095238095238096	0.2138
3176	G80	K46	0.14912280701754385	0.1725
3177	G80	M65	0.13157894736842105	0.2123
3178	G80	I84	0.15748031496062992	0.1563
3179	G80	D26	0.21333333333333335	0.0808
3180	G80	O00	0.19875776397515527	0.096
3181	G80	I73	0.13333333333333333	0.2079
3182	G80	D77	0.1111111111111111	0.2702
3183	G80	L45	0.1111111111111111	0.2702
3184	G80	M68	0.1111111111111111	0.2702
3185	G80	G55	0.1111111111111111	0.2702
3186	G80	G94	0.1111111111111111	0.2702
3187	G80	H94	0.1111111111111111	0.2702
3188	G80	I98	0.1111111111111111	0.2702
3189	G80	M90	0.1111111111111111	0.2702
3190	G80	N33	0.1111111111111111	0.2702
3191	G80	K23	0.1111111111111111	0.2702
3192	G80	H45	0.1111111111111111	0.2702
3193	G80	N29	0.1111111111111111	0.2702
3194	G80	K77	0.1111111111111111	0.2702
3195	G80	M73	0.1111111111111111	0.2702
3196	G80	K93	0.1111111111111111	0.2702
3197	G80	H06	0.1111111111111111	0.2702
3198	G80	G32	0.1111111111111111	0.2702
3199	G80	N22	0.1111111111111111	0.2702
3200	G80	H36	0.1111111111111111	0.2702
3201	G80	H48	0.1111111111111111	0.2702
3202	G80	H22	0.1111111111111111	0.2702
3203	G80	N37	0.1111111111111111	0.2702
3204	G80	H62	0.1111111111111111	0.2702
3205	G80	I79	0.1111111111111111	0.2702
3206	G80	L14	0.1111111111111111	0.2702
3207	G80	H58	0.1111111111111111	0.2702
3208	G80	H03	0.1111111111111111	0.2702
3209	G80	L86	0.1111111111111111	0.2702
3210	G80	N51	0.1111111111111111	0.2702
3211	G80	M63	0.1111111111111111	0.2702
3212	G80	K87	0.1111111111111111	0.2702
3213	G80	M49	0.1111111111111111	0.2702
3214	G80	I52	0.1111111111111111	0.2702
3215	G80	H75	0.1111111111111111	0.2702
3216	G80	F72	0.031746031746031744	0.2319
3217	G80	Q93	0.022988505747126436	0.2255
3218	G80	Q42	0.022727272727272728	0.1354
3219	G80	H27	0.0903954802259887	0.1833
3220	G80	H74	0.20512820512820512	0.1469
3221	G80	G93	0.05475040257648953	0.249
3222	G80	N50	0.1322314049586777	0.1599
3223	G80	K72	0.2653061224489796	0.0526
3224	G80	P22	0.20430107526881722	0.0651
3225	G80	N34	0.09210526315789473	0.2541
3226	G80	M14	0.13	0.2306
3227	G80	F41	0.09166666666666666	0.1434
3228	G80	M79	0.08139534883720931	0.0821
3229	G80	F09	0.0375	0.2627
3230	G80	F10	0.0962962962962963	0.0688
3231	G80	C64	0.08095238095238096	0.1448
3232	G80	F81	0.08609271523178808	0.0516
3233	G80	M48	0.0851063829787234	0.1172
3234	G80	N84	0.21333333333333335	0.1529
3235	G80	K64	0.08298755186721991	0.1115
3236	G80	Y14	0.13253012048192772	0.1942
3237	G80	T30	0.1792452830188679	0.0892
3238	G80	T09	0.08943089430894309	0.2432
3239	G80	R57	0.2087912087912088	0.1063
3240	G80	F02	0.20987654320987653	0.1476
3241	G80	G20+	0.2236842105263158	0.1809
3242	G80	M07	0.13978494623655913	0.2437
3243	G80	K45	0.14912280701754385	0.1344
3244	G80	K61	0.09210526315789473	0.2541
3245	G80	L55	0.05813953488372093	0.2692
3246	G80	K36	0.189873417721519	0.2089
3247	G93	A64	0.14699738903394255	0.0237
3248	G93	A43	0.0514018691588785	0.2712
3249	G93	C00	0.04962311557788945	0.2837
3250	G93	A70	0.04984423676012461	0.2821
3251	G93	A89	0.1419208469876481	0.027
3252	G93	B45	0.04984423676012461	0.2821
3253	G93	B76	0.04984423676012461	0.2821
3254	G93	B64	0.04984423676012461	0.2821
3255	G93	A44	0.04984423676012461	0.2821
3256	G93	B79	0.04984423676012461	0.2821
3257	G93	A03	0.04984423676012461	0.2821
3258	G93	C74	0.05003523608174771	0.2807
3259	G93	K21	0.14329268292682926	0.026
3260	G93	J22	0.048465266558966075	0.2922
3261	G93	A59	0.04984423676012461	0.2821
3262	G93	H02	0.14707419017763845	0.0236
3263	G93	C26	0.05358217940999398	0.2565
3264	G93	C30	0.049575070821529746	0.284
3265	G93	C69	0.048115477145148355	0.2948
3266	G93	C34	0.04968553459119497	0.2833
3267	G93	C31	0.04968553459119497	0.2833
3268	G93	C75	0.0495603517186251	0.2842
3269	G93	C41	0.04819277108433735	0.2942
3270	G93	C19	0.049654305468258955	0.2835
3271	G93	J44	0.14460909555442003	0.0252
3272	G93	C76	0.04780876494023904	0.2971
3273	G93	C70	0.04968553459119497	0.2833
3274	G93	L28	0.14703577957691302	0.0237
3275	G93	C05	0.05307096004770424	0.2599
3276	G93	C03	0.04968553459119497	0.2833
3277	G93	C02	0.04968553459119497	0.2833
3278	G93	C06	0.049654305468258955	0.2835
3279	G93	C12	0.049654305468258955	0.2835
3280	G93	T86	0.1462276380606689	0.0242
3281	G93	B21	0.049654305468258955	0.2835
3282	G93	S06	0.050080775444264945	0.2804
3283	G93	A88	0.04984423676012461	0.2821
3284	G93	M01	0.14702842377260983	0.0237
3285	G93	B94	0.14702842377260983	0.0237
3286	G93	B09	0.04984423676012461	0.2821
3287	G93	A08	0.04984423676012461	0.2821
3288	G93	B57	0.14707419017763845	0.0236
3289	G93	F71	0.08088235294117647	0.128
3290	G93	D73	0.14711262085184218	0.0236
3291	G93	H81	0.14600622406639005	0.0243
3292	G93	G41	0.04754358161648178	0.2991
3293	G93	H04	0.14703577957691302	0.0237
3294	G93	K11	0.14715107161526397	0.0236
3295	G93	G21	0.14585492227979274	0.0244
3296	G93	I78	0.14715107161526397	0.0236
3297	G93	A22	0.14715107161526397	0.0236
3298	G93	A31	0.14669098488796248	0.0239
3299	G93	G98	0.3313180169286578	0.0002
3300	G93	H11	0.14715107161526397	0.0236
3301	G93	N60	0.14707419017763845	0.0236
3302	G93	P55	0.14711262085184218	0.0236
3303	G93	A28	0.14715107161526397	0.0236
3304	G93	G96	0.5677083333333334	0.0
3305	G93	D43	0.05560791705937795	0.2436
3306	G93	E88	0.04812398042414356	0.2947
3307	G93	K86	0.14672921553296847	0.0238
3308	G93	O43	0.1442849820604818	0.0254
3309	G93	N71	0.14715107161526397	0.0236
3310	G93	H61	0.14715107161526397	0.0236
3311	G93	A85	0.14715107161526397	0.0236
3312	G93	E32	0.14715107161526397	0.0236
3313	G93	M92	0.14715107161526397	0.0236
3314	G93	K67	0.14715107161526397	0.0236
3315	G93	F62	0.14703577957691302	0.0237
3316	G93	G09	0.14715107161526397	0.0236
3317	G93	G01	0.1469590185330201	0.0237
3318	G93	K38	0.14715107161526397	0.0236
3319	G93	B99	0.14715107161526397	0.0236
3320	G93	A56	0.14715107161526397	0.0236
3321	G93	G02	0.1469590185330201	0.0237
3322	G93	D63	0.14715107161526397	0.0236
3323	G93	B89	0.14715107161526397	0.0236
3324	G93	B97	0.14715107161526397	0.0236
3325	G93	B95	0.14715107161526397	0.0236
3326	G93	F54	0.14711262085184218	0.0236
3327	G93	F06	0.14715107161526397	0.0236
3328	G93	G24	0.08793103448275862	0.0081
3329	G93	G20	0.043478260869565216	0.112
3330	G93	F84	0.041428571428571426	0.1461
3331	G93	Q02	0.05446927374301676	0.1115
3332	G93	F81	0.037209302325581395	0.2789
3333	G93	I48	0.03172205438066465	0.2483
3334	I67	I10	0.06296296296296296	0.058
3335	I67	Q61	0.04660194174757282	0.0597
3336	I67	R82	0.04852824184566428	0.1305
3337	I67	F53	0.03405865657521287	0.2731
3338	I67	I48	0.03533278553820871	0.2118
3339	I67	I23	0.06748466257668712	0.0546
3340	F10	N19	0.053691275167785234	0.2254
3341	F10	G30	0.04878048780487805	0.2584
3342	F10	M10	0.044642857142857144	0.2899
3343	F10	A43	0.05660377358490566	0.2079
3344	F10	F51	0.07339449541284404	0.1302
3345	F10	A90	0.0673076923076923	0.1543
3346	F10	A70	0.056962025316455694	0.2058
3347	F10	K58	0.05128205128205128	0.241
3348	F10	I60	0.07207207207207207	0.1351
3349	F10	B45	0.056962025316455694	0.2058
3350	F10	B76	0.056962025316455694	0.2058
3351	F10	F39	0.14953271028037382	0.0155
3352	F10	B64	0.056962025316455694	0.2058
3353	F10	J32	0.06716417910447761	0.1549
3354	F10	A44	0.056962025316455694	0.2058
3355	F10	B79	0.056962025316455694	0.2058
3356	F10	A03	0.056962025316455694	0.2058
3357	F10	A95	0.07	0.1432
3358	F10	J22	0.06766917293233082	0.1528
3359	F10	A59	0.056962025316455694	0.2058
3360	F10	K02	0.09302325581395349	0.0753
3361	F10	A68	0.06	0.1891
3362	F10	J98	0.04950495049504951	0.2532
3363	F10	A93	0.06	0.1891
3364	F10	A25	0.06	0.1891
3365	F10	A01	0.058823529411764705	0.1954
3366	F10	I00-I02	0.05343511450381679	0.227
3367	F10	A96	0.05714285714285714	0.2048
3368	F10	I00	0.05511811023622047	0.2166
3369	F10	I01	0.047244094488188976	0.2697
3370	F10	D35	0.064	0.1692
3371	F10	R04	0.050314465408805034	0.2476
3372	F10	S06	0.1	0.062
3373	F10	A97	0.058823529411764705	0.1954
3374	F10	A88	0.056962025316455694	0.2058
3375	F10	A94	0.07	0.1432
3376	F10	I62	0.050314465408805034	0.2476
3377	F10	B09	0.056962025316455694	0.2058
3378	F10	F05	0.13559322033898305	0.0229
3379	F10	A08	0.056962025316455694	0.2058
3380	F10	F99	0.15760869565217392	0.0124
3381	F10	I95	0.08333333333333333	0.0987
3382	F10	L29	0.08108108108108109	0.1051
3383	F10	J81	0.07317073170731707	0.1311
3384	F10	K65	0.06976744186046512	0.1441
3385	F10	D06	0.05325443786982249	0.2282
3386	F10	K30	0.08045977011494253	0.107
3387	F10	G10	0.0761904761904762	0.1205
3388	F10	A37	0.1	0.062
3389	F10	K81	0.04395604395604396	0.2955
3390	F10	J00	0.052083333333333336	0.2357
3391	F10	G41	0.06206896551724138	0.1785
3392	F10	F91	0.05825242718446602	0.1986
3393	F10	F23	0.05319148936170213	0.2286
3394	F10	F50	0.1625	0.0108
3395	F10	F52	0.0759493670886076	0.1213
3396	F10	F17	0.050724637681159424	0.2448
3397	F10	D26	0.05952380952380952	0.1917
3398	F10	O00	0.055248618784530384	0.2159
3399	F10	R41	0.05194805194805195	0.2366
3400	F10	F11	0.18292682926829268	0.0061
3401	F10	H74	0.05747126436781609	0.2029
3402	F10	K72	0.08928571428571429	0.0836
3403	F10	P22	0.0784313725490196	0.1132
3404	F10	N34	0.06578947368421052	0.161
3405	F10	M14	0.04716981132075472	0.2702
3406	F10	F41	0.10256410256410256	0.0577
3407	F10	M79	0.10975609756097561	0.0472
3408	F10	F09	0.0718954248366013	0.1358
3409	F10	E50	0.03529411764705882	0.0024
3410	F10	F43	0.0410958904109589	0.0757
3411	F10	G20	0.05223880597014925	0.0717
3412	F10	F12	0.08247422680412371	0.0323
3413	F10	F98	0.07368421052631578	0.1047
3414	F10	Q96	0.022727272727272728	0.2686
3415	F10	M48	0.05263157894736842	0.2661
3416	F10	P96	0.046052631578947366	0.1366
3417	F10	O90	0.03896103896103896	0.254
3418	F10	M51	0.03389830508474576	0.1458
3419	G96	A64	0.23546284224250327	0.0074
3420	G96	A89	0.22734138972809667	0.0088
3421	G96	C43	0.05861581920903955	0.2966
3422	G96	K21	0.2296954314720812	0.0084
3423	G96	H02	0.2355857031046178	0.0074
3424	G96	C26	0.060759493670886074	0.2837
3425	G96	J44	0.2333844580777096	0.0078
3426	G96	L28	0.23552425665101723	0.0074
3427	G96	C05	0.06027122049221497	0.2865
3428	G96	T86	0.23375614807144707	0.0077
3429	G96	M01	0.23617571059431525	0.0073
3430	G96	B94	0.23617571059431525	0.0073
3431	G96	B57	0.2355857031046178	0.0471
3432	G96	F71	0.06788511749347259	0.0916
3433	G96	D73	0.2356471816283925	0.0471
3434	G96	H81	0.2338772338772339	0.047
3435	G96	H04	0.23552425665101723	0.0471
3436	G96	K11	0.23570869224745497	0.0471
3437	G96	G21	0.2336351875808538	0.0461
3438	G96	I78	0.23570869224745497	0.0471
3439	G96	A22	0.23570869224745497	0.0471
3440	G96	A31	0.23497267759562843	0.0466
3441	G96	G98	0.5389728096676737	0.0
3442	G96	H11	0.23570869224745497	0.0471
3443	G96	N60	0.2355857031046178	0.0469
3444	G96	P55	0.2356471816283925	0.0471
3445	G96	A28	0.23570869224745497	0.0471
3446	G96	K86	0.23503383654346693	0.0471
3447	G96	O43	0.2311236242641413	0.0471
3448	G96	N71	0.23570869224745497	0.0471
3449	G96	H61	0.23570869224745497	0.0471
3450	G96	G62	0.11753183153770813	0.0871
3451	G96	G24	0.055135135135135134	0.0506
3452	G96	F00	0.03177124702144559	0.181
3453	G96	G20	0.05750798722044728	0.0547
3454	G96	F84	0.032692307692307694	0.2197
3455	G96	G11	0.08700322234156821	0.0912
3456	G96	G60	0.060897435897435896	0.1718
3457	G96	E88	0.07378129117259552	0.2502
3458	G96	G70	0.07952286282306163	0.1676
3459	G96	E75	0.024922118380062305	0.2435
3460	G96	G12	0.05945945945945946	0.0647
3461	G96	Q02	0.045627376425855515	0.1597
3462	G96	G82	0.08055853920515575	0.1137
3463	G96	A85	0.23570869224745497	0.0471
3464	G96	E32	0.23570869224745497	0.0471
3465	G96	M92	0.23570869224745497	0.0471
3466	G96	D43	0.06510094767202307	0.1429
3467	G96	G13	0.1125370187561698	0.0467
3468	G96	G99	0.11549851924975321	0.041
3469	G96	I48	0.03759854457246816	0.1917
3470	G96	K67	0.23570869224745497	0.0471
3471	G96	F62	0.23552425665101723	0.0471
3472	G96	G09	0.23570869224745497	0.0471
3473	G96	G01	0.2354014598540146	0.0471
3474	G96	K38	0.23570869224745497	0.0471
3475	G96	B99	0.23570869224745497	0.0471
3476	G96	E90	0.07232913072329131	0.2678
3477	G96	A56	0.23570869224745497	0.0471
3478	G96	G02	0.2354014598540146	0.0471
3479	G96	D63	0.23570869224745497	0.0471
3480	G96	B89	0.23570869224745497	0.0471
3481	G96	B97	0.23570869224745497	0.0471
3482	G96	B95	0.23570869224745497	0.0471
3483	G96	F54	0.2356471816283925	0.0465
3484	G96	F06	0.23570869224745497	0.0471
3485	F53	C62	0.03686635944700461	0.2453
3486	F53	C71	0.03676470588235294	0.2463
3487	F53	A43	0.034782608695652174	0.2657
3488	F53	C08	0.03693444136657433	0.2447
3489	F53	C25	0.03693444136657433	0.2447
3490	F53	C00	0.034482758620689655	0.2687
3491	F53	C67	0.03633060853769301	0.2504
3492	F53	A70	0.03483309143686502	0.2652
3493	F53	C09	0.03693444136657433	0.2447
3494	F53	C60	0.03693444136657433	0.2447
3495	F53	B45	0.03483309143686502	0.2652
3496	F53	C32	0.03673094582185491	0.2466
3497	F53	C50	0.03636363636363636	0.2501
3498	F53	C61	0.03680430879712747	0.2459
3499	F53	B76	0.03483309143686502	0.2652
3500	F53	C10	0.03686635944700461	0.2453
3501	F53	B64	0.03483309143686502	0.2652
3502	F53	C51	0.037753222836095765	0.2371
3503	F53	C49	0.0371713508612874	0.2425
3504	F53	A44	0.03483309143686502	0.2652
3505	F53	C66	0.03693444136657433	0.2447
3506	F53	B79	0.03483309143686502	0.2652
3507	F53	A03	0.03483309143686502	0.2652
3508	F53	C73	0.03669724770642202	0.2469
3509	F53	C37	0.03693444136657433	0.2447
3510	F53	C23	0.03663003663003663	0.2476
3511	F53	C56	0.037340619307832425	0.2409
3512	F53	C74	0.03310810810810811	0.2832
3513	F53	C04	0.03673094582185491	0.2466
3514	F53	C54	0.036596523330283626	0.2479
3515	F53	J22	0.03458646616541353	0.2677
3516	F53	C16	0.036003600360036005	0.2536
3517	F53	C11	0.03683241252302026	0.2456
3518	F53	A59	0.03483309143686502	0.2652
3519	F53	C40	0.03693444136657433	0.2447
3520	F53	C26	0.038908246225319396	0.2269
3521	F53	C63	0.0371713508612874	0.2425
3522	F53	C30	0.03328804347826087	0.2813
3523	F53	C69	0.03379416282642089	0.2759
3524	F53	C34	0.034524530587522716	0.2683
3525	F53	C31	0.034524530587522716	0.2683
3526	F53	C75	0.03363914373088685	0.2775
3527	F53	I00-I02	0.03323262839879154	0.2819
3528	F53	C41	0.033846153846153845	0.2754
3529	F53	C19	0.03450363196125908	0.2685
3530	F53	C76	0.03358778625954199	0.2781
3531	F53	C70	0.034524530587522716	0.2683
3532	F53	C05	0.03855005753739931	0.23
3533	F53	C03	0.034524530587522716	0.2683
3534	F53	C02	0.034524530587522716	0.2683
3535	F53	C06	0.03450363196125908	0.2685
3536	F53	C12	0.03450363196125908	0.2685
3537	F53	F00	0.023711340206185566	0.2801
3538	F53	H52	0.05401234567901234	0.1117
3539	K64	M86	0.04854368932038835	0.2776
3540	K64	A43	0.08494208494208494	0.1059
3541	K64	F51	0.059907834101382486	0.2055
3542	K64	J21	0.05181347150259067	0.2546
3543	K64	A70	0.08527131782945736	0.105
3544	K64	B45	0.08527131782945736	0.105
3545	K64	B76	0.08527131782945736	0.105
3546	K64	M45	0.049586776859504134	0.27
3547	K64	B64	0.08527131782945736	0.105
3548	K64	J32	0.08936170212765958	0.0942
3549	K64	A44	0.08527131782945736	0.105
3550	K64	B79	0.08527131782945736	0.105
3551	K64	A03	0.08527131782945736	0.105
3552	K64	I50	0.046632124352331605	0.292
3553	K64	J22	0.08974358974358974	0.0932
3554	K64	I21	0.05504587155963303	0.2337
3555	K64	A59	0.08527131782945736	0.105
3556	K64	B54	0.05240174672489083	0.2507
3557	K64	C95	0.05	0.2671
3558	K64	N40	0.0695970695970696	0.159
3559	K64	I83	0.08882521489971347	0.0955
3560	K64	K12	0.0707070707070707	0.1544
3561	K64	J98	0.05863192182410423	0.2126
3562	K64	M70	0.06914893617021277	0.1609
3563	K64	O15	0.07	0.1573
3564	K64	M71	0.06914893617021277	0.1609
3565	K64	G95	0.05181347150259067	0.2546
3566	K64	M19	0.04912280701754386	0.2734
3567	K64	L57	0.05928853754940711	0.2089
3568	K64	D35	0.06493506493506493	0.1799
3569	K64	R04	0.11553784860557768	0.047
3570	K64	S06	0.09401709401709402	0.0832
3571	K64	A88	0.08527131782945736	0.105
3572	K64	J90	0.05181347150259067	0.2546
3573	K64	I62	0.11553784860557768	0.047
3574	K64	B09	0.08527131782945736	0.105
3575	K64	J91	0.05181347150259067	0.2546
3576	K64	F05	0.046610169491525424	0.2922
3577	K64	A08	0.08527131782945736	0.105
3578	K64	C81	0.05405405405405406	0.2399
3579	K64	I95	0.09401709401709402	0.0832
3580	K64	A80	0.04838709677419355	0.2787
3581	K64	L29	0.07373271889400922	0.1425
3582	K64	K37	0.050505050505050504	0.2636
3583	K64	K35	0.050761421319796954	0.2618
3584	K64	A37	0.08837209302325581	0.0967
3585	K64	K41	0.09009009009009009	0.0924
3586	K64	K40	0.09130434782608696	0.0895
3587	K64	K81	0.10638297872340426	0.06
3588	K64	J00	0.0594059405940594	0.2083
3589	K64	K80	0.05185185185185185	0.2543
3590	K64	K42	0.06310679611650485	0.1888
3591	K64	F91	0.04716981132075472	0.2879
3592	K64	D25	0.058419243986254296	0.2138
3593	K64	N23	0.10204081632653061	0.0673
3594	K64	I46	0.04779411764705882	0.2832
3595	K64	K46	0.09009009009009009	0.0924
3596	K64	M65	0.05913978494623656	0.2097
3597	K64	I84	0.3870967741935484	0.0
3598	K64	O00	0.07420494699646643	0.1407
3599	K64	I73	0.053763440860215055	0.2418
3600	K64	Q54	0.058333333333333334	0.2143
3601	K64	M75	0.049107142857142856	0.2735
3602	K64	M14	0.09803921568627451	0.0748
3603	K64	N88	0.053475935828877004	0.2436
3604	K64	F81	0.04961832061068702	0.2698
3605	K64	T79	0.053475935828877004	0.2436
3606	K64	M48	0.065	0.1796
3607	K64	D77	0.055	0.234
3608	K64	L45	0.055	0.234
3609	K64	M68	0.055	0.234
3610	K64	G55	0.055	0.234
3611	K64	G94	0.055	0.234
3612	K64	H94	0.055	0.234
3613	K64	I98	0.055	0.234
3614	K64	M90	0.055	0.234
3615	K64	N33	0.055	0.234
3616	K64	K23	0.055	0.234
3617	K64	H45	0.055	0.234
3618	K64	N29	0.055	0.234
3619	K64	K77	0.055	0.234
3620	K64	M73	0.055	0.234
3621	K64	K93	0.055	0.234
3622	K64	H06	0.055	0.234
3623	K64	G32	0.055	0.234
3624	K64	N22	0.055	0.234
3625	K64	H36	0.055	0.234
3626	K64	H48	0.055	0.234
3627	K64	H22	0.055	0.234
3628	K64	N37	0.055	0.234
3629	K64	H62	0.055	0.234
3630	K64	I79	0.055	0.234
3631	K64	L14	0.055	0.234
3632	K64	H58	0.055	0.234
3633	K64	H03	0.055	0.234
3634	K64	L86	0.055	0.234
3635	K64	N51	0.055	0.234
3636	K64	M63	0.055	0.234
3637	K64	K87	0.055	0.234
3638	K64	M49	0.055	0.234
3639	K64	I52	0.055	0.234
3640	K64	H75	0.055	0.234
3641	K64	I10	0.02877697841726619	0.2745
3642	K64	Q51	0.02304147465437788	0.262
3643	K64	I48	0.029661016949152543	0.2719
3644	K64	T30	0.09767441860465116	0.2684
3645	K64	K45	0.09009009009009009	0.2979
3646	K64	M51	0.021739130434782608	0.2918
3647	I48	C62	0.028662420382165606	0.2841
3648	I48	C71	0.028594122319301033	0.285
3649	I48	D05	0.04433497536945813	0.1425
3650	I48	E14	0.03820960698689956	0.1866
3651	I48	A64	0.0512	0.1053
3652	I48	C08	0.028708133971291867	0.2835
3653	I48	C25	0.028708133971291867	0.2835
3654	I48	C00	0.0358719646799117	0.2069
3655	I48	C67	0.029921259842519685	0.2688
3656	I48	E84	0.030222693531283137	0.2653
3657	I48	A89	0.04987807581467524	0.1116
3658	I48	C43	0.044956140350877194	0.1386
3659	I48	C09	0.028708133971291867	0.2835
3660	I48	C60	0.028708133971291867	0.2835
3661	I48	A39	0.03464624361779723	0.2183
3662	I48	C32	0.02857142857142857	0.2852
3663	I48	C50	0.029133858267716535	0.2783
3664	I48	C61	0.030397505845674203	0.2632
3665	I48	C10	0.028662420382165606	0.2841
3666	I48	C51	0.0294351630867144	0.2746
3667	I48	C49	0.029042386185243328	0.2794
3668	I48	C66	0.028708133971291867	0.2835
3669	I48	I50	0.03505154639175258	0.2145
3670	I48	C73	0.030182684670373314	0.2657
3671	I48	C37	0.028708133971291867	0.2835
3672	I48	C23	0.029318541996830427	0.276
3673	I48	C56	0.029156816390858944	0.278
3674	I48	C74	0.03604153940134392	0.2053
3675	I48	K51	0.03890915407330207	0.181
3676	I48	K21	0.05091558731576597	0.1066
3677	I48	C04	0.02938840349483717	0.2752
3678	I48	C54	0.02929532858273951	0.2763
3679	I48	C16	0.0296875	0.2716
3680	I48	C11	0.028639618138424822	0.2844
3681	I48	E10	0.03682393555811277	0.1984
3682	I48	H02	0.05122341641893437	0.1052
3683	I48	C40	0.028708133971291867	0.2835
3684	I48	C26	0.03656597774244833	0.2006
3685	I48	C63	0.02823529411764706	0.2895
3686	I48	C30	0.03621853898096992	0.2037
3687	I48	C69	0.032060027285129605	0.2447
3688	I48	C34	0.03591160220994475	0.2065
3689	I48	C31	0.03591160220994475	0.2065
3690	I48	R82	0.033608116677235254	0.2285
3691	I48	C75	0.03333333333333333	0.2313
3692	I48	C41	0.03210382513661202	0.2442
3693	I48	C19	0.03589177250138045	0.2067
3694	I48	J44	0.05303370786516854	0.0971
3695	I48	C76	0.03188602442333786	0.2465
3696	I48	C70	0.03591160220994475	0.2065
3697	I48	L28	0.05097142857142857	0.1063
3698	I48	C05	0.03625853914871256	0.2034
3699	I48	C03	0.03591160220994475	0.2065
3700	I48	C02	0.03591160220994475	0.2065
3701	I48	C06	0.03589177250138045	0.2067
3702	I48	C12	0.03589177250138045	0.2067
3703	I48	E08-E13	0.0367816091954023	0.1987
3704	I48	T86	0.05159090909090909	0.1035
3705	I48	B21	0.03589177250138045	0.2067
3706	I48	M01	0.051856884057971016	0.1023
3707	I48	C01	0.028708133971291867	0.2835
3708	I48	B94	0.051856884057971016	0.1023
3709	I48	C39	0.028708133971291867	0.2835
3710	I48	B57	0.05098308184727938	0.1063
3711	I48	D73	0.050994740452778416	0.1062
3712	I48	H81	0.050658791458427985	0.1078
3713	I48	I42	0.06561085972850679	0.0557
3714	I48	H04	0.051452092385090326	0.1041
3715	I48	K11	0.0510064043915828	0.1062
3716	I48	G21	0.05228461013866788	0.1004
3717	I48	I78	0.0510064043915828	0.1062
3718	I48	A22	0.0510064043915828	0.1062
3719	I48	I49	0.039239001189060645	0.1784
3720	I48	A31	0.05086678832116788	0.1068
3721	I48	G98	0.035698924731182795	0.2084
3722	I48	Q22	0.16962025316455695	0.0005
3723	I48	I45	0.0592503022974607	0.0738
3724	I48	H52	0.028859060402684565	0.2817
3725	I48	H11	0.0510064043915828	0.1062
3726	I48	N60	0.05098308184727938	0.1063
3727	I48	P55	0.050994740452778416	0.1062
3728	I48	A28	0.0510064043915828	0.1062
3729	I48	I51	0.07991120976692564	0.0296
3730	I48	K86	0.05087839379420488	0.1068
3731	I48	O43	0.05037103665392399	0.1092
3732	I48	N71	0.0510064043915828	0.1062
3733	I48	Q25	0.14492753623188406	0.0016
3734	I48	H61	0.0510064043915828	0.1062
3735	I48	A85	0.0510064043915828	0.1062
3736	I48	E32	0.0510064043915828	0.1062
3737	I48	M92	0.0510064043915828	0.1062
3738	I48	D43	0.03163222269084774	0.2493
3739	I48	O99	0.07276995305164319	0.0406
3740	I48	K67	0.0510064043915828	0.1062
3741	I48	F62	0.05097142857142857	0.1063
3742	I48	G09	0.0510064043915828	0.1062
3743	I48	G01	0.05094813799405986	0.1065
3744	I48	K38	0.0510064043915828	0.1062
3745	I48	B99	0.0510064043915828	0.1062
3746	I48	A56	0.0510064043915828	0.1062
3747	I48	G02	0.05094813799405986	0.1065
3748	I48	D63	0.0510064043915828	0.1062
3749	I48	B89	0.0510064043915828	0.1062
3750	I48	B97	0.0510064043915828	0.1062
3751	I48	B95	0.0510064043915828	0.1062
3752	I48	F54	0.050994740452778416	0.1062
3753	I48	F06	0.0510064043915828	0.1062
3754	I48	G73	0.05392156862745098	0.0849
3755	I48	Q24	0.14027149321266968	0.0036
3756	I48	P56	0.03084223013048636	0.2078
3757	I48	I43	0.06293706293706294	0.2301
3758	R04	N19	0.18666666666666668	0.116
3759	R04	K85	0.10526315789473684	0.2971
3760	R04	M86	0.10714285714285714	0.2907
3761	R04	A43	0.35	0.0174
3762	R04	F51	0.26605504587155965	0.0462
3763	R04	A90	0.2	0.0994
3764	R04	A70	0.35251798561151076	0.0169
3765	R04	I60	0.17647058823529413	0.1305
3766	R04	B45	0.35251798561151076	0.0169
3767	R04	B76	0.35251798561151076	0.0169
3768	R04	B64	0.35251798561151076	0.0169
3769	R04	J32	0.3898305084745763	0.011
3770	R04	A44	0.35251798561151076	0.0169
3771	R04	B79	0.35251798561151076	0.0169
3772	R04	A03	0.35251798561151076	0.0169
3773	R04	A95	0.20754716981132076	0.0911
3774	R04	A38	0.12643678160919541	0.2327
3775	R04	A40	0.23214285714285715	0.0685
3776	R04	J22	0.4298245614035088	0.0069
3777	R04	A59	0.35251798561151076	0.0169
3778	R04	K02	0.13861386138613863	0.2021
3779	R04	A68	0.20952380952380953	0.089
3780	R04	K12	0.14285714285714285	0.1925
3781	R04	J98	0.1201923076923077	0.2501
3782	R04	A93	0.20952380952380953	0.089
3783	R04	A25	0.20952380952380953	0.089
3784	R04	M70	0.12371134020618557	0.2401
3785	R04	A01	0.205607476635514	0.0931
3786	R04	O15	0.14018691588785046	0.1985
3787	R04	I00-I02	0.16058394160583941	0.1568
3788	R04	M71	0.12371134020618557	0.2401
3789	R04	A96	0.2	0.0994
3790	R04	I00	0.16541353383458646	0.1483
3791	R04	I01	0.16666666666666666	0.1461
3792	R04	D35	0.18461538461538463	0.1187
3793	R04	P36	0.23214285714285715	0.0685
3794	R04	F99	0.04932735426008968	0.2528
3795	R04	I95	0.36666666666666664	0.0194
3796	R04	L29	0.25892857142857145	0.0843
3797	R04	J81	0.07920792079207921	0.2365
3798	R04	K65	0.20212765957446807	0.161
3799	R04	D06	0.12429378531073447	0.1576
3800	R04	G10	0.022900763358778626	0.2869
3801	R04	A37	0.3786407766990291	0.0464
3802	R04	K41	0.1450381679389313	0.142
3803	R04	K40	0.1357142857142857	0.137
3804	R04	K81	0.20833333333333334	0.146
3805	R04	J00	0.12962962962962962	0.1233
3806	R04	G41	0.08695652173913043	0.0765
3807	R04	K42	0.17592592592592593	0.1455
3808	R04	M41	0.05263157894736842	0.2028
3809	R04	I85	0.14583333333333334	0.0577
3810	R04	D25	0.09090909090909091	0.1043
3811	R04	N23	0.27835051546391754	0.0512
3812	R04	F50	0.07547169811320754	0.2057
3813	R04	I46	0.1286549707602339	0.038
3814	R04	K46	0.1450381679389313	0.142
3815	R04	L50	0.07964601769911504	0.2207
3816	R04	I84	0.2116788321167883	0.0335
3817	R04	Q93	0.018867924528301886	0.2947
3818	R04	D26	0.1702127659574468	0.2238
3819	R04	O00	0.28484848484848485	0.027
3820	R04	J61	0.05217391304347826	0.2482
3821	R04	Q54	0.06578947368421052	0.2694
3822	R04	H27	0.08717948717948718	0.1947
3823	R04	J96	0.08928571428571429	0.0404
3824	R04	H74	0.16494845360824742	0.2142
3825	R04	N50	0.16417910447761194	0.1025
3826	R04	T78	0.10576923076923077	0.1268
3827	R04	G57	0.06315789473684211	0.1663
3828	R04	K72	0.2882882882882883	0.0407
3829	R04	P22	0.1592920353982301	0.1192
3830	R04	N83	0.022727272727272728	0.2348
3831	R04	M27	0.05660377358490566	0.2708
3832	R04	M75	0.08333333333333333	0.1197
3833	R04	M14	0.2336448598130841	0.0713
3834	R04	K05	0.05660377358490566	0.2624
3835	R04	D3A	0.02702702702702703	0.1972
3836	R04	F12	0.04132231404958678	0.1798
3837	R04	M43	0.02830188679245283	0.2562
3838	R04	C64	0.09821428571428571	0.0957
3839	R04	F81	0.057803468208092484	0.1372
3840	R04	M48	0.08035714285714286	0.1322
3841	R04	O88	0.047619047619047616	0.2857
3842	R04	N84	0.1702127659574468	0.2238
3843	R04	U04	0.029787234042553193	0.2919
3844	R04	Y14	0.18947368421052632	0.0958
3845	R04	T30	0.14285714285714285	0.1458
3846	R04	T09	0.10071942446043165	0.2033
3847	R04	S06	0.4774774774774775	0.0096
3848	R04	R57	0.29	0.0443
3849	R04	F02	0.17	0.2125
3850	R04	G20+	0.17894736842105263	0.2549
3851	R04	A97	0.205607476635514	0.137
3852	R04	A88	0.35251798561151076	0.0298
3853	R04	M07	0.25	0.0797
3854	R04	K45	0.1450381679389313	0.142
3855	R04	A94	0.20754716981132076	0.1422
3856	R04	L58	0.07758620689655173	0.2001
3857	R04	I62	1.0	0.0
3858	R04	B09	0.35251798561151076	0.0298
3859	R04	F05	0.3135593220338983	0.0255
3860	R04	A08	0.35251798561151076	0.0298
3861	I62	N19	0.18666666666666668	0.116
3862	I62	K85	0.10526315789473684	0.2971
3863	I62	M86	0.10714285714285714	0.2907
3864	I62	A43	0.35	0.0174
3865	I62	F51	0.26605504587155965	0.0462
3866	I62	A90	0.2	0.0994
3867	I62	A70	0.35251798561151076	0.0169
3868	I62	I60	0.17647058823529413	0.1305
3869	I62	B45	0.35251798561151076	0.0169
3870	I62	B76	0.35251798561151076	0.0169
3871	I62	B64	0.35251798561151076	0.0169
3872	I62	J32	0.3898305084745763	0.011
3873	I62	A44	0.35251798561151076	0.0169
3874	I62	B79	0.35251798561151076	0.0169
3875	I62	A03	0.35251798561151076	0.0169
3876	I62	A95	0.20754716981132076	0.0911
3877	I62	A38	0.12643678160919541	0.2327
3878	I62	A40	0.23214285714285715	0.0685
3879	I62	J22	0.4298245614035088	0.0069
3880	I62	A59	0.35251798561151076	0.0169
3881	I62	K02	0.13861386138613863	0.2021
3882	I62	A68	0.20952380952380953	0.089
3883	I62	K12	0.14285714285714285	0.1925
3884	I62	J98	0.1201923076923077	0.2501
3885	I62	A93	0.20952380952380953	0.089
3886	I62	A25	0.20952380952380953	0.089
3887	I62	M70	0.12371134020618557	0.2401
3888	I62	A01	0.205607476635514	0.0931
3889	I62	O15	0.14018691588785046	0.1985
3890	I62	I00-I02	0.16058394160583941	0.1568
3891	I62	M71	0.12371134020618557	0.2401
3892	I62	A96	0.2	0.0994
3893	I62	I00	0.16541353383458646	0.1483
3894	I62	I01	0.16666666666666666	0.1461
3895	I62	D35	0.18461538461538463	0.1187
3896	I62	P36	0.23214285714285715	0.0685
3897	I62	S06	0.4774774774774775	0.004
3898	I62	A97	0.205607476635514	0.0931
3899	I62	A88	0.35251798561151076	0.0169
3900	I62	A94	0.20754716981132076	0.0911
3901	I62	J90	0.12121212121212122	0.2471
3902	I62	F99	0.04932735426008968	0.2528
3903	I62	I95	0.36666666666666664	0.0194
3904	I62	L29	0.25892857142857145	0.0843
3905	I62	J81	0.07920792079207921	0.2365
3906	I62	K65	0.20212765957446807	0.161
3907	I62	D06	0.12429378531073447	0.1576
3908	I62	G10	0.022900763358778626	0.2869
3909	I62	A37	0.3786407766990291	0.0464
3910	I62	K41	0.1450381679389313	0.142
3911	I62	K40	0.1357142857142857	0.137
3912	I62	K81	0.20833333333333334	0.146
3913	I62	J00	0.12962962962962962	0.1233
3914	I62	G41	0.08695652173913043	0.0765
3915	I62	K42	0.17592592592592593	0.1455
3916	I62	M41	0.05263157894736842	0.2028
3917	I62	I85	0.14583333333333334	0.0577
3918	I62	D25	0.09090909090909091	0.1043
3919	I62	N23	0.27835051546391754	0.0512
3920	I62	F50	0.07547169811320754	0.2057
3921	I62	I46	0.1286549707602339	0.038
3922	I62	K46	0.1450381679389313	0.142
3923	I62	L50	0.07964601769911504	0.2207
3924	I62	I84	0.2116788321167883	0.0335
3925	I62	Q93	0.018867924528301886	0.2947
3926	I62	D26	0.1702127659574468	0.2238
3927	I62	O00	0.28484848484848485	0.027
3928	I62	J61	0.05217391304347826	0.2482
3929	I62	Q54	0.06578947368421052	0.2694
3930	I62	H27	0.08717948717948718	0.1947
3931	I62	J96	0.08928571428571429	0.0404
3932	I62	H74	0.16494845360824742	0.2142
3933	I62	N50	0.16417910447761194	0.1025
3934	I62	T78	0.10576923076923077	0.1268
3935	I62	G57	0.06315789473684211	0.1663
3936	I62	K72	0.2882882882882883	0.0407
3937	I62	P22	0.1592920353982301	0.1192
3938	I62	N83	0.022727272727272728	0.2348
3939	I62	M27	0.05660377358490566	0.2708
3940	I62	M75	0.08333333333333333	0.1197
3941	I62	M14	0.2336448598130841	0.0713
3942	I62	K05	0.05660377358490566	0.2624
3943	I62	D3A	0.02702702702702703	0.1972
3944	I62	F12	0.04132231404958678	0.1798
3945	I62	M43	0.02830188679245283	0.2562
3946	I62	C64	0.09821428571428571	0.0957
3947	I62	F81	0.057803468208092484	0.1372
3948	I62	M48	0.08035714285714286	0.1322
3949	I62	O88	0.047619047619047616	0.2857
3950	I62	N84	0.1702127659574468	0.2238
3951	I62	U04	0.029787234042553193	0.2919
3952	I62	Y14	0.18947368421052632	0.0958
3953	I62	T30	0.14285714285714285	0.1458
3954	I62	T09	0.10071942446043165	0.2033
3955	I62	R57	0.29	0.0443
3956	I62	F02	0.17	0.2125
3957	I62	G20+	0.17894736842105263	0.2549
3958	I62	M07	0.25	0.0797
3959	I62	K45	0.1450381679389313	0.142
3960	I62	L58	0.07758620689655173	0.2001
3961	I62	B09	0.35251798561151076	0.0298
3962	I62	F05	0.3135593220338983	0.0255
3963	I62	A08	0.35251798561151076	0.0298
3964	F05	N19	0.19834710743801653	0.0986
3965	F05	M10	0.10526315789473684	0.293
3966	F05	A43	0.3220338983050847	0.0231
3967	F05	F51	0.26506024096385544	0.0451
3968	F05	K27	0.1095890410958904	0.2786
3969	F05	J03	0.15873015873015872	0.1568
3970	F05	A90	0.3026315789473684	0.029
3971	F05	A70	0.3247863247863248	0.0223
3972	F05	K58	0.12121212121212122	0.2432
3973	F05	I60	0.2441860465116279	0.0576
3974	F05	B45	0.3247863247863248	0.0223
3975	F05	B76	0.3247863247863248	0.0223
3976	F05	B64	0.3247863247863248	0.0223
3977	F05	J32	0.32323232323232326	0.0228
3978	F05	A44	0.3247863247863248	0.0223
3979	F05	B79	0.3247863247863248	0.0223
3980	F05	A03	0.3247863247863248	0.0223
3981	F05	A95	0.3194444444444444	0.0238
3982	F05	A38	0.15602836879432624	0.1619
3983	F05	A40	0.16778523489932887	0.1411
3984	F05	J22	0.3978494623655914	0.0094
3985	F05	A59	0.3247863247863248	0.0223
3986	F05	K02	0.22388059701492538	0.0731
3987	F05	A68	0.3055555555555556	0.028
3988	F05	J35	0.15873015873015872	0.1568
3989	F05	J98	0.13636363636363635	0.2037
3990	F05	A93	0.3055555555555556	0.028
3991	F05	A25	0.3055555555555556	0.028
3992	F05	A01	0.2972972972972973	0.0309
3993	F05	I00-I02	0.22330097087378642	0.0736
3994	F05	A96	0.2857142857142857	0.0354
3995	F05	I00	0.23232323232323232	0.0662
3996	F05	I01	0.2222222222222222	0.0745
3997	F05	D35	0.23469387755102042	0.0644
3998	F05	P36	0.16778523489932887	0.1411
3999	F05	S06	0.43956043956043955	0.0058
4000	F05	A97	0.2972972972972973	0.0309
4001	F05	A88	0.3247863247863248	0.0223
4002	F05	A94	0.3194444444444444	0.0238
4003	F05	B09	0.3247863247863248	0.0223
4004	F05	F99	0.08648648648648649	0.0894
4005	F05	I95	0.35051546391752575	0.0231
4006	F05	L29	0.21348314606741572	0.1303
4007	F05	J81	0.11764705882352941	0.1171
4008	F05	K65	0.3114754098360656	0.0596
4009	F05	D06	0.1527777777777778	0.1031
4010	F05	K30	0.20588235294117646	0.0227
4011	F05	G10	0.030612244897959183	0.188
4012	F05	A37	0.32926829268292684	0.0694
4013	F05	K81	0.1527777777777778	0.2442
4014	F05	J00	0.1125	0.1628
4015	F05	G41	0.05970149253731343	0.1716
4016	F05	M50	0.04	0.2663
4017	F05	M41	0.07407407407407407	0.1056
4018	F05	N23	0.1518987341772152	0.1982
4019	F05	F23	0.0875	0.069
4020	F05	F50	0.208955223880597	0.0122
4021	F05	F40	0.03076923076923077	0.2604
4022	F05	I46	0.0738255033557047	0.1539
4023	F05	F52	0.07352941176470588	0.1333
4024	F05	I84	0.09016393442622951	0.2363
4025	F05	Q93	0.0273972602739726	0.1692
4026	F05	J85	0.06722689075630252	0.2239
4027	F05	D26	0.26229508196721313	0.0991
4028	F05	O00	0.19333333333333333	0.0865
4029	F05	G00	0.03508771929824561	0.2317
4030	F05	R41	0.13114754098360656	0.1394
4031	F05	H27	0.10493827160493827	0.1393
4032	F05	P84	0.057971014492753624	0.092
4033	F05	F11	0.0759493670886076	0.0588
4034	F05	H74	0.25	0.0963
4035	F05	N50	0.21782178217821782	0.0485
4036	F05	K72	0.41025641025641024	0.0104
4037	F05	P22	0.2727272727272727	0.0259
4038	F05	N83	0.02	0.2796
4039	F05	N34	0.13114754098360656	0.1418
4040	F05	F41	0.11428571428571428	0.0885
4041	F05	M79	0.09722222222222222	0.0503
4042	F05	F09	0.07042253521126761	0.0808
4043	F05	F12	0.08139534883720931	0.0337
4044	F05	M43	0.02702702702702703	0.2725
4045	F05	F98	0.13924050632911392	0.0137
4046	F05	C64	0.11518324607329843	0.0637
4047	F05	F81	0.04895104895104895	0.1862
4048	F05	J09	0.05217391304347826	0.2432
4049	F05	M48	0.14285714285714285	0.0271
4050	F05	J11	0.05263157894736842	0.2395
4051	F05	N84	0.26229508196721313	0.0991
4052	F05	Q36	0.05194805194805195	0.2103
4053	F05	P96	0.05755395683453238	0.0827
4054	F05	O90	0.046153846153846156	0.1968
4055	F05	T57	0.0273972602739726	0.1741
4056	F05	Y14	0.15942028985507245	0.1391
4057	F05	R57	0.2631578947368421	0.0592
4058	F05	K61	0.13114754098360656	0.1418
4059	F05	M51	0.028037383177570093	0.2038
4060	F05	J10	0.05240174672489083	0.2425
4061	F05	A08	0.3247863247863248	0.0393
4062	I23	A64	0.03445834316733538	0.2277
4063	I23	C00	0.030397022332506202	0.2712
4064	I23	A89	0.03385178408051235	0.2337
4065	I23	C43	0.032825322391559206	0.2443
4066	I23	A19	0.030062393647192286	0.2751
4067	I23	K21	0.03503918856615952	0.222
4068	I23	H02	0.03447461629279811	0.2275
4069	I23	C26	0.0338680926916221	0.2335
4070	I23	C34	0.030434782608695653	0.2708
4071	I23	C31	0.030434782608695653	0.2708
4072	I23	R82	0.048183839881393624	0.1259
4073	I23	C20	0.03330625507717303	0.2393
4074	I23	C19	0.03041589075108628	0.271
4075	I23	J44	0.033765032377428304	0.2346
4076	I23	C70	0.030434782608695653	0.2708
4077	I23	L28	0.03446647780925401	0.2276
4078	I23	C05	0.0347672362993518	0.2247
4079	I23	C03	0.030434782608695653	0.2708
4080	I23	C02	0.030434782608695653	0.2708
4081	I23	C06	0.03041589075108628	0.271
4082	I23	C12	0.03041589075108628	0.271
4083	I23	G05	0.030079455164585697	0.2749
4084	I23	G63	0.030371203599550055	0.2715
4085	I23	T86	0.03471733520994605	0.2251
4086	I23	B21	0.03041589075108628	0.271
4087	I23	G01*	0.030079455164585697	0.2749
4088	I23	A17	0.030079455164585697	0.2749
4089	I23	G07*	0.030079455164585697	0.2749
4090	I23	M01	0.03408825589540042	0.2313
4091	I23	B94	0.03408825589540042	0.2313
4092	I23	B90	0.030079455164585697	0.2749
4093	I23	F00	0.02608695652173913	0.2463
4094	I23	I10	0.032357473035439135	0.2335
4095	N10	N11	1.0	0.0031
4096	N10	A00	0.05263157894736842	0.222
4097	N10	H46	0.41379310344827586	0.0
4098	N10	B02	0.03225806451612903	0.1825
4099	N10	N12	0.03571428571428571	0.1205
4100	N10	H15	0.75	0.0329
4101	N10	G58	0.75	0.0329
4102	N10	M67	0.05263157894736842	0.1366
4103	N10	M30	0.5	0.0
4104	N10	H01	0.75	0.0329
4105	N10	A09	0.75	0.0329
4106	N11	A00	0.05263157894736842	0.222
4107	N11	H46	0.41379310344827586	0.0
4108	N11	B02	0.03225806451612903	0.1825
4109	N11	N12	0.03571428571428571	0.1205
4110	N11	H15	0.75	0.0329
4111	N11	G58	0.75	0.0329
4112	N11	M67	0.05263157894736842	0.1366
4113	N11	M30	0.5	0.0
4114	N11	H01	0.75	0.0329
4115	N11	A09	0.75	0.0329
4116	A00	L52	0.2727272727272727	0.0002
4117	A00	L51	0.1111111111111111	0.0395
4118	A00	H80	0.03333333333333333	0.135
4119	A00	B34	0.04	0.1022
4120	A00	A71	0.09090909090909091	0.2215
4121	A00	B02	0.05263157894736842	0.0618
4122	A00	M67	0.14285714285714285	0.0041
4123	A00	M35	0.043478260869565216	0.2089
4124	A00	M24	0.043478260869565216	0.2525
4125	A00	B01	0.03773584905660377	0.0576
4126	H46	L10	0.06	0.2084
4127	H46	L43	0.05263157894736842	0.2528
4128	H46	M08	0.057692307692307696	0.2214
4129	H46	M32	0.046296296296296294	0.2984
4130	H46	L51	0.06896551724137931	0.1647
4131	H46	M60	0.05555555555555555	0.2341
4132	H46	N03	0.03125	0.1814
4133	H46	M87	0.08333333333333333	0.0362
4134	H46	H20	0.034482758620689655	0.2906
4135	H46	A49	0.05263157894736842	0.1212
4136	H46	K29	0.0625	0.0441
4137	H46	L12	0.1111111111111111	0.0398
4138	H46	G47	0.05714285714285714	0.1261
4139	H46	F40	0.03333333333333333	0.2326
4140	H46	B27	0.054945054945054944	0.0674
4141	H46	E31	0.05555555555555555	0.2073
4142	H46	A04	0.044444444444444446	0.2106
4143	H46	G37	0.03225806451612903	0.117
4144	H46	J66	0.05	0.1349
4145	H46	P84	0.12121212121212122	0.0065
4146	H46	E05	0.04054054054054054	0.1391
4147	H46	H15	0.48	0.1183
4148	H46	G58	0.48	0.1183
4149	H46	M67	0.03571428571428571	0.2602
4150	H46	E80	0.046511627906976744	0.05
4151	H46	M35	0.046511627906976744	0.1873
4152	H46	M30	0.40625	0.0001
4153	H46	G04	0.02040816326530612	0.191
4154	H46	H01	0.48	0.1183
4155	H46	I75	0.047619047619047616	0.1495
4156	H46	Q96	0.05	0.0541
4157	H46	G36	0.05555555555555555	0.1229
4158	H46	A09	0.48	0.1183
4159	B02	L52	0.04	0.121
4160	B02	K50	0.046511627906976744	0.0856
4161	B02	A43	0.027777777777777776	0.2314
4162	B02	M08	0.045454545454545456	0.0906
4163	B02	J03	0.07692307692307693	0.0168
4164	B02	A70	0.028037383177570093	0.2283
4165	B02	K58	0.03125	0.1926
4166	B02	L51	0.047619047619047616	0.0807
4167	B02	B45	0.028037383177570093	0.2283
4168	B02	K74	0.02666666666666667	0.2455
4169	B02	B76	0.028037383177570093	0.2283
4170	B02	M45	0.024390243902439025	0.2769
4171	B02	B64	0.028037383177570093	0.2283
4172	B02	C84	0.023076923076923078	0.2968
4173	B02	A44	0.028037383177570093	0.2283
4174	B02	B79	0.028037383177570093	0.2283
4175	B02	A03	0.028037383177570093	0.2283
4176	B02	B34	0.26666666666666666	0.0
4177	B02	A71	0.09090909090909091	0.0079
4178	B02	A59	0.028037383177570093	0.2283
4179	B02	J35	0.07692307692307693	0.2804
4180	B02	D82	0.03571428571428571	0.0047
4181	B02	A63	0.11764705882352941	0.0055
4182	B02	L94	0.03225806451612903	0.2626
4183	B02	M67	0.05263157894736842	0.1366
4184	B02	K73	0.034482758620689655	0.1063
4185	B02	M24	0.058823529411764705	0.1548
4186	B02	M43	0.03333333333333333	0.2006
4187	B02	D89	0.037037037037037035	0.0757
4188	N12	J62	0.09523809523809523	0.0032
4189	N12	M32	0.030612244897959183	0.1634
4190	N12	K74	0.027777777777777776	0.1936
4191	N12	M60	0.04	0.0932
4192	N12	J60	0.0625	0.0239
4193	N12	J80	0.058823529411764705	0.0299
4194	N12	B67	0.020833333333333332	0.2926
4195	N12	I64	0.05128205128205128	0.0472
4196	N12	U07	0.08	0.0082
4197	N12	G03	0.05555555555555555	0.0364
4198	N12	N03	0.05	0.0644
4199	N12	A49	0.037037037037037035	0.2271
4200	N12	N20	0.041666666666666664	0.0685
4201	N12	R21	0.047619047619047616	0.1835
4202	N12	H18	0.047619047619047616	0.0569
4203	N12	N16	0.14285714285714285	0.0073
4204	N12	B72	0.047619047619047616	0.1132
4205	H15	G58	1.0	0.0095
4206	H15	M67	0.06666666666666667	0.0798
4207	H15	M30	0.6	0.0
4208	H15	H01	1.0	0.0095
4209	H15	A09	1.0	0.0095
4210	G58	M67	0.06666666666666667	0.0798
4211	G58	M30	0.6	0.0
4212	G58	H01	1.0	0.0095
4213	G58	A09	1.0	0.0095
4214	M67	L52	0.07692307692307693	0.0537
4215	M67	L51	0.1111111111111111	0.0142
4216	M67	B34	0.04	0.2211
4217	M67	A71	0.09090909090909091	0.0313
4218	M67	M35	0.043478260869565216	0.1937
4219	M67	M30	0.043478260869565216	0.1937
4220	M67	H01	0.06666666666666667	0.0798
4221	M67	M24	0.043478260869565216	0.1937
4222	M67	A09	0.06666666666666667	0.0798
4223	M67	H33	0.043478260869565216	0.1937
4224	M67	Q18	0.037037037037037035	0.2475
4225	M67	E27	0.041666666666666664	0.2075
4226	M67	M87	0.058823529411764705	0.1078
4227	M67	H80	0.06896551724137931	0.073
4228	M67	N30	0.09090909090909091	0.245
4229	M67	M42	0.14285714285714285	0.0
4230	M67	E24	0.07142857142857142	0.2279
4231	M67	Q77	0.043478260869565216	0.0373
4232	M67	E76	0.03125	0.1467
4233	M67	M94	0.058823529411764705	0.0329
4234	M67	M22	0.09090909090909091	0.0082
4235	M67	M91	0.25	0.0021
4236	M30	M10	0.06666666666666667	0.213
4237	M30	L51	0.08333333333333333	0.1445
4238	M30	M45	0.060240963855421686	0.2474
4239	M30	L12	0.08695652173913043	0.1327
4240	M30	M35	0.1111111111111111	0.0755
4241	M30	B18	0.043478260869565216	0.1766
4242	M30	B49	0.1	0.0507
4243	M30	B19	0.07407407407407407	0.1371
4244	M30	H20	0.041666666666666664	0.2244
4245	M30	A49	0.06060606060606061	0.0878
4246	M30	J47	0.037037037037037035	0.1097
4247	M30	B15	0.08333333333333333	0.1759
4248	M30	R21	0.03571428571428571	0.2808
4249	M30	D80	0.09523809523809523	0.0084
4250	M30	H01	0.6	0.0675
4251	M30	I72	0.03669724770642202	0.2015
4252	M30	M24	0.08108108108108109	0.0759
4253	M30	G36	0.13793103448275862	0.0053
4254	M30	Q30	0.038461538461538464	0.2791
4255	M30	B17	0.08333333333333333	0.1759
4256	M30	A26	0.03571428571428571	0.2839
4257	M30	A09	0.6	0.0675
4258	H01	A09	1.0	0.0095
4259	J62	G30	0.03125	0.2757
4260	J62	D59	0.10714285714285714	0.0155
4261	J62	G50	0.1	0.0032
4262	J62	A32	0.058823529411764705	0.0127
4263	J62	M08	0.05263157894736842	0.2422
4264	J62	I15	0.034482758620689655	0.2579
4265	J62	M32	0.053763440860215055	0.1926
4266	J62	J64	0.044444444444444446	0.2055
4267	J62	K25	0.07692307692307693	0.0362
4268	J62	G41	0.04597701149425287	0.2576
4269	J62	M60	0.09523809523809523	0.0154
4270	J62	K90	0.05555555555555555	0.1335
4271	J62	I12	0.03333333333333333	0.2557
4272	J62	A49	0.041666666666666664	0.1885
4273	J62	K29	0.11764705882352941	0.0027
4274	J62	L12	0.07142857142857142	0.1264
4275	J62	J60	0.2727272727272727	0.0
4276	J62	G47	0.1	0.0263
4277	J62	J80	0.06451612903225806	0.0519
4278	J62	F01	0.03333333333333333	0.1823
4279	J62	N20	0.047619047619047616	0.0463
4280	J62	I64	0.11764705882352941	0.0109
4281	J62	E31	0.045454545454545456	0.2762
4282	J62	R21	0.05555555555555555	0.1381
4283	J62	E16	0.06666666666666667	0.0592
4284	J62	K55	0.05405405405405406	0.1129
4285	J62	U07	0.14285714285714285	0.0068
4286	J62	J61	0.08823529411764706	0.0944
4287	J62	J66	0.125	0.0063
4288	J62	E05	0.03333333333333333	0.1977
4289	J62	L94	0.04	0.1902
4290	J62	P27	0.05	0.1291
4291	J62	I27	0.04	0.1105
4292	J62	G61	0.058823529411764705	0.1706
4293	J62	M35	0.034482758620689655	0.2891
4294	J62	B72	0.11764705882352941	0.0043
4295	J62	D18	0.045454545454545456	0.1884
4296	J62	I72	0.03	0.2701
4297	J62	D17	0.03571428571428571	0.1065
4298	J62	Q96	0.038461538461538464	0.1069
4299	J62	M00-M02	0.07692307692307693	0.0338
4300	J62	L87	0.030303030303030304	0.2875
4301	J62	E65	0.05	0.1107
4302	G30	F03	0.10126582278481013	0.0126
4303	G30	D59	0.04054054054054054	0.2095
4304	G30	G50	0.030303030303030304	0.1798
4305	G30	G10	0.06666666666666667	0.0256
4306	G30	F00	0.09137055837563451	0.0067
4307	G30	K44	0.02877697841726619	0.2435
4308	G30	I61	0.04878048780487805	0.0731
4309	G30	K74	0.044642857142857144	0.1148
4310	G30	K25	0.03529411764705882	0.2192
4311	G30	F39	0.0392156862745098	0.2672
4312	G30	G20	0.04201680672268908	0.1206
4313	G30	I70	0.06091370558375635	0.2068
4314	G30	J60	0.034482758620689655	0.2951
4315	G30	F01	0.08450704225352113	0.0128
4316	G30	E85	0.1834862385321101	0.0014
4317	G30	E12	0.061224489795918366	0.0771
4318	G30	I64	0.06329113924050633	0.0887
4319	G30	A81	0.045454545454545456	0.0798
4320	G30	E75	0.03508771929824561	0.1358
4321	G30	E16	0.04	0.1849
4322	G30	H18	0.023529411764705882	0.2451
4323	G30	L65	0.017241379310344827	0.2703
4324	G30	L74	0.017241379310344827	0.0987
4325	G30	U07	0.06060606060606061	0.1226
4326	G30	P84	0.030303030303030304	0.2886
4327	G30	M35	0.0410958904109589	0.2277
4328	G30	Q90	0.03488372093023256	0.1017
4329	G30	B72	0.031746031746031744	0.235
4330	G30	F09	0.08888888888888889	0.0416
4331	G30	D09	0.03333333333333333	0.1779
4332	G30	Y84	0.02531645569620253	0.2394
4333	G30	I68	0.09859154929577464	0.0052
4334	G30	Z94	0.02531645569620253	0.2394
4335	D59	L52	0.03333333333333333	0.277
4336	D59	M10	0.031746031746031744	0.2945
4337	D59	D65	0.03333333333333333	0.277
4338	D59	G50	0.06451612903225806	0.0253
4339	D59	A32	0.044444444444444446	0.0373
4340	D59	M32	0.07920792079207921	0.088
4341	D59	K44	0.02857142857142857	0.246
4342	D59	N03	0.07407407407407407	0.0169
4343	D59	K74	0.025	0.2982
4344	D59	K25	0.0392156862745098	0.1851
4345	D59	K29	0.034482758620689655	0.18
4346	D59	L25	0.02127659574468085	0.2801
4347	D59	J60	0.19047619047619047	0.001
4348	D59	J80	0.07317073170731707	0.0347
4349	D59	N20	0.03125	0.1351
4350	D59	I64	0.11363636363636363	0.0127
4351	D59	R21	0.034482758620689655	0.2935
4352	D59	E16	0.04878048780487805	0.1273
4353	D59	D84	0.25925925925925924	0.0
4354	D59	H18	0.04	0.0905
4355	D59	U07	0.09375	0.0385
4356	D59	J66	0.05555555555555555	0.1078
4357	D59	P27	0.05714285714285714	0.0962
4358	D59	M35	0.05128205128205128	0.1576
4359	D59	B72	0.07142857142857142	0.0375
4360	D59	I72	0.03636363636363636	0.2045
4361	D59	M00-M02	0.041666666666666664	0.1614
4362	D59	N01	0.13636363636363635	0.0
4363	G50	L52	0.047619047619047616	0.0668
4364	G50	M10	0.037037037037037035	0.1224
4365	G50	K25	0.047619047619047616	0.1288
4366	G50	G20	0.02564102564102564	0.2763
4367	G50	N97	0.03636363636363636	0.1648
4368	G50	K29	0.05	0.0827
4369	G50	J60	0.14285714285714285	0.006
4370	G50	G47	0.043478260869565216	0.2074
4371	G50	F01	0.03125	0.2029
4372	G50	I64	0.05263157894736842	0.1336
4373	G50	E16	0.0625	0.0708
4374	G50	U07	0.08333333333333333	0.0554
4375	G50	J61	0.05405405405405406	0.2361
4376	G50	J66	0.07407407407407407	0.0509
4377	G50	C94	0.03225806451612903	0.2036
4378	G50	L94	0.037037037037037035	0.2152
4379	G50	P27	0.031746031746031744	0.2735
4380	G50	G61	0.05263157894736842	0.2063
4381	G50	B72	0.05	0.1014
4382	G50	M00-M02	0.06666666666666667	0.0533
4383	G50	D09	0.058823529411764705	0.0465
4384	G50	Q30	0.05555555555555555	0.1579
4385	A32	A21	0.018691588785046728	0.253
4386	A32	M32	0.017857142857142856	0.2691
4387	A32	K74	0.023529411764705882	0.1769
4388	A32	C92	0.017241379310344827	0.2816
4389	A32	A71	0.030303030303030304	0.107
4390	A32	J60	0.07142857142857142	0.0049
4391	A32	I64	0.038461538461538464	0.0583
4392	A32	J12	0.02127659574468085	0.209
4393	A32	M81	0.019230769230769232	0.2431
4394	A32	P27	0.025974025974025976	0.1476
4395	A32	C44	0.024096385542168676	0.1696
4396	A32	L73	0.01680672268907563	0.2908
4397	A32	C90	0.03333333333333333	0.0854
4398	A32	L27	0.017543859649122806	0.2754
4399	A32	C81	0.027777777777777776	0.1291
4400	A32	G41	0.028846153846153848	0.1193
4401	A32	F09	0.02631578947368421	0.1439
4402	A32	I72	0.02586206896551724	0.1488
4403	A32	C45	0.01694915254237288	0.2877
4404	A32	C18	0.02531645569620253	0.155
4405	A32	R21	0.029411764705882353	0.1144
4406	A32	C57	0.027777777777777776	0.1291
4407	A32	C22	0.017241379310344827	0.2816
4408	A32	Q35	0.02040816326530612	0.2228
4409	A32	U04	0.023529411764705882	0.1769
4410	A32	D27	0.058823529411764705	0.0647
4411	A32	K31	0.037037037037037035	0.0311
4412	A32	B72	0.06060606060606061	0.0621
4413	A32	K73	0.029411764705882353	0.1481
4414	A32	M00-M02	0.034482758620689655	0.2215
4415	A32	D10	0.034482758620689655	0.1905
4416	M08	B16	0.05102040816326531	0.253
4417	M08	L52	0.05263157894736842	0.2422
4418	M08	K50	0.05357142857142857	0.2361
4419	M08	L10	0.05454545454545454	0.23
4420	M08	A21	0.0660377358490566	0.1685
4421	M08	F51	0.05714285714285714	0.2144
4422	M08	L43	0.06557377049180328	0.1706
4423	M08	M00	0.3111111111111111	0.0002
4424	M08	L93	0.1038961038961039	0.0186
4425	M08	E06	0.07317073170731707	0.0115
4426	M08	M17	0.3076923076923077	0.0011
4427	M08	M32	0.11320754716981132	0.0308
4428	M08	N03	0.05555555555555555	0.0474
4429	M08	M60	0.10256410256410256	0.0111
4430	M08	B34	0.04	0.1022
4431	M08	M05	0.06047516198704104	0.1241
4432	M08	K90	0.05405405405405406	0.141
4433	M08	H20	0.06060606060606061	0.1134
4434	M08	A49	0.046511627906976744	0.1551
4435	M08	K29	0.05405405405405406	0.0674
4436	M08	L12	0.06060606060606061	0.1732
4437	M08	B55	0.05555555555555555	0.2118
4438	M08	G47	0.10526315789473684	0.0216
4439	M08	D83	0.037037037037037035	0.1242
4440	M08	E12	0.056910569105691054	0.0924
4441	M08	I64	0.03571428571428571	0.2556
4442	M08	E00	0.034031413612565446	0.2895
4443	M08	E31	0.075	0.1191
4444	M08	K55	0.03508771929824561	0.2436
4445	M08	A04	0.04	0.2462
4446	M08	G37	0.05714285714285714	0.0217
4447	M08	E03	0.03546099290780142	0.224
4448	M08	U07	0.047619047619047616	0.1926
4449	M08	C86	0.05263157894736842	0.2116
4450	M08	J63	0.03508771929824561	0.1671
4451	M08	Q41	0.02631578947368421	0.257
4452	M08	M31	0.03225806451612903	0.1513
4453	M08	E05	0.06493506493506493	0.0421
4454	M08	L94	0.09523809523809523	0.0187
4455	M08	K59	0.04	0.2634
4456	M08	M35	0.1111111111111111	0.018
4457	M08	G04	0.019417475728155338	0.2071
4458	M08	M24	0.041666666666666664	0.2674
4459	M08	D89	0.07692307692307693	0.0045
4460	M08	L92	0.030303030303030304	0.1916
4461	M08	M00-M02	0.0625	0.0642
4462	M08	K63	0.045454545454545456	0.2174
4463	M08	M02	0.2916666666666667	0.0012
4464	M08	M19	0.24347826086956523	0.0083
4465	M08	L13	0.038461538461538464	0.1885
4466	M08	G36	0.04878048780487805	0.1589
4467	M08	L27	0.05357142857142857	0.1683
4468	M08	O99	0.032679738562091505	0.2158
4469	M08	M09	0.2545454545454545	0.0024
4470	M08	A16	0.05454545454545454	0.1147
4471	M08	M13	0.3111111111111111	0.0011
4472	I15	I60	0.047619047619047616	0.1532
4473	I15	J43	0.03278688524590164	0.2758
4474	I15	I50	0.039301310043668124	0.2131
4475	I15	I70	0.03592814371257485	0.2436
4476	I15	I05	0.04	0.2073
4477	I15	J80	0.04878048780487805	0.1462
4478	I15	I64	0.06666666666666667	0.0716
4479	I15	K55	0.0425531914893617	0.1873
4480	I15	U07	0.0967741935483871	0.0212
4481	I15	O15	0.043478260869565216	0.1806
4482	I15	I95	0.034482758620689655	0.2579
4483	I15	K44	0.049019607843137254	0.0897
4484	I15	I12	0.5769230769230769	0.0
4485	I15	I10	0.14285714285714285	0.0014
4486	I15	N46	0.020202020202020204	0.2644
4487	I15	I49	0.02857142857142857	0.2593
4488	I15	Q61	0.036585365853658534	0.1101
4489	I15	Q23	0.02197802197802198	0.297
4490	I15	I27	0.058823529411764705	0.0382
4491	I15	M61	0.034482758620689655	0.2477
4492	I15	Q25	0.02824858757062147	0.2794
4493	I15	I72	0.0970873786407767	0.0142
4494	I15	I06	0.037037037037037035	0.2521
4495	I15	R80	0.05	0.1462
4496	I15	N06	0.05	0.1462
4497	M32	K50	0.11428571428571428	0.0298
4498	M32	M10	0.047619047619047616	0.2325
4499	M32	L10	0.04504504504504504	0.2517
4500	M32	A21	0.06875	0.1215
4501	M32	M00	0.18120805369127516	0.0037
4502	M32	L93	0.5212765957446809	0.0
4503	M32	M17	0.18	0.0039
4504	M32	E06	0.030303030303030304	0.1598
4505	M32	L88	0.0658682634730539	0.0622
4506	M32	N03	0.054945054945054944	0.049
4507	M32	B06	0.05194805194805195	0.1138
4508	M32	K74	0.04195804195804196	0.1308
4509	M32	M45	0.0684931506849315	0.2858
4510	M32	M60	0.06315789473684211	0.0636
4511	M32	M05	0.08070866141732283	0.0615
4512	M32	A49	0.05102040816326531	0.1293
4513	M32	K29	0.031914893617021274	0.2047
4514	M32	B55	0.045454545454545456	0.2811
4515	M32	J47	0.024793388429752067	0.2288
4516	M32	G47	0.041666666666666664	0.2215
4517	M32	J80	0.037383177570093455	0.1812
4518	M32	D83	0.055900621118012424	0.0425
4519	M32	E12	0.044444444444444446	0.156
4520	M32	N20	0.02040816326530612	0.2722
4521	M32	B67	0.04216867469879518	0.1559
4522	M32	B05	0.05194805194805195	0.1138
4523	M32	I64	0.05454545454545454	0.1242
4524	M32	Z88	0.032520325203252036	0.2762
4525	M32	J84	0.03428571428571429	0.2437
4526	M32	K55	0.044642857142857144	0.1655
4527	M32	A04	0.057692307692307696	0.1321
4528	M32	D84	0.06315789473684211	0.0277
4529	M32	E03	0.04081632653061224	0.1785
4530	M32	U07	0.0851063829787234	0.0521
4531	M32	J66	0.039603960396039604	0.2051
4532	M32	P84	0.030927835051546393	0.2813
4533	M32	E05	0.05263157894736842	0.077
4534	M32	L94	0.07216494845360824	0.0495
4535	M32	K59	0.05426356589147287	0.1634
4536	M32	M35	0.038461538461538464	0.2504
4537	M32	B72	0.031914893617021274	0.2332
4538	M32	I72	0.040229885057471264	0.1727
4539	M32	D89	0.030927835051546393	0.1162
4540	M32	D71	0.019801980198019802	0.0721
4541	M32	K63	0.056338028169014086	0.1507
4542	M32	M02	0.17419354838709677	0.0186
4543	M32	M19	0.18235294117647058	0.0278
4544	M32	L13	0.07096774193548387	0.0455
4545	M32	L27	0.053763440860215055	0.1672
4546	M32	O99	0.02857142857142857	0.2618
4547	M32	T57	0.030303030303030304	0.1444
4548	M32	M09	0.17365269461077845	0.0165
4549	M32	M13	0.18120805369127516	0.0194
4550	J64	J02	0.05263157894736842	0.1533
4551	J64	L10	0.04838709677419355	0.1785
4552	J64	D65	0.044444444444444446	0.2055
4553	J64	K27	0.07547169811320754	0.0676
4554	J64	J03	0.0425531914893617	0.2199
4555	J64	K58	0.04819277108433735	0.1797
4556	J64	I80	0.04878048780487805	0.176
4557	J64	K25	0.029850746268656716	0.2772
4558	J64	B00	0.057692307692307696	0.1479
4559	J64	I63	0.037037037037037035	0.2622
4560	J64	I05	0.04878048780487805	0.2947
4561	J64	K76	0.08695652173913043	0.0769
4562	J64	J63	0.7368421052631579	0.0
4563	J64	T75	0.022988505747126436	0.2714
4564	J64	B60	0.10810810810810811	0.1323
4565	J64	H91	0.032	0.2316
4566	J64	N98	0.045454545454545456	0.2987
4567	K25	J02	0.06060606060606061	0.0735
4568	K25	M10	0.07042253521126761	0.048
4569	K25	L10	0.034482758620689655	0.2271
4570	K25	K85	0.03225806451612903	0.2499
4571	K25	C93	0.028169014084507043	0.298
4572	K25	D65	0.05	0.1162
4573	K25	M86	0.03333333333333333	0.2386
4574	K25	K27	0.10638297872340426	0.0101
4575	K25	J03	0.047619047619047616	0.1288
4576	K25	A90	0.029411764705882353	0.2825
4577	K25	I80	0.05555555555555555	0.0914
4578	K25	I60	0.05405405405405406	0.0975
4579	K25	C55	0.03389830508474576	0.2328
4580	K25	H60	0.05405405405405406	0.0975
4581	K25	I61	0.03333333333333333	0.1679
4582	K25	F39	0.06493506493506493	0.1121
4583	K25	G41	0.046296296296296294	0.2551
4584	K25	B00	0.041666666666666664	0.2519
4585	K25	I30	0.06976744186046512	0.2369
4586	K25	I63	0.0625	0.104
4587	K25	K29	0.07894736842105263	0.0192
4588	K25	I05	0.05555555555555555	0.2485
4589	K25	J60	0.058823529411764705	0.124
4590	K25	J80	0.03773584905660377	0.1783
4591	K25	I64	0.07142857142857142	0.0649
4592	K25	K76	0.046511627906976744	0.2546
4593	K25	E16	0.038461538461538464	0.1974
4594	K25	K55	0.03389830508474576	0.2556
4595	K25	U07	0.06976744186046512	0.089
4596	K25	J61	0.05357142857142857	0.2391
4597	K25	J66	0.06521739130434782	0.0729
4598	K25	G03	0.05555555555555555	0.265
4599	K25	P84	0.047619047619047616	0.1412
4600	K25	J96	0.034482758620689655	0.2915
4601	K25	M81	0.037037037037037035	0.2688
4602	K25	M77	0.05714285714285714	0.2948
4603	K25	B72	0.05128205128205128	0.0956
4604	K25	F12	0.03225806451612903	0.2622
4605	K25	K73	0.02702702702702703	0.173
4606	K25	Q96	0.0425531914893617	0.084
4607	K25	M00-M02	0.02857142857142857	0.2872
4608	K25	Q37	0.03508771929824561	0.2975
4609	K25	N98	0.05128205128205128	0.2557
4610	G41	N19	0.050955414012738856	0.2223
4611	G41	M10	0.07758620689655173	0.101
4612	G41	A43	0.05389221556886228	0.2038
4613	G41	F51	0.07758620689655173	0.101
4614	G41	A90	0.08181818181818182	0.0891
4615	G41	A70	0.05421686746987952	0.2018
4616	G41	I60	0.10434782608695652	0.0456
4617	G41	B45	0.05421686746987952	0.2018
4618	G41	B76	0.05421686746987952	0.2018
4619	G41	B64	0.05421686746987952	0.2018
4620	G41	J32	0.06338028169014084	0.1539
4621	G41	A44	0.05421686746987952	0.2018
4622	G41	B79	0.05421686746987952	0.2018
4623	G41	A03	0.05421686746987952	0.2018
4624	G41	A95	0.08490566037735849	0.0813
4625	G41	A38	0.05172413793103448	0.2173
4626	G41	A40	0.043010752688172046	0.2812
4627	G41	J22	0.06382978723404255	0.1518
4628	G41	A59	0.05421686746987952	0.2018
4629	G41	K02	0.07368421052631578	0.1134
4630	G41	A68	0.08571428571428572	0.0793
4631	G41	J98	0.057692307692307696	0.1821
4632	G41	A93	0.08571428571428572	0.0793
4633	G41	A25	0.08571428571428572	0.0793
4634	G41	A01	0.08411214953271028	0.0832
4635	G41	I00-I02	0.06569343065693431	0.1437
4636	G41	D13	0.06315789473684211	0.1549
4637	G41	A96	0.08181818181818182	0.0891
4638	G41	I00	0.06766917293233082	0.1355
4639	G41	I01	0.06818181818181818	0.1335
4640	G41	D35	0.06015037593984962	0.1693
4641	G41	P36	0.043010752688172046	0.2812
4642	G41	S06	0.06338028169014084	0.1539
4643	G41	A97	0.08411214953271028	0.0832
4644	G41	A88	0.05421686746987952	0.2018
4645	G41	A94	0.08490566037735849	0.0813
4646	G41	B09	0.05421686746987952	0.2018
4647	G41	A08	0.05421686746987952	0.2018
4648	G41	I95	0.06338028169014084	0.1539
4649	G41	L29	0.06666666666666667	0.1396
4650	G41	J81	0.10344827586206896	0.0468
4651	G41	K65	0.07526881720430108	0.1082
4652	G41	A37	0.06611570247933884	0.1419
4653	G41	K41	0.0703125	0.1253
4654	G41	K40	0.06569343065693431	0.1437
4655	G41	F43	0.024390243902439025	0.2175
4656	G41	I61	0.037383177570093455	0.1351
4657	G41	I46	0.05263157894736842	0.2637
4658	G41	J85	0.05755395683453238	0.2779
4659	G41	R41	0.08536585365853659	0.2779
4660	G41	N34	0.08536585365853659	0.281
4661	G41	F09	0.04878048780487805	0.1755
4662	G41	D3A	0.030612244897959183	0.1586
4663	G41	F12	0.03669724770642202	0.218
4664	G41	K73	0.02459016393442623	0.2029
4665	G41	Q96	0.020833333333333332	0.2999
4666	G41	D19	0.05813953488372093	0.2701
4667	G41	K61	0.08536585365853659	0.281
4668	M60	B16	0.03614457831325301	0.2079
4669	M60	L10	0.07894736842105263	0.0316
4670	M60	F51	0.05555555555555555	0.0888
4671	M60	L43	0.043478260869565216	0.1509
4672	M60	M00	0.041237113402061855	0.1664
4673	M60	L93	0.046153846153846156	0.1342
4674	M60	M17	0.04081632653061224	0.1695
4675	M60	E06	0.038461538461538464	0.0972
4676	M60	N03	0.10526315789473684	0.0029
4677	M60	K90	0.1	0.0256
4678	M60	A49	0.07692307692307693	0.0454
4679	M60	K29	0.1	0.0066
4680	M60	L12	0.125	0.0265
4681	M60	B55	0.05263157894736842	0.2299
4682	M60	J60	0.0625	0.1087
4683	M60	G47	0.13636363636363635	0.0069
4684	M60	D83	0.021505376344086023	0.2987
4685	M60	N20	0.041666666666666664	0.0685
4686	M60	Z88	0.04	0.2051
4687	M60	E31	0.13043478260869565	0.0243
4688	M60	R21	0.047619047619047616	0.1835
4689	M60	G37	0.05263157894736842	0.0295
4690	M60	C86	0.05	0.2288
4691	M60	L94	0.03571428571428571	0.2274
4692	M60	M61	0.045454545454545456	0.1579
4693	M60	B72	0.047619047619047616	0.1132
4694	M60	L13	0.03409090909090909	0.2281
4695	M60	G36	0.08333333333333333	0.0428
4696	M60	A16	0.05128205128205128	0.131
4697	M60	J41	0.05555555555555555	0.2698
4698	K90	L10	0.05714285714285714	0.1259
4699	K90	F51	0.0392156862745098	0.2427
4700	K90	L43	0.07317073170731707	0.0697
4701	K90	K58	0.03508771929824561	0.2821
4702	K90	N03	0.0625	0.0322
4703	K90	A49	0.043478260869565216	0.1753
4704	K90	K29	0.058823529411764705	0.053
4705	K90	L12	0.07692307692307693	0.1078
4706	K90	G47	0.10526315789473684	0.0216
4707	K90	Z88	0.06666666666666667	0.0706
4708	K90	E31	0.1	0.0583
4709	K90	E05	0.03389830508474576	0.1924
4710	K90	D17	0.037037037037037035	0.098
4711	K90	G36	0.047619047619047616	0.166
4712	K90	P76	0.1111111111111111	0.052
4713	K90	A16	0.05714285714285714	0.1032
4714	K90	J41	0.0625	0.2289
4715	I12	I60	0.046875	0.1461
4716	I12	J43	0.03225806451612903	0.2672
4717	I12	I50	0.03463203463203463	0.2423
4718	I12	I70	0.029585798816568046	0.2983
4719	I12	I64	0.06521739130434782	0.0681
4720	I12	K55	0.041666666666666664	0.1813
4721	I12	U07	0.06060606060606061	0.0826
4722	I12	Q35	0.03260869565217391	0.2634
4723	I12	K44	0.058823529411764705	0.0552
4724	I12	H80	0.043478260869565216	0.073
4725	I12	I10	0.1523809523809524	0.0009
4726	I12	A27	0.043478260869565216	0.2017
4727	I12	Q61	0.06172839506172839	0.0235
4728	I12	C88	0.045454545454545456	0.0108
4729	I12	Q28	0.03125	0.0792
4730	I12	Q23	0.03296703296703297	0.1614
4731	I12	I27	0.05714285714285714	0.0421
4732	I12	M61	0.03333333333333333	0.2596
4733	I12	Q25	0.028089887640449437	0.2815
4734	I12	I72	0.09615384615384616	0.0148
4735	I12	I06	0.03571428571428571	0.2649
4736	A49	L52	0.041666666666666664	0.1885
4737	A49	K50	0.07317073170731707	0.0528
4738	A49	M10	0.03508771929824561	0.2456
4739	A49	L10	0.04878048780487805	0.1416
4740	A49	M86	0.046511627906976744	0.1551
4741	A49	F51	0.03508771929824561	0.2456
4742	A49	M00	0.04040404040404041	0.1983
4743	A49	L93	0.04477611940298507	0.1663
4744	A49	M17	0.04	0.2016
4745	A49	C84	0.03125	0.2865
4746	A49	H16	0.03225806451612903	0.2752
4747	A49	E20	0.04	0.2016
4748	A49	K29	0.09090909090909091	0.0257
4749	A49	A30	0.058333333333333334	0.0963
4750	A49	L12	0.1111111111111111	0.0113
4751	A49	C82	0.03225806451612903	0.2752
4752	A49	G47	0.08	0.04
4753	A49	J80	0.05555555555555555	0.1077
4754	A49	Z88	0.038461538461538464	0.2145
4755	A49	E31	0.07692307692307693	0.0454
4756	A49	M04	0.05714285714285714	0.101
4757	A49	C85	0.048	0.1461
4758	A49	D47	0.03076923076923077	0.2921
4759	A49	C83	0.04411764705882353	0.1708
4760	A49	D72	0.08	0.04
4761	A49	C86	0.031746031746031744	0.2809
4762	A49	K59	0.05	0.1348
4763	A49	N16	0.04	0.2016
4764	A49	M35	0.06060606060606061	0.0878
4765	A49	M24	0.06060606060606061	0.0878
4766	A49	K63	0.04054054054054054	0.1973
4767	A49	M02	0.0380952380952381	0.2177
4768	A49	M19	0.03225806451612903	0.2752
4769	A49	G36	0.037037037037037035	0.2271
4770	A49	M09	0.03361344537815126	0.2606
4771	A49	B92	0.059322033898305086	0.0925
4772	A49	M13	0.04040404040404041	0.1983
4773	A49	M50	0.03225806451612903	0.2752
4774	A49	D07	0.030303030303030304	0.2976
4775	A49	D00	0.030303030303030304	0.2976
4776	A49	E55	0.041666666666666664	0.0413
4777	A49	E06	0.03571428571428571	0.115
4778	A49	B49	0.13333333333333333	0.0182
4779	A49	N03	0.045454545454545456	0.0829
4780	A49	D27	0.041666666666666664	0.1444
4781	A49	J47	0.04081632653061224	0.0874
4782	A49	N20	0.038461538461538464	0.0845
4783	A49	C88	0.0625	0.0017
4784	A49	G37	0.1	0.0011
4785	A49	D80	0.125	0.0018
4786	A49	E65	0.04	0.175
4787	K29	B16	0.025	0.289
4788	K29	L10	0.05714285714285714	0.0577
4789	K29	F51	0.0392156862745098	0.1421
4790	K29	K27	0.07407407407407407	0.0245
4791	K29	I30	0.045454545454545456	0.1039
4792	K29	E06	0.045454545454545456	0.0634
4793	K29	F70	0.08333333333333333	0.0
4794	K29	N03	0.0625	0.0322
4795	K29	L12	0.16666666666666666	0.0078
4796	K29	J60	0.08333333333333333	0.0515
4797	K29	G47	0.10526315789473684	0.0216
4798	K29	E31	0.1	0.0583
4799	K29	E16	0.03333333333333333	0.2454
4800	K29	G37	0.06666666666666667	0.0113
4801	K29	U07	0.045454545454545456	0.2076
4802	K29	J66	0.04	0.2019
4803	K29	G36	0.047619047619047616	0.166
4804	L12	M10	0.0425531914893617	0.2924
4805	L12	L10	0.1	0.055
4806	L12	F51	0.0425531914893617	0.2924
4807	L12	J21	0.047619047619047616	0.2524
4808	L12	L43	0.05263157894736842	0.2183
4809	L12	J03	0.0625	0.1639
4810	L12	L51	0.1	0.055
4811	L12	H60	0.09090909090909091	0.0717
4812	L12	B00	0.045454545454545456	0.2688
4813	L12	I30	0.05555555555555555	0.2005
4814	L12	H16	0.047619047619047616	0.2524
4815	L12	E20	0.06666666666666667	0.1452
4816	L12	A55	0.125	0.0626
4817	L12	B69	0.1	0.0488
4818	L12	B30	0.14285714285714285	0.0617
4819	L12	E06	0.05555555555555555	0.0341
4820	L12	N03	0.08333333333333333	0.01
4821	L12	H20	0.1111111111111111	0.0182
4822	L12	H10	0.14285714285714285	0.0617
4823	L12	G47	0.13333333333333333	0.0077
4824	L12	J20	0.07692307692307693	0.1832
4825	L12	J42	0.0625	0.2542
4826	L12	J40	0.07692307692307693	0.1832
4827	L12	E31	0.125	0.0284
4828	L12	R21	0.07692307692307693	0.0641
4829	L12	A04	0.038461538461538464	0.2599
4830	L12	G37	0.09090909090909091	0.0021
4831	L12	E27	0.04	0.1616
4832	L12	Q56	0.05555555555555555	0.0636
4833	L12	J63	0.030303030303030304	0.2138
4834	L12	G03	0.1	0.0912
4835	L12	M35	0.041666666666666664	0.2231
4836	L12	D53	0.05263157894736842	0.0894
4837	L12	A74	0.14285714285714285	0.0617
4838	L12	M77	0.1111111111111111	0.0925
4839	L12	I75	0.043478260869565216	0.1766
4840	L12	D18	0.058823529411764705	0.1151
4841	L12	D19	0.07142857142857142	0.1997
4842	L12	G36	0.125	0.0087
4843	L12	A58	0.125	0.0626
4844	L12	Q36	0.041666666666666664	0.2866
4845	L12	Q30	0.09090909090909091	0.0483
4846	L12	A16	0.03125	0.2927
4847	L12	A26	0.07692307692307693	0.0658
4848	L12	J41	0.07142857142857142	0.1853
4849	J60	L52	0.07692307692307693	0.0649
4850	J60	M10	0.043478260869565216	0.2143
4851	J60	K27	0.043478260869565216	0.2143
4852	J60	I60	0.041666666666666664	0.2286
4853	J60	A71	0.09090909090909091	0.0393
4854	J60	I30	0.058823529411764705	0.124
4855	J60	M50	0.05	0.191
4856	J60	J47	0.02564102564102564	0.2175
4857	J60	G47	0.06666666666666667	0.0891
4858	J60	J80	0.038461538461538464	0.1725
4859	J60	F01	0.041666666666666664	0.1187
4860	J60	N20	0.06666666666666667	0.0131
4861	J60	I64	0.10344827586206896	0.0189
4862	J60	R21	0.08333333333333333	0.0509
4863	J60	E16	0.08333333333333333	0.0289
4864	J60	K55	0.03125	0.2845
4865	J60	A04	0.04	0.2462
4866	J60	H18	0.06060606060606061	0.0256
4867	J60	M85	0.04	0.1551
4868	J60	U07	0.125	0.0128
4869	J60	J61	0.06896551724137931	0.1583
4870	J60	J66	0.10526315789473684	0.0142
4871	J60	L94	0.05263157894736842	0.1122
4872	J60	P27	0.05555555555555555	0.1027
4873	J60	G61	0.09090909090909091	0.0629
4874	J60	M35	0.043478260869565216	0.2089
4875	J60	B72	0.18181818181818182	0.0002
4876	J60	M24	0.043478260869565216	0.2525
4877	J60	M00-M02	0.14285714285714285	0.0017
4878	J60	L87	0.037037037037037035	0.2174
4879	G47	B16	0.036585365853658534	0.2664
4880	G47	L52	0.047619047619047616	0.1784
4881	G47	L10	0.08108108108108109	0.0526
4882	G47	F51	0.16666666666666666	0.0022
4883	G47	L43	0.044444444444444446	0.2003
4884	G47	M00	0.041666666666666664	0.2215
4885	G47	M17	0.041237113402061855	0.225
4886	G47	A71	0.05263157894736842	0.1487
4887	G47	B55	0.11428571428571428	0.0155
4888	G47	F99	0.05555555555555555	0.2124
4889	G47	G90	0.07142857142857142	0.0957
4890	G47	E06	0.08333333333333333	0.0061
4891	G47	N03	0.1111111111111111	0.0021
4892	G47	J80	0.06060606060606061	0.0621
4893	G47	F01	0.03125	0.2029
4894	G47	Z88	0.04081632653061224	0.1985
4895	G47	E31	0.13636363636363635	0.0205
4896	G47	G37	0.05555555555555555	0.0241
4897	G47	U07	0.04	0.2509
4898	G47	Q60	0.058823529411764705	0.2197
4899	G47	C86	0.05084745762711865	0.2231
4900	G47	J66	0.03571428571428571	0.2399
4901	G47	E05	0.03225806451612903	0.2084
4902	G47	L94	0.037037037037037035	0.2152
4903	G47	K06	0.045454545454545456	0.0077
4904	G47	G61	0.05263157894736842	0.2063
4905	G47	B72	0.05	0.1014
4906	G47	D13	0.03225806451612903	0.2727
4907	G47	M00-M02	0.06666666666666667	0.0533
4908	G47	K63	0.04225352112676056	0.2421
4909	G47	G36	0.08695652173913043	0.0373
4910	G47	A16	0.05263157894736842	0.124
4911	G47	J41	0.05714285714285714	0.2599
4912	J80	L52	0.06451612903225806	0.0519
4913	J80	D65	0.06451612903225806	0.0519
4914	J80	F51	0.03076923076923077	0.2455
4915	J80	I80	0.03571428571428571	0.1957
4916	J80	I60	0.045454545454545456	0.125
4917	J80	K74	0.05	0.1014
4918	J80	I50	0.04329004329004329	0.1381
4919	J80	A71	0.06896551724137931	0.0422
4920	J80	I05	0.03571428571428571	0.1957
4921	J80	K44	0.047619047619047616	0.0961
4922	J80	N03	0.03333333333333333	0.1617
4923	J80	I61	0.06	0.0398
4924	J80	N46	0.0196078431372549	0.275
4925	J80	I64	0.0851063829787234	0.0383
4926	J80	E16	0.046511627906976744	0.1402
4927	J80	K55	0.04	0.1997
4928	J80	D68	0.05555555555555555	0.0723
4929	J80	U07	0.12121212121212122	0.0147
4930	J80	J96	0.0625	0.1065
4931	J80	E05	0.0273972602739726	0.2641
4932	J80	P27	0.0410958904109589	0.1863
4933	J80	B72	0.03225806451612903	0.2295
4934	J80	I72	0.03571428571428571	0.2104
4935	J80	K73	0.03076923076923077	0.1355
4936	J80	M00-M02	0.038461538461538464	0.1859
4937	F01	L52	0.03333333333333333	0.1823
4938	F01	K74	0.025	0.2796
4939	F01	A71	0.03571428571428571	0.1613
4940	F01	C53	0.024096385542168676	0.2928
4941	F01	F99	0.05921052631578947	0.1918
4942	F01	I81	0.046511627906976744	0.1339
4943	F01	F03	0.23809523809523808	0.0
4944	F01	F00	0.028645833333333332	0.2145
4945	F01	G20	0.03488372093023256	0.1732
4946	F01	I64	0.06521739130434782	0.0824
4947	F01	A81	0.0967741935483871	0.0042
4948	F01	E75	0.024691358024691357	0.2467
4949	F01	B08	0.043478260869565216	0.0905
4950	F01	G31	0.07017543859649122	0.2077
4951	F01	J96	0.0425531914893617	0.2182
4952	F01	Q90	0.058823529411764705	0.0206
4953	F01	B72	0.034482758620689655	0.2073
4954	F01	F09	0.07692307692307693	0.064
4955	F01	M00-M02	0.041666666666666664	0.1614
4956	F01	D09	0.038461538461538464	0.136
4957	F01	O90	0.037037037037037035	0.2719
4958	F01	D28	0.047619047619047616	0.1511
4959	F01	I68	0.075	0.0189
4960	N20	E20	0.045454545454545456	0.0534
4961	N20	J66	0.03571428571428571	0.1011
4962	N20	M81	0.045454545454545456	0.0534
4963	N20	M50	0.03571428571428571	0.1011
4964	N20	R21	0.05	0.0396
4965	N20	B47	0.04081632653061224	0.1687
4966	N20	E55	0.047619047619047616	0.0259
4967	N20	M83	0.0625	0.0072
4968	N20	G37	0.05555555555555555	0.0241
4969	N20	M11	0.11764705882352941	0.0
4970	N20	B72	0.05	0.1014
4971	I64	J02	0.03333333333333333	0.28
4972	I64	M10	0.043478260869565216	0.1898
4973	I64	K85	0.034482758620689655	0.2679
4974	I64	D65	0.05555555555555555	0.1195
4975	I64	M86	0.03571428571428571	0.2556
4976	I64	K27	0.043478260869565216	0.1898
4977	I64	I60	0.12121212121212122	0.0095
4978	I64	K74	0.09876543209876543	0.0226
4979	I64	I50	0.0423728813559322	0.198
4980	I64	I30	0.05	0.1478
4981	I64	I63	0.09302325581395349	0.0283
4982	I64	I70	0.09036144578313253	0.0313
4983	I64	I05	0.0625	0.0915
4984	I64	I21	0.058823529411764705	0.1054
4985	I64	C53	0.05747126436781609	0.111
4986	I64	I26	0.08064516129032258	0.0455
4987	I64	B54	0.05063291139240506	0.1443
4988	I64	I81	0.061224489795918366	0.0701
4989	I64	K44	0.045454545454545456	0.107
4990	I64	N03	0.058823529411764705	0.0395
4991	I64	H80	0.03773584905660377	0.1034
4992	I64	I61	0.07407407407407407	0.0186
4993	I64	M87	0.07692307692307693	0.0469
4994	I64	N46	0.018691588785046728	0.2921
4995	I64	A27	0.03333333333333333	0.2947
4996	I64	I49	0.04504504504504504	0.1186
4997	I64	E78	0.03389830508474576	0.1046
4998	I64	B08	0.03333333333333333	0.1607
4999	I64	E16	0.06382978723404255	0.0669
5000	I64	K55	0.03636363636363636	0.2313
5001	I64	D68	0.075	0.0284
5002	I64	Q15	0.030303030303030304	0.0867
5003	I64	U07	0.10526315789473684	0.0257
5004	I64	J61	0.057692307692307696	0.2141
5005	I64	J66	0.07142857142857142	0.0566
5006	I64	P84	0.05263157894736842	0.1147
5007	I64	P61	0.030303030303030304	0.0385
5008	I64	E05	0.02564102564102564	0.2877
5009	I64	M81	0.038461538461538464	0.2555
5010	I64	Q23	0.030612244897959183	0.184
5011	I64	P27	0.038461538461538464	0.2076
5012	I64	M35	0.043478260869565216	0.2089
5013	I64	G45	0.09803921568627451	0.074
5014	I64	Q90	0.03389830508474576	0.1085
5015	I64	B72	0.05714285714285714	0.0729
5016	I64	D18	0.05128205128205128	0.152
5017	I64	E15	0.027777777777777776	0.2099
5018	I64	I72	0.06140350877192982	0.0682
5019	I64	F12	0.034482758620689655	0.239
5020	I64	K73	0.043478260869565216	0.059
5021	I64	Q96	0.046511627906976744	0.0665
5022	I64	M00-M02	0.03225806451612903	0.2443
5023	I64	O88	0.06451612903225806	0.1823
5024	E31	L10	0.07894736842105263	0.1064
5025	E31	L24	0.045454545454545456	0.2762
5026	E31	F51	0.05555555555555555	0.2073
5027	E31	L43	0.043478260869565216	0.2922
5028	E31	C84	0.06557377049180328	0.1558
5029	E31	B55	0.05263157894736842	0.2252
5030	E31	D34	0.25	0.0079
5031	E31	E06	0.08	0.0075
5032	E31	L82	0.2727272727272727	0.0008
5033	E31	D22	0.047619047619047616	0.0711
5034	E31	N03	0.10526315789473684	0.0029
5035	E31	D24	0.25	0.0079
5036	E31	L26	0.06060606060606061	0.226
5037	E31	D32	0.16666666666666666	0.0212
5038	E31	E85	0.075	0.0699
5039	E31	E12	0.03669724770642202	0.2159
5040	E31	A27	0.06666666666666667	0.0836
5041	E31	G37	0.05263157894736842	0.0295
5042	E31	Q81	0.07407407407407407	0.1758
5043	E31	C86	0.05	0.2288
5044	E31	C44	0.09090909090909091	0.0461
5045	E31	L30	0.04838709677419355	0.1804
5046	E31	Q96	0.034482758620689655	0.1351
5047	E31	L56	0.1016949152542373	0.0576
5048	E31	L81	0.043478260869565216	0.0278
5049	E31	D07	0.1	0.1738
5050	E31	D02	0.0967741935483871	0.1799
5051	E31	D00	0.1	0.1738
5052	E31	D01	0.0967741935483871	0.1828
5053	E31	L57	0.07954545454545454	0.2209
5054	E31	G36	0.08333333333333333	0.0428
5055	E31	D36	0.25	0.0079
5056	E31	L27	0.04784688995215311	0.2036
5057	E31	L87	0.05714285714285714	0.0939
5058	E31	A16	0.05128205128205128	0.131
5059	E31	D29	0.25	0.0079
5060	E31	D14	0.25	0.0079
5061	E31	J41	0.05555555555555555	0.2698
5062	R21	J21	0.04	0.241
5063	R21	K27	0.03571428571428571	0.2808
5064	R21	J03	0.05	0.1685
5065	R21	L51	0.07142857142857142	0.0781
5066	R21	H60	0.06666666666666667	0.0927
5067	R21	B00	0.038461538461538464	0.2546
5068	R21	I30	0.045454545454545456	0.1983
5069	R21	H16	0.04	0.241
5070	R21	E20	0.05263157894736842	0.1534
5071	R21	J35	0.05	0.1685
5072	R21	D68	0.043478260869565216	0.2128
5073	R21	G03	0.07142857142857142	0.0781
5074	R21	M70	0.043478260869565216	0.2128
5075	R21	M35	0.03571428571428571	0.2808
5076	R21	M77	0.07692307692307693	0.0641
5077	R21	I75	0.037037037037037035	0.2679
5078	R21	D18	0.047619047619047616	0.1835
5079	R21	L30	0.03389830508474576	0.2996
5080	R21	M71	0.043478260869565216	0.2128
5081	R21	G36	0.047619047619047616	0.1835
5082	R21	A55	0.08333333333333333	0.0509
5083	R21	B69	0.07142857142857142	0.0781
5084	R21	B30	0.09090909090909091	0.0387
5085	R21	H10	0.09090909090909091	0.0387
5086	R21	J20	0.058823529411764705	0.1228
5087	R21	J42	0.05	0.1685
5088	R21	J40	0.058823529411764705	0.1228
5089	R21	M65	0.05263157894736842	0.1534
5090	R21	A74	0.09090909090909091	0.1706
5091	R21	A58	0.08333333333333333	0.1583
5092	R21	Q30	0.06666666666666667	0.1089
5093	R21	I40	0.05555555555555555	0.1381
5094	R21	H33	0.03571428571428571	0.2808
5095	R21	H20	0.07692307692307693	0.0641
5096	R21	D76	0.0625	0.0837
5097	R21	A81	0.047619047619047616	0.0706
5098	R21	E27	0.034482758620689655	0.2081
5099	R21	Q56	0.045454545454545456	0.1054
5100	R21	B72	0.058823529411764705	0.0674
5101	R21	R80	0.03333333333333333	0.2787
5102	R21	L87	0.03125	0.2764
5103	R21	A26	0.058823529411764705	0.1252
5104	R21	N06	0.03333333333333333	0.2787
5105	E16	L52	0.03225806451612903	0.2568
5106	E16	M10	0.03125	0.268
5107	E16	I60	0.0625	0.0708
5108	E16	A71	0.034482758620689655	0.2337
5109	E16	I70	0.041666666666666664	0.1723
5110	E16	I21	0.03125	0.268
5111	E16	K55	0.04081632653061224	0.1786
5112	E16	U07	0.058823529411764705	0.0829
5113	E16	J66	0.05405405405405406	0.1016
5114	E16	E05	0.04225352112676056	0.168
5115	E16	J61	0.0425531914893617	0.1659
5116	E16	E12	0.07017543859649122	0.0509
5117	E16	A26	0.03333333333333333	0.2454
5118	E16	L68	0.03333333333333333	0.0175
5119	E16	P70	0.13793103448275862	0.0
5120	E16	B72	0.03333333333333333	0.2185
5121	E16	E15	0.4090909090909091	0.0
5122	E16	M00-M02	0.04	0.1738
5123	E16	I06	0.034482758620689655	0.2774
5124	K55	K50	0.11538461538461539	0.0092
5125	K55	J21	0.15	0.0022
5126	K55	M00	0.044642857142857144	0.1655
5127	K55	L93	0.037037037037037035	0.2251
5128	K55	M17	0.04424778761061947	0.1681
5129	K55	M45	0.043010752688172046	0.1768
5130	K55	B54	0.037037037037037035	0.2251
5131	K55	M04	0.0625	0.0801
5132	K55	M87	0.075	0.0507
5133	K55	N46	0.018518518518518517	0.2955
5134	K55	A04	0.275	0.0001
5135	K55	J66	0.045454545454545456	0.1621
5136	K55	Q41	0.02666666666666667	0.2524
5137	K55	E05	0.02531645569620253	0.2923
5138	K55	L94	0.046511627906976744	0.1449
5139	K55	K59	0.08450704225352113	0.0592
5140	K55	I72	0.042735042735042736	0.1547
5141	K55	Q96	0.045454545454545456	0.0708
5142	K55	M00-M02	0.06451612903225806	0.0587
5143	K55	K63	0.07058823529411765	0.0931
5144	K55	P77	0.1111111111111111	0.0881
5145	K55	Y83	0.20689655172413793	0.0006
5146	U07	L52	0.043478260869565216	0.2224
5147	U07	M10	0.03571428571428571	0.2911
5148	U07	L93	0.06153846153846154	0.1186
5149	U07	I60	0.05263157894736842	0.1618
5150	U07	K74	0.07142857142857142	0.084
5151	U07	I50	0.04035874439461883	0.2478
5152	U07	A71	0.1	0.0309
5153	U07	I30	0.037037037037037035	0.2781
5154	U07	B55	0.07894736842105263	0.0646
5155	U07	I70	0.050314465408805034	0.1754
5156	U07	I05	0.05263157894736842	0.1618
5157	U07	B54	0.045454545454545456	0.2076
5158	U07	Z88	0.0392156862745098	0.2578
5159	U07	A04	0.058823529411764705	0.1304
5160	U07	K44	0.052083333333333336	0.0771
5161	U07	B19	0.045454545454545456	0.2969
5162	U07	I10	0.02702702702702703	0.2971
5163	U07	J61	0.05128205128205128	0.2542
5164	U07	J66	0.06896551724137931	0.0626
5165	U07	G03	0.05263157894736842	0.2842
5166	U07	J12	0.02857142857142857	0.289
5167	U07	A63	0.0625	0.0652
5168	U07	L94	0.034482758620689655	0.2394
5169	U07	P27	0.03076923076923077	0.2847
5170	U07	G61	0.047619047619047616	0.2404
5171	U07	M35	0.0625	0.105
5172	U07	B72	0.045454545454545456	0.1251
5173	U07	K05	0.10344827586206896	0.0862
5174	U07	D18	0.038461538461538464	0.2438
5175	U07	I72	0.038834951456310676	0.1835
5176	U07	M00-M02	0.058823529411764705	0.0756
5177	U07	I06	0.047619047619047616	0.1695
5178	J61	K85	0.11320754716981132	0.0482
5179	J61	C93	0.046153846153846156	0.2916
5180	J61	F51	0.05970149253731343	0.2029
5181	J61	J21	0.15789473684210525	0.0144
5182	J61	J03	0.08333333333333333	0.1077
5183	J61	I60	0.08955223880597014	0.0911
5184	J61	J32	0.06593406593406594	0.1717
5185	J61	C53	0.04597701149425287	0.293
5186	J61	J35	0.08333333333333333	0.1077
5187	J61	K12	0.08163265306122448	0.1127
5188	J61	J98	0.05063291139240506	0.2587
5189	J61	J66	0.6296296296296297	0.0
5190	J61	L94	0.04878048780487805	0.2718
5191	J61	O15	0.12244897959183673	0.0376
5192	J61	I95	0.07777777777777778	0.125
5193	J61	A80	0.2	0.0046
5194	J61	K65	0.06976744186046512	0.1549
5195	J61	K30	0.06666666666666667	0.1684
5196	J61	A37	0.08695652173913043	0.0977
5197	J61	K81	0.06521739130434782	0.175
5198	J61	J00	0.12244897959183673	0.0376
5199	J61	M41	0.06	0.2013
5200	J61	I85	0.075	0.1346
5201	J61	N23	0.05555555555555555	0.2268
5202	J61	I46	0.058823529411764705	0.2077
5203	J61	L50	0.12244897959183673	0.0376
5204	J61	I84	0.06451612903225806	0.1784
5205	J61	L95	0.2	0.0046
5206	J61	J30	0.06521739130434782	0.175
5207	J61	Q36	0.06818181818181818	0.1617
5208	J61	M87	0.05128205128205128	0.131
5209	J61	J47	0.03278688524590164	0.1417
5210	J61	F21	0.1111111111111111	0.1501
5211	J61	A07	0.37037037037037035	0.0045
5212	J61	F60	0.10344827586206896	0.1564
5213	J61	P24	0.03773584905660377	0.0614
5214	J61	T78	0.14285714285714285	0.0612
5215	J61	M27	0.2857142857142857	0.0013
5216	J61	M75	0.08571428571428572	0.1126
5217	J61	B72	0.02857142857142857	0.2718
5218	J61	K05	0.3235294117647059	0.0004
5219	J61	F12	0.03508771929824561	0.2331
5220	J61	M00-M02	0.03333333333333333	0.233
5221	J61	S27	0.20689655172413793	0.0623
5222	J61	L59	0.2	0.0755
5223	J61	L53	0.2	0.0755
5224	J61	Y14	0.15	0.1564
5225	J61	L58	0.11538461538461539	0.0911
5226	J61	F61	0.10344827586206896	0.1564
5227	J61	B91	0.2	0.0917
5228	J66	L52	0.038461538461538464	0.2148
5229	J66	M10	0.03389830508474576	0.258
5230	J66	C93	0.05454545454545454	0.1123
5231	J66	I60	0.05	0.1349
5232	J66	A71	0.041666666666666664	0.1888
5233	J66	I30	0.03333333333333333	0.264
5234	J66	C53	0.05194805194805195	0.1247
5235	J66	J98	0.033112582781456956	0.2663
5236	J66	M87	0.06896551724137931	0.0645
5237	J66	J47	0.0392156862745098	0.0963
5238	J66	P84	0.03571428571428571	0.2309
5239	J66	G61	0.041666666666666664	0.2881
5240	J66	B72	0.04	0.1608
5241	J66	M00-M02	0.05	0.1117
5242	E05	L10	0.02564102564102564	0.2877
5243	E05	A21	0.038461538461538464	0.1539
5244	E05	J21	0.029850746268656716	0.2343
5245	E05	L43	0.03571428571428571	0.176
5246	E05	M00	0.05263157894736842	0.077
5247	E05	L93	0.028846153846153848	0.2461
5248	E05	M17	0.05223880597014925	0.0785
5249	E05	M45	0.02564102564102564	0.2877
5250	E05	M05	0.028056112224448898	0.2558
5251	E05	C53	0.02654867256637168	0.2753
5252	E05	E00	0.061068702290076333	0.0509
5253	E05	G54	0.02631578947368421	0.2784
5254	E05	E06	0.03125	0.1509
5255	E05	D81	0.044642857142857144	0.093
5256	E05	J47	0.023255813953488372	0.2508
5257	E05	D83	0.03076923076923077	0.1771
5258	E05	E07	0.033707865168539325	0.1847
5259	E05	E03	0.07692307692307693	0.0384
5260	E05	J63	0.02531645569620253	0.2762
5261	E05	P84	0.04918032786885246	0.1324
5262	E05	L94	0.030303030303030304	0.2848
5263	E05	P72	0.03773584905660377	0.2818
5264	E05	E01	0.08108108108108109	0.1995
5265	E05	K73	0.03225806451612903	0.123
5266	E05	Q96	0.045454545454545456	0.0708
5267	E05	Y84	0.02666666666666667	0.2217
5268	E05	H91	0.02857142857142857	0.2712
5269	E05	O99	0.31386861313868614	0.0
5270	E05	Z94	0.02666666666666667	0.2217
5271	E05	E02	0.06082725060827251	0.1162
5272	L94	L52	0.04	0.1902
5273	L94	A21	0.03125	0.2738
5274	L94	M00	0.061224489795918366	0.0783
5275	L94	A65	0.05263157894736842	0.1122
5276	L94	L93	0.09230769230769231	0.0212
5277	L94	M17	0.06060606060606061	0.0804
5278	L94	B34	0.11764705882352941	0.0072
5279	L94	A71	0.09090909090909091	0.0225
5280	L94	A52	0.05263157894736842	0.1122
5281	L94	A23	0.05263157894736842	0.1122
5282	L94	A75	0.05263157894736842	0.1122
5283	L94	B55	0.04878048780487805	0.1318
5284	L94	I21	0.034482758620689655	0.2394
5285	L94	A54	0.05263157894736842	0.1122
5286	L94	A51	0.05263157894736842	0.1122
5287	L94	A04	0.05555555555555555	0.0993
5288	L94	K12	0.05	0.1253
5289	L94	A50	0.05263157894736842	0.1122
5290	L94	E06	0.034482758620689655	0.1239
5291	L94	G81	0.043478260869565216	0.1432
5292	L94	H20	0.05	0.1662
5293	L94	J96	0.047619047619047616	0.1819
5294	L94	P27	0.045454545454545456	0.1557
5295	L94	O41	0.08333333333333333	0.0563
5296	L94	G61	0.043478260869565216	0.2727
5297	L94	P29	0.08	0.0626
5298	L94	B72	0.041666666666666664	0.1489
5299	L94	I72	0.02830188679245283	0.291
5300	L94	M00-M02	0.05263157894736842	0.0995
5301	L94	M02	0.06796116504854369	0.2127
5302	L94	Y83	0.047619047619047616	0.1927
5303	L94	M13	0.061224489795918366	0.2656
5304	P27	N19	0.05384615384615385	0.1102
5305	P27	L52	0.03278688524590164	0.2621
5306	P27	M10	0.031914893617021274	0.2716
5307	P27	K58	0.04040404040404041	0.1917
5308	P27	I60	0.03125	0.2791
5309	P27	F39	0.03	0.2938
5310	P27	I30	0.03076923076923077	0.2847
5311	P27	E20	0.03225806451612903	0.2678
5312	P27	I70	0.035175879396984924	0.2376
5313	P27	J98	0.04918032786885246	0.1336
5314	P27	J96	0.06578947368421052	0.0946
5315	P27	B72	0.03333333333333333	0.2185
5316	P27	J41	0.0684931506849315	0.1987
5317	I27	D65	0.04	0.1105
5318	I27	I50	0.044642857142857144	0.0852
5319	I27	I26	0.1	0.0035
5320	I27	D68	0.10714285714285714	0.0023
5321	I27	A55	0.05263157894736842	0.0543
5322	I27	I51	0.05181347150259067	0.0569
5323	I27	I72	0.0380952380952381	0.1229
5324	I27	A58	0.05263157894736842	0.0543
5325	I27	M87	0.034482758620689655	0.1503
5326	I27	I81	0.1111111111111111	0.0075
5327	I27	Q28	0.037037037037037035	0.0491
5328	I27	M61	0.04	0.1976
5329	I27	O88	0.10204081632653061	0.0665
5330	G61	L52	0.058823529411764705	0.1706
5331	G61	A71	0.06666666666666667	0.134
5332	G61	M35	0.07692307692307693	0.0975
5333	G61	G36	0.05	0.2236
5334	G61	J81	0.045454545454545456	0.2568
5335	G61	B72	0.0625	0.0568
5336	G61	M00-M02	0.09090909090909091	0.0181
5337	M35	L52	0.07142857142857142	0.076
5338	M35	K50	0.08888888888888889	0.0403
5339	M35	M10	0.06666666666666667	0.0903
5340	M35	L10	0.043478260869565216	0.2089
5341	M35	M86	0.041666666666666664	0.2231
5342	M35	M00	0.09090909090909091	0.0375
5343	M35	L93	0.041666666666666664	0.2231
5344	M35	M17	0.09	0.0387
5345	M35	L51	0.08333333333333333	0.0493
5346	M35	I60	0.047619047619047616	0.1799
5347	M35	H60	0.038461538461538464	0.2504
5348	M35	M45	0.15789473684210525	0.0032
5349	M35	A71	0.07692307692307693	0.0623
5350	M35	H16	0.05714285714285714	0.1275
5351	M35	M04	0.05	0.1651
5352	M35	A04	0.07692307692307693	0.0623
5353	M35	K12	0.045454545454545456	0.1946
5354	M35	D47	0.058823529411764705	0.12
5355	M35	G03	0.04	0.2369
5356	M35	K59	0.07936507936507936	0.057
5357	M35	G10	0.034482758620689655	0.152
5358	M35	B49	0.1	0.0507
5359	M35	H20	0.041666666666666664	0.2244
5360	M35	J47	0.05660377358490566	0.0336
5361	M35	D80	0.09523809523809523	0.0084
5362	M35	I51	0.050761421319796954	0.1797
5363	M35	B72	0.03571428571428571	0.1959
5364	M35	I72	0.046296296296296294	0.1324
5365	M35	M24	0.17647058823529413	0.0034
5366	M35	L73	0.06481481481481481	0.2796
5367	M35	L92	0.2	0.0
5368	M35	M00-M02	0.043478260869565216	0.149
5369	M35	K63	0.06493506493506493	0.1127
5370	M35	M02	0.08571428571428572	0.1418
5371	M35	M19	0.09016393442622951	0.1706
5372	M35	L13	0.031578947368421054	0.2544
5373	M35	G36	0.1	0.0226
5374	M35	Q30	0.038461538461538464	0.2791
5375	M35	M09	0.07563025210084033	0.1684
5376	M35	A26	0.03571428571428571	0.2839
5377	M35	M13	0.09090909090909091	0.1393
5378	B72	L52	0.05555555555555555	0.0784
5379	B72	M10	0.0392156862745098	0.1667
5380	B72	A21	0.033707865168539325	0.2148
5381	B72	I60	0.03773584905660377	0.1785
5382	B72	A71	0.0625	0.0568
5383	B72	I63	0.037037037037037035	0.1843
5384	B72	B55	0.02857142857142857	0.2718
5385	B72	M04	0.03333333333333333	0.2185
5386	B72	A04	0.03333333333333333	0.2185
5387	B72	K12	0.029411764705882353	0.2616
5388	B72	G45	0.027777777777777776	0.2819
5389	B72	M09	0.035398230088495575	0.1987
5390	B72	J81	0.043478260869565216	0.137
5391	B72	J00	0.027777777777777776	0.2819
5392	B72	M50	0.04	0.1608
5393	B72	I71	0.030303030303030304	0.2511
5394	B72	L88	0.05319148936170213	0.0875
5395	B72	I61	0.05405405405405406	0.0841
5396	B72	B41	0.0625	0.2771
5397	B72	M85	0.03333333333333333	0.2121
5398	B72	M00-M02	0.08333333333333333	0.0254
5399	B72	L13	0.03571428571428571	0.2125
5400	B72	L87	0.03125	0.2764
5401	D18	J02	0.06666666666666667	0.0862
5402	D18	M10	0.03636363636363636	0.2633
5403	D18	L10	0.05128205128205128	0.152
5404	D18	K85	0.07142857142857142	0.0723
5405	D18	D65	0.045454545454545456	0.1884
5406	D18	J21	0.1111111111111111	0.0166
5407	D18	K27	0.06451612903225806	0.0933
5408	D18	J03	0.08695652173913043	0.0407
5409	D18	I80	0.05555555555555555	0.1299
5410	D18	L51	0.05555555555555555	0.1299
5411	D18	H60	0.1111111111111111	0.0166
5412	D18	J43	0.037037037037037035	0.2569
5413	D18	J32	0.05063291139240506	0.1557
5414	D18	B00	0.06896551724137931	0.0792
5415	D18	I30	0.08	0.0527
5416	D18	H16	0.034482758620689655	0.2822
5417	D18	E20	0.043478260869565216	0.2027
5418	D18	I63	0.06666666666666667	0.0862
5419	D18	I05	0.11764705882352941	0.013
5420	D18	I21	0.05555555555555555	0.1299
5421	D18	J35	0.08695652173913043	0.0407
5422	D18	K76	0.04	0.2304
5423	D18	K12	0.05405405405405406	0.1373
5424	D18	J98	0.034013605442176874	0.2871
5425	D18	G03	0.11764705882352941	0.013
5426	D18	C44	0.058823529411764705	0.1151
5427	D18	M70	0.07692307692307693	0.059
5428	D18	O15	0.10810810810810811	0.0186
5429	D18	M77	0.125	0.0099
5430	D18	A55	0.0625	0.2515
5431	D18	B69	0.05555555555555555	0.1879
5432	D18	B30	0.06666666666666667	0.2738
5433	D18	J00	0.07894736842105263	0.28
5434	D18	I85	0.07407407407407407	0.2366
5435	D18	H20	0.058823529411764705	0.1209
5436	D18	H10	0.06666666666666667	0.2738
5437	D18	J20	0.1	0.1097
5438	D18	J42	0.08695652173913043	0.1481
5439	D18	J40	0.1	0.1097
5440	D18	D75	0.03571428571428571	0.0938
5441	D18	Q56	0.038461538461538464	0.1494
5442	D18	P84	0.041666666666666664	0.1806
5443	D18	T78	0.0625	0.2957
5444	D18	M94	0.038461538461538464	0.1083
5445	D18	M22	0.05	0.0725
5446	D18	A74	0.06666666666666667	0.2738
5447	D18	M75	0.05084745762711865	0.2744
5448	D18	M79	0.06896551724137931	0.1204
5449	D18	I72	0.0392156862745098	0.1805
5450	D18	D17	0.03225806451612903	0.1325
5451	D18	I06	0.05	0.155
5452	D18	M48	0.05263157894736842	0.2661
5453	D18	G36	0.04	0.2215
5454	D18	A58	0.0625	0.2515
5455	D18	Q30	0.05263157894736842	0.1741
5456	D18	N98	0.047619047619047616	0.2819
5457	D18	A26	0.047619047619047616	0.1863
5458	D18	L58	0.07317073170731707	0.2194
5459	D18	J41	0.05555555555555555	0.2698
5460	I72	M86	0.03361344537815126	0.2307
5461	I72	M00	0.028409090909090908	0.2896
5462	I72	M17	0.02824858757062147	0.2916
5463	I72	I60	0.02962962962962963	0.2745
5464	I72	K74	0.04054054054054054	0.1703
5465	I72	J43	0.046153846153846156	0.1332
5466	I72	M45	0.03205128205128205	0.247
5467	I72	I50	0.06506849315068493	0.0581
5468	I72	A71	0.030612244897959183	0.263
5469	I72	I70	0.08849557522123894	0.0207
5470	I72	C53	0.03289473684210526	0.238
5471	I72	K59	0.03676470588235294	0.2009
5472	I72	C90	0.028455284552845527	0.289
5473	I72	K63	0.0472972972972973	0.1267
5474	I72	M02	0.03314917127071823	0.2354
5475	I72	K92	0.030303030303030304	0.2666
5476	I72	L27	0.03819444444444445	0.1888
5477	I72	M09	0.03076923076923077	0.2612
5478	I72	M13	0.028409090909090908	0.2896
5479	I72	J81	0.02857142857142857	0.2875
5480	I72	K40	0.039473684210526314	0.1785
5481	I72	I71	0.16831683168316833	0.0006
5482	I72	I51	0.029411764705882353	0.2772
5483	I72	Q23	0.0375	0.1946
5484	I72	Q25	0.05371900826446281	0.0956
5485	I72	K44	0.05263157894736842	0.075
5486	I72	H80	0.02564102564102564	0.2149
5487	I72	I10	0.06043956043956044	0.0651
5488	I72	J47	0.023809523809523808	0.2427
5489	I72	N46	0.023529411764705882	0.2121
5490	I72	E78	0.04132231404958678	0.0632
5491	I72	H18	0.024793388429752067	0.2271
5492	I72	Q28	0.029411764705882353	0.0921
5493	I72	Q45	0.023668639053254437	0.2554
5494	I72	K73	0.022388059701492536	0.2341
5495	D17	C62	0.019417475728155338	0.2972
5496	D17	C71	0.019305019305019305	0.2993
5497	D17	C08	0.01949317738791423	0.2958
5498	D17	C25	0.01949317738791423	0.2958
5499	D17	L43	0.038461538461538464	0.0896
5500	D17	I80	0.041666666666666664	0.0731
5501	D17	C09	0.01949317738791423	0.2958
5502	D17	C60	0.01949317738791423	0.2958
5503	D17	C10	0.019417475728155338	0.2972
5504	D17	C51	0.019342359767891684	0.2986
5505	D17	C66	0.01949317738791423	0.2958
5506	D17	C92	0.027777777777777776	0.1757
5507	D17	C37	0.01949317738791423	0.2958
5508	D17	C11	0.01937984496124031	0.2979
5509	D17	C95	0.03048780487804878	0.1481
5510	D17	D47	0.028985507246376812	0.1628
5511	D17	D72	0.03333333333333333	0.1238
5512	D17	J98	0.01935483870967742	0.2983
5513	D17	C40	0.01949317738791423	0.2958
5514	D17	C01	0.01949317738791423	0.2958
5515	D17	C39	0.01949317738791423	0.2958
5516	D17	D06	0.024793388429752067	0.212
5517	D17	C13	0.019762845849802372	0.2908
5518	D17	C80	0.020161290322580645	0.2836
5519	D17	D25	0.029197080291970802	0.1607
5520	D17	J85	0.036585365853658534	0.1008
5521	D17	Q54	0.023529411764705882	0.2295
5522	D17	C33	0.020202020202020204	0.2829
5523	D17	D48	0.019417475728155338	0.2972
5524	D17	C48	0.020161290322580645	0.2836
5525	D17	C22	0.027777777777777776	0.1757
5526	D17	K83	0.0379746835443038	0.0924
5527	D17	D07	0.043478260869565216	0.0652
5528	D17	D02	0.04225352112676056	0.0705
5529	D17	D00	0.043478260869565216	0.0652
5530	D17	D01	0.04225352112676056	0.0705
5531	D17	C47	0.1276595744680851	0.0003
5532	D17	C78	0.03333333333333333	0.1238
5533	D17	D27	0.03571428571428571	0.1907
5534	D17	M42	0.045454545454545456	0.0347
5535	D17	C46	0.024390243902439025	0.1755
5536	D17	Q86	0.03225806451612903	0.0108
5537	D17	N32	0.037037037037037035	0.2784
5538	D17	Q69	0.024096385542168676	0.2758
5539	D17	D11	0.045454545454545456	0.0259
5540	D17	D10	0.045454545454545456	0.1114
5541	D17	B22	0.03333333333333333	0.1238
5542	Q96	L52	0.038461538461538464	0.1069
5543	Q96	D65	0.038461538461538464	0.1069
5544	Q96	I50	0.021739130434782608	0.2845
5545	Q96	E20	0.037037037037037035	0.1163
5546	Q96	M81	0.021052631578947368	0.2961
5547	Q96	G45	0.046511627906976744	0.0665
5548	Q96	J81	0.03225806451612903	0.1539
5549	Q96	F40	0.045454545454545456	0.0708
5550	Q96	P84	0.11538461538461539	0.001
5551	Q96	P22	0.038461538461538464	0.1069
5552	Q96	M51	0.03125	0.1633
5553	Q96	C45	0.027777777777777776	0.2
5554	Q96	E28	0.022900763358778626	0.2659
5555	Q96	M87	0.03333333333333333	0.1445
5556	Q96	E55	0.038461538461538464	0.0531
5557	Q96	Q99	0.08108108108108109	0.0001
5558	Q96	H47	0.03225806451612903	0.2729
5559	Q96	K73	0.03389830508474576	0.1105
5560	Q96	F48	0.034482758620689655	0.0856
5561	Q96	R80	0.05405405405405406	0.1249
5562	Q96	N06	0.05405405405405406	0.1249
5563	M00-M02	L52	0.07692307692307693	0.0338
5564	M00-M02	A71	0.09090909090909091	0.0181
5565	M00-M02	B55	0.06896551724137931	0.0482
5566	M00-M02	A04	0.04	0.1738
5567	M00-M02	K12	0.034482758620689655	0.2215
5568	M00-M02	K37	0.04	0.1738
5569	M00-M02	J81	0.05555555555555555	0.0874
5570	M00-M02	M14	0.05	0.1117
5571	M00-M02	D52	0.07692307692307693	0.0338
5572	M00-M02	D53	0.05555555555555555	0.0874
5573	M00-M02	B37	0.06666666666666667	0.1623
5574	M00-M02	B19	0.08333333333333333	0.1067
5575	M00-M02	J47	0.02564102564102564	0.2175
5576	M00-M02	H18	0.029411764705882353	0.1719
5577	M00-M02	K73	0.02127659574468085	0.2517
5578	M00-M02	D71	0.05555555555555555	0.0005
5579	L87	A21	0.038834951456310676	0.2017
5580	L87	L25	0.03125	0.2764
5581	L87	L73	0.10185185185185185	0.0141
5582	L87	L27	0.04072398190045249	0.1865
5583	L87	M09	0.03937007874015748	0.1973
5584	L87	L13	0.04081632653061224	0.1858
5585	L87	L88	0.045871559633027525	0.1505
5586	L87	L82	0.05405405405405406	0.1069
5587	L87	B35	0.037037037037037035	0.2174
5588	L87	A27	0.038461538461538464	0.2049
5589	L87	B41	0.06666666666666667	0.2542
5590	L87	O26	0.10344827586206896	0.0155
5591	L87	Q80	0.08571428571428572	0.1228
5592	L87	B43	0.10344827586206896	0.1236
5593	L87	L85	0.04918032786885246	0.2338
5594	L87	L81	0.06060606060606061	0.0064
5595	L87	L44	0.4	0.0
5596	E65	E20	0.047619047619047616	0.1236
5597	E65	K41	0.03076923076923077	0.2649
5598	E65	K42	0.047619047619047616	0.1236
5599	E65	K46	0.03076923076923077	0.2649
5600	E65	K45	0.03076923076923077	0.2649
5601	E65	K43	0.058823529411764705	0.2655
5602	E65	P29	0.047619047619047616	0.1992
5603	N19	L64	0.018018018018018018	0.2313
5604	N19	I95	0.2125984251968504	0.1021
5605	N19	L29	0.14912280701754385	0.2411
5606	N19	L24	0.044642857142857144	0.2666
5607	N19	J81	0.08791208791208792	0.2018
5608	N19	K65	0.1839080459770115	0.1899
5609	N19	D06	0.13855421686746988	0.1274
5610	N19	A43	0.19333333333333333	0.1437
5611	N19	F51	0.14285714285714285	0.2239
5612	N19	B18	0.037037037037037035	0.2288
5613	N19	A90	0.1619047619047619	0.199
5614	N19	A70	0.19463087248322147	0.1442
5615	N19	K58	0.08943089430894309	0.1166
5616	N19	A37	0.2	0.1983
5617	N19	I60	0.17117117117117117	0.0727
5618	N19	B45	0.19463087248322147	0.1442
5619	N19	K74	0.028368794326241134	0.2532
5620	N19	B76	0.19463087248322147	0.1442
5621	N19	J43	0.040983606557377046	0.245
5622	N19	B64	0.19463087248322147	0.1442
5623	N19	J32	0.17557251908396945	0.1753
5624	N19	A44	0.19463087248322147	0.1442
5625	N19	B79	0.19463087248322147	0.1442
5626	N19	A03	0.19463087248322147	0.1442
5627	N19	I50	0.06713780918727916	0.172
5628	N19	A95	0.16831683168316833	0.2058
5629	N19	A38	0.11377245508982035	0.1245
5630	N19	N04	0.06172839506172839	0.0507
5631	N19	A40	0.14534883720930233	0.1255
5632	N19	I10	0.027932960893854747	0.2852
5633	N19	F23	0.047619047619047616	0.2344
5634	N19	I70	0.06278026905829596	0.1971
5635	N19	J22	0.21428571428571427	0.1357
5636	N19	I21	0.05785123966942149	0.252
5637	N19	I46	0.07017543859649122	0.1688
5638	N19	A59	0.19463087248322147	0.1442
5639	N19	N46	0.018518518518518517	0.2955
5640	N19	A68	0.17	0.2026
5641	N19	Q93	0.020833333333333332	0.2594
5642	N19	Q61	0.02054794520547945	0.2914
5643	N19	D26	0.19047619047619047	0.1871
5644	N19	O00	0.11602209944751381	0.2306
5645	N19	J98	0.05188679245283019	0.2983
5646	N19	R41	0.08235294117647059	0.2908
5647	N19	H27	0.0918918918918919	0.1782
5648	N19	H74	0.1839080459770115	0.1793
5649	N19	A93	0.17	0.2026
5650	N19	N50	0.1774193548387097	0.0852
5651	N19	A25	0.17	0.2026
5652	N19	K72	0.1981981981981982	0.1112
5653	N19	P22	0.1523809523809524	0.1307
5654	N19	A01	0.16666666666666666	0.1993
5655	N19	N34	0.08235294117647059	0.2939
5656	N19	F41	0.07692307692307693	0.1963
5657	N19	F09	0.04790419161676647	0.1811
5658	N19	I00-I02	0.12878787878787878	0.1682
5659	N19	M43	0.03125	0.222
5660	N19	C64	0.107981220657277	0.0757
5661	N19	L30	0.03816793893129771	0.2593
5662	N19	R80	0.06	0.0991
5663	N19	N84	0.19047619047619047	0.1871
5664	N19	A96	0.1619047619047619	0.191
5665	N19	I00	0.1328125	0.1893
5666	N19	I01	0.13385826771653545	0.1875
5667	N19	D35	0.07462686567164178	0.2543
5668	N19	T57	0.020833333333333332	0.2652
5669	N19	P77	0.07476635514018691	0.196
5670	N19	P36	0.14534883720930233	0.1255
5671	N19	S06	0.18461538461538463	0.1669
5672	N19	R57	0.21428571428571427	0.1002
5673	N19	A97	0.16666666666666666	0.1998
5674	N19	A88	0.19463087248322147	0.1442
5675	N19	A94	0.16831683168316833	0.2058
5676	N19	K61	0.08235294117647059	0.2939
5677	N19	B09	0.19463087248322147	0.1442
5678	N19	J41	0.10101010101010101	0.0918
5679	N19	N06	0.06	0.0991
5680	N19	A08	0.19463087248322147	0.1442
5681	L64	L10	0.03636363636363636	0.0505
5682	L64	A38	0.015503875968992248	0.2842
5683	L64	N40	0.015037593984962405	0.2953
5684	L64	B30	0.03225806451612903	0.0711
5685	L64	H10	0.03225806451612903	0.0711
5686	L64	Q54	0.021052631578947368	0.1802
5687	L64	N42	0.02586206896551724	0.1211
5688	L64	N50	0.02247191011235955	0.1603
5689	L64	A74	0.03225806451612903	0.0711
5690	L64	F41	0.024096385542168676	0.1402
5691	L64	N94	0.030303030303030304	0.0837
5692	L64	O90	0.02857142857142857	0.0967
5693	L64	E35	0.017316017316017316	0.245
5694	L64	Q56	0.04878048780487805	0.0177
5695	I95	A43	0.2992125984251969	0.0401
5696	I95	F51	0.35714285714285715	0.0215
5697	I95	J21	0.12987012987012986	0.2484
5698	I95	A90	0.2	0.1169
5699	I95	A70	0.30158730158730157	0.0391
5700	I95	I60	0.22105263157894736	0.0932
5701	I95	B45	0.30158730158730157	0.0391
5702	I95	B76	0.30158730158730157	0.0391
5703	I95	B64	0.30158730158730157	0.0391
5704	I95	J32	0.4583333333333333	0.0072
5705	I95	A44	0.30158730158730157	0.0391
5706	I95	B79	0.30158730158730157	0.0391
5707	I95	A03	0.30158730158730157	0.0391
5708	I95	A95	0.20930232558139536	0.1058
5709	I95	A40	0.20394736842105263	0.112
5710	I95	J22	0.3627450980392157	0.0202
5711	I95	A59	0.30158730158730157	0.0391
5712	I95	A68	0.19767441860465115	0.1198
5713	I95	K12	0.2	0.1169
5714	I95	A93	0.19767441860465115	0.1198
5715	I95	A25	0.19767441860465115	0.1198
5716	I95	M70	0.14864864864864866	0.203
5717	I95	A01	0.19318181818181818	0.1258
5718	I95	O15	0.12643678160919541	0.2578
5719	I95	I00-I02	0.15384615384615385	0.192
5720	I95	M71	0.14864864864864866	0.203
5721	I95	G95	0.12987012987012986	0.2484
5722	I95	A96	0.18681318681318682	0.1347
5723	I95	I00	0.1592920353982301	0.1811
5724	I95	I01	0.1504424778761062	0.1992
5725	I95	D35	0.16071428571428573	0.1784
5726	I95	P36	0.20394736842105263	0.112
5727	I95	S06	0.4	0.0135
5728	I95	A97	0.19318181818181818	0.1258
5729	I95	A88	0.30158730158730157	0.0391
5730	I95	A94	0.20930232558139536	0.1058
5731	I95	J90	0.14473684210526316	0.2118
5732	I95	B09	0.30158730158730157	0.0391
5733	I95	J91	0.14473684210526316	0.2118
5734	I95	A08	0.30158730158730157	0.0391
5735	I95	D06	0.1513157894736842	0.1973
5736	I95	M65	0.15714285714285714	0.1853
5737	I95	D77	0.13095238095238096	0.2456
5738	I95	L45	0.13095238095238096	0.2456
5739	I95	M68	0.13095238095238096	0.2456
5740	I95	G55	0.13095238095238096	0.2456
5741	I95	G94	0.13095238095238096	0.2456
5742	I95	H94	0.13095238095238096	0.2456
5743	I95	I98	0.13095238095238096	0.2456
5744	I95	M90	0.13095238095238096	0.2456
5745	I95	N33	0.13095238095238096	0.2456
5746	I95	K23	0.13095238095238096	0.2456
5747	I95	H45	0.13095238095238096	0.2456
5748	I95	N29	0.13095238095238096	0.2456
5749	I95	K77	0.13095238095238096	0.2456
5750	I95	M73	0.13095238095238096	0.2456
5751	I95	K93	0.13095238095238096	0.2456
5752	I95	H06	0.13095238095238096	0.2456
5753	I95	G32	0.13095238095238096	0.2456
5754	I95	N22	0.13095238095238096	0.2456
5755	I95	H36	0.13095238095238096	0.2456
5756	I95	H48	0.13095238095238096	0.2456
5757	I95	H22	0.13095238095238096	0.2456
5758	I95	N37	0.13095238095238096	0.2456
5759	I95	H62	0.13095238095238096	0.2456
5760	I95	I79	0.13095238095238096	0.2456
5761	I95	L14	0.13095238095238096	0.2456
5762	I95	H58	0.13095238095238096	0.2456
5763	I95	H03	0.13095238095238096	0.2456
5764	I95	L86	0.13095238095238096	0.2456
5765	I95	N51	0.13095238095238096	0.2456
5766	I95	M63	0.13095238095238096	0.2456
5767	I95	K87	0.13095238095238096	0.2456
5768	I95	M49	0.13095238095238096	0.2456
5769	I95	I52	0.13095238095238096	0.2456
5770	I95	H75	0.13095238095238096	0.2456
5771	I95	A80	0.12857142857142856	0.2161
5772	I95	L29	0.3764705882352941	0.0273
5773	I95	K37	0.22666666666666666	0.1082
5774	I95	J81	0.13333333333333333	0.0879
5775	I95	K65	0.2714285714285714	0.0858
5776	I95	K35	0.22972972972972974	0.1336
5777	I95	K30	0.07058823529411765	0.2751
5778	I95	A37	0.5128205128205128	0.0155
5779	I95	K41	0.1559633027522936	0.1225
5780	I95	K40	0.1440677966101695	0.1212
5781	I95	K81	0.1794871794871795	0.1907
5782	I95	J00	0.12643678160919541	0.1299
5783	I95	K80	0.07692307692307693	0.1909
5784	I95	K42	0.19767441860465115	0.1145
5785	I95	F91	0.10416666666666667	0.2448
5786	I95	M41	0.07865168539325842	0.0919
5787	I95	I85	0.075	0.2324
5788	I95	D25	0.06666666666666667	0.1909
5789	I95	I10	0.030303030303030304	0.2562
5790	I95	N23	0.16279069767441862	0.1764
5791	I95	F23	0.054945054945054944	0.1873
5792	I95	I46	0.12666666666666668	0.04
5793	I95	K46	0.1559633027522936	0.1225
5794	I95	L50	0.10112359550561797	0.1465
5795	I95	I84	0.18333333333333332	0.0529
5796	I95	I49	0.039473684210526314	0.1546
5797	I95	Q93	0.024390243902439025	0.2058
5798	I95	J85	0.0625	0.2488
5799	I95	D26	0.22857142857142856	0.1336
5800	I95	O00	0.2876712328767123	0.0261
5801	I95	Q54	0.078125	0.2105
5802	I95	R41	0.11428571428571428	0.1798
5803	I95	H27	0.09941520467836257	0.1546
5804	I95	J96	0.0425531914893617	0.2182
5805	I95	H74	0.2191780821917808	0.1288
5806	I95	N50	0.2	0.0622
5807	I95	T78	0.1375	0.068
5808	I95	K72	0.27956989247311825	0.0449
5809	I95	P22	0.27380952380952384	0.0256
5810	I95	N34	0.11428571428571428	0.1824
5811	I95	M27	0.07317073170731707	0.1845
5812	I95	M75	0.11214953271028037	0.0572
5813	I95	M14	0.2558139534883721	0.0554
5814	I95	F41	0.07692307692307693	0.1963
5815	I95	K05	0.07317073170731707	0.1771
5816	I95	M79	0.047619047619047616	0.2322
5817	I95	F09	0.03870967741935484	0.2516
5818	I95	F12	0.030303030303030304	0.2844
5819	I95	C64	0.11	0.0722
5820	I95	N84	0.22857142857142856	0.1336
5821	I95	Y14	0.2535211267605634	0.0431
5822	I95	T30	0.12149532710280374	0.1946
5823	I95	T09	0.12173913043478261	0.1457
5824	I95	R57	0.34615384615384615	0.0241
5825	I95	M07	0.27848101265822783	0.0597
5826	I95	K45	0.1559633027522936	0.1225
5827	I95	K61	0.11428571428571428	0.1824
5828	I95	L58	0.10989010989010989	0.1022
5829	I95	B91	0.12857142857142856	0.2161
5830	I95	L55	0.059880239520958084	0.2588
5831	I95	K36	0.2361111111111111	0.1425
5832	L29	M86	0.14925373134328357	0.2408
5833	L29	A43	0.26785714285714285	0.0774
5834	L29	F51	0.4	0.0217
5835	L29	A90	0.26865671641791045	0.0768
5836	L29	A70	0.2702702702702703	0.0756
5837	L29	I60	0.24	0.101
5838	L29	B45	0.2702702702702703	0.0756
5839	L29	B76	0.2702702702702703	0.0756
5840	L29	B64	0.2702702702702703	0.0756
5841	L29	J32	0.39285714285714285	0.0233
5842	L29	A44	0.2702702702702703	0.0756
5843	L29	B79	0.2702702702702703	0.0756
5844	L29	A03	0.2702702702702703	0.0756
5845	L29	A95	0.2857142857142857	0.0652
5846	L29	A38	0.12878787878787878	0.2928
5847	L29	A40	0.15942028985507245	0.2185
5848	L29	J22	0.3488372093023256	0.0356
5849	L29	A59	0.2702702702702703	0.0756
5850	L29	K02	0.15254237288135594	0.2333
5851	L29	A68	0.2698412698412698	0.0759
5852	L29	K12	0.2807017543859649	0.0684
5853	L29	A93	0.2698412698412698	0.0759
5854	L29	A25	0.2698412698412698	0.0759
5855	L29	M70	0.2653061224489796	0.0793
5856	L29	A01	0.26153846153846155	0.0822
5857	L29	I00-I02	0.19148936170212766	0.1608
5858	L29	M71	0.2653061224489796	0.0793
5859	L29	G95	0.18518518518518517	0.1708
5860	L29	A96	0.25	0.0918
5861	L29	I00	0.2	0.1482
5862	L29	I01	0.18888888888888888	0.1648
5863	L29	P36	0.15942028985507245	0.2185
5864	L29	S06	0.3146067415730337	0.0494
5865	L29	A97	0.26153846153846155	0.0822
5866	L29	A88	0.2702702702702703	0.0756
5867	L29	A94	0.2857142857142857	0.0652
5868	L29	J90	0.18518518518518517	0.1708
5869	L29	B09	0.2702702702702703	0.0756
5870	L29	J91	0.18518518518518517	0.1708
5871	L29	A08	0.2702702702702703	0.0756
5872	L29	C81	0.14457831325301204	0.2518
5873	L29	M65	0.23404255319148937	0.107
5874	L29	D77	0.2	0.1482
5875	L29	L45	0.2	0.1482
5876	L29	M68	0.2	0.1482
5877	L29	G55	0.2	0.1482
5878	L29	G94	0.2	0.1482
5879	L29	H94	0.2	0.1482
5880	L29	I98	0.2	0.1482
5881	L29	M90	0.2	0.1482
5882	L29	N33	0.2	0.1482
5883	L29	K23	0.2	0.1482
5884	L29	H45	0.2	0.1482
5885	L29	N29	0.2	0.1482
5886	L29	K77	0.2	0.1482
5887	L29	M73	0.2	0.1482
5888	L29	K93	0.2	0.1482
5889	L29	H06	0.2	0.1482
5890	L29	G32	0.2	0.1482
5891	L29	N22	0.2	0.1482
5892	L29	H36	0.2	0.1482
5893	L29	H48	0.2	0.1482
5894	L29	H22	0.2	0.1482
5895	L29	N37	0.2	0.1482
5896	L29	H62	0.2	0.1482
5897	L29	I79	0.2	0.1482
5898	L29	L14	0.2	0.1482
5899	L29	H58	0.2	0.1482
5900	L29	H03	0.2	0.1482
5901	L29	L86	0.2	0.1482
5902	L29	N51	0.2	0.1482
5903	L29	M63	0.2	0.1482
5904	L29	K87	0.2	0.1482
5905	L29	M49	0.2	0.1482
5906	L29	I52	0.2	0.1482
5907	L29	H75	0.2	0.1482
5908	L29	K37	0.1896551724137931	0.1558
5909	L29	J81	0.14814814814814814	0.067
5910	L29	K65	0.32	0.0551
5911	L29	K35	0.19298245614035087	0.1845
5912	L29	F43	0.02040816326530612	0.2794
5913	L29	A37	0.6101694915254238	0.007
5914	L29	K41	0.19767441860465115	0.0697
5915	L29	K40	0.17894736842105263	0.0726
5916	L29	K81	0.1896551724137931	0.1736
5917	L29	J00	0.10294117647058823	0.19
5918	L29	K80	0.09022556390977443	0.1432
5919	L29	K42	0.2698412698412698	0.0517
5920	L29	F91	0.136986301369863	0.1569
5921	L29	M41	0.057971014492753624	0.1724
5922	L29	D25	0.07643312101910828	0.1497
5923	L29	N23	0.24193548387096775	0.0757
5924	L29	F23	0.057971014492753624	0.1708
5925	L29	F50	0.06349206349206349	0.2646
5926	L29	I46	0.08148148148148149	0.1266
5927	L29	K46	0.19767441860465115	0.0697
5928	L29	B27	0.02608695652173913	0.2807
5929	L29	L50	0.07142857142857142	0.2581
5930	L29	I84	0.1553398058252427	0.083
5931	L29	Q93	0.03389830508474576	0.1107
5932	L29	F17	0.034782608695652174	0.237
5933	L29	J85	0.0761904761904762	0.1833
5934	L29	D26	0.3404255319148936	0.0495
5935	L29	O00	0.23134328358208955	0.0534
5936	L29	L65	0.02040816326530612	0.2119
5937	L29	I73	0.2127659574468085	0.2539
5938	L29	Q54	0.09523809523809523	0.1495
5939	L29	R41	0.14583333333333334	0.1117
5940	L29	H27	0.10738255033557047	0.133
5941	L29	F11	0.05970149253731343	0.1082
5942	L29	H74	0.32	0.0498
5943	L29	N50	0.17204301075268819	0.0918
5944	L29	T78	0.0625	0.2957
5945	L29	K72	0.2	0.109
5946	L29	P22	0.2727272727272727	0.0259
5947	L29	N34	0.1702127659574468	0.079
5948	L29	M75	0.054945054945054944	0.2472
5949	L29	M14	0.25	0.0592
5950	L29	F41	0.09574468085106383	0.1315
5951	L29	M79	0.1016949152542373	0.0438
5952	L29	F09	0.03759398496240601	0.2618
5953	L29	N88	0.23404255319148937	0.2046
5954	L29	M43	0.03333333333333333	0.2006
5955	L29	C64	0.08743169398907104	0.124
5956	L29	T79	0.20833333333333334	0.2422
5957	L29	M48	0.08823529411764706	0.1083
5958	L29	N84	0.3404255319148936	0.0495
5959	L29	Y14	0.2	0.084
5960	L29	T30	0.18292682926829268	0.0848
5961	L29	T09	0.15217391304347827	0.0898
5962	L29	R57	0.3225806451612903	0.0311
5963	L29	F02	0.16666666666666666	0.2191
5964	L29	G20+	0.18181818181818182	0.2493
5965	L29	M07	0.2786885245901639	0.0596
5966	L29	K45	0.19767441860465115	0.0697
5967	L29	L02	0.20833333333333334	0.2487
5968	L29	K61	0.1702127659574468	0.079
5969	L29	L58	0.0684931506849315	0.2418
5970	L29	L55	0.09219858156028368	0.1245
5971	L29	K36	0.2	0.1921
5972	L24	L52	0.10256410256410256	0.0475
5973	L24	L43	0.030303030303030304	0.2328
5974	L24	N41	0.10526315789473684	0.2701
5975	L24	K58	0.05063291139240506	0.2968
5976	L24	L82	0.06666666666666667	0.179
5977	L24	L51	0.14705882352941177	0.0583
5978	L24	L21	0.46296296296296297	0.0
5979	L24	L26	0.5714285714285714	0.0
5980	L24	J43	0.07042253521126761	0.0884
5981	L24	N04	0.03418803418803419	0.1928
5982	L24	L25	0.02857142857142857	0.1807
5983	L24	L60	0.02702702702702703	0.0162
5984	L24	K14	0.06097560975609756	0.251
5985	L24	O26	0.1388888888888889	0.0035
5986	L24	I07	0.06097560975609756	0.251
5987	L24	Q81	0.48484848484848486	0.0
5988	L24	M31	0.029411764705882353	0.1808
5989	L24	N42	0.05128205128205128	0.2904
5990	L24	L75	0.06097560975609756	0.251
5991	L24	I09	0.06097560975609756	0.251
5992	L24	L30	0.4166666666666667	0.0
5993	L24	L27	0.0963302752293578	0.0403
5994	L24	P77	0.06666666666666667	0.2341
5995	L24	L58	0.45454545454545453	0.0001
5996	L24	J41	0.09433962264150944	0.1076
5997	L24	I08	0.06097560975609756	0.251
5998	J81	M10	0.1568627450980392	0.0571
5999	J81	A43	0.06796116504854369	0.2904
6000	J81	F51	0.1568627450980392	0.0571
6001	J81	A90	0.17777777777777778	0.0389
6002	J81	A70	0.06862745098039216	0.2869
6003	J81	I60	0.1509433962264151	0.0636
6004	J81	B45	0.06862745098039216	0.2869
6005	J81	B76	0.06862745098039216	0.2869
6006	J81	B64	0.06862745098039216	0.2869
6007	J81	J32	0.11842105263157894	0.1155
6008	J81	A44	0.06862745098039216	0.2869
6009	J81	B79	0.06862745098039216	0.2869
6010	J81	A03	0.06862745098039216	0.2869
6011	J81	A95	0.1951219512195122	0.0283
6012	J81	A40	0.07563025210084033	0.2525
6013	J81	J22	0.09090909090909091	0.191
6014	J81	A59	0.06862745098039216	0.2869
6015	J81	K02	0.2857142857142857	0.0053
6016	J81	A68	0.17073170731707318	0.0443
6017	J81	J98	0.08450704225352113	0.2147
6018	J81	A93	0.17073170731707318	0.0443
6019	J81	A25	0.17073170731707318	0.0443
6020	J81	A01	0.16279069767441862	0.0512
6021	J81	O15	0.075	0.2554
6022	J81	I00-I02	0.1111111111111111	0.132
6023	J81	A96	0.15217391304347827	0.0622
6024	J81	I00	0.11764705882352941	0.1171
6025	J81	I01	0.10294117647058823	0.1533
6026	J81	D35	0.15384615384615385	0.0603
6027	J81	P36	0.07563025210084033	0.2525
6028	J81	S06	0.11842105263157894	0.1155
6029	J81	A97	0.16279069767441862	0.0512
6030	J81	A88	0.06862745098039216	0.2869
6031	J81	A94	0.1951219512195122	0.0283
6032	J81	B09	0.06862745098039216	0.2869
6033	J81	A08	0.06862745098039216	0.2869
6034	J81	K65	0.25925925925925924	0.0958
6035	J81	F43	0.058823529411764705	0.0245
6036	J81	K41	0.109375	0.2297
6037	J81	K40	0.0958904109589041	0.2458
6038	J81	K42	0.17073170731707318	0.154
6039	J81	M87	0.07407407407407407	0.0526
6040	J81	F40	0.05	0.1114
6041	J81	I46	0.08571428571428572	0.1137
6042	J81	K46	0.109375	0.2297
6043	J81	Q93	0.03571428571428571	0.0983
6044	J81	J85	0.1095890410958904	0.0869
6045	J81	D26	0.2916666666666667	0.0763
6046	J81	Q42	0.034482758620689655	0.0475
6047	J81	R41	0.4375	0.0013
6048	J81	P84	0.038461538461538464	0.2062
6049	J81	F11	0.05405405405405406	0.1336
6050	J81	H74	0.25925925925925924	0.0883
6051	J81	N50	0.1	0.2503
6052	J81	K72	0.14285714285714285	0.2057
6053	J81	P22	0.20930232558139536	0.0609
6054	J81	N34	0.5333333333333333	0.0003
6055	J81	F41	0.109375	0.0983
6056	J81	M79	0.06451612903225806	0.1381
6057	J81	K73	0.03508771929824561	0.1022
6058	J81	M43	0.034482758620689655	0.1897
6059	J81	N84	0.2916666666666667	0.0763
6060	J81	Y14	0.3076923076923077	0.0219
6061	J81	R57	0.19047619047619047	0.1295
6062	J81	K45	0.109375	0.2297
6063	J81	K61	0.5333333333333333	0.0003
6064	K65	A43	0.2	0.1642
6065	K65	F51	0.4318181818181818	0.0199
6066	K65	A90	0.3902439024390244	0.029
6067	K65	A70	0.20212765957446807	0.161
6068	K65	I60	0.41304347826086957	0.0236
6069	K65	B45	0.20212765957446807	0.161
6070	K65	B76	0.20212765957446807	0.161
6071	K65	B64	0.20212765957446807	0.161
6072	K65	J32	0.2714285714285714	0.0858
6073	K65	A44	0.20212765957446807	0.161
6074	K65	B79	0.20212765957446807	0.161
6075	K65	A03	0.20212765957446807	0.161
6076	K65	A95	0.43243243243243246	0.0197
6077	K65	A38	0.1523809523809524	0.2527
6078	K65	A40	0.168141592920354	0.2191
6079	K65	J22	0.2753623188405797	0.0828
6080	K65	A59	0.20212765957446807	0.161
6081	K65	K02	0.21212121212121213	0.1471
6082	K65	A68	0.4444444444444444	0.0177
6083	K65	A93	0.4444444444444444	0.0177
6084	K65	A25	0.4444444444444444	0.0177
6085	K65	A01	0.42105263157894735	0.0219
6086	K65	I00-I02	0.23529411764705882	0.1192
6087	K65	A96	0.3902439024390244	0.029
6088	K65	I00	0.25	0.1043
6089	K65	I01	0.25396825396825395	0.1006
6090	K65	D35	0.14492753623188406	0.2704
6091	K65	P36	0.168141592920354	0.2191
6092	K65	S06	0.2714285714285714	0.0858
6093	K65	A97	0.42105263157894735	0.0219
6094	K65	A88	0.20212765957446807	0.161
6095	K65	A94	0.43243243243243246	0.0197
6096	K65	B09	0.20212765957446807	0.161
6097	K65	A08	0.20212765957446807	0.161
6098	K65	D06	0.14814814814814814	0.2626
6099	K65	K30	0.08108108108108109	0.227
6100	K65	A37	0.3958333333333333	0.0404
6101	K65	K41	0.10294117647058823	0.2505
6102	K65	K40	0.09090909090909091	0.2644
6103	K65	K42	0.15555555555555556	0.1819
6104	K65	M41	0.07142857142857142	0.1145
6105	K65	F23	0.0975609756097561	0.0506
6106	K65	I46	0.09259259259259259	0.0954
6107	K65	K46	0.10294117647058823	0.2505
6108	K65	L50	0.06818181818181818	0.2746
6109	K65	L95	0.12	0.2134
6110	K65	Q93	0.06451612903225806	0.0148
6111	K65	J85	0.08974358974358974	0.1354
6112	K65	D26	0.8421052631578947	0.0005
6113	K65	O00	0.16101694915254236	0.1304
6114	K65	F21	0.15789473684210525	0.067
6115	K65	A07	0.11538461538461539	0.1894
6116	K65	R41	0.35	0.005
6117	K65	F60	0.14285714285714285	0.0767
6118	K65	H27	0.1322314049586777	0.0832
6119	K65	H74	0.7272727272727273	0.001
6120	K65	N50	0.24615384615384617	0.0326
6121	K65	T78	0.08108108108108109	0.2056
6122	K65	K72	0.3877551020408163	0.0134
6123	K65	P22	0.4	0.0046
6124	K65	N34	0.35	0.0052
6125	K65	M27	0.08823529411764706	0.13
6126	K65	F41	0.10294117647058823	0.1128
6127	K65	K05	0.08823529411764706	0.1238
6128	K65	F09	0.03773584905660377	0.2605
6129	K65	C64	0.1032258064516129	0.0849
6130	K65	N84	0.8421052631578947	0.0005
6131	K65	P96	0.029411764705882353	0.2813
6132	K65	S27	0.125	0.188
6133	K65	L59	0.12	0.2134
6134	K65	L53	0.12	0.2134
6135	K65	Y14	0.35714285714285715	0.0118
6136	K65	R57	0.5428571428571428	0.0028
6137	K65	K45	0.10294117647058823	0.2505
6138	K65	K61	0.35	0.0052
6139	K65	L58	0.06382978723404255	0.2664
6140	K65	F61	0.14285714285714285	0.0767
6141	K65	B91	0.12	0.2394
6142	D06	C62	0.11496350364963503	0.1811
6143	D06	C71	0.11636363636363636	0.1774
6144	D06	M10	0.15503875968992248	0.0997
6145	D06	A43	0.13636363636363635	0.1317
6146	D06	C08	0.11538461538461539	0.18
6147	D06	F51	0.13740458015267176	0.1296
6148	D06	C25	0.11538461538461539	0.18
6149	D06	C67	0.11964285714285715	0.1689
6150	D06	A90	0.1349206349206349	0.1345
6151	D06	A70	0.13714285714285715	0.1302
6152	D06	C09	0.11538461538461539	0.18
6153	D06	I60	0.13533834586466165	0.1337
6154	D06	C60	0.11538461538461539	0.18
6155	D06	B45	0.13714285714285715	0.1302
6156	D06	C32	0.11413043478260869	0.1834
6157	D06	C50	0.11387900355871886	0.1841
6158	D06	C61	0.10899653979238755	0.198
6159	D06	B76	0.13714285714285715	0.1302
6160	D06	C10	0.11496350364963503	0.1811
6161	D06	B64	0.13714285714285715	0.1302
6162	D06	J32	0.15894039735099338	0.094
6163	D06	C51	0.11657559198542805	0.1768
6164	D06	C49	0.1111111111111111	0.1918
6165	D06	C84	0.11	0.195
6166	D06	A44	0.13714285714285715	0.1302
6167	D06	C66	0.11538461538461539	0.18
6168	D06	B79	0.13714285714285715	0.1302
6169	D06	A03	0.13714285714285715	0.1302
6170	D06	A95	0.13934426229508196	0.126
6171	D06	C73	0.12614259597806216	0.1533
6172	D06	C37	0.11538461538461539	0.18
6173	D06	I30	0.09174311926605505	0.2559
6174	D06	A38	0.08947368421052632	0.2647
6175	D06	C23	0.11754068716094032	0.1743
6176	D06	C56	0.11607142857142858	0.1782
6177	D06	C74	0.09492988133764833	0.2441
6178	D06	C04	0.11413043478260869	0.1834
6179	D06	C82	0.11794871794871795	0.1733
6180	D06	C54	0.11732851985559567	0.1749
6181	D06	J22	0.152317880794702	0.1038
6182	D06	C53	0.09740259740259741	0.2353
6183	D06	C16	0.11558669001751314	0.1795
6184	D06	C11	0.11475409836065574	0.1817
6185	D06	A59	0.13714285714285715	0.1302
6186	D06	A68	0.14049586776859505	0.1238
6187	D06	M04	0.10434782608695652	0.2122
6188	D06	C85	0.1218274111675127	0.1635
6189	D06	D47	0.08275862068965517	0.2926
6190	D06	C83	0.11538461538461539	0.18
6191	D06	J98	0.1619047619047619	0.09
6192	D06	C40	0.11538461538461539	0.18
6193	D06	C63	0.1111111111111111	0.1918
6194	D06	C30	0.0957562568008705	0.2411
6195	D06	A93	0.14049586776859505	0.1238
6196	D06	A25	0.14049586776859505	0.1238
6197	D06	C44	0.10067114093959731	0.2241
6198	D06	A01	0.13821138211382114	0.1281
6199	D06	C75	0.08690012970168612	0.2751
6200	D06	I00-I02	0.11842105263157894	0.172
6201	D06	C90	0.0860655737704918	0.2785
6202	D06	K92	0.1792452830188679	0.0694
6203	D06	A96	0.1349206349206349	0.1345
6204	D06	I00	0.11409395973154363	0.1835
6205	D06	I01	0.11486486486486487	0.1814
6206	D06	D35	0.13793103448275862	0.1286
6207	D06	S06	0.16666666666666666	0.0838
6208	D06	A97	0.13821138211382114	0.1281
6209	D06	A88	0.13714285714285715	0.1302
6210	D06	C01	0.11538461538461539	0.18
6211	D06	A94	0.13934426229508196	0.126
6212	D06	C39	0.11538461538461539	0.18
6213	D06	B09	0.13714285714285715	0.1302
6214	D06	A08	0.13714285714285715	0.1302
6215	D06	F99	0.05150214592274678	0.2379
6216	D06	I40	0.08490566037735849	0.2834
6217	D06	C65	0.09022556390977443	0.2618
6218	D06	G24	0.02631578947368421	0.2442
6219	D06	N35	0.08490566037735849	0.2688
6220	D06	C17	0.09090909090909091	0.1877
6221	D06	A37	0.17692307692307693	0.2391
6222	D06	L82	0.10091743119266056	0.0736
6223	D06	D22	0.02702702702702703	0.2264
6224	D06	F79	0.04093567251461988	0.1414
6225	D06	H33	0.07758620689655173	0.1989
6226	D06	C45	0.09340659340659341	0.0749
6227	D06	C13	0.12104283054003724	0.2208
6228	D06	C80	0.1044776119402985	0.2696
6229	D06	D32	0.06349206349206349	0.2324
6230	D06	D27	0.026785714285714284	0.289
6231	D06	N97	0.04895104895104895	0.0879
6232	D06	C18	0.0958904109589041	0.1465
6233	D06	C15	0.09734513274336283	0.1298
6234	D06	E85	0.0658682634730539	0.0968
6235	D06	J85	0.1476510067114094	0.037
6236	D06	D26	0.1523809523809524	0.2619
6237	D06	Q85	0.04878048780487805	0.105
6238	D06	K83	0.2537313432835821	0.0023
6239	D06	E07	0.04316546762589928	0.1145
6240	D06	N32	0.06766917293233082	0.096
6241	D06	C24	0.1388888888888889	0.1001
6242	D06	N64	0.05384615384615385	0.1573
6243	D06	C57	0.125	0.0742
6244	D06	H27	0.0825242718446602	0.2126
6245	D06	H74	0.14814814814814814	0.2508
6246	D06	C33	0.10467289719626169	0.2708
6247	D06	N50	0.2014388489208633	0.0609
6248	D06	G56	0.07563025210084033	0.1555
6249	D06	K72	0.16666666666666666	0.1579
6250	D06	P22	0.12698412698412698	0.1837
6251	D06	N83	0.02097902097902098	0.2626
6252	D06	C68	0.07225433526011561	0.2873
6253	D06	Q90	0.022222222222222223	0.2344
6254	D06	F09	0.0425531914893617	0.2193
6255	D06	D48	0.1009009009009009	0.28
6256	D06	C48	0.1044776119402985	0.2711
6257	D06	F12	0.03007518796992481	0.2871
6258	D06	D89	0.017391304347826087	0.2991
6259	D06	C64	0.1222707423580786	0.0537
6260	D06	C22	0.29605263157894735	0.0076
6261	D06	O01	0.09734513274336283	0.2455
6262	D06	D07	0.5047619047619047	0.0001
6263	D06	D02	0.4953271028037383	0.0001
6264	D06	D00	0.5047619047619047	0.0001
6265	D06	D09	0.05714285714285714	0.0509
6266	D06	D01	0.4953271028037383	0.0001
6267	D06	C14	0.07258064516129033	0.07
6268	D06	N84	0.1523809523809524	0.2619
6269	D06	C97	0.017857142857142856	0.2737
6270	D06	C47	0.045112781954887216	0.1987
6271	D06	C78	0.044642857142857144	0.1659
6272	D06	R57	0.12903225806451613	0.2509
6273	A43	M10	0.12096774193548387	0.2973
6274	A43	M86	0.1574074074074074	0.2062
6275	A43	F99	0.044444444444444446	0.2897
6276	A43	F51	0.2636363636363636	0.0629
6277	A43	L43	0.031746031746031744	0.2172
6278	A43	G10	0.022727272727272728	0.2897
6279	A43	B18	0.03361344537815126	0.2626
6280	A43	J03	0.08080808080808081	0.2629
6281	A43	A90	0.26666666666666666	0.0697
6282	A43	A70	0.9894736842105263	0.0
6283	A43	A37	0.3883495145631068	0.0429
6284	A43	K41	0.14393939393939395	0.1441
6285	A43	K40	0.1347517730496454	0.139
6286	A43	K81	0.20618556701030927	0.1489
6287	A43	I60	0.19491525423728814	0.0504
6288	A43	B45	0.9894736842105263	0.0
6289	A43	I61	0.02459016393442623	0.2686
6290	A43	B76	0.9894736842105263	0.0
6291	A43	J00	0.09821428571428571	0.2051
6292	A43	M45	0.12413793103448276	0.103
6293	A43	F39	0.04316546762589928	0.2339
6294	A43	B64	0.9894736842105263	0.0
6295	A43	J32	0.43478260869565216	0.0132
6296	A43	C84	0.08163265306122448	0.249
6297	A43	A44	0.9894736842105263	0.0
6298	A43	B79	0.9894736842105263	0.0
6299	A43	A03	0.9894736842105263	0.0
6300	A43	K42	0.1743119266055046	0.1481
6301	A43	I50	0.046822742474916385	0.2932
6302	A43	A95	0.27722772277227725	0.0737
6303	A43	B51	0.1076923076923077	0.1662
6304	A43	A38	0.16568047337278108	0.0479
6305	A43	M41	0.05217391304347826	0.2056
6306	A43	N04	0.03389830508474576	0.1955
6307	A43	A40	0.16201117318435754	0.0989
6308	A43	D25	0.07960199004975124	0.1383
6309	A43	N23	0.20192307692307693	0.1161
6310	A43	B50	0.10824742268041238	0.1604
6311	A43	F50	0.07476635514018691	0.2088
6312	A43	C82	0.08333333333333333	0.2558
6313	A43	J22	0.7263157894736842	0.0011
6314	A43	I46	0.06593406593406594	0.1881
6315	A43	K46	0.14393939393939395	0.1441
6316	A43	A59	0.9894736842105263	0.0
6317	A43	L70	0.06093189964157706	0.2288
6318	A43	B54	0.16279069767441862	0.0897
6319	A43	N40	0.0748663101604278	0.1574
6320	A43	K02	0.1485148514851485	0.105
6321	A43	I83	0.04710144927536232	0.2507
6322	A43	A68	0.28	0.0718
6323	A43	I84	0.15172413793103448	0.088
6324	A43	J35	0.08080808080808081	0.2629
6325	A43	Q93	0.018691588785046728	0.2981
6326	A43	C85	0.08205128205128205	0.2531
6327	A43	K12	0.1308411214953271	0.2257
6328	A43	J85	0.05921052631578947	0.2678
6329	A43	K04	0.06707317073170732	0.1075
6330	A43	D26	0.16842105263157894	0.2274
6331	A43	O00	0.18994413407821228	0.0903
6332	A43	C83	0.08292682926829269	0.2415
6333	A43	J98	0.125	0.054
6334	A43	Q54	0.07236842105263158	0.2362
6335	A43	H27	0.08673469387755102	0.1964
6336	A43	A63	0.031578947368421054	0.2541
6337	A43	H74	0.16326530612244897	0.2177
6338	A43	A93	0.28	0.0718
6339	A43	M81	0.041666666666666664	0.228
6340	A43	N50	0.16296296296296298	0.1042
6341	A43	A25	0.28	0.0718
6342	A43	K72	0.2857142857142857	0.0419
6343	A43	P22	0.168141592920354	0.1058
6344	A43	C69	0.07874015748031496	0.241
6345	A43	B53	0.11052631578947368	0.1655
6346	A43	A01	0.27450980392156865	0.0699
6347	A43	O15	0.06956521739130435	0.2604
6348	A43	M14	0.11764705882352941	0.2652
6349	A43	F41	0.06338028169014084	0.2617
6350	A43	B52	0.11052631578947368	0.1655
6351	A43	C75	0.078125	0.242
6352	A43	I00-I02	0.21212121212121213	0.0528
6353	A43	C41	0.07894736842105263	0.2395
6354	A43	C64	0.10267857142857142	0.086
6355	A43	F81	0.06358381502890173	0.1124
6356	A43	J09	0.05747126436781609	0.2105
6357	A43	J30	0.05405405405405406	0.245
6358	A43	C76	0.07792207792207792	0.2452
6359	A43	M48	0.0990990990990991	0.0823
6360	A43	J11	0.05791505791505792	0.2073
6361	A43	M19	0.08333333333333333	0.1951
6362	A43	L57	0.07926829268292683	0.222
6363	A43	N84	0.16842105263157894	0.2274
6364	A43	A96	0.26666666666666666	0.0651
6365	A43	I00	0.21875	0.0642
6366	A43	I01	0.2204724409448819	0.0631
6367	A43	D35	0.16541353383458646	0.0478
6368	A43	T37	0.11052631578947368	0.1655
6369	A43	Y14	0.11764705882352941	0.2336
6370	A43	T30	0.16	0.1157
6371	A43	P36	0.16201117318435754	0.0989
6372	A43	T09	0.09219858156028368	0.2328
6373	A43	S06	0.4473684210526316	0.0129
6374	A43	R57	0.18181818181818182	0.1422
6375	A43	F02	0.16831683168316833	0.2158
6376	A43	G20+	0.17708333333333334	0.2585
6377	A43	A97	0.27450980392156865	0.0701
6378	A43	A88	0.9894736842105263	0.0
6379	A43	M07	0.125	0.283
6380	A43	K45	0.14393939393939395	0.1441
6381	A43	A94	0.27722772277227725	0.0737
6382	A43	J90	0.15463917525773196	0.2516
6383	A43	J10	0.057692307692307696	0.2101
6384	A43	B09	0.9894736842105263	0.0
6385	A43	J91	0.15463917525773196	0.2516
6386	A43	L55	0.05759162303664921	0.2726
6387	A43	E35	0.056140350877192984	0.283
6388	A43	A08	0.9894736842105263	0.0
6389	F51	M86	0.15625	0.1945
6390	F51	C81	0.12195121951219512	0.2621
6391	F51	F99	0.10843373493975904	0.0483
6392	F51	K37	0.17857142857142858	0.1737
6393	F51	K35	0.18181818181818182	0.2036
6394	F51	L43	0.025974025974025976	0.2869
6395	F51	A90	0.24242424242424243	0.0889
6396	F51	A70	0.26605504587155965	0.0707
6397	F51	A37	0.4603174603174603	0.0239
6398	F51	K41	0.20481927710843373	0.0633
6399	F51	K40	0.18478260869565216	0.0666
6400	F51	K81	0.24528301886792453	0.1037
6401	F51	F79	0.02631578947368421	0.2848
6402	F51	I60	0.2857142857142857	0.0124
6403	F51	B45	0.26605504587155965	0.0707
6404	F51	N03	0.04	0.112
6405	F51	B76	0.26605504587155965	0.0707
6406	F51	M45	0.10891089108910891	0.1363
6407	F51	B64	0.26605504587155965	0.0707
6408	F51	K80	0.07575757575757576	0.1958
6409	F51	J32	0.37349397590361444	0.0244
6410	F51	C84	0.08783783783783784	0.224
6411	F51	A44	0.26605504587155965	0.0707
6412	F51	B79	0.26605504587155965	0.0707
6413	F51	A03	0.26605504587155965	0.0707
6414	F51	K42	0.2833333333333333	0.0446
6415	F51	A95	0.25806451612903225	0.0883
6416	F51	F91	0.14285714285714285	0.1449
6417	F51	A38	0.13178294573643412	0.0894
6418	F51	M41	0.06060606060606061	0.1591
6419	F51	A40	0.13768115942028986	0.1401
6420	F51	D25	0.0641025641025641	0.2035
6421	F51	N23	0.15625	0.1892
6422	F51	F23	0.06060606060606061	0.1575
6423	F51	B55	0.05970149253731343	0.1885
6424	F51	J22	0.34523809523809523	0.0399
6425	F51	I46	0.0916030534351145	0.0978
6426	F51	K46	0.20481927710843373	0.0633
6427	F51	A59	0.26605504587155965	0.0707
6428	F51	L70	0.05150214592274678	0.2875
6429	F51	B54	0.125	0.1572
6430	F51	N40	0.07142857142857142	0.1713
6431	F51	K02	0.14035087719298245	0.1189
6432	F51	I83	0.057777777777777775	0.1831
6433	F51	M65	0.2222222222222222	0.2131
6434	F51	B27	0.026785714285714284	0.2712
6435	F51	A68	0.26229508196721313	0.0849
6436	F51	I84	0.1262135922330097	0.1326
6437	F51	Q93	0.03571428571428571	0.0983
6438	F51	C85	0.08843537414965986	0.2274
6439	F51	K12	0.1864406779661017	0.1197
6440	F51	J85	0.0784313725490196	0.1744
6441	F51	K04	0.045454545454545456	0.2209
6442	F51	D26	0.36363636363636365	0.0403
6443	F51	O00	0.21804511278195488	0.0632
6444	F51	C83	0.08227848101265822	0.2442
6445	F51	J98	0.07017543859649122	0.1947
6446	F51	I73	0.22727272727272727	0.2312
6447	F51	Q54	0.09803921568627451	0.1413
6448	F51	R41	0.15555555555555556	0.0964
6449	F51	H27	0.1095890410958904	0.1276
6450	F51	P84	0.037037037037037035	0.2186
6451	F51	H74	0.3404255319148936	0.041
6452	F51	A93	0.26229508196721313	0.0849
6453	F51	N50	0.17777777777777778	0.0848
6454	F51	A25	0.26229508196721313	0.0849
6455	F51	K72	0.273972602739726	0.0478
6456	F51	M70	0.20408163265306123	0.1626
6457	F51	P22	0.24615384615384617	0.0371
6458	F51	A01	0.25396825396825395	0.0853
6459	F51	N34	0.15555555555555556	0.0984
6460	F51	M14	0.18840579710144928	0.119
6461	F51	F41	0.1111111111111111	0.0947
6462	F51	M79	0.05084745762711865	0.2103
6463	F51	F09	0.038461538461538464	0.2538
6464	F51	I00-I02	0.2111111111111111	0.0535
6465	F51	N88	0.2222222222222222	0.2217
6466	F51	C64	0.08888888888888889	0.1197
6467	F51	M71	0.20408163265306123	0.1626
6468	F51	G95	0.19607843137254902	0.1912
6469	F51	T79	0.2222222222222222	0.2202
6470	F51	M19	0.0979020979020979	0.1466
6471	F51	L57	0.09565217391304348	0.1626
6472	F51	G36	0.03636363636363636	0.2541
6473	F51	N84	0.36363636363636365	0.0403
6474	F51	Q36	0.04918032786885246	0.2286
6475	F51	A96	0.24242424242424243	0.0835
6476	F51	I00	0.1797752808988764	0.1049
6477	F51	I01	0.18181818181818182	0.1027
6478	F51	D35	0.10638297872340426	0.1418
6479	F51	Y14	0.21153846153846154	0.0728
6480	F51	T30	0.11904761904761904	0.2012
6481	F51	P36	0.13768115942028986	0.1401
6482	F51	T09	0.10752688172043011	0.1825
6483	F51	S06	0.37349397590361444	0.0265
6484	F51	R57	0.31666666666666665	0.0332
6485	F51	F02	0.17543859649122806	0.2022
6486	F51	G20+	0.19230769230769232	0.2301
6487	F51	A97	0.25396825396825395	0.0856
6488	F51	A88	0.26605504587155965	0.0707
6489	F51	M07	0.20967741935483872	0.12
6490	F51	K45	0.20481927710843373	0.0633
6491	F51	L02	0.2222222222222222	0.2266
6492	F51	A94	0.25806451612903225	0.0883
6493	F51	K61	0.15555555555555556	0.0984
6494	F51	J90	0.19607843137254902	0.1737
6495	F51	B09	0.26605504587155965	0.0707
6496	F51	J91	0.19607843137254902	0.1737
6497	F51	L55	0.07092198581560284	0.2016
6498	F51	E35	0.05485232067510549	0.2914
6499	F51	K36	0.18867924528301888	0.211
6500	F51	A08	0.26605504587155965	0.0707
6501	B18	B16	0.06315789473684211	0.0795
6502	B18	A70	0.03389830508474576	0.2596
6503	B18	B45	0.03389830508474576	0.2596
6504	B18	C55	0.03636363636363636	0.2351
6505	B18	B76	0.03389830508474576	0.2596
6506	B18	B64	0.03389830508474576	0.2596
6507	B18	A44	0.03389830508474576	0.2596
6508	B18	B79	0.03389830508474576	0.2596
6509	B18	A03	0.03389830508474576	0.2596
6510	B18	J22	0.043010752688172046	0.1799
6511	B18	A59	0.03389830508474576	0.2596
6512	B18	G36	0.05128205128205128	0.1288
6513	B18	A88	0.03389830508474576	0.2596
6514	B18	B09	0.03389830508474576	0.2596
6515	B18	A08	0.03389830508474576	0.2596
6516	B18	B19	0.1935483870967742	0.0051
6517	B18	B15	0.21428571428571427	0.0104
6518	B18	B17	0.21428571428571427	0.0104
6519	A90	M10	0.1388888888888889	0.2505
6520	A90	F99	0.05325443786982249	0.2265
6521	A90	F43	0.025	0.2093
6522	A90	G10	0.02631578947368421	0.238
6523	A90	A70	0.2692307692307692	0.0685
6524	A90	K58	0.060240963855421686	0.2356
6525	A90	A37	0.3230769230769231	0.073
6526	A90	K41	0.10588235294117647	0.2408
6527	A90	K40	0.09574468085106383	0.2463
6528	A90	I80	0.047619047619047616	0.2567
6529	A90	I60	0.2727272727272727	0.0152
6530	A90	B45	0.2692307692307692	0.0685
6531	A90	B76	0.2692307692307692	0.0685
6532	A90	J00	0.11864406779661017	0.1473
6533	A90	F39	0.047619047619047616	0.2012
6534	A90	A91	0.04878048780487805	0.2655
6535	A90	B64	0.2692307692307692	0.0685
6536	A90	J32	0.3670886075949367	0.026
6537	A90	A44	0.2692307692307692	0.0685
6538	A90	B79	0.2692307692307692	0.0685
6539	A90	A03	0.2692307692307692	0.0685
6540	A90	K42	0.14516129032258066	0.2039
6541	A90	B00	0.037037037037037035	0.2938
6542	A90	A95	0.8947368421052632	0.0002
6543	A90	A71	0.09523809523809523	0.2061
6544	A90	A38	0.308411214953271	0.0034
6545	A90	A40	0.16153846153846155	0.0995
6546	A90	I63	0.05555555555555555	0.1339
6547	A90	F23	0.06666666666666667	0.1308
6548	A90	B55	0.06557377049180328	0.1599
6549	A90	I05	0.07317073170731707	0.1594
6550	A90	J22	0.35443037974683544	0.0366
6551	A90	I46	0.06201550387596899	0.2078
6552	A90	K46	0.10588235294117647	0.2408
6553	A90	A59	0.2692307692307692	0.0685
6554	A90	B54	0.10714285714285714	0.2049
6555	A90	K02	0.20408163265306123	0.0449
6556	A90	A68	0.868421052631579	0.0003
6557	A90	J35	0.1111111111111111	0.159
6558	A90	Q93	0.04	0.0743
6559	A90	J85	0.08333333333333333	0.1563
6560	A90	D26	0.42105263157894735	0.0241
6561	A90	O00	0.1386861313868613	0.1731
6562	A90	G00	0.04395604395604396	0.1597
6563	A90	J98	0.06626506024096386	0.2133
6564	A90	R41	0.1794871794871795	0.0671
6565	A90	H27	0.1223021582733813	0.1004
6566	A90	F11	0.05084745762711865	0.1507
6567	A90	H74	0.3902439024390244	0.0256
6568	A90	A93	0.868421052631579	0.0003
6569	A90	M81	0.03508771929824561	0.288
6570	A90	N50	0.20481927710843373	0.0581
6571	A90	A25	0.868421052631579	0.0003
6572	A90	K72	0.2608695652173913	0.0553
6573	A90	P22	0.29310344827586204	0.0197
6574	A90	N83	0.025974025974025976	0.1907
6575	A90	A01	0.825	0.0003
6576	A90	N34	0.21052631578947367	0.0431
6577	A90	O15	0.06451612903225806	0.2872
6578	A90	F41	0.09302325581395349	0.1393
6579	A90	F09	0.04032258064516129	0.2375
6580	A90	I00-I02	0.4927536231884058	0.001
6581	A90	F12	0.04477611940298507	0.1557
6582	A90	C64	0.09826589595375723	0.0956
6583	A90	M48	0.06557377049180328	0.192
6584	A90	T88	0.025	0.1255
6585	A90	N84	0.42105263157894735	0.0241
6586	A90	A96	0.7674418604651163	0.0004
6587	A90	I00	0.5230769230769231	0.0013
6588	A90	I01	0.5076923076923077	0.0017
6589	A90	D35	0.10112359550561797	0.1562
6590	A90	T57	0.04	0.0772
6591	A90	Y14	0.14	0.177
6592	A90	P36	0.16153846153846155	0.0995
6593	A90	S06	0.3333333333333333	0.0392
6594	A90	R57	0.2807017543859649	0.0489
6595	A90	A97	0.9210526315789473	0.0001
6596	A90	A88	0.2692307692307692	0.0685
6597	A90	K45	0.10588235294117647	0.2408
6598	A90	A94	0.8947368421052632	0.0002
6599	A90	K61	0.21052631578947367	0.0431
6600	A90	B09	0.2692307692307692	0.0685
6601	A90	A08	0.2692307692307692	0.0685
6602	A70	M10	0.12195121951219512	0.2975
6603	A70	M86	0.1588785046728972	0.206
6604	A70	F99	0.044642857142857144	0.2881
6605	A70	G10	0.022900763358778626	0.2869
6606	A70	A37	0.39215686274509803	0.0416
6607	A70	K41	0.1450381679389313	0.142
6608	A70	K40	0.1357142857142857	0.137
6609	A70	K81	0.20833333333333334	0.146
6610	A70	I60	0.19658119658119658	0.0492
6611	A70	B45	1.0	0.0
6612	A70	I61	0.024793388429752067	0.2656
6613	A70	B76	1.0	0.0
6614	A70	J00	0.0990990990990991	0.2022
6615	A70	M45	0.11724137931034483	0.1169
6616	A70	F39	0.043478260869565216	0.2314
6617	A70	B64	1.0	0.0
6618	A70	J32	0.43859649122807015	0.0127
6619	A70	C84	0.08205128205128205	0.2472
6620	A70	A44	1.0	0.0
6621	A70	B79	1.0	0.0
6622	A70	A03	1.0	0.0
6623	A70	K42	0.17592592592592593	0.1455
6624	A70	I50	0.04697986577181208	0.292
6625	A70	A95	0.28	0.0718
6626	A70	B51	0.10824742268041238	0.1646
6627	A70	A38	0.16666666666666666	0.047
6628	A70	M41	0.05263157894736842	0.2028
6629	A70	N04	0.03409090909090909	0.1937
6630	A70	A40	0.16292134831460675	0.0976
6631	A70	D25	0.08	0.137
6632	A70	N23	0.20388349514563106	0.1137
6633	A70	B50	0.10880829015544041	0.1588
6634	A70	F50	0.07547169811320754	0.2057
6635	A70	C82	0.08376963350785341	0.2539
6636	A70	J22	0.7340425531914894	0.001
6637	A70	I46	0.06629834254143646	0.1863
6638	A70	K46	0.1450381679389313	0.142
6639	A70	A59	1.0	0.0
6640	A70	L70	0.06115107913669065	0.2275
6641	A70	B54	0.1640625	0.088
6642	A70	N40	0.07526881720430108	0.1558
6643	A70	K02	0.15	0.1026
6644	A70	I83	0.04727272727272727	0.2495
6645	A70	A68	0.2828282828282828	0.0699
6646	A70	I84	0.1527777777777778	0.0865
6647	A70	J35	0.08163265306122448	0.2593
6648	A70	Q93	0.018867924528301886	0.2947
6649	A70	C85	0.08247422680412371	0.2513
6650	A70	K12	0.1320754716981132	0.2225
6651	A70	J85	0.059602649006622516	0.2655
6652	A70	K04	0.0672782874617737	0.1068
6653	A70	D26	0.1702127659574468	0.2238
6654	A70	O00	0.19101123595505617	0.0891
6655	A70	C83	0.08333333333333333	0.2398
6656	A70	J98	0.12560386473429952	0.0533
6657	A70	Q54	0.0728476821192053	0.2339
6658	A70	H27	0.08717948717948718	0.1947
6659	A70	J96	0.03389830508474576	0.2977
6660	A70	A63	0.031914893617021274	0.2504
6661	A70	H74	0.16494845360824742	0.2142
6662	A70	A93	0.2828282828282828	0.0699
6663	A70	M81	0.041916167664670656	0.226
6664	A70	N50	0.16417910447761194	0.1025
6665	A70	A25	0.2828282828282828	0.0699
6666	A70	K72	0.2882882882882883	0.0407
6667	A70	M70	0.13541666666666666	0.2999
6668	A70	P22	0.16964285714285715	0.1037
6669	A70	C69	0.07884362680683311	0.2405
6670	A70	B53	0.1111111111111111	0.1639
6671	A70	A01	0.27722772277227725	0.068
6672	A70	O15	0.07017543859649122	0.2574
6673	A70	M14	0.11864406779661017	0.2622
6674	A70	F41	0.06382978723404255	0.2592
6675	A70	B52	0.1111111111111111	0.1639
6676	A70	C75	0.07822685788787484	0.2415
6677	A70	I00-I02	0.21374045801526717	0.0516
6678	A70	C41	0.07905138339920949	0.2391
6679	A70	C64	0.1031390134529148	0.0851
6680	A70	M71	0.13541666666666666	0.2999
6681	A70	F81	0.06395348837209303	0.111
6682	A70	J09	0.057692307692307696	0.2093
6683	A70	C76	0.07802340702210664	0.2447
6684	A70	M48	0.1	0.0804
6685	A70	J11	0.05813953488372093	0.2061
6686	A70	M19	0.08376963350785341	0.1935
6687	A70	L57	0.07975460122699386	0.22
6688	A70	N84	0.1702127659574468	0.2238
6689	A70	A96	0.2692307692307692	0.0634
6690	A70	I00	0.2204724409448819	0.0628
6691	A70	I01	0.2222222222222222	0.0618
6692	A70	D35	0.16666666666666666	0.0467
6693	A70	T37	0.1111111111111111	0.1639
6694	A70	Y14	0.1188118811881188	0.2302
6695	A70	T30	0.16129032258064516	0.1137
6696	A70	P36	0.16292134831460675	0.0976
6697	A70	T09	0.09285714285714286	0.2303
6698	A70	S06	0.45132743362831856	0.0124
6699	A70	R57	0.1834862385321101	0.1397
6700	A70	F02	0.17	0.2125
6701	A70	G20+	0.17894736842105263	0.2549
6702	A70	A97	0.27722772277227725	0.0683
6703	A70	A88	1.0	0.0
6704	A70	M07	0.12612612612612611	0.2798
6705	A70	K45	0.1450381679389313	0.142
6706	A70	A94	0.28	0.0718
6707	A70	J90	0.15625	0.248
6708	A70	J10	0.05791505791505792	0.2088
6709	A70	B09	1.0	0.0
6710	A70	J91	0.15625	0.248
6711	A70	L55	0.05789473684210526	0.2707
6712	A70	E35	0.056338028169014086	0.2818
6713	A70	A08	1.0	0.0
6714	K58	L52	0.09090909090909091	0.1125
6715	K58	D65	0.05263157894736842	0.2829
6716	K58	K27	0.06060606060606061	0.2335
6717	K58	J03	0.06896551724137931	0.191
6718	K58	N41	0.18	0.013
6719	K58	K30	0.18333333333333332	0.0344
6720	K58	L51	0.07692307692307693	0.2276
6721	K58	K74	0.027777777777777776	0.2606
6722	K58	J00	0.11428571428571428	0.1581
6723	K58	J43	0.06896551724137931	0.093
6724	K58	F39	0.05263157894736842	0.1699
6725	K58	I63	0.045454545454545456	0.1932
6726	K58	F50	0.06060606060606061	0.2811
6727	K58	I05	0.05660377358490566	0.242
6728	K58	I21	0.056179775280898875	0.2622
6729	K58	H53	0.04285714285714286	0.1507
6730	K58	K76	0.06779661016949153	0.1358
6731	K58	A04	0.043478260869565216	0.2179
6732	K58	G54	0.49019607843137253	0.0011
6733	K58	P84	0.03333333333333333	0.2547
6734	K58	G45	0.05405405405405406	0.2388
6735	K58	H54	0.04054054054054054	0.1743
6736	K58	M79	0.07936507936507936	0.0874
6737	K58	M43	0.031746031746031744	0.2167
6738	K58	F98	0.09722222222222222	0.0506
6739	K58	L30	0.04081632653061224	0.236
6740	K58	B60	0.08	0.2243
6741	K58	M48	0.06944444444444445	0.1741
6742	K58	K10	0.49019607843137253	0.0011
6743	K58	P77	0.44642857142857145	0.0
6744	K58	J41	0.15384615384615385	0.026
6745	A37	I60	0.25333333333333335	0.1286
6746	A37	B45	0.39215686274509803	0.0416
6747	A37	B76	0.39215686274509803	0.0416
6748	A37	B64	0.39215686274509803	0.0416
6749	A37	J32	0.5733333333333334	0.0095
6750	A37	A44	0.39215686274509803	0.0416
6751	A37	B79	0.39215686274509803	0.0416
6752	A37	A03	0.39215686274509803	0.0416
6753	A37	A95	0.3442622950819672	0.0614
6754	A37	A38	0.15384615384615385	0.2882
6755	A37	A40	0.16666666666666666	0.2598
6756	A37	J22	0.5194805194805194	0.0147
6757	A37	A59	0.39215686274509803	0.0416
6758	A37	K02	0.1694915254237288	0.2539
6759	A37	A68	0.32786885245901637	0.0702
6760	A37	K12	0.2542372881355932	0.1277
6761	A37	A93	0.32786885245901637	0.0702
6762	A37	A25	0.32786885245901637	0.0702
6763	A37	M70	0.23529411764705882	0.1489
6764	A37	A01	0.31746031746031744	0.0764
6765	A37	I00-I02	0.22826086956521738	0.1577
6766	A37	M71	0.23529411764705882	0.1489
6767	A37	G95	0.18181818181818182	0.2298
6768	A37	A96	0.30303030303030304	0.0859
6769	A37	I00	0.23863636363636365	0.1449
6770	A37	I01	0.22727272727272727	0.1589
6771	A37	D35	0.14893617021276595	0.2999
6772	A37	P36	0.16666666666666666	0.2598
6773	A37	S06	0.475	0.0212
6774	A37	A97	0.31746031746031744	0.0764
6775	A37	A88	0.39215686274509803	0.0416
6776	A37	A94	0.3442622950819672	0.0614
6777	A37	J90	0.18181818181818182	0.2298
6778	A37	B09	0.39215686274509803	0.0416
6779	A37	J91	0.18181818181818182	0.2298
6780	A37	A08	0.39215686274509803	0.0416
6781	A37	K37	0.1864406779661017	0.2213
6782	A37	K35	0.1896551724137931	0.2156
6783	A37	M65	0.20408163265306123	0.1918
6784	A37	D77	0.1774193548387097	0.2381
6785	A37	L45	0.1774193548387097	0.2381
6786	A37	M68	0.1774193548387097	0.2381
6787	A37	G55	0.1774193548387097	0.2381
6788	A37	G94	0.1774193548387097	0.2381
6789	A37	H94	0.1774193548387097	0.2381
6790	A37	I98	0.1774193548387097	0.2381
6791	A37	M90	0.1774193548387097	0.2381
6792	A37	N33	0.1774193548387097	0.2381
6793	A37	K23	0.1774193548387097	0.2381
6794	A37	H45	0.1774193548387097	0.2381
6795	A37	N29	0.1774193548387097	0.2381
6796	A37	K77	0.1774193548387097	0.2381
6797	A37	M73	0.1774193548387097	0.2381
6798	A37	K93	0.1774193548387097	0.2381
6799	A37	H06	0.1774193548387097	0.2381
6800	A37	G32	0.1774193548387097	0.2381
6801	A37	N22	0.1774193548387097	0.2381
6802	A37	H36	0.1774193548387097	0.2381
6803	A37	H48	0.1774193548387097	0.2381
6804	A37	H22	0.1774193548387097	0.2381
6805	A37	N37	0.1774193548387097	0.2381
6806	A37	H62	0.1774193548387097	0.2381
6807	A37	I79	0.1774193548387097	0.2381
6808	A37	L14	0.1774193548387097	0.2381
6809	A37	H58	0.1774193548387097	0.2381
6810	A37	H03	0.1774193548387097	0.2381
6811	A37	L86	0.1774193548387097	0.2381
6812	A37	N51	0.1774193548387097	0.2381
6813	A37	M63	0.1774193548387097	0.2381
6814	A37	K87	0.1774193548387097	0.2381
6815	A37	M49	0.1774193548387097	0.2381
6816	A37	I52	0.1774193548387097	0.2381
6817	A37	H75	0.1774193548387097	0.2381
6818	A37	F43	0.02	0.2866
6819	A37	K41	0.19540229885057472	0.0719
6820	A37	K40	0.17708333333333334	0.0746
6821	A37	K81	0.2727272727272727	0.0804
6822	A37	J00	0.1875	0.0482
6823	A37	K80	0.08148148148148149	0.173
6824	A37	K42	0.265625	0.0542
6825	A37	F91	0.13513513513513514	0.1609
6826	A37	M41	0.07246376811594203	0.1109
6827	A37	D25	0.0625	0.2117
6828	A37	N23	0.25806451612903225	0.0637
6829	A37	F23	0.05714285714285714	0.1751
6830	A37	F50	0.07936507936507936	0.1895
6831	A37	I46	0.11363636363636363	0.0558
6832	A37	K46	0.19540229885057472	0.0719
6833	A37	B27	0.02586206896551724	0.2838
6834	A37	L50	0.10144927536231885	0.1456
6835	A37	I84	0.18811881188118812	0.049
6836	A37	L95	0.11764705882352941	0.22
6837	A37	Q93	0.03333333333333333	0.1149
6838	A37	F17	0.034482758620689655	0.24
6839	A37	J85	0.07547169811320754	0.1863
6840	A37	D26	0.3333333333333333	0.0527
6841	A37	O00	0.24812030075187969	0.0431
6842	A37	I73	0.20833333333333334	0.2613
6843	A37	A07	0.11538461538461539	0.1894
6844	A37	Q54	0.09433962264150944	0.1522
6845	A37	R41	0.14285714285714285	0.1168
6846	A37	H27	0.11409395973154363	0.1172
6847	A37	F11	0.07462686567164178	0.0618
6848	A37	H74	0.3137254901960784	0.0528
6849	A37	N50	0.25	0.0309
6850	A37	T78	0.11290322580645161	0.1102
6851	A37	K72	0.36619718309859156	0.017
6852	A37	P22	0.25	0.0352
6853	A37	N34	0.16666666666666666	0.0833
6854	A37	M27	0.1	0.0989
6855	A37	M75	0.07777777777777778	0.138
6856	A37	M14	0.2835820895522388	0.0404
6857	A37	F41	0.09473684210526316	0.1343
6858	A37	K05	0.1	0.0936
6859	A37	M79	0.08196721311475409	0.0806
6860	A37	N88	0.22916666666666666	0.2115
6861	A37	C64	0.12359550561797752	0.0521
6862	A37	T79	0.20408163265306123	0.2493
6863	A37	M48	0.07142857142857142	0.1656
6864	A37	N84	0.3333333333333333	0.0527
6865	A37	P96	0.03875968992248062	0.1875
6866	A37	S27	0.12	0.201
6867	A37	L59	0.11764705882352941	0.22
6868	A37	L53	0.11764705882352941	0.22
6869	A37	Y14	0.2641509433962264	0.0378
6870	A37	T30	0.18072289156626506	0.0874
6871	A37	T09	0.16304347826086957	0.0755
6872	A37	R57	0.36065573770491804	0.0206
6873	A37	F02	0.18333333333333332	0.1881
6874	A37	G20+	0.2	0.2169
6875	A37	M07	0.31666666666666665	0.0405
6876	A37	K45	0.19540229885057472	0.0719
6877	A37	L02	0.20408163265306123	0.2559
6878	A37	K61	0.16666666666666666	0.0833
6879	A37	L58	0.0821917808219178	0.1819
6880	A37	B91	0.11764705882352941	0.2462
6881	A37	L55	0.09154929577464789	0.1263
6882	A37	K36	0.19642857142857142	0.1979
6883	I60	M10	0.125	0.1477
6884	I60	J03	0.09433962264150944	0.2363
6885	I60	F99	0.0449438202247191	0.2857
6886	I60	I81	0.029411764705882353	0.282
6887	I60	B45	0.19658119658119658	0.1415
6888	I60	K44	0.031007751937984496	0.2182
6889	I60	I61	0.07042253521126761	0.0226
6890	I60	B76	0.19658119658119658	0.1415
6891	I60	N61	0.030303030303030304	0.1729
6892	I60	B64	0.19658119658119658	0.1415
6893	I60	J32	0.20833333333333334	0.1265
6894	I60	A44	0.19658119658119658	0.1415
6895	I60	B79	0.19658119658119658	0.1415
6896	I60	A03	0.19658119658119658	0.1415
6897	I60	I50	0.056	0.2304
6898	I60	A95	0.2698412698412698	0.079
6899	I60	M87	0.034482758620689655	0.2558
6900	I60	H16	0.03278688524590164	0.1705
6901	I60	A38	0.1297709923664122	0.0928
6902	I60	M41	0.09090909090909091	0.0632
6903	I60	A40	0.16058394160583941	0.1009
6904	I60	I63	0.06557377049180328	0.093
6905	I60	I10	0.028169014084507043	0.2822
6906	I60	F23	0.058823529411764705	0.1664
6907	I60	I70	0.06989247311827956	0.1639
6908	I60	I71	0.028985507246376812	0.1078
6909	I60	J22	0.23655913978494625	0.1102
6910	I60	I21	0.058823529411764705	0.2462
6911	I60	I46	0.08208955223880597	0.1247
6912	I60	A59	0.19658119658119658	0.1415
6913	I60	I26	0.04938271604938271	0.153
6914	I60	K02	0.13559322033898305	0.1278
6915	I60	A68	0.27419354838709675	0.0758
6916	I60	J35	0.09433962264150944	0.21
6917	I60	Q93	0.034482758620689655	0.1066
6918	I60	J85	0.07692307692307693	0.1804
6919	I60	D26	0.34782608695652173	0.0463
6920	I60	O00	0.14685314685314685	0.156
6921	I60	P70	0.03636363636363636	0.0719
6922	I60	D68	0.03389830508474576	0.2028
6923	I60	J98	0.08823529411764706	0.1276
6924	I60	R41	0.14893617021276595	0.1065
6925	I60	H27	0.10810810810810811	0.1312
6926	I60	J96	0.04225352112676056	0.2206
6927	I60	H74	0.32653061224489793	0.0468
6928	I60	A93	0.27419354838709675	0.0758
6929	I60	Q23	0.02586206896551724	0.2395
6930	I60	N50	0.17391304347826086	0.0895
6931	I60	T78	0.06349206349206349	0.2901
6932	I60	A25	0.27419354838709675	0.0758
6933	I60	K72	0.26666666666666666	0.0518
6934	I60	P22	0.25757575757575757	0.0318
6935	I60	A01	0.265625	0.0762
6936	I60	N34	0.14893617021276595	0.1086
6937	I60	F41	0.07368421052631578	0.2102
6938	I60	I75	0.031746031746031744	0.2825
6939	I60	K05	0.06666666666666667	0.2067
6940	I60	F09	0.03787878787878788	0.2592
6941	I60	I00-I02	0.18085106382978725	0.0816
6942	I60	E15	0.03773584905660377	0.1189
6943	I60	C64	0.08791208791208792	0.1226
6944	I60	O88	0.05	0.2682
6945	I60	N84	0.34782608695652173	0.0463
6946	I60	Q36	0.06451612903225806	0.1439
6947	I60	A96	0.2537313432835821	0.0744
6948	I60	I00	0.18888888888888888	0.0935
6949	I60	I01	0.19101123595505617	0.0915
6950	I60	Y84	0.028985507246376812	0.1944
6951	I60	D35	0.1276595744680851	0.0959
6952	I60	Y14	0.2037037037037037	0.0802
6953	I60	P36	0.16058394160583941	0.1009
6954	I60	Z94	0.028985507246376812	0.1944
6955	I60	S06	0.20833333333333334	0.1325
6956	I60	R57	0.35	0.0231
6957	I60	A97	0.265625	0.0765
6958	I60	A88	0.19658119658119658	0.1415
6959	I60	A94	0.2698412698412698	0.079
6960	I60	K61	0.14893617021276595	0.1086
6961	I60	B09	0.19658119658119658	0.1415
6962	I60	A08	0.19658119658119658	0.1415
6963	B45	M10	0.12195121951219512	0.2975
6964	B45	M86	0.1588785046728972	0.206
6965	B45	F99	0.044642857142857144	0.2881
6966	B45	G10	0.022900763358778626	0.2869
6967	B45	K41	0.1450381679389313	0.142
6968	B45	K40	0.1357142857142857	0.137
6969	B45	K81	0.20833333333333334	0.146
6970	B45	I61	0.024793388429752067	0.2656
6971	B45	B76	1.0	0.0
6972	B45	J00	0.0990990990990991	0.2022
6973	B45	M45	0.11724137931034483	0.1169
6974	B45	F39	0.043478260869565216	0.2314
6975	B45	B64	1.0	0.0
6976	B45	J32	0.43859649122807015	0.0127
6977	B45	C84	0.08205128205128205	0.2472
6978	B45	A44	1.0	0.0
6979	B45	B79	1.0	0.0
6980	B45	A03	1.0	0.0
6981	B45	K42	0.17592592592592593	0.1455
6982	B45	I50	0.04697986577181208	0.292
6983	B45	A95	0.28	0.0718
6984	B45	B51	0.10824742268041238	0.1646
6985	B45	A38	0.16666666666666666	0.047
6986	B45	M41	0.05263157894736842	0.2028
6987	B45	N04	0.03409090909090909	0.1937
6988	B45	A40	0.16292134831460675	0.0976
6989	B45	D25	0.08	0.137
6990	B45	N23	0.20388349514563106	0.1137
6991	B45	B50	0.10880829015544041	0.1588
6992	B45	F50	0.07547169811320754	0.2057
6993	B45	C82	0.08376963350785341	0.2539
6994	B45	J22	0.7340425531914894	0.001
6995	B45	I46	0.06629834254143646	0.1863
6996	B45	K46	0.1450381679389313	0.142
6997	B45	A59	1.0	0.0
6998	B45	L70	0.06115107913669065	0.2275
6999	B45	B54	0.1640625	0.088
7000	B45	N40	0.07526881720430108	0.1558
7001	B45	K02	0.15	0.1026
7002	B45	I83	0.04727272727272727	0.2495
7003	B45	A68	0.2828282828282828	0.0699
7004	B45	I84	0.1527777777777778	0.0865
7005	B45	J35	0.08163265306122448	0.2593
7006	B45	Q93	0.018867924528301886	0.2947
7007	B45	C85	0.08247422680412371	0.2513
7008	B45	K12	0.1320754716981132	0.2225
7009	B45	J85	0.059602649006622516	0.2655
7010	B45	K04	0.0672782874617737	0.1068
7011	B45	D26	0.1702127659574468	0.2238
7012	B45	O00	0.19101123595505617	0.0891
7013	B45	C83	0.08333333333333333	0.2398
7014	B45	J98	0.12560386473429952	0.0533
7015	B45	Q54	0.0728476821192053	0.2339
7016	B45	H27	0.08717948717948718	0.1947
7017	B45	J96	0.03389830508474576	0.2977
7018	B45	A63	0.031914893617021274	0.2504
7019	B45	H74	0.16494845360824742	0.2142
7020	B45	A93	0.2828282828282828	0.0699
7021	B45	M81	0.041916167664670656	0.226
7022	B45	N50	0.16417910447761194	0.1025
7023	B45	A25	0.2828282828282828	0.0699
7024	B45	K72	0.2882882882882883	0.0407
7025	B45	M70	0.13541666666666666	0.2999
7026	B45	P22	0.16964285714285715	0.1037
7027	B45	C69	0.07884362680683311	0.2405
7028	B45	B53	0.1111111111111111	0.1639
7029	B45	A01	0.27722772277227725	0.068
7030	B45	O15	0.07017543859649122	0.2574
7031	B45	M14	0.11864406779661017	0.2622
7032	B45	F41	0.06382978723404255	0.2592
7033	B45	B52	0.1111111111111111	0.1639
7034	B45	C75	0.07822685788787484	0.2415
7035	B45	I00-I02	0.21374045801526717	0.0516
7036	B45	C41	0.07905138339920949	0.2391
7037	B45	C64	0.1031390134529148	0.0851
7038	B45	M71	0.13541666666666666	0.2999
7039	B45	F81	0.06395348837209303	0.111
7040	B45	J09	0.057692307692307696	0.2093
7041	B45	C76	0.07802340702210664	0.2447
7042	B45	M48	0.1	0.0804
7043	B45	J11	0.05813953488372093	0.2061
7044	B45	M19	0.08376963350785341	0.1935
7045	B45	L57	0.07975460122699386	0.22
7046	B45	N84	0.1702127659574468	0.2238
7047	B45	A96	0.2692307692307692	0.0634
7048	B45	I00	0.2204724409448819	0.0628
7049	B45	I01	0.2222222222222222	0.0618
7050	B45	D35	0.16666666666666666	0.0467
7051	B45	T37	0.1111111111111111	0.1639
7052	B45	Y14	0.1188118811881188	0.2302
7053	B45	T30	0.16129032258064516	0.1137
7054	B45	P36	0.16292134831460675	0.0976
7055	B45	T09	0.09285714285714286	0.2303
7056	B45	S06	0.45132743362831856	0.0124
7057	B45	R57	0.1834862385321101	0.1397
7058	B45	F02	0.17	0.2125
7059	B45	G20+	0.17894736842105263	0.2549
7060	B45	A97	0.27722772277227725	0.0683
7061	B45	A88	1.0	0.0
7062	B45	M07	0.12612612612612611	0.2798
7063	B45	K45	0.1450381679389313	0.142
7064	B45	A94	0.28	0.0718
7065	B45	J90	0.15625	0.248
7066	B45	J10	0.05791505791505792	0.2088
7067	B45	B09	1.0	0.0
7068	B45	J91	0.15625	0.248
7069	B45	L55	0.05789473684210526	0.2707
7070	B45	E35	0.056338028169014086	0.2818
7071	B45	A08	1.0	0.0
7072	K74	L52	0.028985507246376812	0.2458
7073	K74	D65	0.05970149253731343	0.0551
7074	K74	L93	0.02654867256637168	0.2766
7075	K74	I81	0.04938271604938271	0.118
7076	K74	K44	0.03496503496503497	0.1795
7077	K74	H80	0.047619047619047616	0.0568
7078	K74	I61	0.04597701149425287	0.085
7079	K74	B34	0.024691358024691357	0.2456
7080	K74	B00	0.039473684210526314	0.2709
7081	K74	I50	0.04887218045112782	0.2778
7082	K74	M87	0.041666666666666664	0.1922
7083	K74	D27	0.028985507246376812	0.2609
7084	K74	I63	0.03896103896103896	0.2445
7085	K74	I70	0.054187192118226604	0.2462
7086	K74	J47	0.021052631578947368	0.2861
7087	K74	B67	0.03546099290780142	0.2098
7088	K74	I49	0.027586206896551724	0.2717
7089	K74	H18	0.022222222222222223	0.2651
7090	K74	D68	0.02702702702702703	0.2808
7091	K74	Q28	0.028169014084507043	0.102
7092	K74	E83	0.06923076923076923	0.0393
7093	K74	E07	0.030612244897959183	0.2159
7094	K74	D12	0.03418803418803419	0.2296
7095	K74	M81	0.044444444444444446	0.2065
7096	K74	K31	0.016129032258064516	0.2303
7097	K74	F09	0.034013605442176874	0.2976
7098	K74	K73	0.08247422680412371	0.0045
7099	K74	I68	0.024691358024691357	0.2767
7100	B76	M10	0.12195121951219512	0.2975
7101	B76	M86	0.1588785046728972	0.206
7102	B76	F99	0.044642857142857144	0.2881
7103	B76	G10	0.022900763358778626	0.2869
7104	B76	K41	0.1450381679389313	0.142
7105	B76	K40	0.1357142857142857	0.137
7106	B76	K81	0.20833333333333334	0.146
7107	B76	I61	0.024793388429752067	0.2656
7108	B76	J00	0.0990990990990991	0.2022
7109	B76	M45	0.11724137931034483	0.1169
7110	B76	F39	0.043478260869565216	0.2314
7111	B76	B64	1.0	0.0
7112	B76	J32	0.43859649122807015	0.0127
7113	B76	C84	0.08205128205128205	0.2472
7114	B76	A44	1.0	0.0
7115	B76	B79	1.0	0.0
7116	B76	A03	1.0	0.0
7117	B76	K42	0.17592592592592593	0.1455
7118	B76	I50	0.04697986577181208	0.292
7119	B76	A95	0.28	0.0718
7120	B76	B51	0.10824742268041238	0.1646
7121	B76	A38	0.16666666666666666	0.047
7122	B76	M41	0.05263157894736842	0.2028
7123	B76	N04	0.03409090909090909	0.1937
7124	B76	A40	0.16292134831460675	0.0976
7125	B76	D25	0.08	0.137
7126	B76	N23	0.20388349514563106	0.1137
7127	B76	B50	0.10880829015544041	0.1588
7128	B76	F50	0.07547169811320754	0.2057
7129	B76	C82	0.08376963350785341	0.2539
7130	B76	J22	0.7340425531914894	0.001
7131	B76	I46	0.06629834254143646	0.1863
7132	B76	K46	0.1450381679389313	0.142
7133	B76	A59	1.0	0.0
7134	B76	L70	0.06115107913669065	0.2275
7135	B76	B54	0.1640625	0.088
7136	B76	N40	0.07526881720430108	0.1558
7137	B76	K02	0.15	0.1026
7138	B76	I83	0.04727272727272727	0.2495
7139	B76	A68	0.2828282828282828	0.0699
7140	B76	I84	0.1527777777777778	0.0865
7141	B76	J35	0.08163265306122448	0.2593
7142	B76	Q93	0.018867924528301886	0.2947
7143	B76	C85	0.08247422680412371	0.2513
7144	B76	K12	0.1320754716981132	0.2225
7145	B76	J85	0.059602649006622516	0.2655
7146	B76	K04	0.0672782874617737	0.1068
7147	B76	D26	0.1702127659574468	0.2238
7148	B76	O00	0.19101123595505617	0.0891
7149	B76	C83	0.08333333333333333	0.2398
7150	B76	J98	0.12560386473429952	0.0533
7151	B76	Q54	0.0728476821192053	0.2339
7152	B76	H27	0.08717948717948718	0.1947
7153	B76	J96	0.03389830508474576	0.2977
7154	B76	A63	0.031914893617021274	0.2504
7155	B76	H74	0.16494845360824742	0.2142
7156	B76	A93	0.2828282828282828	0.0699
7157	B76	M81	0.041916167664670656	0.226
7158	B76	N50	0.16417910447761194	0.1025
7159	B76	A25	0.2828282828282828	0.0699
7160	B76	K72	0.2882882882882883	0.0407
7161	B76	M70	0.13541666666666666	0.2999
7162	B76	P22	0.16964285714285715	0.1037
7163	B76	C69	0.07884362680683311	0.2405
7164	B76	B53	0.1111111111111111	0.1639
7165	B76	A01	0.27722772277227725	0.068
7166	B76	O15	0.07017543859649122	0.2574
7167	B76	M14	0.11864406779661017	0.2622
7168	B76	F41	0.06382978723404255	0.2592
7169	B76	B52	0.1111111111111111	0.1639
7170	B76	C75	0.07822685788787484	0.2415
7171	B76	I00-I02	0.21374045801526717	0.0516
7172	B76	C41	0.07905138339920949	0.2391
7173	B76	C64	0.1031390134529148	0.0851
7174	B76	M71	0.13541666666666666	0.2999
7175	B76	F81	0.06395348837209303	0.111
7176	B76	J09	0.057692307692307696	0.2093
7177	B76	C76	0.07802340702210664	0.2447
7178	B76	M48	0.1	0.0804
7179	B76	J11	0.05813953488372093	0.2061
7180	B76	M19	0.08376963350785341	0.1935
7181	B76	L57	0.07975460122699386	0.22
7182	B76	N84	0.1702127659574468	0.2238
7183	B76	A96	0.2692307692307692	0.0634
7184	B76	I00	0.2204724409448819	0.0628
7185	B76	I01	0.2222222222222222	0.0618
7186	B76	D35	0.16666666666666666	0.0467
7187	B76	T37	0.1111111111111111	0.1639
7188	B76	Y14	0.1188118811881188	0.2302
7189	B76	T30	0.16129032258064516	0.1137
7190	B76	P36	0.16292134831460675	0.0976
7191	B76	T09	0.09285714285714286	0.2303
7192	B76	S06	0.45132743362831856	0.0124
7193	B76	R57	0.1834862385321101	0.1397
7194	B76	F02	0.17	0.2125
7195	B76	G20+	0.17894736842105263	0.2549
7196	B76	A97	0.27722772277227725	0.0683
7197	B76	A88	1.0	0.0
7198	B76	M07	0.12612612612612611	0.2798
7199	B76	K45	0.1450381679389313	0.142
7200	B76	A94	0.28	0.0718
7201	B76	J90	0.15625	0.248
7202	B76	J10	0.05791505791505792	0.2088
7203	B76	B09	1.0	0.0
7204	B76	J91	0.15625	0.248
7205	B76	L55	0.05789473684210526	0.2707
7206	B76	E35	0.056338028169014086	0.2818
7207	B76	A08	1.0	0.0
7208	J43	L52	0.08163265306122448	0.0599
7209	J43	N41	0.10638297872340426	0.0252
7210	J43	L51	0.11363636363636363	0.0196
7211	J43	L21	0.05952380952380952	0.1291
7212	J43	I71	0.0625	0.0077
7213	J43	Q45	0.025	0.2364
7214	J43	Q35	0.02631578947368421	0.2484
7215	J43	I75	0.03333333333333333	0.2651
7216	J43	Q75	0.023809523809523808	0.1798
7217	J43	L30	0.05555555555555555	0.1399
7218	J43	Q30	0.041666666666666664	0.2509
7219	J43	P77	0.07246376811594203	0.2062
7220	J43	J41	0.13333333333333333	0.0425
7221	B64	M10	0.12195121951219512	0.2975
7222	B64	M86	0.1588785046728972	0.206
7223	B64	F99	0.044642857142857144	0.2881
7224	B64	G10	0.022900763358778626	0.2869
7225	B64	K41	0.1450381679389313	0.142
7226	B64	K40	0.1357142857142857	0.137
7227	B64	K81	0.20833333333333334	0.146
7228	B64	I61	0.024793388429752067	0.2656
7229	B64	J00	0.0990990990990991	0.2022
7230	B64	J32	0.43859649122807015	0.0127
7231	B64	C84	0.08205128205128205	0.2472
7232	B64	A44	1.0	0.0
7233	B64	B79	1.0	0.0
7234	B64	A03	1.0	0.0
7235	B64	K42	0.17592592592592593	0.1455
7236	B64	I50	0.04697986577181208	0.292
7237	B64	A95	0.28	0.0718
7238	B64	B51	0.10824742268041238	0.1646
7239	B64	A38	0.16666666666666666	0.047
7240	B64	M41	0.05263157894736842	0.2028
7241	B64	N04	0.03409090909090909	0.1937
7242	B64	A40	0.16292134831460675	0.0976
7243	B64	D25	0.08	0.137
7244	B64	N23	0.20388349514563106	0.1137
7245	B64	B50	0.10880829015544041	0.1588
7246	B64	F50	0.07547169811320754	0.2057
7247	B64	C82	0.08376963350785341	0.2539
7248	B64	J22	0.7340425531914894	0.001
7249	B64	I46	0.06629834254143646	0.1863
7250	B64	K46	0.1450381679389313	0.142
7251	B64	A59	1.0	0.0
7252	B64	L70	0.06115107913669065	0.2275
7253	B64	B54	0.1640625	0.088
7254	B64	N40	0.07526881720430108	0.1558
7255	B64	K02	0.15	0.1026
7256	B64	I83	0.04727272727272727	0.2495
7257	B64	A68	0.2828282828282828	0.0699
7258	B64	I84	0.1527777777777778	0.0865
7259	B64	J35	0.08163265306122448	0.2593
7260	B64	Q93	0.018867924528301886	0.2947
7261	B64	C85	0.08247422680412371	0.2513
7262	B64	K12	0.1320754716981132	0.2225
7263	B64	J85	0.059602649006622516	0.2655
7264	B64	K04	0.0672782874617737	0.1068
7265	B64	D26	0.1702127659574468	0.2238
7266	B64	O00	0.19101123595505617	0.0891
7267	B64	C83	0.08333333333333333	0.2398
7268	B64	J98	0.12560386473429952	0.0533
7269	B64	Q54	0.0728476821192053	0.2339
7270	B64	H27	0.08717948717948718	0.1947
7271	B64	J96	0.03389830508474576	0.2977
7272	B64	A63	0.031914893617021274	0.2504
7273	B64	H74	0.16494845360824742	0.2142
7274	B64	A93	0.2828282828282828	0.0699
7275	B64	M81	0.041916167664670656	0.226
7276	B64	N50	0.16417910447761194	0.1025
7277	B64	A25	0.2828282828282828	0.0699
7278	B64	K72	0.2882882882882883	0.0407
7279	B64	M70	0.13541666666666666	0.2999
7280	B64	P22	0.16964285714285715	0.1037
7281	B64	C69	0.07884362680683311	0.2405
7282	B64	B53	0.1111111111111111	0.1639
7283	B64	A01	0.27722772277227725	0.068
7284	B64	O15	0.07017543859649122	0.2574
7285	B64	M14	0.11864406779661017	0.2622
7286	B64	F41	0.06382978723404255	0.2592
7287	B64	B52	0.1111111111111111	0.1639
7288	B64	C75	0.07822685788787484	0.2415
7289	B64	I00-I02	0.21374045801526717	0.0516
7290	B64	C41	0.07905138339920949	0.2391
7291	B64	C64	0.1031390134529148	0.0851
7292	B64	M71	0.13541666666666666	0.2999
7293	B64	F81	0.06395348837209303	0.111
7294	B64	J09	0.057692307692307696	0.2093
7295	B64	C76	0.07802340702210664	0.2447
7296	B64	M48	0.1	0.0804
7297	B64	J11	0.05813953488372093	0.2061
7298	B64	M19	0.08376963350785341	0.1935
7299	B64	L57	0.07975460122699386	0.22
7300	B64	N84	0.1702127659574468	0.2238
7301	B64	A96	0.2692307692307692	0.0634
7302	B64	I00	0.2204724409448819	0.0628
7303	B64	I01	0.2222222222222222	0.0618
7304	B64	D35	0.16666666666666666	0.0467
7305	B64	T37	0.1111111111111111	0.1639
7306	B64	Y14	0.1188118811881188	0.2302
7307	B64	T30	0.16129032258064516	0.1137
7308	B64	P36	0.16292134831460675	0.0976
7309	B64	T09	0.09285714285714286	0.2303
7310	B64	S06	0.45132743362831856	0.0124
7311	B64	R57	0.1834862385321101	0.1397
7312	B64	F02	0.17	0.2125
7313	B64	G20+	0.17894736842105263	0.2549
7314	B64	A97	0.27722772277227725	0.0683
7315	B64	A88	1.0	0.0
7316	B64	M07	0.12612612612612611	0.2798
7317	B64	K45	0.1450381679389313	0.142
7318	B64	A94	0.28	0.0718
7319	B64	J90	0.15625	0.248
7320	B64	J10	0.05791505791505792	0.2088
7321	B64	B09	1.0	0.0
7322	B64	J91	0.15625	0.248
7323	B64	L55	0.05789473684210526	0.2707
7324	B64	E35	0.056338028169014086	0.2818
7325	B64	A08	1.0	0.0
7326	J32	M86	0.19047619047619047	0.1511
7327	J32	J21	0.12987012987012986	0.276
7328	J32	J03	0.1232876712328767	0.2946
7329	J32	C81	0.11320754716981132	0.2886
7330	J32	F99	0.06060606060606061	0.1844
7331	J32	A80	0.12857142857142856	0.2161
7332	J32	K37	0.13580246913580246	0.2645
7333	J32	K41	0.17757009345794392	0.0915
7334	J32	K40	0.16379310344827586	0.0907
7335	J32	K81	0.19480519480519481	0.1655
7336	J32	N03	0.02631578947368421	0.2378
7337	J32	J00	0.20987654320987653	0.0335
7338	J32	K80	0.07692307692307693	0.1909
7339	J32	C84	0.08092485549132948	0.252
7340	J32	A44	0.43859649122807015	0.0126
7341	J32	B79	0.43859649122807015	0.0126
7342	J32	A03	0.43859649122807015	0.0126
7343	J32	K42	0.2261904761904762	0.0837
7344	J32	I50	0.054945054945054944	0.2369
7345	J32	A95	0.38666666666666666	0.0261
7346	J32	B51	0.11046511627906977	0.1586
7347	J32	F91	0.10416666666666667	0.2448
7348	J32	A38	0.19444444444444445	0.0282
7349	J32	M41	0.06666666666666667	0.1323
7350	J32	I85	0.075	0.2324
7351	J32	A40	0.2119205298013245	0.0483
7352	J32	D25	0.0847457627118644	0.1217
7353	J32	N23	0.2345679012345679	0.0819
7354	J32	B50	0.1111111111111111	0.1527
7355	J32	F23	0.043478260869565216	0.266
7356	J32	B55	0.06593406593406594	0.1583
7357	J32	J22	0.5274725274725275	0.0072
7358	J32	I21	0.07547169811320754	0.1654
7359	J32	I46	0.11920529801324503	0.0484
7360	J32	K46	0.17757009345794392	0.0915
7361	J32	A59	0.43859649122807015	0.0126
7362	J32	L70	0.06274509803921569	0.2189
7363	J32	B54	0.1792452830188679	0.0703
7364	J32	N40	0.1	0.0844
7365	J32	K02	0.12345679012345678	0.1538
7366	J32	I83	0.08641975308641975	0.0786
7367	J32	B27	0.029197080291970802	0.2409
7368	J32	L50	0.12643678160919541	0.0903
7369	J32	A68	0.37333333333333335	0.0297
7370	J32	I84	0.17355371900826447	0.062
7371	J32	J35	0.1232876712328767	0.1299
7372	J32	Q93	0.024390243902439025	0.2058
7373	J32	C85	0.08139534883720931	0.2559
7374	J32	K12	0.23076923076923078	0.0721
7375	J32	J85	0.07086614173228346	0.2065
7376	J32	K04	0.08333333333333333	0.0625
7377	J32	D26	0.22857142857142856	0.1336
7378	J32	O00	0.26174496644295303	0.0363
7379	J32	G00	0.032520325203252036	0.258
7380	J32	C83	0.07650273224043716	0.2697
7381	J32	J98	0.10582010582010581	0.0846
7382	J32	J31	0.05405405405405406	0.1726
7383	J32	Q54	0.078125	0.2105
7384	J32	R41	0.09859154929577464	0.2277
7385	J32	H27	0.09941520467836257	0.1546
7386	J32	F11	0.03296703296703297	0.2937
7387	J32	H74	0.2191780821917808	0.1288
7388	J32	A93	0.37333333333333335	0.0297
7389	J32	M81	0.034482758620689655	0.2943
7390	J32	N50	0.2	0.0622
7391	J32	T78	0.1375	0.068
7392	J32	A25	0.37333333333333335	0.0297
7393	J32	K72	0.27956989247311825	0.0449
7394	J32	M70	0.18055555555555555	0.2006
7395	J32	P22	0.20224719101123595	0.067
7396	J32	C69	0.06836461126005362	0.2908
7397	J32	B53	0.11377245508982035	0.157
7398	J32	A01	0.36363636363636365	0.0293
7399	J32	N34	0.11428571428571428	0.1824
7400	J32	M27	0.07317073170731707	0.1845
7401	J32	O15	0.16666666666666666	0.0395
7402	J32	M75	0.10185185185185185	0.0745
7403	J32	M14	0.2413793103448276	0.0653
7404	J32	F41	0.07692307692307693	0.1963
7405	J32	B52	0.11377245508982035	0.157
7406	J32	K05	0.07317073170731707	0.1771
7407	J32	M79	0.060240963855421686	0.1575
7408	J32	C75	0.0678191489361702	0.2918
7409	J32	I00-I02	0.2980769230769231	0.0159
7410	J32	F12	0.04081632653061224	0.1836
7411	J32	C41	0.06854838709677419	0.2892
7412	J32	C64	0.11	0.0722
7413	J32	M71	0.18055555555555555	0.2006
7414	J32	J30	0.09523809523809523	0.0834
7415	J32	C76	0.06763925729442971	0.2952
7416	J32	M48	0.05434782608695652	0.2548
7417	J32	M19	0.10240963855421686	0.1341
7418	J32	L57	0.09352517985611511	0.1693
7419	J32	G36	0.0375	0.2434
7420	J32	N84	0.22857142857142856	0.1336
7421	J32	Q36	0.046511627906976744	0.2477
7422	J32	A96	0.35	0.0276
7423	J32	I00	0.28431372549019607	0.028
7424	J32	I01	0.27450980392156865	0.0319
7425	J32	D35	0.1504424778761062	0.063
7426	J32	T37	0.11377245508982035	0.157
7427	J32	Y14	0.2361111111111111	0.0536
7428	J32	T30	0.1320754716981132	0.1687
7429	J32	P36	0.2119205298013245	0.0483
7430	J32	T09	0.1415929203539823	0.1063
7431	J32	S06	0.5217391304347826	0.0062
7432	J32	R57	0.3291139240506329	0.029
7433	J32	F02	0.13414634146341464	0.2949
7434	J32	A97	0.36363636363636365	0.0294
7435	J32	A88	0.43859649122807015	0.0126
7436	J32	M07	0.2625	0.0702
7437	J32	K45	0.17757009345794392	0.0915
7438	J32	A94	0.38666666666666666	0.0261
7439	J32	K61	0.11428571428571428	0.1824
7440	J32	L58	0.10989010989010989	0.1022
7441	J32	J90	0.1917808219178082	0.1805
7442	J32	B09	0.43859649122807015	0.0126
7443	J32	J91	0.1917808219178082	0.1805
7444	J32	B91	0.12857142857142856	0.2161
7445	J32	L55	0.06626506024096386	0.224
7446	J32	A08	0.43859649122807015	0.0126
7447	A44	M10	0.12195121951219512	0.2975
7448	A44	M86	0.1588785046728972	0.206
7449	A44	F99	0.044642857142857144	0.2881
7450	A44	G10	0.022900763358778626	0.2869
7451	A44	K41	0.1450381679389313	0.142
7452	A44	K40	0.1357142857142857	0.137
7453	A44	K81	0.20833333333333334	0.146
7454	A44	I61	0.024793388429752067	0.2656
7455	A44	J00	0.0990990990990991	0.2022
7456	A44	B79	1.0	0.0
7457	A44	A03	1.0	0.0
7458	A44	K42	0.17592592592592593	0.1455
7459	A44	I50	0.04697986577181208	0.292
7460	A44	A95	0.28	0.0718
7461	A44	B51	0.10824742268041238	0.1646
7462	A44	A38	0.16666666666666666	0.047
7463	A44	M41	0.05263157894736842	0.2028
7464	A44	N04	0.03409090909090909	0.1937
7465	A44	A40	0.16292134831460675	0.0976
7466	A44	D25	0.08	0.137
7467	A44	N23	0.20388349514563106	0.1137
7468	A44	B50	0.10880829015544041	0.1588
7469	A44	F50	0.07547169811320754	0.2057
7470	A44	C82	0.08376963350785341	0.2539
7471	A44	J22	0.7340425531914894	0.001
7472	A44	I46	0.06629834254143646	0.1863
7473	A44	K46	0.1450381679389313	0.142
7474	A44	A59	1.0	0.0
7475	A44	L70	0.06115107913669065	0.2275
7476	A44	B54	0.1640625	0.088
7477	A44	N40	0.07526881720430108	0.1558
7478	A44	K02	0.15	0.1026
7479	A44	I83	0.04727272727272727	0.2495
7480	A44	A68	0.2828282828282828	0.0699
7481	A44	I84	0.1527777777777778	0.0865
7482	A44	J35	0.08163265306122448	0.2593
7483	A44	Q93	0.018867924528301886	0.2947
7484	A44	C85	0.08247422680412371	0.2513
7485	A44	K12	0.1320754716981132	0.2225
7486	A44	J85	0.059602649006622516	0.2655
7487	A44	K04	0.0672782874617737	0.1068
7488	A44	D26	0.1702127659574468	0.2238
7489	A44	O00	0.19101123595505617	0.0891
7490	A44	C83	0.08333333333333333	0.2398
7491	A44	J98	0.12560386473429952	0.0533
7492	A44	Q54	0.0728476821192053	0.2339
7493	A44	H27	0.08717948717948718	0.1947
7494	A44	J96	0.03389830508474576	0.2977
7495	A44	A63	0.031914893617021274	0.2504
7496	A44	H74	0.16494845360824742	0.2142
7497	A44	A93	0.2828282828282828	0.0699
7498	A44	M81	0.041916167664670656	0.226
7499	A44	N50	0.16417910447761194	0.1025
7500	A44	A25	0.2828282828282828	0.0699
7501	A44	K72	0.2882882882882883	0.0407
7502	A44	M70	0.13541666666666666	0.2999
7503	A44	P22	0.16964285714285715	0.1037
7504	A44	C69	0.07884362680683311	0.2405
7505	A44	B53	0.1111111111111111	0.1639
7506	A44	A01	0.27722772277227725	0.068
7507	A44	O15	0.07017543859649122	0.2574
7508	A44	M14	0.11864406779661017	0.2622
7509	A44	F41	0.06382978723404255	0.2592
7510	A44	B52	0.1111111111111111	0.1639
7511	A44	C75	0.07822685788787484	0.2415
7512	A44	I00-I02	0.21374045801526717	0.0516
7513	A44	C41	0.07905138339920949	0.2391
7514	A44	C64	0.1031390134529148	0.0851
7515	A44	M71	0.13541666666666666	0.2999
7516	A44	F81	0.06395348837209303	0.111
7517	A44	J09	0.057692307692307696	0.2093
7518	A44	C76	0.07802340702210664	0.2447
7519	A44	M48	0.1	0.0804
7520	A44	J11	0.05813953488372093	0.2061
7521	A44	M19	0.08376963350785341	0.1935
7522	A44	L57	0.07975460122699386	0.22
7523	A44	N84	0.1702127659574468	0.2238
7524	A44	A96	0.2692307692307692	0.0634
7525	A44	I00	0.2204724409448819	0.0628
7526	A44	I01	0.2222222222222222	0.0618
7527	A44	D35	0.16666666666666666	0.0467
7528	A44	T37	0.1111111111111111	0.1639
7529	A44	Y14	0.1188118811881188	0.2302
7530	A44	T30	0.16129032258064516	0.1137
7531	A44	P36	0.16292134831460675	0.0976
7532	A44	T09	0.09285714285714286	0.2303
7533	A44	S06	0.45132743362831856	0.0124
7534	A44	R57	0.1834862385321101	0.1397
7535	A44	F02	0.17	0.2125
7536	A44	G20+	0.17894736842105263	0.2549
7537	A44	A97	0.27722772277227725	0.0683
7538	A44	A88	1.0	0.0
7539	A44	M07	0.12612612612612611	0.2798
7540	A44	K45	0.1450381679389313	0.142
7541	A44	A94	0.28	0.0718
7542	A44	J90	0.15625	0.248
7543	A44	J10	0.05791505791505792	0.2088
7544	A44	B09	1.0	0.0
7545	A44	J91	0.15625	0.248
7546	A44	L55	0.05789473684210526	0.2707
7547	A44	E35	0.056338028169014086	0.2818
7548	A44	A08	1.0	0.0
7549	B79	M10	0.12195121951219512	0.2975
7550	B79	M86	0.1588785046728972	0.206
7551	B79	F99	0.044642857142857144	0.2881
7552	B79	G10	0.022900763358778626	0.2869
7553	B79	K41	0.1450381679389313	0.142
7554	B79	K40	0.1357142857142857	0.137
7555	B79	K81	0.20833333333333334	0.146
7556	B79	I61	0.024793388429752067	0.2656
7557	B79	J00	0.0990990990990991	0.2022
7558	B79	A03	1.0	0.0
7559	B79	K42	0.17592592592592593	0.1455
7560	B79	I50	0.04697986577181208	0.292
7561	B79	A95	0.28	0.0718
7562	B79	B51	0.10824742268041238	0.1646
7563	B79	A38	0.16666666666666666	0.047
7564	B79	M41	0.05263157894736842	0.2028
7565	B79	N04	0.03409090909090909	0.1937
7566	B79	A40	0.16292134831460675	0.0976
7567	B79	D25	0.08	0.137
7568	B79	N23	0.20388349514563106	0.1137
7569	B79	B50	0.10880829015544041	0.1588
7570	B79	F50	0.07547169811320754	0.2057
7571	B79	C82	0.08376963350785341	0.2539
7572	B79	J22	0.7340425531914894	0.001
7573	B79	I46	0.06629834254143646	0.1863
7574	B79	K46	0.1450381679389313	0.142
7575	B79	A59	1.0	0.0
7576	B79	L70	0.06115107913669065	0.2275
7577	B79	B54	0.1640625	0.088
7578	B79	N40	0.07526881720430108	0.1558
7579	B79	K02	0.15	0.1026
7580	B79	I83	0.04727272727272727	0.2495
7581	B79	A68	0.2828282828282828	0.0699
7582	B79	I84	0.1527777777777778	0.0865
7583	B79	J35	0.08163265306122448	0.2593
7584	B79	Q93	0.018867924528301886	0.2947
7585	B79	C85	0.08247422680412371	0.2513
7586	B79	K12	0.1320754716981132	0.2225
7587	B79	J85	0.059602649006622516	0.2655
7588	B79	K04	0.0672782874617737	0.1068
7589	B79	D26	0.1702127659574468	0.2238
7590	B79	O00	0.19101123595505617	0.0891
7591	B79	C83	0.08333333333333333	0.2398
7592	B79	J98	0.12560386473429952	0.0533
7593	B79	Q54	0.0728476821192053	0.2339
7594	B79	H27	0.08717948717948718	0.1947
7595	B79	J96	0.03389830508474576	0.2977
7596	B79	A63	0.031914893617021274	0.2504
7597	B79	H74	0.16494845360824742	0.2142
7598	B79	A93	0.2828282828282828	0.0699
7599	B79	M81	0.041916167664670656	0.226
7600	B79	N50	0.16417910447761194	0.1025
7601	B79	A25	0.2828282828282828	0.0699
7602	B79	K72	0.2882882882882883	0.0407
7603	B79	M70	0.13541666666666666	0.2999
7604	B79	P22	0.16964285714285715	0.1037
7605	B79	C69	0.07884362680683311	0.2405
7606	B79	B53	0.1111111111111111	0.1639
7607	B79	A01	0.27722772277227725	0.068
7608	B79	O15	0.07017543859649122	0.2574
7609	B79	M14	0.11864406779661017	0.2622
7610	B79	F41	0.06382978723404255	0.2592
7611	B79	B52	0.1111111111111111	0.1639
7612	B79	C75	0.07822685788787484	0.2415
7613	B79	I00-I02	0.21374045801526717	0.0516
7614	B79	C41	0.07905138339920949	0.2391
7615	B79	C64	0.1031390134529148	0.0851
7616	B79	M71	0.13541666666666666	0.2999
7617	B79	F81	0.06395348837209303	0.111
7618	B79	J09	0.057692307692307696	0.2093
7619	B79	C76	0.07802340702210664	0.2447
7620	B79	M48	0.1	0.0804
7621	B79	J11	0.05813953488372093	0.2061
7622	B79	M19	0.08376963350785341	0.1935
7623	B79	L57	0.07975460122699386	0.22
7624	B79	N84	0.1702127659574468	0.2238
7625	B79	A96	0.2692307692307692	0.0634
7626	B79	I00	0.2204724409448819	0.0628
7627	B79	I01	0.2222222222222222	0.0618
7628	B79	D35	0.16666666666666666	0.0467
7629	B79	T37	0.1111111111111111	0.1639
7630	B79	Y14	0.1188118811881188	0.2302
7631	B79	T30	0.16129032258064516	0.1137
7632	B79	P36	0.16292134831460675	0.0976
7633	B79	T09	0.09285714285714286	0.2303
7634	B79	S06	0.45132743362831856	0.0124
7635	B79	R57	0.1834862385321101	0.1397
7636	B79	F02	0.17	0.2125
7637	B79	G20+	0.17894736842105263	0.2549
7638	B79	A97	0.27722772277227725	0.0683
7639	B79	A88	1.0	0.0
7640	B79	M07	0.12612612612612611	0.2798
7641	B79	K45	0.1450381679389313	0.142
7642	B79	A94	0.28	0.0718
7643	B79	J90	0.15625	0.248
7644	B79	J10	0.05791505791505792	0.2088
7645	B79	B09	1.0	0.0
7646	B79	J91	0.15625	0.248
7647	B79	L55	0.05789473684210526	0.2707
7648	B79	E35	0.056338028169014086	0.2818
7649	B79	A08	1.0	0.0
7650	A03	M10	0.12195121951219512	0.2975
7651	A03	M86	0.1588785046728972	0.206
7652	A03	F99	0.044642857142857144	0.2881
7653	A03	G10	0.022900763358778626	0.2869
7654	A03	K41	0.1450381679389313	0.142
7655	A03	K40	0.1357142857142857	0.137
7656	A03	K81	0.20833333333333334	0.146
7657	A03	I61	0.024793388429752067	0.2656
7658	A03	J00	0.0990990990990991	0.2022
7659	A03	K42	0.17592592592592593	0.1455
7660	A03	I50	0.04697986577181208	0.292
7661	A03	A95	0.28	0.0718
7662	A03	B51	0.10824742268041238	0.1646
7663	A03	A38	0.16666666666666666	0.047
7664	A03	M41	0.05263157894736842	0.2028
7665	A03	N04	0.03409090909090909	0.1937
7666	A03	A40	0.16292134831460675	0.0976
7667	A03	D25	0.08	0.137
7668	A03	N23	0.20388349514563106	0.1137
7669	A03	B50	0.10880829015544041	0.1588
7670	A03	F50	0.07547169811320754	0.2057
7671	A03	C82	0.08376963350785341	0.2539
7672	A03	J22	0.7340425531914894	0.001
7673	A03	I46	0.06629834254143646	0.1863
7674	A03	K46	0.1450381679389313	0.142
7675	A03	A59	1.0	0.0
7676	A03	L70	0.06115107913669065	0.2275
7677	A03	B54	0.1640625	0.088
7678	A03	N40	0.07526881720430108	0.1558
7679	A03	K02	0.15	0.1026
7680	A03	I83	0.04727272727272727	0.2495
7681	A03	A68	0.2828282828282828	0.0699
7682	A03	I84	0.1527777777777778	0.0865
7683	A03	J35	0.08163265306122448	0.2593
7684	A03	Q93	0.018867924528301886	0.2947
7685	A03	C85	0.08247422680412371	0.2513
7686	A03	K12	0.1320754716981132	0.2225
7687	A03	J85	0.059602649006622516	0.2655
7688	A03	K04	0.0672782874617737	0.1068
7689	A03	D26	0.1702127659574468	0.2238
7690	A03	O00	0.19101123595505617	0.0891
7691	A03	C83	0.08333333333333333	0.2398
7692	A03	J98	0.12560386473429952	0.0533
7693	A03	Q54	0.0728476821192053	0.2339
7694	A03	H27	0.08717948717948718	0.1947
7695	A03	J96	0.03389830508474576	0.2977
7696	A03	A63	0.031914893617021274	0.2504
7697	A03	H74	0.16494845360824742	0.2142
7698	A03	A93	0.2828282828282828	0.0699
7699	A03	M81	0.041916167664670656	0.226
7700	A03	N50	0.16417910447761194	0.1025
7701	A03	A25	0.2828282828282828	0.0699
7702	A03	K72	0.2882882882882883	0.0407
7703	A03	M70	0.13541666666666666	0.2999
7704	A03	P22	0.16964285714285715	0.1037
7705	A03	C69	0.07884362680683311	0.2405
7706	A03	B53	0.1111111111111111	0.1639
7707	A03	A01	0.27722772277227725	0.068
7708	A03	O15	0.07017543859649122	0.2574
7709	A03	M14	0.11864406779661017	0.2622
7710	A03	F41	0.06382978723404255	0.2592
7711	A03	B52	0.1111111111111111	0.1639
7712	A03	C75	0.07822685788787484	0.2415
7713	A03	I00-I02	0.21374045801526717	0.0516
7714	A03	C41	0.07905138339920949	0.2391
7715	A03	C64	0.1031390134529148	0.0851
7716	A03	M71	0.13541666666666666	0.2999
7717	A03	F81	0.06395348837209303	0.111
7718	A03	J09	0.057692307692307696	0.2093
7719	A03	C76	0.07802340702210664	0.2447
7720	A03	M48	0.1	0.0804
7721	A03	J11	0.05813953488372093	0.2061
7722	A03	M19	0.08376963350785341	0.1935
7723	A03	L57	0.07975460122699386	0.22
7724	A03	N84	0.1702127659574468	0.2238
7725	A03	A96	0.2692307692307692	0.0634
7726	A03	I00	0.2204724409448819	0.0628
7727	A03	I01	0.2222222222222222	0.0618
7728	A03	D35	0.16666666666666666	0.0467
7729	A03	T37	0.1111111111111111	0.1639
7730	A03	Y14	0.1188118811881188	0.2302
7731	A03	T30	0.16129032258064516	0.1137
7732	A03	P36	0.16292134831460675	0.0976
7733	A03	T09	0.09285714285714286	0.2303
7734	A03	S06	0.45132743362831856	0.0124
7735	A03	R57	0.1834862385321101	0.1397
7736	A03	F02	0.17	0.2125
7737	A03	G20+	0.17894736842105263	0.2549
7738	A03	A97	0.27722772277227725	0.0683
7739	A03	A88	1.0	0.0
7740	A03	M07	0.12612612612612611	0.2798
7741	A03	K45	0.1450381679389313	0.142
7742	A03	A94	0.28	0.0718
7743	A03	J90	0.15625	0.248
7744	A03	J10	0.05791505791505792	0.2088
7745	A03	B09	1.0	0.0
7746	A03	J91	0.15625	0.248
7747	A03	L55	0.05789473684210526	0.2707
7748	A03	E35	0.056338028169014086	0.2818
7749	A03	A08	1.0	0.0
7750	I50	E14	0.08279220779220779	0.114
7751	I50	K85	0.04602510460251046	0.2994
7752	I50	K70	0.2190082644628099	0.0337
7753	I50	E50	0.008658008658008658	0.2402
7754	I50	E51	0.22869955156950672	0.1375
7755	I50	K44	0.04452054794520548	0.112
7756	I50	I61	0.024793388429752067	0.2656
7757	I50	I42	0.05649717514124294	0.2083
7758	I50	L83	0.22767857142857142	0.1398
7759	I50	N04	0.030303030303030304	0.2326
7760	I50	A40	0.28793774319066145	0.0162
7761	I50	I63	0.04405286343612335	0.2033
7762	I50	I10	0.06711409395973154	0.048
7763	I50	I70	0.3490909090909091	0.0001
7764	I50	L25	0.020905923344947737	0.2864
7765	I50	I21	0.08713692946058091	0.1252
7766	I50	E10	0.0920353982300885	0.0422
7767	I50	N46	0.023972602739726026	0.2059
7768	I50	L70	0.17366946778711484	0.0147
7769	I50	E12	0.04262295081967213	0.1684
7770	I50	I49	0.03728813559322034	0.1715
7771	I50	G31	0.0777027027027027	0.1752
7772	I50	G71	0.14835164835164835	0.0913
7773	I50	K13	0.23660714285714285	0.0787
7774	I50	K04	0.03956043956043956	0.2688
7775	I50	O00	0.23985239852398524	0.0479
7776	I50	D75	0.02631578947368421	0.1756
7777	I50	I47	0.032388663967611336	0.2346
7778	I50	J98	0.0688622754491018	0.2007
7779	I50	J12	0.029490616621983913	0.2777
7780	I50	R73	0.25112107623318386	0.0785
7781	I50	I51	0.060209424083769635	0.1304
7782	I50	M81	0.034722222222222224	0.2918
7783	I50	O24	0.1702127659574468	0.0676
7784	I50	O15	0.08849557522123894	0.1804
7785	I50	Q25	0.049723756906077346	0.1056
7786	I50	N91	0.23214285714285715	0.1086
7787	I50	Q24	0.04265402843601896	0.183
7788	I50	K73	0.027450980392156862	0.1683
7789	I50	L73	0.2084942084942085	0.0161
7790	I50	E87	0.02092050209205021	0.1186
7791	I50	E08-E13	0.08611599297012303	0.0599
7792	I50	P36	0.28793774319066145	0.0162
7793	A95	M10	0.14705882352941177	0.2514
7794	A95	F99	0.05454545454545454	0.2185
7795	A95	F43	0.027777777777777776	0.1757
7796	A95	G10	0.027777777777777776	0.2196
7797	A95	K41	0.1111111111111111	0.2244
7798	A95	K40	0.1	0.2314
7799	A95	J00	0.12727272727272726	0.1281
7800	A95	K42	0.15517241379310345	0.1827
7801	A95	A71	0.10526315789473684	0.1744
7802	A95	A38	0.32038834951456313	0.0027
7803	A95	A40	0.16666666666666666	0.0925
7804	A95	I63	0.0392156862745098	0.2423
7805	A95	F23	0.07142857142857142	0.1131
7806	A95	B55	0.07017543859649122	0.1405
7807	A95	I05	0.08108108108108109	0.1306
7808	A95	J22	0.37333333333333335	0.0307
7809	A95	I46	0.064	0.1975
7810	A95	K46	0.1111111111111111	0.2244
7811	A95	A59	0.28	0.0615
7812	A95	B54	0.09876543209876543	0.232
7813	A95	K02	0.2222222222222222	0.034
7814	A95	A68	0.9705882352941176	0.0001
7815	A95	J35	0.12195121951219512	0.1328
7816	A95	Q93	0.043478260869565216	0.0591
7817	A95	K76	0.044444444444444446	0.2707
7818	A95	J85	0.08695652173913043	0.1441
7819	A95	D26	0.47058823529411764	0.0155
7820	A95	O00	0.14285714285714285	0.1641
7821	A95	G00	0.04597701149425287	0.1467
7822	A95	J98	0.06790123456790123	0.2053
7823	A95	G03	0.05263157894736842	0.2842
7824	A95	R41	0.2	0.0492
7825	A95	H27	0.1259259259259259	0.0937
7826	A95	F11	0.05454545454545454	0.1312
7827	A95	H74	0.43243243243243246	0.0171
7828	A95	A93	0.9705882352941176	0.0001
7829	A95	M81	0.03636363636363636	0.2753
7830	A95	N50	0.21518987341772153	0.0503
7831	A95	A25	0.9705882352941176	0.0001
7832	A95	K72	0.27692307692307694	0.0462
7833	A95	P22	0.3148148148148148	0.0147
7834	A95	N83	0.0273972602739726	0.174
7835	A95	A01	0.9166666666666666	0.0001
7836	A95	N34	0.23529411764705882	0.0297
7837	A95	O15	0.06896551724137931	0.2635
7838	A95	F41	0.0975609756097561	0.1265
7839	A95	M79	0.04	0.2935
7840	A95	F09	0.041666666666666664	0.2264
7841	A95	I00-I02	0.5230769230769231	0.0007
7842	A95	F12	0.047619047619047616	0.1383
7843	A95	C64	0.10059171597633136	0.0904
7844	A95	M48	0.07017543859649122	0.1709
7845	A95	T88	0.027777777777777776	0.0993
7846	A95	N84	0.47058823529411764	0.0155
7847	A95	A96	0.8461538461538461	0.0002
7848	A95	I00	0.5573770491803278	0.0009
7849	A95	I01	0.5409836065573771	0.0011
7850	A95	D35	0.10588235294117647	0.1431
7851	A95	N98	0.04878048780487805	0.2733
7852	A95	Y14	0.15217391304347827	0.1522
7853	A95	P36	0.16666666666666666	0.0925
7854	A95	S06	0.35064935064935066	0.0331
7855	A95	R57	0.3018867924528302	0.0389
7856	A95	A97	0.9166666666666666	0.0001
7857	A95	A88	0.28	0.0615
7858	A95	K45	0.1111111111111111	0.2244
7859	A95	A94	1.0	0.0001
7860	A95	K61	0.23529411764705882	0.0297
7861	A95	B09	0.28	0.0615
7862	A95	A08	0.28	0.0615
7863	A38	M10	0.07352941176470588	0.2606
7864	A38	A40	0.10256410256410256	0.2315
7865	A38	J22	0.1958041958041958	0.1613
7866	A38	A59	0.16666666666666666	0.1906
7867	A38	D83	0.022222222222222223	0.2869
7868	A38	K02	0.08849557522123894	0.2617
7869	A38	A68	0.3235294117647059	0.0476
7870	A38	D26	0.1568627450980392	0.2518
7871	A38	H27	0.08374384236453201	0.2078
7872	A38	H74	0.1523809523809524	0.241
7873	A38	A93	0.3235294117647059	0.0476
7874	A38	N50	0.11564625850340136	0.2014
7875	A38	A25	0.3235294117647059	0.0476
7876	A38	K72	0.13533834586466165	0.2236
7877	A38	P22	0.13008130081300814	0.1762
7878	A38	N83	0.02142857142857143	0.2552
7879	A38	A01	0.3173076923076923	0.046
7880	A38	G04	0.017241379310344827	0.2473
7881	A38	F41	0.06756756756756757	0.2394
7882	A38	I00-I02	0.26515151515151514	0.0252
7883	A38	C64	0.08085106382978724	0.1452
7884	A38	N84	0.1568627450980392	0.2518
7885	A38	A96	0.308411214953271	0.0424
7886	A38	I00	0.26356589147286824	0.0364
7887	A38	I01	0.265625	0.0357
7888	A38	P36	0.10256410256410256	0.2315
7889	A38	S06	0.1780821917808219	0.1779
7890	A38	R57	0.14166666666666666	0.219
7891	A38	A97	0.3173076923076923	0.0462
7892	A38	A88	0.16666666666666666	0.1906
7893	A38	A94	0.32038834951456313	0.049
7894	A38	B09	0.16666666666666666	0.1906
7895	A38	A08	0.16666666666666666	0.1906
7896	N04	M10	0.03125	0.2222
7897	N04	L10	0.02654867256637168	0.2788
7898	N04	C55	0.02631578947368421	0.282
7899	N04	L21	0.03076923076923077	0.2274
7900	N04	H16	0.029411764705882353	0.2428
7901	N04	B25	0.020833333333333332	0.2952
7902	N04	E79	0.020618556701030927	0.0026
7903	N04	K73	0.023255813953488372	0.2213
7904	N04	R80	0.0784313725490196	0.0481
7905	N04	G36	0.041237113402061855	0.2114
7906	N04	N06	0.0784313725490196	0.0481
7907	A40	K85	0.09848484848484848	0.2454
7908	A40	K70	0.3669064748201439	0.0033
7909	A40	G51	0.055865921787709494	0.2541
7910	A40	E51	0.4322033898305085	0.0226
7911	A40	J00	0.1015625	0.1943
7912	A40	L83	0.42857142857142855	0.0237
7913	A40	M41	0.045112781954887216	0.2548
7914	A40	I85	0.075	0.2324
7915	A40	I70	0.32338308457711445	0.0002
7916	A40	J22	0.17419354838709677	0.1974
7917	A40	I21	0.08275862068965517	0.139
7918	A40	E10	0.07523809523809524	0.0752
7919	A40	I46	0.09844559585492228	0.0822
7920	A40	A59	0.16292134831460675	0.1979
7921	A40	L70	0.21235521235521235	0.0057
7922	A40	L50	0.07633587786259542	0.2351
7923	A40	A68	0.15873015873015872	0.2253
7924	A40	I84	0.0755813953488372	0.2986
7925	A40	J35	0.07758620689655173	0.2773
7926	A40	G31	0.11458333333333333	0.0759
7927	A40	G71	0.19923371647509577	0.0396
7928	A40	K13	0.43333333333333335	0.0091
7929	A40	K04	0.036619718309859155	0.2964
7930	A40	D26	0.1415929203539823	0.2881
7931	A40	O00	0.5503355704697986	0.0009
7932	A40	D72	0.016260162601626018	0.2515
7933	A40	J98	0.07234042553191489	0.1851
7934	A40	R73	0.4380165289256198	0.0113
7935	A40	H27	0.07441860465116279	0.2476
7936	A40	J96	0.03676470588235294	0.2686
7937	A40	H74	0.13793103448275862	0.276
7938	A40	A93	0.15873015873015872	0.2253
7939	A40	M81	0.03763440860215054	0.2631
7940	A40	O24	0.23348017621145375	0.0244
7941	A40	N50	0.10062893081761007	0.2481
7942	A40	T78	0.08064516129032258	0.2074
7943	A40	A25	0.15873015873015872	0.2253
7944	A40	G52	0.056179775280898875	0.2553
7945	A40	K72	0.13286713286713286	0.2298
7946	A40	P22	0.16279069767441862	0.1137
7947	A40	A01	0.15625	0.2205
7948	A40	O15	0.1015625	0.14
7949	A40	N91	0.425	0.0165
7950	A40	M75	0.0728476821192053	0.1565
7951	A40	I00-I02	0.1337579617834395	0.157
7952	A40	L73	0.35064935064935066	0.0009
7953	A40	M43	0.03225806451612903	0.2114
7954	A40	C96	0.022388059701492536	0.2905
7955	A40	C64	0.06854838709677419	0.1949
7956	A40	E87	0.014598540145985401	0.2274
7957	A40	N84	0.1415929203539823	0.2881
7958	A40	E08-E13	0.0730550284629981	0.0919
7959	A40	A96	0.15267175572519084	0.21
7960	A40	I00	0.13725490196078433	0.179
7961	A40	I01	0.13071895424836602	0.195
7962	A40	D35	0.10191082802547771	0.154
7963	A40	Y14	0.14782608695652175	0.1606
7964	A40	P36	1.0	0.0
7965	A40	S06	0.16560509554140126	0.2008
7966	A40	R57	0.28695652173913044	0.0457
7967	A40	A97	0.15625	0.221
7968	A40	A88	0.16292134831460675	0.1979
7969	A40	A94	0.16666666666666666	0.209
7970	A40	L58	0.08270676691729323	0.1799
7971	A40	B09	0.16292134831460675	0.1979
7972	A40	A08	0.16292134831460675	0.1979
7973	I10	I63	0.0625	0.0593
7974	I10	I70	0.06302521008403361	0.0579
7975	I10	I21	0.043478260869565216	0.1411
7976	I10	O15	0.0847457627118644	0.0213
7977	I10	I84	0.029940119760479042	0.2605
7978	I10	I49	0.0273224043715847	0.2931
7979	I10	Q25	0.027450980392156862	0.2914
7980	I10	M48	0.032520325203252036	0.2318
7981	I10	K44	0.027472527472527472	0.2912
7982	I10	A26	0.0380952380952381	0.1801
7983	I10	Q61	0.057692307692307696	0.0302
7984	I10	Q68	0.016	0.1477
7985	I10	I06	0.058823529411764705	0.1112
7986	F23	F39	0.05555555555555555	0.1839
7987	F23	J22	0.04395604395604396	0.2621
7988	F23	A68	0.07272727272727272	0.1086
7989	F23	A93	0.07272727272727272	0.1086
7990	F23	A25	0.07272727272727272	0.1086
7991	F23	A01	0.07017543859649122	0.1175
7992	F23	I00-I02	0.04597701149425287	0.2464
7993	F23	A96	0.06666666666666667	0.1308
7994	F23	I00	0.04819277108433735	0.2303
7995	F23	I01	0.04878048780487805	0.2262
7996	F23	S06	0.054945054945054944	0.1873
7997	F23	A97	0.07017543859649122	0.1175
7998	F23	A94	0.07142857142857142	0.1131
7999	F23	F99	0.16901408450704225	0.0055
8000	F23	K30	0.09302325581395349	0.0582
8001	F23	F95	0.14285714285714285	0.0125
8002	F23	M50	0.10256410256410256	0.0434
8003	F23	F91	0.05084745762711865	0.2124
8004	F23	F32	0.03125	0.1612
8005	F23	F70	0.034482758620689655	0.0152
8006	F23	G20	0.03296703296703297	0.1908
8007	F23	F50	0.06976744186046512	0.2319
8008	F23	F40	0.03225806451612903	0.2439
8009	F23	F52	0.08571428571428572	0.0953
8010	F23	N96	0.03571428571428571	0.2821
8011	F23	A18	0.07142857142857142	0.2305
8012	F23	D82	0.05405405405405406	0.0002
8013	F23	N73	0.07142857142857142	0.2305
8014	F23	F11	0.041666666666666664	0.2123
8015	F23	F41	0.06493506493506493	0.2532
8016	F23	M79	0.07317073170731707	0.1058
8017	F23	F09	0.25806451612903225	0.0001
8018	F23	F12	0.05454545454545454	0.1036
8019	F23	F98	0.0784313725490196	0.0905
8020	F23	F28	0.15384615384615385	0.1277
8021	F23	L11	0.14814814814814814	0.1406
8022	F23	M51	0.056338028169014086	0.0401
8023	I70	E14	0.08276450511945392	0.1174
8024	I70	K85	0.05113636363636364	0.2665
8025	I70	I63	0.075	0.1435
8026	I70	K70	0.2994350282485876	0.0095
8027	I70	G51	0.05045871559633028	0.2902
8028	I70	E51	0.3227848101265823	0.06
8029	I70	K44	0.05263157894736842	0.075
8030	I70	I61	0.03389830508474576	0.1629
8031	I70	L83	0.3291139240506329	0.0573
8032	I70	I21	0.11299435028248588	0.0674
8033	I70	E10	0.0945692883895131	0.0386
8034	I70	N46	0.030837004405286344	0.1306
8035	I70	L70	0.19594594594594594	0.0085
8036	I70	E12	0.0411522633744856	0.1791
8037	I70	E88	0.06583850931677018	0.2906
8038	I70	E78	0.0449438202247191	0.0493
8039	I70	G31	0.09956709956709957	0.1068
8040	I70	G71	0.1806020066889632	0.0538
8041	I70	K13	0.34177215189873417	0.0249
8042	I70	O00	0.2904761904761905	0.0252
8043	I70	R73	0.32919254658385094	0.0351
8044	I70	P61	0.012738853503184714	0.2604
8045	I70	O24	0.21212121212121213	0.0344
8046	I70	G52	0.05069124423963134	0.2918
8047	I70	G45	0.05847953216374269	0.2123
8048	I70	O15	0.11042944785276074	0.1179
8049	I70	Q25	0.03618421052631579	0.1951
8050	I70	N91	0.31875	0.0468
8051	I70	L73	0.27835051546391754	0.004
8052	I70	D71	0.012048192771084338	0.204
8053	I70	E87	0.017045454545454544	0.1768
8054	I70	I06	0.03870967741935484	0.2368
8055	I70	E08-E13	0.0862708719851577	0.0596
8056	I70	P36	0.32338308457711445	0.0097
8057	I70	E90	0.06700379266750948	0.2951
8058	J22	M86	0.2073170731707317	0.1449
8059	J22	C81	0.11428571428571428	0.2852
8060	J22	F99	0.05025125628140704	0.2463
8061	J22	K37	0.12345679012345678	0.2986
8062	J22	K30	0.07142857142857142	0.2709
8063	J22	G10	0.02830188679245283	0.2134
8064	J22	K41	0.1792452830188679	0.0895
8065	J22	K40	0.16521739130434782	0.0888
8066	J22	K81	0.28169014084507044	0.0739
8067	J22	J00	0.12790697674418605	0.1268
8068	J22	K80	0.06369426751592357	0.254
8069	J22	K42	0.2289156626506024	0.0812
8070	J22	F91	0.10526315789473684	0.2412
8071	J22	M41	0.06741573033707865	0.1294
8072	J22	D25	0.09142857142857143	0.103
8073	J22	N23	0.2692307692307692	0.0565
8074	J22	F50	0.09876543209876543	0.1259
8075	J22	I46	0.07692307692307693	0.1422
8076	J22	K46	0.1792452830188679	0.0895
8077	J22	A59	0.7340425531914894	0.0006
8078	J22	L70	0.06299212598425197	0.2176
8079	J22	B54	0.18095238095238095	0.0685
8080	J22	C95	0.057971014492753624	0.2979
8081	J22	N40	0.08695652173913043	0.1166
8082	J22	K02	0.2	0.0478
8083	J22	I83	0.052	0.2171
8084	J22	A68	0.3783783783783784	0.0283
8085	J22	I84	0.175	0.0605
8086	J22	J35	0.1095890410958904	0.1631
8087	J22	Q93	0.024691358024691357	0.2018
8088	J22	K12	0.1728395061728395	0.1398
8089	J22	J85	0.0546875	0.2962
8090	J22	K04	0.06930693069306931	0.0998
8091	J22	D26	0.2318840579710145	0.1297
8092	J22	O00	0.21428571428571427	0.0663
8093	J22	G00	0.03278688524590164	0.2552
8094	J22	J98	0.11827956989247312	0.0632
8095	J22	Q54	0.07874015748031496	0.2079
8096	J22	R41	0.1	0.2229
8097	J22	H27	0.1	0.1529
8098	J22	J96	0.043010752688172046	0.2147
8099	J22	H74	0.2222222222222222	0.1251
8100	J22	A93	0.3783783783783784	0.0283
8101	J22	M81	0.04929577464788732	0.1738
8102	J22	N50	0.2018348623853211	0.0606
8103	J22	A25	0.3783783783783784	0.0283
8104	J22	K72	0.37209302325581395	0.0159
8105	J22	M70	0.18309859154929578	0.1961
8106	J22	P22	0.19101123595505617	0.0779
8107	J22	C69	0.06989247311827956	0.2828
8108	J22	B53	0.1144578313253012	0.1552
8109	J22	A01	0.3684210526315789	0.028
8110	J22	N34	0.1	0.2258
8111	J22	O15	0.0898876404494382	0.1756
8112	J22	M14	0.15053763440860216	0.1828
8113	J22	F41	0.07758620689655173	0.1935
8114	J22	B52	0.1144578313253012	0.1552
8115	J22	C75	0.06933333333333333	0.2839
8116	J22	I00-I02	0.2641509433962264	0.0256
8117	J22	F12	0.030612244897959183	0.2807
8118	J22	C41	0.07008086253369272	0.2813
8119	J22	C64	0.11055276381909548	0.0712
8120	J22	M71	0.18309859154929578	0.1961
8121	J22	F81	0.06756756756756757	0.098
8122	J22	J09	0.05042016806722689	0.2551
8123	J22	C76	0.06914893617021277	0.2873
8124	J22	M48	0.11627906976744186	0.0533
8125	J22	J11	0.05084745762711865	0.2514
8126	J22	M19	0.08982035928143713	0.1718
8127	J22	L57	0.08633093525179857	0.1941
8128	J22	G36	0.0379746835443038	0.2391
8129	J22	N84	0.2318840579710145	0.1297
8130	J22	Q36	0.047058823529411764	0.2437
8131	J22	A96	0.35443037974683544	0.0263
8132	J22	I00	0.27450980392156865	0.0317
8133	J22	I01	0.27722772277227725	0.0309
8134	J22	D35	0.1834862385321101	0.0342
8135	J22	T37	0.1144578313253012	0.1552
8136	J22	Y14	0.15789473684210525	0.1418
8137	J22	T30	0.20202020202020202	0.0655
8138	J22	P36	0.17419354838709677	0.083
8139	J22	T09	0.11304347826086956	0.1672
8140	J22	S06	0.5795454545454546	0.0035
8141	J22	R57	0.23809523809523808	0.0775
8142	J22	F02	0.22666666666666666	0.1266
8143	J22	G20+	0.24285714285714285	0.1561
8144	J22	A97	0.3684210526315789	0.0281
8145	J22	A88	0.7340425531914894	0.0006
8146	J22	M07	0.16279069767441862	0.193
8147	J22	K45	0.1792452830188679	0.0895
8148	J22	B23	0.014492753623188406	0.2831
8149	J22	A94	0.37333333333333335	0.0297
8150	J22	K61	0.1	0.2258
8151	J22	J90	0.2112676056338028	0.1516
8152	J22	J10	0.05063291139240506	0.2544
8153	J22	B09	0.7340425531914894	0.0006
8154	J22	J91	0.2112676056338028	0.1516
8155	J22	L55	0.06666666666666667	0.222
8156	J22	A08	0.7340425531914894	0.0006
8157	I21	M10	0.14285714285714285	0.0329
8158	I21	K85	0.13432835820895522	0.0404
8159	I21	D65	0.08	0.1485
8160	I21	J21	0.10909090909090909	0.074
8161	I21	I80	0.06382978723404255	0.2185
8162	I21	C55	0.1774193548387097	0.0143
8163	I21	F39	0.056179775280898875	0.2622
8164	I21	C84	0.06622516556291391	0.2063
8165	I21	I30	0.23404255319148937	0.0037
8166	I21	C91	0.06666666666666667	0.2042
8167	I21	I63	0.16666666666666666	0.0186
8168	I21	C82	0.06802721088435375	0.1976
8169	I21	I40	0.2	0.0474
8170	I21	C65	0.12	0.108
8171	I21	I81	0.030303030303030304	0.2713
8172	I21	A80	0.1276595744680851	0.2184
8173	I21	N35	0.2	0.0444
8174	I21	G51	0.05263157894736842	0.2751
8175	I21	C17	0.12162162162162163	0.1063
8176	I21	H33	0.16363636363636364	0.0327
8177	I21	C45	0.06976744186046512	0.1448
8178	I21	I61	0.05714285714285714	0.0465
8179	I21	J00	0.125	0.1329
8180	I21	M87	0.03571428571428571	0.2436
8181	I21	I85	0.1111111111111111	0.1145
8182	I21	C18	0.11235955056179775	0.1052
8183	I21	C53	0.09090909090909091	0.1005
8184	I21	C15	0.16666666666666666	0.0298
8185	I21	I26	0.0375	0.241
8186	I21	L50	0.09090909090909091	0.1781
8187	I21	I84	0.11538461538461539	0.1577
8188	I21	I49	0.03125	0.2284
8189	I21	M04	0.17857142857142858	0.0114
8190	I21	D68	0.03508771929824561	0.1917
8191	I21	G00	0.030612244897959183	0.2795
8192	I21	J98	0.07647058823529412	0.168
8193	I21	C57	0.10843373493975904	0.105
8194	I21	P84	0.037037037037037035	0.2186
8195	I21	J96	0.07462686567164178	0.0687
8196	I21	P61	0.041666666666666664	0.0108
8197	I21	T78	0.1206896551724138	0.0946
8198	I21	G56	0.15517241379310345	0.0215
8199	I21	O41	0.038461538461538464	0.2694
8200	I21	G52	0.05309734513274336	0.2752
8201	I21	G45	0.2413793103448276	0.0016
8202	I21	P29	0.03773584905660377	0.2807
8203	I21	O15	0.2	0.0206
8204	I21	M75	0.06896551724137931	0.1728
8205	I21	M79	0.05084745762711865	0.2103
8206	I21	F12	0.0410958904109589	0.1815
8207	I21	F98	0.04285714285714286	0.2702
8208	I21	C22	0.0967741935483871	0.2051
8209	I21	O01	0.16666666666666666	0.0891
8210	I21	J30	0.047619047619047616	0.2898
8211	I21	I06	0.10638297872340426	0.0182
8212	I21	M48	0.07575757575757576	0.1485
8213	I21	T88	0.021739130434782608	0.1651
8214	I21	D35	0.13043478260869565	0.0911
8215	I21	Y14	0.125	0.2132
8216	I21	R57	0.11267605633802817	0.299
8217	I21	A26	0.08163265306122448	0.0556
8218	I21	L58	0.08695652173913043	0.1647
8219	I21	B91	0.1276595744680851	0.2184
8220	I46	M10	0.05925925925925926	0.2228
8221	I46	K85	0.07377049180327869	0.1541
8222	I46	J21	0.08411214953271028	0.1184
8223	I46	A59	0.06629834254143646	0.1863
8224	I46	K02	0.07142857142857142	0.1635
8225	I46	A68	0.06451612903225806	0.195
8226	I46	J98	0.057777777777777775	0.2314
8227	I46	A93	0.06451612903225806	0.195
8228	I46	A25	0.06451612903225806	0.195
8229	I46	A01	0.06349206349206349	0.2001
8230	I46	O15	0.07627118644067797	0.1446
8231	I46	I00-I02	0.05128205128205128	0.2729
8232	I46	A96	0.07874015748031496	0.1358
8233	I46	I00	0.05263157894736842	0.2637
8234	I46	I01	0.052980132450331126	0.2614
8235	I46	D35	0.08163265306122448	0.1261
8236	I46	P36	0.09844559585492228	0.0822
8237	I46	S06	0.09032258064516129	0.1011
8238	I46	A97	0.06349206349206349	0.2001
8239	I46	A88	0.06629834254143646	0.1863
8240	I46	A94	0.064	0.1975
8241	I46	B09	0.06629834254143646	0.1863
8242	I46	A08	0.06629834254143646	0.1863
8243	I46	A80	0.09090909090909091	0.0996
8244	I46	K41	0.05442176870748299	0.252
8245	I46	K40	0.05128205128205128	0.2729
8246	I46	J00	0.08547008547008547	0.1144
8247	I46	K42	0.06451612903225806	0.195
8248	I46	I85	0.08490566037735849	0.116
8249	I46	N23	0.06611570247933884	0.1872
8250	I46	L50	0.07627118644067797	0.2354
8251	I46	I84	0.08227848101265822	0.2682
8252	I46	F17	0.03636363636363636	0.2219
8253	I46	T78	0.08108108108108109	0.2056
8254	I46	M27	0.05405405405405406	0.2872
8255	I46	M75	0.06474820143884892	0.1925
8256	I46	K05	0.05405405405405406	0.2787
8257	I46	M43	0.02702702702702703	0.2725
8258	I46	Y14	0.1568627450980392	0.1436
8259	I46	R57	0.16521739130434782	0.17
8260	I46	L58	0.0743801652892562	0.2139
8261	A59	M10	0.12195121951219512	0.2975
8262	A59	M86	0.1588785046728972	0.206
8263	A59	F99	0.044642857142857144	0.2881
8264	A59	G10	0.022900763358778626	0.2869
8265	A59	K41	0.1450381679389313	0.142
8266	A59	K40	0.1357142857142857	0.137
8267	A59	K81	0.20833333333333334	0.146
8268	A59	I61	0.024793388429752067	0.2656
8269	A59	J00	0.0990990990990991	0.2022
8270	A59	K42	0.17592592592592593	0.1455
8271	A59	M41	0.05263157894736842	0.2028
8272	A59	D25	0.08	0.137
8273	A59	N23	0.20388349514563106	0.1137
8274	A59	F50	0.07547169811320754	0.2057
8275	A59	K46	0.1450381679389313	0.142
8276	A59	L70	0.06115107913669065	0.2275
8277	A59	B54	0.1640625	0.088
8278	A59	N40	0.07526881720430108	0.1558
8279	A59	K02	0.15	0.1026
8280	A59	I83	0.04727272727272727	0.2495
8281	A59	A68	0.2828282828282828	0.0699
8282	A59	I84	0.1527777777777778	0.0865
8283	A59	J35	0.08163265306122448	0.2593
8284	A59	Q93	0.018867924528301886	0.2947
8285	A59	C85	0.08247422680412371	0.2513
8286	A59	K12	0.1320754716981132	0.2225
8287	A59	J85	0.059602649006622516	0.2655
8288	A59	K04	0.0672782874617737	0.1068
8289	A59	D26	0.1702127659574468	0.2238
8290	A59	O00	0.19101123595505617	0.0891
8291	A59	C83	0.08333333333333333	0.2398
8292	A59	J98	0.12560386473429952	0.0533
8293	A59	Q54	0.0728476821192053	0.2339
8294	A59	H27	0.08717948717948718	0.1947
8295	A59	J96	0.03389830508474576	0.2977
8296	A59	A63	0.031914893617021274	0.2504
8297	A59	H74	0.16494845360824742	0.2142
8298	A59	A93	0.2828282828282828	0.0699
8299	A59	M81	0.041916167664670656	0.226
8300	A59	N50	0.16417910447761194	0.1025
8301	A59	A25	0.2828282828282828	0.0699
8302	A59	K72	0.2882882882882883	0.0407
8303	A59	M70	0.13541666666666666	0.2999
8304	A59	P22	0.16964285714285715	0.1037
8305	A59	C69	0.07884362680683311	0.2405
8306	A59	B53	0.1111111111111111	0.1639
8307	A59	A01	0.27722772277227725	0.068
8308	A59	O15	0.07017543859649122	0.2574
8309	A59	M14	0.11864406779661017	0.2622
8310	A59	F41	0.06382978723404255	0.2592
8311	A59	B52	0.1111111111111111	0.1639
8312	A59	C75	0.07822685788787484	0.2415
8313	A59	I00-I02	0.21374045801526717	0.0516
8314	A59	C41	0.07905138339920949	0.2391
8315	A59	C64	0.1031390134529148	0.0851
8316	A59	M71	0.13541666666666666	0.2999
8317	A59	F81	0.06395348837209303	0.111
8318	A59	J09	0.057692307692307696	0.2093
8319	A59	C76	0.07802340702210664	0.2447
8320	A59	M48	0.1	0.0804
8321	A59	J11	0.05813953488372093	0.2061
8322	A59	M19	0.08376963350785341	0.1935
8323	A59	L57	0.07975460122699386	0.22
8324	A59	N84	0.1702127659574468	0.2238
8325	A59	A96	0.2692307692307692	0.0634
8326	A59	I00	0.2204724409448819	0.0628
8327	A59	I01	0.2222222222222222	0.0618
8328	A59	D35	0.16666666666666666	0.0467
8329	A59	T37	0.1111111111111111	0.1639
8330	A59	Y14	0.1188118811881188	0.2302
8331	A59	T30	0.16129032258064516	0.1137
8332	A59	P36	0.16292134831460675	0.0976
8333	A59	T09	0.09285714285714286	0.2303
8334	A59	S06	0.45132743362831856	0.0124
8335	A59	R57	0.1834862385321101	0.1397
8336	A59	F02	0.17	0.2125
8337	A59	G20+	0.17894736842105263	0.2549
8338	A59	A97	0.27722772277227725	0.0683
8339	A59	A88	1.0	0.0
8340	A59	M07	0.12612612612612611	0.2798
8341	A59	K45	0.1450381679389313	0.142
8342	A59	A94	0.28	0.0718
8343	A59	J90	0.15625	0.248
8344	A59	J10	0.05791505791505792	0.2088
8345	A59	B09	1.0	0.0
8346	A59	J91	0.15625	0.248
8347	A59	L55	0.05789473684210526	0.2707
8348	A59	E35	0.056338028169014086	0.2818
8349	A59	A08	1.0	0.0
8350	N46	I63	0.02040816326530612	0.2608
8351	N46	L25	0.0196078431372549	0.275
8352	N46	C95	0.022123893805309734	0.2328
8353	N46	K12	0.01904761904761905	0.2853
8354	N46	J98	0.018518518518518517	0.2955
8355	N46	C44	0.029411764705882353	0.1435
8356	N46	G45	0.018691588785046728	0.2921
8357	N46	O15	0.0380952380952381	0.0805
8358	N46	G95	0.020833333333333332	0.2535
8359	N46	N98	0.046511627906976744	0.0459
8360	N46	J41	0.019230769230769232	0.2819
8361	N46	D25	0.030456852791878174	0.1339
8362	N46	N97	0.08620689655172414	0.0031
8363	N46	F52	0.03333333333333333	0.1106
8364	N46	O00	0.020512820512820513	0.259
8365	N46	Q54	0.02054794520547945	0.2584
8366	N46	N50	0.02877697841726619	0.1497
8367	N46	N94	0.023809523809523808	0.2082
8368	N46	E35	0.04744525547445255	0.0431
8369	N46	C45	0.029411764705882353	0.1435
8370	N46	Q56	0.021505376344086023	0.2425
8371	N46	E28	0.047619047619047616	0.0426
8372	N46	L03	0.012048192771084338	0.0227
8373	N46	H49	0.0234375	0.1307
8374	N46	Q51	0.02631578947368421	0.2162
8375	A68	M10	0.14925373134328357	0.2463
8376	A68	K02	0.2	0.1527
8377	A68	F99	0.048484848484848485	0.2588
8378	A68	G10	0.028169014084507043	0.215
8379	A68	K41	0.1125	0.2202
8380	A68	K40	0.10112359550561797	0.2277
8381	A68	J00	0.12962962962962962	0.1233
8382	A68	K42	0.15789473684210525	0.1773
8383	A68	K46	0.1125	0.2202
8384	A68	J35	0.0975609756097561	0.1991
8385	A68	Q93	0.044444444444444446	0.0555
8386	A68	K76	0.045454545454545456	0.2627
8387	A68	J85	0.07608695652173914	0.1838
8388	A68	D26	0.48484848484848486	0.0136
8389	A68	O00	0.13533834586466165	0.1806
8390	A68	G00	0.046511627906976744	0.1435
8391	A68	J98	0.06172839506172839	0.2371
8392	A68	G03	0.05405405405405406	0.2747
8393	A68	R41	0.20588235294117646	0.045
8394	A68	H27	0.12686567164179105	0.0921
8395	A68	F11	0.03636363636363636	0.2588
8396	A68	H74	0.4444444444444444	0.0153
8397	A68	A93	1.0	0.0001
8398	A68	M81	0.03669724770642202	0.272
8399	A68	N50	0.21794871794871795	0.0484
8400	A68	A25	1.0	0.0001
8401	A68	K72	0.28125	0.044
8402	A68	P22	0.2962962962962963	0.0189
8403	A68	N83	0.027777777777777776	0.1698
8404	A68	A01	0.9428571428571428	0.0001
8405	A68	N34	0.20588235294117646	0.0462
8406	A68	O15	0.07017543859649122	0.2574
8407	A68	F41	0.09876543209876543	0.1233
8408	A68	F09	0.04201680672268908	0.2235
8409	A68	I00-I02	0.5076923076923077	0.0008
8410	A68	F12	0.04838709677419355	0.1339
8411	A68	C64	0.10119047619047619	0.0891
8412	A68	M48	0.05263157894736842	0.2661
8413	A68	T88	0.02857142857142857	0.0928
8414	A68	N84	0.48484848484848486	0.0136
8415	A68	A96	0.868421052631579	0.0001
8416	A68	I00	0.5409836065573771	0.0011
8417	A68	I01	0.55	0.001
8418	A68	D35	0.09411764705882353	0.1777
8419	A68	N98	0.05	0.2646
8420	A68	Y14	0.15555555555555556	0.146
8421	A68	P36	0.15873015873015872	0.1036
8422	A68	S06	0.33766233766233766	0.0376
8423	A68	R57	0.3076923076923077	0.0366
8424	A68	A97	0.9428571428571428	0.0001
8425	A68	A88	0.2828282828282828	0.0598
8426	A68	K45	0.1125	0.2202
8427	A68	A94	0.9705882352941176	0.0001
8428	A68	K61	0.20588235294117646	0.0462
8429	A68	B09	0.2828282828282828	0.0598
8430	A68	A08	0.2828282828282828	0.0598
8431	Q93	A93	0.044444444444444446	0.0555
8432	Q93	A25	0.044444444444444446	0.0555
8433	Q93	A01	0.0425531914893617	0.0628
8434	Q93	I00-I02	0.025974025974025976	0.1856
8435	Q93	A96	0.04	0.0743
8436	Q93	I00	0.0273972602739726	0.1692
8437	Q93	I01	0.027777777777777776	0.165
8438	Q93	S06	0.024390243902439025	0.2058
8439	Q93	A97	0.0425531914893617	0.0628
8440	Q93	A88	0.018867924528301886	0.2947
8441	Q93	A94	0.043478260869565216	0.0591
8442	Q93	B09	0.018867924528301886	0.2947
8443	Q93	A08	0.018867924528301886	0.2947
8444	Q93	F99	0.03355704697986577	0.1132
8445	Q93	D26	0.07142857142857142	0.0094
8446	Q93	R41	0.047619047619047616	0.0451
8447	Q93	H74	0.06451612903225806	0.0148
8448	Q93	N50	0.02702702702702703	0.1733
8449	Q93	K72	0.03278688524590164	0.119
8450	Q93	P22	0.04081632653061224	0.0704
8451	Q93	N34	0.047619047619047616	0.0451
8452	Q93	F41	0.029411764705882353	0.1484
8453	Q93	F81	0.019801980198019802	0.2774
8454	Q93	N84	0.07142857142857142	0.0094
8455	Q93	R57	0.0425531914893617	0.0628
8456	Q93	K61	0.047619047619047616	0.0451
8457	Q93	L82	0.03571428571428571	0.0983
8458	Q93	E70	0.03225806451612903	0.1232
8459	Q93	D04	0.05555555555555555	0.0267
8460	Q93	F84	0.025157232704402517	0.1958
8461	Q93	Q31	0.045454545454545456	0.0259
8462	Q93	Q42	0.03571428571428571	0.0426
8463	Q93	T57	0.037037037037037035	0.0935
8464	Q61	B67	0.034482758620689655	0.1252
8465	Q61	D83	0.020833333333333332	0.2864
8466	Q61	Q45	0.02112676056338028	0.2814
8467	Q61	P56	0.03496503496503497	0.1216
8468	Q61	Q77	0.024096385542168676	0.1649
8469	D26	K02	0.23333333333333334	0.1281
8470	D26	A93	0.48484848484848486	0.0136
8471	D26	A25	0.48484848484848486	0.0136
8472	D26	A01	0.45714285714285713	0.0175
8473	D26	I00-I02	0.24615384615384617	0.1143
8474	D26	A96	0.42105263157894735	0.0241
8475	D26	I00	0.26229508196721313	0.0991
8476	D26	I01	0.26666666666666666	0.0953
8477	D26	P36	0.1415929203539823	0.2881
8478	D26	S06	0.22857142857142856	0.1336
8479	D26	A97	0.45714285714285713	0.0175
8480	D26	A88	0.1702127659574468	0.2238
8481	D26	A94	0.47058823529411764	0.0155
8482	D26	B09	0.1702127659574468	0.2238
8483	D26	A08	0.1702127659574468	0.2238
8484	D26	K42	0.16666666666666666	0.2309
8485	D26	O00	0.13559322033898305	0.18
8486	D26	Q42	0.03333333333333333	0.0527
8487	D26	R41	0.4117647058823529	0.0019
8488	D26	H27	0.13559322033898305	0.0781
8489	D26	H74	0.8421052631578947	0.0003
8490	D26	N50	0.25806451612903225	0.0276
8491	D26	K72	0.32653061224489793	0.0265
8492	D26	P22	0.43243243243243246	0.003
8493	D26	N34	0.4117647058823529	0.002
8494	D26	F41	0.1076923076923077	0.1019
8495	D26	F09	0.038834951456310676	0.2505
8496	D26	C64	0.10526315789473684	0.0809
8497	D26	N84	1.0	0.0001
8498	D26	Y14	0.25	0.0451
8499	D26	R57	0.45714285714285713	0.0072
8500	D26	K45	0.1076923076923077	0.235
8501	D26	K61	0.4117647058823529	0.002
8502	O00	L70	0.2608695652173913	0.0367
8503	O00	K12	0.13385826771653545	0.184
8504	O00	A93	0.13533834586466165	0.1806
8505	O00	A25	0.13533834586466165	0.1806
8506	O00	M70	0.10833333333333334	0.2542
8507	O00	A01	0.13333333333333333	0.1852
8508	O00	O15	0.09774436090225563	0.2907
8509	O00	I00-I02	0.11585365853658537	0.2311
8510	O00	L73	0.32298136645962733	0.0166
8511	O00	M71	0.10833333333333334	0.2542
8512	O00	A96	0.13043478260869565	0.1921
8513	O00	I00	0.11875	0.2228
8514	O00	I01	0.1125	0.2411
8515	O00	P36	0.5503355704697986	0.0009
8516	O00	S06	0.2789115646258503	0.0292
8517	O00	A97	0.13333333333333333	0.1852
8518	O00	A88	0.19101123595505617	0.0891
8519	O00	A94	0.14285714285714285	0.1641
8520	O00	B09	0.19101123595505617	0.0891
8521	O00	A08	0.19101123595505617	0.0891
8522	O00	K37	0.12	0.2193
8523	O00	K35	0.12096774193548387	0.2166
8524	O00	K41	0.12258064516129032	0.2122
8525	O00	K40	0.11585365853658537	0.2311
8526	O00	K81	0.1111111111111111	0.2454
8527	O00	K42	0.14393939393939395	0.1619
8528	O00	N23	0.12121212121212122	0.2159
8529	O00	K46	0.12258064516129032	0.2122
8530	O00	I84	0.1242603550295858	0.2078
8531	O00	K70	0.41304347826086957	0.0016
8532	O00	E51	0.4146341463414634	0.0264
8533	O00	L83	0.4112903225806452	0.0276
8534	O00	G31	0.1116751269035533	0.0811
8535	O00	G71	0.19548872180451127	0.0422
8536	O00	K13	0.416	0.011
8537	O00	R73	0.42063492063492064	0.0136
8538	O00	Q54	0.06285714285714286	0.2857
8539	O00	H27	0.07272727272727272	0.2556
8540	O00	J96	0.057971014492753624	0.1253
8541	O00	H74	0.1322314049586777	0.2911
8542	O00	O24	0.22317596566523606	0.0288
8543	O00	N50	0.0975609756097561	0.2589
8544	O00	T78	0.06923076923076923	0.2593
8545	O00	G57	0.059322033898305086	0.1856
8546	O00	K72	0.12837837837837837	0.2415
8547	O00	P22	0.15671641791044777	0.1234
8548	O00	N83	0.025806451612903226	0.1927
8549	O00	N91	0.408	0.0195
8550	O00	M75	0.07051282051282051	0.1661
8551	O00	M14	0.2	0.1044
8552	O00	F09	0.034653465346534656	0.2908
8553	O00	F12	0.034482758620689655	0.239
8554	O00	C64	0.06719367588932806	0.2013
8555	O00	E87	0.014084507042253521	0.2397
8556	O00	Y14	0.16101694915254236	0.1364
8557	O00	T09	0.09259259259259259	0.2313
8558	O00	R57	0.2047244094488189	0.1111
8559	O00	M07	0.21138211382113822	0.118
8560	O00	K45	0.12258064516129032	0.1922
8561	O00	L58	0.07194244604316546	0.225
8562	J98	C62	0.07859531772575251	0.1599
8563	J98	C71	0.07820299500831947	0.1614
8564	J98	M10	0.12269938650306748	0.057
8565	J98	C08	0.07525083612040134	0.1729
8566	J98	C25	0.07525083612040134	0.1729
8567	J98	C00	0.0548885077186964	0.2782
8568	J98	C67	0.08360655737704918	0.1422
8569	J98	C09	0.07525083612040134	0.1729
8570	J98	C60	0.07525083612040134	0.1729
8571	J98	C55	0.07692307692307693	0.1663
8572	J98	C32	0.07807308970099668	0.1619
8573	J98	C50	0.0784313725490196	0.1605
8574	J98	C61	0.07655502392344497	0.1677
8575	J98	C10	0.075	0.1739
8576	J98	C51	0.07653910149750416	0.1678
8577	J98	C49	0.07792207792207792	0.1624
8578	J98	C84	0.07112970711297072	0.1904
8579	J98	C66	0.07525083612040134	0.1729
8580	J98	C73	0.0743801652892562	0.1765
8581	J98	C37	0.07525083612040134	0.1729
8582	J98	I30	0.0851063829787234	0.1373
8583	J98	C23	0.07590759075907591	0.1703
8584	J98	C56	0.07855973813420622	0.16
8585	J98	C74	0.06389452332657201	0.2254
8586	J98	C91	0.07174887892376682	0.1876
8587	J98	C04	0.07807308970099668	0.1619
8588	J98	C82	0.06779661016949153	0.2058
8589	J98	C54	0.0757825370675453	0.1708
8590	J98	C53	0.1092896174863388	0.078
8591	J98	C16	0.08576051779935275	0.1353
8592	J98	C11	0.07487520798668885	0.1744
8593	J98	K02	0.1111111111111111	0.0748
8594	J98	J84	0.14285714285714285	0.0356
8595	J98	M04	0.07333333333333333	0.1808
8596	J98	C85	0.07142857142857142	0.189
8597	J98	C83	0.07258064516129033	0.184
8598	J98	C65	0.08484848484848485	0.2079
8599	J98	F99	0.0449438202247191	0.2857
8600	J98	C17	0.08536585365853659	0.208
8601	J98	H33	0.07432432432432433	0.2129
8602	J98	K44	0.03669724770642202	0.1648
8603	J98	C45	0.08878504672897196	0.0852
8604	J98	D27	0.027586206896551724	0.2785
8605	J98	C18	0.07777777777777778	0.2109
8606	J98	J47	0.029411764705882353	0.1735
8607	J98	C15	0.07482993197278912	0.2086
8608	J98	B27	0.029411764705882353	0.2384
8609	J98	I84	0.08205128205128205	0.2692
8610	J98	J85	0.4748201438848921	0.0
8611	J98	Q85	0.05844155844155844	0.0669
8612	J98	K83	0.06878306878306878	0.1972
8613	J98	Q28	0.02027027027027027	0.1945
8614	J98	N32	0.047619047619047616	0.1929
8615	J98	C57	0.0935672514619883	0.1432
8616	J98	P24	0.024539877300613498	0.1642
8617	J98	P84	0.03424657534246575	0.2453
8618	J98	J96	0.04375	0.2091
8619	J98	G56	0.0728476821192053	0.1666
8620	J98	C44	0.06451612903225806	0.1129
8621	J98	K72	0.11904761904761904	0.2679
8622	J98	P22	0.1282051282051282	0.1807
8623	J98	N83	0.022727272727272728	0.2348
8624	J98	G45	0.07741935483870968	0.1283
8625	J98	F12	0.03636363636363636	0.221
8626	J98	K73	0.0223463687150838	0.2348
8627	J98	C96	0.025157232704402517	0.2491
8628	J98	C64	0.05434782608695652	0.2736
8629	J98	C22	0.11594202898550725	0.1497
8630	J98	C90	0.09523809523809523	0.0911
8631	J98	F81	0.045871559633027525	0.207
8632	J98	D07	0.07262569832402235	0.281
8633	J98	D02	0.0718232044198895	0.2804
8634	J98	M48	0.07096774193548387	0.1675
8635	J98	K92	0.06766917293233082	0.1919
8636	J98	D00	0.07262569832402235	0.281
8637	J98	D01	0.0718232044198895	0.2837
8638	J98	C14	0.10596026490066225	0.0204
8639	J98	D44	0.03389830508474576	0.2145
8640	J98	J70	0.0625	0.0955
8641	J98	D35	0.31788079470198677	0.0028
8642	J98	C47	0.04216867469879518	0.2209
8643	J98	L27	0.06481481481481481	0.1156
8644	J98	J68	0.0625	0.0955
8645	J98	A88	0.12560386473429952	0.2869
8646	J98	B09	0.12560386473429952	0.2869
8647	J98	A08	0.12560386473429952	0.2869
8648	R41	M10	0.15555555555555556	0.0964
8649	R41	K02	0.3181818181818182	0.0081
8650	R41	A93	0.20588235294117646	0.045
8651	R41	A25	0.20588235294117646	0.045
8652	R41	A01	0.19444444444444445	0.0535
8653	R41	I00-I02	0.10606060606060606	0.2035
8654	R41	A96	0.1794871794871795	0.0671
8655	R41	I00	0.11290322580645161	0.1835
8656	R41	I01	0.11475409836065574	0.1785
8657	R41	D35	0.11475409836065574	0.1785
8658	R41	S06	0.11428571428571428	0.1798
8659	R41	A97	0.19444444444444445	0.0535
8660	R41	A94	0.2	0.0492
8661	R41	K41	0.12280701754385964	0.1581
8662	R41	K40	0.10606060606060606	0.2035
8663	R41	K42	0.20588235294117646	0.045
8664	R41	K46	0.12280701754385964	0.1581
8665	R41	J85	0.1044776119402985	0.2084
8666	R41	B82	0.09090909090909091	0.2839
8667	R41	A18	0.09090909090909091	0.154
8668	R41	N73	0.09090909090909091	0.154
8669	R41	Q42	0.045454545454545456	0.0178
8670	R41	H74	0.35	0.0375
8671	R41	N50	0.1111111111111111	0.2145
8672	R41	G57	0.07142857142857142	0.1313
8673	R41	K72	0.14	0.2123
8674	R41	P22	0.18421052631578946	0.0853
8675	R41	N34	0.7777777777777778	0.0
8676	R41	F41	0.12280701754385964	0.0738
8677	R41	N84	0.4117647058823529	0.0262
8678	R41	Y14	0.42105263157894735	0.0053
8679	R41	R57	0.19444444444444445	0.1241
8680	R41	K45	0.12280701754385964	0.1917
8681	R41	F28	0.09090909090909091	0.2981
8682	R41	K61	0.7777777777777778	0.0
8683	H27	A93	0.12686567164179105	0.0921
8684	H27	A25	0.12686567164179105	0.0921
8685	H27	A01	0.125	0.0954
8686	H27	I00-I02	0.10240963855421686	0.1461
8687	H27	A96	0.1223021582733813	0.1004
8688	H27	I00	0.10493827160493827	0.1393
8689	H27	I01	0.10559006211180125	0.1376
8690	H27	P36	0.07441860465116279	0.2476
8691	H27	S06	0.09941520467836257	0.1546
8692	H27	A97	0.125	0.0954
8693	H27	A88	0.08717948717948718	0.1947
8694	H27	A94	0.1259259259259259	0.0937
8695	H27	B09	0.08717948717948718	0.1947
8696	H27	A08	0.08717948717948718	0.1947
8697	H27	G98	0.06945298094652735	0.2719
8698	H27	H25	0.678082191780822	0.0
8699	H27	Q14	0.049586776859504134	0.1106
8700	H27	Q11	0.05938242280285035	0.1095
8701	H27	H74	0.1322314049586777	0.2911
8702	H27	N50	0.10429447852760736	0.2358
8703	H27	K72	0.11333333333333333	0.2854
8704	H27	P22	0.11510791366906475	0.2153
8705	H27	N83	0.019230769230769232	0.2937
8706	H27	C64	0.06719367588932806	0.2013
8707	H27	R57	0.11678832116788321	0.2861
8708	H74	K02	0.21212121212121213	0.1376
8709	H74	A93	0.4444444444444444	0.0153
8710	H74	A25	0.4444444444444444	0.0153
8711	H74	A01	0.42105263157894735	0.0191
8712	H74	I00-I02	0.23529411764705882	0.1106
8713	H74	A96	0.3902439024390244	0.0256
8714	H74	I00	0.25	0.0963
8715	H74	I01	0.25396825396825395	0.0928
8716	H74	P36	0.13793103448275862	0.276
8717	H74	S06	0.2191780821917808	0.1288
8718	H74	A97	0.42105263157894735	0.0191
8719	H74	A88	0.16494845360824742	0.2142
8720	H74	A94	0.43243243243243246	0.0171
8721	H74	B09	0.16494845360824742	0.2142
8722	H74	A08	0.16494845360824742	0.2142
8723	H74	K42	0.15555555555555556	0.234
8724	H74	N50	0.24615384615384617	0.0326
8725	H74	K72	0.3076923076923077	0.0328
8726	H74	P22	0.4	0.0046
8727	H74	N34	0.35	0.0052
8728	H74	F41	0.10294117647058823	0.1128
8729	H74	F09	0.03773584905660377	0.2605
8730	H74	C64	0.1032258064516129	0.0849
8731	H74	N84	0.8421052631578947	0.0005
8732	H74	Y14	0.22580645161290322	0.0609
8733	H74	R57	0.42105263157894735	0.0107
8734	H74	K45	0.10294117647058823	0.2505
8735	H74	K61	0.35	0.0052
8736	A93	M10	0.14925373134328357	0.2463
8737	A93	K02	0.2	0.1527
8738	A93	F99	0.048484848484848485	0.2588
8739	A93	G10	0.028169014084507043	0.215
8740	A93	K41	0.1125	0.2202
8741	A93	K40	0.10112359550561797	0.2277
8742	A93	J00	0.12962962962962962	0.1233
8743	A93	K42	0.15789473684210525	0.1773
8744	A93	K46	0.1125	0.2202
8745	A93	J85	0.07608695652173914	0.1838
8746	A93	G00	0.046511627906976744	0.1435
8747	A93	F11	0.03636363636363636	0.2588
8748	A93	M81	0.03669724770642202	0.272
8749	A93	N50	0.21794871794871795	0.0484
8750	A93	A25	1.0	0.0001
8751	A93	K72	0.28125	0.044
8752	A93	P22	0.2962962962962963	0.0189
8753	A93	N83	0.027777777777777776	0.1698
8754	A93	A01	0.9428571428571428	0.0001
8755	A93	N34	0.20588235294117646	0.0462
8756	A93	O15	0.07017543859649122	0.2574
8757	A93	F41	0.09876543209876543	0.1233
8758	A93	F09	0.04201680672268908	0.2235
8759	A93	I00-I02	0.5076923076923077	0.0008
8760	A93	F12	0.04838709677419355	0.1339
8761	A93	C64	0.10119047619047619	0.0891
8762	A93	M48	0.05263157894736842	0.2661
8763	A93	T88	0.02857142857142857	0.0928
8764	A93	N84	0.48484848484848486	0.0136
8765	A93	A96	0.868421052631579	0.0001
8766	A93	I00	0.5409836065573771	0.0011
8767	A93	I01	0.55	0.001
8768	A93	D35	0.09411764705882353	0.1777
8769	A93	N98	0.05	0.2646
8770	A93	Y14	0.15555555555555556	0.146
8771	A93	P36	0.15873015873015872	0.1036
8772	A93	S06	0.33766233766233766	0.0376
8773	A93	R57	0.3076923076923077	0.0366
8774	A93	A97	0.9428571428571428	0.0001
8775	A93	A88	0.2828282828282828	0.0598
8776	A93	K45	0.1125	0.2202
8777	A93	A94	0.9705882352941176	0.0001
8778	A93	K61	0.20588235294117646	0.0462
8779	A93	B09	0.2828282828282828	0.0598
8780	A93	A08	0.2828282828282828	0.0598
8781	N50	C61	0.10740740740740741	0.2258
8782	N50	K02	0.09210526315789473	0.2793
8783	N50	C63	0.10964083175803403	0.2189
8784	N50	A25	0.21794871794871795	0.0484
8785	N50	A01	0.2125	0.0522
8786	N50	I00-I02	0.1651376146788991	0.1011
8787	N50	A96	0.20481927710843373	0.0581
8788	N50	I00	0.17142857142857143	0.0926
8789	N50	I01	0.17307692307692307	0.0905
8790	N50	P36	0.10062893081761007	0.2481
8791	N50	S06	0.2222222222222222	0.0456
8792	N50	A97	0.2125	0.0522
8793	N50	A88	0.16417910447761194	0.1025
8794	N50	A94	0.21518987341772153	0.0503
8795	N50	B09	0.16417910447761194	0.1025
8796	N50	A08	0.16417910447761194	0.1025
8797	N50	N42	0.3103448275862069	0.0132
8798	N50	K44	0.034722222222222224	0.1817
8799	N50	M83	0.03076923076923077	0.0904
8800	N50	D27	0.02857142857142857	0.266
8801	N50	Q42	0.04054054054054054	0.0276
8802	N50	K31	0.015873015873015872	0.2358
8803	N50	K72	0.24719101123595505	0.0644
8804	N50	P22	0.1927710843373494	0.076
8805	N50	N34	0.1111111111111111	0.1913
8806	N50	F41	0.06306306306306306	0.2635
8807	N50	K73	0.019230769230769232	0.2876
8808	N50	Q75	0.019417475728155338	0.2473
8809	N50	C64	0.13829787234042554	0.0366
8810	N50	N84	0.25806451612903225	0.1029
8811	N50	C97	0.028985507246376812	0.1212
8812	N50	R57	0.19753086419753085	0.1201
8813	N50	K61	0.1111111111111111	0.1913
8814	A25	M10	0.14925373134328357	0.2463
8815	A25	K02	0.2	0.1527
8816	A25	F99	0.048484848484848485	0.2588
8817	A25	G10	0.028169014084507043	0.215
8818	A25	K41	0.1125	0.2202
8819	A25	K40	0.10112359550561797	0.2277
8820	A25	J00	0.12962962962962962	0.1233
8821	A25	K42	0.15789473684210525	0.1773
8822	A25	K46	0.1125	0.2202
8823	A25	J85	0.07608695652173914	0.1838
8824	A25	G00	0.046511627906976744	0.1435
8825	A25	F11	0.03636363636363636	0.2588
8826	A25	K72	0.28125	0.044
8827	A25	P22	0.2962962962962963	0.0189
8828	A25	N83	0.027777777777777776	0.1698
8829	A25	A01	0.9428571428571428	0.0001
8830	A25	N34	0.20588235294117646	0.0462
8831	A25	O15	0.07017543859649122	0.2574
8832	A25	F41	0.09876543209876543	0.1233
8833	A25	F09	0.04201680672268908	0.2235
8834	A25	I00-I02	0.5076923076923077	0.0008
8835	A25	F12	0.04838709677419355	0.1339
8836	A25	C64	0.10119047619047619	0.0891
8837	A25	M48	0.05263157894736842	0.2661
8838	A25	T88	0.02857142857142857	0.0928
8839	A25	N84	0.48484848484848486	0.0136
8840	A25	A96	0.868421052631579	0.0001
8841	A25	I00	0.5409836065573771	0.0011
8842	A25	I01	0.55	0.001
8843	A25	D35	0.09411764705882353	0.1777
8844	A25	N98	0.05	0.2646
8845	A25	Y14	0.15555555555555556	0.146
8846	A25	P36	0.15873015873015872	0.1036
8847	A25	S06	0.33766233766233766	0.0376
8848	A25	R57	0.3076923076923077	0.0366
8849	A25	A97	0.9428571428571428	0.0001
8850	A25	A88	0.2828282828282828	0.0598
8851	A25	K45	0.1125	0.2202
8852	A25	A94	0.9705882352941176	0.0001
8853	A25	K61	0.20588235294117646	0.0462
8854	A25	B09	0.2828282828282828	0.0598
8855	A25	A08	0.2828282828282828	0.0598
8856	K72	K02	0.25	0.0624
8857	K72	A01	0.2727272727272727	0.0484
8858	K72	I00-I02	0.2	0.109
8859	K72	A96	0.2608695652173913	0.0553
8860	K72	I00	0.1956521739130435	0.1144
8861	K72	I01	0.1978021978021978	0.1117
8862	K72	D35	0.2111111111111111	0.0963
8863	K72	P36	0.13286713286713286	0.2298
8864	K72	S06	0.367816091954023	0.0167
8865	K72	A97	0.2727272727272727	0.0484
8866	K72	A88	0.2882882882882883	0.0407
8867	K72	A94	0.27692307692307694	0.0462
8868	K72	B09	0.2882882882882883	0.0407
8869	K72	A08	0.2882882882882883	0.0407
8870	K72	K81	0.16393442622950818	0.1627
8871	K72	F50	0.11290322580645161	0.2868
8872	K72	P22	0.22857142857142856	0.047
8873	K72	N34	0.14	0.1242
8874	K72	F41	0.08247422680412371	0.1744
8875	K72	F09	0.037037037037037035	0.2671
8876	K72	C64	0.12290502793296089	0.0529
8877	K72	F81	0.05343511450381679	0.1595
8878	K72	M48	0.10144927536231885	0.0775
8879	K72	N84	0.32653061224489793	0.056
8880	K72	Y14	0.1724137931034483	0.1184
8881	K72	R57	0.2923076923076923	0.0432
8882	K72	K61	0.14	0.1242
8883	P22	M10	0.1095890410958904	0.2318
8884	P22	K02	0.16	0.118
8885	P22	A01	0.2857142857142857	0.0218
8886	P22	I00-I02	0.2	0.069
8887	P22	A96	0.2711864406779661	0.0265
8888	P22	I00	0.20987654320987653	0.0604
8889	P22	I01	0.19753086419753085	0.0713
8890	P22	D35	0.1411764705882353	0.1519
8891	P22	P36	0.16279069767441862	0.1137
8892	P22	S06	0.18888888888888888	0.0801
8893	P22	A97	0.2857142857142857	0.0218
8894	P22	A88	0.16964285714285715	0.1037
8895	P22	A94	0.3148148148148148	0.0147
8896	P22	B09	0.16964285714285715	0.1037
8897	P22	A08	0.16964285714285715	0.1037
8898	P22	K42	0.1111111111111111	0.2272
8899	P22	J85	0.13186813186813187	0.1721
8900	P22	F43	0.02564102564102564	0.201
8901	P22	K44	0.024793388429752067	0.2962
8902	P22	P24	0.031746031746031744	0.096
8903	P22	J96	0.08333333333333333	0.0502
8904	P22	O41	0.044444444444444446	0.2191
8905	P22	P29	0.043478260869565216	0.2301
8906	P22	N34	0.21621621621621623	0.0395
8907	P22	F41	0.08139534883720931	0.1785
8908	P22	K73	0.02531645569620253	0.1935
8909	P22	C64	0.09248554913294797	0.1098
8910	P22	N84	0.43243243243243246	0.0218
8911	P22	Y14	0.14285714285714285	0.1709
8912	P22	R57	0.3090909090909091	0.036
8913	P22	K61	0.21621621621621623	0.0395
8914	A01	M10	0.14492753623188406	0.2461
8915	A01	K02	0.19148936170212766	0.1566
8916	A01	F99	0.04790419161676647	0.263
8917	A01	G10	0.0273972602739726	0.2243
8918	A01	K41	0.10975609756097561	0.2285
8919	A01	K40	0.0989010989010989	0.2352
8920	A01	J00	0.125	0.1329
8921	A01	K42	0.15254237288135594	0.1881
8922	A01	K46	0.10975609756097561	0.2285
8923	A01	J85	0.07446808510638298	0.1905
8924	A01	G00	0.045454545454545456	0.15
8925	A01	F11	0.03508771929824561	0.2714
8926	A01	N83	0.02702702702702703	0.1782
8927	A01	N34	0.19444444444444445	0.0549
8928	A01	O15	0.06779661016949153	0.2695
8929	A01	F41	0.0963855421686747	0.1297
8930	A01	F09	0.04132231404958678	0.2292
8931	A01	I00-I02	0.4925373134328358	0.001
8932	A01	F12	0.046875	0.1427
8933	A01	C64	0.1	0.0917
8934	A01	M48	0.05084745762711865	0.2783
8935	A01	T88	0.02702702702702703	0.1058
8936	A01	N84	0.45714285714285713	0.0175
8937	A01	A96	0.825	0.0002
8938	A01	I00	0.5238095238095238	0.0013
8939	A01	I01	0.532258064516129	0.0012
8940	A01	D35	0.09195402298850575	0.1849
8941	A01	N98	0.047619047619047616	0.2819
8942	A01	Y14	0.14893617021276595	0.1585
8943	A01	P36	0.15625	0.1074
8944	A01	S06	0.3291139240506329	0.0409
8945	A01	R57	0.2962962962962963	0.0414
8946	A01	A97	0.8918918918918919	0.0002
8947	A01	A88	0.27722772277227725	0.0633
8948	A01	K45	0.10975609756097561	0.2285
8949	A01	A94	0.9166666666666666	0.0002
8950	A01	K61	0.19444444444444445	0.0549
8951	A01	B09	0.27722772277227725	0.0633
8952	A01	A08	0.27722772277227725	0.0633
8953	N34	M10	0.15555555555555556	0.0984
8954	N34	K02	0.38095238095238093	0.0033
8955	N34	I00-I02	0.12307692307692308	0.16
8956	N34	A96	0.1794871794871795	0.0687
8957	N34	I00	0.13114754098360656	0.1418
8958	N34	I01	0.11475409836065574	0.1812
8959	N34	D35	0.13333333333333333	0.1372
8960	N34	S06	0.11428571428571428	0.1824
8961	N34	A97	0.19444444444444445	0.0549
8962	N34	A94	0.23529411764705882	0.0297
8963	N34	K41	0.12280701754385964	0.1606
8964	N34	K40	0.10606060606060606	0.2063
8965	N34	K42	0.20588235294117646	0.0462
8966	N34	K46	0.12280701754385964	0.1606
8967	N34	J85	0.12121212121212122	0.1645
8968	N34	F43	0.1	0.0017
8969	N34	Q42	0.045454545454545456	0.0178
8970	N34	F41	0.12280701754385964	0.0738
8971	N34	M79	0.04	0.2935
8972	N34	M43	0.045454545454545456	0.111
8973	N34	N84	0.4117647058823529	0.0262
8974	N34	Y14	0.35	0.0129
8975	N34	R57	0.19444444444444445	0.1241
8976	N34	K45	0.12280701754385964	0.1917
8977	N34	K61	1.0	0.0
8978	F41	M10	0.08695652173913043	0.1585
8979	F41	F39	0.08163265306122448	0.1776
8980	F41	K02	0.11594202898550725	0.0855
8981	F41	I00-I02	0.07079646017699115	0.2236
8982	F41	A96	0.09302325581395349	0.1393
8983	F41	I00	0.07339449541284404	0.2115
8984	F41	I01	0.07407407407407407	0.2085
8985	F41	D35	0.06422018348623854	0.2571
8986	F41	S06	0.07692307692307693	0.1963
8987	F41	A97	0.0963855421686747	0.1297
8988	F41	A88	0.06382978723404255	0.2592
8989	F41	A94	0.0975609756097561	0.1265
8990	F41	B09	0.06382978723404255	0.2592
8991	F41	A08	0.06382978723404255	0.2592
8992	F41	K30	0.11594202898550725	0.0855
8993	F41	K41	0.06666666666666667	0.244
8994	F41	K40	0.06140350877192982	0.2729
8995	F41	K42	0.08536585365853659	0.164
8996	F41	F50	0.08571428571428572	0.1628
8997	F41	K46	0.06666666666666667	0.244
8998	F41	F52	0.0625	0.2666
8999	F41	J85	0.06086956521739131	0.276
9000	F41	M79	0.08823529411764706	0.0664
9001	F41	F09	0.0425531914893617	0.2193
9002	F41	F12	0.047619047619047616	0.1383
9003	F41	F98	0.0625	0.1478
9004	F41	Y14	0.10294117647058823	0.2802
9005	F41	K61	0.12280701754385964	0.1606
9006	F41	M51	0.029411764705882353	0.1884
9007	F09	F39	0.128	0.0102
9008	F09	A96	0.04032258064516129	0.2375
9009	F09	I00	0.034013605442176874	0.2976
9010	F09	I01	0.03424657534246575	0.2951
9011	F09	S06	0.045454545454545456	0.1977
9012	F09	A97	0.04132231404958678	0.2292
9013	F09	A94	0.041666666666666664	0.2264
9014	F09	F99	0.2222222222222222	0.0003
9015	F09	F79	0.044585987261146494	0.2039
9016	F09	F50	0.037383177570093455	0.2638
9017	F09	F52	0.04040404040404041	0.2368
9018	F09	F11	0.045454545454545456	0.1977
9019	F09	M79	0.04807692307692308	0.18
9020	F09	F03	0.07964601769911504	0.0328
9021	F09	F43	0.021739130434782608	0.257
9022	F09	F32	0.07692307692307693	0.0101
9023	F09	G20	0.052980132450331126	0.069
9024	F09	C46	0.0196078431372549	0.2473
9025	F09	A81	0.0297029702970297	0.1932
9026	F09	E75	0.033783783783783786	0.1464
9027	F09	Q99	0.017857142857142856	0.1603
9028	F09	D82	0.0196078431372549	0.0566
9029	F09	F12	0.05128205128205128	0.1187
9030	F09	K73	0.022727272727272728	0.229
9031	F09	T57	0.019417475728155338	0.2904
9032	I00-I02	M10	0.10101010101010101	0.2472
9033	I00-I02	L10	0.09411764705882353	0.272
9034	I00-I02	K02	0.14666666666666667	0.1312
9035	I00-I02	F99	0.06770833333333333	0.1512
9036	I00-I02	N03	0.028169014084507043	0.2148
9037	I00-I02	J00	0.08139534883720931	0.2692
9038	I00-I02	B27	0.030303030303030304	0.2282
9039	I00-I02	J85	0.07377049180327869	0.1935
9040	I00-I02	G00	0.03389830508474576	0.2436
9041	I00-I02	F11	0.03488372093023256	0.2735
9042	I00-I02	N83	0.019230769230769232	0.2937
9043	I00-I02	F12	0.031914893617021274	0.2659
9044	I00-I02	C64	0.085	0.1314
9045	I00-I02	T88	0.014925373134328358	0.2917
9046	I00-I02	N84	0.24615384615384617	0.1143
9047	I00-I02	A96	0.4714285714285714	0.0079
9048	I00-I02	I00	0.9384615384615385	0.0
9049	I00-I02	I01	0.9230769230769231	0.0
9050	I00-I02	D35	0.07758620689655173	0.2409
9051	I00-I02	P36	0.1337579617834395	0.1482
9052	I00-I02	S06	0.25	0.0884
9053	I00-I02	R57	0.19047619047619047	0.1295
9054	I00-I02	A97	0.4925373134328358	0.0084
9055	I00-I02	A88	0.21374045801526717	0.1192
9056	I00-I02	A94	0.5230769230769231	0.0072
9057	I00-I02	K61	0.12307692307692308	0.16
9058	I00-I02	B09	0.21374045801526717	0.1192
9059	I00-I02	A08	0.21374045801526717	0.1192
9060	M43	J03	0.08	0.0201
9061	M43	J35	0.08	0.0201
9062	M43	D35	0.0273972602739726	0.2677
9063	M43	P36	0.03225806451612903	0.2114
9064	M43	M41	0.05128205128205128	0.0834
9065	M43	I85	0.10714285714285714	0.0051
9066	M43	N23	0.0975609756097561	0.0083
9067	M43	F11	0.05405405405405406	0.0727
9068	M43	M79	0.06451612903225806	0.0434
9069	M43	N88	0.04	0.1449
9070	M43	M48	0.05	0.0888
9071	M43	R57	0.06382978723404255	0.0449
9072	M43	K61	0.045454545454545456	0.111
9073	M43	F43	0.058823529411764705	0.0575
9074	M43	N25	0.05555555555555555	0.1773
9075	M43	Q64	0.031746031746031744	0.2516
9076	M43	Q76	0.16	0.011
9077	M43	N13	0.03571428571428571	0.0178
9078	C64	C62	0.05787781350482315	0.2515
9079	C64	C71	0.05929487179487179	0.2431
9080	C64	C08	0.05806451612903226	0.2504
9081	C64	C25	0.05806451612903226	0.2504
9082	C64	C67	0.06141732283464567	0.2311
9083	C64	C09	0.05806451612903226	0.2504
9084	C64	C60	0.05806451612903226	0.2504
9085	C64	C32	0.05750798722044728	0.2537
9086	C64	C50	0.061514195583596214	0.2306
9087	C64	C61	0.060092449922958396	0.2385
9088	C64	C10	0.05958132045088567	0.2415
9089	C64	C51	0.057692307692307696	0.2526
9090	C64	C49	0.056162246489859596	0.262
9091	C64	C66	0.05806451612903226	0.2504
9092	C64	C73	0.05910543130990415	0.2442
9093	C64	C37	0.05806451612903226	0.2504
9094	C64	C23	0.0589171974522293	0.2453
9095	C64	C56	0.05660377358490566	0.2593
9096	C64	C74	0.05252725470763132	0.2858
9097	C64	C04	0.0592	0.2437
9098	C64	C54	0.05714285714285714	0.256
9099	C64	C16	0.0571870170015456	0.2557
9100	C64	C11	0.05778491171749599	0.2521
9101	C64	C40	0.05806451612903226	0.2504
9102	C64	C63	0.061128526645768025	0.2327
9103	C64	C30	0.052947052947052944	0.283
9104	C64	C76	0.05219454329774614	0.2881
9105	C64	A96	0.09826589595375723	0.0956
9106	C64	I00	0.08673469387755102	0.1261
9107	C64	I01	0.08717948717948718	0.1247
9108	C64	D35	0.06	0.2391
9109	C64	P36	0.06854838709677419	0.1949
9110	C64	S06	0.11557788944723618	0.0631
9111	C64	A97	0.1	0.0917
9112	C64	A88	0.1031390134529148	0.0851
9113	C64	C01	0.05806451612903226	0.2504
9114	C64	A94	0.10059171597633136	0.0904
9115	C64	C39	0.05806451612903226	0.2504
9116	C64	B09	0.1031390134529148	0.0851
9117	C64	A08	0.1031390134529148	0.0851
9118	C64	J85	0.06341463414634146	0.2203
9119	C64	C46	0.018779342723004695	0.2624
9120	C64	D44	0.037037037037037035	0.1859
9121	L30	L52	0.08771929824561403	0.0445
9122	L30	L10	0.03896103896103896	0.2521
9123	L30	A21	0.038461538461538464	0.2566
9124	L30	L43	0.03571428571428571	0.2828
9125	L30	N41	0.07017543859649122	0.0832
9126	L30	L51	0.09433962264150944	0.0352
9127	L30	L21	0.3424657534246575	0.0
9128	L30	G54	0.05405405405405406	0.1476
9129	L30	L73	0.0425531914893617	0.2219
9130	L30	G51	0.04918032786885246	0.2995
9131	L30	L88	0.05185185185185185	0.1127
9132	L30	L82	0.046875	0.2988
9133	L30	L26	0.37037037037037035	0.0001
9134	L30	K14	0.06	0.2567
9135	L30	O26	0.09090909090909091	0.026
9136	L30	I07	0.06	0.2567
9137	L30	Q81	0.3076923076923077	0.0006
9138	L30	N42	0.05185185185185185	0.2864
9139	L30	G52	0.049586776859504134	0.2998
9140	L30	L75	0.06	0.2567
9141	L30	I09	0.06	0.2567
9142	L30	L81	0.03278688524590164	0.0684
9143	L30	L13	0.031746031746031744	0.2526
9144	L30	L44	0.03409090909090909	0.182
9145	L30	D41	0.018518518518518517	0.2006
9146	L30	L27	0.1072961373390558	0.0279
9147	L30	L58	0.31746031746031744	0.0013
9148	L30	J41	0.08450704225352113	0.1359
9149	L30	I08	0.06	0.2567
9150	R80	L52	0.03225806451612903	0.2905
9151	R80	D65	0.03225806451612903	0.2905
9152	R80	N42	0.037037037037037035	0.2416
9153	R80	D52	0.03225806451612903	0.2905
9154	R80	E55	0.06666666666666667	0.0057
9155	R80	N01	0.04	0.0041
9156	R80	I06	0.034482758620689655	0.2774
9157	R80	N06	1.0	-0.0
9158	N84	K02	0.23333333333333334	0.1281
9159	N84	A96	0.42105263157894735	0.0241
9160	N84	I00	0.26229508196721313	0.0991
9161	N84	I01	0.26666666666666666	0.0953
9162	N84	P36	0.1415929203539823	0.2881
9163	N84	S06	0.22857142857142856	0.1336
9164	N84	A97	0.45714285714285713	0.0175
9165	N84	A88	0.1702127659574468	0.2238
9166	N84	A94	0.47058823529411764	0.0155
9167	N84	B09	0.1702127659574468	0.2238
9168	N84	A08	0.1702127659574468	0.2238
9169	N84	K42	0.16666666666666666	0.2309
9170	N84	Q42	0.03333333333333333	0.0527
9171	N84	Y14	0.25	0.0451
9172	N84	R57	0.45714285714285713	0.0072
9173	N84	K45	0.1076923076923077	0.235
9174	N84	K61	0.4117647058823529	0.002
9175	A96	M10	0.1388888888888889	0.2418
9176	A96	K02	0.18	0.1586
9177	A96	F99	0.05325443786982249	0.2265
9178	A96	K20	0.02030456852791878	0.2657
9179	A96	G10	0.02631578947368421	0.238
9180	A96	K41	0.10588235294117647	0.2408
9181	A96	K40	0.09574468085106383	0.2463
9182	A96	J00	0.11864406779661017	0.1473
9183	A96	K42	0.14516129032258066	0.2039
9184	A96	K46	0.10588235294117647	0.2408
9185	A96	J85	0.07216494845360824	0.2006
9186	A96	G00	0.04395604395604396	0.1597
9187	A96	F11	0.03333333333333333	0.2897
9188	A96	N83	0.025974025974025976	0.1907
9189	A96	F12	0.04477611940298507	0.1557
9190	A96	M48	0.04838709677419355	0.2961
9191	A96	T88	0.025	0.1255
9192	A96	I00	0.5	0.0018
9193	A96	I01	0.5076923076923077	0.0017
9194	A96	D35	0.08888888888888889	0.1957
9195	A96	Y14	0.14	0.177
9196	A96	P36	0.15267175572519084	0.113
9197	A96	S06	0.3170731707317073	0.046
9198	A96	R57	0.2807017543859649	0.0489
9199	A96	A97	0.825	0.0003
9200	A96	A88	0.2692307692307692	0.0685
9201	A96	K45	0.10588235294117647	0.2408
9202	A96	A94	0.8461538461538461	0.0003
9203	A96	K61	0.1794871794871795	0.0687
9204	A96	B09	0.2692307692307692	0.0685
9205	A96	A08	0.2692307692307692	0.0685
9206	I00	M10	0.10526315789473684	0.2676
9207	I00	K02	0.1388888888888889	0.1754
9208	I00	F99	0.05235602094240838	0.2323
9209	I00	J00	0.08536585365853659	0.2524
9210	I00	J85	0.06722689075630252	0.2239
9211	I00	G00	0.03508771929824561	0.2317
9212	I00	F11	0.036585365853658534	0.2566
9213	I00	N83	0.02	0.2796
9214	I00	F12	0.03333333333333333	0.2507
9215	I00	T88	0.015873015873015872	0.2696
9216	I00	I01	0.9836065573770492	0.0
9217	I00	D35	0.08035714285714286	0.2289
9218	I00	P36	0.13725490196078433	0.1409
9219	I00	S06	0.25961538461538464	0.0805
9220	I00	R57	0.2	0.1169
9221	I00	A97	0.5238095238095238	0.0061
9222	I00	A88	0.2204724409448819	0.1115
9223	I00	A94	0.5573770491803278	0.0052
9224	I00	K61	0.13114754098360656	0.1418
9225	I00	B09	0.2204724409448819	0.1115
9226	I00	A08	0.2204724409448819	0.1115
9227	I01	M10	0.10638297872340426	0.2645
9228	I01	K02	0.125	0.2095
9229	I01	F99	0.04712041884816754	0.2689
9230	I01	J00	0.08641975308641975	0.2482
9231	I01	J85	0.058823529411764705	0.2701
9232	I01	G00	0.035398230088495575	0.2287
9233	I01	N83	0.020202020202020204	0.276
9234	I01	F12	0.033707865168539325	0.2468
9235	I01	T88	0.016129032258064516	0.2639
9236	I01	D35	0.07142857142857142	0.2697
9237	I01	P36	0.13071895424836602	0.1547
9238	I01	S06	0.25	0.0884
9239	I01	R57	0.20253164556962025	0.1138
9240	I01	A97	0.532258064516129	0.0057
9241	I01	A88	0.2222222222222222	0.1095
9242	I01	A94	0.5409836065573771	0.006
9243	I01	K61	0.11475409836065574	0.1812
9244	I01	B09	0.2222222222222222	0.1095
9245	I01	A08	0.2222222222222222	0.1095
9246	D35	M10	0.19540229885057472	0.0275
9247	D35	J21	0.06944444444444445	0.2797
9248	D35	J03	0.09090909090909091	0.1885
9249	D35	C55	0.1125	0.1267
9250	D35	C84	0.07272727272727272	0.2633
9251	D35	I30	0.15625	0.0566
9252	D35	C91	0.06666666666666667	0.2944
9253	D35	C82	0.07453416149068323	0.2547
9254	D35	C53	0.09734513274336283	0.1675
9255	D35	K02	0.22727272727272727	0.0152
9256	D35	J35	0.09090909090909091	0.1885
9257	D35	M04	0.1232876712328767	0.1039
9258	D35	C85	0.07317073170731707	0.2612
9259	D35	C83	0.07471264367816093	0.2539
9260	D35	G45	0.11392405063291139	0.1234
9261	D35	I40	0.16666666666666666	0.0791
9262	D35	C65	0.12359550561797752	0.101
9263	D35	D34	0.11594202898550725	0.1079
9264	D35	N35	0.14754098360655737	0.1012
9265	D35	C17	0.125	0.0999
9266	D35	K81	0.15492957746478872	0.2394
9267	D35	H33	0.15942028985507245	0.0357
9268	D35	C45	0.06944444444444445	0.1461
9269	D35	D24	0.11594202898550725	0.1079
9270	D35	D32	0.09876543209876543	0.1028
9271	D35	M41	0.075	0.1027
9272	D35	N97	0.039603960396039604	0.1403
9273	D35	F50	0.1111111111111111	0.0971
9274	D35	C18	0.10576923076923077	0.1201
9275	D35	C15	0.14492753623188406	0.0474
9276	D35	I84	0.11864406779661017	0.1497
9277	D35	J85	0.09565217391304348	0.1187
9278	D35	C57	0.1134020618556701	0.0946
9279	D35	J96	0.047619047619047616	0.1819
9280	D35	F11	0.037037037037037035	0.2524
9281	D35	T78	0.06578947368421052	0.2773
9282	D35	G56	0.136986301369863	0.0339
9283	D35	N83	0.020202020202020204	0.276
9284	D35	M75	0.04807692307692308	0.2945
9285	D35	M79	0.04	0.2935
9286	D35	D3A	0.02564102564102564	0.2145
9287	D35	C22	0.09352517985611511	0.2163
9288	D35	O01	0.12857142857142856	0.1558
9289	D35	F81	0.05673758865248227	0.1424
9290	D35	M48	0.12987012987012986	0.0377
9291	D35	C14	0.03529411764705882	0.2755
9292	D35	Q36	0.05263157894736842	0.206
9293	D35	P96	0.028169014084507043	0.2968
9294	D35	D44	0.08333333333333333	0.0221
9295	D35	D36	0.11594202898550725	0.1079
9296	D35	Y14	0.16176470588235295	0.1351
9297	D35	P36	0.10191082802547771	0.2336
9298	D35	S06	0.1926605504587156	0.1544
9299	D35	R57	0.14457831325301204	0.2123
9300	D35	D29	0.11594202898550725	0.1079
9301	D35	A88	0.16666666666666666	0.1906
9302	D35	K61	0.13333333333333333	0.1372
9303	D35	L58	0.05813953488372093	0.2998
9304	D35	D14	0.11594202898550725	0.1079
9305	D35	B09	0.16666666666666666	0.1906
9306	D35	A08	0.16666666666666666	0.1906
9307	T57	M00	0.02	0.2798
9308	T57	L93	0.045454545454545456	0.0542
9309	T57	M17	0.019801980198019802	0.2834
9310	T57	B54	0.029850746268656716	0.1487
9311	T57	M13	0.02	0.2798
9312	T57	F99	0.019867549668874173	0.2822
9313	T57	F79	0.023529411764705882	0.2231
9314	T57	F95	0.05263157894736842	0.034
9315	T57	M50	0.03333333333333333	0.1188
9316	T57	F52	0.04	0.0772
9317	T57	Q22	0.02702702702702703	0.1783
9318	T57	M79	0.03225806451612903	0.1273
9319	T57	F98	0.04878048780487805	0.0437
9320	T57	F81	0.019801980198019802	0.2834
9321	T57	D19	0.043478260869565216	0.0616
9322	T57	O90	0.05	0.0403
9323	T57	F28	0.058823529411764705	0.0227
9324	T57	L11	0.05555555555555555	0.0281
9325	T57	L13	0.033707865168539325	0.1159
9326	T57	N96	0.0625	0.108
9327	T57	L88	0.0297029702970297	0.1501
9328	T57	B06	0.03529411764705882	0.1047
9329	T57	B05	0.03529411764705882	0.1047
9330	T57	D33	0.058823529411764705	0.0227
9331	T57	G20	0.025	0.203
9332	T57	A91	0.05555555555555555	0.2184
9333	T57	L68	0.045454545454545456	0.0038
9334	T57	A18	0.058823529411764705	0.299
9335	T57	P70	0.041666666666666664	0.0485
9336	T57	Q31	0.045454545454545456	0.0259
9337	T57	N73	0.058823529411764705	0.299
9338	T57	E15	0.045454545454545456	0.0762
9339	P77	L52	0.10810810810810811	0.0942
9340	P77	K50	0.1111111111111111	0.0881
9341	P77	J21	0.14285714285714285	0.0437
9342	P77	N41	0.2903225806451613	0.0016
9343	P77	L51	0.12121212121212122	0.0705
9344	P77	A04	0.1276595744680851	0.0611
9345	P77	G54	0.78125	0.0
9346	P77	K59	0.0821917808219178	0.1665
9347	P77	G95	0.17073170731707318	0.0235
9348	P77	K63	0.06896551724137931	0.2226
9349	P77	K10	0.78125	0.0
9350	P77	M87	0.046511627906976744	0.1585
9351	P77	H53	0.058823529411764705	0.0734
9352	P77	H54	0.05454545454545454	0.0943
9353	P77	Y83	0.1935483870967742	0.001
9354	P77	J41	0.16666666666666666	0.0192
9355	P36	K85	0.09848484848484848	0.2454
9356	P36	L70	0.21235521235521235	0.048
9357	P36	O15	0.1015625	0.2348
9358	P36	L73	0.35064935064935066	0.0066
9359	P36	K70	0.3669064748201439	0.0033
9360	P36	G51	0.055865921787709494	0.2541
9361	P36	E51	0.4322033898305085	0.0226
9362	P36	J00	0.1015625	0.1943
9363	P36	L83	0.42857142857142855	0.0237
9364	P36	M41	0.045112781954887216	0.2548
9365	P36	I85	0.075	0.2324
9366	P36	L50	0.07633587786259542	0.2351
9367	P36	I84	0.0755813953488372	0.2986
9368	P36	G31	0.11458333333333333	0.0759
9369	P36	G71	0.19923371647509577	0.0396
9370	P36	K13	0.43333333333333335	0.0091
9371	P36	R73	0.4380165289256198	0.0113
9372	P36	J96	0.03676470588235294	0.2686
9373	P36	O24	0.23348017621145375	0.0244
9374	P36	T78	0.08064516129032258	0.2074
9375	P36	G52	0.056179775280898875	0.2553
9376	P36	N91	0.425	0.0165
9377	P36	M75	0.0728476821192053	0.1565
9378	P36	E87	0.014598540145985401	0.2274
9379	P36	Y14	0.14782608695652175	0.1606
9380	P36	S06	0.16560509554140126	0.2008
9381	P36	R57	0.28695652173913044	0.0457
9382	P36	A97	0.15625	0.221
9383	P36	A88	0.16292134831460675	0.1979
9384	P36	A94	0.16666666666666666	0.209
9385	P36	L58	0.08270676691729323	0.1799
9386	P36	B09	0.16292134831460675	0.1979
9387	P36	A08	0.16292134831460675	0.1979
9388	S06	M86	0.19047619047619047	0.1577
9389	S06	B54	0.16822429906542055	0.1957
9390	S06	K02	0.19736842105263158	0.1475
9391	S06	K12	0.1566265060240964	0.2191
9392	S06	M70	0.1643835616438356	0.2032
9393	S06	M71	0.1643835616438356	0.2032
9394	S06	G95	0.12987012987012986	0.2841
9395	S06	F99	0.06598984771573604	0.1587
9396	S06	K37	0.15	0.2301
9397	S06	K35	0.1518987341772152	0.2647
9398	S06	K30	0.07058823529411765	0.2751
9399	S06	G10	0.028037383177570093	0.2165
9400	S06	G81	0.04	0.1675
9401	S06	K41	0.17757009345794392	0.0915
9402	S06	K40	0.16379310344827586	0.0907
9403	S06	K81	0.29577464788732394	0.0649
9404	S06	J00	0.12643678160919541	0.1299
9405	S06	K80	0.07692307692307693	0.1909
9406	S06	K42	0.2261904761904762	0.0837
9407	S06	F91	0.11578947368421053	0.2091
9408	S06	M41	0.054945054945054944	0.189
9409	S06	D25	0.07865168539325842	0.1416
9410	S06	N23	0.28205128205128205	0.0492
9411	S06	F50	0.13924050632911392	0.0536
9412	S06	K46	0.17757009345794392	0.0915
9413	S06	I84	0.18333333333333332	0.0529
9414	S06	F17	0.05185185185185185	0.116
9415	S06	J85	0.0625	0.2488
9416	S06	G00	0.032520325203252036	0.258
9417	S06	Q54	0.08661417322834646	0.1776
9418	S06	J96	0.06521739130434782	0.0965
9419	S06	F11	0.03296703296703297	0.2937
9420	S06	G57	0.1	0.0578
9421	S06	M75	0.05309734513274336	0.2591
9422	S06	M14	0.2413793103448276	0.0653
9423	S06	M79	0.08641975308641975	0.0703
9424	S06	F12	0.04081632653061224	0.1836
9425	S06	F81	0.08163265306122448	0.0603
9426	S06	J09	0.0546218487394958	0.2275
9427	S06	M48	0.10227272727272728	0.0759
9428	S06	J11	0.05508474576271186	0.224
9429	S06	U04	0.03317535545023697	0.2536
9430	S06	Y14	0.18666666666666668	0.0992
9431	S06	T30	0.17647058823529413	0.0926
9432	S06	T09	0.10256410256410256	0.1975
9433	S06	R57	0.25	0.0682
9434	S06	F02	0.2236842105263158	0.1301
9435	S06	G20+	0.23943661971830985	0.1603
9436	S06	A97	0.3291139240506329	0.0412
9437	S06	A88	0.45132743362831856	0.0111
9438	S06	M07	0.2625	0.0702
9439	S06	K45	0.17757009345794392	0.0915
9440	S06	A94	0.35064935064935066	0.0368
9441	S06	K61	0.11428571428571428	0.1824
9442	S06	J90	0.1917808219178082	0.1805
9443	S06	J10	0.05485232067510549	0.2269
9444	S06	B09	0.45132743362831856	0.0111
9445	S06	J91	0.1917808219178082	0.1805
9446	S06	L55	0.059880239520958084	0.2588
9447	S06	K36	0.15584415584415584	0.2768
9448	S06	A08	0.45132743362831856	0.0111
9449	R57	M10	0.11267605633802817	0.299
9450	R57	K85	0.15517241379310345	0.1894
9451	R57	J21	0.23809523809523808	0.0775
9452	R57	K02	0.14285714285714285	0.2162
9453	R57	O15	0.16666666666666666	0.1674
9454	R57	A97	0.2962962962962963	0.0414
9455	R57	A88	0.1834862385321101	0.1397
9456	R57	A94	0.3018867924528302	0.0389
9457	R57	B09	0.1834862385321101	0.1397
9458	R57	A08	0.1834862385321101	0.1397
9459	R57	A80	0.2571428571428571	0.0631
9460	R57	J00	0.16666666666666666	0.1674
9461	R57	K42	0.11475409836065574	0.2924
9462	R57	I85	0.21428571428571427	0.1002
9463	R57	L50	0.16666666666666666	0.1674
9464	R57	L95	0.15789473684210525	0.1839
9465	R57	A07	0.15384615384615385	0.1921
9466	R57	T78	0.19148936170212766	0.1281
9467	R57	M27	0.1276595744680851	0.2546
9468	R57	M75	0.13513513513513514	0.2349
9469	R57	M14	0.15873015873015872	0.1823
9470	R57	K05	0.1276595744680851	0.2546
9471	R57	S27	0.16216216216216217	0.1757
9472	R57	L59	0.15789473684210525	0.1839
9473	R57	L53	0.15789473684210525	0.1839
9474	R57	Y14	0.42105263157894735	0.0107
9475	R57	P61	0.025	0.069
9476	R57	I06	0.075	0.0603
9477	R57	M07	0.17857142857142858	0.1645
9478	R57	K61	0.19444444444444445	0.0549
9479	R57	L58	0.17857142857142858	0.0244
9480	R57	F61	0.08108108108108109	0.2341
9481	R57	B91	0.2571428571428571	0.046
9482	A97	M10	0.14492753623188406	0.2466
9483	A97	K02	0.19148936170212766	0.1571
9484	A97	F99	0.04790419161676647	0.263
9485	A97	G10	0.0273972602739726	0.2243
9486	A97	K41	0.10975609756097561	0.2285
9487	A97	K40	0.0989010989010989	0.2352
9488	A97	J00	0.125	0.1329
9489	A97	K42	0.15254237288135594	0.1881
9490	A97	K46	0.10975609756097561	0.2285
9491	A97	J85	0.07446808510638298	0.1905
9492	A97	G00	0.045454545454545456	0.15
9493	A97	F11	0.03508771929824561	0.2714
9494	A97	N83	0.02702702702702703	0.1782
9495	A97	F12	0.046875	0.1427
9496	A97	M48	0.05084745762711865	0.2783
9497	A97	T88	0.02702702702702703	0.1058
9498	A97	Y14	0.14893617021276595	0.1585
9499	A97	A88	0.27722772277227725	0.0633
9500	A97	K45	0.10975609756097561	0.2285
9501	A97	A94	0.9166666666666666	0.0002
9502	A97	K61	0.19444444444444445	0.0549
9503	A97	B09	0.27722772277227725	0.0633
9504	A97	A08	0.27722772277227725	0.0633
9505	A88	M10	0.12195121951219512	0.2975
9506	A88	M86	0.1588785046728972	0.206
9507	A88	B54	0.1640625	0.1956
9508	A88	K02	0.15	0.225
9509	A88	K12	0.1320754716981132	0.269
9510	A88	M70	0.13541666666666666	0.2602
9511	A88	M71	0.13541666666666666	0.2602
9512	A88	F99	0.044642857142857144	0.2881
9513	A88	G10	0.022900763358778626	0.2869
9514	A88	K41	0.1450381679389313	0.142
9515	A88	K40	0.1357142857142857	0.137
9516	A88	K81	0.20833333333333334	0.146
9517	A88	I61	0.024793388429752067	0.2656
9518	A88	J00	0.0990990990990991	0.2022
9519	A88	K42	0.17592592592592593	0.1455
9520	A88	M41	0.05263157894736842	0.2028
9521	A88	D25	0.08	0.137
9522	A88	N23	0.20388349514563106	0.1137
9523	A88	F50	0.07547169811320754	0.2057
9524	A88	K46	0.1450381679389313	0.142
9525	A88	I84	0.1527777777777778	0.0865
9526	A88	J85	0.059602649006622516	0.2655
9527	A88	Q54	0.0728476821192053	0.2339
9528	A88	J96	0.03389830508474576	0.2977
9529	A88	M14	0.11864406779661017	0.2622
9530	A88	F81	0.06395348837209303	0.111
9531	A88	J09	0.057692307692307696	0.2093
9532	A88	M48	0.1	0.0804
9533	A88	J11	0.05813953488372093	0.2061
9534	A88	Y14	0.1188118811881188	0.2302
9535	A88	T30	0.16129032258064516	0.1137
9536	A88	T09	0.09285714285714286	0.2303
9537	A88	F02	0.17	0.2125
9538	A88	G20+	0.17894736842105263	0.2549
9539	A88	M07	0.12612612612612611	0.2798
9540	A88	K45	0.1450381679389313	0.142
9541	A88	A94	0.28	0.0718
9542	A88	J90	0.15625	0.248
9543	A88	J10	0.05791505791505792	0.2088
9544	A88	B09	1.0	0.0
9545	A88	J91	0.15625	0.248
9546	A88	L55	0.05789473684210526	0.2707
9547	A88	E35	0.056338028169014086	0.2818
9548	A88	A08	1.0	0.0
9549	A94	M10	0.14705882352941177	0.2514
9550	A94	K02	0.2222222222222222	0.1238
9551	A94	F99	0.05454545454545454	0.2185
9552	A94	F43	0.027777777777777776	0.1757
9553	A94	G10	0.027777777777777776	0.2196
9554	A94	K41	0.1111111111111111	0.2244
9555	A94	K40	0.1	0.2314
9556	A94	J00	0.12727272727272726	0.1281
9557	A94	K42	0.15517241379310345	0.1827
9558	A94	K46	0.1111111111111111	0.2244
9559	A94	J85	0.08695652173913043	0.1441
9560	A94	G00	0.04597701149425287	0.1467
9561	A94	F11	0.05454545454545454	0.1312
9562	A94	N83	0.0273972602739726	0.174
9563	A94	M79	0.04	0.2935
9564	A94	F12	0.047619047619047616	0.1383
9565	A94	M48	0.07017543859649122	0.1709
9566	A94	T88	0.027777777777777776	0.0993
9567	A94	Y14	0.15217391304347827	0.1522
9568	A94	K45	0.1111111111111111	0.2244
9569	A94	K61	0.23529411764705882	0.0297
9570	A94	B09	0.28	0.0615
9571	A94	A08	0.28	0.0615
9572	K61	M10	0.15555555555555556	0.0984
9573	K61	K02	0.38095238095238093	0.0033
9574	K61	K41	0.12280701754385964	0.1606
9575	K61	K40	0.10606060606060606	0.2063
9576	K61	K42	0.20588235294117646	0.0462
9577	K61	K46	0.12280701754385964	0.1606
9578	K61	J85	0.12121212121212122	0.1645
9579	K61	Y14	0.35	0.0052
9580	K61	K45	0.12280701754385964	0.1606
9581	K61	F43	0.1	0.0017
9582	K61	Q42	0.045454545454545456	0.0178
9583	B09	M10	0.12195121951219512	0.2975
9584	B09	M86	0.1588785046728972	0.206
9585	B09	B54	0.1640625	0.1956
9586	B09	K02	0.15	0.225
9587	B09	K12	0.1320754716981132	0.269
9588	B09	M70	0.13541666666666666	0.2602
9589	B09	M71	0.13541666666666666	0.2602
9590	B09	J90	0.15625	0.2114
9591	B09	F99	0.044642857142857144	0.2881
9592	B09	G10	0.022900763358778626	0.2869
9593	B09	K41	0.1450381679389313	0.142
9594	B09	K40	0.1357142857142857	0.137
9595	B09	K81	0.20833333333333334	0.146
9596	B09	I61	0.024793388429752067	0.2656
9597	B09	J00	0.0990990990990991	0.2022
9598	B09	K42	0.17592592592592593	0.1455
9599	B09	M41	0.05263157894736842	0.2028
9600	B09	D25	0.08	0.137
9601	B09	N23	0.20388349514563106	0.1137
9602	B09	F50	0.07547169811320754	0.2057
9603	B09	K46	0.1450381679389313	0.142
9604	B09	I84	0.1527777777777778	0.0865
9605	B09	J85	0.059602649006622516	0.2655
9606	B09	Q54	0.0728476821192053	0.2339
9607	B09	J96	0.03389830508474576	0.2977
9608	B09	M14	0.11864406779661017	0.2622
9609	B09	F81	0.06395348837209303	0.111
9610	B09	J09	0.057692307692307696	0.2093
9611	B09	M48	0.1	0.0804
9612	B09	J11	0.05813953488372093	0.2061
9613	B09	Y14	0.1188118811881188	0.2302
9614	B09	T30	0.16129032258064516	0.1137
9615	B09	T09	0.09285714285714286	0.2303
9616	B09	F02	0.17	0.2125
9617	B09	G20+	0.17894736842105263	0.2549
9618	B09	M07	0.12612612612612611	0.2798
9619	B09	K45	0.1450381679389313	0.142
9620	B09	J10	0.05791505791505792	0.2088
9621	B09	J91	0.15625	0.248
9622	B09	L55	0.05789473684210526	0.2707
9623	B09	E35	0.056338028169014086	0.2818
9624	B09	A08	1.0	0.0
9625	J41	L52	0.12903225806451613	0.0471
9626	J41	L10	0.06	0.2429
9627	J41	L43	0.05263157894736842	0.2892
9628	J41	K27	0.15384615384615385	0.026
9629	J41	N41	0.13333333333333333	0.0425
9630	J41	L51	0.19230769230769232	0.0104
9631	J41	L21	0.07575757575757576	0.1672
9632	J41	K76	0.05555555555555555	0.2698
9633	J41	G54	0.18604651162790697	0.012
9634	J41	G95	0.13513513513513514	0.0407
9635	J41	B60	0.07407407407407407	0.174
9636	J41	G36	0.05555555555555555	0.2698
9637	J41	K10	0.18604651162790697	0.012
9638	J41	H33	0.0975609756097561	0.131
9639	J41	N03	0.03125	0.1814
9640	J41	J00	0.1276595744680851	0.1273
9641	J41	H20	0.034482758620689655	0.2906
9642	J41	J20	0.0625	0.2521
9643	J41	J42	0.05714285714285714	0.286
9644	J41	J40	0.0625	0.2521
9645	J41	A16	0.0392156862745098	0.2129
9646	N06	L52	0.03225806451612903	0.2905
9647	N06	D65	0.03225806451612903	0.2905
9648	N06	N42	0.037037037037037035	0.2416
9649	N06	D52	0.03225806451612903	0.2905
9650	N06	E55	0.06666666666666667	0.0057
9651	N06	N01	0.04	0.0041
9652	N06	I06	0.034482758620689655	0.2774
9653	A08	M10	0.12195121951219512	0.2975
9654	A08	M86	0.1588785046728972	0.206
9655	A08	B54	0.1640625	0.1956
9656	A08	K02	0.15	0.225
9657	A08	K12	0.1320754716981132	0.269
9658	A08	M70	0.13541666666666666	0.2602
9659	A08	M71	0.13541666666666666	0.2602
9660	A08	J90	0.15625	0.2114
9661	A08	J91	0.15625	0.2114
9662	A08	F99	0.044642857142857144	0.2881
9663	A08	G10	0.022900763358778626	0.2869
9664	A08	K41	0.1450381679389313	0.142
9665	A08	K40	0.1357142857142857	0.137
9666	A08	K81	0.20833333333333334	0.146
9667	A08	I61	0.024793388429752067	0.2656
9668	A08	J00	0.0990990990990991	0.2022
9669	A08	K42	0.17592592592592593	0.1455
9670	A08	M41	0.05263157894736842	0.2028
9671	A08	D25	0.08	0.137
9672	A08	N23	0.20388349514563106	0.1137
9673	A08	F50	0.07547169811320754	0.2057
9674	A08	K46	0.1450381679389313	0.142
9675	A08	I84	0.1527777777777778	0.0865
9676	A08	J85	0.059602649006622516	0.2655
9677	A08	Q54	0.0728476821192053	0.2339
9678	A08	J96	0.03389830508474576	0.2977
9679	A08	M14	0.11864406779661017	0.2622
9680	A08	F81	0.06395348837209303	0.111
9681	A08	J09	0.057692307692307696	0.2093
9682	A08	M48	0.1	0.0804
9683	A08	J11	0.05813953488372093	0.2061
9684	A08	Y14	0.1188118811881188	0.2302
9685	A08	T30	0.16129032258064516	0.1137
9686	A08	T09	0.09285714285714286	0.2303
9687	A08	F02	0.17	0.2125
9688	A08	G20+	0.17894736842105263	0.2549
9689	A08	M07	0.12612612612612611	0.2798
9690	A08	K45	0.1450381679389313	0.142
9691	A08	J10	0.05791505791505792	0.2088
9692	A08	L55	0.05789473684210526	0.2707
9693	A08	E35	0.056338028169014086	0.2818
9694	D65	L52	0.05263157894736842	0.2238
9695	D65	J02	0.18181818181818182	0.0054
9696	D65	L10	0.05555555555555555	0.2058
9697	D65	K85	0.05	0.2412
9698	D65	I81	0.13333333333333333	0.0027
9699	D65	E55	0.05263157894736842	0.0175
9700	D65	K27	0.07142857142857142	0.187
9701	D65	J03	0.1	0.1912
9702	D65	I80	0.3333333333333333	0.0001
9703	D65	H60	0.13333333333333333	0.0349
9704	D65	D66	0.11764705882352941	0.1859
9705	D65	B00	0.07692307692307693	0.0779
9706	D65	I30	0.09090909090909091	0.1529
9707	D65	M87	0.09090909090909091	0.0267
9708	D65	E20	0.05	0.11
9709	D65	I63	0.11538461538461539	0.0151
9710	D65	I05	0.14285714285714285	0.0272
9711	D65	I26	0.06521739130434782	0.0833
9712	D65	J35	0.1	0.1912
9713	D65	K76	0.09523809523809523	0.0602
9714	D65	D84	0.045454545454545456	0.0772
9715	D65	D68	0.25	0.0
9716	D65	G00	0.03076923076923077	0.2776
9717	D65	D12	0.029411764705882353	0.2821
9718	D65	G03	0.14285714285714285	0.0324
9719	D65	P84	0.047619047619047616	0.1412
9720	D65	M81	0.034482758620689655	0.2943
9721	D65	N95	0.08333333333333333	0.0738
9722	D65	G45	0.08571428571428572	0.1028
9723	D65	M77	0.15384615384615385	0.0368
9724	D65	B60	0.16666666666666666	0.0439
9725	D65	O88	0.06666666666666667	0.1721
9726	D65	O90	0.0625	0.1099
9727	D65	Q37	0.05714285714285714	0.138
9728	D65	N98	0.11764705882352941	0.0432
9729	E06	A21	0.031914893617021274	0.1449
9730	E06	M00	0.030303030303030304	0.1598
9731	E06	L93	0.045454545454545456	0.0634
9732	E06	M17	0.03	0.1628
9733	E06	B67	0.020618556701030927	0.2879
9734	E06	K59	0.03333333333333333	0.1329
9735	E06	K63	0.02702702702702703	0.1951
9736	E06	M02	0.02857142857142857	0.1776
9737	E06	M19	0.024193548387096774	0.2317
9738	E06	G36	0.038461538461538464	0.0972
9739	E06	M09	0.03389830508474576	0.1284
9740	E06	M13	0.030303030303030304	0.1598
9741	E06	J85	0.02564102564102564	0.2122
9742	E06	O99	0.028985507246376812	0.1732
9743	E06	E35	0.028037383177570093	0.1835
9744	E06	E12	0.03636363636363636	0.1105
9745	E06	B38	0.037037037037037035	0.106
9746	E06	H20	0.05555555555555555	0.0341
9747	E06	B44	0.03225806451612903	0.1419
9748	E06	Q41	0.03333333333333333	0.1329
9749	E06	A27	0.0625	0.0223
9750	E06	Q60	0.05263157894736842	0.0408
9751	E06	N03	0.047619047619047616	0.0555
9752	E06	G37	0.05	0.0353
9753	E06	E07	0.038461538461538464	0.1453
9754	E06	E03	0.031746031746031744	0.2621
9755	E06	K06	0.041666666666666664	0.0116
9756	E06	E04	0.09090909090909091	0.0004
9757	E06	P72	0.0625	0.1166
9758	E06	D89	0.04	0.0614
9759	K44	J84	0.02857142857142857	0.246
9760	K44	Q82	0.03278688524590164	0.1998
9761	K44	M81	0.030864197530864196	0.2197
9762	K44	C44	0.028169014084507043	0.2509
9763	K44	K41	0.1171875	0.003
9764	K44	K40	0.10948905109489052	0.0044
9765	K44	I42	0.04291845493562232	0.1212
9766	K44	K46	0.1171875	0.003
9767	K44	Q22	0.0273972602739726	0.2606
9768	K44	N42	0.029069767441860465	0.24
9769	K44	I51	0.03007518796992481	0.2284
9770	K44	Q23	0.03896103896103896	0.1474
9771	K44	Q25	0.04184100418410042	0.1279
9772	K44	O99	0.03365384615384615	0.1915
9773	K44	K45	0.1171875	0.003
9774	K44	E28	0.02512562814070352	0.2914
9775	K44	Q35	0.03870967741935484	0.1492
9776	K44	G73	0.03205128205128205	0.2072
9777	K44	Q24	0.026578073089700997	0.2713
9778	K44	H80	0.03636363636363636	0.1124
9779	K44	Q99	0.018518518518518517	0.1496
9780	K44	E07	0.024193548387096774	0.2983
9781	K44	E03	0.030456852791878174	0.2768
9782	K44	P24	0.017699115044247787	0.2724
9783	K44	E04	0.021052631578947368	0.1772
9784	K44	K73	0.0234375	0.2187
9785	K44	P56	0.024096385542168676	0.2933
9786	F39	J02	0.0392156862745098	0.2672
9787	F39	M10	0.044444444444444446	0.224
9788	F39	L10	0.04	0.2602
9789	F39	K27	0.04477611940298507	0.2215
9790	F39	J03	0.05084745762711865	0.1805
9791	F39	I80	0.037037037037037035	0.2876
9792	F39	H60	0.05555555555555555	0.1539
9793	F39	F99	0.10465116279069768	0.0537
9794	F39	K30	0.09230769230769231	0.1847
9795	F39	F32	0.14	0.0002
9796	F39	G10	0.046511627906976744	0.0783
9797	F39	I61	0.02564102564102564	0.2538
9798	F39	G20	0.04424778761061947	0.1077
9799	F39	M50	0.046875	0.2119
9800	F39	B00	0.046153846153846156	0.2171
9801	F39	I63	0.045454545454545456	0.1932
9802	F39	F50	0.16666666666666666	0.0299
9803	F39	F40	0.05660377358490566	0.0831
9804	F39	F52	0.10714285714285714	0.0527
9805	F39	G03	0.05660377358490566	0.2584
9806	F39	F11	0.1044776119402985	0.0201
9807	F39	M77	0.057692307692307696	0.2913
9808	F39	M79	0.15254237288135594	0.0091
9809	F39	F12	0.07894736842105263	0.0374
9810	F39	F98	0.06756756756756757	0.1265
9811	F39	M48	0.06944444444444445	0.1741
9812	F39	P96	0.030303030303030304	0.2706
9813	F39	O90	0.03636363636363636	0.2784
9814	F39	A26	0.03508771929824561	0.2902
9815	F39	M51	0.03125	0.1696
9816	N97	C55	0.04225352112676056	0.1229
9817	N97	N40	0.027210884353741496	0.2599
9818	N97	M81	0.05042016806722689	0.0817
9819	N97	C44	0.04	0.1375
9820	N97	N98	0.125	0.0019
9821	N97	D25	0.037267080745341616	0.1576
9822	N97	C45	0.03731343283582089	0.1572
9823	N97	C15	0.03225806451612903	0.2022
9824	N97	Q56	0.05357142857142857	0.0698
9825	N97	C57	0.03333333333333333	0.1917
9826	N97	O01	0.03225806451612903	0.2022
9827	N97	E28	0.06578947368421052	0.0378
9828	N97	E83	0.03361344537815126	0.189
9829	N97	N64	0.02666666666666667	0.2671
9830	N97	E35	0.03292181069958848	0.1957
9831	N97	F52	0.07547169811320754	0.1264
9832	N97	Q51	0.038461538461538464	0.1057
9833	N97	E23	0.04819277108433735	0.1064
9834	N97	E30	0.038461538461538464	0.1259
9835	N97	N62	0.06382978723404255	0.1401
9836	N97	N95	0.043478260869565216	0.2591
9837	N97	N83	0.03614457831325301	0.0991
9838	N97	Q98	0.04	0.1531
9839	C53	C62	0.06741573033707865	0.1823
9840	C53	C71	0.0670391061452514	0.1841
9841	C53	M10	0.1134020618556701	0.0568
9842	C53	C08	0.06766917293233082	0.1812
9843	C53	C25	0.06766917293233082	0.1812
9844	C53	C67	0.0712979890310786	0.1653
9845	C53	C09	0.06766917293233082	0.1812
9846	C53	C60	0.06766917293233082	0.1812
9847	C53	C55	0.14814814814814814	0.0234
9848	C53	C32	0.0708955223880597	0.167
9849	C53	C50	0.06557377049180328	0.191
9850	C53	C61	0.06571936056838366	0.1903
9851	C53	C10	0.06741573033707865	0.1823
9852	C53	C51	0.0691588785046729	0.1745
9853	C53	C49	0.06702898550724638	0.1841
9854	C53	C84	0.07738095238095238	0.1417
9855	C53	C66	0.06766917293233082	0.1812
9856	C53	C73	0.06679035250463822	0.1852
9857	C53	C37	0.06766917293233082	0.1812
9858	C53	I30	0.14705882352941177	0.0241
9859	C53	C23	0.06851851851851852	0.1773
9860	C53	C56	0.06764168190127971	0.1813
9861	C53	C91	0.07894736842105263	0.1362
9862	C53	C04	0.0708955223880597	0.167
9863	C53	C82	0.07272727272727272	0.1594
9864	C53	C54	0.06642066420664207	0.187
9865	C53	I40	0.13846153846153847	0.1219
9866	C53	C65	0.6	0.0
9867	C53	N35	0.13846153846153847	0.1166
9868	C53	C17	0.609375	0.0
9869	C53	H33	0.12	0.0818
9870	C53	C45	0.1366906474820144	0.0223
9871	C53	H80	0.03409090909090909	0.129
9872	C53	C18	0.5063291139240507	0.0
9873	C53	C15	0.136986301369863	0.0561
9874	C53	J84	0.04666666666666667	0.1461
9875	C53	M04	0.13157894736842105	0.0373
9876	C53	C85	0.07784431137724551	0.2716
9877	C53	Q32	0.024390243902439025	0.2073
9878	C53	Q45	0.02857142857142857	0.1922
9879	C53	D12	0.03333333333333333	0.2382
9880	C53	C83	0.07909604519774012	0.2579
9881	C53	J63	0.0449438202247191	0.1003
9882	C53	C94	0.05	0.0843
9883	C53	Q43	0.028169014084507043	0.2587
9884	C53	C57	0.12	0.0824
9885	C53	P24	0.022222222222222223	0.1949
9886	C53	Q23	0.022388059701492536	0.2903
9887	C53	G56	0.12987012987012986	0.0405
9888	C53	G45	0.10843373493975904	0.0561
9889	C53	G04	0.022058823529411766	0.1669
9890	C53	D13	0.10526315789473684	0.0138
9891	C53	K73	0.018867924528301886	0.2944
9892	C53	C96	0.023255813953488372	0.2768
9893	C53	C22	0.15555555555555556	0.0779
9894	C53	Q03	0.022727272727272728	0.1108
9895	C53	O01	0.12162162162162163	0.1724
9896	C53	C90	0.13131313131313133	0.0366
9897	C53	D41	0.015151515151515152	0.2692
9898	F52	N98	0.10526315789473684	0.0555
9899	F52	K30	0.13793103448275862	0.0224
9900	F52	F95	0.2	0.0039
9901	F52	M50	0.11538461538461539	0.0419
9902	F52	F91	0.14285714285714285	0.0195
9903	F52	F50	0.28	0.0004
9904	F52	F40	0.125	0.0321
9905	F52	L90	0.15384615384615385	0.0144
9906	F52	F32	0.05555555555555555	0.0375
9907	F52	A78	0.0625	0.1289
9908	F52	L66	0.07142857142857142	0.1826
9909	F52	F24	0.07142857142857142	0.0641
9910	F52	N96	0.15384615384615385	0.0038
9911	F52	F45	0.06666666666666667	0.125
9912	F52	A18	0.06666666666666667	0.2543
9913	F52	Q64	0.03333333333333333	0.2343
9914	F52	E30	0.05	0.0671
9915	F52	N73	0.06666666666666667	0.2543
9916	F52	N62	0.13333333333333333	0.0156
9917	F52	F11	0.09090909090909091	0.0335
9918	F52	N95	0.15384615384615385	0.0076
9919	F52	N90	0.15384615384615385	0.0144
9920	F52	M79	0.1111111111111111	0.0328
9921	F52	F12	0.1	0.0155
9922	F52	F98	0.1388888888888889	0.0139
9923	F52	Q50	0.05263157894736842	0.2493
9924	F52	N94	0.3076923076923077	0.0001
9925	F52	D19	0.15789473684210525	0.0271
9926	F52	P96	0.0425531914893617	0.159
9927	F52	O90	0.1875	0.0011
9928	F52	F28	0.23076923076923078	0.0448
9929	F52	L11	0.21428571428571427	0.0577
9930	F52	M51	0.05172413793103448	0.0524
9931	B67	A21	0.23529411764705882	0.0
9932	B67	M00	0.03592814371257485	0.2055
9933	B67	L93	0.037037037037037035	0.1957
9934	B67	M17	0.03571428571428571	0.2074
9935	B67	C84	0.030612244897959183	0.2599
9936	B67	B54	0.037037037037037035	0.1957
9937	B67	B58	0.07142857142857142	0.0088
9938	B67	B38	0.07608695652173914	0.2746
9939	B67	L88	0.09375	0.019
9940	B67	B41	0.08139534883720931	0.1869
9941	B67	B44	0.061855670103092786	0.2782
9942	B67	D83	0.030864197530864196	0.1761
9943	B67	E83	0.13194444444444445	0.002
9944	B67	E30	0.03296703296703297	0.1697
9945	B67	Q41	0.11764705882352941	0.0021
9946	B67	E80	0.019417475728155338	0.2901
9947	B67	D58	0.042105263157894736	0.2606
9948	B67	D55	0.033707865168539325	0.1983
9949	B67	K73	0.04878048780487805	0.0416
9950	B67	L81	0.02127659574468085	0.1776
9951	B67	L13	0.07236842105263158	0.0428
9952	B67	P56	0.03067484662576687	0.2096
9953	Q56	J21	0.03333333333333333	0.1927
9954	Q56	J03	0.04	0.1384
9955	Q56	L51	0.05263157894736842	0.0737
9956	Q56	H60	0.05	0.084
9957	Q56	B00	0.03225806451612903	0.2033
9958	Q56	I30	0.037037037037037035	0.1603
9959	Q56	H16	0.03333333333333333	0.1927
9960	Q56	E20	0.041666666666666664	0.1273
9961	Q56	N40	0.02564102564102564	0.2823
9962	Q56	J35	0.04	0.1384
9963	Q56	G03	0.05263157894736842	0.0737
9964	Q56	M70	0.03571428571428571	0.1712
9965	Q56	M77	0.05555555555555555	0.0636
9966	Q56	M71	0.03571428571428571	0.1712
9967	Q56	G36	0.038461538461538464	0.1494
9968	Q56	N98	0.09523809523809523	0.0086
9969	Q56	A55	0.058823529411764705	0.054
9970	Q56	B69	0.05263157894736842	0.0737
9971	Q56	B30	0.0625	0.0449
9972	Q56	H10	0.0625	0.0449
9973	Q56	J20	0.045454545454545456	0.1054
9974	Q56	J42	0.04	0.1384
9975	Q56	J40	0.045454545454545456	0.1054
9976	Q56	M65	0.041666666666666664	0.1273
9977	Q56	A74	0.0625	0.297
9978	Q56	A58	0.058823529411764705	0.2728
9979	Q56	Q30	0.05	0.19
9980	Q56	E28	0.031496062992125984	0.2253
9981	Q56	L66	0.0625	0.2285
9982	Q56	I40	0.043478260869565216	0.1163
9983	Q56	H20	0.05555555555555555	0.0636
9984	Q56	E25	0.05555555555555555	0.0355
9985	Q56	E30	0.045454545454545456	0.086
9986	Q56	N62	0.26666666666666666	0.0002
9987	Q56	A26	0.045454545454545456	0.2011
9988	E30	E20	0.05263157894736842	0.0581
9989	E30	M81	0.022988505747126436	0.2911
9990	E30	N98	0.125	0.001
9991	E30	D25	0.0234375	0.2841
9992	E30	N94	0.07692307692307693	0.0153
9993	E30	E35	0.023809523809523808	0.2784
9994	E30	B38	0.09523809523809523	0.0055
9995	E30	L90	0.09090909090909091	0.007
9996	E30	B41	0.13333333333333333	0.0006
9997	E30	F24	0.09090909090909091	0.007
9998	E30	E23	0.04081632653061224	0.1108
9999	E30	E27	0.034482758620689655	0.1563
10000	E30	C78	0.05	0.0671
10001	E30	N30	0.0625	0.0338
10002	E30	E26	0.029411764705882353	0.114
10003	E30	E22	0.2	0.0004
10004	E30	N62	0.16666666666666666	0.0053
10005	E30	N95	0.09090909090909091	0.058
10006	E30	M61	0.05555555555555555	0.1041
10007	E30	N90	0.09090909090909091	0.0836
10008	E30	Q98	0.05	0.0949
10009	N62	N98	0.16666666666666666	0.0053
10010	N62	N94	0.1111111111111111	0.0317
10011	N62	B38	0.11764705882352941	0.0258
10012	N62	L90	0.14285714285714285	0.0115
10013	N62	B41	0.18181818181818182	0.0033
10014	N62	L66	0.14285714285714285	0.0115
10015	N62	F24	0.14285714285714285	0.0115
10016	N62	N30	0.08333333333333333	0.0762
10017	N62	Q51	0.025	0.2336
10018	N62	Q53	0.1	0.1647
10019	N62	N95	0.14285714285714285	0.0109
10020	N62	N90	0.14285714285714285	0.0196
10021	M81	C62	0.04085257548845471	0.2347
10022	M81	C71	0.03880070546737213	0.2524
10023	M81	L10	0.04854368932038835	0.1785
10024	M81	C08	0.03914590747330961	0.2494
10025	M81	C25	0.03914590747330961	0.2494
10026	M81	K27	0.041666666666666664	0.228
10027	M81	C67	0.039723661485319514	0.2443
10028	M81	J03	0.05747126436781609	0.1299
10029	M81	C09	0.03914590747330961	0.2494
10030	M81	C60	0.03914590747330961	0.2494
10031	M81	C32	0.04056437389770723	0.2371
10032	M81	C50	0.037996545768566495	0.2598
10033	M81	C61	0.04054054054054054	0.2373
10034	M81	H60	0.03571428571428571	0.2817
10035	M81	C10	0.03900709219858156	0.2506
10036	M81	M45	0.04964539007092199	0.1716
10037	M81	C51	0.038869257950530034	0.2518
10038	M81	C49	0.03951890034364261	0.2461
10039	M81	C84	0.07065217391304347	0.0812
10040	M81	C66	0.03914590747330961	0.2494
10041	M81	C92	0.08176100628930817	0.0546
10042	M81	B51	0.08648648648648649	0.0462
10043	M81	C73	0.040492957746478875	0.2377
10044	M81	C37	0.03914590747330961	0.2494
10045	M81	C23	0.03852889667250438	0.2549
10046	M81	C56	0.03806228373702422	0.2591
10047	M81	E20	0.05813953488372093	0.1269
10048	M81	C91	0.08433734939759036	0.0498
10049	M81	B50	0.08695652173913043	0.0454
10050	M81	C04	0.03873239436619718	0.253
10051	M81	C82	0.07222222222222222	0.0768
10052	M81	C54	0.038461538461538464	0.2555
10053	M81	C16	0.04436860068259386	0.2071
10054	M81	C11	0.03893805309734513	0.2512
10055	M81	B54	0.13445378151260504	0.0083
10056	M81	C95	0.06481481481481481	0.1
10057	M81	D46	0.075	0.0696
10058	M81	J35	0.05747126436781609	0.1299
10059	M81	C85	0.07103825136612021	0.0801
10060	M81	D12	0.037037037037037035	0.2688
10061	M81	C83	0.06701030927835051	0.0925
10062	M81	C40	0.03914590747330961	0.2494
10063	M81	G03	0.03614457831325301	0.2774
10064	M81	C63	0.03773584905660377	0.2622
10065	M81	B47	0.034782608695652174	0.2199
10066	M81	E55	0.022727272727272728	0.1788
10067	M81	K43	0.11702127659574468	0.0699
10068	M81	M88	0.07377049180327869	0.0151
10069	M81	G10	0.02564102564102564	0.2469
10070	M81	H80	0.09183673469387756	0.0037
10071	M81	Q78	0.04824561403508772	0.1542
10072	M81	H18	0.027777777777777776	0.1897
10073	M81	E83	0.025974025974025976	0.2996
10074	M81	M85	0.04081632653061224	0.1493
10075	M81	E03	0.031578947368421054	0.264
10076	M81	M89	0.048034934497816595	0.1307
10077	M81	G00	0.03007518796992481	0.2858
10078	M81	E27	0.030612244897959183	0.2485
10079	M81	P84	0.033707865168539325	0.2508
10080	M81	C44	0.045112781954887216	0.2179
10081	M81	B53	0.08888888888888889	0.2356
10082	M81	G45	0.04854368932038835	0.2764
10083	M81	B52	0.08888888888888889	0.2356
10084	M81	Q65	0.05069124423963134	0.1314
10085	M81	T37	0.08888888888888889	0.2356
10086	M81	N98	0.047058823529411764	0.2862
10087	M81	M82	0.045112781954887216	0.1458
10088	Q23	C86	0.025	0.2512
10089	Q23	K59	0.03418803418803419	0.1508
10090	Q23	D13	0.02197802197802198	0.297
10091	Q23	K63	0.030534351145038167	0.1848
10092	Q23	K92	0.023474178403755867	0.2734
10093	Q23	I42	0.03619909502262444	0.1349
10094	Q23	I71	0.031578947368421054	0.1743
10095	Q23	I49	0.03205128205128205	0.1698
10096	Q23	Q22	0.08762886597938144	0.0076
10097	Q23	I45	0.05161290322580645	0.0571
10098	Q23	I51	0.04417670682730924	0.0865
10099	Q23	C18	0.024	0.2655
10100	Q23	C88	0.013513513513513514	0.2771
10101	Q23	Q32	0.06896551724137931	0.0107
10102	Q23	Q79	0.031914893617021274	0.1538
10103	Q23	Q20	0.024390243902439025	0.1139
10104	Q23	G73	0.0425531914893617	0.1431
10105	Q23	Q70	0.023255813953488372	0.0559
10106	Q23	Q25	0.09302325581395349	0.0147
10107	Q23	Q24	0.08455882352941177	0.0341
10108	Q23	Q75	0.017543859649122806	0.2832
10109	Q23	Q26	0.037037037037037035	0.2726
10110	Q23	Q89	0.024691358024691357	0.0002
10111	Q23	P56	0.04697986577181208	0.0909
10112	C44	C62	0.042435424354243544	0.2386
10113	C44	C71	0.040293040293040296	0.2565
10114	C44	C08	0.04066543438077634	0.2533
10115	C44	C25	0.04066543438077634	0.2533
10116	C44	C67	0.044964028776978415	0.219
10117	C44	C09	0.04066543438077634	0.2533
10118	C44	C60	0.04066543438077634	0.2533
10119	C44	C32	0.04021937842778794	0.2572
10120	C44	C50	0.03942652329749104	0.2642
10121	C44	C61	0.04569420035149385	0.2137
10122	C44	C10	0.040515653775322284	0.2546
10123	C44	C51	0.04036697247706422	0.2559
10124	C44	C49	0.040998217468805706	0.2505
10125	C44	C84	0.07317073170731707	0.0842
10126	C44	C66	0.04066543438077634	0.2533
10127	C44	C73	0.040145985401459854	0.2578
10128	C44	C37	0.04066543438077634	0.2533
10129	C44	C23	0.04	0.2591
10130	C44	C56	0.04136690647482014	0.2474
10131	C44	C04	0.04021937842778794	0.2572
10132	C44	C82	0.06832298136645963	0.0993
10133	C44	C54	0.04181818181818182	0.2436
10134	C44	C16	0.040492957746478875	0.2548
10135	C44	C11	0.04044117647058824	0.2553
10136	C44	C85	0.06707317073170732	0.1035
10137	C44	K12	0.04938271604938271	0.1886
10138	C44	D47	0.04716981132075472	0.2033
10139	C44	C83	0.06285714285714286	0.1195
10140	C44	C86	0.04807692307692308	0.1971
10141	C44	C40	0.04066543438077634	0.2533
10142	C44	C63	0.040998217468805706	0.2505
10143	C44	D34	0.10144927536231885	0.1428
10144	C44	L82	0.12121212121212122	0.0434
10145	C44	C45	0.0625	0.1772
10146	C44	I61	0.022988505747126436	0.2926
10147	C44	D24	0.10144927536231885	0.1428
10148	C44	D32	0.11392405063291139	0.0723
10149	C44	D27	0.029850746268656716	0.2506
10150	C44	E85	0.056	0.1376
10151	C44	F24	0.03333333333333333	0.281
10152	C44	D83	0.021739130434782608	0.2948
10153	C44	J85	0.059322033898305086	0.2671
10154	C44	Q85	0.05063291139240506	0.0963
10155	C44	K83	0.06086956521739131	0.2379
10156	C44	Q28	0.028985507246376812	0.0954
10157	C44	N32	0.043478260869565216	0.2227
10158	C44	Q35	0.023076923076923078	0.295
10159	C44	Q41	0.028846153846153848	0.2254
10160	C44	N64	0.04597701149425287	0.2063
10161	C44	P24	0.023529411764705882	0.1769
10162	C44	K31	0.016666666666666666	0.219
10163	C44	N83	0.02040816326530612	0.2724
10164	C44	G45	0.04819277108433735	0.279
10165	C44	F12	0.05813953488372093	0.0892
10166	C44	K73	0.03	0.1425
10167	C44	D89	0.028985507246376812	0.1331
10168	C44	C90	0.052884615384615384	0.2649
10169	C44	L56	0.05714285714285714	0.2029
10170	C44	D07	0.14285714285714285	0.0818
10171	C44	D02	0.14	0.0833
10172	C44	K92	0.05154639175257732	0.2846
10173	C44	D00	0.14285714285714285	0.0818
10174	C44	D01	0.14	0.0853
10175	C44	L57	0.07633587786259542	0.2348
10176	C44	C14	0.07407407407407407	0.0662
10177	C44	D44	0.04040404040404041	0.1594
10178	C44	D41	0.01639344262295082	0.2415
10179	C44	Q37	0.04878048780487805	0.1848
10180	C44	D36	0.10144927536231885	0.1428
10181	C44	N98	0.0625	0.1895
10182	C44	D29	0.10144927536231885	0.1428
10183	C44	D14	0.10144927536231885	0.1428
10184	N83	J02	0.023255813953488372	0.227
10185	N83	M10	0.024096385542168676	0.2151
10186	N83	L10	0.029850746268656716	0.1486
10187	N83	I80	0.021739130434782608	0.2502
10188	N83	M45	0.02830188679245283	0.1642
10189	N83	I05	0.021739130434782608	0.2502
10190	N83	G03	0.021739130434782608	0.2502
10191	N83	O15	0.029850746268656716	0.1486
10192	N83	M77	0.022222222222222223	0.2425
10193	N83	B60	0.022727272727272728	0.2348
10194	N83	N98	0.06382978723404255	0.0164
10195	N83	K41	0.021052631578947368	0.2614
10196	N83	K40	0.019230769230769232	0.2937
10197	N83	K42	0.027777777777777776	0.1698
10198	N83	D25	0.03821656050955414	0.0867
10199	N83	K46	0.021052631578947368	0.2614
10200	N83	J85	0.028846153846153848	0.1586
10201	N83	N94	0.022222222222222223	0.2425
10202	N83	K45	0.021052631578947368	0.2614
10203	N83	N96	0.023255813953488372	0.227
10204	N83	E03	0.01948051948051948	0.2891
10205	N83	C14	0.029850746268656716	0.1486
10206	N83	E25	0.022222222222222223	0.2736
10207	N83	N13	0.024390243902439025	0.0658
10208	N83	Q50	0.1951219512195122	0.0041
10209	G45	J02	0.06896551724137931	0.1606
10210	G45	M10	0.18032786885245902	0.0082
10211	G45	M86	0.05454545454545454	0.2357
10212	G45	J03	0.05263157894736842	0.248
10213	G45	I80	0.0625	0.1908
10214	G45	C55	0.2127659574468085	0.0034
10215	G45	H60	0.06060606060606061	0.2006
10216	G45	C84	0.07407407407407407	0.1402
10217	G45	I30	0.3548387096774194	0.0001
10218	G45	C91	0.0847457627118644	0.1055
10219	G45	I63	0.09302325581395349	0.0846
10220	G45	C82	0.07633587786259542	0.132
10221	G45	I05	0.0625	0.1908
10222	G45	J35	0.05263157894736842	0.248
10223	G45	M04	0.25	0.0012
10224	G45	K76	0.05128205128205128	0.257
10225	G45	C85	0.07462686567164178	0.1382
10226	G45	K12	0.058823529411764705	0.2104
10227	G45	C83	0.06896551724137931	0.1606
10228	G45	G03	0.0625	0.1908
10229	G45	M70	0.04878048780487805	0.2747
10230	G45	I40	0.3103448275862069	0.0086
10231	G45	C65	0.15254237288135594	0.0588
10232	G45	N35	0.3103448275862069	0.0077
10233	G45	C17	0.15517241379310345	0.057
10234	G45	A78	0.06451612903225806	0.12
10235	G45	H33	0.23076923076923078	0.0079
10236	G45	C45	0.08928571428571429	0.0841
10237	G45	J00	0.07692307692307693	0.2893
10238	G45	C18	0.12162162162162163	0.0873
10239	G45	C15	0.23684210526315788	0.0066
10240	G45	E78	0.03389830508474576	0.1046
10241	G45	C57	0.13432835820895522	0.0611
10242	G45	P84	0.08108108108108109	0.0351
10243	G45	C38	0.03125	0.1862
10244	G45	G56	0.21428571428571427	0.0049
10245	G45	M77	0.06451612903225806	0.2517
10246	G45	I75	0.044444444444444446	0.1699
10247	G45	C22	0.08108108108108109	0.2653
10248	G45	O01	0.23684210526315788	0.0316
10249	G45	C90	0.062146892655367235	0.2098
10250	G45	B60	0.06666666666666667	0.288
10251	G45	Q37	0.03773584905660377	0.2714
10252	G45	N98	0.05714285714285714	0.2186
10253	F12	J02	0.029411764705882353	0.2951
10254	F12	M10	0.0410958904109589	0.1815
10255	F12	L10	0.034482758620689655	0.239
10256	F12	K85	0.03225806451612903	0.2622
10257	F12	J21	0.0425531914893617	0.1708
10258	F12	K27	0.061224489795918366	0.0784
10259	F12	J03	0.047619047619047616	0.1383
10260	F12	I30	0.045454545454545456	0.1514
10261	F12	K02	0.0392156862745098	0.1963
10262	F12	J35	0.047619047619047616	0.1383
10263	F12	M04	0.038461538461538464	0.2025
10264	F12	K12	0.03571428571428571	0.2271
10265	F12	O15	0.05263157894736842	0.1122
10266	F12	N98	0.05128205128205128	0.1187
10267	F12	F99	0.05521472392638037	0.1008
10268	F12	K30	0.0392156862745098	0.1963
10269	F12	J00	0.05263157894736842	0.1122
10270	F12	K42	0.031746031746031744	0.2678
10271	F12	F91	0.030303030303030304	0.2844
10272	F12	N23	0.05084745762711865	0.1209
10273	F12	F50	0.061224489795918366	0.0784
10274	F12	I84	0.04	0.19
10275	F12	J85	0.0425531914893617	0.1708
10276	F12	I47	0.029850746268656716	0.2898
10277	F12	F11	0.14285714285714285	0.0025
10278	F12	M79	0.08695652173913043	0.0267
10279	F12	C18	0.03571428571428571	0.2271
10280	F12	C57	0.05263157894736842	0.1122
10281	F12	F43	0.029411764705882353	0.1585
10282	F12	G20	0.030927835051546393	0.2115
10283	F12	D27	0.05	0.0978
10284	F12	G00	0.03488372093023256	0.2337
10285	F12	N94	0.05714285714285714	0.1979
10286	F12	C14	0.034482758620689655	0.2838
10287	F12	O90	0.05405405405405406	0.1486
10288	F12	D44	0.02702702702702703	0.2935
10289	F12	D41	0.029411764705882353	0.0769
10290	F12	C78	0.047619047619047616	0.1471
10291	Q50	N98	0.13333333333333333	0.0261
10292	Q50	N94	0.08333333333333333	0.1077
10293	Q50	N96	0.1	0.0676
10294	Q50	D52	0.058823529411764705	0.2109
10295	D41	C93	0.023255813953488372	0.1323
10296	D41	H16	0.05263157894736842	0.0096
10297	D41	C86	0.0392156862745098	0.0321
10298	D41	D13	0.045454545454545456	0.0183
10299	D41	K14	0.017857142857142856	0.2125
10300	D41	I07	0.017857142857142856	0.2125
10301	D41	J85	0.014705882352941176	0.2799
10302	D41	L75	0.017857142857142856	0.2125
10303	D41	I09	0.017857142857142856	0.2125
10304	D41	I08	0.017857142857142856	0.2125
10305	D41	C65	0.023809523809523808	0.126
10306	D41	C17	0.024390243902439025	0.1197
10307	D41	C18	0.017543859649122806	0.2184
10308	D41	C57	0.02	0.1761
10309	D41	D07	0.01818181818181818	0.2066
10310	D41	D02	0.017543859649122806	0.2184
10311	D41	D00	0.01818181818181818	0.2066
10312	D41	D01	0.017543859649122806	0.2184
10313	D41	C14	0.03333333333333333	0.0543
10314	D41	K83	0.015384615384615385	0.2638
10315	D41	D44	0.021739130434782608	0.1512
10316	D41	C47	0.05714285714285714	0.0064
10317	D41	P24	0.03333333333333333	0.0543
10318	N98	J02	0.2	0.0047
10319	N98	L10	0.05714285714285714	0.2186
10320	N98	K85	0.05128205128205128	0.2557
10321	N98	M86	0.05405405405405406	0.2374
10322	N98	K27	0.07407407407407407	0.1391
10323	N98	J03	0.10526315789473684	0.0603
10324	N98	I80	0.15384615384615385	0.0163
10325	N98	C55	0.08571428571428572	0.1018
10326	N98	H60	0.14285714285714285	0.0219
10327	N98	B00	0.08	0.1187
10328	N98	I30	0.09523809523809523	0.0789
10329	N98	I63	0.07692307692307693	0.1288
10330	N98	I05	0.15384615384615385	0.0163
10331	N98	J35	0.10526315789473684	0.0603
10332	N98	K76	0.1	0.0694
10333	N98	K12	0.06060606060606061	0.1993
10334	N98	G03	0.15384615384615385	0.0163
10335	N98	M70	0.09090909090909091	0.0886
10336	N98	O15	0.08823529411764706	0.0952
10337	N98	M77	0.16666666666666666	0.0115
10338	N98	M71	0.09090909090909091	0.0886
10339	N98	B60	0.18181818181818182	0.0076
10340	N98	B38	0.09523809523809523	0.1974
10341	N98	L90	0.09090909090909091	0.0836
10342	N98	B41	0.13333333333333333	0.0624
10343	N98	F24	0.09090909090909091	0.0298
10344	N98	N96	0.09090909090909091	0.0386
10345	N98	Q51	0.07142857142857142	0.0147
10346	N98	G00	0.03125	0.2721
10347	N98	P84	0.05	0.128
10348	N98	N95	0.09090909090909091	0.058
10349	N98	N90	0.09090909090909091	0.0836
10350	N98	N94	0.16666666666666666	0.0083
10351	N98	Q37	0.058823529411764705	0.1302
10352	N61	A21	0.0211864406779661	0.2936
10353	N61	C67	0.022556390977443608	0.2712
10354	N61	C61	0.022091310751104567	0.2786
10355	N61	M45	0.02262443438914027	0.2701
10356	N61	J12	0.03514376996805112	0.2171
10357	N61	U04	0.030303030303030304	0.2857
10358	B16	L10	0.052083333333333336	0.2279
10359	B16	L43	0.02857142857142857	0.2531
10360	B16	N03	0.02531645569620253	0.2512
10361	B16	B19	0.07894736842105263	0.1201
10362	B16	B15	0.0821917808219178	0.1802
10363	B16	C86	0.0423728813559322	0.2866
10364	B16	Q39	0.046511627906976744	0.021
10365	B16	G36	0.04878048780487805	0.1589
10366	B16	B17	0.0821917808219178	0.1802
10367	B16	A16	0.041237113402061855	0.1963
10368	L10	J02	0.06896551724137931	0.1409
10369	L10	M10	0.058823529411764705	0.1881
10370	L10	B30	0.06896551724137931	0.2618
10371	L10	L43	0.05	0.0899
10372	L10	K27	0.06666666666666667	0.2092
10373	L10	J03	0.14285714285714285	0.0938
10374	L10	I80	0.0625	0.1675
10375	L10	N03	0.058823529411764705	0.0395
10376	L10	H60	0.09375	0.095
10377	L10	J00	0.09803921568627451	0.2057
10378	L10	B00	0.06976744186046512	0.0989
10379	L10	I30	0.07692307692307693	0.2043
10380	L10	I63	0.044444444444444446	0.2004
10381	L10	H10	0.06896551724137931	0.2618
10382	L10	I05	0.0625	0.2086
10383	L10	D83	0.028037383177570093	0.2066
10384	L10	B27	0.03125	0.2178
10385	L10	Z88	0.046875	0.1559
10386	L10	J35	0.14285714285714285	0.0938
10387	L10	K76	0.05128205128205128	0.2212
10388	L10	G37	0.029411764705882353	0.1416
10389	L10	G00	0.04938271604938271	0.1271
10390	L10	C86	0.05405405405405406	0.2029
10391	L10	G03	0.0967741935483871	0.0985
10392	L10	O15	0.07692307692307693	0.2258
10393	L10	G04	0.019801980198019802	0.2007
10394	L10	A74	0.06896551724137931	0.2618
10395	L10	M77	0.1	0.1175
10396	L10	B60	0.06666666666666667	0.288
10397	L10	M48	0.057692307692307696	0.2342
10398	L10	M19	0.07633587786259542	0.2239
10399	L10	G36	0.10810810810810811	0.0166
10400	L10	Q37	0.03773584905660377	0.2714
10401	L10	H91	0.034482758620689655	0.2065
10402	L10	A16	0.037037037037037035	0.2323
10403	L43	M10	0.025974025974025976	0.2869
10404	L43	L82	0.08695652173913043	0.1058
10405	L43	M83	0.02564102564102564	0.1353
10406	L43	E12	0.038461538461538464	0.2005
10407	L43	J33	0.05454545454545454	0.2495
10408	L43	Z88	0.07246376811594203	0.0559
10409	L43	A04	0.03636363636363636	0.2798
10410	L43	G37	0.024390243902439025	0.1982
10411	L43	Q85	0.03508771929824561	0.1982
10412	L43	N32	0.043478260869565216	0.2227
10413	L43	J30	0.07547169811320754	0.14
10414	L43	G36	0.043478260869565216	0.1942
10415	L43	C14	0.05	0.1607
10416	L43	L27	0.03879310344827586	0.2753
10417	L43	C78	0.06818181818181818	0.0639
10418	L43	A16	0.03278688524590164	0.2753
10419	N03	K50	0.027777777777777776	0.2195
10420	N03	B55	0.06060606060606061	0.0358
10421	N03	C86	0.03571428571428571	0.1419
10422	N03	K63	0.029411764705882353	0.2007
10423	N03	G36	0.10526315789473684	0.0029
10424	N03	E85	0.038461538461538464	0.2567
10425	N03	A81	0.05	0.0617
10426	N03	G37	0.07142857142857142	0.0081
10427	N03	D84	0.10526315789473684	0.0022
10428	N03	I06	0.06666666666666667	0.0827
10429	B19	A71	0.0625	0.1876
10430	B19	B55	0.058823529411764705	0.2071
10431	B19	G36	0.1	0.0677
10432	B19	K37	0.06896551724137931	0.1575
10433	B19	D52	0.05555555555555555	0.2262
10434	B19	B15	0.6666666666666666	0.0
10435	B19	K73	0.0392156862745098	0.078
10436	B19	D71	0.043478260869565216	0.0028
10437	B19	B17	0.6666666666666666	0.0
10438	B15	G36	0.11764705882352941	0.0848
10439	B15	B17	1.0	0.0
10440	C86	C62	0.057034220532319393	0.1858
10441	C86	C71	0.05671077504725898	0.1876
10442	C86	C93	0.04597701149425287	0.2577
10443	C86	C08	0.05725190839694656	0.1846
10444	C86	C25	0.05725190839694656	0.1846
10445	C86	C67	0.05925925925925926	0.1739
10446	C86	C09	0.05725190839694656	0.1846
10447	C86	C60	0.05725190839694656	0.1846
10448	C86	C32	0.05660377358490566	0.1882
10449	C86	C50	0.05545286506469501	0.1947
10450	C86	C61	0.055855855855855854	0.1924
10451	C86	C10	0.057034220532319393	0.1858
10452	C86	C51	0.060836501901140684	0.166
10453	C86	C49	0.05504587155963303	0.197
10454	C86	C84	0.18439716312056736	0.0042
10455	C86	C66	0.05725190839694656	0.1846
10456	C86	C92	0.04411764705882353	0.2722
10457	C86	C73	0.05649717514124294	0.1888
10458	C86	C37	0.05725190839694656	0.1846
10459	C86	C23	0.05628517823639775	0.1899
10460	C86	C56	0.05947955390334572	0.1728
10461	C86	C04	0.05660377358490566	0.1882
10462	C86	C82	0.07236842105263158	0.118
10463	C86	C54	0.056179775280898875	0.1905
10464	C86	C16	0.056261343012704176	0.1901
10465	C86	C11	0.056925996204933584	0.1864
10466	C86	C95	0.041666666666666664	0.2927
10467	C86	D46	0.05185185185185185	0.2166
10468	C86	C85	0.16083916083916083	0.0085
10469	C86	D47	0.0967741935483871	0.0572
10470	C86	D12	0.047619047619047616	0.2455
10471	C86	C83	0.14935064935064934	0.0119
10472	C86	B74	0.03773584905660377	0.0856
10473	C86	L68	0.03508771929824561	0.0141
10474	C86	D27	0.05263157894736842	0.0865
10475	C86	F72	0.05	0.0995
10476	C86	C46	0.026785714285714284	0.1477
10477	C86	J85	0.07407407407407407	0.1922
10478	C86	Q85	0.04225352112676056	0.1422
10479	C86	K83	0.0660377358490566	0.2105
10480	C86	N32	0.11538461538461539	0.0181
10481	C86	C94	0.04477611940298507	0.1093
10482	C86	N64	0.05128205128205128	0.1718
10483	C86	K59	0.0425531914893617	0.2419
10484	C86	M94	0.04918032786885246	0.0579
10485	C86	M22	0.05454545454545454	0.057
10486	C86	G04	0.016260162601626018	0.2678
10487	C86	D3A	0.029411764705882353	0.1706
10488	C86	D89	0.03333333333333333	0.0981
10489	C86	C96	0.027777777777777776	0.2154
10490	C86	C22	0.09230769230769231	0.2207
10491	C86	D21	0.0196078431372549	0.2231
10492	C86	Q03	0.05555555555555555	0.0042
10493	C86	L92	0.038461538461538464	0.122
10494	C86	F81	0.03731343283582089	0.2779
10495	C86	D07	0.09574468085106383	0.1873
10496	C86	K63	0.04672897196261682	0.2083
10497	C86	D02	0.09375	0.1899
10498	C86	K92	0.07142857142857142	0.175
10499	C86	D00	0.09574468085106383	0.1873
10500	C86	D01	0.10526315789473684	0.1574
10501	C86	G36	0.03278688524590164	0.2909
10502	C86	C14	0.04	0.2319
10503	C86	C97	0.05357142857142857	0.0196
10504	C86	C47	0.05	0.1666
10505	C86	D10	0.038461538461538464	0.1569
10506	C86	C78	0.03333333333333333	0.2619
10507	Q39	Q54	0.036585365853658534	0.0487
10508	Q39	P84	0.03571428571428571	0.0525
10509	Q39	A26	0.04	0.0365
10510	Q39	M87	0.03333333333333333	0.0641
10511	Q39	Q32	0.08823529411764706	0.0005
10512	Q39	Q20	0.037037037037037035	0.0357
10513	Q39	Q42	0.03225806451612903	0.058
10514	Q39	I06	0.041666666666666664	0.2119
10515	Q39	D11	0.05	0.0177
10516	G36	J21	0.034482758620689655	0.2728
10517	G36	M00	0.052083333333333336	0.1402
10518	G36	J03	0.041666666666666664	0.2079
10519	G36	M17	0.05154639175257732	0.1431
10520	G36	L51	0.05555555555555555	0.1229
10521	G36	H60	0.05263157894736842	0.1373
10522	G36	C84	0.04	0.2215
10523	G36	B00	0.03333333333333333	0.2849
10524	G36	I30	0.038461538461538464	0.2347
10525	G36	H16	0.034482758620689655	0.2728
10526	G36	E20	0.043478260869565216	0.1942
10527	G36	C91	0.056074766355140186	0.1205
10528	G36	B55	0.05263157894736842	0.1373
10529	G36	J35	0.041666666666666664	0.2079
10530	G36	J84	0.0392156862745098	0.2281
10531	G36	C85	0.04032258064516129	0.2188
10532	G36	C83	0.037037037037037035	0.2477
10533	G36	G03	0.05555555555555555	0.1229
10534	G36	M70	0.037037037037037035	0.2477
10535	G36	M77	0.058823529411764705	0.1086
10536	G36	I75	0.03225806451612903	0.2967
10537	G36	M71	0.037037037037037035	0.2477
10538	G36	M02	0.049019607843137254	0.1574
10539	G36	M19	0.05	0.1517
10540	G36	A55	0.0625	0.2515
10541	G36	B69	0.05555555555555555	0.1879
10542	G36	B30	0.06666666666666667	0.2738
10543	G36	H20	0.058823529411764705	0.1209
10544	G36	H10	0.06666666666666667	0.2738
10545	G36	D83	0.03260869565217391	0.1596
10546	G36	G37	0.05263157894736842	0.0295
10547	G36	C38	0.058823529411764705	0.0404
10548	G36	A74	0.06666666666666667	0.2738
10549	G36	A58	0.0625	0.2515
10550	G36	Q30	0.05263157894736842	0.1741
10551	G36	B17	0.11764705882352941	0.0848
10552	G36	A26	0.047619047619047616	0.1863
10553	A16	Z88	0.03076923076923077	0.2983
10554	A16	J65	0.05859375	0.0973
10555	A16	K20	0.0213903743315508	0.2474
10556	A16	L60	0.03125	0.0083
10557	F03	B00	0.0425531914893617	0.1637
10558	F03	F99	0.049079754601226995	0.1236
10559	F03	E83	0.0380952380952381	0.1982
10560	F03	P84	0.04878048780487805	0.1252
10561	F03	F02	0.10204081632653061	0.0122
10562	F03	Q90	0.03225806451612903	0.2545
10563	F03	M88	0.025	0.2463
10564	F03	G20	0.05319148936170213	0.0683
10565	F03	E85	0.050505050505050504	0.1673
10566	F03	A81	0.07317073170731707	0.0165
10567	F03	E75	0.02197802197802198	0.2881
10568	F03	G12	0.16216216216216217	0.0004
10569	F03	G31	0.06451612903225806	0.236
10570	F03	L74	0.030303030303030304	0.0159
10571	F03	D28	0.03225806451612903	0.2815
10572	F03	I68	0.06	0.0425
10573	F03	I99	0.03225806451612903	0.1802
10574	G10	M00	0.024	0.2702
10575	G10	M17	0.023809523809523808	0.273
10576	G10	K02	0.03389830508474576	0.1569
10577	G10	M24	0.034482758620689655	0.152
10578	G10	M02	0.022900763358778626	0.2869
10579	G10	M19	0.026845637583892617	0.2312
10580	G10	M13	0.024	0.2702
10581	G10	F99	0.022727272727272728	0.2897
10582	G10	F43	0.04878048780487805	0.0464
10583	G10	G20	0.02857142857142857	0.2383
10584	G10	C46	0.019417475728155338	0.2507
10585	F00	A39	0.022775200337410376	0.2946
10586	F00	G98	0.025693730729701953	0.2516
10587	F00	H52	0.027497708524289642	0.2282
10588	F00	E88	0.030563514804202482	0.1933
10589	F00	E90	0.030977734753146177	0.189
10590	F00	E85	0.04439252336448598	0.2079
10591	I61	I80	0.02857142857142857	0.2169
10592	I61	I63	0.06521739130434782	0.03
10593	I61	L25	0.039603960396039604	0.1198
10594	I61	I05	0.02857142857142857	0.2169
10595	I61	I26	0.06153846153846154	0.0366
10596	I61	J84	0.025	0.2627
10597	I61	D68	0.07142857142857142	0.0214
10598	I61	O15	0.03571428571428571	0.1477
10599	I61	D13	0.041666666666666664	0.1072
10600	I61	C90	0.02702702702702703	0.2356
10601	I61	H95	0.030303030303030304	0.1976
10602	I61	J90	0.044444444444444446	0.0923
10603	I61	J91	0.044444444444444446	0.0923
10604	I61	N99	0.030303030303030304	0.1976
10605	I61	G51	0.02912621359223301	0.2105
10606	I61	M50	0.044444444444444446	0.0923
10607	I61	K14	0.037037037037037035	0.1376
10608	I61	I07	0.037037037037037035	0.1376
10609	I61	N42	0.02564102564102564	0.2538
10610	I61	G52	0.029411764705882353	0.2073
10611	I61	L75	0.037037037037037035	0.1376
10612	I61	I09	0.037037037037037035	0.1376
10613	I61	S27	0.02702702702702703	0.2356
10614	I61	T30	0.02564102564102564	0.2538
10615	I61	I08	0.037037037037037035	0.1376
10616	I61	H80	0.03636363636363636	0.1427
10617	I61	C65	0.029411764705882353	0.2073
10618	I61	C17	0.029850746268656716	0.2025
10619	I61	C18	0.036585365853658534	0.141
10620	I61	Q90	0.03278688524590164	0.1729
10621	I61	M87	0.047619047619047616	0.0778
10622	I61	Q28	0.05	0.0167
10623	I61	M85	0.04	0.1551
10624	I61	J96	0.03571428571428571	0.279
10625	I61	P61	0.058823529411764705	0.0015
10626	I61	K73	0.04225352112676056	0.0639
10627	I61	O88	0.0625	0.1924
10628	I61	I99	0.03333333333333333	0.1696
10629	G20	F99	0.04522613065326633	0.1024
10630	G20	G98	0.03363914373088685	0.1844
10631	G20	G24	0.12264150943396226	0.0011
10632	G20	D27	0.02631578947368421	0.2954
10633	G20	A81	0.02531645569620253	0.2467
10634	G20	E75	0.023622047244094488	0.2623
10635	G20	G12	0.03361344537815126	0.2156
10636	E85	C82	0.0449438202247191	0.2039
10637	E85	C85	0.04419889502762431	0.2094
10638	E85	C83	0.041666666666666664	0.2291
10639	E85	L57	0.040268456375838924	0.2407
10640	E85	L27	0.08139534883720931	0.0556
10641	E85	D09	0.039473684210526314	0.2476
10642	E85	E88	0.10042432814710042	0.0281
10643	E85	E90	0.10245310245310245	0.0261
10644	E85	K73	0.035398230088495575	0.2861
10645	E85	D32	0.07368421052631578	0.0732
10646	E85	D07	0.09565217391304348	0.0334
10647	E85	D02	0.09401709401709402	0.0354
10648	E85	D00	0.09565217391304348	0.0334
10649	E85	D01	0.09401709401709402	0.0354
10650	E85	L82	0.07317073170731707	0.0746
10651	E85	A81	0.06172839506172839	0.1122
10652	E85	I68	0.1728395061728395	0.0021
10653	E85	D34	0.08433734939759036	0.1986
10654	E85	D24	0.08433734939759036	0.1986
10655	E85	J47	0.02830188679245283	0.1854
10656	E85	E78	0.02912621359223301	0.1443
10657	E85	D84	0.023809523809523808	0.2649
10658	E85	H18	0.0297029702970297	0.1689
10659	E85	E07	0.03669724770642202	0.1588
10660	E85	L74	0.013333333333333334	0.1684
10661	E85	D80	0.02702702702702703	0.2632
10662	E85	L56	0.05042016806722689	0.2451
10663	E85	D36	0.08433734939759036	0.1986
10664	E85	D29	0.08433734939759036	0.1986
10665	E85	D14	0.08433734939759036	0.1986
10666	E12	E14	0.08960573476702509	0.0233
10667	E12	M00	0.044444444444444446	0.156
10668	E12	L93	0.03333333333333333	0.2486
10669	E12	M17	0.04419889502762431	0.1576
10670	E12	E10	0.04396632366697849	0.1592
10671	E12	M02	0.043010752688172046	0.1657
10672	E12	M19	0.03902439024390244	0.1958
10673	E12	E08-E13	0.09823182711198428	0.0161
10674	E12	L27	0.033783783783783786	0.2439
10675	E12	M09	0.04522613065326633	0.151
10676	E12	M13	0.044444444444444446	0.156
10677	E12	O24	0.068	0.0579
10678	E12	E35	0.0625	0.073
10679	E12	E88	0.14184397163120568	0.0025
10680	E12	E90	0.1447178002894356	0.0022
10681	E12	R73	0.03205128205128205	0.2623
10682	E12	Q45	0.046511627906976744	0.143
10683	E12	C46	0.018518518518518517	0.2674
10684	E12	G37	0.01904761904761905	0.2831
10685	E12	P70	0.08823529411764706	0.0014
10686	E12	E03	0.02857142857142857	0.2998
10687	E12	E15	0.04807692307692308	0.0655
10688	E12	K73	0.02857142857142857	0.1565
10689	E12	D89	0.01818181818181818	0.2831
10690	E12	Y84	0.07758620689655173	0.0119
10691	E12	I68	0.025210084033613446	0.2693
10692	E12	Z94	0.07758620689655173	0.0119
10693	A81	B00	0.03333333333333333	0.1577
10694	A81	E83	0.02247191011235955	0.289
10695	A81	D09	0.11764705882352941	0.0012
10696	A81	F02	0.058823529411764705	0.0374
10697	A81	D07	0.03125	0.1772
10698	A81	D02	0.030303030303030304	0.1868
10699	A81	D00	0.03125	0.1772
10700	A81	D01	0.030303030303030304	0.1868
10701	A81	Q90	0.12195121951219512	0.001
10702	A81	D84	0.04	0.1056
10703	A81	L65	0.06666666666666667	0.0054
10704	A81	E07	0.0392156862745098	0.1398
10705	A81	D28	0.07692307692307693	0.0446
10706	A81	I68	0.12903225806451613	0.001
10707	E75	K76	0.08695652173913043	0.0064
10708	E75	K92	0.029850746268656716	0.1835
10709	E75	E88	0.06085753803596127	0.0302
10710	E75	E90	0.06205923836389281	0.0282
10711	E75	K70	0.05303030303030303	0.0479
10712	E75	E77	0.06153846153846154	0.0
10713	E75	E76	0.03409090909090909	0.1229
10714	H18	G51	0.038834951456310676	0.0971
10715	H18	K14	0.04938271604938271	0.0511
10716	H18	I07	0.04938271604938271	0.0511
10717	H18	N42	0.03418803418803419	0.1288
10718	H18	G52	0.0392156862745098	0.0949
10719	H18	L75	0.04938271604938271	0.0511
10720	H18	I09	0.04938271604938271	0.0511
10721	H18	D09	0.027777777777777776	0.1897
10722	H18	T30	0.038461538461538464	0.0994
10723	H18	I08	0.04938271604938271	0.0511
10724	H18	D28	0.03225806451612903	0.1447
10725	H18	I68	0.0392156862745098	0.0949
10726	H18	Q79	0.03773584905660377	0.1038
10727	H18	F70	0.029411764705882353	0.0287
10728	H18	D31	0.03488372093023256	0.116
10729	L65	L95	0.09090909090909091	0.0007
10730	L65	D09	0.125	0.0
10731	L65	L59	0.09090909090909091	0.0007
10732	L65	L53	0.09090909090909091	0.0007
10733	L65	D07	0.01818181818181818	0.2514
10734	L65	D02	0.017543859649122806	0.2641
10735	L65	D00	0.01818181818181818	0.2514
10736	L65	D01	0.017543859649122806	0.2641
10737	L65	L26	0.041666666666666664	0.0404
10738	L65	I68	0.041666666666666664	0.0404
10739	L65	Q84	0.034482758620689655	0.0768
10740	L65	L44	0.024390243902439025	0.2967
10741	L65	L67	0.045454545454545456	0.0226
10742	L74	L70	0.014925373134328358	0.1355
10743	L74	L73	0.031578947368421054	0.0133
10744	L74	L27	0.014563106796116505	0.1424
10745	L74	P84	0.07142857142857142	0.0
10746	L74	L02	0.07692307692307693	0.0
10747	L74	C46	0.014925373134328358	0.1355
10748	L74	L81	0.07692307692307693	0.0015
10749	P84	J02	0.07142857142857142	0.0526
10750	P84	K27	0.03225806451612903	0.2663
10751	P84	J03	0.043478260869565216	0.1676
10752	P84	N41	0.05	0.128
10753	P84	I80	0.058823529411764705	0.0888
10754	P84	H60	0.05555555555555555	0.1016
10755	P84	B00	0.034482758620689655	0.2429
10756	P84	I30	0.04	0.1935
10757	P84	I63	0.03333333333333333	0.2547
10758	P84	I05	0.058823529411764705	0.0888
10759	P84	J35	0.043478260869565216	0.1676
10760	P84	K76	0.041666666666666664	0.1806
10761	P84	G03	0.058823529411764705	0.0888
10762	P84	M70	0.038461538461538464	0.2062
10763	P84	M77	0.0625	0.0762
10764	P84	M71	0.038461538461538464	0.2062
10765	P84	G95	0.03571428571428571	0.2309
10766	P84	B60	0.06666666666666667	0.0641
10767	P84	M50	0.03571428571428571	0.2309
10768	P84	F40	0.058823529411764705	0.0888
10769	P84	G56	0.06060606060606061	0.0824
10770	P84	D75	0.037037037037037035	0.2186
10771	P84	E80	0.06666666666666667	0.0641
10772	P84	M87	0.08333333333333333	0.0362
10773	P84	N48	0.0625	0.099
10774	P84	K05	0.07142857142857142	0.1846
10775	P84	K73	0.037037037037037035	0.0899
10776	Q90	L25	0.018867924528301886	0.2921
10777	Q90	A55	0.027777777777777776	0.1626
10778	Q90	D09	0.05405405405405406	0.0599
10779	Q90	A58	0.027777777777777776	0.1626
10780	Q90	B08	0.02857142857142857	0.2097
10781	Q90	E07	0.028169014084507043	0.2442
10782	Q90	Q35	0.028846153846153848	0.1516
10783	Q90	D53	0.043478260869565216	0.0575
10784	Q90	I68	0.057692307692307696	0.0481
10785	D09	B00	0.043478260869565216	0.1045
10786	D09	E35	0.02912621359223301	0.2216
10787	D09	E78	0.02631578947368421	0.1744
10788	D09	E07	0.15	0.0004
10789	D09	D07	0.11320754716981132	0.1378
10790	D09	D02	0.10909090909090909	0.1445
10791	D09	D00	0.11320754716981132	0.1378
10792	D09	D01	0.10909090909090909	0.1472
10793	D09	D28	0.16666666666666666	0.0008
10794	D09	I68	0.07692307692307693	0.017
10795	Y84	L93	0.02564102564102564	0.235
10796	Y84	M45	0.03333333333333333	0.1518
10797	Y84	O24	0.03783783783783784	0.1174
10798	Y84	D83	0.028846153846153848	0.1959
10799	Y84	B08	0.037037037037037035	0.1229
10800	Y84	Q41	0.028169014084507043	0.2036
10801	Y84	Q45	0.039603960396039604	0.1061
10802	Y84	Z94	1.0	-0.0
10803	I68	F02	0.046511627906976744	0.0874
10804	I68	D07	0.0273972602739726	0.2401
10805	I68	D02	0.02666666666666667	0.2494
10806	I68	D00	0.0273972602739726	0.2401
10807	I68	D01	0.02666666666666667	0.2494
10808	I68	E07	0.03333333333333333	0.1882
10809	I68	D28	0.045454545454545456	0.0924
10810	I68	H72	0.041666666666666664	0.113
10811	I68	H73	0.041666666666666664	0.113
10812	I68	I65	0.041666666666666664	0.113
10813	Z94	L93	0.02564102564102564	0.235
10814	Z94	M45	0.03333333333333333	0.1518
10815	Z94	O24	0.03783783783783784	0.1174
10816	Z94	D83	0.028846153846153848	0.1959
10817	Z94	B08	0.037037037037037035	0.1229
10818	Z94	Q41	0.028169014084507043	0.2036
10819	Z94	Q45	0.039603960396039604	0.1061
10820	C62	C65	0.06640625	0.2928
10821	C62	C71	0.9863013698630136	0.0
10822	C62	D05	0.11925897336935547	0.0419
10823	C62	E14	0.03841229193341869	0.2834
10824	C62	C93	0.03795066413662239	0.2065
10825	C62	C08	0.9960474308300395	0.0
10826	C62	C25	0.9960474308300395	0.0
10827	C62	E28	0.02975206611570248	0.2447
10828	C62	C00	0.18912881608339538	0.0562
10829	C62	C67	0.9655831739961759	0.0
10830	C62	F71	0.035897435897435895	0.2835
10831	C62	C17	0.06653620352250489	0.2944
10832	C62	C43	0.154948499776086	0.0124
10833	C62	C09	0.9960474308300395	0.0
10834	C62	C60	0.9960474308300395	0.0
10835	C62	C45	0.06382978723404255	0.1707
10836	C62	C32	0.984375	0.0
10837	C62	C50	0.9674329501915708	0.0
10838	C62	C61	0.9404096834264432	0.0
10839	C62	C10	0.9921259842519685	0.0
10840	C62	C13	0.18	0.1055
10841	C62	C80	0.1696113074204947	0.1188
10842	C62	C51	0.9882352941176471	0.0
10843	C62	C49	0.9600760456273765	0.0
10844	C62	C84	0.11051693404634581	0.1521
10845	C62	C66	0.9960474308300395	0.0
10846	C62	M05	0.03755364806866953	0.2743
10847	C62	D81	0.025134649910233394	0.2636
10848	C62	C92	0.09523809523809523	0.1019
10849	C62	C73	0.9824561403508771	0.0
10850	C62	C37	0.9960474308300395	0.0
10851	C62	D03	0.0905292479108635	0.1246
10852	C62	B25	0.021520803443328552	0.2835
10853	C62	C23	0.9786407766990292	0.0
10854	C62	C56	0.9692898272552783	0.0
10855	C62	C74	0.2144082332761578	0.0328
10856	C62	C91	0.11397058823529412	0.0779
10857	C62	K51	0.03673395162756865	0.2575
10858	C62	C04	0.984375	0.0
10859	C62	C82	0.10931899641577061	0.167
10860	C62	C54	0.9767441860465116	0.0
10861	C62	C18	0.08932038834951456	0.1672
10862	C62	C16	0.9474671669793621	0.0
10863	C62	C11	0.9901768172888016	0.0
10864	C62	E10	0.03890784982935153	0.2628
10865	C62	C95	0.09515859766277128	0.1367
10866	C62	M33	0.034280936454849496	0.2969
10867	C62	D46	0.06785714285714285	0.1847
10868	C62	J84	0.03098106712564544	0.2793
10869	C62	C85	0.10676156583629894	0.1672
10870	C62	D47	0.06692160611854685	0.1741
10871	C62	D12	0.02909090909090909	0.2861
10872	C62	C83	0.1164021164021164	0.1359
10873	C62	C24	0.08146067415730338	0.26
10874	C62	C40	0.9960474308300395	0.0
10875	C62	C26	0.2083633741888969	0.0363
10876	C62	C94	0.03543307086614173	0.1739
10877	C62	C63	0.9563567362428842	0.0
10878	C62	C57	0.07572815533980583	0.2077
10879	C62	C30	0.21484037963761865	0.0331
10880	C62	C33	0.1684334511189635	0.1219
10881	C62	C69	0.1720532319391635	0.0444
10882	C62	C34	0.1894108873974646	0.0561
10883	C62	C31	0.1894108873974646	0.0561
10884	C62	C68	0.08123249299719888	0.2459
10885	C62	C21	0.166988416988417	0.1357
10886	C62	C75	0.16997167138810199	0.0454
10887	C62	D48	0.1822429906542056	0.1
10888	C62	C48	0.16823529411764707	0.122
10889	C62	D13	0.03137254901960784	0.2827
10890	C62	C20	0.1493815413891532	0.1376
10891	C62	C41	0.17126546146527116	0.0448
10892	C62	C22	0.12830188679245283	0.1221
10893	C62	C19	0.19015659955257272	0.0552
10894	C62	C90	0.125	0.0429
10895	C62	C76	0.17407757805108798	0.0431
10896	C62	C70	0.1894108873974646	0.0561
10897	C62	K92	0.051696284329563816	0.2836
10898	C62	C05	0.20684736091298145	0.0368
10899	C62	C03	0.1894108873974646	0.0561
10900	C62	C02	0.1894108873974646	0.0561
10901	C62	C06	0.18926974664679583	0.0562
10902	C62	C12	0.18926974664679583	0.0562
10903	C62	E08-E13	0.03885480572597137	0.2813
10904	C62	D43	0.07922272047832586	0.0936
10905	C62	Q63	0.06156901688182721	0.2373
10906	C62	C47	0.038461538461538464	0.2523
10907	C62	B21	0.18926974664679583	0.0561
10908	C62	C01	0.9960474308300395	0.0
10909	C62	C39	0.9960474308300395	0.0
10910	C62	E35	0.0658682634730539	0.2273
10911	C65	C71	0.06601941747572816	0.2949
10912	C65	M10	0.12	0.108
10913	C65	C08	0.06666666666666667	0.2914
10914	C65	C25	0.06666666666666667	0.2914
10915	C65	C09	0.06666666666666667	0.2914
10916	C65	C60	0.06666666666666667	0.2914
10917	C65	C55	0.21052631578947367	0.0198
10918	C65	C32	0.06589147286821706	0.2956
10919	C65	C10	0.06640625	0.2928
10920	C65	C51	0.06614785992217899	0.2942
10921	C65	C84	0.08275862068965517	0.2161
10922	C65	C66	0.06666666666666667	0.2914
10923	C65	C73	0.06576402321083172	0.2963
10924	C65	C37	0.06666666666666667	0.2914
10925	C65	I30	0.2	0.0241
10926	C65	C23	0.06551059730250482	0.2977
10927	C65	C91	0.09375	0.1762
10928	C65	C04	0.06589147286821706	0.2956
10929	C65	C82	0.0851063829787234	0.2069
10930	C65	C54	0.06538461538461539	0.2984
10931	C65	C11	0.06627680311890838	0.2935
10932	C65	M04	0.16981132075471697	0.0426
10933	C65	C85	0.08333333333333333	0.2138
10934	C65	C83	0.08441558441558442	0.2096
10935	C65	C40	0.06666666666666667	0.2914
10936	C65	C94	0.07142857142857142	0.2668
10937	C65	D13	0.15384615384615385	0.0574
10938	C65	C90	0.13636363636363635	0.0796
10939	C65	C01	0.06666666666666667	0.2914
10940	C65	C39	0.06666666666666667	0.2914
10941	C65	G56	0.16666666666666666	0.0161
10942	C65	H80	0.03076923076923077	0.1577
10943	C65	I40	0.21951219512195122	0.0167
10944	C65	N35	0.21951219512195122	0.0327
10945	C65	C17	0.975	0.0
10946	C65	H33	0.17647058823529413	0.0249
10947	C65	C45	0.13559322033898305	0.023
10948	C65	C18	0.6964285714285714	0.0
10949	C65	C15	0.20408163265306123	0.0134
10950	C65	Q32	0.034482758620689655	0.107
10951	C65	Q45	0.034482758620689655	0.1363
10952	C65	Q35	0.02702702702702703	0.2392
10953	C65	Q43	0.03389830508474576	0.1962
10954	C65	C57	0.14285714285714285	0.0511
10955	C65	P24	0.030303030303030304	0.1069
10956	C65	C22	0.17857142857142858	0.0533
10957	C65	Q03	0.03125	0.048
10958	C65	O01	0.18	0.0733
10959	C71	F99	0.04340836012861737	0.2982
10960	C71	D05	0.12041682747973756	0.0406
10961	C71	E14	0.038338658146964855	0.284
10962	C71	C93	0.035781544256120526	0.2261
10963	C71	C08	0.9901768172888016	0.0
10964	C71	C25	0.9901768172888016	0.0
10965	C71	E28	0.029605263157894735	0.2464
10966	C71	C00	0.19225037257824143	0.0536
10967	C71	C67	0.9600760456273765	0.0
10968	C71	F71	0.035759897828863345	0.2849
10969	C71	C17	0.06614785992217899	0.2965
10970	C71	C43	0.15629198387819077	0.0119
10971	C71	C09	0.9901768172888016	0.0
10972	C71	C60	0.9901768172888016	0.0
10973	C71	C45	0.06725663716814159	0.1552
10974	C71	C32	0.9786407766990292	0.0
10975	C71	C50	0.9619047619047619	0.0
10976	C71	C61	0.9316081330868762	0.0
10977	C71	C10	0.9863013698630136	0.0
10978	C71	C13	0.18352941176470589	0.101
10979	C71	C80	0.17314487632508835	0.1136
10980	C71	C51	0.9824561403508771	0.0
10981	C71	C49	0.9583333333333334	0.0
10982	C71	C84	0.11190053285968028	0.1485
10983	C71	C66	0.9901768172888016	0.0
10984	C71	M05	0.03854389721627409	0.265
10985	C71	D81	0.025	0.2655
10986	C71	C92	0.0947176684881603	0.1032
10987	C71	C73	0.9767441860465116	0.0
10988	C71	C37	0.9901768172888016	0.0
10989	C71	D03	0.09318497913769123	0.1172
10990	C71	B25	0.02142857142857143	0.2851
10991	C71	C23	0.972972972972973	0.0
10992	C71	C56	0.96	0.0
10993	C71	C74	0.2169811320754717	0.0315
10994	C71	C91	0.11131386861313869	0.0827
10995	C71	K51	0.03709090909090909	0.2541
10996	C71	C04	0.9786407766990292	0.0
10997	C71	C82	0.11071428571428571	0.1632
10998	C71	C54	0.9710982658959537	0.0
10999	C71	C18	0.0888030888030888	0.169
11000	C71	C16	0.9385474860335196	0.0
11001	C71	C11	0.984375	0.0
11002	C71	E10	0.0388283378746594	0.2635
11003	C71	C95	0.09650582362728785	0.1329
11004	C71	M33	0.03419516263552961	0.2978
11005	C71	D46	0.0674955595026643	0.1864
11006	C71	J84	0.032590051457975985	0.2614
11007	C71	C85	0.10815602836879433	0.1633
11008	C71	D47	0.06653992395437262	0.1758
11009	C71	C83	0.11775043936731107	0.1328
11010	C71	C24	0.08415147265077139	0.2486
11011	C71	C40	0.9901768172888016	0.0
11012	C71	C26	0.2113997113997114	0.0346
11013	C71	C94	0.03522504892367906	0.1757
11014	C71	C63	0.9509433962264151	0.0
11015	C71	C57	0.07321772639691715	0.2188
11016	C71	C30	0.21742881794650562	0.0317
11017	C71	C33	0.17196702002355713	0.1166
11018	C71	C69	0.17156398104265402	0.0448
11019	C71	C34	0.1925373134328358	0.0535
11020	C71	C31	0.1925373134328358	0.0535
11021	C71	C68	0.0824022346368715	0.241
11022	C71	C21	0.17101449275362318	0.1293
11023	C71	C75	0.1694915254237288	0.0458
11024	C71	D48	0.18574766355140188	0.0957
11025	C71	C48	0.17176470588235293	0.1167
11026	C71	D13	0.031189083820662766	0.2848
11027	C71	C20	0.15333333333333332	0.1305
11028	C71	C41	0.17077798861480076	0.0452
11029	C71	C22	0.12969924812030076	0.1193
11030	C71	C19	0.19328358208955224	0.0527
11031	C71	C90	0.12436974789915967	0.0436
11032	C71	C76	0.17469310670443816	0.0426
11033	C71	C70	0.1925373134328358	0.0535
11034	C71	K92	0.05144694533762058	0.2853
11035	C71	C05	0.20985010706638116	0.0351
11036	C71	C03	0.1925373134328358	0.0535
11037	C71	C02	0.1925373134328358	0.0535
11038	C71	C06	0.19239373601789708	0.0536
11039	C71	C12	0.19239373601789708	0.0536
11040	C71	E08-E13	0.03877551020408163	0.282
11041	C71	D43	0.0801792828685259	0.0909
11042	C71	Q63	0.06349206349206349	0.2269
11043	C71	C47	0.040229885057471264	0.2368
11044	C71	B21	0.19239373601789708	0.0535
11045	C71	C01	0.9901768172888016	0.0
11046	C71	C39	0.9901768172888016	0.0
11047	C71	E35	0.06398809523809523	0.2372
11048	D05	E14	0.05786618444846293	0.1494
11049	D05	B57	0.1435680058975304	0.1555
11050	D05	A64	0.14393660154810173	0.1478
11051	D05	C08	0.11891891891891893	0.2088
11052	D05	C25	0.11891891891891893	0.2088
11053	D05	C00	0.15130492236537826	0.1
11054	D05	C67	0.12196998845709889	0.1977
11055	D05	E84	0.11631562401760452	0.0088
11056	D05	D73	0.14338370807224474	0.156
11057	D05	H81	0.14325018341892884	0.1539
11058	D05	A89	0.1540840458431872	0.1271
11059	D05	C43	0.19183564567769476	0.0043
11060	D05	C09	0.11891891891891893	0.2088
11061	D05	C60	0.11891891891891893	0.2088
11062	D05	A39	0.11431436450238155	0.0416
11063	D05	C32	0.11907514450867052	0.2068
11064	D05	C50	0.12244897959183673	0.1978
11065	D05	C61	0.12346625766871165	0.1853
11066	D05	C10	0.11882716049382716	0.2088
11067	D05	C13	0.10723860589812333	0.2624
11068	D05	C80	0.10383141762452107	0.2718
11069	D05	C51	0.11959876543209877	0.2039
11070	D05	C49	0.12226066897347174	0.1898
11071	D05	C66	0.11891891891891893	0.2088
11072	D05	H04	0.14375230372281608	0.1551
11073	D05	K11	0.14341013824884793	0.156
11074	D05	A19	0.0743801652892562	0.2065
11075	D05	G21	0.14356435643564355	0.1511
11076	D05	C73	0.12118873021999228	0.2009
11077	D05	C37	0.11891891891891893	0.2088
11078	D05	D03	0.06371963361210672	0.2314
11079	D05	B25	0.021611001964636542	0.282
11080	D05	C23	0.12023121387283237	0.2046
11081	D05	C56	0.12206391990758568	0.1993
11082	D05	C74	0.15767344078486334	0.0812
11083	D05	K51	0.14793525941612465	0.0041
11084	D05	K21	0.14508523757707653	0.1365
11085	D05	C04	0.11907514450867052	0.2067
11086	D05	C54	0.12061657032755299	0.2031
11087	D05	I78	0.14341013824884793	0.156
11088	D05	C16	0.1210727969348659	0.1855
11089	D05	C11	0.11878133436174315	0.2081
11090	D05	E10	0.0521443998765813	0.1667
11091	D05	N87	0.08270133622246298	0.059
11092	D05	M33	0.06546198431639959	0.0978
11093	D05	A22	0.14341013824884793	0.156
11094	D05	A31	0.14330389992641648	0.1544
11095	D05	H02	0.1435680058975304	0.1542
11096	D05	Q05	0.060434056761268784	0.1339
11097	D05	H52	0.03594986807387863	0.2331
11098	D05	H11	0.14341013824884793	0.156
11099	D05	C40	0.11891891891891893	0.2088
11100	D05	C26	0.1605340280039075	0.0779
11101	D05	N60	0.1435680058975304	0.1553
11102	D05	C63	0.12226066897347174	0.1961
11103	D05	C30	0.15608558400561207	0.0842
11104	D05	P55	0.14338370807224474	0.156
11105	D05	A28	0.14341013824884793	0.156
11106	D05	C33	0.10344827586206896	0.275
11107	D05	C69	0.09894366197183098	0.1672
11108	D05	C34	0.15140495867768594	0.1002
11109	D05	K86	0.14311994113318616	0.1559
11110	D05	C31	0.15140495867768594	0.1002
11111	D05	O43	0.1447584320875114	0.1477
11112	D05	N71	0.14341013824884793	0.156
11113	D05	C21	0.10686204431736955	0.279
11114	D05	R82	0.04789644012944984	0.1341
11115	D05	C75	0.10105633802816902	0.1594
11116	D05	D48	0.10983543819364715	0.2501
11117	D05	C48	0.10340865568747606	0.2748
11118	D05	C20	0.10690025026814444	0.2421
11119	D05	H61	0.14341013824884793	0.156
11120	D05	C41	0.0986262768580486	0.1676
11121	D05	C19	0.15173553719008265	0.0993
11122	D05	J44	0.14436363636363636	0.1274
11123	D05	C76	0.10098522167487685	0.1616
11124	D05	A85	0.14341013824884793	0.156
11125	D05	E32	0.14341013824884793	0.156
11126	D05	C70	0.15140495867768594	0.1002
11127	D05	M92	0.14341013824884793	0.156
11128	D05	L28	0.14375230372281608	0.1532
11129	D05	C05	0.16007777057679845	0.0778
11130	D05	C03	0.15140495867768594	0.1002
11131	D05	C02	0.15140495867768594	0.1002
11132	D05	C06	0.15135492399206874	0.1001
11133	D05	C12	0.15135492399206874	0.1001
11134	D05	E08-E13	0.05308641975308642	0.1766
11135	D05	Q67	0.05457227138643068	0.0813
11136	D05	D43	0.13145408875244208	0.0194
11137	D05	D16	0.08294096341905106	0.0569
11138	D05	Q63	0.05607142857142857	0.2699
11139	D05	G05	0.07440212577502214	0.2063
11140	D05	G63	0.0756104736687261	0.1581
11141	D05	T86	0.14592905715861054	0.1411
11142	D05	B21	0.15135492399206874	0.1
11143	D05	G01*	0.07440212577502214	0.2063
11144	D05	A17	0.07440212577502214	0.2063
11145	D05	G07*	0.07440212577502214	0.2063
11146	D05	K67	0.14341013824884793	0.156
11147	D05	F62	0.14333087693441415	0.156
11148	D05	G09	0.14341013824884793	0.156
11149	D05	G01	0.1432780847145488	0.1559
11150	D05	M01	0.14439970717423134	0.1351
11151	D05	K38	0.14341013824884793	0.156
11152	D05	B99	0.14341013824884793	0.156
11153	D05	C01	0.11891891891891893	0.2088
11154	D05	A56	0.14341013824884793	0.156
11155	D05	G02	0.1432780847145488	0.1559
11156	D05	B94	0.14439970717423134	0.1351
11157	D05	C39	0.11891891891891893	0.2088
11158	D05	D63	0.14341013824884793	0.156
11159	D05	B89	0.14341013824884793	0.156
11160	D05	B97	0.14341013824884793	0.156
11161	D05	B95	0.14341013824884793	0.156
11162	D05	F54	0.14338370807224474	0.1548
11163	D05	B90	0.07440212577502214	0.2063
11164	D05	F06	0.14341013824884793	0.156
11165	E14	E84	0.0364797081623347	0.2282
11166	E14	C43	0.06905799530673819	0.1418
11167	E14	A39	0.05566666666666667	0.2136
11168	E14	K51	0.05729602948567599	0.1203
11169	E14	E10	0.8331900257953568	0.0
11170	E14	L70	0.06038647342995169	0.2318
11171	E14	M33	0.045274476513865305	0.2008
11172	E14	E88	0.10430563978168587	0.1408
11173	E14	E00	0.04738330975954738	0.1777
11174	E14	E03	0.039662447257383965	0.1874
11175	E14	R82	0.032665964172813484	0.2545
11176	E14	J44	0.08854166666666667	0.2828
11177	E14	E08-E13	0.9121863799283154	0.0
11178	E14	E90	0.10384850335980451	0.1505
11179	E14	E02	0.05337078651685393	0.1514
11180	C93	M83	0.022222222222222223	0.177
11181	C93	C92	0.3711340206185567	0.0001
11182	C93	M87	0.03773584905660377	0.2247
11183	C93	F72	0.03225806451612903	0.2265
11184	C93	L25	0.03571428571428571	0.1176
11185	C93	M42	0.022727272727272728	0.1885
11186	C93	C95	0.0670391061452514	0.2464
11187	C93	C46	0.019230769230769232	0.2541
11188	C93	D46	0.08130081300813008	0.1319
11189	C93	Q82	0.05263157894736842	0.0514
11190	C93	Q04	0.03389830508474576	0.0322
11191	C93	B08	0.023255813953488372	0.2819
11192	C93	Q87	0.03787878787878788	0.2297
11193	C93	D47	0.09411764705882353	0.0852
11194	C93	N32	0.04	0.2512
11195	C93	C94	0.03389830508474576	0.1877
11196	C93	C38	0.045454545454545456	0.0852
11197	C93	E80	0.03389830508474576	0.1139
11198	C93	G04	0.017543859649122806	0.2412
11199	C93	Q75	0.024390243902439025	0.1724
11200	C93	C96	0.04838709677419355	0.0683
11201	C93	Q17	0.030303030303030304	0.0734
11202	C93	C47	0.041666666666666664	0.2249
11203	C93	H95	0.046511627906976744	0.2683
11204	C93	N99	0.046511627906976744	0.2683
11205	C08	C25	1.0	0.0
11206	C08	E28	0.029850746268656716	0.2436
11207	C08	C00	0.1885245901639344	0.0567
11208	C08	C67	0.9655172413793104	0.0
11209	C08	F71	0.03598971722365039	0.2826
11210	C08	C17	0.06679764243614932	0.293
11211	C08	C43	0.15456989247311828	0.0125
11212	C08	C09	1.0	0.0
11213	C08	C60	1.0	0.0
11214	C08	C45	0.06405693950177936	0.1697
11215	C08	C32	0.9882352941176471	0.0
11216	C08	C50	0.9673704414587332	0.0
11217	C08	C61	0.9402985074626866	0.0
11218	C08	C10	0.9960474308300395	0.0
11219	C08	C13	0.1790341578327444	0.1068
11220	C08	C80	0.16863207547169812	0.1203
11221	C08	C51	0.9921259842519685	0.0
11222	C08	C49	0.96	0.0
11223	C08	C84	0.11091234347048301	0.1511
11224	C08	C66	1.0	0.0
11225	C08	M05	0.03763440860215054	0.2735
11226	C08	D81	0.025225225225225224	0.2624
11227	C08	C92	0.09357798165137615	0.1061
11228	C08	C73	0.9863013698630136	0.0
11229	C08	C37	1.0	0.0
11230	C08	D03	0.09078212290502793	0.1239
11231	C08	B25	0.02158273381294964	0.2825
11232	C08	C23	0.9824561403508771	0.0
11233	C08	C56	0.9692307692307692	0.0
11234	C08	C74	0.21373390557939914	0.0332
11235	C08	C91	0.11233885819521179	0.0808
11236	C08	K51	0.03655874863586759	0.2592
11237	C08	C04	0.9882352941176471	0.0
11238	C08	C82	0.10971223021582734	0.1659
11239	C08	C54	0.980544747081712	0.0
11240	C08	C18	0.08966861598440545	0.1661
11241	C08	C16	0.9473684210526315	0.0
11242	C08	C11	0.9940828402366864	0.0
11243	C08	E10	0.03896103896103896	0.2623
11244	C08	C95	0.09547738693467336	0.1358
11245	C08	M33	0.03433835845896147	0.2963
11246	C08	D46	0.06810035842293907	0.1836
11247	C08	J84	0.031088082901554404	0.2781
11248	C08	C85	0.10714285714285714	0.1661
11249	C08	D47	0.0671785028790787	0.1729
11250	C08	C83	0.1168141592920354	0.135
11251	C08	C24	0.08169014084507042	0.259
11252	C08	C40	1.0	0.0
11253	C08	C26	0.2077922077922078	0.0367
11254	C08	C94	0.03557312252964427	0.1727
11255	C08	C63	0.96	0.0
11256	C08	C57	0.07392996108949416	0.2156
11257	C08	C30	0.2141623488773748	0.0334
11258	C08	C33	0.16745283018867924	0.1234
11259	C08	C69	0.17126546146527116	0.0451
11260	C08	C34	0.18880597014925374	0.0567
11261	C08	C31	0.18880597014925374	0.0567
11262	C08	C68	0.08146067415730338	0.2449
11263	C08	C21	0.16618357487922705	0.1371
11264	C08	C75	0.16918714555765596	0.0461
11265	C08	D48	0.18128654970760233	0.1012
11266	C08	C48	0.16725559481743227	0.1235
11267	C08	D13	0.031496062992125984	0.2813
11268	C08	C20	0.14857142857142858	0.1391
11269	C08	C41	0.17047619047619048	0.0455
11270	C08	C22	0.12878787878787878	0.1211
11271	C08	C19	0.18955223880597014	0.0558
11272	C08	C90	0.12542372881355932	0.0425
11273	C08	C76	0.17329545454545456	0.0437
11274	C08	C70	0.18880597014925374	0.0567
11275	C08	K92	0.05016181229773463	0.2944
11276	C08	C05	0.20628122769450394	0.0372
11277	C08	C03	0.18880597014925374	0.0567
11278	C08	C02	0.18880597014925374	0.0567
11279	C08	C06	0.18866517524235646	0.0567
11280	C08	C12	0.18866517524235646	0.0567
11281	C08	E08-E13	0.03890784982935153	0.2808
11282	C08	D43	0.07876370887337986	0.0949
11283	C08	Q63	0.061691542288557215	0.2367
11284	C08	C47	0.03861003861003861	0.251
11285	C08	B21	0.18866517524235646	0.0566
11286	C08	C01	1.0	0.0
11287	C08	C39	1.0	0.0
11288	C08	E35	0.06446776611694154	0.2346
11289	C25	E28	0.029850746268656716	0.2436
11290	C25	C00	0.1885245901639344	0.0567
11291	C25	C67	0.9655172413793104	0.0
11292	C25	F71	0.03598971722365039	0.2826
11293	C25	C17	0.06679764243614932	0.293
11294	C25	C43	0.15456989247311828	0.0125
11295	C25	C09	1.0	0.0
11296	C25	C60	1.0	0.0
11297	C25	C45	0.06405693950177936	0.1697
11298	C25	C32	0.9882352941176471	0.0
11299	C25	C50	0.9673704414587332	0.0
11300	C25	C61	0.9402985074626866	0.0
11301	C25	C10	0.9960474308300395	0.0
11302	C25	C13	0.1790341578327444	0.1068
11303	C25	C80	0.16863207547169812	0.1203
11304	C25	C51	0.9921259842519685	0.0
11305	C25	C49	0.96	0.0
11306	C25	C84	0.11091234347048301	0.1511
11307	C25	C66	1.0	0.0
11308	C25	M05	0.03763440860215054	0.2735
11309	C25	D81	0.025225225225225224	0.2624
11310	C25	C92	0.09357798165137615	0.1061
11311	C25	C73	0.9863013698630136	0.0
11312	C25	C37	1.0	0.0
11313	C25	D03	0.09078212290502793	0.1239
11314	C25	B25	0.02158273381294964	0.2825
11315	C25	C23	0.9824561403508771	0.0
11316	C25	C56	0.9692307692307692	0.0
11317	C25	C74	0.21373390557939914	0.0332
11318	C25	C91	0.11233885819521179	0.0808
11319	C25	K51	0.03655874863586759	0.2592
11320	C25	C04	0.9882352941176471	0.0
11321	C25	C82	0.10971223021582734	0.1659
11322	C25	C54	0.980544747081712	0.0
11323	C25	C18	0.08966861598440545	0.1661
11324	C25	C16	0.9473684210526315	0.0
11325	C25	C11	0.9940828402366864	0.0
11326	C25	E10	0.03896103896103896	0.2623
11327	C25	C95	0.09547738693467336	0.1358
11328	C25	M33	0.03433835845896147	0.2963
11329	C25	D46	0.06810035842293907	0.1836
11330	C25	J84	0.031088082901554404	0.2781
11331	C25	C85	0.10714285714285714	0.1661
11332	C25	D47	0.0671785028790787	0.1729
11333	C25	C83	0.1168141592920354	0.135
11334	C25	C24	0.08169014084507042	0.259
11335	C25	C40	1.0	0.0
11336	C25	C26	0.2077922077922078	0.0367
11337	C25	C94	0.03557312252964427	0.1727
11338	C25	C63	0.96	0.0
11339	C25	C57	0.07392996108949416	0.2156
11340	C25	C30	0.2141623488773748	0.0334
11341	C25	C33	0.16745283018867924	0.1234
11342	C25	C69	0.17126546146527116	0.0451
11343	C25	C34	0.18880597014925374	0.0567
11344	C25	C31	0.18880597014925374	0.0567
11345	C25	C68	0.08146067415730338	0.2449
11346	C25	C21	0.16618357487922705	0.1371
11347	C25	C75	0.16918714555765596	0.0461
11348	C25	D48	0.18128654970760233	0.1012
11349	C25	C48	0.16725559481743227	0.1235
11350	C25	D13	0.031496062992125984	0.2813
11351	C25	C20	0.14857142857142858	0.1391
11352	C25	C41	0.17047619047619048	0.0455
11353	C25	C22	0.12878787878787878	0.1211
11354	C25	C19	0.18955223880597014	0.0558
11355	C25	C90	0.12542372881355932	0.0425
11356	C25	C76	0.17329545454545456	0.0437
11357	C25	C70	0.18880597014925374	0.0567
11358	C25	K92	0.05016181229773463	0.2944
11359	C25	C05	0.20628122769450394	0.0372
11360	C25	C03	0.18880597014925374	0.0567
11361	C25	C02	0.18880597014925374	0.0567
11362	C25	C06	0.18866517524235646	0.0567
11363	C25	C12	0.18866517524235646	0.0567
11364	C25	E08-E13	0.03890784982935153	0.2808
11365	C25	D43	0.07876370887337986	0.0949
11366	C25	Q63	0.061691542288557215	0.2367
11367	C25	C47	0.03861003861003861	0.251
11368	C25	B21	0.18866517524235646	0.0566
11369	C25	C01	1.0	0.0
11370	C25	C39	1.0	0.0
11371	C25	E35	0.06446776611694154	0.2346
11372	E28	C67	0.03064516129032258	0.2346
11373	E28	C09	0.029850746268656716	0.2436
11374	E28	C60	0.029850746268656716	0.2436
11375	E28	C32	0.029556650246305417	0.247
11376	E28	C50	0.03403565640194489	0.1996
11377	E28	C61	0.02996845425867508	0.2422
11378	E28	C10	0.02975206611570248	0.2447
11379	E28	C51	0.03135313531353135	0.2268
11380	E28	C49	0.028846153846153848	0.2555
11381	E28	C66	0.029850746268656716	0.2436
11382	E28	C73	0.029508196721311476	0.2476
11383	E28	C37	0.029850746268656716	0.2436
11384	E28	C23	0.031096563011456628	0.2296
11385	E28	C56	0.03241491085899514	0.2156
11386	E28	C04	0.029556650246305417	0.247
11387	E28	C54	0.03104575163398693	0.2301
11388	E28	C16	0.028526148969889066	0.2594
11389	E28	C11	0.0297029702970297	0.2453
11390	E28	C95	0.026923076923076925	0.2799
11391	E28	C40	0.029850746268656716	0.2436
11392	E28	C63	0.028846153846153848	0.2555
11393	E28	C20	0.02631578947368421	0.2881
11394	E28	C01	0.029850746268656716	0.2436
11395	E28	C39	0.029850746268656716	0.2436
11396	E28	C13	0.02847571189279732	0.26
11397	E28	C21	0.026282853566958697	0.2886
11398	E28	E35	0.11764705882352941	0.0707
11399	E28	Q99	0.029411764705882353	0.0474
11400	C00	A64	0.1503635937133474	0.1015
11401	C00	B57	0.14935521688159437	0.1443
11402	C00	C67	0.19747587230883445	0.0723
11403	C00	E84	0.04025913928736696	0.1958
11404	C00	D73	0.14939024390243902	0.1443
11405	C00	H81	0.14838108548800372	0.1439
11406	C00	A89	0.16178843051394332	0.1146
11407	C00	C43	0.16795865633074936	0.0086
11408	C00	C09	0.1885245901639344	0.0833
11409	C00	C60	0.1885245901639344	0.0833
11410	C00	A39	0.04524284763805722	0.2854
11411	C00	C32	0.18768545994065283	0.0832
11412	C00	C50	0.19673348181143283	0.0739
11413	C00	C61	0.2051851851851852	0.0605
11414	C00	C10	0.19001490312965721	0.0815
11415	C00	C13	0.4542124542124542	0.0033
11416	C00	C80	0.4463794683776352	0.0036
11417	C00	C51	0.18884758364312268	0.081
11418	C00	C49	0.1943828529194383	0.0711
11419	C00	C66	0.1885245901639344	0.0833
11420	C00	H04	0.1493202062822316	0.1443
11421	C00	K11	0.14942528735632185	0.1443
11422	C00	G21	0.14877764842840513	0.1411
11423	C00	C73	0.19374068554396423	0.0767
11424	C00	C37	0.1885245901639344	0.0833
11425	C00	D03	0.1259259259259259	0.0549
11426	C00	C23	0.19167904903417535	0.0795
11427	C00	C56	0.19866071428571427	0.0723
11428	C00	C74	0.8207461328480437	0.0
11429	C00	C91	0.05585106382978723	0.2872
11430	C00	K51	0.05152224824355972	0.149
11431	C00	K21	0.14799541809851088	0.1311
11432	C00	C04	0.18768545994065283	0.0832
11433	C00	C54	0.19065281899109793	0.0803
11434	C00	I78	0.14942528735632185	0.1443
11435	C00	C16	0.19162995594713655	0.0693
11436	C00	C11	0.18810408921933086	0.0831
11437	C00	E10	0.046176762661370406	0.2047
11438	C00	C95	0.07632263660017347	0.2029
11439	C00	M33	0.03699487763232783	0.2696
11440	C00	A22	0.14942528735632185	0.1443
11441	C00	A31	0.14927468413664016	0.1429
11442	C00	H02	0.14935521688159437	0.143
11443	C00	C24	0.22624434389140272	0.0232
11444	C00	H52	0.030269058295964126	0.2937
11445	C00	H11	0.14942528735632185	0.1443
11446	C00	C40	0.1885245901639344	0.0833
11447	C00	C26	0.9291808873720137	0.0
11448	C00	N60	0.14962476547842402	0.1435
11449	C00	C63	0.20417287630402384	0.0657
11450	C00	C30	0.8267644362969753	0.0
11451	C00	P55	0.14939024390243902	0.1443
11452	C00	A28	0.14942528735632185	0.1443
11453	C00	C33	0.4454628780934922	0.0037
11454	C00	C69	0.6663611365719523	0.0
11455	C00	C34	0.998166819431714	0.0
11456	C00	K86	0.1490407112774918	0.1443
11457	C00	C31	0.998166819431714	0.0
11458	C00	O43	0.14786620530565167	0.1417
11459	C00	N71	0.14942528735632185	0.1443
11460	C00	C68	0.22805429864253393	0.019
11461	C00	C21	0.6220614828209765	0.0006
11462	C00	R82	0.03531300160513644	0.2277
11463	C00	C75	0.6703296703296703	0.0
11464	C00	D48	0.44786944696282865	0.0034
11465	C00	C48	0.44505494505494503	0.0037
11466	C00	C20	0.6167718665464382	0.0003
11467	C00	H61	0.14942528735632185	0.1443
11468	C00	C41	0.6645279560036663	0.0
11469	C00	C19	0.9972527472527473	0.0
11470	C00	J44	0.14947029018885305	0.1184
11471	C00	C90	0.06923076923076923	0.1755
11472	C00	C76	0.6736938588450962	0.0
11473	C00	A85	0.14942528735632185	0.1443
11474	C00	E32	0.14942528735632185	0.1443
11475	C00	C70	0.998166819431714	0.0
11476	C00	M92	0.14942528735632185	0.1443
11477	C00	L28	0.1495896834701055	0.1419
11478	C00	C05	0.9166666666666666	0.0
11479	C00	C03	0.998166819431714	0.0
11480	C00	C02	0.998166819431714	0.0
11481	C00	C06	0.999083409715857	0.0
11482	C00	C12	0.999083409715857	0.0
11483	C00	E08-E13	0.04665012406947891	0.218
11484	C00	Q67	0.028401585204755615	0.2719
11485	C00	D43	0.06917994558880684	0.1265
11486	C00	Q63	0.06985769728331177	0.1955
11487	C00	T86	0.14911463187325255	0.1352
11488	C00	B21	0.9972527472527473	0.0
11489	C00	K67	0.14942528735632185	0.1443
11490	C00	F62	0.1493202062822316	0.1443
11491	C00	G09	0.14942528735632185	0.1443
11492	C00	G01	0.1492502343017807	0.1443
11493	C00	M01	0.15492300513299112	0.1167
11494	C00	K38	0.14942528735632185	0.1443
11495	C00	B99	0.14942528735632185	0.1443
11496	C00	C01	0.1885245901639344	0.0833
11497	C00	A56	0.14942528735632185	0.1443
11498	C00	G02	0.1492502343017807	0.1443
11499	C00	B94	0.15492300513299112	0.1167
11500	C00	C39	0.1885245901639344	0.0833
11501	C00	D63	0.14942528735632185	0.1443
11502	C00	B89	0.14942528735632185	0.1443
11503	C00	B97	0.14942528735632185	0.1443
11504	C00	B95	0.14942528735632185	0.1443
11505	C00	F54	0.14939024390243902	0.1432
11506	C00	F06	0.14942528735632185	0.1443
11507	C00	E35	0.05532953620829943	0.2882
11508	C67	F71	0.035175879396984924	0.2908
11509	C67	C43	0.15796519410977242	0.0114
11510	C67	C09	0.9655172413793104	0.0
11511	C67	C60	0.9655172413793104	0.0
11512	C67	C45	0.07130434782608695	0.1387
11513	C67	C32	0.9582542694497154	0.0
11514	C67	C50	0.9386617100371747	0.0
11515	C67	C61	0.9166666666666666	0.0
11516	C67	C10	0.9618320610687023	0.0
11517	C67	C13	0.19320843091334894	0.0894
11518	C67	C80	0.182883939038687	0.1005
11519	C67	C51	0.9581749049429658	0.0
11520	C67	C49	0.9353049907578558	0.0
11521	C67	C84	0.1132404181184669	0.1452
11522	C67	C66	0.9655172413793104	0.0
11523	C67	M05	0.04021164021164021	0.2502
11524	C67	D81	0.02443280977312391	0.2737
11525	C67	C92	0.09642857142857143	0.099
11526	C67	C73	0.9527410207939508	0.0
11527	C67	C37	0.9655172413793104	0.0
11528	C67	D03	0.09153005464480875	0.1218
11529	C67	B25	0.02247191011235955	0.2681
11530	C67	C23	0.9491525423728814	0.0
11531	C67	C56	0.9404096834264432	0.0
11532	C67	C74	0.22393162393162394	0.0282
11533	C67	C91	0.11469534050179211	0.0767
11534	C67	K51	0.03756805807622505	0.2497
11535	C67	C04	0.9582542694497154	0.0
11536	C67	C82	0.11208406304728546	0.1596
11537	C67	C54	0.9510357815442562	0.0
11538	C67	C18	0.08662900188323917	0.1765
11539	C67	C16	0.9233576642335767	0.0
11540	C67	C11	0.96	0.0
11541	C67	E10	0.03918918918918919	0.2603
11542	C67	C95	0.10344827586206896	0.1149
11543	C67	M33	0.03468208092485549	0.2927
11544	C67	D46	0.06782608695652174	0.1848
11545	C67	J84	0.031879194630872486	0.2691
11546	C67	C85	0.10956521739130434	0.1595
11547	C67	D47	0.06493506493506493	0.1834
11548	C67	N32	0.05273069679849341	0.1615
11549	C67	D12	0.03008849557522124	0.274
11550	C67	C83	0.11896551724137931	0.1301
11551	C67	C24	0.0811554332874828	0.2613
11552	C67	C40	0.9655172413793104	0.0
11553	C67	C26	0.21639108554996406	0.032
11554	C67	C94	0.03435114503816794	0.1835
11555	C67	C63	0.9281767955801105	0.0
11556	C67	C57	0.07142857142857142	0.2271
11557	C67	C30	0.2244196044711952	0.0284
11558	C67	C33	0.1817116060961313	0.1032
11559	C67	C69	0.17387218045112782	0.043
11560	C67	C34	0.19776951672862453	0.0494
11561	C67	C31	0.19776951672862453	0.0494
11562	C67	C68	0.09292649098474341	0.2008
11563	C67	C21	0.1778846153846154	0.1191
11564	C67	C75	0.17180205415499533	0.0439
11565	C67	D48	0.19534883720930232	0.0847
11566	C67	C48	0.18149882903981265	0.1033
11567	C67	D13	0.030418250950570342	0.2938
11568	C67	C20	0.16129032258064516	0.1174
11569	C67	C41	0.17309501411100658	0.0434
11570	C67	C22	0.12660550458715597	0.1256
11571	C67	C19	0.19851301115241635	0.0486
11572	C67	C90	0.1254125412541254	0.0425
11573	C67	C76	0.17696629213483145	0.0409
11574	C67	C70	0.19776951672862453	0.0494
11575	C67	K92	0.050393700787401574	0.2927
11576	C67	C05	0.2147937411095306	0.0324
11577	C67	C03	0.19776951672862453	0.0494
11578	C67	C02	0.19776951672862453	0.0494
11579	C67	C06	0.1976225854383358	0.0495
11580	C67	C12	0.1976225854383358	0.0495
11581	C67	E08-E13	0.03843560350640594	0.2852
11582	C67	D43	0.08073303615651313	0.0894
11583	C67	Q63	0.06268364348677767	0.2312
11584	C67	C47	0.03925233644859813	0.2453
11585	C67	B21	0.1976225854383358	0.0494
11586	C67	C01	0.9655172413793104	0.0
11587	C67	C39	0.9655172413793104	0.0
11588	C67	E35	0.06277372262773723	0.2438
11589	F71	A64	0.039141414141414144	0.2529
11590	F71	A89	0.0380859375	0.2625
11591	F71	C09	0.03598971722365039	0.2826
11592	F71	C60	0.03598971722365039	0.2826
11593	F71	C32	0.03571428571428571	0.2854
11594	F71	C50	0.03522012578616352	0.2904
11595	F71	C61	0.03584672435105068	0.2841
11596	F71	C10	0.035897435897435895	0.2835
11597	F71	C51	0.03580562659846547	0.2845
11598	F71	C49	0.03504380475594493	0.2922
11599	F71	C66	0.03598971722365039	0.2826
11600	F71	C73	0.035668789808917196	0.2858
11601	F71	C37	0.03598971722365039	0.2826
11602	F71	C23	0.035578144853875476	0.2867
11603	F71	C56	0.03526448362720403	0.2899
11604	F71	K21	0.038366945400885394	0.2599
11605	F71	C04	0.03571428571428571	0.2854
11606	F71	C54	0.03553299492385787	0.2872
11607	F71	C16	0.034739454094292806	0.2953
11608	F71	C11	0.03585147247119078	0.284
11609	F71	H02	0.03916119252147549	0.2527
11610	F71	C40	0.03598971722365039	0.2826
11611	F71	C63	0.03634085213032581	0.2791
11612	F71	J44	0.038299975290338524	0.2605
11613	F71	L28	0.039151300833543824	0.2528
11614	F71	T86	0.038866599799398195	0.2554
11615	F71	M01	0.03869196205691463	0.257
11616	F71	C01	0.03598971722365039	0.2826
11617	F71	B94	0.03869196205691463	0.257
11618	F71	C39	0.03598971722365039	0.2826
11619	F71	F99	0.05238095238095238	0.1585
11620	F71	B57	0.03916119252147549	0.2527
11621	F71	G98	0.05309250136836344	0.1546
11622	F71	D73	0.039171089208996715	0.2527
11623	F71	H81	0.038886101354741597	0.2552
11624	F71	H04	0.039151300833543824	0.2528
11625	F71	K11	0.03918099089989889	0.2526
11626	F71	G21	0.03884711779448621	0.2556
11627	F71	I78	0.03918099089989889	0.2526
11628	F71	A22	0.03918099089989889	0.2526
11629	F71	A31	0.0390625	0.2536
11630	F71	H11	0.03918099089989889	0.2526
11631	F71	N60	0.03916119252147549	0.2527
11632	F71	P55	0.039171089208996715	0.2527
11633	F71	A28	0.03918099089989889	0.2526
11634	F71	K86	0.039072346861608265	0.2535
11635	F71	O43	0.03844246031746032	0.2592
11636	F71	N71	0.03918099089989889	0.2526
11637	F71	H61	0.03918099089989889	0.2526
11638	F71	A85	0.03918099089989889	0.2526
11639	F71	E32	0.03918099089989889	0.2526
11640	F71	M92	0.03918099089989889	0.2526
11641	F71	K67	0.03918099089989889	0.2526
11642	F71	F62	0.039151300833543824	0.2528
11643	F71	G09	0.03918099089989889	0.2526
11644	F71	G01	0.0391315324413027	0.253
11645	F71	K38	0.03918099089989889	0.2526
11646	F71	B99	0.03918099089989889	0.2526
11647	F71	A56	0.03918099089989889	0.2526
11648	F71	G02	0.0391315324413027	0.253
11649	F71	D63	0.03918099089989889	0.2526
11650	F71	B89	0.03918099089989889	0.2526
11651	F71	B97	0.03918099089989889	0.2526
11652	F71	B95	0.03918099089989889	0.2526
11653	F71	F54	0.039171089208996715	0.2527
11654	F71	F06	0.03918099089989889	0.2526
11655	F71	F79	0.03021978021978022	0.2362
11656	F71	F84	0.11083743842364532	0.0055
11657	F71	F72	0.0625	0.0556
11658	F71	E79	0.006430868167202572	0.1665
11659	F71	F80	0.11944444444444445	0.0139
11660	F71	Q02	0.09655172413793103	0.0199
11661	F71	Q03	0.018633540372670808	0.1653
11662	F71	F81	0.045454545454545456	0.21
11663	F71	F83	0.12044817927170869	0.013
11664	C17	M10	0.12162162162162163	0.1063
11665	C17	C09	0.06679764243614932	0.293
11666	C17	C60	0.06679764243614932	0.293
11667	C17	C55	0.21428571428571427	0.0189
11668	C17	C32	0.06601941747572816	0.2972
11669	C17	C10	0.06653620352250489	0.2944
11670	C17	C51	0.06627680311890838	0.2958
11671	C17	C84	0.08333333333333333	0.2159
11672	C17	C66	0.06679764243614932	0.293
11673	C17	C73	0.06589147286821706	0.2979
11674	C17	C37	0.06679764243614932	0.293
11675	C17	I30	0.20454545454545456	0.0227
11676	C17	C23	0.06563706563706563	0.2993
11677	C17	C91	0.09448818897637795	0.1757
11678	C17	C04	0.06601941747572816	0.2972
11679	C17	C82	0.08571428571428572	0.2066
11680	C17	C11	0.06640625	0.2951
11681	C17	M04	0.17307692307692307	0.0409
11682	C17	C85	0.08391608391608392	0.2136
11683	C17	C83	0.08496732026143791	0.2095
11684	C17	C40	0.06679764243614932	0.293
11685	C17	C94	0.07272727272727272	0.2626
11686	C17	D13	0.1568627450980392	0.0552
11687	C17	C90	0.13714285714285715	0.0797
11688	C17	C01	0.06679764243614932	0.293
11689	C17	C39	0.06679764243614932	0.293
11690	C17	G56	0.16981132075471697	0.0149
11691	C17	H80	0.03125	0.1532
11692	C17	I40	0.225	0.0155
11693	C17	N35	0.225	0.0155
11694	C17	H33	0.18	0.0231
11695	C17	C45	0.13675213675213677	0.0223
11696	C17	C18	0.7090909090909091	0.0
11697	C17	C15	0.20833333333333334	0.0122
11698	C17	Q32	0.03508771929824561	0.1028
11699	C17	Q45	0.034782608695652174	0.1339
11700	C17	Q35	0.02727272727272727	0.2361
11701	C17	Q43	0.03418803418803419	0.1935
11702	C17	C57	0.14473684210526316	0.0491
11703	C17	P24	0.03076923076923077	0.1033
11704	C17	C22	0.18018018018018017	0.0519
11705	C17	Q03	0.031746031746031744	0.0457
11706	C17	O01	0.1836734693877551	0.0694
11707	C43	A64	0.1715764331210191	0.0077
11708	C43	E84	0.060755336617405585	0.1794
11709	C43	A89	0.16974169741697417	0.0081
11710	C43	B57	0.17117834394904458	0.1087
11711	C43	D73	0.1712124228548676	0.1087
11712	C43	H81	0.16999802097763705	0.1085
11713	C43	C09	0.15456989247311828	0.1304
11714	C43	C60	0.15456989247311828	0.1304
11715	C43	A39	0.07479801928590045	0.1254
11716	C43	C32	0.15570469798657718	0.1272
11717	C43	C50	0.155456570155902	0.1277
11718	C43	C61	0.15955555555555556	0.1131
11719	C43	C10	0.154948499776086	0.1296
11720	C43	C13	0.1222707423580786	0.2174
11721	C43	C80	0.1183923110528615	0.2263
11722	C43	C51	0.1542933810375671	0.1284
11723	C43	C49	0.15827017387427553	0.1163
11724	C43	C66	0.15456989247311828	0.1304
11725	C43	H04	0.17091126144050936	0.109
11726	C43	K11	0.17101333864224566	0.109
11727	C43	G21	0.17032640949554897	0.1062
11728	C43	C73	0.1551184622261958	0.1281
11729	C43	C37	0.15456989247311828	0.1304
11730	C43	D03	0.054284432480933155	0.2876
11731	C43	C23	0.1575649059982095	0.1249
11732	C43	C56	0.1570727353859884	0.1254
11733	C43	C74	0.17719021310181532	0.0595
11734	C43	K51	0.1166077738515901	0.0133
11735	C43	K21	0.172339593114241	0.0938
11736	C43	C04	0.15622202327663384	0.1263
11737	C43	C54	0.1569767441860465	0.1255
11738	C43	I78	0.17101333864224566	0.109
11739	C43	C16	0.15983971504897596	0.108
11740	C43	C11	0.1548791405550582	0.1291
11741	C43	E10	0.06701208981001727	0.0999
11742	C43	N87	0.03679318357862122	0.2856
11743	C43	M33	0.03890329751759911	0.2519
11744	C43	A22	0.17101333864224566	0.109
11745	C43	A31	0.17107093184979139	0.1075
11746	C43	G98	0.08262525637269265	0.2256
11747	C43	H02	0.17094527363184078	0.1079
11748	C43	H52	0.035622475211164156	0.2363
11749	C43	H11	0.17101333864224566	0.109
11750	C43	C40	0.15456989247311828	0.1304
11751	C43	C26	0.175	0.0618
11752	C43	N60	0.17117834394904458	0.1085
11753	C43	C63	0.15775401069518716	0.1221
11754	C43	C30	0.17588932806324112	0.0614
11755	C43	P55	0.1712124228548676	0.1087
11756	C43	A28	0.17101333864224566	0.109
11757	C43	C33	0.11795543905635648	0.2294
11758	C43	C69	0.11420612813370473	0.1268
11759	C43	C34	0.16765140324963074	0.0782
11760	C43	K86	0.17087224319491356	0.1086
11761	C43	C31	0.16765140324963074	0.0782
11762	C43	O43	0.17214243556954553	0.1028
11763	C43	N71	0.17101333864224566	0.109
11764	C43	C21	0.1189036678758565	0.2415
11765	C43	R82	0.04067070995362112	0.1817
11766	C43	C75	0.11481922924116011	0.1241
11767	C43	D48	0.12570929725010913	0.2046
11768	C43	C48	0.1183923110528615	0.2278
11769	C43	C20	0.11804995970991136	0.2088
11770	C43	H61	0.17101333864224566	0.109
11771	C43	C41	0.11385350318471338	0.1272
11772	C43	C19	0.16802067946824226	0.0774
11773	C43	J44	0.17601890135853515	0.081
11774	C43	C76	0.11561382598331346	0.1241
11775	C43	A85	0.17101333864224566	0.109
11776	C43	E32	0.17101333864224566	0.109
11777	C43	C70	0.16765140324963074	0.0782
11778	C43	M92	0.17101333864224566	0.109
11779	C43	L28	0.17114427860696518	0.1071
11780	C43	C05	0.17526144969347277	0.0611
11781	C43	C03	0.16765140324963074	0.0782
11782	C43	C02	0.16765140324963074	0.0782
11783	C43	C06	0.16802067946824226	0.0777
11784	C43	C12	0.16802067946824226	0.0777
11785	C43	E08-E13	0.0625644551392231	0.1295
11786	C43	Q67	0.028768233387358184	0.2674
11787	C43	D43	0.10020630710285883	0.0498
11788	C43	D16	0.03610248447204969	0.289
11789	C43	Q63	0.0594855305466238	0.2492
11790	C43	G63	0.05772280367903584	0.2449
11791	C43	T86	0.17155309033280508	0.1
11792	C43	B21	0.16758951642672573	0.0781
11793	C43	K67	0.17101333864224566	0.109
11794	C43	F62	0.17091126144050936	0.109
11795	C43	G09	0.17101333864224566	0.109
11796	C43	G01	0.1713091922005571	0.1084
11797	C43	M01	0.1744209067511384	0.089
11798	C43	K38	0.17101333864224566	0.109
11799	C43	B99	0.17101333864224566	0.109
11800	C43	C01	0.15456989247311828	0.1304
11801	C43	A56	0.17101333864224566	0.109
11802	C43	G02	0.1713091922005571	0.1084
11803	C43	B94	0.1744209067511384	0.089
11804	C43	C39	0.15456989247311828	0.1304
11805	C43	D63	0.17101333864224566	0.109
11806	C43	B89	0.17101333864224566	0.109
11807	C43	B97	0.17101333864224566	0.109
11808	C43	B95	0.17101333864224566	0.109
11809	C43	F54	0.17097929936305734	0.1081
11810	C43	F06	0.17101333864224566	0.109
11811	C09	C60	1.0	0.0
11812	C09	C45	0.06405693950177936	0.1697
11813	C09	C32	0.9882352941176471	0.0
11814	C09	C50	0.9673704414587332	0.0
11815	C09	C61	0.9402985074626866	0.0
11816	C09	C10	0.9960474308300395	0.0
11817	C09	C13	0.1790341578327444	0.1068
11818	C09	C80	0.16863207547169812	0.1203
11819	C09	C51	0.9921259842519685	0.0
11820	C09	C49	0.96	0.0
11821	C09	C84	0.11091234347048301	0.1511
11822	C09	C66	1.0	0.0
11823	C09	M05	0.03763440860215054	0.2735
11824	C09	D81	0.025225225225225224	0.2624
11825	C09	C92	0.09357798165137615	0.1061
11826	C09	C73	0.9863013698630136	0.0
11827	C09	C37	1.0	0.0
11828	C09	D03	0.09078212290502793	0.1239
11829	C09	B25	0.02158273381294964	0.2825
11830	C09	C23	0.9824561403508771	0.0
11831	C09	C56	0.9692307692307692	0.0
11832	C09	C74	0.21373390557939914	0.0332
11833	C09	C91	0.11233885819521179	0.0808
11834	C09	K51	0.03655874863586759	0.2592
11835	C09	C04	0.9882352941176471	0.0
11836	C09	C82	0.10971223021582734	0.1659
11837	C09	C54	0.980544747081712	0.0
11838	C09	C18	0.08966861598440545	0.1661
11839	C09	C16	0.9473684210526315	0.0
11840	C09	C11	0.9940828402366864	0.0
11841	C09	E10	0.03896103896103896	0.2623
11842	C09	C95	0.09547738693467336	0.1358
11843	C09	M33	0.03433835845896147	0.2963
11844	C09	D46	0.06810035842293907	0.1836
11845	C09	J84	0.031088082901554404	0.2781
11846	C09	C85	0.10714285714285714	0.1661
11847	C09	D47	0.0671785028790787	0.1729
11848	C09	C83	0.1168141592920354	0.135
11849	C09	C24	0.08169014084507042	0.259
11850	C09	C40	1.0	0.0
11851	C09	C26	0.2077922077922078	0.0367
11852	C09	C94	0.03557312252964427	0.1727
11853	C09	C63	0.96	0.0
11854	C09	C57	0.07392996108949416	0.2156
11855	C09	C30	0.2141623488773748	0.0334
11856	C09	C33	0.16745283018867924	0.1234
11857	C09	C69	0.17126546146527116	0.0451
11858	C09	C34	0.18880597014925374	0.0567
11859	C09	C31	0.18880597014925374	0.0567
11860	C09	C68	0.08146067415730338	0.2449
11861	C09	C21	0.16618357487922705	0.1371
11862	C09	C75	0.16918714555765596	0.0461
11863	C09	D48	0.18128654970760233	0.1012
11864	C09	C48	0.16725559481743227	0.1235
11865	C09	D13	0.031496062992125984	0.2813
11866	C09	C20	0.14857142857142858	0.1391
11867	C09	C41	0.17047619047619048	0.0455
11868	C09	C22	0.12878787878787878	0.1211
11869	C09	C19	0.18955223880597014	0.0558
11870	C09	C90	0.12542372881355932	0.0425
11871	C09	C76	0.17329545454545456	0.0437
11872	C09	C70	0.18880597014925374	0.0567
11873	C09	K92	0.05016181229773463	0.2944
11874	C09	C05	0.20628122769450394	0.0372
11875	C09	C03	0.18880597014925374	0.0567
11876	C09	C02	0.18880597014925374	0.0567
11877	C09	C06	0.18866517524235646	0.0567
11878	C09	C12	0.18866517524235646	0.0567
11879	C09	E08-E13	0.03890784982935153	0.2808
11880	C09	D43	0.07876370887337986	0.0949
11881	C09	Q63	0.061691542288557215	0.2367
11882	C09	C47	0.03861003861003861	0.251
11883	C09	B21	0.18866517524235646	0.0566
11884	C09	C01	1.0	0.0
11885	C09	C39	1.0	0.0
11886	C09	E35	0.06446776611694154	0.2346
11887	C60	C45	0.06405693950177936	0.1697
11888	C60	C32	0.9882352941176471	0.0
11889	C60	C50	0.9673704414587332	0.0
11890	C60	C61	0.9402985074626866	0.0
11891	C60	C10	0.9960474308300395	0.0
11892	C60	C13	0.1790341578327444	0.1068
11893	C60	C80	0.16863207547169812	0.1203
11894	C60	C51	0.9921259842519685	0.0
11895	C60	C49	0.96	0.0
11896	C60	C84	0.11091234347048301	0.1511
11897	C60	C66	1.0	0.0
11898	C60	M05	0.03763440860215054	0.2735
11899	C60	D81	0.025225225225225224	0.2624
11900	C60	C92	0.09357798165137615	0.1061
11901	C60	C73	0.9863013698630136	0.0
11902	C60	C37	1.0	0.0
11903	C60	D03	0.09078212290502793	0.1239
11904	C60	B25	0.02158273381294964	0.2825
11905	C60	C23	0.9824561403508771	0.0
11906	C60	C56	0.9692307692307692	0.0
11907	C60	C74	0.21373390557939914	0.0332
11908	C60	C91	0.11233885819521179	0.0808
11909	C60	K51	0.03655874863586759	0.2592
11910	C60	C04	0.9882352941176471	0.0
11911	C60	C82	0.10971223021582734	0.1659
11912	C60	C54	0.980544747081712	0.0
11913	C60	C18	0.08966861598440545	0.1661
11914	C60	C16	0.9473684210526315	0.0
11915	C60	C11	0.9940828402366864	0.0
11916	C60	E10	0.03896103896103896	0.2623
11917	C60	C95	0.09547738693467336	0.1358
11918	C60	M33	0.03433835845896147	0.2963
11919	C60	D46	0.06810035842293907	0.1836
11920	C60	J84	0.031088082901554404	0.2781
11921	C60	C85	0.10714285714285714	0.1661
11922	C60	D47	0.0671785028790787	0.1729
11923	C60	C83	0.1168141592920354	0.135
11924	C60	C24	0.08169014084507042	0.259
11925	C60	C40	1.0	0.0
11926	C60	C26	0.2077922077922078	0.0367
11927	C60	C94	0.03557312252964427	0.1727
11928	C60	C63	0.96	0.0
11929	C60	C57	0.07392996108949416	0.2156
11930	C60	C30	0.2141623488773748	0.0334
11931	C60	C33	0.16745283018867924	0.1234
11932	C60	C69	0.17126546146527116	0.0451
11933	C60	C34	0.18880597014925374	0.0567
11934	C60	C31	0.18880597014925374	0.0567
11935	C60	C68	0.08146067415730338	0.2449
11936	C60	C21	0.16618357487922705	0.1371
11937	C60	C75	0.16918714555765596	0.0461
11938	C60	D48	0.18128654970760233	0.1012
11939	C60	C48	0.16725559481743227	0.1235
11940	C60	D13	0.031496062992125984	0.2813
11941	C60	C20	0.14857142857142858	0.1391
11942	C60	C41	0.17047619047619048	0.0455
11943	C60	C22	0.12878787878787878	0.1211
11944	C60	C19	0.18955223880597014	0.0558
11945	C60	C90	0.12542372881355932	0.0425
11946	C60	C76	0.17329545454545456	0.0437
11947	C60	C70	0.18880597014925374	0.0567
11948	C60	K92	0.05016181229773463	0.2944
11949	C60	C05	0.20628122769450394	0.0372
11950	C60	C03	0.18880597014925374	0.0567
11951	C60	C02	0.18880597014925374	0.0567
11952	C60	C06	0.18866517524235646	0.0567
11953	C60	C12	0.18866517524235646	0.0567
11954	C60	E08-E13	0.03890784982935153	0.2808
11955	C60	D43	0.07876370887337986	0.0949
11956	C60	Q63	0.061691542288557215	0.2367
11957	C60	C47	0.03861003861003861	0.251
11958	C60	B21	0.18866517524235646	0.0566
11959	C60	C01	1.0	0.0
11960	C60	C39	1.0	0.0
11961	C60	E35	0.06446776611694154	0.2346
11962	C45	M10	0.078125	0.1147
11963	C45	C55	0.09821428571428571	0.0655
11964	C45	C32	0.06525573192239859	0.1641
11965	C45	C50	0.0658578856152513	0.1614
11966	C45	C61	0.06239460370994941	0.1777
11967	C45	C10	0.06382978723404255	0.1707
11968	C45	C51	0.0636042402826855	0.1718
11969	C45	C49	0.06357388316151202	0.172
11970	C45	C84	0.06565656565656566	0.1623
11971	C45	C66	0.06405693950177936	0.1697
11972	C45	C73	0.0632688927943761	0.1734
11973	C45	C37	0.06405693950177936	0.1697
11974	C45	I30	0.09090909090909091	0.0803
11975	C45	C23	0.06491228070175438	0.1657
11976	C45	C56	0.06597222222222222	0.1609
11977	C45	C91	0.07777777777777778	0.1158
11978	C45	C04	0.06525573192239859	0.1641
11979	C45	C82	0.07253886010362694	0.134
11980	C45	C54	0.06293706293706294	0.175
11981	C45	C16	0.06825938566552901	0.151
11982	C45	C11	0.06560283687943262	0.1625
11983	C45	M04	0.08411214953271028	0.0971
11984	C45	C85	0.06598984771573604	0.1608
11985	C45	C83	0.0625	0.1772
11986	C45	C40	0.06405693950177936	0.1697
11987	C45	C63	0.06174957118353345	0.1809
11988	C45	C90	0.09012875536480687	0.0821
11989	C45	C01	0.06405693950177936	0.1697
11990	C45	C39	0.06405693950177936	0.1697
11991	C45	D25	0.05365853658536585	0.2638
11992	C45	G56	0.09345794392523364	0.1
11993	C45	D83	0.029239766081871343	0.193
11994	C45	K73	0.022222222222222223	0.2367
11995	C45	I40	0.09473684210526316	0.0722
11996	C45	N35	0.09473684210526316	0.0722
11997	C45	H33	0.08571428571428572	0.0928
11998	C45	D27	0.0297029702970297	0.2523
11999	C45	C18	0.13740458015267176	0.0635
12000	C45	C15	0.1188118811881188	0.0824
12001	C45	Q45	0.023529411764705882	0.2574
12002	C45	N64	0.04132231404958678	0.2422
12003	C45	C57	0.12698412698412698	0.0712
12004	C45	P24	0.016666666666666666	0.294
12005	C45	D53	0.02830188679245283	0.2755
12006	C45	C22	0.10059171597633136	0.1926
12007	C45	O01	0.10784313725490197	0.2108
12008	C45	C14	0.03389830508474576	0.29
12009	C45	D44	0.3018867924528302	0.0
12010	C45	C97	0.019801980198019802	0.2374
12011	C32	C50	0.9563567362428842	0.0
12012	C32	C61	0.9298892988929889	0.0
12013	C32	C10	0.984375	0.0
12014	C32	C13	0.17777777777777778	0.1085
12015	C32	C80	0.16744730679156908	0.1221
12016	C32	C51	0.980544747081712	0.0
12017	C32	C49	0.9491525423728814	0.0
12018	C32	C84	0.10973451327433628	0.1541
12019	C32	C66	0.9882352941176471	0.0
12020	C32	M05	0.038502673796791446	0.2654
12021	C32	D81	0.024955436720142603	0.2662
12022	C32	C92	0.09454545454545454	0.1036
12023	C32	C73	0.9748549323017408	0.0
12024	C32	C37	0.9882352941176471	0.0
12025	C32	D03	0.09153952843273232	0.1217
12026	C32	B25	0.022857142857142857	0.2621
12027	C32	C23	0.9710982658959537	0.0
12028	C32	C56	0.9581749049429658	0.0
12029	C32	C74	0.2126387702818104	0.0338
12030	C32	C91	0.1111111111111111	0.0831
12031	C32	K51	0.03689567430025445	0.256
12032	C32	C04	0.9805825242718447	0.0
12033	C32	C82	0.10854092526690391	0.1692
12034	C32	C54	0.9692307692307692	0.0
12035	C32	C18	0.08863198458574181	0.1696
12036	C32	C16	0.9440298507462687	0.0
12037	C32	C11	0.9824561403508771	0.0
12038	C32	E10	0.039509536784741145	0.2574
12039	C32	C95	0.09816971713810316	0.1283
12040	C32	M33	0.03502919099249374	0.2891
12041	C32	D46	0.0673758865248227	0.1869
12042	C32	J84	0.03076923076923077	0.2818
12043	C32	C85	0.10600706713780919	0.1693
12044	C32	D47	0.06641366223908918	0.1764
12045	C32	C83	0.11558669001751314	0.1378
12046	C32	C24	0.08100558659217877	0.2619
12047	C32	C40	0.9882352941176471	0.0
12048	C32	C26	0.20689655172413793	0.0372
12049	C32	C94	0.03515625	0.1764
12050	C32	C63	0.9491525423728814	0.0
12051	C32	C57	0.07307692307692308	0.2195
12052	C32	C30	0.21305841924398625	0.034
12053	C32	C33	0.16627634660421545	0.1253
12054	C32	C69	0.17029328287606432	0.0459
12055	C32	C34	0.18796433878157504	0.0574
12056	C32	C31	0.18796433878157504	0.0574
12057	C32	C68	0.0807799442896936	0.2478
12058	C32	C21	0.16522574447646493	0.1386
12059	C32	C75	0.16823308270676693	0.0469
12060	C32	D48	0.1800232288037166	0.1029
12061	C32	C48	0.16608187134502925	0.1253
12062	C32	D13	0.0311284046692607	0.2855
12063	C32	C20	0.14772727272727273	0.1407
12064	C32	C41	0.16950757575757575	0.0463
12065	C32	C22	0.12734082397003746	0.1241
12066	C32	C19	0.1887072808320951	0.0565
12067	C32	C90	0.12416107382550336	0.0438
12068	C32	C76	0.17231638418079095	0.0445
12069	C32	C70	0.18796433878157504	0.0574
12070	C32	K92	0.049679487179487176	0.2979
12071	C32	C05	0.20540156361051884	0.0377
12072	C32	C03	0.18796433878157504	0.0574
12073	C32	C02	0.18796433878157504	0.0574
12074	C32	C06	0.18782479584261322	0.0574
12075	C32	C12	0.18782479584261322	0.0574
12076	C32	E08-E13	0.03874915023793338	0.2822
12077	C32	Q67	0.026288117770767613	0.2997
12078	C32	D43	0.07852882703777336	0.0955
12079	C32	Q63	0.062376237623762376	0.2329
12080	C32	C47	0.03816793893129771	0.255
12081	C32	B21	0.18782479584261322	0.0574
12082	C32	C01	0.9882352941176471	0.0
12083	C32	C39	0.9882352941176471	0.0
12084	C32	E35	0.0638930163447251	0.2377
12085	C50	C61	0.9183303085299456	0.0
12086	C50	C10	0.9636711281070746	0.0
12087	C50	C13	0.1920374707259953	0.0908
12088	C50	C80	0.1817116060961313	0.102
12089	C50	C51	0.96	0.0
12090	C50	C49	0.9298892988929889	0.0
12091	C50	C84	0.1076388888888889	0.1597
12092	C50	C66	0.9673704414587332	0.0
12093	C50	M05	0.03695881731784583	0.2799
12094	C50	D81	0.024475524475524476	0.2731
12095	C50	C92	0.09269162210338681	0.1084
12096	C50	C73	0.9545454545454546	0.0
12097	C50	C37	0.9673704414587332	0.0
12098	C50	D03	0.09165526675786594	0.1214
12099	C50	B25	0.021067415730337078	0.2912
12100	C50	C23	0.9509433962264151	0.0
12101	C50	C56	0.956766917293233	0.0
12102	C50	C74	0.2230769230769231	0.0286
12103	C50	C91	0.11091234347048301	0.0835
12104	C50	K51	0.037386569872958256	0.2514
12105	C50	C04	0.9563567362428842	0.0
12106	C50	C82	0.10645724258289703	0.175
12107	C50	C54	0.9491525423728814	0.0
12108	C50	C18	0.08679245283018867	0.1759
12109	C50	C16	0.9215328467153284	0.0
12110	C50	C11	0.9618320610687023	0.0
12111	C50	E10	0.038513513513513516	0.2664
12112	C50	C95	0.09640522875816994	0.1332
12113	C50	M33	0.03471074380165289	0.2924
12114	C50	D46	0.06794425087108014	0.1843
12115	C50	J84	0.031932773109243695	0.2685
12116	C50	C85	0.10398613518197573	0.1751
12117	C50	D47	0.06505576208178439	0.1828
12118	C50	D12	0.02831858407079646	0.2958
12119	C50	C83	0.1134020618556701	0.1431
12120	C50	C24	0.081267217630854	0.2608
12121	C50	C40	0.9673704414587332	0.0
12122	C50	C26	0.21567217828900073	0.0323
12123	C50	C94	0.03441682600382409	0.1829
12124	C50	C63	0.933456561922366	0.0
12125	C50	N64	0.051330798479087454	0.1715
12126	C50	C57	0.07969639468690702	0.1912
12127	C50	C30	0.2235597592433362	0.0288
12128	C50	C33	0.18053927315357562	0.1048
12129	C50	C69	0.1751412429378531	0.042
12130	C50	C34	0.1970260223048327	0.05
12131	C50	C31	0.1970260223048327	0.05
12132	C50	C68	0.08104395604395605	0.2467
12133	C50	C21	0.17692307692307693	0.1205
12134	C50	C75	0.17305893358278765	0.0429
12135	C50	D48	0.1941860465116279	0.086
12136	C50	C48	0.18032786885245902	0.1048
12137	C50	D13	0.030476190476190476	0.2931
12138	C50	C20	0.15924170616113745	0.1207
12139	C50	C41	0.17436380772855797	0.0424
12140	C50	C22	0.12683823529411764	0.1251
12141	C50	C19	0.19776951672862453	0.0492
12142	C50	C90	0.12191103789126853	0.0464
12143	C50	C76	0.18267419962335216	0.0369
12144	C50	C70	0.1970260223048327	0.05
12145	C50	K92	0.052132701421800945	0.2806
12146	C50	C05	0.21408250355618777	0.0328
12147	C50	C03	0.1970260223048327	0.05
12148	C50	C02	0.1970260223048327	0.05
12149	C50	C06	0.19687964338781574	0.05
12150	C50	C12	0.19687964338781574	0.05
12151	C50	E08-E13	0.03916272788656313	0.2785
12152	C50	D43	0.07916872835230084	0.0937
12153	C50	Q63	0.06378802747791953	0.2253
12154	C50	C47	0.037383177570093455	0.2623
12155	C50	B21	0.19687964338781574	0.05
12156	C50	C01	0.9673704414587332	0.0
12157	C50	C39	0.9673704414587332	0.0
12158	C50	E35	0.07227138643067847	0.1968
12159	C61	C10	0.9368029739776952	0.0
12160	C61	C13	0.20256111757857975	0.0795
12161	C61	C80	0.19230769230769232	0.0892
12162	C61	C51	0.9333333333333333	0.0
12163	C61	C49	0.9117117117117117	0.0
12164	C61	C84	0.10865874363327674	0.157
12165	C61	C66	0.9402985074626866	0.0
12166	C61	M05	0.037460978147762745	0.2751
12167	C61	D81	0.02385008517887564	0.2823
12168	C61	C92	0.09027777777777778	0.1148
12169	C61	C73	0.9281767955801105	0.0
12170	C61	C37	0.9402985074626866	0.0
12171	C61	D03	0.08835341365461848	0.1311
12172	C61	B25	0.02063273727647868	0.2987
12173	C61	C23	0.9247706422018349	0.0
12174	C61	C56	0.92	0.0
12175	C61	C74	0.23063829787234041	0.0253
12176	C61	C91	0.11188811188811189	0.0817
12177	C61	K51	0.038600942370424066	0.2403
12178	C61	C04	0.9298892988929889	0.0
12179	C61	C82	0.10562180579216354	0.1775
12180	C61	C54	0.9230769230769231	0.0
12181	C61	C18	0.08440366972477065	0.1846
12182	C61	C16	0.8969804618117229	0.0
12183	C61	C11	0.935064935064935	0.0
12184	C61	E10	0.043010752688172046	0.2282
12185	C61	C95	0.09584664536741214	0.1348
12186	C61	M33	0.038524590163934426	0.2553
12187	C61	D46	0.06621392190152801	0.1924
12188	C61	J84	0.029459901800327332	0.2974
12189	C61	C85	0.10321489001692047	0.1774
12190	C61	D47	0.06521739130434782	0.182
12191	C61	C83	0.11241610738255034	0.1455
12192	C61	C24	0.08254397834912043	0.2553
12193	C61	C40	0.9402985074626866	0.0
12194	C61	C26	0.22381635581061693	0.0284
12195	C61	C94	0.03345724907063197	0.1919
12196	C61	C63	0.9794776119402985	0.0
12197	C61	C57	0.07155963302752294	0.2265
12198	C61	C30	0.23116438356164384	0.0255
12199	C61	N42	0.07191780821917808	0.1763
12200	C61	C33	0.19114219114219114	0.0917
12201	C61	C69	0.1737918215613383	0.0431
12202	C61	C34	0.20548961424332343	0.0439
12203	C61	C31	0.20548961424332343	0.0439
12204	C61	C68	0.08378378378378379	0.2353
12205	C61	C21	0.18791946308724833	0.1056
12206	C61	R82	0.029082774049217	0.2958
12207	C61	C75	0.17174515235457063	0.044
12208	C61	D48	0.2046242774566474	0.0753
12209	C61	C48	0.1909196740395809	0.0918
12210	C61	C20	0.17013232514177692	0.1044
12211	C61	C41	0.17302325581395347	0.0434
12212	C61	C22	0.12343470483005367	0.1323
12213	C61	C19	0.2062314540059347	0.0432
12214	C61	C90	0.12439418416801293	0.0436
12215	C61	C76	0.1757631822386679	0.0418
12216	C61	C70	0.20548961424332343	0.0439
12217	C61	C05	0.22214336408800567	0.0288
12218	C61	C03	0.20548961424332343	0.0439
12219	C61	C02	0.20548961424332343	0.0439
12220	C61	C06	0.20533728687916974	0.044
12221	C61	C12	0.20533728687916974	0.044
12222	C61	E08-E13	0.042953020134228186	0.246
12223	C61	Q67	0.02663934426229508	0.2949
12224	C61	D43	0.07964601769911504	0.0924
12225	C61	Q63	0.06595538312318137	0.2142
12226	C61	C47	0.03636363636363636	0.2721
12227	C61	B21	0.20533728687916974	0.0439
12228	C61	C01	0.9402985074626866	0.0
12229	C61	C39	0.9402985074626866	0.0
12230	C61	E35	0.06303724928366762	0.2423
12231	C10	C13	0.18138987043580684	0.1037
12232	C10	C80	0.1696113074204947	0.1188
12233	C10	C51	0.9882352941176471	0.0
12234	C10	C49	0.9563567362428842	0.0
12235	C10	C84	0.11051693404634581	0.1521
12236	C10	C66	0.9960474308300395	0.0
12237	C10	M05	0.03755364806866953	0.2743
12238	C10	D81	0.025134649910233394	0.2636
12239	C10	C92	0.09323583180987204	0.1069
12240	C10	C73	0.9824561403508771	0.0
12241	C10	C37	0.9960474308300395	0.0
12242	C10	D03	0.0905292479108635	0.1246
12243	C10	B25	0.021520803443328552	0.2835
12244	C10	C23	0.9786407766990292	0.0
12245	C10	C56	0.9655172413793104	0.0
12246	C10	C74	0.2144082332761578	0.0328
12247	C10	C91	0.11192660550458716	0.0816
12248	C10	K51	0.03654545454545455	0.2593
12249	C10	C04	0.984375	0.0
12250	C10	C82	0.10931899641577061	0.167
12251	C10	C54	0.9767441860465116	0.0
12252	C10	C18	0.08932038834951456	0.1672
12253	C10	C16	0.9438202247191011	0.0
12254	C10	C11	0.9901768172888016	0.0
12255	C10	E10	0.03890784982935153	0.2628
12256	C10	C95	0.09515859766277128	0.1367
12257	C10	M33	0.034280936454849496	0.2969
12258	C10	D46	0.06785714285714285	0.1847
12259	C10	J84	0.03098106712564544	0.2793
12260	C10	C85	0.10676156583629894	0.1672
12261	C10	D47	0.06692160611854685	0.1741
12262	C10	C83	0.1164021164021164	0.1359
12263	C10	C24	0.08146067415730338	0.26
12264	C10	C40	0.9960474308300395	0.0
12265	C10	C26	0.2083633741888969	0.0363
12266	C10	C94	0.03543307086614173	0.1739
12267	C10	C63	0.9563567362428842	0.0
12268	C10	C57	0.07364341085271318	0.2169
12269	C10	C30	0.21484037963761865	0.0331
12270	C10	C33	0.1684334511189635	0.1219
12271	C10	C69	0.17094017094017094	0.0453
12272	C10	C34	0.1894108873974646	0.0561
12273	C10	C31	0.1894108873974646	0.0561
12274	C10	C68	0.08123249299719888	0.2459
12275	C10	C21	0.166988416988417	0.1357
12276	C10	C75	0.16886792452830188	0.0464
12277	C10	D48	0.1822429906542056	0.1
12278	C10	C48	0.16823529411764707	0.122
12279	C10	D13	0.03137254901960784	0.2827
12280	C10	C20	0.1493815413891532	0.1376
12281	C10	C41	0.17015209125475286	0.0458
12282	C10	C22	0.12830188679245283	0.1221
12283	C10	C19	0.19015659955257272	0.0552
12284	C10	C90	0.125	0.0429
12285	C10	C76	0.17296786389413987	0.0439
12286	C10	C70	0.1894108873974646	0.0561
12287	C10	K92	0.05	0.2956
12288	C10	C05	0.20684736091298145	0.0368
12289	C10	C03	0.1894108873974646	0.0561
12290	C10	C02	0.1894108873974646	0.0561
12291	C10	C06	0.19015659955257272	0.0554
12292	C10	C12	0.19015659955257272	0.0554
12293	C10	E08-E13	0.03885480572597137	0.2813
12294	C10	D43	0.07868525896414343	0.0951
12295	C10	Q63	0.06156901688182721	0.2373
12296	C10	C47	0.038461538461538464	0.2523
12297	C10	B21	0.18926974664679583	0.0561
12298	C10	C01	0.9960474308300395	0.0
12299	C10	C39	0.9960474308300395	0.0
12300	C10	E35	0.06427503736920777	0.2356
12301	C13	A64	0.12856768787640743	0.2009
12302	C13	A89	0.12525303643724697	0.2094
12303	C13	C51	0.17819460726846426	0.108
12304	C13	C49	0.18561484918793503	0.0984
12305	C13	C66	0.1790341578327444	0.1068
12306	C13	C73	0.18588235294117647	0.098
12307	C13	C37	0.1790341578327444	0.1068
12308	C13	C23	0.18405627198124266	0.1003
12309	C13	C56	0.1936619718309859	0.0889
12310	C13	C74	0.5427631578947368	0.0011
12311	C13	C91	0.10760667903525047	0.2612
12312	C13	K21	0.1250636780438105	0.2099
12313	C13	C04	0.17777777777777778	0.1085
12314	C13	C54	0.17969661610268378	0.1059
12315	C13	C16	0.18140068886337543	0.1037
12316	C13	C11	0.1784037558685446	0.1077
12317	C13	H02	0.12863505370709982	0.2008
12318	C13	C40	0.1790341578327444	0.1068
12319	C13	C26	0.42356959863364646	0.0049
12320	C13	C63	0.2037691401648999	0.0783
12321	C13	C30	0.547566371681416	0.001
12322	C13	C69	0.12190650779101742	0.2184
12323	C13	C34	0.4537121906507791	0.0034
12324	C13	C31	0.4537121906507791	0.0034
12325	C13	C75	0.12637362637362637	0.2065
12326	C13	C20	0.6839887640449438	0.0002
12327	C13	C41	0.12007332722273144	0.2235
12328	C13	C19	0.4532967032967033	0.0034
12329	C13	J44	0.12570404505888377	0.2083
12330	C13	C76	0.12923923006416133	0.1993
12331	C13	C70	0.4537121906507791	0.0034
12332	C13	L28	0.1286013619696176	0.2009
12333	C13	C05	0.41786015164279694	0.0053
12334	C13	C03	0.4537121906507791	0.0034
12335	C13	C02	0.4537121906507791	0.0034
12336	C13	C06	0.4546287809349221	0.0033
12337	C13	C12	0.4546287809349221	0.0033
12338	C13	T86	0.127631920977385	0.2033
12339	C13	B21	0.4532967032967033	0.0034
12340	C13	M01	0.12703751617076325	0.2048
12341	C13	C01	0.1790341578327444	0.1068
12342	C13	B94	0.12703751617076325	0.2048
12343	C13	C39	0.1790341578327444	0.1068
12344	C13	B57	0.12863505370709982	0.1888
12345	C13	D73	0.12866876310272538	0.1888
12346	C13	H81	0.12769830949284786	0.1887
12347	C13	C80	0.9759036144578314	0.0
12348	C13	H04	0.1286013619696176	0.1888
12349	C13	K11	0.12870249017038007	0.1888
12350	C13	G21	0.12756560145492335	0.1866
12351	C13	D03	0.09014084507042254	0.1258
12352	C13	I78	0.12870249017038007	0.1888
12353	C13	A22	0.12870249017038007	0.1888
12354	C13	A31	0.12829892866475046	0.1878
12355	C13	Q87	0.03130434782608696	0.2967
12356	C13	J85	0.06427221172022685	0.2392
12357	C13	K83	0.06666666666666667	0.2074
12358	C13	N32	0.05533596837944664	0.1475
12359	C13	C24	0.08404558404558404	0.249
12360	C13	H11	0.12870249017038007	0.1888
12361	C13	N60	0.12863505370709982	0.1885
12362	C13	N64	0.05168986083499006	0.1694
12363	C13	C57	0.064453125	0.2626
12364	C13	P55	0.12866876310272538	0.1888
12365	C13	A28	0.12870249017038007	0.1888
12366	C13	N42	0.07116788321167883	0.1795
12367	C13	C33	0.9778672032193159	0.0
12368	C13	K86	0.1283324621014114	0.1889
12369	C13	D51	0.030065359477124184	0.2764
12370	C13	O43	0.1261886404523259	0.1888
12371	C13	N71	0.12870249017038007	0.1888
12372	C13	C68	0.0884450784593438	0.217
12373	C13	C21	0.7045454545454546	0.0002
12374	C13	D48	0.9400386847195358	0.0
12375	C13	C48	0.9759036144578314	0.0
12376	C13	H61	0.12870249017038007	0.1888
12377	C13	C22	0.1050656660412758	0.179
12378	C13	D07	0.10663983903420524	0.1547
12379	C13	A85	0.12870249017038007	0.1888
12380	C13	E32	0.12870249017038007	0.1888
12381	C13	D02	0.11066398390342053	0.1405
12382	C13	M92	0.12870249017038007	0.1888
12383	C13	D00	0.10663983903420524	0.1547
12384	C13	D01	0.10843373493975904	0.1489
12385	C13	C14	0.03346456692913386	0.2946
12386	C13	D43	0.056317335945151814	0.1859
12387	C13	Q63	0.08273748723186926	0.1445
12388	C13	C47	0.05148514851485148	0.1579
12389	C13	K67	0.12870249017038007	0.1888
12390	C13	F62	0.1286013619696176	0.1888
12391	C13	G09	0.12870249017038007	0.1888
12392	C13	G01	0.12853403141361255	0.1888
12393	C13	K38	0.12870249017038007	0.1888
12394	C13	B99	0.12870249017038007	0.1888
12395	C13	A56	0.12870249017038007	0.1888
12396	C13	G02	0.12853403141361255	0.1888
12397	C13	D63	0.12870249017038007	0.1888
12398	C13	B89	0.12870249017038007	0.1888
12399	C13	B97	0.12870249017038007	0.1888
12400	C13	B95	0.12870249017038007	0.1888
12401	C13	F54	0.12866876310272538	0.1875
12402	C13	F06	0.12870249017038007	0.1888
12403	C13	E35	0.07656967840735068	0.1786
12404	C80	A64	0.1274252753015207	0.202
12405	C80	A89	0.12300683371298406	0.2136
12406	C80	C51	0.16784037558685447	0.1215
12407	C80	C49	0.1753774680603949	0.1105
12408	C80	C66	0.16863207547169812	0.1203
12409	C80	C73	0.17550058892815076	0.1103
12410	C80	C37	0.16863207547169812	0.1203
12411	C80	C23	0.17370892018779344	0.1128
12412	C80	C56	0.18331374853113983	0.0999
12413	C80	C74	0.5351648351648352	0.0012
12414	C80	K21	0.12423469387755103	0.2103
12415	C80	C04	0.16744730679156908	0.1221
12416	C80	C54	0.169392523364486	0.1191
12417	C80	C16	0.17126436781609194	0.1163
12418	C80	C11	0.16803760282021152	0.1212
12419	C80	C95	0.09827586206896552	0.2915
12420	C80	H02	0.12749213011542498	0.2019
12421	C80	C40	0.16863207547169812	0.1203
12422	C80	C26	0.41623931623931626	0.0052
12423	C80	C63	0.19339622641509435	0.088
12424	C80	C30	0.5399113082039911	0.0011
12425	C80	C69	0.1147842056932966	0.2368
12426	C80	C34	0.44719926538108357	0.0035
12427	C80	C31	0.44719926538108357	0.0035
12428	C80	C75	0.11926605504587157	0.2239
12429	C80	C20	0.6913229018492176	0.0002
12430	C80	C41	0.11294765840220386	0.2424
12431	C80	C19	0.44678899082568807	0.0036
12432	C80	J44	0.12458344014355294	0.2094
12433	C80	C76	0.12213039485766758	0.2159
12434	C80	C70	0.44719926538108357	0.0035
12435	C80	L28	0.12745869394177814	0.2019
12436	C80	C05	0.4106239460370995	0.0056
12437	C80	C03	0.44719926538108357	0.0035
12438	C80	C02	0.44719926538108357	0.0035
12439	C80	C06	0.44678899082568807	0.0036
12440	C80	C12	0.44678899082568807	0.0036
12441	C80	T86	0.12649661634565332	0.2044
12442	C80	B21	0.44678899082568807	0.0036
12443	C80	M01	0.12590673575129532	0.2059
12444	C80	C01	0.16863207547169812	0.1203
12445	C80	B94	0.12590673575129532	0.2059
12446	C80	C39	0.16863207547169812	0.1203
12447	C80	B57	0.12749213011542498	0.2019
12448	C80	D73	0.12752558383626345	0.2018
12449	C80	H81	0.1265625	0.2042
12450	C80	C21	0.6903409090909091	0.0002
12451	C80	H04	0.12745869394177814	0.1916
12452	C80	K11	0.12755905511811025	0.1916
12453	C80	G21	0.12643080124869926	0.1894
12454	C80	D03	0.09142857142857143	0.1221
12455	C80	I78	0.12755905511811025	0.1916
12456	C80	A22	0.12755905511811025	0.1916
12457	C80	A31	0.1271585557299843	0.1907
12458	C80	Q87	0.03185840707964602	0.2904
12459	C80	J85	0.06551059730250482	0.2327
12460	C80	K83	0.06796116504854369	0.2011
12461	C80	N32	0.056451612903225805	0.1419
12462	C80	H11	0.12755905511811025	0.1916
12463	C80	N60	0.12749213011542498	0.1913
12464	C80	N64	0.05273833671399594	0.1634
12465	C80	P55	0.12752558383626345	0.1916
12466	C80	A28	0.12755905511811025	0.1916
12467	C80	N42	0.0724907063197026	0.1739
12468	C80	C33	0.997946611909651	0.0
12469	C80	K86	0.1271918345982727	0.1917
12470	C80	D51	0.030463576158940398	0.2717
12471	C80	O43	0.12506433350488935	0.1916
12472	C80	N71	0.12755905511811025	0.1916
12473	C80	D48	0.9624505928853755	0.0
12474	C80	C48	0.9959016393442623	0.0
12475	C80	H61	0.12755905511811025	0.1916
12476	C80	D07	0.10882956878850103	0.1489
12477	C80	A85	0.12755905511811025	0.1916
12478	C80	E32	0.12755905511811025	0.1916
12479	C80	D02	0.11065573770491803	0.1406
12480	C80	M92	0.12755905511811025	0.1916
12481	C80	D00	0.10882956878850103	0.1489
12482	C80	D01	0.11065573770491803	0.1432
12483	C80	C14	0.03413654618473896	0.2875
12484	C80	Q63	0.08359133126934984	0.1417
12485	C80	C47	0.052525252525252523	0.1521
12486	C80	K67	0.12755905511811025	0.1916
12487	C80	F62	0.12745869394177814	0.1916
12488	C80	G09	0.12755905511811025	0.1916
12489	C80	G01	0.127391874180865	0.1917
12490	C80	K38	0.12755905511811025	0.1916
12491	C80	B99	0.12755905511811025	0.1916
12492	C80	A56	0.12755905511811025	0.1916
12493	C80	G02	0.127391874180865	0.1917
12494	C80	D63	0.12755905511811025	0.1916
12495	C80	B89	0.12755905511811025	0.1916
12496	C80	B97	0.12755905511811025	0.1916
12497	C80	B95	0.12755905511811025	0.1916
12498	C80	F54	0.12752558383626345	0.1903
12499	C80	F06	0.12755905511811025	0.1916
12500	C80	E35	0.07776049766718507	0.1739
12501	C51	F99	0.043478260869565216	0.2976
12502	C51	C49	0.9527410207939508	0.0
12503	C51	C84	0.1140819964349376	0.1431
12504	C51	C66	0.9921259842519685	0.0
12505	C51	M05	0.04081632653061224	0.245
12506	C51	D81	0.025044722719141325	0.2649
12507	C51	C92	0.09289617486338798	0.1078
12508	C51	C73	0.9786407766990292	0.0
12509	C51	C37	0.9921259842519685	0.0
12510	C51	D03	0.09027777777777778	0.1254
12511	C51	B25	0.02145922746781116	0.2845
12512	C51	C23	0.9748549323017408	0.0
12513	C51	C56	0.9618320610687023	0.0
12514	C51	C74	0.21300256629597947	0.0336
12515	C51	C91	0.11151736745886655	0.0823
12516	C51	K51	0.03709765411893071	0.2541
12517	C51	C04	0.980544747081712	0.0
12518	C51	C82	0.10892857142857143	0.1681
12519	C51	C54	0.972972972972973	0.0
12520	C51	C18	0.08897485493230174	0.1684
12521	C51	C16	0.9402985074626866	0.0
12522	C51	C11	0.9863013698630136	0.0
12523	C51	E10	0.040983606557377046	0.2447
12524	C51	C95	0.09484193011647254	0.1376
12525	C51	M33	0.03595317725752508	0.2798
12526	C51	D46	0.06761565836298933	0.1858
12527	C51	J84	0.03264604810996564	0.2607
12528	C51	C85	0.1103202846975089	0.1575
12529	C51	D47	0.06666666666666667	0.1752
12530	C51	C83	0.11992945326278659	0.1279
12531	C51	C24	0.08274894810659186	0.2545
12532	C51	C40	0.9921259842519685	0.0
12533	C51	C26	0.20806335493160547	0.0365
12534	C51	C94	0.03529411764705882	0.1751
12535	C51	C63	0.9527410207939508	0.0
12536	C51	C57	0.07335907335907337	0.2182
12537	C51	C30	0.2134251290877797	0.0338
12538	C51	C33	0.16666666666666666	0.1247
12539	C51	C69	0.17172675521821631	0.0447
12540	C51	C34	0.18912881608339538	0.0564
12541	C51	C31	0.18912881608339538	0.0564
12542	C51	C68	0.08251748251748252	0.2405
12543	C51	C21	0.16666666666666666	0.1363
12544	C51	C75	0.1696512723845429	0.0457
12545	C51	D48	0.18044237485448195	0.1023
12546	C51	C48	0.16647127784290738	0.1247
12547	C51	D13	0.03125	0.2841
12548	C51	C20	0.14909781576448244	0.1381
12549	C51	C41	0.17094017094017094	0.0451
12550	C51	C22	0.12781954887218044	0.1231
12551	C51	C19	0.189873417721519	0.0555
12552	C51	C90	0.12457912457912458	0.0434
12553	C51	C76	0.17374881964117092	0.0433
12554	C51	C70	0.18912881608339538	0.0564
12555	C51	K92	0.0532258064516129	0.2732
12556	C51	C05	0.20655270655270655	0.037
12557	C51	C03	0.18912881608339538	0.0564
12558	C51	C02	0.18912881608339538	0.0564
12559	C51	C06	0.18898809523809523	0.0564
12560	C51	C12	0.18898809523809523	0.0564
12561	C51	E08-E13	0.04021813224267212	0.269
12562	C51	D43	0.07860696517412935	0.0953
12563	C51	Q63	0.061446977205153616	0.238
12564	C51	C47	0.038314176245210725	0.2537
12565	C51	B21	0.18898809523809523	0.0564
12566	C51	C01	0.9921259842519685	0.0
12567	C51	C39	0.9921259842519685	0.0
12568	C51	E35	0.06726457399103139	0.2203
12569	C49	F99	0.04395604395604396	0.2937
12570	C49	C84	0.10880829015544041	0.1566
12571	C49	C66	0.96	0.0
12572	C49	M05	0.03898840885142255	0.261
12573	C49	D81	0.024305555555555556	0.2755
12574	C49	C92	0.09591474245115453	0.1003
12575	C49	C73	0.9473684210526315	0.0
12576	C49	C37	0.96	0.0
12577	C49	D03	0.08819538670284939	0.1315
12578	C49	B25	0.022377622377622378	0.2696
12579	C49	C23	0.9438202247191011	0.0
12580	C49	C56	0.9316081330868762	0.0
12581	C49	C74	0.22023809523809523	0.0299
12582	C49	C91	0.11012433392539965	0.085
12583	C49	K51	0.03754761472882278	0.2499
12584	C49	C04	0.9491525423728814	0.0
12585	C49	L25	0.02040816326530612	0.295
12586	C49	C82	0.1076388888888889	0.1717
12587	C49	C54	0.9420560747663551	0.0
12588	C49	C18	0.08614232209737828	0.1783
12589	C49	C16	0.9113924050632911	0.0
12590	C49	C11	0.9545454545454546	0.0
12591	C49	E10	0.04051316677920324	0.2487
12592	C49	C95	0.0940032414910859	0.1401
12593	C49	M33	0.03459637561779242	0.2936
12594	C49	D46	0.06563039723661486	0.1953
12595	C49	J84	0.03	0.2908
12596	C49	C85	0.10517241379310345	0.1717
12597	C49	D47	0.06457564575645756	0.1851
12598	C49	N32	0.034990791896869246	0.2988
12599	C49	C83	0.11452991452991453	0.1404
12600	C49	C24	0.08082191780821918	0.2627
12601	C49	C40	0.96	0.0
12602	C49	C26	0.2133142448103078	0.0336
12603	C49	C94	0.03415559772296015	0.1853
12604	C49	C63	0.9230769230769231	0.0
12605	C49	C57	0.07102803738317758	0.229
12606	C49	C30	0.22070145423438836	0.0301
12607	C49	C33	0.17421602787456447	0.1134
12608	C49	C69	0.17118802619270346	0.0451
12609	C49	C34	0.19467061435973354	0.0518
12610	C49	C31	0.19467061435973354	0.0518
12611	C49	C68	0.08207934336525308	0.2423
12612	C49	C21	0.1728748806112703	0.1265
12613	C49	C75	0.1691449814126394	0.0461
12614	C49	D48	0.18778801843317972	0.0932
12615	C49	C48	0.1740139211136891	0.1134
12616	C49	D13	0.030245746691871456	0.2958
12617	C49	C20	0.1553672316384181	0.1271
12618	C49	C41	0.1704119850187266	0.0455
12619	C49	C22	0.12386156648451731	0.1314
12620	C49	C19	0.19541080680977055	0.051
12621	C49	C90	0.12479474548440066	0.0431
12622	C49	C76	0.17318435754189945	0.0438
12623	C49	C70	0.19467061435973354	0.0518
12624	C49	K92	0.05511811023622047	0.2608
12625	C49	C05	0.21175637393767704	0.0341
12626	C49	C03	0.19467061435973354	0.0518
12627	C49	C02	0.19467061435973354	0.0518
12628	C49	C06	0.1945266272189349	0.0518
12629	C49	C12	0.1945266272189349	0.0518
12630	C49	E08-E13	0.039057239057239054	0.2794
12631	C49	D43	0.0800790904597133	0.0912
12632	C49	Q63	0.06771344455348381	0.2055
12633	C49	C47	0.03710575139146568	0.2649
12634	C49	B21	0.1945266272189349	0.0518
12635	C49	C01	0.96	0.0
12636	C49	C39	0.96	0.0
12637	C49	E35	0.06404657933042213	0.2369
12638	C84	M10	0.07333333333333333	0.2869
12639	C84	M86	0.072992700729927	0.2885
12640	C84	C55	0.07352941176470588	0.2859
12641	C84	M45	0.1144578313253012	0.1422
12642	C84	I40	0.08547008547008547	0.2736
12643	C84	C81	0.13013698630136986	0.2396
12644	C84	K43	0.10077519379844961	0.1017
12645	C84	N35	0.08547008547008547	0.2664
12646	C84	L82	0.047619047619047616	0.2931
12647	C84	H33	0.07874015748031496	0.1942
12648	C84	B06	0.03804347826086957	0.2042
12649	C84	C66	0.11091234347048301	0.232
12650	C84	B34	0.02962962962962963	0.1852
12651	C84	D81	0.02824858757062147	0.2233
12652	C84	C92	0.07731958762886598	0.1569
12653	C84	B51	0.10697674418604651	0.1682
12654	C84	C73	0.10954063604240283	0.2345
12655	C84	C37	0.11091234347048301	0.232
12656	C84	I30	0.08264462809917356	0.1815
12657	C84	C23	0.10915492957746478	0.2369
12658	C84	C56	0.11169284467713787	0.2286
12659	C84	C91	0.14814814814814814	0.0361
12660	C84	D25	0.06222222222222222	0.2132
12661	C84	B50	0.10747663551401869	0.1625
12662	C84	C04	0.10973451327433628	0.234
12663	C84	C82	0.796875	0.0
12664	C84	C54	0.10896309314586995	0.2369
12665	C84	C18	0.08176100628930817	0.1947
12666	C84	C16	0.1094017094017094	0.2182
12667	C84	C11	0.11229946524064172	0.2268
12668	C84	C15	0.07936507936507936	0.1896
12669	C84	B54	0.14666666666666667	0.114
12670	C84	C95	0.15584415584415584	0.0382
12671	C84	N40	0.05687203791469194	0.2457
12672	C84	B05	0.03804347826086957	0.2042
12673	C84	D46	0.11764705882352941	0.053
12674	C84	M04	0.06923076923076923	0.1783
12675	C84	C85	0.957983193277311	0.0
12676	C84	C88	0.017094017094017096	0.1956
12677	C84	K04	0.04788732394366197	0.2037
12678	C84	D82	0.015625	0.1029
12679	C84	N32	0.047619047619047616	0.1929
12680	C84	C83	0.8769230769230769	0.0
12681	C84	C24	0.08547008547008547	0.2432
12682	C84	C40	0.11091234347048301	0.232
12683	C84	C63	0.10880829015544041	0.2346
12684	C84	C57	0.1	0.1252
12685	C84	C38	0.025210084033613446	0.2587
12686	C84	G56	0.06870229007633588	0.1846
12687	C84	C69	0.06835443037974684	0.2908
12688	C84	B53	0.10952380952380952	0.1682
12689	C84	G04	0.02127659574468085	0.1779
12690	C84	C68	0.09428571428571429	0.1961
12691	C84	B52	0.10952380952380952	0.1682
12692	C84	C75	0.0678391959798995	0.2917
12693	C84	K73	0.0189873417721519	0.2922
12694	C84	C41	0.06852791878172589	0.2893
12695	C84	D89	0.032	0.1078
12696	C84	C22	0.15469613259668508	0.0791
12697	C84	Q03	0.014184397163120567	0.2548
12698	C84	O01	0.088	0.2812
12699	C84	C90	0.11693548387096774	0.0526
12700	C84	L92	0.025423728813559324	0.2507
12701	C84	C76	0.06766917293233082	0.2951
12702	C84	D07	0.06918238993710692	0.2985
12703	C84	D02	0.06832298136645963	0.2983
12704	C84	M19	0.07981220657276995	0.2091
12705	C84	D00	0.06918238993710692	0.2985
12706	C84	L57	0.10555555555555556	0.1346
12707	C84	C14	0.03571428571428571	0.2713
12708	C84	T37	0.10952380952380952	0.1682
12709	C84	C47	0.041379310344827586	0.2272
12710	C84	C01	0.11091234347048301	0.232
12711	C84	C39	0.11091234347048301	0.232
12712	C84	L55	0.061611374407582936	0.2489
12713	C84	E35	0.0625	0.2453
12714	C66	M05	0.03763440860215054	0.2735
12715	C66	D81	0.025225225225225224	0.2624
12716	C66	C92	0.09357798165137615	0.1061
12717	C66	C73	0.9863013698630136	0.0
12718	C66	C37	1.0	0.0
12719	C66	D03	0.09078212290502793	0.1239
12720	C66	B25	0.02158273381294964	0.2825
12721	C66	C23	0.9824561403508771	0.0
12722	C66	C56	0.9692307692307692	0.0
12723	C66	C74	0.21373390557939914	0.0332
12724	C66	C91	0.11233885819521179	0.0808
12725	C66	K51	0.03655874863586759	0.2592
12726	C66	C04	0.9882352941176471	0.0
12727	C66	C82	0.10971223021582734	0.1659
12728	C66	C54	0.980544747081712	0.0
12729	C66	C18	0.08966861598440545	0.1661
12730	C66	C16	0.9473684210526315	0.0
12731	C66	C11	0.9940828402366864	0.0
12732	C66	E10	0.03896103896103896	0.2623
12733	C66	C95	0.09547738693467336	0.1358
12734	C66	M33	0.03433835845896147	0.2963
12735	C66	D46	0.06810035842293907	0.1836
12736	C66	J84	0.031088082901554404	0.2781
12737	C66	C85	0.10714285714285714	0.1661
12738	C66	D47	0.0671785028790787	0.1729
12739	C66	C83	0.1168141592920354	0.135
12740	C66	C24	0.08169014084507042	0.259
12741	C66	C40	1.0	0.0
12742	C66	C26	0.2077922077922078	0.0367
12743	C66	C94	0.03557312252964427	0.1727
12744	C66	C63	0.96	0.0
12745	C66	C57	0.07392996108949416	0.2156
12746	C66	C30	0.2141623488773748	0.0334
12747	C66	C33	0.16745283018867924	0.1234
12748	C66	C69	0.17126546146527116	0.0451
12749	C66	C34	0.18880597014925374	0.0567
12750	C66	C31	0.18880597014925374	0.0567
12751	C66	C68	0.08146067415730338	0.2449
12752	C66	C21	0.16618357487922705	0.1371
12753	C66	C75	0.16918714555765596	0.0461
12754	C66	D48	0.18128654970760233	0.1012
12755	C66	C48	0.16725559481743227	0.1235
12756	C66	D13	0.031496062992125984	0.2813
12757	C66	C20	0.14857142857142858	0.1391
12758	C66	C41	0.17047619047619048	0.0455
12759	C66	C22	0.12878787878787878	0.1211
12760	C66	C19	0.18955223880597014	0.0558
12761	C66	C90	0.12542372881355932	0.0425
12762	C66	C76	0.17329545454545456	0.0437
12763	C66	C70	0.18880597014925374	0.0567
12764	C66	K92	0.05016181229773463	0.2944
12765	C66	C05	0.20628122769450394	0.0372
12766	C66	C03	0.18880597014925374	0.0567
12767	C66	C02	0.18880597014925374	0.0567
12768	C66	C06	0.18866517524235646	0.0567
12769	C66	C12	0.18866517524235646	0.0567
12770	C66	E08-E13	0.03890784982935153	0.2808
12771	C66	D43	0.07876370887337986	0.0949
12772	C66	Q63	0.061691542288557215	0.2367
12773	C66	C47	0.03861003861003861	0.251
12774	C66	B21	0.18866517524235646	0.0566
12775	C66	C01	1.0	0.0
12776	C66	C39	1.0	0.0
12777	C66	E35	0.06446776611694154	0.2346
12778	M05	M00	0.14853556485355648	0.0058
12779	M05	L93	0.059548254620123205	0.1282
12780	M05	M17	0.14822546972860126	0.0058
12781	M05	L88	0.03377110694183865	0.2418
12782	M05	D83	0.026465028355387523	0.2258
12783	M05	E00	0.10133333333333333	0.0245
12784	M05	E03	0.047186932849364795	0.1362
12785	M05	M02	0.14906832298136646	0.0332
12786	M05	M19	0.15725806451612903	0.0456
12787	M05	L13	0.02862595419847328	0.2893
12788	M05	O99	0.02613240418118467	0.2936
12789	M05	M09	0.142570281124498	0.0345
12790	M05	E02	0.10602094240837696	0.0232
12791	M05	M13	0.14853556485355648	0.0396
12792	D81	A21	0.07246376811594203	0.0208
12793	D81	B34	0.06097560975609756	0.0387
12794	D81	C73	0.02491103202846975	0.2668
12795	D81	C37	0.025225225225225224	0.2624
12796	D81	C23	0.024822695035460994	0.2681
12797	D81	C56	0.024518388791593695	0.2724
12798	D81	C91	0.024844720496894408	0.2677
12799	D81	C04	0.024955436720142603	0.2662
12800	D81	C82	0.028901734104046242	0.2157
12801	D81	C54	0.024778761061946902	0.2687
12802	D81	C16	0.024013722126929673	0.2799
12803	D81	C11	0.025089605734767026	0.2643
12804	D81	C95	0.023809523809523808	0.2829
12805	D81	E00	0.023809523809523808	0.2829
12806	D81	C85	0.028409090909090908	0.2214
12807	D81	D47	0.02631578947368421	0.2476
12808	D81	C83	0.03225806451612903	0.1803
12809	D81	D72	0.02666666666666667	0.243
12810	D81	C40	0.025225225225225224	0.2624
12811	D81	C63	0.024305555555555556	0.2755
12812	D81	C90	0.0273972602739726	0.2337
12813	D81	C01	0.025225225225225224	0.2624
12814	D81	C39	0.025225225225225224	0.2624
12815	D81	E02	0.022779043280182234	0.2989
12816	D81	O99	0.026595744680851064	0.2439
12817	D81	D83	0.027972027972027972	0.2267
12818	D81	L88	0.03333333333333333	0.1703
12819	D81	B06	0.06923076923076923	0.0248
12820	D81	B05	0.06923076923076923	0.0248
12821	D81	Q41	0.0761904761904762	0.017
12822	D81	G37	0.02857142857142857	0.1498
12823	D81	D89	0.04054054054054054	0.0591
12824	D81	S12	0.027522935779816515	0.2501
12825	C92	K43	0.10377358490566038	0.0949
12826	C92	C73	0.09239130434782608	0.2943
12827	C92	C37	0.09357798165137615	0.2916
12828	C92	C23	0.09205776173285199	0.2969
12829	C92	C91	0.28859060402684567	0.0015
12830	C92	C04	0.0965391621129326	0.2787
12831	C92	L25	0.024539877300613498	0.2303
12832	C92	C54	0.09386281588447654	0.2893
12833	C92	C16	0.09281961471103327	0.2749
12834	C92	C11	0.09306569343065693	0.2925
12835	C92	C95	0.2872340425531915	0.0024
12836	C92	C46	0.026143790849673203	0.1547
12837	C92	D46	0.15723270440251572	0.0195
12838	C92	J84	0.0335195530726257	0.2515
12839	C92	Q82	0.048	0.0669
12840	C92	Q04	0.01818181818181818	0.161
12841	C92	Q87	0.044444444444444446	0.1778
12842	C92	C85	0.07216494845360824	0.2987
12843	C92	Q28	0.0196078431372549	0.2053
12844	C92	D47	0.125	0.0377
12845	C92	C40	0.09357798165137615	0.2916
12846	C92	C94	0.05660377358490566	0.0606
12847	C92	P24	0.01694915254237288	0.2879
12848	C92	D13	0.037037037037037035	0.2248
12849	C92	D89	0.0196078431372549	0.2563
12850	C92	C96	0.04504504504504504	0.0823
12851	C92	C22	0.11515151515151516	0.1516
12852	C92	C90	0.05439330543933055	0.255
12853	C92	C14	0.034482758620689655	0.2838
12854	C92	C47	0.05	0.1666
12855	C92	C01	0.09357798165137615	0.2916
12856	C92	C39	0.09357798165137615	0.2916
12857	C73	C37	0.9863013698630136	0.0
12858	C73	D03	0.09141274238227147	0.1221
12859	C73	B25	0.021367521367521368	0.2861
12860	C73	C23	0.9730250481695568	0.0
12861	C73	C56	0.9563567362428842	0.0
12862	C73	C74	0.21869639794168097	0.0307
12863	C73	C91	0.11090909090909092	0.0835
12864	C73	K51	0.03688896965291659	0.256
12865	C73	C04	0.9748549323017408	0.0
12866	C73	C82	0.108348134991119	0.1697
12867	C73	C54	0.9673704414587332	0.0
12868	C73	C18	0.08846153846153847	0.1701
12869	C73	C16	0.935064935064935	0.0
12870	C73	C11	0.980544747081712	0.0
12871	C73	E10	0.039482641252552755	0.2576
12872	C73	C95	0.09437086092715231	0.139
12873	C73	M33	0.03413821815154038	0.2984
12874	C73	D46	0.06725663716814159	0.1875
12875	C73	J84	0.030716723549488054	0.2824
12876	C73	C85	0.10582010582010581	0.1698
12877	C73	D47	0.06628787878787878	0.177
12878	C73	C83	0.11538461538461539	0.1383
12879	C73	C24	0.0824022346368715	0.2559
12880	C73	C40	0.9863013698630136	0.0
12881	C73	C26	0.21284271284271283	0.0338
12882	C73	C94	0.03508771929824561	0.177
12883	C73	C63	0.9473684210526315	0.0
12884	C73	C57	0.07293666026871401	0.2201
12885	C73	C30	0.2191544434857636	0.0309
12886	C73	C33	0.17432273262661954	0.1133
12887	C73	C69	0.17123935666982024	0.0451
12888	C73	C34	0.19402985074626866	0.0523
12889	C73	C31	0.19402985074626866	0.0523
12890	C73	C68	0.08217270194986072	0.2419
12891	C73	C21	0.17294685990338166	0.1264
12892	C73	C75	0.17580340264650285	0.0408
12893	C73	D48	0.18808411214953272	0.0929
12894	C73	C48	0.17411764705882352	0.1133
12895	C73	D13	0.031067961165048542	0.2862
12896	C73	C20	0.15523809523809523	0.1273
12897	C73	C41	0.17045454545454544	0.0455
12898	C73	C22	0.12710280373831775	0.1246
12899	C73	C19	0.1947761194029851	0.0515
12900	C73	C90	0.12395309882747069	0.0441
12901	C73	C76	0.17325800376647835	0.0437
12902	C73	C70	0.19402985074626866	0.0523
12903	C73	K92	0.0496	0.2985
12904	C73	C05	0.21127765881513205	0.0343
12905	C73	C03	0.19402985074626866	0.0523
12906	C73	C02	0.19402985074626866	0.0523
12907	C73	C06	0.19388516032811334	0.0524
12908	C73	C12	0.19388516032811334	0.0524
12909	C73	E08-E13	0.04013605442176871	0.2697
12910	C73	D43	0.07902584493041749	0.0941
12911	C73	Q63	0.06126482213438735	0.239
12912	C73	C47	0.0380952380952381	0.2557
12913	C73	B21	0.19388516032811334	0.0523
12914	C73	C01	0.9863013698630136	0.0
12915	C73	C39	0.9863013698630136	0.0
12916	C73	E35	0.07335329341317365	0.1921
12917	C37	D03	0.09078212290502793	0.1239
12918	C37	B25	0.02158273381294964	0.2825
12919	C37	C23	0.9824561403508771	0.0
12920	C37	C56	0.9692307692307692	0.0
12921	C37	C74	0.21373390557939914	0.0332
12922	C37	C91	0.11233885819521179	0.0808
12923	C37	K51	0.03655874863586759	0.2592
12924	C37	C04	0.9882352941176471	0.0
12925	C37	C82	0.10971223021582734	0.1659
12926	C37	C54	0.980544747081712	0.0
12927	C37	C18	0.08966861598440545	0.1661
12928	C37	C16	0.9473684210526315	0.0
12929	C37	C11	0.9940828402366864	0.0
12930	C37	E10	0.03896103896103896	0.2623
12931	C37	C95	0.09547738693467336	0.1358
12932	C37	M33	0.03433835845896147	0.2963
12933	C37	D46	0.06810035842293907	0.1836
12934	C37	J84	0.031088082901554404	0.2781
12935	C37	C85	0.10714285714285714	0.1661
12936	C37	D47	0.0671785028790787	0.1729
12937	C37	C83	0.1168141592920354	0.135
12938	C37	C24	0.08169014084507042	0.259
12939	C37	C40	1.0	0.0
12940	C37	C26	0.2077922077922078	0.0367
12941	C37	C94	0.03557312252964427	0.1727
12942	C37	C63	0.96	0.0
12943	C37	C57	0.07392996108949416	0.2156
12944	C37	C30	0.2141623488773748	0.0334
12945	C37	C33	0.16745283018867924	0.1234
12946	C37	C69	0.17126546146527116	0.0451
12947	C37	C34	0.18880597014925374	0.0567
12948	C37	C31	0.18880597014925374	0.0567
12949	C37	C68	0.08146067415730338	0.2449
12950	C37	C21	0.16618357487922705	0.1371
12951	C37	C75	0.16918714555765596	0.0461
12952	C37	D48	0.18128654970760233	0.1012
12953	C37	C48	0.16725559481743227	0.1235
12954	C37	D13	0.031496062992125984	0.2813
12955	C37	C20	0.14857142857142858	0.1391
12956	C37	C41	0.17047619047619048	0.0455
12957	C37	C22	0.12878787878787878	0.1211
12958	C37	C19	0.18955223880597014	0.0558
12959	C37	C90	0.12542372881355932	0.0425
12960	C37	C76	0.17329545454545456	0.0437
12961	C37	C70	0.18880597014925374	0.0567
12962	C37	K92	0.05016181229773463	0.2944
12963	C37	C05	0.20628122769450394	0.0372
12964	C37	C03	0.18880597014925374	0.0567
12965	C37	C02	0.18880597014925374	0.0567
12966	C37	C06	0.18866517524235646	0.0567
12967	C37	C12	0.18866517524235646	0.0567
12968	C37	E08-E13	0.03890784982935153	0.2808
12969	C37	D43	0.07876370887337986	0.0949
12970	C37	Q63	0.061691542288557215	0.2367
12971	C37	C47	0.03861003861003861	0.251
12972	C37	B21	0.18866517524235646	0.0566
12973	C37	C01	1.0	0.0
12974	C37	C39	1.0	0.0
12975	C37	E35	0.06446776611694154	0.2346
12976	D03	C23	0.09116022099447514	0.1228
12977	D03	C56	0.09028727770177838	0.1253
12978	D03	C74	0.13263358778625955	0.047
12979	D03	C04	0.09002770083102493	0.1261
12980	D03	C82	0.05405405405405406	0.2891
12981	D03	C54	0.0910344827586207	0.1232
12982	D03	C16	0.09029649595687332	0.1253
12983	D03	C11	0.09040333796940195	0.125
12984	D03	C40	0.09078212290502793	0.1239
12985	D03	C26	0.1225756400310318	0.0593
12986	D03	C63	0.08967391304347826	0.1271
12987	D03	C30	0.13256484149855907	0.0471
12988	D03	C69	0.1461187214611872	0.0343
12989	D03	C34	0.1261335531739489	0.0546
12990	D03	C31	0.1261335531739489	0.0546
12991	D03	C75	0.1438278595696489	0.0362
12992	D03	C20	0.09020044543429843	0.1256
12993	D03	C41	0.14514285714285713	0.0351
12994	D03	C19	0.12602965403624383	0.0548
12995	D03	C76	0.1473922902494331	0.0333
12996	D03	C70	0.1261335531739489	0.0546
12997	D03	C05	0.12365591397849462	0.0579
12998	D03	C03	0.1261335531739489	0.0546
12999	D03	C02	0.1261335531739489	0.0546
13000	D03	C06	0.12602965403624383	0.0548
13001	D03	C12	0.12602965403624383	0.0548
13002	D03	B21	0.12602965403624383	0.0548
13003	D03	C01	0.09078212290502793	0.1239
13004	D03	C39	0.09078212290502793	0.1239
13005	D03	C33	0.09155937052932761	0.1217
13006	D03	C21	0.08888888888888889	0.1294
13007	D03	D48	0.0951048951048951	0.1121
13008	D03	C48	0.09142857142857143	0.1221
13009	D03	L55	0.07563025210084033	0.1758
13010	D03	C24	0.07128712871287128	0.1943
13011	D03	C68	0.0688976377952756	0.2054
13012	D03	N32	0.036303630363036306	0.2856
13013	D03	Q03	0.013377926421404682	0.2755
13014	B25	E84	0.021739130434782608	0.2799
13015	B25	A39	0.04636068613815485	0.0654
13016	B25	A19	0.025423728813559324	0.2253
13017	B25	C23	0.02130681818181818	0.2871
13018	B25	C56	0.02109704641350211	0.2907
13019	B25	C04	0.022857142857142857	0.2621
13020	B25	C54	0.02127659574468085	0.2876
13021	B25	C16	0.0221606648199446	0.273
13022	B25	C11	0.02295552367288379	0.2606
13023	B25	C40	0.02158273381294964	0.2825
13024	B25	C63	0.02094972067039106	0.2932
13025	B25	G05	0.025441696113074206	0.2251
13026	B25	G63	0.02585604472396925	0.2197
13027	B25	G01*	0.025441696113074206	0.2251
13028	B25	A17	0.025441696113074206	0.2251
13029	B25	G07*	0.025441696113074206	0.2251
13030	B25	C01	0.02158273381294964	0.2825
13031	B25	C39	0.02158273381294964	0.2825
13032	B25	B90	0.025441696113074206	0.2251
13033	B25	D83	0.03597122302158273	0.1319
13034	C23	C56	0.9564393939393939	0.0
13035	C23	C74	0.2172797262617622	0.0314
13036	C23	C91	0.1105072463768116	0.0842
13037	C23	K51	0.037063953488372096	0.2544
13038	C23	C04	0.974903474903475	0.0
13039	C23	L25	0.020833333333333332	0.2876
13040	C23	C82	0.1079646017699115	0.1708
13041	C23	C54	0.9636711281070746	0.0
13042	C23	C18	0.08812260536398467	0.1713
13043	C23	C16	0.9423791821561338	0.0
13044	C23	C11	0.9805825242718447	0.0
13045	C23	E10	0.04013605442176871	0.2519
13046	C23	C95	0.09405940594059406	0.1399
13047	C23	M33	0.03408146300914381	0.299
13048	C23	D46	0.06701940035273368	0.1886
13049	C23	J84	0.030612244897959183	0.2836
13050	C23	C85	0.1054481546572935	0.1709
13051	C23	D47	0.0660377358490566	0.1781
13052	C23	D12	0.02872531418312388	0.2906
13053	C23	C83	0.11498257839721254	0.1393
13054	C23	C24	0.08217270194986072	0.2569
13055	C23	C40	0.9824561403508771	0.0
13056	C23	C26	0.21079136690647482	0.0349
13057	C23	C94	0.03495145631067961	0.1782
13058	C23	C63	0.9438202247191011	0.0
13059	C23	C57	0.07265774378585087	0.2214
13060	C23	C30	0.21772805507745266	0.0316
13061	C23	C33	0.17253521126760563	0.1158
13062	C23	C69	0.1720226843100189	0.0445
13063	C23	C34	0.19196428571428573	0.054
13064	C23	C31	0.19196428571428573	0.054
13065	C23	C68	0.08044382801664356	0.2493
13066	C23	C21	0.17035611164581327	0.1304
13067	C23	C75	0.17105263157894737	0.0445
13068	C23	D48	0.18626309662398138	0.095
13069	C23	C48	0.17233294255568582	0.1159
13070	C23	D13	0.030947775628626693	0.2876
13071	C23	C20	0.1527514231499051	0.1316
13072	C23	C41	0.17123935666982024	0.0449
13073	C23	C22	0.1287313432835821	0.1213
13074	C23	C19	0.19270833333333334	0.0531
13075	C23	C90	0.1254180602006689	0.0425
13076	C23	C76	0.17403574788334902	0.0431
13077	C23	C70	0.19196428571428573	0.054
13078	C23	K92	0.051118210862619806	0.2876
13079	C23	C05	0.2092526690391459	0.0355
13080	C23	C03	0.19196428571428573	0.054
13081	C23	C02	0.19196428571428573	0.054
13082	C23	C06	0.19182156133828995	0.054
13083	C23	C12	0.19182156133828995	0.054
13084	C23	E08-E13	0.04008152173913043	0.2702
13085	C23	Q67	0.02728226652675761	0.2863
13086	C23	D43	0.07894736842105263	0.0944
13087	C23	Q63	0.0611439842209073	0.2397
13088	C23	C47	0.03795066413662239	0.257
13089	C23	B21	0.19270833333333334	0.0533
13090	C23	C01	0.9824561403508771	0.0
13091	C23	C39	0.9824561403508771	0.0
13092	C23	E35	0.06676557863501484	0.2228
13093	C56	C74	0.22536418166238217	0.0276
13094	C56	C91	0.11310592459605028	0.0795
13095	C56	K51	0.03777011076811331	0.2478
13096	C56	C04	0.9581749049429658	0.0
13097	C56	C82	0.1085814360770578	0.1691
13098	C56	C54	0.9509433962264151	0.0
13099	C56	C18	0.08695652173913043	0.1754
13100	C56	C16	0.9302752293577982	0.0
13101	C56	C11	0.9636711281070746	0.0
13102	C56	E10	0.03924221921515562	0.2598
13103	C56	C95	0.09836065573770492	0.1278
13104	C56	D46	0.06806282722513089	0.1837
13105	C56	J84	0.030252100840336135	0.2878
13106	C56	C85	0.10608695652173913	0.1691
13107	C56	D47	0.06517690875232775	0.1822
13108	C56	N32	0.03531598513011153	0.2955
13109	C56	D12	0.03202846975088968	0.252
13110	C56	C83	0.11551724137931034	0.138
13111	C56	C24	0.08137931034482758	0.2603
13112	C56	C40	0.9692307692307692	0.0
13113	C56	C26	0.21757925072046108	0.0314
13114	C56	C94	0.034482758620689655	0.1823
13115	C56	C63	0.9387755102040817	0.0
13116	C56	N64	0.03954802259887006	0.2575
13117	C56	C57	0.08812260536398467	0.1604
13118	C56	C30	0.22586206896551725	0.0278
13119	C56	C33	0.18213866039952997	0.1027
13120	C56	C69	0.1819905213270142	0.0371
13121	C56	C34	0.19895678092399405	0.0485
13122	C56	C31	0.19895678092399405	0.0485
13123	C56	C68	0.0811554332874828	0.2462
13124	C56	C21	0.17822736030828518	0.1186
13125	C56	C75	0.17984934086629	0.0379
13126	C56	D48	0.1958041958041958	0.0842
13127	C56	C48	0.18192488262910797	0.1027
13128	C56	D13	0.030534351145038167	0.2924
13129	C56	C20	0.16049382716049382	0.1187
13130	C56	C41	0.18121442125237192	0.0374
13131	C56	C22	0.1270718232044199	0.1246
13132	C56	C19	0.19970193740685543	0.0478
13133	C56	C90	0.12396694214876033	0.0441
13134	C56	C76	0.18396226415094338	0.036
13135	C56	C70	0.19895678092399405	0.0485
13136	C56	K92	0.05388272583201268	0.2688
13137	C56	C05	0.21596578759800428	0.0318
13138	C56	C03	0.19895678092399405	0.0485
13139	C56	C02	0.19895678092399405	0.0485
13140	C56	C06	0.19880863737900223	0.0486
13141	C56	C12	0.19880863737900223	0.0486
13142	C56	E08-E13	0.03918918918918919	0.2782
13143	C56	D43	0.08188585607940446	0.0864
13144	C56	Q63	0.06385068762278978	0.225
13145	C56	C47	0.039399624765478425	0.244
13146	C56	B21	0.19880863737900223	0.0485
13147	C56	C01	0.9692307692307692	0.0
13148	C56	C39	0.9692307692307692	0.0
13149	C56	E35	0.07555555555555556	0.1828
13150	C74	A64	0.15167032431114363	0.0894
13151	C74	A89	0.16351448407948288	0.074
13152	C74	B57	0.15062149646600048	0.1419
13153	C74	D73	0.15065821550463188	0.1419
13154	C74	H81	0.14960058097313	0.1417
13155	C74	H04	0.15058479532163743	0.142
13156	C74	K11	0.1506949524506218	0.1419
13157	C74	G21	0.14945586457073762	0.1398
13158	C74	C91	0.0665258711721225	0.2261
13159	C74	K51	0.0500515995872033	0.1573
13160	C74	K21	0.1489058039961941	0.1295
13161	C74	C04	0.2126387702818104	0.0597
13162	C74	C54	0.21605465414175917	0.0574
13163	C74	I78	0.1506949524506218	0.1419
13164	C74	C16	0.2168776371308017	0.0487
13165	C74	C11	0.2131849315068493	0.0596
13166	C74	E10	0.04787812840043525	0.193
13167	C74	C95	0.08829568788501027	0.1579
13168	C74	M33	0.03795066413662239	0.2606
13169	C74	A22	0.1506949524506218	0.1419
13170	C74	A31	0.1505350194552529	0.1405
13171	C74	H02	0.15062149646600048	0.1406
13172	C74	H11	0.1506949524506218	0.1419
13173	C74	C40	0.21373390557939914	0.0597
13174	C74	C26	0.765704584040747	0.0
13175	C74	N60	0.15090199902486592	0.1411
13176	C74	C63	0.2317596566523605	0.0454
13177	C74	C30	0.9912087912087912	0.0
13178	C74	P55	0.15065821550463188	0.1419
13179	C74	A28	0.1506949524506218	0.1419
13180	C74	C33	0.5340659340659341	0.0012
13181	C74	C69	0.49225159525979945	0.0001
13182	C74	C34	0.8222424794895169	0.0
13183	C74	K86	0.1502918287937743	0.142
13184	C74	C31	0.8222424794895169	0.0
13185	C74	O43	0.14905343877306493	0.1395
13186	C74	N71	0.1506949524506218	0.1419
13187	C74	C21	0.4505395683453237	0.0045
13188	C74	R82	0.03176470588235294	0.2643
13189	C74	C75	0.49635701275045535	0.0001
13190	C74	D48	0.5374592833876222	0.0011
13191	C74	C48	0.5334796926454446	0.0012
13192	C74	C20	0.44573991031390137	0.0026
13193	C74	H61	0.1506949524506218	0.1419
13194	C74	C41	0.49042844120328166	0.0001
13195	C74	C19	0.8214936247723132	0.0
13196	C74	J44	0.1507177033492823	0.1163
13197	C74	C90	0.08299595141700405	0.124
13198	C74	C76	0.4995442114858706	0.0001
13199	C74	A85	0.1506949524506218	0.1419
13200	C74	E32	0.1506949524506218	0.1419
13201	C74	C70	0.8222424794895169	0.0
13202	C74	M92	0.1506949524506218	0.1419
13203	C74	K92	0.05711422845691383	0.2484
13204	C74	L28	0.1508652205703144	0.1396
13205	C74	C05	0.7554438860971524	0.0
13206	C74	C03	0.8222424794895169	0.0
13207	C74	C02	0.8222424794895169	0.0
13208	C74	C06	0.8214936247723132	0.0
13209	C74	C12	0.8214936247723132	0.0
13210	C74	E08-E13	0.048395867319195214	0.2059
13211	C74	Q67	0.030711610486891385	0.2445
13212	C74	D43	0.06905158069883527	0.127
13213	C74	Q63	0.07754206291148501	0.1633
13214	C74	T86	0.15036319612590798	0.1329
13215	C74	B21	0.8214936247723132	0.0
13216	C74	K67	0.1506949524506218	0.1419
13217	C74	F62	0.15058479532163743	0.1419
13218	C74	G09	0.1506949524506218	0.1419
13219	C74	G01	0.1505114466634194	0.142
13220	C74	M01	0.15612121212121213	0.1148
13221	C74	K38	0.1506949524506218	0.1419
13222	C74	B99	0.1506949524506218	0.1419
13223	C74	C01	0.21373390557939914	0.0597
13224	C74	A56	0.1506949524506218	0.1419
13225	C74	G02	0.1505114466634194	0.142
13226	C74	B94	0.15612121212121213	0.1148
13227	C74	C39	0.21373390557939914	0.0597
13228	C74	D63	0.1506949524506218	0.1419
13229	C74	B89	0.1506949524506218	0.1419
13230	C74	B97	0.1506949524506218	0.1419
13231	C74	B95	0.1506949524506218	0.1419
13232	C74	F54	0.15065821550463188	0.1408
13233	C74	F06	0.1506949524506218	0.1419
13234	C74	E35	0.06387035271687322	0.2378
13235	C91	M10	0.08270676691729323	0.1573
13236	C91	C55	0.11206896551724138	0.0813
13237	C91	B51	0.0625	0.2474
13238	C91	I30	0.09615384615384616	0.1163
13239	C91	I40	0.1	0.2193
13240	C91	K43	0.10619469026548672	0.0897
13241	C91	N35	0.0891089108910891	0.2518
13242	C91	H33	0.09090909090909091	0.1505
13243	C91	B06	0.029585798816568046	0.291
13244	C91	C04	0.1111111111111111	0.2297
13245	C91	C82	0.15135135135135136	0.0837
13246	C91	C54	0.11231884057971014	0.2266
13247	C91	C18	0.09154929577464789	0.1599
13248	C91	C16	0.10877192982456141	0.2202
13249	C91	C11	0.11172161172161173	0.2285
13250	C91	C15	0.08181818181818182	0.1801
13251	C91	B54	0.09154929577464789	0.2582
13252	C91	C95	0.2562814070351759	0.0046
13253	C91	B05	0.029585798816568046	0.291
13254	C91	D46	0.10982658959537572	0.0645
13255	C91	M04	0.07964601769911504	0.1374
13256	C91	C85	0.14893617021276595	0.0823
13257	C91	D47	0.07042253521126761	0.1588
13258	C91	C83	0.14646464646464646	0.081
13259	C91	C40	0.11233885819521179	0.2277
13260	C91	C94	0.034482758620689655	0.1823
13261	C91	C63	0.11012433392539965	0.2306
13262	C91	C57	0.08029197080291971	0.1888
13263	C91	G56	0.07894736842105263	0.1433
13264	C91	G04	0.01744186046511628	0.2433
13265	C91	C68	0.07647058823529412	0.267
13266	C91	D89	0.01818181818181818	0.2831
13267	C91	C22	0.16363636363636364	0.0682
13268	C91	O01	0.10185185185185185	0.23
13269	C91	C90	0.15555555555555556	0.0198
13270	C91	C47	0.03875968992248062	0.2497
13271	C91	C01	0.11233885819521179	0.2277
13272	C91	C39	0.11233885819521179	0.2277
13273	K51	A64	0.13422311760261899	0.0069
13274	K51	E84	0.08785750984757663	0.0387
13275	K51	A89	0.135037855281122	0.0067
13276	K51	A39	0.14615627965833597	0.0044
13277	K51	A19	0.08653846153846154	0.0406
13278	K51	B57	0.1336858006042296	0.1768
13279	K51	D73	0.13370263124763943	0.1769
13280	K51	H81	0.13350062735257215	0.1749
13281	K51	H04	0.13381168177240685	0.1765
13282	K51	K11	0.13371946612943844	0.1769
13283	K51	G21	0.1347143753923415	0.1698
13284	K51	K21	0.14165831663326653	0.1431
13285	K51	I78	0.13371946612943844	0.1769
13286	K51	E10	0.05647218914781425	0.1436
13287	K51	N87	0.055899490167516386	0.1484
13288	K51	M33	0.039649122807017545	0.2453
13289	K51	A22	0.13371946612943844	0.1769
13290	K51	A31	0.1345161696237574	0.1732
13291	K51	H02	0.1339712918660287	0.1747
13292	K51	Q05	0.048964548964548965	0.1968
13293	K51	H11	0.13371946612943844	0.1769
13294	K51	N60	0.1336858006042296	0.1765
13295	K51	P55	0.13370263124763943	0.1769
13296	K51	A28	0.13371946612943844	0.1769
13297	K51	K86	0.13381964532763174	0.1759
13298	K51	O43	0.13841524573721165	0.1606
13299	K51	N71	0.13371946612943844	0.1769
13300	K51	H61	0.13371946612943844	0.1769
13301	K51	J44	0.1378706368072063	0.1398
13302	K51	A85	0.13371946612943844	0.1769
13303	K51	E32	0.13371946612943844	0.1769
13304	K51	M92	0.13371946612943844	0.1769
13305	K51	L28	0.13395442528012086	0.1741
13306	K51	E08-E13	0.05340793489318413	0.1748
13307	K51	Q67	0.029085620796218868	0.2635
13308	K51	D43	0.08362314258615239	0.082
13309	K51	D16	0.05578851412944394	0.1463
13310	K51	G05	0.08655306225746584	0.1593
13311	K51	G63	0.08813616447590158	0.1164
13312	K51	T86	0.13432086367060006	0.1649
13313	K51	G01*	0.08655306225746584	0.1593
13314	K51	A17	0.08655306225746584	0.1593
13315	K51	G07*	0.08655306225746584	0.1593
13316	K51	K67	0.13371946612943844	0.1769
13317	K51	F62	0.13366897419760856	0.1768
13318	K51	G09	0.13371946612943844	0.1769
13319	K51	G01	0.1337780015101938	0.1764
13320	K51	M01	0.1365804669846849	0.1506
13321	K51	K38	0.13371946612943844	0.1769
13322	K51	B99	0.13371946612943844	0.1769
13323	K51	A56	0.13371946612943844	0.1769
13324	K51	G02	0.1337780015101938	0.1764
13325	K51	B94	0.1365804669846849	0.1506
13326	K51	D63	0.13371946612943844	0.1769
13327	K51	B89	0.13371946612943844	0.1769
13328	K51	B97	0.13371946612943844	0.1769
13329	K51	B95	0.13371946612943844	0.1769
13330	K51	F54	0.13370263124763943	0.1756
13331	K51	B90	0.08655306225746584	0.1593
13332	K51	F06	0.13371946612943844	0.1769
13333	C04	L25	0.020942408376963352	0.2857
13334	C04	C82	0.10854092526690391	0.1692
13335	C04	C54	0.9692307692307692	0.0
13336	C04	C18	0.08863198458574181	0.1696
13337	C04	C16	0.951310861423221	0.0
13338	C04	C11	0.986328125	0.0
13339	C04	E10	0.03880190605854323	0.2637
13340	C04	C95	0.09634551495016612	0.1333
13341	C04	M33	0.034166666666666665	0.2981
13342	C04	D46	0.0673758865248227	0.1869
13343	C04	J84	0.03076923076923077	0.2818
13344	C04	C85	0.10600706713780919	0.1693
13345	C04	D47	0.06641366223908918	0.1764
13346	C04	C83	0.11558669001751314	0.1378
13347	C04	C24	0.08100558659217877	0.2619
13348	C04	C40	0.9882352941176471	0.0
13349	C04	C26	0.20689655172413793	0.0372
13350	C04	C94	0.03515625	0.1764
13351	C04	C63	0.9491525423728814	0.0
13352	C04	C57	0.07307692307692308	0.2195
13353	C04	C30	0.21305841924398625	0.034
13354	C04	C33	0.16627634660421545	0.1253
13355	C04	C69	0.17029328287606432	0.0459
13356	C04	C34	0.18796433878157504	0.0574
13357	C04	C31	0.18796433878157504	0.0574
13358	C04	C68	0.0807799442896936	0.2478
13359	C04	C21	0.16522574447646493	0.1386
13360	C04	C75	0.16823308270676693	0.0469
13361	C04	D48	0.1800232288037166	0.1029
13362	C04	C48	0.16608187134502925	0.1253
13363	C04	D13	0.0311284046692607	0.2855
13364	C04	C20	0.14772727272727273	0.1407
13365	C04	C41	0.16950757575757575	0.0463
13366	C04	C22	0.12734082397003746	0.1241
13367	C04	C19	0.1887072808320951	0.0565
13368	C04	C90	0.12416107382550336	0.0438
13369	C04	C76	0.17231638418079095	0.0445
13370	C04	C70	0.18796433878157504	0.0574
13371	C04	K92	0.049679487179487176	0.2979
13372	C04	C05	0.20540156361051884	0.0377
13373	C04	C03	0.18796433878157504	0.0574
13374	C04	C02	0.18796433878157504	0.0574
13375	C04	C06	0.18782479584261322	0.0574
13376	C04	C12	0.18782479584261322	0.0574
13377	C04	E08-E13	0.03874915023793338	0.2822
13378	C04	D43	0.07852882703777336	0.0955
13379	C04	Q63	0.06132542037586548	0.2387
13380	C04	C47	0.03816793893129771	0.255
13381	C04	B21	0.18782479584261322	0.0574
13382	C04	C01	0.9882352941176471	0.0
13383	C04	C39	0.9882352941176471	0.0
13384	C04	E35	0.0638930163447251	0.2377
13385	C82	M10	0.09027777777777778	0.2282
13386	C82	M86	0.0916030534351145	0.2233
13387	C82	C55	0.07575757575757576	0.2896
13388	C82	M45	0.11042944785276074	0.164
13389	C82	B51	0.10900473933649289	0.1679
13390	C82	I30	0.08547008547008547	0.247
13391	C82	B50	0.10952380952380952	0.1665
13392	C82	I40	0.08849557522123894	0.2613
13393	C82	C81	0.13380281690140844	0.2301
13394	C82	K43	0.104	0.0944
13395	C82	N35	0.08849557522123894	0.2542
13396	C82	L82	0.04918032786885246	0.2815
13397	C82	H33	0.08130081300813008	0.184
13398	C82	B06	0.03888888888888889	0.197
13399	C82	K80	0.06030150753768844	0.2733
13400	C82	D25	0.06334841628959276	0.2073
13401	C82	C54	0.10777385159010601	0.2407
13402	C82	C18	0.08387096774193549	0.1866
13403	C82	J47	0.02054794520547945	0.2949
13404	C82	C16	0.10824742268041238	0.2218
13405	C82	C11	0.1111111111111111	0.2304
13406	C82	C15	0.08196721311475409	0.1795
13407	C82	B54	0.1506849315068493	0.1074
13408	C82	C95	0.14847161572052403	0.0446
13409	C82	N40	0.057971014492753624	0.2391
13410	C82	B05	0.03888888888888889	0.197
13411	C82	D46	0.11413043478260869	0.0579
13412	C82	I83	0.04421768707482993	0.273
13413	C82	M04	0.08870967741935484	0.1095
13414	C82	C85	0.832	0.0
13415	C82	C88	0.017699115044247787	0.1843
13416	C82	K04	0.04843304843304843	0.2001
13417	C82	N32	0.04895104895104895	0.1842
13418	C82	C83	0.7777777777777778	0.0
13419	C82	C24	0.08333333333333333	0.252
13420	C82	C40	0.10971223021582734	0.2357
13421	C82	C63	0.10571923743500866	0.2445
13422	C82	C57	0.10273972602739725	0.1182
13423	C82	C38	0.02608695652173913	0.2467
13424	C82	G56	0.07086614173228346	0.175
13425	C82	B53	0.11165048543689321	0.1625
13426	C82	G04	0.016216216216216217	0.2688
13427	C82	C68	0.09855072463768116	0.1821
13428	C82	B52	0.11165048543689321	0.1625
13429	C82	D89	0.02459016393442623	0.181
13430	C82	C22	0.15819209039548024	0.0746
13431	C82	Q03	0.014598540145985401	0.2447
13432	C82	O01	0.09090909090909091	0.2696
13433	C82	C90	0.11885245901639344	0.0501
13434	C82	D07	0.08496732026143791	0.2263
13435	C82	D02	0.08387096774193549	0.2263
13436	C82	M19	0.0761904761904762	0.2245
13437	C82	D00	0.08496732026143791	0.2263
13438	C82	D01	0.08387096774193549	0.2295
13439	C82	L57	0.10795454545454546	0.1286
13440	C82	C14	0.03676470588235294	0.2611
13441	C82	C97	0.016666666666666666	0.2985
13442	C82	T37	0.11165048543689321	0.1625
13443	C82	C47	0.0425531914893617	0.2178
13444	C82	C01	0.10971223021582734	0.2357
13445	C82	C39	0.10971223021582734	0.2357
13446	C82	L55	0.06280193236714976	0.2423
13447	C54	C18	0.08795411089866156	0.1719
13448	C54	C16	0.9298892988929889	0.0
13449	C54	C11	0.9748549323017408	0.0
13450	C54	E10	0.038696537678207736	0.2647
13451	C54	C95	0.09570957095709572	0.1351
13452	C54	M33	0.034912718204488775	0.2903
13453	C54	D46	0.07256637168141593	0.1642
13454	C54	J84	0.030560271646859084	0.2842
13455	C54	Q87	0.032148900169204735	0.2871
13456	C54	C85	0.10526315789473684	0.1714
13457	C54	D47	0.06994328922495274	0.1608
13458	C54	N32	0.03571428571428571	0.2914
13459	C54	C83	0.11478260869565217	0.1397
13460	C54	C24	0.08205841446453407	0.2574
13461	C54	C40	0.980544747081712	0.0
13462	C54	C26	0.20977011494252873	0.0355
13463	C54	C94	0.03488372093023256	0.1788
13464	C54	C63	0.9420560747663551	0.0
13465	C54	C57	0.07251908396946564	0.222
13466	C54	C30	0.21649484536082475	0.0322
13467	C54	C33	0.16822429906542055	0.1222
13468	C54	C69	0.17407757805108798	0.0428
13469	C54	C34	0.19093610698365526	0.0548
13470	C54	C31	0.19093610698365526	0.0548
13471	C54	C68	0.08183079056865465	0.2434
13472	C54	C21	0.16682646212847554	0.136
13473	C54	C75	0.17199248120300753	0.0438
13474	C54	D48	0.18192352259559674	0.1004
13475	C54	C48	0.16802800466744458	0.1223
13476	C54	D13	0.03088803088803089	0.2883
13477	C54	C20	0.14933837429111532	0.1377
13478	C54	C41	0.17329545454545456	0.0432
13479	C54	C22	0.12849162011173185	0.1217
13480	C54	C19	0.19167904903417535	0.054
13481	C54	C90	0.12520868113522537	0.0427
13482	C54	C76	0.1760828625235405	0.0415
13483	C54	C70	0.19093610698365526	0.0548
13484	C54	K92	0.051036682615629984	0.2882
13485	C54	C05	0.2082444918265814	0.036
13486	C54	C03	0.19093610698365526	0.0548
13487	C54	C02	0.19093610698365526	0.0548
13488	C54	C06	0.19079435783221974	0.0549
13489	C54	C12	0.19079435783221974	0.0549
13490	C54	E08-E13	0.03864406779661017	0.2832
13491	C54	D43	0.07837301587301587	0.096
13492	C54	Q63	0.06528189910979229	0.2176
13493	C54	C47	0.03787878787878788	0.2577
13494	C54	B21	0.19079435783221974	0.0548
13495	C54	C01	0.980544747081712	0.0
13496	C54	C39	0.980544747081712	0.0
13497	C54	E35	0.06351550960118169	0.2397
13498	C18	M10	0.1	0.1349
13499	C18	C55	0.16666666666666666	0.0351
13500	C18	I30	0.15	0.0492
13501	C18	C16	0.08905380333951762	0.1681
13502	C18	C11	0.08914728682170543	0.1678
13503	C18	M04	0.1323529411764706	0.0703
13504	C18	C85	0.08227848101265822	0.1926
13505	C18	D12	0.06481481481481481	0.2735
13506	C18	C83	0.08333333333333333	0.1886
13507	C18	C40	0.08966861598440545	0.1661
13508	C18	C63	0.08614232209737828	0.1783
13509	C18	D13	0.11940298507462686	0.0913
13510	C18	C90	0.13756613756613756	0.0633
13511	C18	C01	0.08966861598440545	0.1661
13512	C18	C39	0.08966861598440545	0.1661
13513	C18	I71	0.02564102564102564	0.1397
13514	C18	G56	0.13043478260869565	0.0399
13515	C18	H80	0.025	0.2234
13516	C18	K73	0.020618556701030927	0.2627
13517	C18	I40	0.16071428571428573	0.0396
13518	C18	N35	0.16071428571428573	0.0396
13519	C18	H33	0.13636363636363635	0.0648
13520	C18	D27	0.031746031746031744	0.2294
13521	C18	C15	0.1746031746031746	0.0252
13522	C18	Q32	0.0273972602739726	0.1703
13523	C18	Q45	0.038461538461538464	0.1081
13524	C18	Q35	0.023809523809523808	0.2838
13525	C18	Q43	0.03007518796992481	0.236
13526	C18	N64	0.03571428571428571	0.2938
13527	C18	C57	0.19767441860465115	0.0161
13528	C18	P24	0.024691358024691357	0.1623
13529	C18	K31	0.017857142857142856	0.196
13530	C18	M94	0.029850746268656716	0.1786
13531	C18	M22	0.03278688524590164	0.1799
13532	C18	C22	0.176	0.0556
13533	C18	Q03	0.02531645569620253	0.086
13534	C18	O01	0.13846153846153847	0.1348
13535	C16	C11	0.949343339587242	0.0
13536	C16	E10	0.0431266846361186	0.2273
13537	C16	C95	0.09822866344605476	0.1282
13538	C16	M33	0.03609515996718622	0.2784
13539	C16	D46	0.06484641638225255	0.1991
13540	C16	J84	0.029654036243822075	0.295
13541	C16	Q87	0.031198686371100164	0.2979
13542	C16	C85	0.10580204778156997	0.1699
13543	C16	D47	0.06569343065693431	0.1798
13544	C16	D12	0.0313588850174216	0.2594
13545	C16	C83	0.11505922165820642	0.1391
13546	C16	C24	0.08005427408412483	0.2661
13547	C16	C40	0.9473684210526315	0.0
13548	C16	C26	0.21138790035587188	0.0346
13549	C16	C94	0.033707865168539325	0.1895
13550	C16	C63	0.9148550724637681	0.0
13551	C16	C57	0.07208872458410351	0.224
13552	C16	C30	0.21731748726655348	0.0318
13553	C16	C33	0.17011494252873563	0.1194
13554	C16	C69	0.17225325884543763	0.0443
13555	C16	C34	0.19191176470588237	0.054
13556	C16	C31	0.19191176470588237	0.054
13557	C16	C68	0.07983761840324763	0.2519
13558	C16	C21	0.1684011352885525	0.1335
13559	C16	C75	0.1702127659574468	0.0452
13560	C16	D48	0.18358038768529075	0.0983
13561	C16	C48	0.16991963260619977	0.1194
13562	C16	C20	0.15327102803738318	0.1307
13563	C16	C41	0.17148182665424044	0.0447
13564	C16	C22	0.12432432432432433	0.1304
13565	C16	C19	0.19264705882352942	0.0532
13566	C16	C90	0.12887438825448613	0.0389
13567	C16	C76	0.1742354031510658	0.0429
13568	C16	C70	0.19191176470588237	0.054
13569	C16	K92	0.05451713395638629	0.2647
13570	C16	C05	0.20985915492957746	0.0351
13571	C16	C03	0.19191176470588237	0.054
13572	C16	C02	0.19191176470588237	0.054
13573	C16	C06	0.19177075679647318	0.0541
13574	C16	C12	0.19177075679647318	0.0541
13575	C16	E08-E13	0.040268456375838924	0.2686
13576	C16	Q67	0.0288659793814433	0.2662
13577	C16	D43	0.0792712949286066	0.0934
13578	C16	Q63	0.0641399416909621	0.2235
13579	C16	C47	0.03853211009174312	0.2517
13580	C16	B21	0.19177075679647318	0.054
13581	C16	C01	0.9473684210526315	0.0
13582	C16	C39	0.9473684210526315	0.0
13583	C16	E35	0.06493506493506493	0.2322
13584	C11	E10	0.038881309686221006	0.263
13585	C11	C95	0.095	0.1372
13586	C11	M33	0.03511705685618729	0.2882
13587	C11	D46	0.0677361853832442	0.1853
13588	C11	J84	0.030927835051546393	0.2799
13589	C11	C85	0.10854092526690391	0.1622
13590	C11	D47	0.06679389312977099	0.1746
13591	C11	C83	0.11816578483245149	0.1319
13592	C11	C24	0.08134642356241234	0.2605
13593	C11	C40	0.9940828402366864	0.0
13594	C11	C26	0.20734341252699784	0.0369
13595	C11	C94	0.03536345776031434	0.1745
13596	C11	C63	0.9545454545454546	0.0
13597	C11	C57	0.0735009671179884	0.2175
13598	C11	C30	0.2136089577950043	0.0337
13599	C11	C33	0.16686251468860164	0.1243
13600	C11	C69	0.17077798861480076	0.0455
13601	C11	C34	0.18838421444527179	0.057
13602	C11	C31	0.18838421444527179	0.057
13603	C11	C68	0.08111888111888112	0.2464
13604	C11	C21	0.16570327552986513	0.1379
13605	C11	C75	0.16870876531573986	0.0465
13606	C11	D48	0.18065268065268064	0.102
13607	C11	C48	0.16666666666666666	0.1244
13608	C11	D13	0.03131115459882583	0.2834
13609	C11	C20	0.14814814814814814	0.1399
13610	C11	C41	0.16999050332383667	0.0459
13611	C11	C22	0.128060263653484	0.1226
13612	C11	C19	0.18912881608339538	0.0561
13613	C11	C90	0.12478920741989882	0.0432
13614	C11	C76	0.17280453257790368	0.0441
13615	C11	C70	0.18838421444527179	0.057
13616	C11	K92	0.0499194847020934	0.2962
13617	C11	C05	0.20584045584045585	0.0374
13618	C11	C03	0.18838421444527179	0.057
13619	C11	C02	0.18838421444527179	0.057
13620	C11	C06	0.18824404761904762	0.0571
13621	C11	C12	0.18824404761904762	0.0571
13622	C11	E08-E13	0.0388283378746594	0.2815
13623	C11	D43	0.07864609258337481	0.0952
13624	C11	Q63	0.06256206554121152	0.2319
13625	C11	C47	0.03838771593090211	0.253
13626	C11	B21	0.18824404761904762	0.057
13627	C11	C01	0.9940828402366864	0.0
13628	C11	C39	0.9940828402366864	0.0
13629	C11	E35	0.06417910447761194	0.2362
13630	E10	A64	0.06859924762115513	0.0946
13631	E10	E84	0.040210627094303494	0.2513
13632	E10	A89	0.06818670681867069	0.0959
13633	E10	A39	0.05286646069344319	0.1626
13634	E10	A19	0.047707271885132005	0.1942
13635	E10	K21	0.06909248429716267	0.093
13636	E10	L70	0.06754385964912281	0.1949
13637	E10	M33	0.04799040191961608	0.1823
13638	E10	E88	0.07027363184079602	0.2673
13639	E10	E00	0.04069329314242653	0.227
13640	E10	E03	0.0423572744014733	0.1672
13641	E10	E08-E13	0.9027128157156221	0.0
13642	E10	E90	0.06954887218045112	0.2817
13643	E10	E02	0.04633781763826607	0.1943
13644	C95	M86	0.058823529411764705	0.2926
13645	C95	M45	0.06341463414634146	0.2658
13646	C95	B51	0.09716599190283401	0.1311
13647	C95	B50	0.10204081632653061	0.1183
13648	C95	B54	0.12637362637362637	0.071
13649	C95	K43	0.0736196319018405	0.1895
13650	C95	F79	0.027649769585253458	0.2672
13651	C95	D25	0.07936507936507936	0.1391
13652	C95	N40	0.06224066390041494	0.2151
13653	C95	D46	0.19801980198019803	0.0069
13654	C95	C85	0.14655172413793102	0.0857
13655	C95	D82	0.012422360248447204	0.1654
13656	C95	D47	0.08021390374331551	0.1228
13657	C95	C83	0.1446280991735537	0.0836
13658	C95	C40	0.09547738693467336	0.2844
13659	C95	C26	0.08285479901558655	0.2681
13660	C95	C94	0.036585365853658534	0.1643
13661	C95	C63	0.09577922077922078	0.2792
13662	C95	C30	0.08902691511387163	0.244
13663	C95	Q54	0.06341463414634146	0.2825
13664	C95	C33	0.09655172413793103	0.2998
13665	C95	C69	0.06951219512195123	0.2848
13666	C95	B53	0.09917355371900827	0.1992
13667	C95	B52	0.09917355371900827	0.1992
13668	C95	C75	0.06900726392251816	0.2856
13669	C95	D48	0.09698996655518395	0.2942
13670	C95	D13	0.030303030303030304	0.2952
13671	C95	C41	0.06968215158924206	0.2833
13672	C95	D89	0.018867924528301886	0.2698
13673	C95	C22	0.1	0.1945
13674	C95	C90	0.0763888888888889	0.1465
13675	C95	C76	0.07013301088270858	0.2822
13676	C95	C05	0.08178137651821862	0.2717
13677	C95	T37	0.09917355371900827	0.1992
13678	C95	C47	0.05142857142857143	0.1582
13679	C95	C01	0.09547738693467336	0.2844
13680	C95	C39	0.09547738693467336	0.2844
13681	M33	A64	0.04268012849931161	0.2202
13682	M33	E84	0.04888888888888889	0.1766
13683	M33	A89	0.043003565062388595	0.2177
13684	M33	A39	0.06590038314176246	0.0962
13685	M33	A19	0.046585494970884066	0.1917
13686	M33	K21	0.04259134723156243	0.2209
13687	M33	H02	0.04269972451790634	0.2201
13688	M33	C40	0.03433835845896147	0.2963
13689	M33	C26	0.039934354485776806	0.2428
13690	M33	C63	0.03544929925803792	0.2848
13691	M33	C30	0.03748411689961881	0.2649
13692	M33	C34	0.037037037037037035	0.2692
13693	M33	C31	0.037037037037037035	0.2692
13694	M33	C19	0.037015945330296125	0.2694
13695	M33	J44	0.04348805768364128	0.214
13696	M33	C70	0.037037037037037035	0.2692
13697	M33	L28	0.04292929292929293	0.2183
13698	M33	C05	0.039587852494577004	0.2459
13699	M33	C03	0.037037037037037035	0.2692
13700	M33	C02	0.037037037037037035	0.2692
13701	M33	C06	0.037015945330296125	0.2694
13702	M33	C12	0.037015945330296125	0.2694
13703	M33	E08-E13	0.044802867383512544	0.2042
13704	M33	G05	0.04605611434621493	0.1953
13705	M33	G63	0.0467436974789916	0.1906
13706	M33	T86	0.04264538198403649	0.2205
13707	M33	B21	0.037015945330296125	0.2694
13708	M33	G01*	0.04605611434621493	0.1953
13709	M33	A17	0.04605611434621493	0.1953
13710	M33	G07*	0.04605611434621493	0.1953
13711	M33	M01	0.04247104247104247	0.2219
13712	M33	C01	0.03433835845896147	0.2963
13713	M33	B94	0.04247104247104247	0.2219
13714	M33	C39	0.03433835845896147	0.2963
13715	M33	B90	0.04605611434621493	0.1953
13716	M33	B57	0.04269972451790634	0.2201
13717	M33	D73	0.042709529276693456	0.22
13718	M33	H81	0.04242700729927007	0.2222
13719	M33	H04	0.042689924259811794	0.2202
13720	M33	K11	0.04271933853927423	0.2199
13721	M33	G21	0.04286365709074327	0.2188
13722	M33	I78	0.04271933853927423	0.2199
13723	M33	A22	0.04271933853927423	0.2199
13724	M33	A31	0.04307974335472044	0.2171
13725	M33	G98	0.03656387665198238	0.2738
13726	M33	H11	0.04271933853927423	0.2199
13727	M33	N60	0.04269972451790634	0.2201
13728	M33	P55	0.042709529276693456	0.22
13729	M33	A28	0.04271933853927423	0.2199
13730	M33	K86	0.04285059578368469	0.2189
13731	M33	O43	0.042221720478663356	0.2239
13732	M33	N71	0.04271933853927423	0.2199
13733	M33	H61	0.04271933853927423	0.2199
13734	M33	A85	0.04271933853927423	0.2199
13735	M33	E32	0.04271933853927423	0.2199
13736	M33	M92	0.04271933853927423	0.2199
13737	M33	K67	0.04271933853927423	0.2199
13738	M33	F62	0.042689924259811794	0.2202
13739	M33	G09	0.04271933853927423	0.2199
13740	M33	G01	0.042670337233310394	0.2203
13741	M33	K38	0.04271933853927423	0.2199
13742	M33	B99	0.04271933853927423	0.2199
13743	M33	A56	0.04271933853927423	0.2199
13744	M33	G02	0.042670337233310394	0.2203
13745	M33	D63	0.04271933853927423	0.2199
13746	M33	B89	0.04271933853927423	0.2199
13747	M33	B97	0.04271933853927423	0.2199
13748	M33	B95	0.04271933853927423	0.2199
13749	M33	F54	0.042709529276693456	0.22
13750	M33	F06	0.04271933853927423	0.2199
13751	M33	G23	0.03488372093023256	0.1877
13752	M33	Q67	0.03278688524590164	0.2222
13753	D46	B51	0.05970149253731343	0.2264
13754	D46	B50	0.06	0.2248
13755	D46	B54	0.08088235294117647	0.1333
13756	D46	D57	0.08571428571428572	0.2947
13757	D46	K43	0.10377358490566038	0.0949
13758	D46	D50	0.08108108108108109	0.2437
13759	D46	D74	0.08571428571428572	0.2896
13760	D46	Q82	0.048	0.0669
13761	D46	C85	0.11229946524064172	0.1523
13762	D46	D75	0.018867924528301886	0.2879
13763	D46	D61	0.12096774193548387	0.0594
13764	D46	D47	0.13385826771653545	0.0299
13765	D46	D12	0.034013605442176874	0.2313
13766	D46	C83	0.10606060606060606	0.1623
13767	D46	Q35	0.024691358024691357	0.2708
13768	D46	C94	0.027522935779816515	0.2575
13769	D46	M94	0.02912621359223301	0.1863
13770	D46	D64	0.08287292817679558	0.2877
13771	D46	E89	0.08771929824561403	0.2945
13772	D46	D89	0.0196078431372549	0.2563
13773	D46	C96	0.03571428571428571	0.1385
13774	D46	C22	0.10179640718562874	0.1888
13775	D46	C90	0.058823529411764705	0.2281
13776	D46	R77	0.08620689655172414	0.2971
13777	D46	P74	0.08771929824561403	0.2945
13778	J84	K50	0.03389830508474576	0.2476
13779	J84	L93	0.03496503496503497	0.2369
13780	J84	G91	0.01694915254237288	0.1003
13781	J84	M83	0.0425531914893617	0.0356
13782	J84	A04	0.036036036036036036	0.283
13783	J84	G37	0.02040816326530612	0.2586
13784	J84	Q32	0.02727272727272727	0.1717
13785	J84	J85	0.19548872180451127	0.0126
13786	J84	M85	0.026785714285714284	0.2882
13787	J84	E03	0.029556650246305417	0.2875
13788	J84	Q35	0.04375	0.0982
13789	J84	C94	0.02727272727272727	0.2607
13790	J84	P24	0.12037037037037036	0.0001
13791	J84	K59	0.03676470588235294	0.2935
13792	J84	G04	0.01818181818181818	0.229
13793	J84	D13	0.046296296296296294	0.1544
13794	J84	Q75	0.022556390977443608	0.1969
13795	J84	J70	0.10714285714285714	0.0169
13796	J84	Q17	0.01694915254237288	0.2342
13797	J84	L27	0.045454545454545456	0.2205
13798	J84	J68	0.10714285714285714	0.0169
13799	C85	M10	0.08843537414965986	0.2274
13800	C85	M86	0.08955223880597014	0.2231
13801	C85	C55	0.07407407407407407	0.2893
13802	C85	M45	0.10843373493975904	0.1625
13803	C85	B51	0.10747663551401869	0.1652
13804	C85	I30	0.08333333333333333	0.2477
13805	C85	B50	0.107981220657277	0.1638
13806	C85	B54	0.1476510067114094	0.0841
13807	C85	M04	0.08661417322834646	0.2344
13808	C85	I40	0.08620689655172414	0.2706
13809	C85	C81	0.1310344827586207	0.2372
13810	C85	K43	0.1015625	0.0998
13811	C85	N35	0.08620689655172414	0.2634
13812	C85	L82	0.048	0.2902
13813	C85	H33	0.07936507936507936	0.1916
13814	C85	B06	0.03825136612021858	0.2024
13815	C85	D25	0.0625	0.2117
13816	C85	C15	0.08	0.1871
13817	C85	B05	0.03825136612021858	0.2024
13818	C85	C88	0.017241379310344827	0.1928
13819	C85	K04	0.0480225988700565	0.2028
13820	C85	N32	0.04794520547945205	0.1907
13821	C85	C83	0.9133858267716536	0.0
13822	C85	C24	0.08571428571428572	0.2422
13823	C85	C40	0.10714285714285714	0.2439
13824	C85	C63	0.10327022375215146	0.2526
13825	C85	C57	0.10067114093959731	0.1234
13826	C85	C38	0.025423728813559324	0.2557
13827	C85	G56	0.06923076923076923	0.1822
13828	C85	B53	0.11004784688995216	0.1668
13829	C85	G04	0.0213903743315508	0.1763
13830	C85	C68	0.10086455331412104	0.175
13831	C85	B52	0.11004784688995216	0.1668
13832	C85	D89	0.024	0.1886
13833	C85	C22	0.15555555555555556	0.0779
13834	C85	Q03	0.014285714285714285	0.2523
13835	C85	O01	0.08870967741935484	0.2783
13836	C85	C90	0.11740890688259109	0.052
13837	C85	D07	0.08333333333333333	0.2329
13838	C85	D02	0.08227848101265822	0.2328
13839	C85	M19	0.09047619047619047	0.1696
13840	C85	D00	0.08333333333333333	0.2329
13841	C85	D01	0.08227848101265822	0.236
13842	C85	L57	0.10614525139664804	0.1331
13843	C85	C14	0.03597122302158273	0.2688
13844	C85	T37	0.11004784688995216	0.1668
13845	C85	C47	0.041666666666666664	0.2249
13846	C85	C01	0.10714285714285714	0.2439
13847	C85	C39	0.10714285714285714	0.2439
13848	C85	L55	0.06190476190476191	0.2473
13849	C85	E35	0.0627062706270627	0.2441
13850	D47	Q82	0.07058823529411765	0.1581
13851	D47	B58	0.043478260869565216	0.0574
13852	D47	F70	0.01818181818181818	0.1144
13853	D47	D27	0.03333333333333333	0.2131
13854	D47	F72	0.028846153846153848	0.2651
13855	D47	J47	0.03529411764705882	0.1219
13856	D47	M42	0.01818181818181818	0.2637
13857	D47	Q85	0.0410958904109589	0.15
13858	D47	D75	0.030303030303030304	0.1346
13859	D47	K83	0.08490566037735849	0.1345
13860	D47	N32	0.07228915662650602	0.0818
13861	D47	D80	0.03773584905660377	0.1544
13862	D47	C94	0.058823529411764705	0.0542
13863	D47	M94	0.047619047619047616	0.0634
13864	D47	M22	0.034482758620689655	0.1645
13865	D47	D89	0.03225806451612903	0.1058
13866	D47	C96	0.05555555555555555	0.0457
13867	D47	C22	0.08270676691729323	0.2584
13868	D47	C90	0.04950495049504951	0.2884
13869	D47	L92	0.037037037037037035	0.1321
13870	D47	D07	0.12903225806451613	0.1043
13871	D47	D02	0.12631578947368421	0.1063
13872	D47	K92	0.07065217391304347	0.1784
13873	D47	D00	0.12903225806451613	0.1043
13874	D47	D01	0.12631578947368421	0.1086
13875	D47	C14	0.05263157894736842	0.1458
13876	D47	D11	0.01818181818181818	0.2382
13877	D47	C47	0.075	0.0675
13878	D47	C78	0.0847457627118644	0.0325
13879	D12	L88	0.041666666666666664	0.1733
13880	D12	H80	0.023529411764705882	0.2441
13881	D12	D27	0.029411764705882353	0.2558
13882	D12	J85	0.058823529411764705	0.2701
13883	D12	Q85	0.05	0.0992
13884	D12	Q45	0.06060606060606061	0.0296
13885	D12	N32	0.043010752688172046	0.2263
13886	D12	Q41	0.038461538461538464	0.1366
13887	D12	Q43	0.17355371900826447	0.0002
13888	D12	N64	0.045454545454545456	0.2101
13889	D12	C57	0.058823529411764705	0.2953
13890	D12	K59	0.058823529411764705	0.1403
13891	D12	K63	0.05172413793103448	0.176
13892	D12	K92	0.05128205128205128	0.2865
13893	D12	C97	0.029850746268656716	0.1137
13894	D12	C78	0.043478260869565216	0.1739
13895	C83	M10	0.08227848101265822	0.2442
13896	C83	M86	0.08275862068965517	0.2422
13897	C83	M45	0.1016949152542373	0.175
13898	C83	B51	0.10222222222222223	0.1734
13899	C83	I30	0.07633587786259542	0.2704
13900	C83	B50	0.10267857142857142	0.172
13901	C83	B54	0.1375	0.0946
13902	C83	M04	0.07971014492753623	0.2552
13903	C83	K12	0.07746478873239436	0.2652
13904	C83	C81	0.12903225806451613	0.2425
13905	C83	K43	0.09352517985611511	0.1201
13906	C83	N35	0.07874015748031496	0.2958
13907	C83	H33	0.072992700729927	0.2189
13908	C83	B06	0.046875	0.1409
13909	C83	D25	0.0641025641025641	0.2035
13910	C83	J47	0.025157232704402517	0.2239
13911	C83	C15	0.07352941176470588	0.2144
13912	C83	D83	0.024509803921568627	0.2521
13913	C83	B05	0.046875	0.1409
13914	C83	C88	0.015748031496062992	0.223
13915	C83	N32	0.044585987261146494	0.2143
13916	C83	C24	0.08310249307479224	0.253
13917	C83	C40	0.1168141592920354	0.2147
13918	C83	C63	0.11262798634812286	0.223
13919	C83	Q41	0.023391812865497075	0.2991
13920	C83	C57	0.09375	0.1426
13921	C83	C38	0.023255813953488372	0.2876
13922	C83	G56	0.06382978723404255	0.2082
13923	C83	B53	0.10454545454545454	0.1825
13924	C83	G04	0.020202020202020204	0.1942
13925	C83	C68	0.09776536312849161	0.1846
13926	C83	B52	0.10454545454545454	0.1825
13927	C83	D89	0.022058823529411766	0.216
13928	C83	C22	0.15263157894736842	0.0818
13929	C83	Q03	0.013245033112582781	0.2791
13930	C83	C90	0.1124031007751938	0.059
13931	C83	D07	0.07784431137724551	0.2564
13932	C83	D02	0.07692307692307693	0.2561
13933	C83	M19	0.09090909090909091	0.1682
13934	C83	D00	0.07784431137724551	0.2564
13935	C83	D01	0.07692307692307693	0.2593
13936	C83	L57	0.1	0.1496
13937	C83	C14	0.03333333333333333	0.296
13938	C83	T37	0.10454545454545454	0.1825
13939	C83	C47	0.03870967741935484	0.2501
13940	C83	C01	0.1168141592920354	0.2147
13941	C83	C39	0.1168141592920354	0.2147
13942	C83	L55	0.058823529411764705	0.2651
13943	C83	E35	0.0673076923076923	0.2201
13944	C24	C40	0.08169014084507042	0.259
13945	C24	C26	0.22564102564102564	0.0235
13946	C24	C63	0.08082191780821918	0.2627
13947	C24	C69	0.31432360742705573	0.0053
13948	C24	C34	0.22665457842248413	0.0231
13949	C24	C31	0.22665457842248413	0.0231
13950	C24	C75	0.3118421052631579	0.0055
13951	C24	C20	0.3360995850622407	0.0036
13952	C24	C41	0.3151595744680851	0.0052
13953	C24	C19	0.22644927536231885	0.0231
13954	C24	C76	0.31274638633377133	0.0054
13955	C24	C70	0.22665457842248413	0.0231
13956	C24	K92	0.09358288770053476	0.2126
13957	C24	C05	0.22259696458684655	0.0247
13958	C24	C03	0.22665457842248413	0.0231
13959	C24	C02	0.22665457842248413	0.0231
13960	C24	C06	0.22644927536231885	0.0231
13961	C24	C12	0.22644927536231885	0.0231
13962	C24	B21	0.22644927536231885	0.0231
13963	C24	C01	0.08169014084507042	0.259
13964	C24	C39	0.08169014084507042	0.259
13965	C24	C21	0.3505586592178771	0.0149
13966	C24	K83	0.11604095563139932	0.0641
13967	C24	G04	0.014970059880239521	0.2975
13968	C24	C68	0.7845117845117845	0.0
13969	C24	C22	0.19063545150501673	0.0437
13970	C24	D07	0.12411347517730496	0.1138
13971	C24	D02	0.12323943661971831	0.1123
13972	C24	D00	0.12411347517730496	0.1138
13973	C24	D01	0.12323943661971831	0.1146
13974	C24	C14	0.03914590747330961	0.2393
13975	C40	C26	0.2077922077922078	0.0367
13976	C40	C94	0.03557312252964427	0.1727
13977	C40	C63	0.96	0.0
13978	C40	C57	0.07392996108949416	0.2156
13979	C40	C30	0.2141623488773748	0.0334
13980	C40	C33	0.16745283018867924	0.1234
13981	C40	C69	0.17126546146527116	0.0451
13982	C40	C34	0.18880597014925374	0.0567
13983	C40	C31	0.18880597014925374	0.0567
13984	C40	C68	0.08146067415730338	0.2449
13985	C40	C21	0.16618357487922705	0.1371
13986	C40	C75	0.16918714555765596	0.0461
13987	C40	D48	0.18128654970760233	0.1012
13988	C40	C48	0.16725559481743227	0.1235
13989	C40	D13	0.031496062992125984	0.2813
13990	C40	C20	0.14857142857142858	0.1391
13991	C40	C41	0.17047619047619048	0.0455
13992	C40	C22	0.12878787878787878	0.1211
13993	C40	C19	0.18955223880597014	0.0558
13994	C40	C90	0.12542372881355932	0.0425
13995	C40	C76	0.17329545454545456	0.0437
13996	C40	C70	0.18880597014925374	0.0567
13997	C40	K92	0.05016181229773463	0.2944
13998	C40	C05	0.20628122769450394	0.0372
13999	C40	C03	0.18880597014925374	0.0567
14000	C40	C02	0.18880597014925374	0.0567
14001	C40	C06	0.18866517524235646	0.0567
14002	C40	C12	0.18866517524235646	0.0567
14003	C40	E08-E13	0.03890784982935153	0.2808
14004	C40	D43	0.07876370887337986	0.0949
14005	C40	Q63	0.061691542288557215	0.2367
14006	C40	C47	0.03861003861003861	0.251
14007	C40	B21	0.18866517524235646	0.0566
14008	C40	C01	1.0	0.0
14009	C40	C39	1.0	0.0
14010	C40	E35	0.06446776611694154	0.2346
14011	C26	A64	0.15641680204223718	0.0831
14012	C26	A89	0.16868294909837936	0.0684
14013	C26	K21	0.15445679292356543	0.0858
14014	C26	H02	0.15541637671073996	0.0845
14015	C26	B57	0.15541637671073996	0.1334
14016	C26	D73	0.1554524361948956	0.1334
14017	C26	H81	0.15441345932242453	0.133
14018	C26	H04	0.1553803339517625	0.1334
14019	C26	K11	0.15548851241587375	0.1334
14020	C26	G21	0.15560165975103735	0.129
14021	C26	I78	0.15548851241587375	0.1334
14022	C26	A22	0.15548851241587375	0.1334
14023	C26	A31	0.1553240740740741	0.132
14024	C26	H52	0.031199569661108123	0.2828
14025	C26	H11	0.15548851241587375	0.1334
14026	C26	N60	0.1556844547563805	0.1326
14027	C26	C63	0.22294372294372294	0.0511
14028	C26	C30	0.770940170940171	0.0
14029	C26	P55	0.1554524361948956	0.1334
14030	C26	A28	0.15548851241587375	0.1334
14031	C26	C33	0.4153846153846154	0.0054
14032	C26	C69	0.6213675213675214	0.0
14033	C26	C34	0.9307692307692308	0.0
14034	C26	K86	0.1550925925925926	0.1334
14035	C26	C31	0.9307692307692308	0.0
14036	C26	O43	0.1541095890410959	0.1305
14037	C26	N71	0.15548851241587375	0.1334
14038	C26	C68	0.22735042735042735	0.0193
14039	C26	C21	0.5832628909551987	0.0009
14040	C26	R82	0.03654143077714874	0.2162
14041	C26	C75	0.6251067463706234	0.0
14042	C26	D48	0.4179357021996616	0.005
14043	C26	C48	0.4150298889837746	0.0054
14044	C26	C20	0.581081081081081	0.0004
14045	C26	H61	0.15548851241587375	0.1334
14046	C26	C41	0.6196581196581197	0.0
14047	C26	C19	0.9299743808710503	0.0
14048	C26	J44	0.15806304248515304	0.1047
14049	C26	C90	0.06655974338412189	0.1877
14050	C26	C76	0.6282051282051282	0.0
14051	C26	A85	0.15548851241587375	0.1334
14052	C26	E32	0.15548851241587375	0.1334
14053	C26	C70	0.9307692307692308	0.0
14054	C26	M92	0.15548851241587375	0.1334
14055	C26	L28	0.15564834145209927	0.1311
14056	C26	C05	0.9865092748735245	0.0
14057	C26	C03	0.9307692307692308	0.0
14058	C26	C02	0.9307692307692308	0.0
14059	C26	C06	0.9299743808710503	0.0
14060	C26	C12	0.9299743808710503	0.0
14061	C26	E08-E13	0.05445783132530121	0.1689
14062	C26	Q67	0.02957835116425425	0.2576
14063	C26	D43	0.07196969696969698	0.1163
14064	C26	Q63	0.06975308641975309	0.1959
14065	C26	T86	0.1583448913546001	0.1194
14066	C26	B21	0.9299743808710503	0.0
14067	C26	K67	0.15548851241587375	0.1334
14068	C26	F62	0.1553803339517625	0.1334
14069	C26	G09	0.15548851241587375	0.1334
14070	C26	G01	0.15530829856281872	0.1334
14071	C26	M01	0.16223711578460828	0.1054
14072	C26	K38	0.15548851241587375	0.1334
14073	C26	B99	0.15548851241587375	0.1334
14074	C26	C01	0.2077922077922078	0.0646
14075	C26	A56	0.15548851241587375	0.1334
14076	C26	G02	0.15530829856281872	0.1334
14077	C26	B94	0.16223711578460828	0.1054
14078	C26	C39	0.2077922077922078	0.0646
14079	C26	D63	0.15548851241587375	0.1334
14080	C26	B89	0.15548851241587375	0.1334
14081	C26	B97	0.15548851241587375	0.1334
14082	C26	B95	0.15548851241587375	0.1334
14083	C26	F54	0.1554524361948956	0.1323
14084	C26	F06	0.15548851241587375	0.1334
14085	C26	E35	0.05683563748079877	0.2786
14086	C94	K50	0.0425531914893617	0.1221
14087	C94	A21	0.03	0.2277
14088	C94	C55	0.0425531914893617	0.1221
14089	C94	Q82	0.03508771929824561	0.177
14090	C94	D72	0.03225806451612903	0.2036
14091	C94	D13	0.14285714285714285	0.0029
14092	C94	C96	0.047619047619047616	0.0712
14093	C94	L92	0.043478260869565216	0.0923
14094	C94	M72	0.034482758620689655	0.0994
14095	C94	C78	0.03225806451612903	0.2736
14096	C94	H95	0.043478260869565216	0.2925
14097	C94	N99	0.043478260869565216	0.2925
14098	C63	C57	0.07303370786516854	0.2197
14099	C63	C30	0.23229706390328153	0.0251
14100	C63	N42	0.07329842931937172	0.1705
14101	C63	C33	0.19221698113207547	0.0905
14102	C63	C69	0.1733833177132146	0.0434
14103	C63	C34	0.2044776119402985	0.0446
14104	C63	C31	0.2044776119402985	0.0446
14105	C63	C68	0.08207934336525308	0.2423
14106	C63	C21	0.18647342995169083	0.1074
14107	C63	C75	0.1713221601489758	0.0443
14108	C63	D48	0.20584795321637428	0.0741
14109	C63	C48	0.19199057714958775	0.0905
14110	C63	D13	0.030245746691871456	0.2958
14111	C63	C20	0.16857142857142857	0.1066
14112	C63	C41	0.1726078799249531	0.0438
14113	C63	C22	0.1259124087591241	0.127
14114	C63	C19	0.20522388059701493	0.0439
14115	C63	C90	0.12111292962356793	0.0474
14116	C63	C76	0.17537313432835822	0.0421
14117	C63	C70	0.2044776119402985	0.0446
14118	C63	K92	0.050156739811912224	0.2944
14119	C63	C05	0.22127052105638828	0.0293
14120	C63	C03	0.2044776119402985	0.0446
14121	C63	C02	0.2044776119402985	0.0446
14122	C63	C06	0.20432513049962714	0.0447
14123	C63	C12	0.20432513049962714	0.0447
14124	C63	E08-E13	0.04045853000674309	0.2669
14125	C63	Q67	0.02694300518134715	0.2908
14126	C63	D43	0.07954545454545454	0.0927
14127	C63	Q63	0.06666666666666667	0.2106
14128	C63	C47	0.03710575139146568	0.2649
14129	C63	B21	0.20432513049962714	0.0446
14130	C63	C01	0.96	0.0
14131	C63	C39	0.96	0.0
14132	C63	E35	0.06404657933042213	0.2369
14133	C57	M10	0.10843373493975904	0.105
14134	C57	C55	0.203125	0.0144
14135	C57	I30	0.16981132075471697	0.029
14136	C57	M04	0.14754098360655737	0.0463
14137	C57	C90	0.09473684210526316	0.1397
14138	C57	C01	0.07392996108949416	0.2156
14139	C57	C39	0.07392996108949416	0.2156
14140	C57	J85	0.05555555555555555	0.2905
14141	C57	G56	0.14516129032258066	0.0276
14142	C57	E35	0.09956709956709957	0.1063
14143	C57	F43	0.02	0.2866
14144	C57	D32	0.0547945205479452	0.284
14145	C57	I40	0.1836734693877551	0.0217
14146	C57	N35	0.1836734693877551	0.0217
14147	C57	H33	0.15254237288135594	0.0417
14148	C57	C15	0.19642857142857142	0.0166
14149	C57	E46	0.07692307692307693	0.2067
14150	C57	D27	0.16	0.0005
14151	C57	Q85	0.02857142857142857	0.2681
14152	C57	D61	0.05555555555555555	0.2756
14153	C57	N64	0.19402985074626866	0.0012
14154	C57	N13	0.02247191011235955	0.0819
14155	C57	K31	0.02040816326530612	0.1543
14156	C57	C22	0.12903225806451613	0.1207
14157	C57	O01	0.17543859649122806	0.0783
14158	C57	C14	0.05555555555555555	0.131
14159	C57	C97	0.03636363636363636	0.0704
14160	C57	C47	0.0379746835443038	0.2568
14161	C57	C78	0.07142857142857142	0.056
14162	C57	E64	0.08163265306122448	0.2903
14163	C57	E43	0.08163265306122448	0.2903
14164	C30	A64	0.151123046875	0.0911
14165	C30	A89	0.1629913710450623	0.0754
14166	C30	K21	0.1483686592045725	0.0951
14167	C30	H02	0.1500732064421669	0.0926
14168	C30	B57	0.1500732064421669	0.143
14169	C30	D73	0.1501098364657066	0.143
14170	C30	H81	0.14905477460009695	0.1427
14171	C30	H04	0.15003659429129057	0.143
14172	C30	K11	0.150146484375	0.143
14173	C30	G21	0.14891041162227603	0.1408
14174	C30	I78	0.150146484375	0.143
14175	C30	A22	0.150146484375	0.143
14176	C30	A31	0.14998782566350133	0.1415
14177	C30	H11	0.150146484375	0.143
14178	C30	N60	0.1503539175006102	0.1422
14179	C30	P55	0.1501098364657066	0.143
14180	C30	A28	0.150146484375	0.143
14181	C30	C33	0.5388026607538803	0.0011
14182	C30	C69	0.49586776859504134	0.0001
14183	C30	C34	0.8282828282828283	0.0
14184	C30	K86	0.14974433893352812	0.143
14185	C30	C31	0.8282828282828283	0.0
14186	C30	O43	0.14851247600767753	0.1405
14187	C30	N71	0.150146484375	0.143
14188	C30	C21	0.453804347826087	0.0043
14189	C30	R82	0.03130537507383343	0.2694
14190	C30	C75	0.5	0.0001
14191	C30	D48	0.5404814004376368	0.001
14192	C30	C48	0.5382059800664452	0.0011
14193	C30	C20	0.44896115627822947	0.0025
14194	C30	H61	0.150146484375	0.143
14195	C30	C41	0.49403122130394855	0.0001
14196	C30	C19	0.8275229357798165	0.0
14197	C30	J44	0.15017964071856288	0.1172
14198	C30	C90	0.08256880733944955	0.1254
14199	C30	C76	0.5032139577594124	0.0001
14200	C30	A85	0.150146484375	0.143
14201	C30	E32	0.150146484375	0.143
14202	C30	C70	0.8282828282828283	0.0
14203	C30	M92	0.150146484375	0.143
14204	C30	K92	0.05757575757575758	0.2456
14205	C30	L28	0.15031722791605662	0.1406
14206	C30	C05	0.760539629005059	0.0
14207	C30	C03	0.8282828282828283	0.0
14208	C30	C02	0.8282828282828283	0.0
14209	C30	C06	0.8275229357798165	0.0
14210	C30	C12	0.8275229357798165	0.0
14211	C30	E08-E13	0.048034934497816595	0.2083
14212	C30	Q67	0.03089675960813866	0.2424
14213	C30	D43	0.06928213689482471	0.1261
14214	C30	Q63	0.07799852832965416	0.1615
14215	C30	T86	0.14981818181818182	0.1339
14216	C30	B21	0.8275229357798165	0.0
14217	C30	K67	0.150146484375	0.143
14218	C30	F62	0.15003659429129057	0.143
14219	C30	G09	0.150146484375	0.143
14220	C30	G01	0.14996342355523043	0.143
14221	C30	M01	0.15558252427184466	0.1156
14222	C30	K38	0.150146484375	0.143
14223	C30	B99	0.150146484375	0.143
14224	C30	C01	0.2141623488773748	0.0594
14225	C30	A56	0.150146484375	0.143
14226	C30	G02	0.14996342355523043	0.143
14227	C30	B94	0.15558252427184466	0.1156
14228	C30	C39	0.2141623488773748	0.0594
14229	C30	D63	0.150146484375	0.143
14230	C30	B89	0.150146484375	0.143
14231	C30	B97	0.150146484375	0.143
14232	C30	B95	0.150146484375	0.143
14233	C30	F54	0.1501098364657066	0.1418
14234	C30	F06	0.150146484375	0.143
14235	C30	E35	0.06333973128598848	0.2407
14236	C33	A64	0.12745869394177814	0.2037
14237	C33	A89	0.1230379746835443	0.2153
14238	C33	K21	0.1239795918367347	0.2127
14239	C33	H02	0.12752558383626345	0.2035
14240	C33	C69	0.11386593204775022	0.2414
14241	C33	C34	0.4462809917355372	0.0037
14242	C33	C31	0.4462809917355372	0.0037
14243	C33	C75	0.11834862385321102	0.2283
14244	C33	C20	0.6923076923076923	0.0002
14245	C33	C41	0.11202938475665748	0.247
14246	C33	C19	0.44587155963302755	0.0037
14247	C33	J44	0.12461538461538461	0.211
14248	C33	C76	0.12121212121212122	0.2202
14249	C33	C70	0.4462809917355372	0.0037
14250	C33	L28	0.12749213011542498	0.2036
14251	C33	C05	0.40978077571669475	0.0058
14252	C33	C03	0.4462809917355372	0.0037
14253	C33	C02	0.4462809917355372	0.0037
14254	C33	C06	0.44587155963302755	0.0037
14255	C33	C12	0.44587155963302755	0.0037
14256	C33	T86	0.12652954959645926	0.2061
14257	C33	B21	0.44587155963302755	0.0037
14258	C33	M01	0.12593936252915264	0.2076
14259	C33	C01	0.16745283018867924	0.1234
14260	C33	B94	0.12593936252915264	0.2076
14261	C33	C39	0.16745283018867924	0.1234
14262	C33	B57	0.12752558383626345	0.2035
14263	C33	D73	0.12755905511811025	0.2034
14264	C33	H81	0.1265954675696796	0.2059
14265	C33	H04	0.12749213011542498	0.2036
14266	C33	K11	0.12759254397479652	0.2033
14267	C33	G21	0.12646370023419204	0.2062
14268	C33	I78	0.12759254397479652	0.2033
14269	C33	A22	0.12759254397479652	0.2033
14270	C33	A31	0.1271918345982727	0.2044
14271	C33	J85	0.06563706563706563	0.232
14272	C33	H11	0.12759254397479652	0.2033
14273	C33	N60	0.12752558383626345	0.2035
14274	C33	P55	0.12755905511811025	0.2034
14275	C33	A28	0.12759254397479652	0.2033
14276	C33	N42	0.07262569832402235	0.1733
14277	C33	C21	0.6913229018492176	0.0002
14278	C33	Q85	0.026156941649899398	0.2997
14279	C33	K83	0.06809338521400778	0.2005
14280	C33	N32	0.05656565656565657	0.1414
14281	C33	K86	0.12722513089005236	0.1917
14282	C33	D51	0.03050397877984085	0.2712
14283	C33	O43	0.1250965250965251	0.1916
14284	C33	N71	0.12759254397479652	0.1915
14285	C33	D48	0.9604743083003953	0.0
14286	C33	C48	0.997946611909651	0.0
14287	C33	H61	0.12759254397479652	0.1915
14288	C33	D07	0.10905349794238683	0.1483
14289	C33	A85	0.12759254397479652	0.1915
14290	C33	E32	0.12759254397479652	0.1915
14291	C33	D02	0.11088295687885011	0.14
14292	C33	M92	0.12759254397479652	0.1915
14293	C33	D00	0.10905349794238683	0.1483
14294	C33	D01	0.11088295687885011	0.1426
14295	C33	C14	0.03420523138832998	0.2867
14296	C33	Q63	0.08367768595041322	0.1414
14297	C33	C47	0.05263157894736842	0.1515
14298	C33	K67	0.12759254397479652	0.1915
14299	C33	F62	0.12749213011542498	0.1916
14300	C33	G09	0.12759254397479652	0.1915
14301	C33	G01	0.1274252753015207	0.1916
14302	C33	K38	0.12759254397479652	0.1915
14303	C33	B99	0.12759254397479652	0.1915
14304	C33	A56	0.12759254397479652	0.1915
14305	C33	G02	0.1274252753015207	0.1916
14306	C33	D63	0.12759254397479652	0.1915
14307	C33	B89	0.12759254397479652	0.1915
14308	C33	B97	0.12759254397479652	0.1915
14309	C33	B95	0.12759254397479652	0.1915
14310	C33	F54	0.12755905511811025	0.1903
14311	C33	F06	0.12759254397479652	0.1915
14312	C33	E35	0.0778816199376947	0.1734
14313	C69	A89	0.07839520405810468	0.2425
14314	C69	C34	0.667584940312213	0.0
14315	C69	C31	0.667584940312213	0.0
14316	C69	C68	0.30657894736842106	0.0048
14317	C69	C21	0.29528985507246375	0.029
14318	C69	C75	0.9863945578231292	0.0
14319	C69	D48	0.11989100817438691	0.2202
14320	C69	C48	0.11376146788990826	0.2414
14321	C69	C20	0.2908762420957543	0.0208
14322	C69	C41	0.9972489683631361	0.0
14323	C69	C19	0.6669724770642201	0.0
14324	C69	C90	0.07907542579075426	0.1369
14325	C69	C76	0.9837177747625508	0.0
14326	C69	C70	0.667584940312213	0.0
14327	C69	C05	0.6129848229342327	0.0001
14328	C69	C03	0.667584940312213	0.0
14329	C69	C02	0.667584940312213	0.0
14330	C69	C06	0.6669724770642201	0.0
14331	C69	C12	0.6669724770642201	0.0
14332	C69	E08-E13	0.04553624925104853	0.2261
14333	C69	D43	0.05015398152221733	0.2236
14334	C69	Q63	0.053061224489795916	0.2896
14335	C69	B21	0.6669724770642201	0.0
14336	C69	C01	0.17126546146527116	0.1046
14337	C69	C39	0.17126546146527116	0.1046
14338	C34	A64	0.1504341703825393	0.1017
14339	C34	A89	0.1618630389670279	0.0854
14340	C34	K21	0.1480632592253037	0.1054
14341	C34	H02	0.14942528735632185	0.1032
14342	C34	B57	0.14942528735632185	0.1442
14343	C34	D73	0.14946034725480994	0.1442
14344	C34	H81	0.14845024469820556	0.1438
14345	C34	H04	0.14939024390243902	0.1442
14346	C34	K11	0.14949542360948134	0.1442
14347	C34	G21	0.1488469601677149	0.141
14348	C34	I78	0.14949542360948134	0.1442
14349	C34	A22	0.14949542360948134	0.1442
14350	C34	A31	0.14934456928838952	0.1427
14351	C34	H52	0.030303030303030304	0.2933
14352	C34	H11	0.14949542360948134	0.1442
14353	C34	N60	0.14969497888315345	0.1434
14354	C34	P55	0.14946034725480994	0.1442
14355	C34	A28	0.14949542360948134	0.1442
14356	C34	K86	0.14911048689138576	0.1442
14357	C34	C31	1.0	0.0
14358	C34	O43	0.1479344564966536	0.1416
14359	C34	N71	0.14949542360948134	0.1442
14360	C34	C68	0.22846781504986402	0.0189
14361	C34	C21	0.6231884057971014	0.0005
14362	C34	R82	0.03535083020889127	0.2273
14363	C34	C75	0.671559633027523	0.0
14364	C34	D48	0.44868301544050865	0.0034
14365	C34	C48	0.44587155963302755	0.0037
14366	C34	C20	0.6178861788617886	0.0003
14367	C34	H61	0.14949542360948134	0.1442
14368	C34	C41	0.6657483930211203	0.0
14369	C34	C19	0.9990825688073395	0.0
14370	C34	J44	0.14953917050691246	0.1183
14371	C34	C90	0.06934931506849315	0.175
14372	C34	C76	0.6749311294765841	0.0
14373	C34	A85	0.14949542360948134	0.1442
14374	C34	E32	0.14949542360948134	0.1442
14375	C34	C70	1.0	0.0
14376	C34	M92	0.14949542360948134	0.1442
14377	C34	L28	0.14965986394557823	0.1418
14378	C34	C05	0.918212478920742	0.0
14379	C34	C03	1.0	0.0
14380	C34	C02	1.0	0.0
14381	C34	C06	0.9990825688073395	0.0
14382	C34	C12	0.9990825688073395	0.0
14383	C34	E08-E13	0.04669647292598112	0.2177
14384	C34	Q67	0.028439153439153438	0.2715
14385	C34	D43	0.06923376118241929	0.1263
14386	C34	Q63	0.06994818652849741	0.195
14387	C34	T86	0.14918414918414918	0.1351
14388	C34	B21	0.9990825688073395	0.0
14389	C34	K67	0.14949542360948134	0.1442
14390	C34	F62	0.14939024390243902	0.1442
14391	C34	G09	0.14949542360948134	0.1442
14392	C34	G01	0.1493202062822316	0.1442
14393	C34	M01	0.1549953314659197	0.1166
14394	C34	K38	0.14949542360948134	0.1442
14395	C34	B99	0.14949542360948134	0.1442
14396	C34	C01	0.18880597014925374	0.083
14397	C34	A56	0.14949542360948134	0.1442
14398	C34	G02	0.1493202062822316	0.1442
14399	C34	B94	0.1549953314659197	0.1166
14400	C34	C39	0.18880597014925374	0.083
14401	C34	D63	0.14949542360948134	0.1442
14402	C34	B89	0.14949542360948134	0.1442
14403	C34	B97	0.14949542360948134	0.1442
14404	C34	B95	0.14949542360948134	0.1442
14405	C34	F54	0.14946034725480994	0.143
14406	C34	F06	0.14949542360948134	0.1442
14407	C34	E35	0.05541972290138549	0.2877
14408	C31	A64	0.1504341703825393	0.1017
14409	C31	A89	0.1618630389670279	0.0854
14410	C31	K21	0.1480632592253037	0.1054
14411	C31	H02	0.14942528735632185	0.1032
14412	C31	B57	0.14942528735632185	0.1442
14413	C31	D73	0.14946034725480994	0.1442
14414	C31	H81	0.14845024469820556	0.1438
14415	C31	H04	0.14939024390243902	0.1442
14416	C31	K11	0.14949542360948134	0.1442
14417	C31	G21	0.1488469601677149	0.141
14418	C31	I78	0.14949542360948134	0.1442
14419	C31	A22	0.14949542360948134	0.1442
14420	C31	A31	0.14934456928838952	0.1427
14421	C31	H52	0.030303030303030304	0.2933
14422	C31	H11	0.14949542360948134	0.1442
14423	C31	N60	0.14969497888315345	0.1434
14424	C31	P55	0.14946034725480994	0.1442
14425	C31	A28	0.14949542360948134	0.1442
14426	C31	K86	0.14911048689138576	0.1442
14427	C31	O43	0.1479344564966536	0.1416
14428	C31	N71	0.14949542360948134	0.1442
14429	C31	C68	0.22846781504986402	0.0189
14430	C31	C21	0.6231884057971014	0.0005
14431	C31	R82	0.03535083020889127	0.2273
14432	C31	C75	0.671559633027523	0.0
14433	C31	D48	0.44868301544050865	0.0034
14434	C31	C48	0.44587155963302755	0.0037
14435	C31	C20	0.6178861788617886	0.0003
14436	C31	H61	0.14949542360948134	0.1442
14437	C31	C41	0.6657483930211203	0.0
14438	C31	C19	0.9990825688073395	0.0
14439	C31	J44	0.14953917050691246	0.1183
14440	C31	C90	0.06934931506849315	0.175
14441	C31	C76	0.6749311294765841	0.0
14442	C31	A85	0.14949542360948134	0.1442
14443	C31	E32	0.14949542360948134	0.1442
14444	C31	C70	1.0	0.0
14445	C31	M92	0.14949542360948134	0.1442
14446	C31	L28	0.14965986394557823	0.1418
14447	C31	C05	0.918212478920742	0.0
14448	C31	C03	1.0	0.0
14449	C31	C02	1.0	0.0
14450	C31	C06	0.9990825688073395	0.0
14451	C31	C12	0.9990825688073395	0.0
14452	C31	E08-E13	0.04669647292598112	0.2177
14453	C31	Q67	0.028439153439153438	0.2715
14454	C31	D43	0.06923376118241929	0.1263
14455	C31	Q63	0.06994818652849741	0.195
14456	C31	T86	0.14918414918414918	0.1351
14457	C31	B21	0.9990825688073395	0.0
14458	C31	K67	0.14949542360948134	0.1442
14459	C31	F62	0.14939024390243902	0.1442
14460	C31	G09	0.14949542360948134	0.1442
14461	C31	G01	0.1493202062822316	0.1442
14462	C31	M01	0.1549953314659197	0.1166
14463	C31	K38	0.14949542360948134	0.1442
14464	C31	B99	0.14949542360948134	0.1442
14465	C31	C01	0.18880597014925374	0.083
14466	C31	A56	0.14949542360948134	0.1442
14467	C31	G02	0.1493202062822316	0.1442
14468	C31	B94	0.1549953314659197	0.1166
14469	C31	C39	0.18880597014925374	0.083
14470	C31	D63	0.14949542360948134	0.1442
14471	C31	B89	0.14949542360948134	0.1442
14472	C31	B97	0.14949542360948134	0.1442
14473	C31	B95	0.14949542360948134	0.1442
14474	C31	F54	0.14946034725480994	0.143
14475	C31	F06	0.14949542360948134	0.1442
14476	C31	E35	0.05541972290138549	0.2877
14477	C68	C75	0.304177545691906	0.005
14478	C68	C20	0.3351724137931035	0.0029
14479	C68	C41	0.3073878627968338	0.0047
14480	C68	C19	0.22826086956521738	0.019
14481	C68	C76	0.3050847457627119	0.0049
14482	C68	C70	0.22846781504986402	0.0189
14483	C68	C05	0.224283305227656	0.0203
14484	C68	C03	0.22846781504986402	0.0189
14485	C68	C02	0.22846781504986402	0.0189
14486	C68	C06	0.22826086956521738	0.019
14487	C68	C12	0.22826086956521738	0.019
14488	C68	B21	0.22826086956521738	0.019
14489	C68	C01	0.08146067415730338	0.2449
14490	C68	C39	0.08146067415730338	0.2449
14491	C68	C21	0.3514644351464435	0.0148
14492	C68	N32	0.09782608695652174	0.0335
14493	C68	G04	0.01791044776119403	0.2341
14494	C68	C22	0.10493827160493827	0.1793
14495	C21	A64	0.129	0.214
14496	C21	A89	0.1260890609874153	0.2216
14497	C21	K21	0.1259132976132489	0.2221
14498	C21	H02	0.12906453226613307	0.2139
14499	C21	C75	0.2995475113122172	0.0276
14500	C21	C20	0.9352617079889807	0.0
14501	C21	C41	0.29347826086956524	0.0297
14502	C21	C19	0.6226244343891403	0.0006
14503	C21	J44	0.12652961331375429	0.2204
14504	C21	C76	0.302536231884058	0.0266
14505	C21	C70	0.6231884057971014	0.0005
14506	C21	L28	0.12903225806451613	0.2139
14507	C21	C05	0.5754795663052544	0.001
14508	C21	C03	0.6231884057971014	0.0005
14509	C21	C02	0.6231884057971014	0.0005
14510	C21	C06	0.6226244343891403	0.0006
14511	C21	C12	0.6226244343891403	0.0006
14512	C21	T86	0.12922465208747516	0.2134
14513	C21	B21	0.6226244343891403	0.0006
14514	C21	M01	0.12781211372064277	0.2171
14515	C21	C01	0.16618357487922705	0.1371
14516	C21	B94	0.12781211372064277	0.2171
14517	C21	C39	0.16618357487922705	0.1371
14518	C21	B57	0.12906453226613307	0.1878
14519	C21	D73	0.12909682261696273	0.1878
14520	C21	H81	0.12816691505216096	0.1875
14521	C21	H04	0.12903225806451613	0.1878
14522	C21	K11	0.12912912912912913	0.1877
14523	C21	G21	0.12859980139026814	0.1841
14524	C21	I78	0.12912912912912913	0.1877
14525	C21	A22	0.12912912912912913	0.1877
14526	C21	A31	0.12874251497005987	0.1868
14527	C21	H52	0.030561478322672354	0.2902
14528	C21	H11	0.12912912912912913	0.1877
14529	C21	N60	0.12906453226613307	0.1874
14530	C21	P55	0.12909682261696273	0.1878
14531	C21	A28	0.12912912912912913	0.1877
14532	C21	N42	0.05172413793103448	0.2873
14533	C21	K86	0.1287746443723484	0.1878
14534	C21	O43	0.12727272727272726	0.1861
14535	C21	N71	0.12912912912912913	0.1877
14536	C21	N32	0.03932584269662921	0.2572
14537	C21	N64	0.036671368124118475	0.2843
14538	C21	D48	0.6721991701244814	0.0002
14539	C21	C48	0.6903409090909091	0.0002
14540	C21	H61	0.12912912912912913	0.1877
14541	C21	C22	0.07577807848443843	0.2895
14542	C21	D07	0.07539118065433854	0.2677
14543	C21	A85	0.12912912912912913	0.1877
14544	C21	E32	0.12912912912912913	0.1877
14545	C21	D02	0.07670454545454546	0.2571
14546	C21	M92	0.12912912912912913	0.1877
14547	C21	D00	0.07539118065433854	0.2677
14548	C21	D01	0.07670454545454546	0.2603
14549	C21	D43	0.05916629314208875	0.1707
14550	C21	Q63	0.07016060862214708	0.1941
14551	C21	C47	0.03656821378340366	0.2701
14552	C21	K67	0.12912912912912913	0.1877
14553	C21	F62	0.12903225806451613	0.1878
14554	C21	G09	0.12912912912912913	0.1877
14555	C21	G01	0.12896775806048488	0.1878
14556	C21	K38	0.12912912912912913	0.1877
14557	C21	B99	0.12912912912912913	0.1877
14558	C21	A56	0.12912912912912913	0.1877
14559	C21	G02	0.12896775806048488	0.1878
14560	C21	D63	0.12912912912912913	0.1877
14561	C21	B89	0.12912912912912913	0.1877
14562	C21	B97	0.12912912912912913	0.1877
14563	C21	B95	0.12912912912912913	0.1877
14564	C21	F54	0.12909682261696273	0.1865
14565	C21	F06	0.12912912912912913	0.1877
14566	C21	E35	0.060676779463243874	0.2555
14567	C75	A64	0.06688570758038019	0.2968
14568	C75	A89	0.07977864883560065	0.2348
14569	C75	K21	0.06646802658721064	0.2991
14570	C75	D48	0.12534059945504086	0.2056
14571	C75	C48	0.11824014665444546	0.2282
14572	C75	C20	0.2951263537906137	0.0197
14573	C75	C41	0.9890859481582538	0.0
14574	C75	C19	0.6709440879926672	0.0
14575	C75	C90	0.0785024154589372	0.1389
14576	C75	C76	0.9757738896366084	0.0
14577	C75	C70	0.671559633027523	0.0
14578	C75	C05	0.6166807076663858	0.0001
14579	C75	C03	0.671559633027523	0.0
14580	C75	C02	0.671559633027523	0.0
14581	C75	C06	0.6709440879926672	0.0
14582	C75	C12	0.6709440879926672	0.0
14583	C75	E08-E13	0.04662283323371189	0.2182
14584	C75	D43	0.0504828797190518	0.2214
14585	C75	B21	0.6709440879926672	0.0
14586	C75	C01	0.16918714555765596	0.1075
14587	C75	C39	0.16918714555765596	0.1075
14588	C75	E35	0.0550561797752809	0.29
14589	D48	A64	0.130332373724156	0.193
14590	D48	A89	0.1258211217786761	0.2043
14591	D48	K21	0.1270690094219506	0.2011
14592	D48	H02	0.13040062843676356	0.1928
14593	D48	C20	0.6754507628294036	0.0002
14594	D48	C41	0.11807447774750227	0.2253
14595	D48	C19	0.4482758620689655	0.0034
14596	D48	J44	0.12743091095189354	0.2002
14597	D48	C76	0.1271571298819255	0.2009
14598	D48	C70	0.44868301544050865	0.0034
14599	D48	L28	0.13036649214659685	0.1929
14600	D48	C05	0.41235392320534225	0.0053
14601	D48	C03	0.44868301544050865	0.0034
14602	D48	C02	0.44868301544050865	0.0034
14603	D48	C06	0.4482758620689655	0.0034
14604	D48	C12	0.4482758620689655	0.0034
14605	D48	T86	0.1293842556508184	0.1953
14606	D48	B21	0.4482758620689655	0.0034
14607	D48	M01	0.1287820015515904	0.1968
14608	D48	C01	0.18128654970760233	0.1012
14609	D48	B94	0.1287820015515904	0.1968
14610	D48	C39	0.18128654970760233	0.1012
14611	D48	B57	0.13040062843676356	0.1928
14612	D48	D73	0.13043478260869565	0.1927
14613	D48	H81	0.1294515206654536	0.1951
14614	D48	H04	0.13036649214659685	0.1929
14615	D48	K11	0.13046895467644748	0.1926
14616	D48	G21	0.12931706050376526	0.1955
14617	D48	I78	0.13046895467644748	0.1926
14618	D48	A22	0.13046895467644748	0.1926
14619	D48	A31	0.1300600679028467	0.1936
14620	D48	J85	0.06319702602230483	0.245
14621	D48	H11	0.13046895467644748	0.1926
14622	D48	N60	0.13040062843676356	0.1928
14623	D48	P55	0.13043478260869565	0.1927
14624	D48	A28	0.13046895467644748	0.1926
14625	D48	N42	0.07001795332136446	0.1846
14626	D48	K86	0.13009404388714735	0.1936
14627	D48	O43	0.12792191112252763	0.1989
14628	D48	N71	0.13046895467644748	0.1926
14629	D48	K83	0.06554307116104868	0.213
14630	D48	N32	0.05436893203883495	0.1526
14631	D48	C48	0.9585798816568047	0.0
14632	D48	H61	0.13046895467644748	0.1845
14633	D48	D07	0.10474308300395258	0.1599
14634	D48	A85	0.13046895467644748	0.1845
14635	D48	E32	0.13046895467644748	0.1845
14636	D48	D02	0.10650887573964497	0.1513
14637	D48	M92	0.13046895467644748	0.1845
14638	D48	D00	0.10474308300395258	0.1599
14639	D48	D01	0.10650887573964497	0.154
14640	D48	Q67	0.026399155227032733	0.2982
14641	D48	Q63	0.08638211382113821	0.1327
14642	D48	C47	0.05058365758754864	0.1631
14643	D48	K67	0.13046895467644748	0.1845
14644	D48	F62	0.13036649214659685	0.1845
14645	D48	G09	0.13046895467644748	0.1845
14646	D48	G01	0.130298273155416	0.1846
14647	D48	K38	0.13046895467644748	0.1845
14648	D48	B99	0.13046895467644748	0.1845
14649	D48	A56	0.13046895467644748	0.1845
14650	D48	G02	0.130298273155416	0.1846
14651	D48	D63	0.13046895467644748	0.1845
14652	D48	B89	0.13046895467644748	0.1845
14653	D48	B97	0.13046895467644748	0.1845
14654	D48	B95	0.13046895467644748	0.1845
14655	D48	F54	0.13043478260869565	0.1833
14656	D48	F06	0.13046895467644748	0.1845
14657	D48	E35	0.08042488619119878	0.1638
14658	C48	A64	0.1274252753015207	0.2034
14659	C48	A89	0.12300683371298406	0.215
14660	C48	K21	0.12394797245600613	0.2125
14661	C48	H02	0.12749213011542498	0.2033
14662	C48	C20	0.6913229018492176	0.0002
14663	C48	C41	0.11192660550458716	0.247
14664	C48	C19	0.4454628780934922	0.0037
14665	C48	J44	0.12458344014355294	0.2108
14666	C48	C76	0.12110091743119267	0.2202
14667	C48	C70	0.44587155963302755	0.0037
14668	C48	L28	0.12745869394177814	0.2033
14669	C48	C05	0.409435551811289	0.0058
14670	C48	C03	0.44587155963302755	0.0037
14671	C48	C02	0.44587155963302755	0.0037
14672	C48	C06	0.4454628780934922	0.0037
14673	C48	C12	0.4454628780934922	0.0037
14674	C48	T86	0.12649661634565332	0.2058
14675	C48	B21	0.4454628780934922	0.0037
14676	C48	M01	0.12590673575129532	0.2073
14677	C48	C01	0.16725559481743227	0.1235
14678	C48	B94	0.12590673575129532	0.2073
14679	C48	C39	0.16725559481743227	0.1235
14680	C48	B57	0.12749213011542498	0.2033
14681	C48	D73	0.12752558383626345	0.2032
14682	C48	H81	0.1265625	0.2056
14683	C48	H04	0.12745869394177814	0.2033
14684	C48	K11	0.12755905511811025	0.2031
14685	C48	G21	0.12643080124869926	0.206
14686	C48	I78	0.12755905511811025	0.2031
14687	C48	A22	0.12755905511811025	0.2031
14688	C48	A31	0.1271585557299843	0.2041
14689	C48	J85	0.06551059730250482	0.2327
14690	C48	H11	0.12755905511811025	0.2031
14691	C48	N60	0.12749213011542498	0.2033
14692	C48	P55	0.12752558383626345	0.2032
14693	C48	A28	0.12755905511811025	0.2031
14694	C48	N42	0.0724907063197026	0.1739
14695	C48	K86	0.1271918345982727	0.204
14696	C48	O43	0.12506433350488935	0.2095
14697	C48	N71	0.12755905511811025	0.2031
14698	C48	K83	0.06796116504854369	0.2011
14699	C48	N32	0.056451612903225805	0.1419
14700	C48	H61	0.12755905511811025	0.1916
14701	C48	D07	0.10882956878850103	0.1489
14702	C48	A85	0.12755905511811025	0.1916
14703	C48	E32	0.12755905511811025	0.1916
14704	C48	D02	0.11065573770491803	0.1406
14705	C48	M92	0.12755905511811025	0.1916
14706	C48	D00	0.10882956878850103	0.1489
14707	C48	D01	0.11065573770491803	0.1432
14708	C48	C14	0.03413654618473896	0.2875
14709	C48	Q63	0.08359133126934984	0.1417
14710	C48	C47	0.052525252525252523	0.1521
14711	C48	K67	0.12755905511811025	0.1916
14712	C48	F62	0.12745869394177814	0.1916
14713	C48	G09	0.12755905511811025	0.1916
14714	C48	G01	0.127391874180865	0.1917
14715	C48	K38	0.12755905511811025	0.1916
14716	C48	B99	0.12755905511811025	0.1916
14717	C48	A56	0.12755905511811025	0.1916
14718	C48	G02	0.127391874180865	0.1917
14719	C48	D63	0.12755905511811025	0.1916
14720	C48	B89	0.12755905511811025	0.1916
14721	C48	B97	0.12755905511811025	0.1916
14722	C48	B95	0.12755905511811025	0.1916
14723	C48	F54	0.12752558383626345	0.1903
14724	C48	F06	0.12755905511811025	0.1916
14725	C48	E35	0.07776049766718507	0.1739
14726	D13	C55	0.0425531914893617	0.1797
14727	D13	Q82	0.03508771929824561	0.2432
14728	D13	D72	0.03225806451612903	0.2727
14729	D13	I85	0.16129032258064516	0.0425
14730	D13	P70	0.03333333333333333	0.09
14731	D13	Q45	0.041666666666666664	0.0897
14732	D13	K06	0.03333333333333333	0.0289
14733	D13	D3A	0.14285714285714285	0.0001
14734	D13	C22	0.07692307692307693	0.2841
14735	D13	M72	0.034482758620689655	0.0994
14736	D13	D19	0.2	0.0101
14737	D13	D44	0.03225806451612903	0.2312
14738	D13	D10	0.043478260869565216	0.1228
14739	D13	C78	0.03225806451612903	0.2736
14740	C20	A64	0.1295971978984238	0.179
14741	C20	A89	0.12530237058538946	0.1896
14742	C20	K21	0.12676743052169673	0.1859
14743	C20	H02	0.12966207759699624	0.1789
14744	C20	B57	0.12966207759699624	0.1863
14745	C20	D73	0.12969454181271908	0.1863
14746	C20	H81	0.1287596321153368	0.1861
14747	C20	H04	0.12962962962962962	0.1863
14748	C20	K11	0.12972702228900576	0.1863
14749	C20	G21	0.12919254658385093	0.1826
14750	C20	I78	0.12972702228900576	0.1863
14751	C20	A22	0.12972702228900576	0.1863
14752	C20	A31	0.12933832709113607	0.1853
14753	C20	N32	0.03938115330520394	0.2567
14754	C20	H52	0.03131672597864769	0.2814
14755	C20	H11	0.12972702228900576	0.1863
14756	C20	N60	0.12966207759699624	0.186
14757	C20	N64	0.03672316384180791	0.2838
14758	C20	P55	0.12969454181271908	0.1863
14759	C20	A28	0.12972702228900576	0.1863
14760	C20	N42	0.05179282868525897	0.2868
14761	C20	K86	0.12937062937062938	0.1864
14762	C20	O43	0.12785837226456848	0.1847
14763	C20	N71	0.12972702228900576	0.1863
14764	C20	H61	0.12972702228900576	0.1863
14765	C20	C41	0.28906955736224027	0.0052
14766	C20	C19	0.6173285198555957	0.0001
14767	C20	J44	0.12738853503184713	0.1624
14768	C20	C90	0.056372549019607844	0.2426
14769	C20	C76	0.2981029810298103	0.0045
14770	C20	D07	0.0754985754985755	0.2672
14771	C20	A85	0.12972702228900576	0.1863
14772	C20	E32	0.12972702228900576	0.1863
14773	C20	D02	0.07681365576102418	0.2566
14774	C20	C70	0.6178861788617886	0.0001
14775	C20	M92	0.12972702228900576	0.1863
14776	C20	K92	0.06809583858764187	0.1899
14777	C20	L28	0.12962962962962962	0.1842
14778	C20	C05	0.5733333333333334	0.0001
14779	C20	C03	0.6178861788617886	0.0001
14780	C20	C02	0.6178861788617886	0.0001
14781	C20	D00	0.0754985754985755	0.2672
14782	C20	C06	0.6173285198555957	0.0001
14783	C20	D01	0.07681365576102418	0.2598
14784	C20	C12	0.6173285198555957	0.0001
14785	C20	D43	0.05493523894595802	0.1938
14786	C20	Q63	0.07021996615905245	0.1938
14787	C20	C47	0.036619718309859155	0.2696
14788	C20	T86	0.12897614314115308	0.1772
14789	C20	B21	0.6173285198555957	0.0001
14790	C20	K67	0.12972702228900576	0.1863
14791	C20	F62	0.12962962962962962	0.1863
14792	C20	G09	0.12972702228900576	0.1863
14793	C20	G01	0.1295647823911956	0.1863
14794	C20	M01	0.12868101954961644	0.168
14795	C20	K38	0.12972702228900576	0.1863
14796	C20	B99	0.12972702228900576	0.1863
14797	C20	C01	0.14857142857142858	0.1412
14798	C20	A56	0.12972702228900576	0.1863
14799	C20	G02	0.1295647823911956	0.1863
14800	C20	B94	0.12868101954961644	0.168
14801	C20	C39	0.14857142857142858	0.1412
14802	C20	D63	0.12972702228900576	0.1863
14803	C20	B89	0.12972702228900576	0.1863
14804	C20	B97	0.12972702228900576	0.1863
14805	C20	B95	0.12972702228900576	0.1863
14806	C20	F54	0.12969454181271908	0.185
14807	C20	F06	0.12972702228900576	0.1863
14808	C20	E35	0.06198830409356725	0.2481
14809	C41	A89	0.07793405579893936	0.244
14810	C41	C19	0.6651376146788991	0.0
14811	C41	C90	0.07926829268292683	0.1363
14812	C41	C76	0.9863945578231292	0.0
14813	C41	C70	0.6657483930211203	0.0
14814	C41	C05	0.6112984822934233	0.0001
14815	C41	C03	0.6657483930211203	0.0
14816	C41	C02	0.6657483930211203	0.0
14817	C41	C06	0.6651376146788991	0.0
14818	C41	C12	0.6651376146788991	0.0
14819	C41	E08-E13	0.04559088182363527	0.2257
14820	C41	D43	0.05019815059445178	0.2233
14821	C41	B21	0.6651376146788991	0.0
14822	C41	C01	0.17047619047619048	0.1057
14823	C41	C39	0.17047619047619048	0.1057
14824	C22	C55	0.11009174311926606	0.1648
14825	C22	I30	0.09278350515463918	0.219
14826	C22	B54	0.08088235294117647	0.2662
14827	C22	M04	0.08571428571428572	0.2459
14828	C22	C90	0.09565217391304348	0.2089
14829	C22	K92	0.19095477386934673	0.0434
14830	C22	C01	0.12878787878787878	0.1211
14831	C22	C39	0.12878787878787878	0.1211
14832	C22	F79	0.03773584905660377	0.1648
14833	C22	J85	0.09722222222222222	0.1146
14834	C22	G56	0.08490566037735849	0.2492
14835	C22	D07	0.3063063063063063	0.0045
14836	C22	D02	0.3008849557522124	0.0046
14837	C22	D00	0.3063063063063063	0.0045
14838	C22	D01	0.3125	0.004
14839	C22	C14	0.08108108108108109	0.0511
14840	C22	I40	0.0967741935483871	0.2051
14841	C22	K43	0.11428571428571428	0.0744
14842	C22	N35	0.0967741935483871	0.2051
14843	C22	H33	0.08737864077669903	0.2393
14844	C22	E26	0.02608695652173913	0.1461
14845	C22	D27	0.030303030303030304	0.2454
14846	C22	C15	0.12121212121212122	0.1372
14847	C22	Q87	0.044444444444444446	0.1778
14848	C22	Q85	0.05454545454545454	0.0803
14849	C22	K83	0.2809917355371901	0.0012
14850	C22	Q45	0.029940119760479042	0.1775
14851	C22	N32	0.06611570247933884	0.1014
14852	C22	Q43	0.029585798816568046	0.2417
14853	C22	N64	0.05084745762711865	0.1744
14854	C22	M94	0.02912621359223301	0.1863
14855	C22	M22	0.030927835051546393	0.1984
14856	C22	D89	0.0196078431372549	0.2563
14857	C22	G91	0.017094017094017096	0.0983
14858	C22	Q03	0.017241379310344827	0.1893
14859	C22	O01	0.11	0.2042
14860	C22	D44	0.030303030303030304	0.2528
14861	C22	P56	0.029411764705882353	0.2236
14862	C22	C47	0.04132231404958678	0.2277
14863	C22	C78	0.061224489795918366	0.0847
14864	C19	A64	0.15039887376818395	0.1013
14865	C19	A89	0.16182572614107885	0.0851
14866	C19	K21	0.14802933088909256	0.1051
14867	C19	H02	0.14939024390243902	0.1029
14868	C19	B57	0.14939024390243902	0.1442
14869	C19	D73	0.14942528735632185	0.1442
14870	C19	H81	0.14841565703634668	0.1439
14871	C19	H04	0.14935521688159437	0.1442
14872	C19	K11	0.14946034725480994	0.1442
14873	C19	G21	0.1488122962272939	0.141
14874	C19	I78	0.14946034725480994	0.1442
14875	C19	A22	0.14946034725480994	0.1442
14876	C19	A31	0.14930961853498712	0.1428
14877	C19	H52	0.030864197530864196	0.2867
14878	C19	H11	0.14946034725480994	0.1442
14879	C19	N60	0.14965986394557823	0.1434
14880	C19	P55	0.14942528735632185	0.1442
14881	C19	A28	0.14946034725480994	0.1442
14882	C19	K86	0.14907559091972852	0.1443
14883	C19	O43	0.14790032302722658	0.1417
14884	C19	N71	0.14946034725480994	0.1442
14885	C19	H61	0.14946034725480994	0.1442
14886	C19	J44	0.14950472241419027	0.1184
14887	C19	C90	0.06928999144568007	0.1753
14888	C19	C76	0.6743119266055045	0.0
14889	C19	A85	0.14946034725480994	0.1442
14890	C19	E32	0.14946034725480994	0.1442
14891	C19	C70	0.9990825688073395	0.0
14892	C19	M92	0.14946034725480994	0.1442
14893	C19	L28	0.14962476547842402	0.1419
14894	C19	C05	0.9174389216512215	0.0
14895	C19	C03	0.9990825688073395	0.0
14896	C19	C02	0.9990825688073395	0.0
14897	C19	C06	0.998166819431714	0.0
14898	C19	C12	0.998166819431714	0.0
14899	C19	E08-E13	0.04667328699106256	0.2178
14900	C19	Q67	0.028420356906807668	0.2717
14901	C19	D43	0.06962271489692727	0.1248
14902	C19	Q63	0.06990291262135923	0.1953
14903	C19	T86	0.1491493824283384	0.1351
14904	C19	B21	0.998166819431714	0.0
14905	C19	K67	0.14946034725480994	0.1442
14906	C19	F62	0.14935521688159437	0.1442
14907	C19	G09	0.14946034725480994	0.1442
14908	C19	G01	0.14928521209280524	0.1442
14909	C19	M01	0.15495915985997666	0.1167
14910	C19	K38	0.14946034725480994	0.1442
14911	C19	B99	0.14946034725480994	0.1442
14912	C19	C01	0.18955223880597014	0.0822
14913	C19	A56	0.14946034725480994	0.1442
14914	C19	G02	0.14928521209280524	0.1442
14915	C19	B94	0.15495915985997666	0.1167
14916	C19	C39	0.18955223880597014	0.0822
14917	C19	D63	0.14946034725480994	0.1442
14918	C19	B89	0.14946034725480994	0.1442
14919	C19	B97	0.14946034725480994	0.1442
14920	C19	B95	0.14946034725480994	0.1442
14921	C19	F54	0.14942528735632185	0.1431
14922	C19	F06	0.14946034725480994	0.1442
14923	C19	E35	0.05537459283387622	0.2879
14924	C90	M10	0.0625	0.208
14925	C90	C55	0.09248554913294797	0.0976
14926	C90	I30	0.06748466257668712	0.1834
14927	C90	M04	0.05813953488372093	0.2321
14928	C90	H33	0.058823529411764705	0.2943
14929	C90	C15	0.0718562874251497	0.2221
14930	C90	Q87	0.03643724696356275	0.2429
14931	C90	Q86	0.011695906432748537	0.1987
14932	C90	Q85	0.027932960893854747	0.2761
14933	C90	Q28	0.023809523809523808	0.1457
14934	C90	Q70	0.011560693641618497	0.2407
14935	C90	G56	0.057803468208092484	0.2416
14936	C90	K73	0.02512562814070352	0.1959
14937	C90	C76	0.0783132530120482	0.2435
14938	C90	C14	0.056179775280898875	0.128
14939	C90	C01	0.12542372881355932	0.1916
14940	C90	C39	0.12542372881355932	0.1916
14941	C76	A64	0.06735508096690918	0.2967
14942	C76	A89	0.08023979709476596	0.2351
14943	C76	K21	0.0669264267705707	0.2991
14944	C76	J44	0.06797235023041474	0.2935
14945	C76	N64	0.037889039242219216	0.2726
14946	C76	C70	0.6749311294765841	0.0
14947	C76	C05	0.6197301854974705	0.0
14948	C76	C03	0.6749311294765841	0.0
14949	C76	C02	0.6749311294765841	0.0
14950	C76	C06	0.6743119266055045	0.0
14951	C76	C12	0.6743119266055045	0.0
14952	C76	E08-E13	0.045942720763723154	0.2231
14953	C76	D43	0.04997807978956598	0.2248
14954	C76	Q63	0.05271695052716951	0.292
14955	C76	B21	0.6743119266055045	0.0
14956	C76	C01	0.17329545454545456	0.1019
14957	C76	C39	0.17329545454545456	0.1019
14958	C70	A64	0.1504341703825393	0.1017
14959	C70	A89	0.1618630389670279	0.0854
14960	C70	K21	0.1480632592253037	0.1054
14961	C70	H02	0.14942528735632185	0.1032
14962	C70	J44	0.14953917050691246	0.103
14963	C70	B57	0.14942528735632185	0.1442
14964	C70	D73	0.14946034725480994	0.1442
14965	C70	H81	0.14845024469820556	0.1438
14966	C70	H04	0.14939024390243902	0.1442
14967	C70	K11	0.14949542360948134	0.1442
14968	C70	G21	0.1488469601677149	0.141
14969	C70	I78	0.14949542360948134	0.1442
14970	C70	A22	0.14949542360948134	0.1442
14971	C70	A31	0.14934456928838952	0.1427
14972	C70	H52	0.030303030303030304	0.2933
14973	C70	H11	0.14949542360948134	0.1442
14974	C70	N60	0.14969497888315345	0.1434
14975	C70	P55	0.14946034725480994	0.1442
14976	C70	A28	0.14949542360948134	0.1442
14977	C70	K86	0.14911048689138576	0.1442
14978	C70	O43	0.1479344564966536	0.1416
14979	C70	N71	0.14949542360948134	0.1442
14980	C70	H61	0.14949542360948134	0.1442
14981	C70	A85	0.14949542360948134	0.1442
14982	C70	E32	0.14949542360948134	0.1442
14983	C70	M92	0.14949542360948134	0.1442
14984	C70	L28	0.14965986394557823	0.1418
14985	C70	C05	0.918212478920742	0.0
14986	C70	C03	1.0	0.0
14987	C70	C02	1.0	0.0
14988	C70	C06	0.9990825688073395	0.0
14989	C70	C12	0.9990825688073395	0.0
14990	C70	E08-E13	0.04669647292598112	0.2177
14991	C70	Q67	0.028439153439153438	0.2715
14992	C70	D43	0.06923376118241929	0.1263
14993	C70	Q63	0.06994818652849741	0.195
14994	C70	T86	0.14918414918414918	0.1351
14995	C70	B21	0.9990825688073395	0.0
14996	C70	K67	0.14949542360948134	0.1442
14997	C70	F62	0.14939024390243902	0.1442
14998	C70	G09	0.14949542360948134	0.1442
14999	C70	G01	0.1493202062822316	0.1442
15000	C70	M01	0.1549953314659197	0.1166
15001	C70	K38	0.14949542360948134	0.1442
15002	C70	B99	0.14949542360948134	0.1442
15003	C70	C01	0.18880597014925374	0.083
15004	C70	A56	0.14949542360948134	0.1442
15005	C70	G02	0.1493202062822316	0.1442
15006	C70	B94	0.1549953314659197	0.1166
15007	C70	C39	0.18880597014925374	0.083
15008	C70	D63	0.14949542360948134	0.1442
15009	C70	B89	0.14949542360948134	0.1442
15010	C70	B97	0.14949542360948134	0.1442
15011	C70	B95	0.14949542360948134	0.1442
15012	C70	F54	0.14946034725480994	0.143
15013	C70	F06	0.14949542360948134	0.1442
15014	C70	E35	0.05541972290138549	0.2877
15015	K92	K50	0.13725490196078433	0.0348
15016	K92	K76	0.06040268456375839	0.2292
15017	K92	A04	0.056962025316455694	0.2493
15018	K92	K59	0.30405405405405406	0.0006
15019	K92	K63	0.2857142857142857	0.0009
15020	K92	F79	0.02830188679245283	0.259
15021	K92	K00	0.17333333333333334	0.0023
15022	K92	Q86	0.01282051282051282	0.1698
15023	K92	J85	0.08205128205128205	0.1608
15024	K92	Q85	0.03680981595092025	0.183
15025	K92	K83	0.3419354838709677	0.0003
15026	K92	N32	0.04	0.2512
15027	K92	Q43	0.09134615384615384	0.0119
15028	K92	N64	0.047337278106508875	0.1969
15029	K92	K31	0.013793103448275862	0.286
15030	K92	K03	0.1724137931034483	0.0007
15031	K92	D89	0.01948051948051948	0.2586
15032	K92	D07	0.2222222222222222	0.0201
15033	K92	D02	0.21951219512195122	0.0201
15034	K92	D00	0.2222222222222222	0.0201
15035	K92	D01	0.22699386503067484	0.0182
15036	K92	C14	0.054878048780487805	0.1343
15037	K92	D44	0.04419889502762431	0.134
15038	K92	L27	0.04154302670623145	0.2512
15039	K92	C78	0.039735099337748346	0.2023
15040	K92	Y83	0.041379310344827586	0.2395
15041	C05	A64	0.15637288919731668	0.0826
15042	C05	A89	0.16860068259385666	0.0679
15043	C05	K21	0.1544200768709021	0.0852
15044	C05	H02	0.1553757225433526	0.0839
15045	C05	J44	0.15801457194899818	0.0804
15046	C05	L28	0.15560693641618498	0.0836
15047	C05	B57	0.1553757225433526	0.1334
15048	C05	D73	0.15541165587419056	0.1335
15049	C05	H81	0.1543762922122674	0.1331
15050	C05	H04	0.1553398058252427	0.1335
15051	C05	K11	0.1554476058292852	0.1334
15052	C05	G21	0.15556066176470587	0.129
15053	C05	I78	0.1554476058292852	0.1334
15054	C05	A22	0.1554476058292852	0.1334
15055	C05	A31	0.15528380249192433	0.1321
15056	C05	H52	0.030933333333333334	0.2859
15057	C05	H11	0.1554476058292852	0.1334
15058	C05	N60	0.15564292321924145	0.1327
15059	C05	P55	0.15541165587419056	0.1335
15060	C05	A28	0.1554476058292852	0.1334
15061	C05	K86	0.15505306875865252	0.1335
15062	C05	O43	0.1540737369139736	0.1306
15063	C05	N71	0.1554476058292852	0.1334
15064	C05	H61	0.1554476058292852	0.1334
15065	C05	A85	0.1554476058292852	0.1334
15066	C05	E32	0.1554476058292852	0.1334
15067	C05	M92	0.1554476058292852	0.1334
15068	C05	C03	0.918212478920742	0.0
15069	C05	C02	0.918212478920742	0.0
15070	C05	C06	0.9174389216512215	0.0
15071	C05	C12	0.9174389216512215	0.0
15072	C05	E08-E13	0.05454545454545454	0.1684
15073	C05	Q67	0.029925187032418952	0.2535
15074	C05	D43	0.07234363225320271	0.115
15075	C05	Q63	0.06907090464547677	0.1991
15076	C05	T86	0.15829493087557603	0.1195
15077	C05	B21	0.9174389216512215	0.0
15078	C05	K67	0.1554476058292852	0.1334
15079	C05	F62	0.1553398058252427	0.1334
15080	C05	G09	0.1554476058292852	0.1334
15081	C05	G01	0.15526802218114602	0.1335
15082	C05	M01	0.1621746141442064	0.1055
15083	C05	K38	0.1554476058292852	0.1334
15084	C05	B99	0.1554476058292852	0.1334
15085	C05	C01	0.20628122769450394	0.0659
15086	C05	A56	0.1554476058292852	0.1334
15087	C05	G02	0.15526802218114602	0.1335
15088	C05	B94	0.1621746141442064	0.1055
15089	C05	C39	0.20628122769450394	0.0659
15090	C05	D63	0.1554476058292852	0.1334
15091	C05	B89	0.1554476058292852	0.1334
15092	C05	B97	0.1554476058292852	0.1334
15093	C05	B95	0.1554476058292852	0.1334
15094	C05	F54	0.15541165587419056	0.1324
15095	C05	F06	0.1554476058292852	0.1334
15096	C05	E35	0.05614567526555387	0.283
15097	C03	A64	0.1504341703825393	0.1017
15098	C03	A89	0.1618630389670279	0.0854
15099	C03	K21	0.1480632592253037	0.1054
15100	C03	H02	0.14942528735632185	0.1032
15101	C03	J44	0.14953917050691246	0.103
15102	C03	L28	0.14965986394557823	0.1029
15103	C03	B57	0.14942528735632185	0.1442
15104	C03	D73	0.14946034725480994	0.1442
15105	C03	H81	0.14845024469820556	0.1438
15106	C03	H04	0.14939024390243902	0.1442
15107	C03	K11	0.14949542360948134	0.1442
15108	C03	G21	0.1488469601677149	0.141
15109	C03	I78	0.14949542360948134	0.1442
15110	C03	A22	0.14949542360948134	0.1442
15111	C03	A31	0.14934456928838952	0.1427
15112	C03	H52	0.030303030303030304	0.2933
15113	C03	H11	0.14949542360948134	0.1442
15114	C03	N60	0.14969497888315345	0.1434
15115	C03	P55	0.14946034725480994	0.1442
15116	C03	A28	0.14949542360948134	0.1442
15117	C03	K86	0.14911048689138576	0.1442
15118	C03	O43	0.1479344564966536	0.1416
15119	C03	N71	0.14949542360948134	0.1442
15120	C03	H61	0.14949542360948134	0.1442
15121	C03	A85	0.14949542360948134	0.1442
15122	C03	E32	0.14949542360948134	0.1442
15123	C03	M92	0.14949542360948134	0.1442
15124	C03	C02	1.0	0.0
15125	C03	C06	0.9990825688073395	0.0
15126	C03	C12	0.9990825688073395	0.0
15127	C03	E08-E13	0.04669647292598112	0.2177
15128	C03	Q67	0.028439153439153438	0.2715
15129	C03	D43	0.06923376118241929	0.1263
15130	C03	Q63	0.06994818652849741	0.195
15131	C03	T86	0.14918414918414918	0.1351
15132	C03	B21	0.9990825688073395	0.0
15133	C03	K67	0.14949542360948134	0.1442
15134	C03	F62	0.14939024390243902	0.1442
15135	C03	G09	0.14949542360948134	0.1442
15136	C03	G01	0.1493202062822316	0.1442
15137	C03	M01	0.1549953314659197	0.1166
15138	C03	K38	0.14949542360948134	0.1442
15139	C03	B99	0.14949542360948134	0.1442
15140	C03	C01	0.18880597014925374	0.083
15141	C03	A56	0.14949542360948134	0.1442
15142	C03	G02	0.1493202062822316	0.1442
15143	C03	B94	0.1549953314659197	0.1166
15144	C03	C39	0.18880597014925374	0.083
15145	C03	D63	0.14949542360948134	0.1442
15146	C03	B89	0.14949542360948134	0.1442
15147	C03	B97	0.14949542360948134	0.1442
15148	C03	B95	0.14949542360948134	0.1442
15149	C03	F54	0.14946034725480994	0.143
15150	C03	F06	0.14949542360948134	0.1442
15151	C03	E35	0.05541972290138549	0.2877
15152	C02	A64	0.1504341703825393	0.1017
15153	C02	A89	0.1618630389670279	0.0854
15154	C02	K21	0.1480632592253037	0.1054
15155	C02	H02	0.14942528735632185	0.1032
15156	C02	J44	0.14953917050691246	0.103
15157	C02	L28	0.14965986394557823	0.1029
15158	C02	B57	0.14942528735632185	0.1442
15159	C02	D73	0.14946034725480994	0.1442
15160	C02	H81	0.14845024469820556	0.1438
15161	C02	H04	0.14939024390243902	0.1442
15162	C02	K11	0.14949542360948134	0.1442
15163	C02	G21	0.1488469601677149	0.141
15164	C02	I78	0.14949542360948134	0.1442
15165	C02	A22	0.14949542360948134	0.1442
15166	C02	A31	0.14934456928838952	0.1427
15167	C02	H52	0.030303030303030304	0.2933
15168	C02	H11	0.14949542360948134	0.1442
15169	C02	N60	0.14969497888315345	0.1434
15170	C02	P55	0.14946034725480994	0.1442
15171	C02	A28	0.14949542360948134	0.1442
15172	C02	K86	0.14911048689138576	0.1442
15173	C02	O43	0.1479344564966536	0.1416
15174	C02	N71	0.14949542360948134	0.1442
15175	C02	H61	0.14949542360948134	0.1442
15176	C02	A85	0.14949542360948134	0.1442
15177	C02	E32	0.14949542360948134	0.1442
15178	C02	M92	0.14949542360948134	0.1442
15179	C02	C06	0.9990825688073395	0.0
15180	C02	C12	0.9990825688073395	0.0
15181	C02	E08-E13	0.04669647292598112	0.2177
15182	C02	Q67	0.028439153439153438	0.2715
15183	C02	D43	0.06923376118241929	0.1263
15184	C02	Q63	0.06994818652849741	0.195
15185	C02	T86	0.14918414918414918	0.1351
15186	C02	B21	0.9990825688073395	0.0
15187	C02	K67	0.14949542360948134	0.1442
15188	C02	F62	0.14939024390243902	0.1442
15189	C02	G09	0.14949542360948134	0.1442
15190	C02	G01	0.1493202062822316	0.1442
15191	C02	M01	0.1549953314659197	0.1166
15192	C02	K38	0.14949542360948134	0.1442
15193	C02	B99	0.14949542360948134	0.1442
15194	C02	C01	0.18880597014925374	0.083
15195	C02	A56	0.14949542360948134	0.1442
15196	C02	G02	0.1493202062822316	0.1442
15197	C02	B94	0.1549953314659197	0.1166
15198	C02	C39	0.18880597014925374	0.083
15199	C02	D63	0.14949542360948134	0.1442
15200	C02	B89	0.14949542360948134	0.1442
15201	C02	B97	0.14949542360948134	0.1442
15202	C02	B95	0.14949542360948134	0.1442
15203	C02	F54	0.14946034725480994	0.143
15204	C02	F06	0.14949542360948134	0.1442
15205	C02	E35	0.05541972290138549	0.2877
15206	C06	A64	0.15039887376818395	0.1016
15207	C06	A89	0.16182572614107885	0.0854
15208	C06	K21	0.14802933088909256	0.1053
15209	C06	H02	0.14939024390243902	0.1032
15210	C06	J44	0.14950472241419027	0.103
15211	C06	L28	0.14962476547842402	0.1028
15212	C06	B57	0.14939024390243902	0.1442
15213	C06	D73	0.14942528735632185	0.1442
15214	C06	H81	0.14841565703634668	0.1439
15215	C06	H04	0.14935521688159437	0.1442
15216	C06	K11	0.14946034725480994	0.1442
15217	C06	G21	0.1488122962272939	0.141
15218	C06	I78	0.14946034725480994	0.1442
15219	C06	A22	0.14946034725480994	0.1442
15220	C06	A31	0.14930961853498712	0.1428
15221	C06	H52	0.03028603477285474	0.2935
15222	C06	H11	0.14946034725480994	0.1442
15223	C06	N60	0.14965986394557823	0.1434
15224	C06	P55	0.14942528735632185	0.1442
15225	C06	A28	0.14946034725480994	0.1442
15226	C06	K86	0.14907559091972852	0.1443
15227	C06	O43	0.14790032302722658	0.1417
15228	C06	N71	0.14946034725480994	0.1442
15229	C06	H61	0.14946034725480994	0.1442
15230	C06	A85	0.14946034725480994	0.1442
15231	C06	E32	0.14946034725480994	0.1442
15232	C06	M92	0.14946034725480994	0.1442
15233	C06	C12	1.0	0.0
15234	C06	E08-E13	0.04667328699106256	0.2178
15235	C06	Q67	0.028420356906807668	0.2717
15236	C06	D43	0.06920684292379471	0.1264
15237	C06	Q63	0.06990291262135923	0.1953
15238	C06	T86	0.1491493824283384	0.1351
15239	C06	B21	0.998166819431714	0.0
15240	C06	K67	0.14946034725480994	0.1442
15241	C06	F62	0.14935521688159437	0.1442
15242	C06	G09	0.14946034725480994	0.1442
15243	C06	G01	0.14928521209280524	0.1442
15244	C06	M01	0.15495915985997666	0.1167
15245	C06	K38	0.14946034725480994	0.1442
15246	C06	B99	0.14946034725480994	0.1442
15247	C06	C01	0.18866517524235646	0.0831
15248	C06	A56	0.14946034725480994	0.1442
15249	C06	G02	0.14928521209280524	0.1442
15250	C06	B94	0.15495915985997666	0.1167
15251	C06	C39	0.18866517524235646	0.0831
15252	C06	D63	0.14946034725480994	0.1442
15253	C06	B89	0.14946034725480994	0.1442
15254	C06	B97	0.14946034725480994	0.1442
15255	C06	B95	0.14946034725480994	0.1442
15256	C06	F54	0.14942528735632185	0.1431
15257	C06	F06	0.14946034725480994	0.1442
15258	C06	E35	0.05537459283387622	0.2879
15259	C12	A64	0.15039887376818395	0.1016
15260	C12	A89	0.16182572614107885	0.0854
15261	C12	K21	0.14802933088909256	0.1053
15262	C12	H02	0.14939024390243902	0.1032
15263	C12	J44	0.14950472241419027	0.103
15264	C12	L28	0.14962476547842402	0.1028
15265	C12	B57	0.14939024390243902	0.1442
15266	C12	D73	0.14942528735632185	0.1442
15267	C12	H81	0.14841565703634668	0.1439
15268	C12	H04	0.14935521688159437	0.1442
15269	C12	K11	0.14946034725480994	0.1442
15270	C12	G21	0.1488122962272939	0.141
15271	C12	I78	0.14946034725480994	0.1442
15272	C12	A22	0.14946034725480994	0.1442
15273	C12	A31	0.14930961853498712	0.1428
15274	C12	H52	0.03028603477285474	0.2935
15275	C12	H11	0.14946034725480994	0.1442
15276	C12	N60	0.14965986394557823	0.1434
15277	C12	P55	0.14942528735632185	0.1442
15278	C12	A28	0.14946034725480994	0.1442
15279	C12	K86	0.14907559091972852	0.1443
15280	C12	O43	0.14790032302722658	0.1417
15281	C12	N71	0.14946034725480994	0.1442
15282	C12	H61	0.14946034725480994	0.1442
15283	C12	A85	0.14946034725480994	0.1442
15284	C12	E32	0.14946034725480994	0.1442
15285	C12	M92	0.14946034725480994	0.1442
15286	C12	E08-E13	0.04667328699106256	0.2178
15287	C12	Q67	0.028420356906807668	0.2717
15288	C12	D43	0.06920684292379471	0.1264
15289	C12	Q63	0.06990291262135923	0.1953
15290	C12	T86	0.1491493824283384	0.1351
15291	C12	B21	0.998166819431714	0.0
15292	C12	K67	0.14946034725480994	0.1442
15293	C12	F62	0.14935521688159437	0.1442
15294	C12	G09	0.14946034725480994	0.1442
15295	C12	G01	0.14928521209280524	0.1442
15296	C12	M01	0.15495915985997666	0.1167
15297	C12	K38	0.14946034725480994	0.1442
15298	C12	B99	0.14946034725480994	0.1442
15299	C12	C01	0.18866517524235646	0.0831
15300	C12	A56	0.14946034725480994	0.1442
15301	C12	G02	0.14928521209280524	0.1442
15302	C12	B94	0.15495915985997666	0.1167
15303	C12	C39	0.18866517524235646	0.0831
15304	C12	D63	0.14946034725480994	0.1442
15305	C12	B89	0.14946034725480994	0.1442
15306	C12	B97	0.14946034725480994	0.1442
15307	C12	B95	0.14946034725480994	0.1442
15308	C12	F54	0.14942528735632185	0.1431
15309	C12	F06	0.14946034725480994	0.1442
15310	C12	E35	0.05537459283387622	0.2879
15311	E08-E13	A64	0.07427173671336447	0.0883
15312	E08-E13	A89	0.07369786038469851	0.0899
15313	E08-E13	A39	0.04923076923076923	0.2003
15314	E08-E13	A19	0.04283740211883925	0.2469
15315	E08-E13	K21	0.07464635473340588	0.0872
15316	E08-E13	L70	0.0636998254799302	0.1248
15317	E08-E13	H02	0.0743047830923248	0.0882
15318	E08-E13	L73	0.05198487712665406	0.1831
15319	E08-E13	J44	0.0825445740699978	0.0673
15320	E08-E13	L28	0.07452725250278086	0.0875
15321	E08-E13	E88	0.10519563822963438	0.1384
15322	E08-E13	E03	0.04036697247706422	0.1819
15323	E08-E13	E90	0.10471881060116355	0.1481
15324	E08-E13	E02	0.04237918215613383	0.2236
15325	D43	A64	0.09067357512953368	0.0664
15326	D43	E84	0.07931034482758621	0.0933
15327	D43	A89	0.08995531377501458	0.0678
15328	D43	A39	0.06668582926128198	0.1363
15329	D43	A19	0.054426705370101594	0.1968
15330	D43	K21	0.0930460333006856	0.0618
15331	D43	N87	0.04428044280442804	0.2666
15332	D43	H02	0.0907097288676236	0.0663
15333	D43	J44	0.09062377402903099	0.0665
15334	D43	L28	0.09112662013958125	0.0655
15335	D43	G05	0.0544464609800363	0.1967
15336	D43	G63	0.054873646209386284	0.1942
15337	D43	T86	0.09038652130822597	0.0669
15338	D43	B21	0.06920684292379471	0.1264
15339	D43	G01*	0.0544464609800363	0.1967
15340	D43	A17	0.0544464609800363	0.1967
15341	D43	G07*	0.0544464609800363	0.1967
15342	D43	M01	0.09028052153299092	0.0671
15343	D43	C01	0.07876370887337986	0.0949
15344	D43	B94	0.09028052153299092	0.0671
15345	D43	C39	0.07876370887337986	0.0949
15346	D43	B90	0.0544464609800363	0.1967
15347	D43	G98	0.07360157016683022	0.1108
15348	D43	H52	0.04019014693171997	0.1962
15349	D43	Q05	0.04225352112676056	0.2464
15350	D43	G23	0.03988035892323031	0.1471
15351	D43	Q67	0.035557720409157334	0.1956
15352	D43	D16	0.044444444444444446	0.2167
15353	Q63	A64	0.14765276685024914	0.0314
15354	Q63	A89	0.14253164556962025	0.0355
15355	Q63	K21	0.14362244897959184	0.0346
15356	Q63	H02	0.14773025452637104	0.0314
15357	Q63	J44	0.14435897435897435	0.034
15358	Q63	L28	0.14769150052465896	0.0314
15359	Q63	T86	0.1465764123926061	0.0322
15360	Q63	B21	0.06990291262135923	0.1953
15361	Q63	M01	0.1458927183208085	0.0328
15362	Q63	C01	0.061691542288557215	0.2367
15363	Q63	B94	0.1458927183208085	0.0328
15364	Q63	C39	0.061691542288557215	0.2367
15365	Q63	B57	0.14773025452637104	0.0314
15366	Q63	D73	0.14776902887139107	0.0314
15367	Q63	H81	0.1466527741599375	0.0322
15368	Q63	H04	0.14769150052465896	0.0314
15369	Q63	K11	0.14780782357574165	0.0313
15370	Q63	G21	0.14650013010668747	0.0323
15371	Q63	I78	0.14780782357574165	0.0313
15372	Q63	A22	0.14780782357574165	0.0313
15373	Q63	A31	0.1473436273226904	0.0317
15374	Q63	G98	0.08652411735454997	0.1323
15375	Q63	H11	0.14780782357574165	0.0313
15376	Q63	N60	0.14773025452637104	0.0314
15377	Q63	P55	0.14776902887139107	0.0314
15378	Q63	A28	0.14780782357574165	0.0313
15379	Q63	K86	0.14738219895287957	0.0316
15380	Q63	O43	0.14491634491634492	0.0335
15381	Q63	N71	0.14780782357574165	0.0313
15382	Q63	H61	0.14780782357574165	0.0313
15383	Q63	A85	0.14780782357574165	0.0313
15384	Q63	E32	0.14780782357574165	0.0313
15385	Q63	M92	0.14780782357574165	0.0313
15386	Q63	K67	0.14780782357574165	0.0313
15387	Q63	F62	0.14769150052465896	0.0314
15388	Q63	G09	0.14780782357574165	0.0313
15389	Q63	G01	0.1476140534871526	0.0315
15390	Q63	K38	0.14780782357574165	0.0313
15391	Q63	B99	0.14780782357574165	0.0313
15392	Q63	A56	0.14780782357574165	0.0313
15393	Q63	G02	0.1476140534871526	0.0315
15394	Q63	D63	0.14780782357574165	0.0313
15395	Q63	B89	0.14780782357574165	0.0313
15396	Q63	B97	0.14780782357574165	0.0313
15397	Q63	B95	0.14780782357574165	0.0313
15398	Q63	F54	0.14776902887139107	0.0314
15399	Q63	F06	0.14780782357574165	0.0313
15400	Q63	Q78	0.040345821325648415	0.2097
15401	Q63	Q04	0.030035335689045935	0.048
15402	Q63	Q87	0.09833333333333333	0.1003
15403	Q63	Q11	0.04946996466431095	0.1587
15404	Q63	Q69	0.06610169491525424	0.0284
15405	Q63	Q75	0.020202020202020204	0.2336
15406	Q63	J47	0.025684931506849314	0.2169
15407	Q63	Q77	0.019230769230769232	0.2383
15408	Q63	Q14	0.0639269406392694	0.0581
15409	Q63	Q34	0.09490333919156414	0.0049
15410	Q63	Q17	0.020761245674740483	0.1684
15411	C47	C01	0.03861003861003861	0.251
15412	C47	C39	0.03861003861003861	0.251
15413	C47	J85	0.07526881720430108	0.0669
15414	C47	D07	0.06097560975609756	0.1121
15415	C47	D02	0.05952380952380952	0.1182
15416	C47	D00	0.06097560975609756	0.1121
15417	C47	D01	0.05952380952380952	0.1182
15418	C47	C14	0.06896551724137931	0.084
15419	C47	C46	0.042105263157894736	0.0488
15420	C47	L82	0.0425531914893617	0.2178
15421	C47	D27	0.047619047619047616	0.1093
15422	C47	M42	0.08571428571428572	0.0016
15423	C47	Q85	0.07407407407407407	0.0698
15424	C47	K83	0.043010752688172046	0.2143
15425	C47	N32	0.04411764705882353	0.2178
15426	C47	C38	0.02631578947368421	0.2436
15427	C47	D11	0.02702702702702703	0.117
15428	C47	Q28	0.045454545454545456	0.0244
15429	C47	C97	0.04878048780487805	0.028
15430	C47	C78	0.06976744186046512	0.0599
15431	B21	A64	0.1506688570758038	0.1011
15432	B21	A89	0.16209361309661055	0.0849
15433	B21	K21	0.14829245931698373	0.1048
15434	B21	H02	0.14965986394557823	0.1027
15435	B21	J44	0.1497695852534562	0.1025
15436	B21	L28	0.1498944405348346	0.1023
15437	B21	T86	0.1494172494172494	0.103
15438	B21	B57	0.14965986394557823	0.1437
15439	B21	D73	0.14969497888315345	0.1437
15440	B21	H81	0.14868329060824984	0.1434
15441	B21	H04	0.14962476547842402	0.1437
15442	B21	K11	0.14973011030274583	0.1437
15443	B21	G21	0.14907989750757047	0.1405
15444	B21	I78	0.14973011030274583	0.1437
15445	B21	A22	0.14973011030274583	0.1437
15446	B21	A31	0.14957865168539325	0.1423
15447	B21	H52	0.03028603477285474	0.2935
15448	B21	H11	0.14973011030274583	0.1437
15449	B21	N60	0.14992961051149695	0.1429
15450	B21	P55	0.14969497888315345	0.1437
15451	B21	A28	0.14973011030274583	0.1437
15452	B21	K86	0.14934456928838952	0.1438
15453	B21	O43	0.14816524348026772	0.1412
15454	B21	N71	0.14973011030274583	0.1437
15455	B21	H61	0.14973011030274583	0.1437
15456	B21	A85	0.14973011030274583	0.1437
15457	B21	E32	0.14973011030274583	0.1437
15458	B21	M92	0.14973011030274583	0.1437
15459	B21	Q67	0.028420356906807668	0.2717
15460	B21	K67	0.14973011030274583	0.1437
15461	B21	F62	0.14962476547842402	0.1437
15462	B21	G09	0.14973011030274583	0.1437
15463	B21	G01	0.14955461790904828	0.1437
15464	B21	M01	0.15522875816993464	0.1162
15465	B21	K38	0.14973011030274583	0.1437
15466	B21	B99	0.14973011030274583	0.1437
15467	B21	C01	0.18866517524235646	0.0831
15468	B21	A56	0.14973011030274583	0.1437
15469	B21	G02	0.14955461790904828	0.1437
15470	B21	B94	0.15522875816993464	0.1162
15471	B21	C39	0.18866517524235646	0.0831
15472	B21	D63	0.14973011030274583	0.1437
15473	B21	B89	0.14973011030274583	0.1437
15474	B21	B97	0.14973011030274583	0.1437
15475	B21	B95	0.14973011030274583	0.1437
15476	B21	F54	0.14969497888315345	0.1426
15477	B21	F06	0.14973011030274583	0.1437
15478	B21	E35	0.05623471882640587	0.2824
15479	C01	C39	1.0	0.0
15480	C01	E35	0.06446776611694154	0.2346
15481	C39	E35	0.06446776611694154	0.2346
15482	E35	N40	0.05405405405405406	0.2966
15483	E35	E00	0.05740740740740741	0.2751
15484	E35	K12	0.0593607305936073	0.2632
15485	E35	M19	0.06333333333333334	0.2407
15486	E35	L57	0.06273062730627306	0.244
15487	E35	E02	0.05357142857142857	0.2999
15488	E35	C81	0.12389380530973451	0.2566
15489	E35	D25	0.08250825082508251	0.1287
15490	E35	O99	0.050314465408805034	0.094
15491	E35	D77	0.12135922330097088	0.065
15492	E35	L45	0.12135922330097088	0.065
15493	E35	M68	0.12135922330097088	0.065
15494	E35	G55	0.12135922330097088	0.065
15495	E35	G94	0.12135922330097088	0.065
15496	E35	H94	0.12135922330097088	0.065
15497	E35	I98	0.12135922330097088	0.065
15498	E35	M90	0.12135922330097088	0.065
15499	E35	N33	0.12135922330097088	0.065
15500	E35	K23	0.12135922330097088	0.065
15501	E35	H45	0.12135922330097088	0.065
15502	E35	N29	0.12135922330097088	0.065
15503	E35	K77	0.12135922330097088	0.065
15504	E35	M73	0.12135922330097088	0.065
15505	E35	K93	0.12135922330097088	0.065
15506	E35	H06	0.12135922330097088	0.065
15507	E35	G32	0.12135922330097088	0.065
15508	E35	N22	0.12135922330097088	0.065
15509	E35	H36	0.12135922330097088	0.065
15510	E35	H48	0.12135922330097088	0.065
15511	E35	H22	0.12135922330097088	0.065
15512	E35	N37	0.12135922330097088	0.065
15513	E35	H62	0.12135922330097088	0.065
15514	E35	I79	0.12135922330097088	0.065
15515	E35	L14	0.12135922330097088	0.065
15516	E35	H58	0.12135922330097088	0.065
15517	E35	H03	0.12135922330097088	0.065
15518	E35	L86	0.12135922330097088	0.065
15519	E35	N51	0.12135922330097088	0.065
15520	E35	E27	0.07075471698113207	0.2036
15521	E35	M63	0.12135922330097088	0.065
15522	E35	K87	0.12135922330097088	0.065
15523	E35	M49	0.12135922330097088	0.065
15524	E35	I52	0.12135922330097088	0.065
15525	E35	H75	0.12135922330097088	0.065
15526	E35	N64	0.07692307692307693	0.1772
15527	E35	E26	0.03571428571428571	0.0711
15528	E35	D27	0.038461538461538464	0.1677
15529	E35	Q04	0.013452914798206279	0.2598
15530	E35	Q86	0.009216589861751152	0.2805
15531	E35	Q99	0.07009345794392523	0.0005
15532	E35	E07	0.11818181818181818	0.0024
15533	E35	E23	0.15348837209302327	0.0006
15534	E35	E03	0.08053691275167785	0.0329
15535	E35	N13	0.012195121951219513	0.2604
15536	E35	E04	0.018867924528301886	0.2125
15537	E35	Q98	0.10648148148148148	0.0059
15538	E35	P56	0.028469750889679714	0.2346
15539	A21	B58	0.061855670103092786	0.0168
15540	A21	M00	0.07547169811320754	0.1949
15541	A21	L93	0.045454545454545456	0.1764
15542	A21	M17	0.075	0.1949
15543	A21	L88	0.16891891891891891	0.0008
15544	A21	B06	0.060810810810810814	0.0783
15545	A21	B41	0.07058823529411765	0.2342
15546	A21	B55	0.057692307692307696	0.1995
15547	A21	D83	0.06451612903225806	0.026
15548	A21	B05	0.060810810810810814	0.0783
15549	A21	A27	0.03614457831325301	0.2654
15550	A21	E83	0.07333333333333333	0.0324
15551	A21	E03	0.036458333333333336	0.2147
15552	A21	D72	0.03260869565217391	0.0617
15553	A21	Q41	0.12931034482758622	0.0011
15554	A21	J12	0.03319502074688797	0.2363
15555	A21	K73	0.024193548387096774	0.2082
15556	A21	D89	0.04395604395604396	0.0465
15557	A21	L92	0.023529411764705882	0.2781
15558	A21	L81	0.021739130434782608	0.1709
15559	A21	M02	0.09937888198757763	0.1037
15560	A21	M19	0.06521739130434782	0.2785
15561	A21	L13	0.09523809523809523	0.0156
15562	A21	L44	0.025210084033613446	0.2848
15563	A21	U04	0.03125	0.2747
15564	A21	M09	0.09142857142857143	0.1159
15565	A21	M13	0.07547169811320754	0.1949
15566	L88	M00	0.0658682634730539	0.0622
15567	L88	L93	0.050724637681159424	0.1182
15568	L88	M17	0.06547619047619048	0.0633
15569	L88	L21	0.030303030303030304	0.2799
15570	L88	M02	0.06358381502890173	0.0685
15571	L88	M19	0.06282722513089005	0.0708
15572	L88	M09	0.1	0.0145
15573	L88	M13	0.0658682634730539	0.0622
15574	L88	C81	0.029850746268656716	0.2853
15575	L88	L13	0.2	0.0001
15576	L88	D83	0.023809523809523808	0.2623
15577	L88	E03	0.03	0.2822
15578	L88	M89	0.06837606837606838	0.0549
15579	L88	B06	0.11564625850340136	0.0076
15580	L88	B05	0.11564625850340136	0.0076
15581	L88	Q41	0.09523809523809523	0.0068
15582	L88	D89	0.02	0.2494
15583	L88	L08	0.14444444444444443	0.085
15584	H80	L52	0.05714285714285714	0.0317
15585	H80	L51	0.03125	0.1532
15586	H80	A71	0.029411764705882353	0.1712
15587	H80	B69	0.03125	0.1532
15588	H80	K14	0.02531645569620253	0.2191
15589	H80	I07	0.02531645569620253	0.2191
15590	H80	J85	0.02197802197802198	0.268
15591	H80	L75	0.02531645569620253	0.2191
15592	H80	I09	0.02531645569620253	0.2191
15593	H80	I08	0.02531645569620253	0.2191
15594	H80	Q87	0.025	0.2234
15595	H80	Q35	0.020202020202020204	0.2982
15596	H80	M89	0.027472527472527472	0.1924
15597	H80	B47	0.03125	0.2567
15598	H80	E55	0.05714285714285714	0.0122
15599	H80	H55	0.02857142857142857	0.1424
15600	H80	M88	0.0684931506849315	0.0205
15601	H80	A27	0.034482758620689655	0.2823
15602	H80	Q78	0.09411764705882353	0.0256
15603	H80	M11	0.030303030303030304	0.0114
15604	H80	P61	0.03125	0.0346
15605	H80	M93	0.037037037037037035	0.1677
15606	H80	Q65	0.03550295857988166	0.242
15607	H80	M82	0.04878048780487805	0.124
15608	H80	K71	0.034482758620689655	0.2951
15609	D83	M00	0.036585365853658534	0.1274
15610	D83	L93	0.03007518796992481	0.1841
15611	D83	M17	0.03636363636363636	0.129
15612	D83	M45	0.06382978723404255	0.0271
15613	D83	Z88	0.03418803418803419	0.1459
15614	D83	E00	0.02288329519450801	0.2764
15615	D83	M02	0.03529411764705882	0.1371
15616	D83	M19	0.031746031746031744	0.1675
15617	D83	M09	0.03260869565217391	0.1596
15618	D83	E02	0.021929824561403508	0.2916
15619	D83	M13	0.036585365853658534	0.1274
15620	D83	L13	0.03896103896103896	0.1114
15621	D83	B06	0.08333333333333333	0.0089
15622	D83	B05	0.08333333333333333	0.0089
15623	D83	G04	0.01948051948051948	0.206
15624	D83	S12	0.032	0.1984
15625	E00	M00	0.04861111111111111	0.1699
15626	E00	M17	0.04849884526558892	0.1706
15627	E00	E07	0.05194805194805195	0.0733
15628	E00	E03	0.22704081632653061	0.0001
15629	E00	E04	0.016260162601626018	0.2637
15630	E00	L13	0.035046728971962614	0.2188
15631	E00	O99	0.06941431670281996	0.0381
15632	E00	E02	0.9254498714652957	0.0
15633	E03	M00	0.05699481865284974	0.0898
15634	E03	L93	0.030120481927710843	0.2808
15635	E03	M17	0.05670103092783505	0.0909
15636	E03	M02	0.05527638190954774	0.0966
15637	E03	M19	0.055299539170506916	0.0965
15638	E03	M09	0.051643192488262914	0.1127
15639	E03	E02	0.28865979381443296	0.0
15640	E03	M13	0.05699481865284974	0.0898
15641	E03	O99	0.09417040358744394	0.0184
15642	E03	L13	0.031914893617021274	0.2602
15643	E03	E07	0.14705882352941177	0.0005
15644	E03	E04	0.05	0.0153
15645	E03	S12	0.025157232704402517	0.2824
15646	E03	Q65	0.03125	0.287
15647	K73	K50	0.028169014084507043	0.1606
15648	K73	A63	0.021739130434782608	0.2443
15649	K73	K59	0.022222222222222223	0.2367
15650	K73	K63	0.019230769230769232	0.2876
15651	K73	J85	0.028037383177570093	0.162
15652	K73	E83	0.042735042735042736	0.0619
15653	K73	L13	0.025210084033613446	0.1948
15654	K73	C14	0.02857142857142857	0.1565
15655	K73	A27	0.021739130434782608	0.2443
15656	K73	D89	0.037037037037037035	0.0757
15657	K73	D71	0.03508771929824561	0.0089
15658	K73	B23	0.022727272727272728	0.1314
15659	L92	K50	0.06451612903225806	0.0283
15660	L92	M45	0.058823529411764705	0.0391
15661	L92	A04	0.04	0.112
15662	L92	K59	0.04	0.112
15663	L92	M24	0.043478260869565216	0.0923
15664	L92	L73	0.042105263157894736	0.0997
15665	L92	D75	0.05263157894736842	0.0301
15666	L13	M00	0.0641025641025641	0.0615
15667	L13	L93	0.0390625	0.1836
15668	L13	M17	0.06369426751592357	0.0626
15669	L13	M45	0.028169014084507043	0.2951
15670	L13	B54	0.031007751937984496	0.2608
15671	L13	L73	0.04216867469879518	0.1604
15672	L13	M02	0.06172839506172839	0.0682
15673	L13	M19	0.06111111111111111	0.0701
15674	L13	L27	0.03272727272727273	0.242
15675	L13	M09	0.12048192771084337	0.0051
15676	L13	E02	0.03355704697986577	0.2334
15677	L13	M13	0.0641025641025641	0.0615
15678	L13	E83	0.033112582781456956	0.238
15679	L13	B06	0.08571428571428572	0.0238
15680	L13	B05	0.08571428571428572	0.0238
15681	L13	M89	0.05309734513274336	0.0995
15682	L13	D89	0.022727272727272728	0.2061
15683	L13	D71	0.02197802197802198	0.0537
15684	L27	A64	0.05374934452018878	0.1673
15685	L27	M00	0.06909090909090909	0.1003
15686	L27	M17	0.06884057971014493	0.1011
15687	L27	A89	0.051885598582637305	0.178
15688	L27	L21	0.08620689655172414	0.0566
15689	L27	K21	0.052282580974241266	0.1757
15690	L27	Q82	0.06060606060606061	0.1331
15691	L27	H02	0.05377754459601259	0.1671
15692	L27	J44	0.05255062804409126	0.1741
15693	L27	M02	0.07142857142857142	0.0927
15694	L27	M19	0.06688963210702341	0.1079
15695	L27	L28	0.053763440860215055	0.1672
15696	L27	L57	0.2	0.0012
15697	L27	E50	0.0091324200913242	0.2219
15698	L27	L82	0.05741626794258373	0.2275
15699	L27	L26	0.09615384615384616	0.094
15700	L27	L60	0.009569377990430622	0.2411
15701	L27	O26	0.033816425120772944	0.2632
15702	L27	J85	0.05426356589147287	0.299
15703	L27	Q81	0.07766990291262135	0.1615
15704	L27	G04	0.018115942028985508	0.2303
15705	L27	L85	0.1941747572815534	0.0028
15706	L27	L56	0.2112676056338028	0.0025
15707	L27	L81	0.02843601895734597	0.0982
15708	L27	D07	0.07024793388429752	0.293
15709	L27	D02	0.06967213114754098	0.2913
15710	L27	L44	0.0425531914893617	0.1185
15711	L27	D00	0.07024793388429752	0.293
15712	L27	D01	0.06967213114754098	0.2946
15713	L27	O99	0.027692307692307693	0.2729
15714	L27	M09	0.07167235494880546	0.1849
15715	L27	L58	0.09216589861751152	0.1478
15716	L27	M13	0.06909090909090909	0.2239
15717	O99	M00	0.03349282296650718	0.2077
15718	O99	M17	0.03333333333333333	0.2093
15719	O99	M45	0.031578947368421054	0.2273
15720	O99	M02	0.03255813953488372	0.2171
15721	O99	M19	0.03879310344827586	0.1619
15722	O99	M09	0.03056768558951965	0.2384
15723	O99	E02	0.06889352818371608	0.0391
15724	O99	M13	0.03349282296650718	0.2077
15725	O99	F99	0.03076923076923077	0.2361
15726	O99	I42	0.040293040293040296	0.1508
15727	O99	I49	0.02857142857142857	0.2618
15728	O99	I47	0.050955414012738856	0.0912
15729	O99	Q22	0.24299065420560748	0.0
15730	O99	I45	0.05825242718446602	0.0646
15731	O99	I51	0.04304635761589404	0.1325
15732	O99	Q25	0.20833333333333334	0.0
15733	O99	E07	0.07692307692307693	0.0204
15734	O99	G73	0.046632124352331605	0.1187
15735	O99	K06	0.014598540145985401	0.2159
15736	O99	E04	0.014705882352941176	0.2998
15737	O99	Q24	0.08359133126934984	0.0355
15738	E02	M00	0.05357142857142857	0.1503
15739	E02	M17	0.053452115812917596	0.151
15740	E02	M02	0.05286343612334802	0.1541
15741	E02	M19	0.05296610169491525	0.1536
15742	E02	M09	0.05128205128205128	0.163
15743	E02	E07	0.04950495049504951	0.083
15744	E02	E04	0.01808785529715762	0.2267
15745	F99	K02	0.05228758169934641	0.2327
15746	F99	E50	0.013071895424836602	0.1145
15747	F99	F32	0.05	0.0525
15748	F99	F79	0.065	0.0445
15749	F99	F84	0.1606425702811245	0.0005
15750	F99	F50	0.06666666666666667	0.2475
15751	F99	F72	0.19631901840490798	0.0001
15752	F99	F80	0.18137254901960784	0.0014
15753	F99	Q99	0.012422360248447204	0.2816
15754	F99	D82	0.013245033112582781	0.1465
15755	F99	F11	0.1310344827586207	0.0073
15756	F99	M79	0.046357615894039736	0.2414
15757	F99	F98	0.043209876543209874	0.2673
15758	F99	F81	0.09569377990430622	0.037
15759	F99	F83	0.1724137931034483	0.0019
15760	B57	A64	0.9984272608125819	0.0
15761	B57	A89	0.9638157894736842	0.0
15762	B57	K21	0.9711881693013769	0.0
15763	B57	H02	0.998950957251508	0.0
15764	B57	J44	0.9761660686827268	0.0
15765	B57	L28	0.9986890403775563	0.0
15766	B57	T86	0.9911527452511059	0.0
15767	B57	M01	0.9865319865319865	0.0
15768	B57	B94	0.9865319865319865	0.0
15769	B57	G98	0.4144753970320229	0.0046
15770	B57	D73	0.9992130115424974	0.0
15771	B57	H81	0.9916688362405623	0.0
15772	B57	H44	0.04663348179198323	0.2973
15773	B57	H04	0.9986890403775563	0.0
15774	B57	K11	0.9994752033586985	0.0
15775	B57	G21	0.9906371911573472	0.0
15776	B57	I78	0.9994752033586985	0.0
15777	B57	A22	0.9994752033586985	0.0
15778	B57	E88	0.18312811108200158	0.0317
15779	B57	A31	0.9963379544860057	0.0
15780	B57	G72	0.06111397627643115	0.2193
15781	B57	Q14	0.027596979953137205	0.2948
15782	B57	Q11	0.04256926952141058	0.2054
15783	B57	H52	0.03968978102189781	0.2002
15784	B57	H11	0.9994752033586985	0.0
15785	B57	N60	0.998950957251508	0.0
15786	B57	Q02	0.030240372189196174	0.2975
15787	B57	P55	0.9992130115424974	0.0
15788	B57	A28	0.9994752033586985	0.0
15789	B57	I51	0.044409613375130615	0.2228
15790	B57	H93	0.03927729772191673	0.2712
15791	B57	K86	0.9965986394557823	0.0
15792	B57	O43	0.979933110367893	0.0
15793	B57	N71	0.9994752033586985	0.0
15794	B57	H61	0.9994752033586985	0.0
15795	B57	A85	0.9994752033586985	0.0
15796	B57	E32	0.9994752033586985	0.0
15797	B57	M92	0.9994752033586985	0.0
15798	B57	Q67	0.027384098006245496	0.285
15799	B57	K67	0.9994752033586985	0.0
15800	B57	F62	0.9986890403775563	0.0
15801	B57	G09	0.9994752033586985	0.0
15802	B57	G01	0.9981656184486373	0.0
15803	B57	K38	0.9994752033586985	0.0
15804	B57	B99	0.9994752033586985	0.0
15805	B57	E90	0.18131723956966675	0.0363
15806	B57	A56	0.9994752033586985	0.0
15807	B57	G02	0.9981656184486373	0.0
15808	B57	D63	0.9994752033586985	0.0
15809	B57	B89	0.9994752033586985	0.0
15810	B57	B97	0.9994752033586985	0.0
15811	B57	B95	0.9994752033586985	0.0
15812	B57	F54	0.9992130115424974	0.0
15813	B57	F06	0.9994752033586985	0.0
15814	A64	E84	0.06538049303322616	0.0705
15815	A64	D73	0.9986890403775563	0.0
15816	A64	H81	0.9911527452511059	0.0
15817	A64	A89	0.9633282751643905	0.0
15818	A64	A39	0.08391866913123845	0.0973
15819	A64	H44	0.046609059963341186	0.2975
15820	A64	H04	0.9981656184486373	0.0
15821	A64	K11	0.998950957251508	0.0
15822	A64	G21	0.9901221731219132	0.0
15823	A64	K21	0.9706931702344547	0.0
15824	A64	I78	0.998950957251508	0.0
15825	A64	N87	0.03563892145369285	0.2971
15826	A64	A22	0.998950957251508	0.0
15827	A64	E88	0.18303220738413198	0.0317
15828	A64	A31	0.9958169934640523	0.0
15829	A64	G98	0.4142596929482175	0.0005
15830	A64	G72	0.06108247422680412	0.2194
15831	A64	H02	0.9984272608125819	0.0
15832	A64	Q14	0.027582617746552174	0.295
15833	A64	Q11	0.04254783484390735	0.2056
15834	A64	H52	0.03967168262653899	0.2004
15835	A64	H11	0.998950957251508	0.0
15836	A64	N60	0.9984272608125819	0.0
15837	A64	Q02	0.03022474812709894	0.2977
15838	A64	P55	0.9986890403775563	0.0
15839	A64	A28	0.998950957251508	0.0
15840	A64	I51	0.044386422976501305	0.223
15841	A64	H93	0.03925673907354096	0.2714
15842	A64	K86	0.9960774058577406	0.0
15843	A64	O43	0.9794291591668809	0.0
15844	A64	N71	0.998950957251508	0.0
15845	A64	R82	0.041834451901566	0.173
15846	A64	G62	0.05388438399162961	0.2245
15847	A64	H61	0.998950957251508	0.0
15848	A64	J44	0.9776923076923076	0.0
15849	A64	A85	0.998950957251508	0.0
15850	A64	E32	0.998950957251508	0.0
15851	A64	M92	0.998950957251508	0.0
15852	A64	L28	0.9981656184486373	0.0
15853	A64	Q67	0.02737094837935174	0.2851
15854	A64	G63	0.057291666666666664	0.2474
15855	A64	G13	0.051322335689971195	0.2485
15856	A64	T86	0.9906371911573472	0.0
15857	A64	G99	0.05155718398325046	0.2413
15858	A64	K67	0.998950957251508	0.0
15859	A64	F62	0.9981656184486373	0.0
15860	A64	G09	0.998950957251508	0.0
15861	A64	G01	0.997642744892614	0.0
15862	A64	M01	0.9880798134231666	0.0
15863	A64	K38	0.998950957251508	0.0
15864	A64	B99	0.998950957251508	0.0
15865	A64	E90	0.18122213480199317	0.0364
15866	A64	A56	0.998950957251508	0.0
15867	A64	G02	0.997642744892614	0.0
15868	A64	B94	0.9880798134231666	0.0
15869	A64	D63	0.998950957251508	0.0
15870	A64	B89	0.998950957251508	0.0
15871	A64	B97	0.998950957251508	0.0
15872	A64	B95	0.998950957251508	0.0
15873	A64	F54	0.9986890403775563	0.0
15874	A64	F06	0.998950957251508	0.0
15875	E84	A39	0.08451656524678837	0.0957
15876	E84	A19	0.07420652659812249	0.2073
15877	E84	N87	0.0692167577413479	0.0939
15878	E84	K04	0.04129793510324484	0.2537
15879	E84	Q05	0.05495103373231774	0.161
15880	E84	H52	0.03086085544125609	0.2867
15881	E84	J12	0.035211267605633804	0.2164
15882	E84	R82	0.03038105046343975	0.2801
15883	E84	J09	0.06613545816733067	0.1663
15884	E84	J11	0.06624102154828412	0.1652
15885	E84	Q67	0.04507405022537025	0.1261
15886	E84	U04	0.034892942109436956	0.2362
15887	E84	D16	0.06890243902439025	0.0928
15888	E84	G05	0.0742397137745975	0.207
15889	E84	G63	0.0755891507336594	0.1582
15890	E84	G01*	0.0742397137745975	0.207
15891	E84	A17	0.0742397137745975	0.207
15892	E84	G07*	0.0742397137745975	0.207
15893	E84	J10	0.06618819776714513	0.1668
15894	E84	B90	0.0742397137745975	0.207
15895	D73	A89	0.9640597317134902	0.0
15896	D73	K21	0.9714358581994389	0.0
15897	D73	H02	0.9992130115424974	0.0
15898	D73	J44	0.9769230769230769	0.0
15899	D73	L28	0.998950957251508	0.0
15900	D73	T86	0.991410723581468	0.0
15901	D73	M01	0.9867875647668394	0.0
15902	D73	B94	0.9867875647668394	0.0
15903	D73	G98	0.41458333333333336	0.0046
15904	D73	H81	0.9919270833333333	0.0
15905	D73	H44	0.046645702306079666	0.2972
15906	D73	H04	0.998950957251508	0.0
15907	D73	K11	0.9997375328083989	0.0
15908	D73	G21	0.990894901144641	0.0
15909	D73	I78	0.9997375328083989	0.0
15910	D73	A22	0.9997375328083989	0.0
15911	D73	E88	0.1831761006289308	0.0317
15912	D73	A31	0.9965986394557823	0.0
15913	D73	G72	0.06112973948929585	0.2192
15914	D73	Q14	0.027604166666666666	0.2947
15915	D73	Q11	0.04257999496094734	0.2053
15916	D73	H52	0.03969883641341547	0.2001
15917	D73	H11	0.9997375328083989	0.0
15918	D73	N60	0.9992130115424974	0.0
15919	D73	Q02	0.030248190279214063	0.2974
15920	D73	P55	0.9994752033586985	0.0
15921	D73	A28	0.9997375328083989	0.0
15922	D73	I51	0.044421217663966554	0.2228
15923	D73	H93	0.0392875851231011	0.2711
15924	D73	K86	0.9968594608741167	0.0
15925	D73	O43	0.9801852804940813	0.0
15926	D73	N71	0.9997375328083989	0.0
15927	D73	H61	0.9997375328083989	0.0
15928	D73	A85	0.9997375328083989	0.0
15929	D73	E32	0.9997375328083989	0.0
15930	D73	M92	0.9997375328083989	0.0
15931	D73	Q67	0.02739067755886593	0.2849
15932	D73	K67	0.9997375328083989	0.0
15933	D73	F62	0.998950957251508	0.0
15934	D73	G09	0.9997375328083989	0.0
15935	D73	G01	0.9984272608125819	0.0
15936	D73	K38	0.9997375328083989	0.0
15937	D73	B99	0.9997375328083989	0.0
15938	D73	E90	0.18136482939632545	0.0363
15939	D73	A56	0.9997375328083989	0.0
15940	D73	G02	0.9984272608125819	0.0
15941	D73	D63	0.9997375328083989	0.0
15942	D73	B89	0.9997375328083989	0.0
15943	D73	B97	0.9997375328083989	0.0
15944	D73	B95	0.9997375328083989	0.0
15945	D73	F54	0.9994752033586985	0.0
15946	D73	F06	0.9997375328083989	0.0
15947	H81	A89	0.9575270168384016	0.0
15948	H81	K21	0.9643037974683545	0.0
15949	H81	H02	0.9916688362405623	0.0
15950	H81	J44	0.9697123950114533	0.0
15951	H81	L28	0.991410723581468	0.0
15952	H81	T86	0.9839834668044433	0.0
15953	H81	M01	0.9794291591668809	0.0
15954	H81	B94	0.9794291591668809	0.0
15955	H81	G98	0.4114758335487206	0.0046
15956	H81	H44	0.046293888166449935	0.2999
15957	H81	H04	0.991410723581468	0.0
15958	H81	K11	0.9921854649648346	0.0
15959	H81	G21	0.9834753421120578	0.0
15960	H81	I78	0.9921854649648346	0.0
15961	H81	A22	0.9921854649648346	0.0
15962	H81	E88	0.18179453836150844	0.0325
15963	H81	A31	0.9890937418852246	0.0
15964	H81	G72	0.060675883256528416	0.2217
15965	H81	Q14	0.0273972602739726	0.2974
15966	H81	Q11	0.04227113556778389	0.2077
15967	H81	H52	0.0441712204007286	0.1668
15968	H81	H11	0.9921854649648346	0.0
15969	H81	N60	0.9916688362405623	0.0
15970	H81	Q02	0.030287474332648872	0.2969
15971	H81	P55	0.9919270833333333	0.0
15972	H81	A28	0.9921854649648346	0.0
15973	H81	I51	0.044087136929460584	0.2253
15974	H81	H93	0.03899142188718482	0.2738
15975	H81	K86	0.9893506493506493	0.0
15976	H81	O43	0.9729246487867178	0.0
15977	H81	N71	0.9921854649648346	0.0
15978	H81	H61	0.9921854649648346	0.0
15979	H81	A85	0.9921854649648346	0.0
15980	H81	E32	0.9921854649648346	0.0
15981	H81	M92	0.9921854649648346	0.0
15982	H81	Q67	0.02720114531138153	0.2874
15983	H81	K67	0.9921854649648346	0.0
15984	H81	F62	0.991410723581468	0.0
15985	H81	G09	0.9921854649648346	0.0
15986	H81	G01	0.990894901144641	0.0
15987	H81	K38	0.9921854649648346	0.0
15988	H81	B99	0.9921854649648346	0.0
15989	H81	E90	0.17999479030997656	0.0372
15990	H81	A56	0.9921854649648346	0.0
15991	H81	G02	0.990894901144641	0.0
15992	H81	D63	0.9921854649648346	0.0
15993	H81	B89	0.9921854649648346	0.0
15994	H81	B97	0.9921854649648346	0.0
15995	H81	B95	0.9921854649648346	0.0
15996	H81	F54	0.9919270833333333	0.0
15997	H81	F06	0.9921854649648346	0.0
15998	A89	A39	0.08517179023508137	0.0939
15999	A89	H04	0.9635719706551986	0.0
16000	A89	K11	0.9643037974683545	0.0
16001	A89	G21	0.956074297188755	0.0
16002	A89	K21	0.9379463186407289	0.0
16003	A89	I78	0.9643037974683545	0.0
16004	A89	A22	0.9643037974683545	0.0
16005	A89	E88	0.17669362992922144	0.0358
16006	A89	A31	0.9613831398283695	0.0
16007	A89	G98	0.4	0.0007
16008	A89	G72	0.05899925317401045	0.2311
16009	A89	H02	0.9638157894736842	0.0
16010	A89	Q11	0.04163623082542001	0.2127
16011	A89	H52	0.03915929203539823	0.2046
16012	A89	H11	0.9643037974683545	0.0
16013	A89	N60	0.9638157894736842	0.0
16014	A89	P55	0.9640597317134902	0.0
16015	A89	A28	0.9643037974683545	0.0
16016	A89	I51	0.04311649016641452	0.2328
16017	A89	H93	0.037897928246589184	0.284
16018	A89	K86	0.9616258520575612	0.0
16019	A89	O43	0.9465838509316771	0.0
16020	A89	N71	0.9643037974683545	0.0
16021	A89	R82	0.0419474027385351	0.1722
16022	A89	G62	0.05308392315470172	0.2296
16023	A89	H61	0.9643037974683545	0.0
16024	A89	J44	0.9425884682009403	0.0
16025	A89	A85	0.9643037974683545	0.0
16026	A89	E32	0.9643037974683545	0.0
16027	A89	M92	0.9643037974683545	0.0
16028	A89	L28	0.9640688259109311	0.0
16029	A89	Q67	0.02721563154221912	0.2872
16030	A89	G63	0.05570184322463034	0.2572
16031	A89	G13	0.04954499494438827	0.2608
16032	A89	T86	0.9580296556923851	0.0
16033	A89	G99	0.05083459787556904	0.2462
16034	A89	K67	0.9643037974683545	0.0
16035	A89	F62	0.9635719706551986	0.0
16036	A89	G09	0.9643037974683545	0.0
16037	A89	G01	0.9630847029077118	0.0
16038	A89	M01	0.9551827741612419	0.0
16039	A89	K38	0.9643037974683545	0.0
16040	A89	B99	0.9643037974683545	0.0
16041	A89	E90	0.1749367088607595	0.0408
16042	A89	A56	0.9643037974683545	0.0
16043	A89	G02	0.9630847029077118	0.0
16044	A89	B94	0.9551827741612419	0.0
16045	A89	D63	0.9643037974683545	0.0
16046	A89	B89	0.9643037974683545	0.0
16047	A89	B97	0.9643037974683545	0.0
16048	A89	B95	0.9643037974683545	0.0
16049	A89	F54	0.9640597317134902	0.0
16050	A89	F06	0.9643037974683545	0.0
16051	A39	A19	0.14718162839248433	0.0437
16052	A39	N87	0.04076832614660917	0.2493
16053	A39	Q05	0.042694147957305854	0.2428
16054	A39	G23	0.025248344370860928	0.2994
16055	A39	J44	0.08476121035362741	0.2985
16056	A39	Q67	0.03282724661469019	0.2218
16057	A39	D16	0.0404874213836478	0.2484
16058	A39	G05	0.14683368128044538	0.044
16059	A39	G63	0.1471606648199446	0.0274
16060	A39	G01*	0.14683368128044538	0.044
16061	A39	A17	0.14683368128044538	0.044
16062	A39	G07*	0.14683368128044538	0.044
16063	A39	B90	0.14683368128044538	0.044
16064	H04	K21	0.9709406066785623	0.0
16065	H04	H02	0.999213217938631	0.0
16066	H04	J44	0.975915962080451	0.0
16067	H04	L28	0.9984272608125819	0.0
16068	H04	T86	0.990894901144641	0.0
16069	H04	M01	0.9862765406525117	0.0
16070	H04	B94	0.9862765406525117	0.0
16071	H04	G98	0.4143675169182717	0.0046
16072	H04	H44	0.046621267679413304	0.2974
16073	H04	K11	0.9992130115424974	0.0
16074	H04	G21	0.9903796151846074	0.0
16075	H04	I78	0.9992130115424974	0.0
16076	H04	A22	0.9992130115424974	0.0
16077	H04	E88	0.18308014667365113	0.0317
16078	H04	A31	0.9960774058577406	0.0
16079	H04	G72	0.06109822119102862	0.2193
16080	H04	Q14	0.027589796980739198	0.2949
16081	H04	Q11	0.04255854948375724	0.2055
16082	H04	H52	0.03968072976054732	0.2003
16083	H04	H11	0.9992130115424974	0.0
16084	H04	N60	0.9986890403775563	0.0
16085	H04	Q02	0.030232558139534883	0.2976
16086	H04	P55	0.998950957251508	0.0
16087	H04	A28	0.9992130115424974	0.0
16088	H04	I51	0.04439801514755811	0.2229
16089	H04	H93	0.03926701570680628	0.2713
16090	H04	K86	0.9963379544860057	0.0
16091	H04	O43	0.9796810699588477	0.0
16092	H04	N71	0.9992130115424974	0.0
16093	H04	H61	0.9992130115424974	0.0
16094	H04	A85	0.9992130115424974	0.0
16095	H04	E32	0.9992130115424974	0.0
16096	H04	M92	0.9992130115424974	0.0
16097	H04	Q67	0.027377521613832854	0.2851
16098	H04	K67	0.9992130115424974	0.0
16099	H04	F62	0.9984272608125819	0.0
16100	H04	G09	0.9992130115424974	0.0
16101	H04	G01	0.9979041131778884	0.0
16102	H04	K38	0.9992130115424974	0.0
16103	H04	B99	0.9992130115424974	0.0
16104	H04	E90	0.18126967471143757	0.0363
16105	H04	A56	0.9992130115424974	0.0
16106	H04	G02	0.9979041131778884	0.0
16107	H04	D63	0.9992130115424974	0.0
16108	H04	B89	0.9992130115424974	0.0
16109	H04	B97	0.9992130115424974	0.0
16110	H04	B95	0.9992130115424974	0.0
16111	H04	F54	0.998950957251508	0.0
16112	H04	F06	0.9992130115424974	0.0
16113	K11	K21	0.9716836734693878	0.0
16114	K11	H02	0.9994752033586985	0.0
16115	K11	J44	0.9766666666666667	0.0
16116	K11	L28	0.9992130115424974	0.0
16117	K11	T86	0.9916688362405623	0.0
16118	K11	M01	0.9870432754599637	0.0
16119	K11	B94	0.9870432754599637	0.0
16120	K11	G98	0.41469132586611096	0.0046
16121	K11	H44	0.04665792922673657	0.2971
16122	K11	G21	0.9911527452511059	0.0
16123	K11	I78	1.0	0.0
16124	K11	A22	1.0	0.0
16125	K11	E88	0.18322411533420707	0.0316
16126	K11	A31	0.9968594608741167	0.0
16127	K11	G72	0.06114551083591331	0.2191
16128	K11	Q14	0.027611357124251105	0.2946
16129	K11	Q11	0.04259072580645161	0.2052
16130	K11	H52	0.03970789593792789	0.2001
16131	K11	H11	1.0	0.0
16132	K11	N60	0.9994752033586985	0.0
16133	K11	Q02	0.030256012412723042	0.2973
16134	K11	P55	0.9997375328083989	0.0
16135	K11	A28	1.0	0.0
16136	K11	I51	0.04443282801881861	0.2227
16137	K11	H93	0.03929787791459261	0.271
16138	K11	K86	0.9971204188481675	0.0
16139	K11	O43	0.9804375804375804	0.0
16140	K11	N71	1.0	0.0
16141	K11	H61	1.0	0.0
16142	K11	A85	1.0	0.0
16143	K11	E32	1.0	0.0
16144	K11	M92	1.0	0.0
16145	K11	Q67	0.0273972602739726	0.2848
16146	K11	K67	1.0	0.0
16147	K11	F62	0.9992130115424974	0.0
16148	K11	G09	1.0	0.0
16149	K11	G01	0.9986890403775563	0.0
16150	K11	K38	1.0	0.0
16151	K11	B99	1.0	0.0
16152	K11	E90	0.18141244421107902	0.0362
16153	K11	A56	1.0	0.0
16154	K11	G02	0.9986890403775563	0.0
16155	K11	D63	1.0	0.0
16156	K11	B89	1.0	0.0
16157	K11	B97	1.0	0.0
16158	K11	B95	1.0	0.0
16159	K11	F54	0.9997375328083989	0.0
16160	K11	F06	1.0	0.0
16161	A19	N87	0.03583426651735722	0.2951
16162	A19	Q05	0.03946694003075346	0.2704
16163	A19	R82	0.031080414405525406	0.272
16164	A19	Q67	0.030084235860409144	0.2517
16165	A19	G05	0.9991974317817014	0.0
16166	A19	G63	0.9873217115689382	0.0
16167	A19	G01*	0.9991974317817014	0.0
16168	A19	A17	0.9991974317817014	0.0
16169	A19	G07*	0.9991974317817014	0.0
16170	A19	J65	0.19502407704654895	0.0041
16171	A19	B90	0.9991974317817014	0.0
16172	G21	K21	0.9633282751643905	0.0
16173	G21	H02	0.9906371911573472	0.0
16174	G21	J44	0.9697278046298652	0.0
16175	G21	L28	0.9903796151846074	0.0
16176	G21	T86	0.9829677419354839	0.0
16177	G21	M01	0.979948586118252	0.0
16178	G21	B94	0.979948586118252	0.0
16179	G21	G98	0.4110508649625613	0.0044
16180	G21	I78	0.9911527452511059	0.0
16181	G21	A22	0.9911527452511059	0.0
16182	G21	E88	0.18160561184723303	0.0326
16183	G21	A31	0.9880674448767834	0.0
16184	G21	G72	0.06061381074168798	0.222
16185	G21	Q14	0.027368964626904208	0.2978
16186	G21	Q11	0.0424893776555861	0.206
16187	G21	H52	0.03987313094698686	0.1987
16188	G21	H11	0.9911527452511059	0.0
16189	G21	N60	0.9906371911573472	0.0
16190	G21	P55	0.990894901144641	0.0
16191	G21	A28	0.9911527452511059	0.0
16192	G21	I51	0.04404145077720207	0.2256
16193	G21	H93	0.03895092183848351	0.2742
16194	G21	K86	0.9883238194084069	0.0
16195	G21	O43	0.9719316152079612	0.0
16196	G21	N71	0.9911527452511059	0.0
16197	G21	H61	0.9911527452511059	0.0
16198	G21	A85	0.9911527452511059	0.0
16199	G21	E32	0.9911527452511059	0.0
16200	G21	M92	0.9911527452511059	0.0
16201	G21	Q67	0.027175208581644815	0.2877
16202	G21	K67	0.9911527452511059	0.0
16203	G21	F62	0.9903796151846074	0.0
16204	G21	G09	0.9911527452511059	0.0
16205	G21	G01	0.9898648648648649	0.0
16206	G21	K38	0.9911527452511059	0.0
16207	G21	B99	0.9911527452511059	0.0
16208	G21	E90	0.17980744210252406	0.0373
16209	G21	A56	0.9911527452511059	0.0
16210	G21	G02	0.9898648648648649	0.0
16211	G21	D63	0.9911527452511059	0.0
16212	G21	B89	0.9911527452511059	0.0
16213	G21	B97	0.9911527452511059	0.0
16214	G21	B95	0.9911527452511059	0.0
16215	G21	F54	0.990894901144641	0.0
16216	G21	F06	0.9911527452511059	0.0
16217	K21	I78	0.9716836734693878	0.0
16218	K21	N87	0.03595145408747424	0.2939
16219	K21	A22	0.9716836734693878	0.0
16220	K21	E88	0.1780438104941416	0.0349
16221	K21	A31	0.9697201017811705	0.0
16222	K21	G98	0.4037487335359676	0.0007
16223	K21	G72	0.059443190368698266	0.2286
16224	K21	H02	0.9711881693013769	0.0
16225	K21	Q11	0.042198233562315994	0.2083
16226	K21	H52	0.04011589034989971	0.1968
16227	K21	H11	0.9716836734693878	0.0
16228	K21	N60	0.9711881693013769	0.0
16229	K21	P55	0.9714358581994389	0.0
16230	K21	A28	0.9716836734693878	0.0
16231	K21	I51	0.04318008636017272	0.2323
16232	K21	H93	0.038451744334097274	0.2788
16233	K21	K86	0.9689646400407022	0.0
16234	K21	O43	0.9546706736789381	0.0
16235	K21	N71	0.9716836734693878	0.0
16236	K21	R82	0.04267892317793828	0.167
16237	K21	G62	0.052417302798982185	0.2338
16238	K21	H61	0.9716836734693878	0.0
16239	K21	J44	0.9515847267282256	0.0
16240	K21	A85	0.9716836734693878	0.0
16241	K21	E32	0.9716836734693878	0.0
16242	K21	M92	0.9716836734693878	0.0
16243	K21	L28	0.9709406066785623	0.0
16244	K21	Q67	0.027888446215139442	0.2784
16245	K21	D16	0.03530490600641907	0.2971
16246	K21	G05	0.0586185693789711	0.2885
16247	K21	G63	0.05928045789043336	0.2357
16248	K21	G13	0.049923586347427405	0.2581
16249	K21	T86	0.9648101265822785	0.0
16250	K21	G99	0.05015274949083503	0.2509
16251	K21	G01*	0.0586185693789711	0.2885
16252	K21	A17	0.0586185693789711	0.2885
16253	K21	G07*	0.0586185693789711	0.2885
16254	K21	K67	0.9716836734693878	0.0
16255	K21	F62	0.9709406066785623	0.0
16256	K21	G09	0.9716836734693878	0.0
16257	K21	G01	0.9704458598726114	0.0
16258	K21	M01	0.9619167717528373	0.0
16259	K21	K38	0.9716836734693878	0.0
16260	K21	B99	0.9716836734693878	0.0
16261	K21	E90	0.17627551020408164	0.0398
16262	K21	A56	0.9716836734693878	0.0
16263	K21	G02	0.9704458598726114	0.0
16264	K21	B94	0.9619167717528373	0.0
16265	K21	D63	0.9716836734693878	0.0
16266	K21	B89	0.9716836734693878	0.0
16267	K21	B97	0.9716836734693878	0.0
16268	K21	B95	0.9716836734693878	0.0
16269	K21	F54	0.9714358581994389	0.0
16270	K21	B90	0.0586185693789711	0.2885
16271	K21	F06	0.9716836734693878	0.0
16272	I78	H02	0.9994752033586985	0.0
16273	I78	J44	0.9766666666666667	0.0
16274	I78	L28	0.9992130115424974	0.0
16275	I78	T86	0.9916688362405623	0.0
16276	I78	M01	0.9870432754599637	0.0
16277	I78	B94	0.9870432754599637	0.0
16278	I78	G98	0.41469132586611096	0.0046
16279	I78	H44	0.04665792922673657	0.2971
16280	I78	A22	1.0	0.0
16281	I78	E88	0.18322411533420707	0.0316
16282	I78	A31	0.9968594608741167	0.0
16283	I78	G72	0.06114551083591331	0.2191
16284	I78	Q14	0.027611357124251105	0.2946
16285	I78	Q11	0.04259072580645161	0.2052
16286	I78	H52	0.03970789593792789	0.2001
16287	I78	H11	1.0	0.0
16288	I78	N60	0.9994752033586985	0.0
16289	I78	Q02	0.030256012412723042	0.2973
16290	I78	P55	0.9997375328083989	0.0
16291	I78	A28	1.0	0.0
16292	I78	I51	0.04443282801881861	0.2227
16293	I78	H93	0.03929787791459261	0.271
16294	I78	K86	0.9971204188481675	0.0
16295	I78	O43	0.9804375804375804	0.0
16296	I78	N71	1.0	0.0
16297	I78	H61	1.0	0.0
16298	I78	A85	1.0	0.0
16299	I78	E32	1.0	0.0
16300	I78	M92	1.0	0.0
16301	I78	Q67	0.0273972602739726	0.2848
16302	I78	K67	1.0	0.0
16303	I78	F62	0.9992130115424974	0.0
16304	I78	G09	1.0	0.0
16305	I78	G01	0.9986890403775563	0.0
16306	I78	K38	1.0	0.0
16307	I78	B99	1.0	0.0
16308	I78	E90	0.18141244421107902	0.0362
16309	I78	A56	1.0	0.0
16310	I78	G02	0.9986890403775563	0.0
16311	I78	D63	1.0	0.0
16312	I78	B89	1.0	0.0
16313	I78	B97	1.0	0.0
16314	I78	B95	1.0	0.0
16315	I78	F54	0.9997375328083989	0.0
16316	I78	F06	1.0	0.0
16317	N87	K04	0.0475609756097561	0.206
16318	N87	Q05	0.0811232449297972	0.0666
16319	N87	Q67	0.04390243902439024	0.1331
16320	N87	D16	0.9834710743801653	-0.0
16321	A22	H02	0.9994752033586985	0.0
16322	A22	J44	0.9766666666666667	0.0
16323	A22	L28	0.9992130115424974	0.0
16324	A22	T86	0.9916688362405623	0.0
16325	A22	M01	0.9870432754599637	0.0
16326	A22	B94	0.9870432754599637	0.0
16327	A22	G98	0.41469132586611096	0.0046
16328	A22	H44	0.04665792922673657	0.2971
16329	A22	E88	0.18322411533420707	0.0316
16330	A22	A31	0.9968594608741167	0.0
16331	A22	G72	0.06114551083591331	0.2191
16332	A22	Q14	0.027611357124251105	0.2946
16333	A22	Q11	0.04259072580645161	0.2052
16334	A22	H52	0.03970789593792789	0.2001
16335	A22	H11	1.0	0.0
16336	A22	N60	0.9994752033586985	0.0
16337	A22	Q02	0.030256012412723042	0.2973
16338	A22	P55	0.9997375328083989	0.0
16339	A22	A28	1.0	0.0
16340	A22	I51	0.04443282801881861	0.2227
16341	A22	H93	0.03929787791459261	0.271
16342	A22	K86	0.9971204188481675	0.0
16343	A22	O43	0.9804375804375804	0.0
16344	A22	N71	1.0	0.0
16345	A22	H61	1.0	0.0
16346	A22	A85	1.0	0.0
16347	A22	E32	1.0	0.0
16348	A22	M92	1.0	0.0
16349	A22	Q67	0.0273972602739726	0.2848
16350	A22	K67	1.0	0.0
16351	A22	F62	0.9992130115424974	0.0
16352	A22	G09	1.0	0.0
16353	A22	G01	0.9986890403775563	0.0
16354	A22	K38	1.0	0.0
16355	A22	B99	1.0	0.0
16356	A22	E90	0.18141244421107902	0.0362
16357	A22	A56	1.0	0.0
16358	A22	G02	0.9986890403775563	0.0
16359	A22	D63	1.0	0.0
16360	A22	B89	1.0	0.0
16361	A22	B97	1.0	0.0
16362	A22	B95	1.0	0.0
16363	A22	F54	0.9997375328083989	0.0
16364	A22	F06	1.0	0.0
16365	A31	H02	0.9963379544860057	0.0
16366	A31	J44	0.9736707566462167	0.0
16367	A31	L28	0.9960774058577406	0.0
16368	A31	T86	0.9885803270179081	0.0
16369	A31	M01	0.9844961240310077	0.0
16370	A31	B94	0.9844961240310077	0.0
16371	A31	G98	0.4133991171124383	0.0045
16372	A31	E88	0.18264959498301542	0.0924
16373	A31	H44	0.046511627906976744	0.2982
16374	A31	G72	0.06095679012345679	0.2201
16375	A31	Q14	0.027525318099195013	0.2957
16376	A31	Q11	0.0427243025885901	0.2042
16377	A31	H52	0.03959945380063723	0.201
16378	A31	H11	0.9968594608741167	0.0
16379	A31	N60	0.9963379544860057	0.0
16380	A31	Q02	0.030162412993039442	0.2984
16381	A31	P55	0.9965986394557823	0.0
16382	A31	A28	0.9968594608741167	0.0
16383	A31	I51	0.04429390307451798	0.2237
16384	A31	H93	0.039174719247845394	0.2722
16385	A31	K86	0.9939979123173278	0.0
16386	A31	O43	0.9774185270721067	0.0
16387	A31	N71	0.9968594608741167	0.0
16388	A31	H61	0.9968594608741167	0.0
16389	A31	A85	0.9968594608741167	0.0
16390	A31	E32	0.9968594608741167	0.0
16391	A31	M92	0.9968594608741167	0.0
16392	A31	Q67	0.027564717162032598	0.2826
16393	A31	D16	0.03539615564932021	0.2962
16394	A31	K67	0.9968594608741167	0.0
16395	A31	F62	0.9960774058577406	0.0
16396	A31	G09	0.9968594608741167	0.0
16397	A31	G01	0.9955567171981181	0.0
16398	A31	K38	0.9968594608741167	0.0
16399	A31	B99	0.9968594608741167	0.0
16400	A31	E90	0.18084271133211202	0.0366
16401	A31	A56	0.9968594608741167	0.0
16402	A31	G02	0.9955567171981181	0.0
16403	A31	D63	0.9968594608741167	0.0
16404	A31	B89	0.9968594608741167	0.0
16405	A31	B97	0.9968594608741167	0.0
16406	A31	B95	0.9968594608741167	0.0
16407	A31	F54	0.9965986394557823	0.0
16408	A31	F06	0.9968594608741167	0.0
16409	H02	H44	0.04663348179198323	0.2973
16410	H02	E88	0.18312811108200158	0.0317
16411	H02	G98	0.4144753970320229	0.0005
16412	H02	G72	0.06111397627643115	0.2193
16413	H02	Q14	0.027596979953137205	0.2948
16414	H02	Q11	0.04256926952141058	0.2054
16415	H02	H52	0.03968978102189781	0.2002
16416	H02	H11	0.9994752033586985	0.0
16417	H02	N60	0.998950957251508	0.0
16418	H02	Q02	0.030240372189196174	0.2975
16419	H02	P55	0.9992130115424974	0.0
16420	H02	A28	0.9994752033586985	0.0
16421	H02	I51	0.044409613375130615	0.2228
16422	H02	H93	0.03927729772191673	0.2712
16423	H02	K86	0.9965986394557823	0.0
16424	H02	O43	0.979933110367893	0.0
16425	H02	N71	0.9994752033586985	0.0
16426	H02	R82	0.0418531781557744	0.1729
16427	H02	G62	0.053912588327662915	0.2243
16428	H02	H61	0.9994752033586985	0.0
16429	H02	J44	0.9761660686827268	0.0
16430	H02	A85	0.9994752033586985	0.0
16431	H02	E32	0.9994752033586985	0.0
16432	H02	M92	0.9994752033586985	0.0
16433	H02	L28	0.9986890403775563	0.0
16434	H02	Q67	0.027384098006245496	0.285
16435	H02	G63	0.05643481882548938	0.2527
16436	H02	G13	0.051349227141734344	0.2483
16437	H02	T86	0.9911527452511059	0.0
16438	H02	G99	0.051584184341450644	0.2412
16439	H02	K67	0.9994752033586985	0.0
16440	H02	F62	0.9986890403775563	0.0
16441	H02	G09	0.9994752033586985	0.0
16442	H02	G01	0.9981656184486373	0.0
16443	H02	M01	0.9865319865319865	0.0
16444	H02	K38	0.9994752033586985	0.0
16445	H02	B99	0.9994752033586985	0.0
16446	H02	E90	0.18131723956966675	0.0363
16447	H02	A56	0.9994752033586985	0.0
16448	H02	G02	0.9981656184486373	0.0
16449	H02	B94	0.9865319865319865	0.0
16450	H02	D63	0.9994752033586985	0.0
16451	H02	B89	0.9994752033586985	0.0
16452	H02	B97	0.9994752033586985	0.0
16453	H02	B95	0.9994752033586985	0.0
16454	H02	F54	0.9992130115424974	0.0
16455	H02	F06	0.9994752033586985	0.0
16456	Q05	G05	0.03948717948717949	0.2702
16457	Q05	G63	0.03967446592065107	0.2686
16458	Q05	G01*	0.03948717948717949	0.2702
16459	Q05	A17	0.03948717948717949	0.2702
16460	Q05	G07*	0.03948717948717949	0.2702
16461	Q05	B90	0.03948717948717949	0.2702
16462	Q05	Q67	0.036544850498338874	0.2981
16463	Q05	D16	0.08163265306122448	0.0654
16464	H52	R82	0.04602235371466141	0.1547
16465	H52	J44	0.03982993958379951	0.1991
16466	H52	L28	0.03968072976054732	0.2003
16467	H52	T86	0.03942002718622564	0.2024
16468	H52	M01	0.03925992779783394	0.2038
16469	H52	B94	0.03925992779783394	0.2038
16470	H52	G98	0.04131868131868132	0.1874
16471	H52	H11	0.03970789593792789	0.2001
16472	H52	N60	0.03968978102189781	0.2002
16473	H52	P55	0.03969883641341547	0.2001
16474	H52	A28	0.03970789593792789	0.2001
16475	H52	K86	0.03960846801730025	0.2009
16476	H52	O43	0.04019761958230406	0.1961
16477	H52	N71	0.03970789593792789	0.2001
16478	H52	H61	0.03970789593792789	0.2001
16479	H52	A85	0.03970789593792789	0.2001
16480	H52	E32	0.03970789593792789	0.2001
16481	H52	M92	0.03970789593792789	0.2001
16482	H52	K67	0.03970789593792789	0.2001
16483	H52	F62	0.03968072976054732	0.2003
16484	H52	G09	0.03970789593792789	0.2001
16485	H52	G01	0.03989968080255358	0.1985
16486	H52	K38	0.03970789593792789	0.2001
16487	H52	B99	0.03970789593792789	0.2001
16488	H52	A56	0.03970789593792789	0.2001
16489	H52	G02	0.03989968080255358	0.1985
16490	H52	D63	0.03970789593792789	0.2001
16491	H52	B89	0.03970789593792789	0.2001
16492	H52	B97	0.03970789593792789	0.2001
16493	H52	B95	0.03970789593792789	0.2001
16494	H52	F54	0.03969883641341547	0.2001
16495	H52	F06	0.03970789593792789	0.2001
16496	H11	J44	0.9766666666666667	0.0
16497	H11	L28	0.9992130115424974	0.0
16498	H11	T86	0.9916688362405623	0.0
16499	H11	M01	0.9870432754599637	0.0
16500	H11	B94	0.9870432754599637	0.0
16501	H11	G98	0.41469132586611096	0.0046
16502	H11	E88	0.18322411533420707	0.0931
16503	H11	H44	0.04665792922673657	0.2971
16504	H11	G72	0.06114551083591331	0.2191
16505	H11	Q14	0.027611357124251105	0.2946
16506	H11	Q11	0.04259072580645161	0.2052
16507	H11	N60	0.9994752033586985	0.0
16508	H11	Q02	0.030256012412723042	0.2973
16509	H11	P55	0.9997375328083989	0.0
16510	H11	A28	1.0	0.0
16511	H11	I51	0.04443282801881861	0.2227
16512	H11	H93	0.03929787791459261	0.271
16513	H11	K86	0.9971204188481675	0.0
16514	H11	O43	0.9804375804375804	0.0
16515	H11	N71	1.0	0.0
16516	H11	H61	1.0	0.0
16517	H11	A85	1.0	0.0
16518	H11	E32	1.0	0.0
16519	H11	M92	1.0	0.0
16520	H11	Q67	0.0273972602739726	0.2848
16521	H11	K67	1.0	0.0
16522	H11	F62	0.9992130115424974	0.0
16523	H11	G09	1.0	0.0
16524	H11	G01	0.9986890403775563	0.0
16525	H11	K38	1.0	0.0
16526	H11	B99	1.0	0.0
16527	H11	E90	0.18141244421107902	0.0362
16528	H11	A56	1.0	0.0
16529	H11	G02	0.9986890403775563	0.0
16530	H11	D63	1.0	0.0
16531	H11	B89	1.0	0.0
16532	H11	B97	1.0	0.0
16533	H11	B95	1.0	0.0
16534	H11	F54	0.9997375328083989	0.0
16535	H11	F06	1.0	0.0
16536	N60	J44	0.9761660686827268	0.0
16537	N60	L28	0.9986890403775563	0.0
16538	N60	T86	0.9911527452511059	0.0
16539	N60	M01	0.9865319865319865	0.0
16540	N60	B94	0.9865319865319865	0.0
16541	N60	G98	0.4144753970320229	0.0046
16542	N60	E88	0.18312811108200158	0.0928
16543	N60	H44	0.04663348179198323	0.2973
16544	N60	G72	0.06111397627643115	0.2193
16545	N60	Q14	0.027596979953137205	0.2948
16546	N60	Q11	0.04256926952141058	0.2054
16547	N60	Q02	0.030240372189196174	0.2975
16548	N60	P55	0.9992130115424974	0.0
16549	N60	A28	0.9994752033586985	0.0
16550	N60	I51	0.044409613375130615	0.2228
16551	N60	H93	0.03927729772191673	0.2712
16552	N60	K86	0.9965986394557823	0.0
16553	N60	O43	0.979933110367893	0.0
16554	N60	N71	0.9994752033586985	0.0
16555	N60	H61	0.9994752033586985	0.0
16556	N60	A85	0.9994752033586985	0.0
16557	N60	E32	0.9994752033586985	0.0
16558	N60	M92	0.9994752033586985	0.0
16559	N60	Q67	0.02763094666025949	0.2818
16560	N60	K67	0.9994752033586985	0.0
16561	N60	F62	0.9986890403775563	0.0
16562	N60	G09	0.9994752033586985	0.0
16563	N60	G01	0.9981656184486373	0.0
16564	N60	K38	0.9994752033586985	0.0
16565	N60	B99	0.9994752033586985	0.0
16566	N60	E90	0.18131723956966675	0.0363
16567	N60	A56	0.9994752033586985	0.0
16568	N60	G02	0.9981656184486373	0.0
16569	N60	D63	0.9994752033586985	0.0
16570	N60	B89	0.9994752033586985	0.0
16571	N60	B97	0.9994752033586985	0.0
16572	N60	B95	0.9994752033586985	0.0
16573	N60	F54	0.9992130115424974	0.0
16574	N60	F06	0.9994752033586985	0.0
16575	P55	J44	0.97641630351192	0.0
16576	P55	L28	0.998950957251508	0.0
16577	P55	T86	0.991410723581468	0.0
16578	P55	M01	0.9867875647668394	0.0
16579	P55	B94	0.9867875647668394	0.0
16580	P55	G98	0.41458333333333336	0.0046
16581	P55	E88	0.1831761006289308	0.0931
16582	P55	H44	0.046645702306079666	0.2972
16583	P55	G72	0.06112973948929585	0.2192
16584	P55	Q14	0.027604166666666666	0.2947
16585	P55	Q11	0.04257999496094734	0.2053
16586	P55	Q02	0.030248190279214063	0.2974
16587	P55	A28	0.9997375328083989	0.0
16588	P55	I51	0.044421217663966554	0.2228
16589	P55	H93	0.0392875851231011	0.2711
16590	P55	K86	0.9968594608741167	0.0
16591	P55	O43	0.9801852804940813	0.0
16592	P55	N71	0.9997375328083989	0.0
16593	P55	H61	0.9997375328083989	0.0
16594	P55	A85	0.9997375328083989	0.0
16595	P55	E32	0.9997375328083989	0.0
16596	P55	M92	0.9997375328083989	0.0
16597	P55	Q67	0.02739067755886593	0.2849
16598	P55	K67	0.9997375328083989	0.0
16599	P55	F62	0.998950957251508	0.0
16600	P55	G09	0.9997375328083989	0.0
16601	P55	G01	0.9984272608125819	0.0
16602	P55	K38	0.9997375328083989	0.0
16603	P55	B99	0.9997375328083989	0.0
16604	P55	E90	0.18136482939632545	0.0363
16605	P55	A56	0.9997375328083989	0.0
16606	P55	G02	0.9984272608125819	0.0
16607	P55	D63	0.9997375328083989	0.0
16608	P55	B89	0.9997375328083989	0.0
16609	P55	B97	0.9997375328083989	0.0
16610	P55	B95	0.9997375328083989	0.0
16611	P55	F54	0.9994752033586985	0.0
16612	P55	F06	0.9997375328083989	0.0
16613	A28	J44	0.9766666666666667	0.0
16614	A28	L28	0.9992130115424974	0.0
16615	A28	T86	0.9916688362405623	0.0
16616	A28	M01	0.9870432754599637	0.0
16617	A28	B94	0.9870432754599637	0.0
16618	A28	G98	0.41469132586611096	0.0046
16619	A28	E88	0.18322411533420707	0.0931
16620	A28	H44	0.04665792922673657	0.2971
16621	A28	G72	0.06114551083591331	0.2191
16622	A28	Q14	0.027611357124251105	0.2946
16623	A28	Q11	0.04259072580645161	0.2052
16624	A28	Q02	0.030256012412723042	0.2973
16625	A28	I51	0.04443282801881861	0.2227
16626	A28	H93	0.03929787791459261	0.271
16627	A28	K86	0.9971204188481675	0.0
16628	A28	O43	0.9804375804375804	0.0
16629	A28	N71	1.0	0.0
16630	A28	H61	1.0	0.0
16631	A28	A85	1.0	0.0
16632	A28	E32	1.0	0.0
16633	A28	M92	1.0	0.0
16634	A28	Q67	0.0273972602739726	0.2848
16635	A28	K67	1.0	0.0
16636	A28	F62	0.9992130115424974	0.0
16637	A28	G09	1.0	0.0
16638	A28	G01	0.9986890403775563	0.0
16639	A28	K38	1.0	0.0
16640	A28	B99	1.0	0.0
16641	A28	E90	0.18141244421107902	0.0362
16642	A28	A56	1.0	0.0
16643	A28	G02	0.9986890403775563	0.0
16644	A28	D63	1.0	0.0
16645	A28	B89	1.0	0.0
16646	A28	B97	1.0	0.0
16647	A28	B95	1.0	0.0
16648	A28	F54	0.9997375328083989	0.0
16649	A28	F06	1.0	0.0
16650	K86	J44	0.9744245524296675	0.0
16651	K86	L28	0.9963379544860057	0.0
16652	K86	T86	0.9888369678089304	0.0
16653	K86	M01	0.9842377260981913	0.0
16654	K86	B94	0.9842377260981913	0.0
16655	K86	G98	0.4138737334372564	0.0046
16656	K86	I51	0.04430544696377378	0.2236
16657	K86	E88	0.18269733403031888	0.0932
16658	K86	H44	0.0465237846314689	0.2981
16659	K86	G72	0.0609724723437098	0.22
16660	K86	Q14	0.027532467532467533	0.2957
16661	K86	Q11	0.04247298316159839	0.2061
16662	K86	Q02	0.030170190820010316	0.2983
16663	K86	H93	0.03918495297805643	0.2721
16664	K86	O43	0.9776694045174538	0.0
16665	K86	N71	0.9971204188481675	0.0
16666	K86	H61	0.9971204188481675	0.0
16667	K86	A85	0.9971204188481675	0.0
16668	K86	E32	0.9971204188481675	0.0
16669	K86	M92	0.9971204188481675	0.0
16670	K86	Q67	0.02732502396931927	0.2857
16671	K86	K67	0.9971204188481675	0.0
16672	K86	F62	0.9963379544860057	0.0
16673	K86	G09	0.9971204188481675	0.0
16674	K86	G01	0.9958169934640523	0.0
16675	K86	K38	0.9971204188481675	0.0
16676	K86	B99	0.9971204188481675	0.0
16677	K86	E90	0.18089005235602093	0.0366
16678	K86	A56	0.9971204188481675	0.0
16679	K86	G02	0.9958169934640523	0.0
16680	K86	D63	0.9971204188481675	0.0
16681	K86	B89	0.9971204188481675	0.0
16682	K86	B97	0.9971204188481675	0.0
16683	K86	B95	0.9971204188481675	0.0
16684	K86	F54	0.9968594608741167	0.0
16685	K86	F06	0.9971204188481675	0.0
16686	O43	J44	0.9579979879275654	0.0
16687	O43	L28	0.9796810699588477	0.0
16688	O43	T86	0.9729315628192032	0.0
16689	O43	M01	0.9684799186578547	0.0
16690	O43	B94	0.9684799186578547	0.0
16691	O43	G98	0.4066411238825032	0.0046
16692	O43	I51	0.04356740133264992	0.2293
16693	O43	E88	0.17964533538936006	0.0931
16694	O43	G72	0.05996963562753036	0.2256
16695	O43	Q11	0.04179030662710188	0.2115
16696	O43	H93	0.038530696121243255	0.2781
16697	O43	N71	0.9804375804375804	0.0
16698	O43	H61	0.9804375804375804	0.0
16699	O43	A85	0.9804375804375804	0.0
16700	O43	E32	0.9804375804375804	0.0
16701	O43	M92	0.9804375804375804	0.0
16702	O43	Q67	0.028119092627599245	0.2755
16703	O43	K67	0.9804375804375804	0.0
16704	O43	F62	0.9796810699588477	0.0
16705	O43	G09	0.9804375804375804	0.0
16706	O43	G01	0.9791773778920309	0.0
16707	O43	K38	0.9804375804375804	0.0
16708	O43	B99	0.9804375804375804	0.0
16709	O43	E90	0.17786357786357787	0.0387
16710	O43	A56	0.9804375804375804	0.0
16711	O43	G02	0.9791773778920309	0.0
16712	O43	D63	0.9804375804375804	0.0
16713	O43	B89	0.9804375804375804	0.0
16714	O43	B97	0.9804375804375804	0.0
16715	O43	B95	0.9804375804375804	0.0
16716	O43	F54	0.9801852804940813	0.0
16717	O43	F06	0.9804375804375804	0.0
16718	N71	J44	0.9766666666666667	0.0
16719	N71	L28	0.9992130115424974	0.0
16720	N71	T86	0.9916688362405623	0.0
16721	N71	M01	0.9870432754599637	0.0
16722	N71	B94	0.9870432754599637	0.0
16723	N71	G98	0.41469132586611096	0.0046
16724	N71	I51	0.04443282801881861	0.2227
16725	N71	E88	0.18322411533420707	0.0931
16726	N71	H44	0.04665792922673657	0.2971
16727	N71	G72	0.06114551083591331	0.2191
16728	N71	Q14	0.027611357124251105	0.2946
16729	N71	Q11	0.04259072580645161	0.2052
16730	N71	Q02	0.030256012412723042	0.2973
16731	N71	H93	0.03929787791459261	0.271
16732	N71	H61	1.0	0.0
16733	N71	A85	1.0	0.0
16734	N71	E32	1.0	0.0
16735	N71	M92	1.0	0.0
16736	N71	Q67	0.0273972602739726	0.2848
16737	N71	K67	1.0	0.0
16738	N71	F62	0.9992130115424974	0.0
16739	N71	G09	1.0	0.0
16740	N71	G01	0.9986890403775563	0.0
16741	N71	K38	1.0	0.0
16742	N71	B99	1.0	0.0
16743	N71	E90	0.18141244421107902	0.0362
16744	N71	A56	1.0	0.0
16745	N71	G02	0.9986890403775563	0.0
16746	N71	D63	1.0	0.0
16747	N71	B89	1.0	0.0
16748	N71	B97	1.0	0.0
16749	N71	B95	1.0	0.0
16750	N71	F54	0.9997375328083989	0.0
16751	N71	F06	1.0	0.0
16752	R82	D51	0.02901178603807797	0.2892
16753	H61	J44	0.9766666666666667	0.0
16754	H61	L28	0.9992130115424974	0.0
16755	H61	T86	0.9916688362405623	0.0
16756	H61	M01	0.9870432754599637	0.0
16757	H61	B94	0.9870432754599637	0.0
16758	H61	G98	0.41469132586611096	0.0046
16759	H61	I51	0.04443282801881861	0.2227
16760	H61	E88	0.18322411533420707	0.0931
16761	H61	H44	0.04665792922673657	0.2971
16762	H61	G72	0.06114551083591331	0.2191
16763	H61	Q14	0.027611357124251105	0.2946
16764	H61	Q11	0.04259072580645161	0.2052
16765	H61	Q02	0.030256012412723042	0.2973
16766	H61	H93	0.03929787791459261	0.271
16767	H61	A85	1.0	0.0
16768	H61	E32	1.0	0.0
16769	H61	M92	1.0	0.0
16770	H61	Q67	0.0273972602739726	0.2848
16771	H61	K67	1.0	0.0
16772	H61	F62	0.9992130115424974	0.0
16773	H61	G09	1.0	0.0
16774	H61	G01	0.9986890403775563	0.0
16775	H61	K38	1.0	0.0
16776	H61	B99	1.0	0.0
16777	H61	E90	0.18141244421107902	0.0362
16778	H61	A56	1.0	0.0
16779	H61	G02	0.9986890403775563	0.0
16780	H61	D63	1.0	0.0
16781	H61	B89	1.0	0.0
16782	H61	B97	1.0	0.0
16783	H61	B95	1.0	0.0
16784	H61	F54	0.9997375328083989	0.0
16785	H61	F06	1.0	0.0
16786	J44	E88	0.1792573623559539	0.0341
16787	J44	G98	0.40580448065173114	0.0006
16788	J44	G72	0.0600100857286939	0.2254
16789	J44	Q11	0.04163587090416359	0.2127
16790	J44	I51	0.04366700715015322	0.2285
16791	J44	H93	0.03944672131147541	0.2697
16792	J44	G62	0.052954719877206444	0.2304
16793	J44	A85	0.9766666666666667	0.0
16794	J44	E32	0.9766666666666667	0.0
16795	J44	M92	0.9766666666666667	0.0
16796	J44	L28	0.975915962080451	0.0
16797	J44	Q67	0.027535890797834785	0.283
16798	J44	D16	0.03546752648549056	0.2954
16799	J44	G05	0.057771381578947366	0.2938
16800	J44	G63	0.05930638210547917	0.2356
16801	J44	G13	0.05017921146953405	0.2563
16802	J44	T86	0.9697201017811705	0.0
16803	J44	G99	0.05040941658137155	0.2491
16804	J44	G01*	0.057771381578947366	0.2938
16805	J44	A17	0.057771381578947366	0.2938
16806	J44	G07*	0.057771381578947366	0.2938
16807	J44	K67	0.9766666666666667	0.0
16808	J44	F62	0.975915962080451	0.0
16809	J44	G09	0.9766666666666667	0.0
16810	J44	G01	0.975416133162612	0.0
16811	J44	M01	0.9697892866209697	0.0
16812	J44	K38	0.9766666666666667	0.0
16813	J44	B99	0.9766666666666667	0.0
16814	J44	E90	0.17717948717948717	0.0392
16815	J44	A56	0.9766666666666667	0.0
16816	J44	G02	0.975416133162612	0.0
16817	J44	B94	0.9697892866209697	0.0
16818	J44	D63	0.9766666666666667	0.0
16819	J44	B89	0.9766666666666667	0.0
16820	J44	B97	0.9766666666666667	0.0
16821	J44	B95	0.9766666666666667	0.0
16822	J44	F54	0.97641630351192	0.0
16823	J44	B90	0.057771381578947366	0.2938
16824	J44	F06	0.9766666666666667	0.0
16825	A85	L28	0.9992130115424974	0.0
16826	A85	T86	0.9916688362405623	0.0
16827	A85	M01	0.9870432754599637	0.0
16828	A85	B94	0.9870432754599637	0.0
16829	A85	G98	0.41469132586611096	0.0046
16830	A85	I51	0.04443282801881861	0.2227
16831	A85	E88	0.18322411533420707	0.0931
16832	A85	H44	0.04665792922673657	0.2971
16833	A85	G72	0.06114551083591331	0.2191
16834	A85	Q14	0.027611357124251105	0.2946
16835	A85	Q11	0.04259072580645161	0.2052
16836	A85	Q02	0.030256012412723042	0.2973
16837	A85	H93	0.03929787791459261	0.271
16838	A85	E32	1.0	0.0
16839	A85	M92	1.0	0.0
16840	A85	Q67	0.0273972602739726	0.2848
16841	A85	K67	1.0	0.0
16842	A85	F62	0.9992130115424974	0.0
16843	A85	G09	1.0	0.0
16844	A85	G01	0.9986890403775563	0.0
16845	A85	K38	1.0	0.0
16846	A85	B99	1.0	0.0
16847	A85	E90	0.18141244421107902	0.0362
16848	A85	A56	1.0	0.0
16849	A85	G02	0.9986890403775563	0.0
16850	A85	D63	1.0	0.0
16851	A85	B89	1.0	0.0
16852	A85	B97	1.0	0.0
16853	A85	B95	1.0	0.0
16854	A85	F54	0.9997375328083989	0.0
16855	A85	F06	1.0	0.0
16856	E32	L28	0.9992130115424974	0.0
16857	E32	T86	0.9916688362405623	0.0
16858	E32	M01	0.9870432754599637	0.0
16859	E32	B94	0.9870432754599637	0.0
16860	E32	G98	0.41469132586611096	0.0046
16861	E32	I51	0.04443282801881861	0.2227
16862	E32	E88	0.18322411533420707	0.0931
16863	E32	H44	0.04665792922673657	0.2971
16864	E32	G72	0.06114551083591331	0.2191
16865	E32	Q14	0.027611357124251105	0.2946
16866	E32	Q11	0.04259072580645161	0.2052
16867	E32	Q02	0.030256012412723042	0.2973
16868	E32	H93	0.03929787791459261	0.271
16869	E32	M92	1.0	0.0
16870	E32	Q67	0.0273972602739726	0.2848
16871	E32	K67	1.0	0.0
16872	E32	F62	0.9992130115424974	0.0
16873	E32	G09	1.0	0.0
16874	E32	G01	0.9986890403775563	0.0
16875	E32	K38	1.0	0.0
16876	E32	B99	1.0	0.0
16877	E32	E90	0.18141244421107902	0.0362
16878	E32	A56	1.0	0.0
16879	E32	G02	0.9986890403775563	0.0
16880	E32	D63	1.0	0.0
16881	E32	B89	1.0	0.0
16882	E32	B97	1.0	0.0
16883	E32	B95	1.0	0.0
16884	E32	F54	0.9997375328083989	0.0
16885	E32	F06	1.0	0.0
16886	M92	L28	0.9992130115424974	0.0
16887	M92	T86	0.9916688362405623	0.0
16888	M92	M01	0.9870432754599637	0.0
16889	M92	B94	0.9870432754599637	0.0
16890	M92	G98	0.41469132586611096	0.0046
16891	M92	I51	0.04443282801881861	0.2227
16892	M92	E88	0.18322411533420707	0.0931
16893	M92	H44	0.04665792922673657	0.2971
16894	M92	G72	0.06114551083591331	0.2191
16895	M92	Q14	0.027611357124251105	0.2946
16896	M92	Q11	0.04259072580645161	0.2052
16897	M92	Q02	0.030256012412723042	0.2973
16898	M92	H93	0.03929787791459261	0.271
16899	M92	Q67	0.0273972602739726	0.2848
16900	M92	K67	1.0	0.0
16901	M92	F62	0.9992130115424974	0.0
16902	M92	G09	1.0	0.0
16903	M92	G01	0.9986890403775563	0.0
16904	M92	K38	1.0	0.0
16905	M92	B99	1.0	0.0
16906	M92	E90	0.18141244421107902	0.0362
16907	M92	A56	1.0	0.0
16908	M92	G02	0.9986890403775563	0.0
16909	M92	D63	1.0	0.0
16910	M92	B89	1.0	0.0
16911	M92	B97	1.0	0.0
16912	M92	B95	1.0	0.0
16913	M92	F54	0.9997375328083989	0.0
16914	M92	F06	1.0	0.0
16915	L28	H44	0.046621267679413304	0.2974
16916	L28	E88	0.18308014667365113	0.0317
16917	L28	G98	0.4143675169182717	0.0005
16918	L28	G72	0.06109822119102862	0.2193
16919	L28	Q14	0.027589796980739198	0.2949
16920	L28	Q11	0.04255854948375724	0.2055
16921	L28	Q02	0.030232558139534883	0.2976
16922	L28	I51	0.04467084639498432	0.2209
16923	L28	H93	0.03926701570680628	0.2713
16924	L28	G62	0.05389848246991104	0.2244
16925	L28	Q67	0.027377521613832854	0.2851
16926	L28	G63	0.05664306538942107	0.2514
16927	L28	G13	0.05133577789418544	0.2484
16928	L28	T86	0.9919312857886518	0.0
16929	L28	G99	0.051570680628272254	0.2412
16930	L28	K67	0.9992130115424974	0.0
16931	L28	F62	0.9984272608125819	0.0
16932	L28	G09	0.9992130115424974	0.0
16933	L28	G01	0.9979041131778884	0.0
16934	L28	M01	0.9867909867909868	0.0
16935	L28	K38	0.9992130115424974	0.0
16936	L28	B99	0.9992130115424974	0.0
16937	L28	E90	0.18126967471143757	0.0363
16938	L28	A56	0.9992130115424974	0.0
16939	L28	G02	0.9979041131778884	0.0
16940	L28	B94	0.9867909867909868	0.0
16941	L28	D63	0.9992130115424974	0.0
16942	L28	B89	0.9992130115424974	0.0
16943	L28	B97	0.9992130115424974	0.0
16944	L28	B95	0.9992130115424974	0.0
16945	L28	F54	0.998950957251508	0.0
16946	L28	F06	0.9992130115424974	0.0
16947	Q67	G05	0.030102347983142687	0.2515
16948	Q67	G63	0.029797377830750895	0.255
16949	Q67	T86	0.027188170760791795	0.2876
16950	Q67	G01*	0.030102347983142687	0.2515
16951	Q67	A17	0.030102347983142687	0.2515
16952	Q67	G07*	0.030102347983142687	0.2515
16953	Q67	M01	0.027559990496555	0.2827
16954	Q67	B94	0.027559990496555	0.2827
16955	Q67	B90	0.030102347983142687	0.2515
16956	Q67	K67	0.0273972602739726	0.2848
16957	Q67	F62	0.027377521613832854	0.2851
16958	Q67	G09	0.0273972602739726	0.2848
16959	Q67	G01	0.027364378300528083	0.2852
16960	Q67	K38	0.0273972602739726	0.2848
16961	Q67	B99	0.0273972602739726	0.2848
16962	Q67	A56	0.0273972602739726	0.2848
16963	Q67	G02	0.027364378300528083	0.2852
16964	Q67	D63	0.0273972602739726	0.2848
16965	Q67	B89	0.0273972602739726	0.2848
16966	Q67	B97	0.0273972602739726	0.2848
16967	Q67	B95	0.0273972602739726	0.2848
16968	Q67	F54	0.02739067755886593	0.2849
16969	Q67	F06	0.0273972602739726	0.2848
16970	Q67	D16	0.04424778761061947	0.2181
16971	D16	K04	0.04932182490752158	0.183
16972	D16	G63	0.0350974930362117	0.2992
16973	D16	M01	0.03580562659846547	0.292
16974	D16	B94	0.03580562659846547	0.292
16975	G05	G63	0.9865293185419969	0.0
16976	G05	G01*	1.0	0.0
16977	G05	A17	1.0	0.0
16978	G05	G07*	1.0	0.0
16979	G05	J65	0.19518072289156627	0.0041
16980	G05	B90	1.0	0.0
16981	G63	G01*	0.9865293185419969	0.0
16982	G63	A17	0.9865293185419969	0.0
16983	G63	G07*	0.9865293185419969	0.0
16984	G63	J65	0.19255150554675118	0.0044
16985	G63	B90	0.9865293185419969	0.0
16986	T86	E88	0.1823146944083225	0.0322
16987	T86	G98	0.41199276298785215	0.0006
16988	T86	G72	0.060644831115660186	0.2218
16989	T86	Q14	0.02738310514079049	0.2976
16990	T86	Q11	0.04225	0.2079
16991	T86	I51	0.044605809128630707	0.2214
16992	T86	H93	0.03897116134060795	0.274
16993	T86	G62	0.05349259932485069	0.227
16994	T86	G13	0.0509487912659215	0.251
16995	T86	G99	0.05118212522733177	0.2438
16996	T86	K67	0.9916688362405623	0.0
16997	T86	F62	0.990894901144641	0.0
16998	T86	G09	0.9916688362405623	0.0
16999	T86	G01	0.9903796151846074	0.0
17000	T86	M01	0.9819819819819819	0.0
17001	T86	K38	0.9916688362405623	0.0
17002	T86	B99	0.9916688362405623	0.0
17003	T86	E90	0.17990106743035666	0.0373
17004	T86	A56	0.9916688362405623	0.0
17005	T86	G02	0.9903796151846074	0.0
17006	T86	B94	0.9819819819819819	0.0
17007	T86	D63	0.9916688362405623	0.0
17008	T86	B89	0.9916688362405623	0.0
17009	T86	B97	0.9916688362405623	0.0
17010	T86	B95	0.9916688362405623	0.0
17011	T86	F54	0.991410723581468	0.0
17012	T86	F06	0.9916688362405623	0.0
17013	G01*	A17	1.0	0.0
17014	G01*	G07*	1.0	0.0
17015	G01*	J65	0.19518072289156627	0.0041
17016	G01*	B90	1.0	0.0
17017	A17	G07*	1.0	0.0
17018	A17	J65	0.19518072289156627	0.0041
17019	A17	B90	1.0	0.0
17020	G07*	J65	0.19518072289156627	0.0041
17021	G07*	B90	1.0	0.0
17022	K67	M01	0.9870432754599637	0.0
17023	K67	B94	0.9870432754599637	0.0
17024	K67	G98	0.41469132586611096	0.0046
17025	K67	I51	0.04443282801881861	0.2227
17026	K67	E88	0.18322411533420707	0.0931
17027	K67	H44	0.04665792922673657	0.2971
17028	K67	G72	0.06114551083591331	0.2191
17029	K67	Q14	0.027611357124251105	0.2946
17030	K67	Q11	0.04259072580645161	0.2052
17031	K67	Q02	0.030256012412723042	0.2973
17032	K67	H93	0.03929787791459261	0.271
17033	K67	F62	0.9992130115424974	0.0
17034	K67	G09	1.0	0.0
17035	K67	G01	0.9986890403775563	0.0
17036	K67	K38	1.0	0.0
17037	K67	B99	1.0	0.0
17038	K67	E90	0.18141244421107902	0.0362
17039	K67	A56	1.0	0.0
17040	K67	G02	0.9986890403775563	0.0
17041	K67	D63	1.0	0.0
17042	K67	B89	1.0	0.0
17043	K67	B97	1.0	0.0
17044	K67	B95	1.0	0.0
17045	K67	F54	0.9997375328083989	0.0
17046	K67	F06	1.0	0.0
17047	F62	M01	0.9862765406525117	0.0
17048	F62	B94	0.9862765406525117	0.0
17049	F62	G98	0.4143675169182717	0.0046
17050	F62	I51	0.04439801514755811	0.2229
17051	F62	E88	0.18308014667365113	0.0931
17052	F62	H44	0.046621267679413304	0.2974
17053	F62	G72	0.06109822119102862	0.2193
17054	F62	Q14	0.027589796980739198	0.2949
17055	F62	Q11	0.04255854948375724	0.2055
17056	F62	Q02	0.030232558139534883	0.2976
17057	F62	H93	0.03926701570680628	0.2713
17058	F62	G09	0.9992130115424974	0.0
17059	F62	G01	0.9979041131778884	0.0
17060	F62	K38	0.9992130115424974	0.0
17061	F62	B99	0.9992130115424974	0.0
17062	F62	E90	0.18126967471143757	0.0363
17063	F62	A56	0.9992130115424974	0.0
17064	F62	G02	0.9979041131778884	0.0
17065	F62	D63	0.9992130115424974	0.0
17066	F62	B89	0.9992130115424974	0.0
17067	F62	B97	0.9992130115424974	0.0
17068	F62	B95	0.9992130115424974	0.0
17069	F62	F54	0.998950957251508	0.0
17070	F62	F06	0.9992130115424974	0.0
17071	G09	M01	0.9870432754599637	0.0
17072	G09	B94	0.9870432754599637	0.0
17073	G09	G98	0.41469132586611096	0.0046
17074	G09	I51	0.04443282801881861	0.2227
17075	G09	E88	0.18322411533420707	0.0931
17076	G09	H44	0.04665792922673657	0.2971
17077	G09	G72	0.06114551083591331	0.2191
17078	G09	Q14	0.027611357124251105	0.2946
17079	G09	Q11	0.04259072580645161	0.2052
17080	G09	Q02	0.030256012412723042	0.2973
17081	G09	H93	0.03929787791459261	0.271
17082	G09	G01	0.9986890403775563	0.0
17083	G09	K38	1.0	0.0
17084	G09	B99	1.0	0.0
17085	G09	E90	0.18141244421107902	0.0362
17086	G09	A56	1.0	0.0
17087	G09	G02	0.9986890403775563	0.0
17088	G09	D63	1.0	0.0
17089	G09	B89	1.0	0.0
17090	G09	B97	1.0	0.0
17091	G09	B95	1.0	0.0
17092	G09	F54	0.9997375328083989	0.0
17093	G09	F06	1.0	0.0
17094	G01	M01	0.9857660455486542	0.0
17095	G01	B94	0.9857660455486542	0.0
17096	G01	G98	0.4141519250780437	0.0046
17097	G01	I51	0.04437483685721744	0.2231
17098	G01	E88	0.18298429319371728	0.0931
17099	G01	H44	0.04659685863874346	0.2976
17100	G01	G72	0.06106673537748003	0.2195
17101	G01	Q14	0.027575442247658687	0.2951
17102	G01	Q11	0.042537125597785046	0.2056
17103	G01	Q02	0.03021694214876033	0.2977
17104	G01	H93	0.03924646781789639	0.2715
17105	G01	K38	0.9986890403775563	0.0
17106	G01	B99	0.9986890403775563	0.0
17107	G01	E90	0.1811746198217095	0.0364
17108	G01	A56	0.9986890403775563	0.0
17109	G01	G02	1.0	0.0
17110	G01	D63	0.9986890403775563	0.0
17111	G01	B89	0.9986890403775563	0.0
17112	G01	B97	0.9986890403775563	0.0
17113	G01	B95	0.9986890403775563	0.0
17114	G01	F54	0.9984272608125819	0.0
17115	G01	F06	0.9986890403775563	0.0
17116	M01	E88	0.18085381630012937	0.0331
17117	M01	G98	0.4097222222222222	0.0006
17118	M01	G72	0.06036678553234845	0.2234
17119	M01	Q14	0.027256364103882748	0.2993
17120	M01	Q11	0.04206072672971628	0.2093
17121	M01	I51	0.04412903225806451	0.225
17122	M01	H93	0.038789759503491075	0.2757
17123	M01	G62	0.05351602895553258	0.2268
17124	M01	G13	0.050711513583441135	0.2527
17125	M01	G99	0.05148771021992238	0.2418
17126	M01	K38	0.9870432754599637	0.0
17127	M01	B99	0.9870432754599637	0.0
17128	M01	E90	0.17906193314330138	0.0378
17129	M01	A56	0.9870432754599637	0.0
17130	M01	G02	0.9857660455486542	0.0
17131	M01	B94	1.0	0.0
17132	M01	D63	0.9870432754599637	0.0
17133	M01	B89	0.9870432754599637	0.0
17134	M01	B97	0.9870432754599637	0.0
17135	M01	B95	0.9870432754599637	0.0
17136	M01	F54	0.9867875647668394	0.0
17137	M01	F06	0.9870432754599637	0.0
17138	K38	B94	0.9870432754599637	0.0
17139	K38	G98	0.41469132586611096	0.0046
17140	K38	I51	0.04443282801881861	0.2227
17141	K38	E88	0.18322411533420707	0.0931
17142	K38	H44	0.04665792922673657	0.2971
17143	K38	G72	0.06114551083591331	0.2191
17144	K38	Q14	0.027611357124251105	0.2946
17145	K38	Q11	0.04259072580645161	0.2052
17146	K38	Q02	0.030256012412723042	0.2973
17147	K38	H93	0.03929787791459261	0.271
17148	K38	B99	1.0	0.0
17149	K38	E90	0.18141244421107902	0.0362
17150	K38	A56	1.0	0.0
17151	K38	G02	0.9986890403775563	0.0
17152	K38	D63	1.0	0.0
17153	K38	B89	1.0	0.0
17154	K38	B97	1.0	0.0
17155	K38	B95	1.0	0.0
17156	K38	F54	0.9997375328083989	0.0
17157	K38	F06	1.0	0.0
17158	B99	B94	0.9870432754599637	0.0
17159	B99	G98	0.41469132586611096	0.0046
17160	B99	I51	0.04443282801881861	0.2227
17161	B99	E88	0.18322411533420707	0.0931
17162	B99	H44	0.04665792922673657	0.2971
17163	B99	G72	0.06114551083591331	0.2191
17164	B99	Q14	0.027611357124251105	0.2946
17165	B99	Q11	0.04259072580645161	0.2052
17166	B99	Q02	0.030256012412723042	0.2973
17167	B99	H93	0.03929787791459261	0.271
17168	B99	E90	0.18141244421107902	0.0362
17169	B99	A56	1.0	0.0
17170	B99	G02	0.9986890403775563	0.0
17171	B99	D63	1.0	0.0
17172	B99	B89	1.0	0.0
17173	B99	B97	1.0	0.0
17174	B99	B95	1.0	0.0
17175	B99	F54	0.9997375328083989	0.0
17176	B99	F06	1.0	0.0
17177	A56	B94	0.9870432754599637	0.0
17178	A56	G98	0.41469132586611096	0.0046
17179	A56	I51	0.04443282801881861	0.2227
17180	A56	E88	0.18322411533420707	0.0931
17181	A56	E90	0.18141244421107902	0.0953
17182	A56	H44	0.04665792922673657	0.2971
17183	A56	G72	0.06114551083591331	0.2191
17184	A56	Q14	0.027611357124251105	0.2946
17185	A56	Q11	0.04259072580645161	0.2052
17186	A56	Q02	0.030256012412723042	0.2973
17187	A56	H93	0.03929787791459261	0.271
17188	A56	G02	0.9986890403775563	0.0
17189	A56	D63	1.0	0.0
17190	A56	B89	1.0	0.0
17191	A56	B97	1.0	0.0
17192	A56	B95	1.0	0.0
17193	A56	F54	0.9997375328083989	0.0
17194	A56	F06	1.0	0.0
17195	G02	B94	0.9857660455486542	0.0
17196	G02	G98	0.4141519250780437	0.0046
17197	G02	I51	0.04437483685721744	0.2231
17198	G02	E88	0.18298429319371728	0.0931
17199	G02	E90	0.1811746198217095	0.0953
17200	G02	H44	0.04659685863874346	0.2976
17201	G02	G72	0.06106673537748003	0.2195
17202	G02	Q14	0.027575442247658687	0.2951
17203	G02	Q11	0.042537125597785046	0.2056
17204	G02	Q02	0.03021694214876033	0.2977
17205	G02	H93	0.03924646781789639	0.2715
17206	G02	D63	0.9986890403775563	0.0
17207	G02	B89	0.9986890403775563	0.0
17208	G02	B97	0.9986890403775563	0.0
17209	G02	B95	0.9986890403775563	0.0
17210	G02	F54	0.9984272608125819	0.0
17211	G02	F06	0.9986890403775563	0.0
17212	B94	E88	0.18085381630012937	0.0331
17213	B94	G98	0.4097222222222222	0.0006
17214	B94	G72	0.06036678553234845	0.2234
17215	B94	Q14	0.027256364103882748	0.2993
17216	B94	Q11	0.04206072672971628	0.2093
17217	B94	I51	0.04412903225806451	0.225
17218	B94	H93	0.038789759503491075	0.2757
17219	B94	G62	0.05351602895553258	0.2268
17220	B94	G13	0.050711513583441135	0.2527
17221	B94	G99	0.05148771021992238	0.2418
17222	B94	E90	0.17906193314330138	0.0378
17223	B94	D63	0.9870432754599637	0.0
17224	B94	B89	0.9870432754599637	0.0
17225	B94	B97	0.9870432754599637	0.0
17226	B94	B95	0.9870432754599637	0.0
17227	B94	F54	0.9867875647668394	0.0
17228	B94	F06	0.9870432754599637	0.0
17229	D63	G98	0.41469132586611096	0.0046
17230	D63	I51	0.04443282801881861	0.2227
17231	D63	E88	0.18322411533420707	0.0931
17232	D63	E90	0.18141244421107902	0.0953
17233	D63	H44	0.04665792922673657	0.2971
17234	D63	G72	0.06114551083591331	0.2191
17235	D63	Q14	0.027611357124251105	0.2946
17236	D63	Q11	0.04259072580645161	0.2052
17237	D63	Q02	0.030256012412723042	0.2973
17238	D63	H93	0.03929787791459261	0.271
17239	D63	B89	1.0	0.0
17240	D63	B97	1.0	0.0
17241	D63	B95	1.0	0.0
17242	D63	F54	0.9997375328083989	0.0
17243	D63	F06	1.0	0.0
17244	B89	G98	0.41469132586611096	0.0046
17245	B89	I51	0.04443282801881861	0.2227
17246	B89	E88	0.18322411533420707	0.0931
17247	B89	E90	0.18141244421107902	0.0953
17248	B89	H44	0.04665792922673657	0.2971
17249	B89	G72	0.06114551083591331	0.2191
17250	B89	Q14	0.027611357124251105	0.2946
17251	B89	Q11	0.04259072580645161	0.2052
17252	B89	Q02	0.030256012412723042	0.2973
17253	B89	H93	0.03929787791459261	0.271
17254	B89	B97	1.0	0.0
17255	B89	B95	1.0	0.0
17256	B89	F54	0.9997375328083989	0.0
17257	B89	F06	1.0	0.0
17258	B97	G98	0.41469132586611096	0.0046
17259	B97	I51	0.04443282801881861	0.2227
17260	B97	E88	0.18322411533420707	0.0931
17261	B97	E90	0.18141244421107902	0.0953
17262	B97	H44	0.04665792922673657	0.2971
17263	B97	G72	0.06114551083591331	0.2191
17264	B97	Q14	0.027611357124251105	0.2946
17265	B97	Q11	0.04259072580645161	0.2052
17266	B97	Q02	0.030256012412723042	0.2973
17267	B97	H93	0.03929787791459261	0.271
17268	B97	B95	1.0	0.0
17269	B97	F54	0.9997375328083989	0.0
17270	B97	F06	1.0	0.0
17271	B95	G98	0.41469132586611096	0.0046
17272	B95	I51	0.04443282801881861	0.2227
17273	B95	E88	0.18322411533420707	0.0931
17274	B95	E90	0.18141244421107902	0.0953
17275	B95	H44	0.04665792922673657	0.2971
17276	B95	G72	0.06114551083591331	0.2191
17277	B95	Q14	0.027611357124251105	0.2946
17278	B95	Q11	0.04259072580645161	0.2052
17279	B95	Q02	0.030256012412723042	0.2973
17280	B95	H93	0.03929787791459261	0.271
17281	B95	F54	0.9997375328083989	0.0
17282	B95	F06	1.0	0.0
17283	F54	G98	0.41458333333333336	0.0045
17284	F54	I51	0.044421217663966554	0.2228
17285	F54	E88	0.1831761006289308	0.0922
17286	F54	E90	0.18136482939632545	0.0944
17287	F54	H44	0.046645702306079666	0.2972
17288	F54	G72	0.06112973948929585	0.2192
17289	F54	Q14	0.027604166666666666	0.2947
17290	F54	Q11	0.04257999496094734	0.2053
17291	F54	Q02	0.030248190279214063	0.2974
17292	F54	H93	0.0392875851231011	0.2711
17293	F54	F06	0.9997375328083989	0.0
17294	B90	J65	0.19518072289156627	0.0156
17295	F06	G98	0.41469132586611096	0.0046
17296	F06	I51	0.04443282801881861	0.2227
17297	F06	E88	0.18322411533420707	0.0931
17298	F06	E90	0.18141244421107902	0.0953
17299	F06	H44	0.04665792922673657	0.2971
17300	F06	G72	0.06114551083591331	0.2191
17301	F06	Q14	0.027611357124251105	0.2946
17302	F06	Q11	0.04259072580645161	0.2052
17303	F06	Q02	0.030256012412723042	0.2973
17304	F06	H93	0.03929787791459261	0.271
17305	L52	E55	0.05263157894736842	0.0175
17306	L52	N41	0.26666666666666666	0.0335
17307	L52	L51	0.45454545454545453	0.0001
17308	L52	L21	0.07692307692307693	0.1233
17309	L52	B34	0.03225806451612903	0.1593
17310	L52	A71	0.125	0.1254
17311	L52	E20	0.05	0.11
17312	L52	G54	0.125	0.1885
17313	L52	G95	0.17391304347826086	0.2306
17314	L52	K10	0.125	0.1886
17315	E55	E20	0.05	0.0215
17316	E55	M50	0.038461538461538464	0.0531
17317	E55	M85	0.03225806451612903	0.2231
17318	E55	M88	0.03389830508474576	0.1488
17319	E55	E70	0.037037037037037035	0.0593
17320	E55	G37	0.0625	0.015
17321	E55	B47	0.0425531914893617	0.0386
17322	E55	K71	0.08333333333333333	0.0015
17323	N41	L51	0.36363636363636365	0.0008
17324	N41	L21	0.0784313725490196	0.1183
17325	N41	G54	0.34615384615384615	0.0089
17326	N41	P72	0.09090909090909091	0.0401
17327	N41	N48	0.07692307692307693	0.0565
17328	N41	G95	0.23809523809523808	0.1339
17329	N41	K10	0.34615384615384615	0.0089
17330	L51	A55	0.1111111111111111	0.0853
17331	L51	B69	0.09090909090909091	0.0643
17332	L51	B30	0.125	0.0876
17333	L51	L21	0.10638297872340426	0.055
17334	L51	H60	0.08333333333333333	0.1235
17335	L51	B34	0.037037037037037035	0.1211
17336	L51	B00	0.043478260869565216	0.2372
17337	L51	A71	0.07692307692307693	0.2795
17338	L51	H16	0.045454545454545456	0.0857
17339	L51	E20	0.0625	0.0631
17340	L51	H20	0.1	0.0272
17341	L51	H10	0.125	0.0876
17342	L51	J20	0.07142857142857142	0.2069
17343	L51	J42	0.058823529411764705	0.2756
17344	L51	J40	0.07142857142857142	0.2069
17345	L51	A04	0.037037037037037035	0.2732
17346	L51	E27	0.038461538461538464	0.1734
17347	L51	G03	0.09090909090909091	0.1134
17348	L51	G54	0.14285714285714285	0.148
17349	L51	A74	0.125	0.0876
17350	L51	M77	0.1	0.1175
17351	L51	I75	0.041666666666666664	0.1899
17352	L51	M24	0.04	0.282
17353	L51	G95	0.21052631578947367	0.1692
17354	L51	A58	0.1111111111111111	0.0853
17355	L51	Q30	0.08333333333333333	0.0623
17356	L51	K10	0.14285714285714285	0.1481
17357	L51	A26	0.07142857142857142	0.08
17358	L21	L82	0.05172413793103448	0.2636
17359	L21	L26	0.4166666666666667	0.0
17360	L21	L25	0.025423728813559324	0.2184
17361	L21	L60	0.02	0.0489
17362	L21	O26	0.10204081632653061	0.0164
17363	L21	Q10	0.02531645569620253	0.2848
17364	L21	Q81	0.34782608695652173	0.0002
17365	L21	J31	0.038461538461538464	0.2899
17366	L21	Q07	0.03571428571428571	0.1993
17367	L21	L58	0.3508771929824561	0.0006
17368	B34	K50	0.04081632653061224	0.0975
17369	B34	L93	0.02666666666666667	0.2194
17370	B34	M45	0.022727272727272728	0.2748
17371	B34	J96	0.041666666666666664	0.2253
17372	B34	A63	0.041666666666666664	0.1634
17373	B34	K59	0.04477611940298507	0.2245
17374	B34	O41	0.06666666666666667	0.1012
17375	B34	P29	0.06451612903225806	0.1096
17376	B34	M22	0.034482758620689655	0.1645
17377	B34	M24	0.05	0.2051
17378	B34	K63	0.037037037037037035	0.2886
17379	A71	M86	0.11764705882352941	0.1418
17380	A71	A65	0.5	0.0002
17381	A71	A52	0.5	0.0153
17382	A71	A23	0.5	0.0153
17383	A71	A75	0.5	0.0153
17384	A71	B55	0.20689655172413793	0.0029
17385	A71	A54	0.5	0.0153
17386	A71	B54	0.08620689655172414	0.2794
17387	A71	A51	0.5	0.0153
17388	A71	A04	0.07142857142857142	0.0813
17389	A71	A50	0.5	0.0153
17390	A71	M02	0.0625	0.241
17391	A71	A53	0.5	0.0153
17392	A71	J90	0.19047619047619047	0.1826
17393	A71	J91	0.19047619047619047	0.1826
17394	E20	J21	0.037037037037037035	0.1955
17395	E20	K27	0.03333333333333333	0.2303
17396	E20	J03	0.045454545454545456	0.1346
17397	E20	H60	0.058823529411764705	0.0743
17398	E20	B00	0.03571428571428571	0.2073
17399	E20	I30	0.041666666666666664	0.1592
17400	E20	H16	0.037037037037037035	0.1955
17401	E20	A55	0.07142857142857142	0.2063
17402	E20	B69	0.0625	0.1523
17403	E20	B30	0.07692307692307693	0.2242
17404	E20	H20	0.06666666666666667	0.0911
17405	E20	H10	0.07692307692307693	0.2242
17406	E20	D82	0.043478260869565216	0.0013
17407	E20	E27	0.06666666666666667	0.0472
17408	E20	D72	0.045454545454545456	0.0202
17409	E20	G03	0.0625	0.2243
17410	E20	E21	0.13333333333333333	0.0613
17411	E20	M61	0.05	0.131
17412	E20	A74	0.07692307692307693	0.2242
17413	E20	M77	0.06666666666666667	0.2404
17414	E20	I75	0.034482758620689655	0.2532
17415	E20	M48	0.05555555555555555	0.2472
17416	E20	A58	0.07142857142857142	0.2063
17417	E20	Q30	0.058823529411764705	0.1415
17418	E20	L67	0.03333333333333333	0.0639
17419	E20	C78	0.045454545454545456	0.1605
17420	E20	A26	0.05263157894736842	0.1559
17421	G54	H53	0.06521739130434782	0.0549
17422	G54	N48	0.03333333333333333	0.2981
17423	G54	H54	0.06	0.0742
17424	G54	G95	0.19444444444444445	0.1938
17425	G54	K10	0.9259259259259259	0.0
17426	G95	M86	0.2702702702702703	0.1019
17427	G95	B54	0.16129032258064516	0.2566
17428	G95	K12	0.30303030303030304	0.0772
17429	G95	M70	0.45454545454545453	0.0212
17430	G95	M71	0.45454545454545453	0.0212
17431	G95	C81	0.18181818181818182	0.1356
17432	G95	K37	0.3448275862068966	0.0337
17433	G95	K35	0.35714285714285715	0.0434
17434	G95	G90	0.05263157894736842	0.1784
17435	G95	G81	0.041666666666666664	0.1554
17436	G95	K41	0.15873015873015872	0.118
17437	G95	K40	0.1388888888888889	0.1308
17438	G95	K81	0.3448275862068966	0.0411
17439	G95	K80	0.09523809523809523	0.1285
17440	G95	K42	0.25	0.0644
17441	G95	F91	0.23255813953488372	0.0428
17442	G95	D25	0.07751937984496124	0.1457
17443	G95	N23	0.2702702702702703	0.0558
17444	G95	K46	0.15873015873015872	0.118
17445	G95	M65	0.5555555555555556	0.0206
17446	G95	I84	0.12658227848101267	0.1318
17447	G95	I73	0.5882352941176471	0.0221
17448	G95	Q54	0.13333333333333333	0.0696
17449	G95	G57	0.043478260869565216	0.2915
17450	G95	N48	0.047619047619047616	0.1746
17451	G95	M14	0.2222222222222222	0.0811
17452	G95	N88	0.5555555555555556	0.0227
17453	G95	T79	0.5555555555555556	0.0223
17454	G95	M19	0.08333333333333333	0.1951
17455	G95	L57	0.11235955056179775	0.1182
17456	G95	K10	0.19444444444444445	0.0733
17457	G95	T37	0.08130081300813008	0.2666
17458	G95	T30	0.17543859649122806	0.0939
17459	G95	T09	0.15151515151515152	0.0907
17460	G95	F02	0.3333333333333333	0.0476
17461	G95	G20+	0.4	0.0466
17462	G95	D77	0.3125	0.1633
17463	G95	L45	0.3125	0.1633
17464	G95	M68	0.3125	0.1633
17465	G95	M07	0.2631578947368421	0.0697
17466	G95	G55	0.3125	0.1633
17467	G95	G94	0.3125	0.1633
17468	G95	H94	0.3125	0.1633
17469	G95	I98	0.3125	0.1633
17470	G95	K45	0.15873015873015872	0.118
17471	G95	M90	0.3125	0.1633
17472	G95	N33	0.3125	0.1633
17473	G95	L02	0.5555555555555556	0.024
17474	G95	K23	0.3125	0.1633
17475	G95	H45	0.3125	0.1633
17476	G95	N29	0.3125	0.1633
17477	G95	K77	0.3125	0.1633
17478	G95	M73	0.3125	0.1633
17479	G95	K93	0.3125	0.1633
17480	G95	H06	0.3125	0.1633
17481	G95	G32	0.3125	0.1633
17482	G95	N22	0.3125	0.1633
17483	G95	H36	0.3125	0.1633
17484	G95	H48	0.3125	0.1633
17485	G95	H22	0.3125	0.1633
17486	G95	N37	0.3125	0.1633
17487	G95	H62	0.3125	0.1633
17488	G95	J90	0.4166666666666667	0.0239
17489	G95	I79	0.3125	0.1633
17490	G95	J91	0.4166666666666667	0.0239
17491	G95	L14	0.3125	0.1633
17492	G95	H58	0.3125	0.1633
17493	G95	H03	0.3125	0.1633
17494	G95	L86	0.3125	0.1633
17495	G95	N51	0.3125	0.1633
17496	G95	L55	0.10714285714285714	0.0887
17497	G95	M63	0.3125	0.1633
17498	G95	K87	0.3125	0.1633
17499	G95	K36	0.38461538461538464	0.0415
17500	G95	M49	0.3125	0.1633
17501	G95	I52	0.3125	0.1633
17502	G95	H75	0.3125	0.1633
17503	K10	H53	0.06521739130434782	0.0549
17504	K10	N48	0.03333333333333333	0.2981
17505	K10	H54	0.06	0.0742
17506	K50	J21	0.15	0.0684
17507	K50	M00	0.09345794392523364	0.1318
17508	K50	L93	0.1506849315068493	0.003
17509	K50	M17	0.09259259259259259	0.1326
17510	K50	B49	0.06896551724137931	0.1297
17511	K50	M45	0.10227272727272728	0.1539
17512	K50	M87	0.04878048780487805	0.1448
17513	K50	J47	0.031746031746031744	0.1508
17514	K50	M04	0.0625	0.211
17515	K50	A04	0.21428571428571427	0.0005
17516	K50	G37	0.02857142857142857	0.1498
17517	K50	D80	0.06666666666666667	0.0361
17518	K50	Q43	0.027777777777777776	0.2637
17519	K50	K59	0.375	0.0
17520	K50	M24	0.13953488372093023	0.0115
17521	K50	S12	0.02702702702702703	0.2565
17522	K50	K63	0.3188405797101449	0.0
17523	K50	M02	0.08849557522123894	0.1331
17524	K50	M19	0.109375	0.117
17525	K50	M09	0.07874015748031496	0.1565
17526	K50	Y83	0.20689655172413793	0.0006
17527	K50	M13	0.09345794392523364	0.1318
17528	J21	K85	0.225	0.0177
17529	J21	A80	0.5294117647058824	0.0017
17530	J21	B69	0.045454545454545456	0.2549
17531	J21	K30	0.08571428571428572	0.2085
17532	J21	J03	0.16	0.0705
17533	J21	J00	0.25	0.0174
17534	J21	B00	0.06060606060606061	0.1342
17535	J21	M87	0.06896551724137931	0.0645
17536	J21	M41	0.10256410256410256	0.0443
17537	J21	I85	0.2222222222222222	0.0127
17538	J21	H20	0.047619047619047616	0.1811
17539	J21	J20	0.13043478260869565	0.0557
17540	J21	J42	0.11538461538461539	0.0788
17541	J21	J40	0.13043478260869565	0.0557
17542	J21	I83	0.04455445544554455	0.2703
17543	J21	L50	0.25	0.0083
17544	J21	I84	0.12658227848101267	0.1318
17545	J21	L95	0.3	0.0204
17546	J21	J35	0.16	0.0705
17547	J21	A04	0.21875	0.0004
17548	J21	K04	0.0421455938697318	0.2466
17549	J21	F21	0.17647058823529413	0.0486
17550	J21	A07	0.2857142857142857	0.0158
17551	J21	F60	0.15789473684210525	0.0583
17552	J21	K59	0.1016949152542373	0.0332
17553	J21	T78	0.3103448275862069	0.0022
17554	J21	M27	0.20689655172413793	0.0081
17555	J21	O15	0.25	0.0077
17556	J21	M75	0.17857142857142858	0.0103
17557	J21	M14	0.2222222222222222	0.0811
17558	J21	K05	0.20689655172413793	0.0073
17559	J21	J30	0.11428571428571428	0.0506
17560	J21	K63	0.0821917808219178	0.0629
17561	J21	I06	0.041666666666666664	0.2119
17562	J21	Q36	0.12121212121212122	0.0258
17563	J21	Q30	0.043478260869565216	0.2362
17564	J21	P96	0.03	0.2742
17565	J21	S27	0.3157894736842105	0.0142
17566	J21	L59	0.3	0.0204
17567	J21	L53	0.3	0.0204
17568	J21	Y14	0.3333333333333333	0.0159
17569	J21	Y83	0.35294117647058826	0.0
17570	J21	M07	0.2631578947368421	0.0697
17571	J21	A26	0.04	0.2439
17572	J21	L58	0.2631578947368421	0.0041
17573	J21	F61	0.15789473684210525	0.0583
17574	J21	B91	0.5294117647058824	0.0017
17575	M00	M10	0.056	0.2975
17576	M00	L93	0.144	0.0039
17577	M00	M17	0.9887640449438202	0.0
17578	M00	M45	0.08333333333333333	0.2178
17579	M00	J47	0.024793388429752067	0.2288
17580	M00	Z88	0.040983606557377046	0.1972
17581	M00	A04	0.057692307692307696	0.1321
17582	M00	G37	0.021505376344086023	0.2403
17583	M00	M89	0.03333333333333333	0.2442
17584	M00	Q41	0.030303030303030304	0.2089
17585	M00	K59	0.0625	0.124
17586	M00	M24	0.06930693069306931	0.1107
17587	M00	D89	0.030927835051546393	0.1162
17588	M00	K63	0.06382978723404255	0.117
17589	M00	M02	0.9361702127659575	0.0
17590	M00	M19	0.7787610619469026	0.0
17591	M00	M09	0.8148148148148148	0.0
17592	M00	M13	1.0	0.0
17593	L93	M17	0.14285714285714285	0.044
17594	L93	B06	0.05737704918032787	0.0905
17595	L93	J47	0.02247191011235955	0.2629
17596	L93	B05	0.05737704918032787	0.0905
17597	L93	A04	0.0547945205479452	0.1463
17598	L93	D84	0.030303030303030304	0.1835
17599	L93	D80	0.03571428571428571	0.1708
17600	L93	K59	0.061855670103092786	0.1267
17601	L93	D89	0.03076923076923077	0.1175
17602	L93	K63	0.05405405405405406	0.1627
17603	L93	M02	0.13740458015267176	0.0434
17604	L93	M19	0.1506849315068493	0.0519
17605	L93	M09	0.13194444444444445	0.0444
17606	L93	M13	0.144	0.0438
17607	M17	M10	0.05555555555555555	0.2981
17608	M17	M45	0.08275862068965517	0.2201
17609	M17	J47	0.02459016393442623	0.2316
17610	M17	Z88	0.04065040650406504	0.1998
17611	M17	A04	0.05714285714285714	0.1346
17612	M17	G37	0.02127659574468085	0.244
17613	M17	M89	0.03319502074688797	0.2456
17614	M17	Q41	0.03007518796992481	0.2114
17615	M17	K59	0.06201550387596899	0.126
17616	M17	M24	0.06862745098039216	0.1132
17617	M17	D89	0.030612244897959183	0.1188
17618	M17	K63	0.06338028169014084	0.1188
17619	M17	M02	0.9263157894736842	0.0
17620	M17	M19	0.7719298245614035	0.0
17621	M17	M09	0.8073394495412844	0.0
17622	M17	M13	0.9887640449438202	0.0
17623	B49	M10	0.045454545454545456	0.2621
17624	B49	M86	0.06666666666666667	0.139
17625	B49	M04	0.09090909090909091	0.0668
17626	B49	K59	0.041666666666666664	0.2934
17627	B49	M24	0.1	0.0507
17628	B49	J47	0.05555555555555555	0.1939
17629	B49	D80	0.6666666666666666	-0.0
17630	M45	M10	0.07692307692307693	0.2449
17631	M45	M86	0.1951219512195122	0.0279
17632	M45	C81	0.11538461538461539	0.2818
17633	M45	K37	0.13924050632911392	0.2557
17634	M45	K35	0.14102564102564102	0.2912
17635	M45	K41	0.10714285714285714	0.2367
17636	M45	K40	0.09917355371900827	0.2343
17637	M45	K81	0.13924050632911392	0.2768
17638	M45	K80	0.07096774193548387	0.2171
17639	M45	K42	0.1348314606741573	0.2284
17640	M45	B51	0.09883720930232558	0.1927
17641	M45	F91	0.10638297872340426	0.2376
17642	M45	H16	0.024096385542168676	0.2729
17643	M45	D25	0.07344632768361582	0.1612
17644	M45	N23	0.15294117647058825	0.196
17645	M45	B50	0.09941520467836257	0.1863
17646	M45	J47	0.0297029702970297	0.1705
17647	M45	K46	0.10714285714285714	0.2367
17648	M45	L70	0.05078125	0.2926
17649	M45	B54	0.14953271028037382	0.1093
17650	M45	N40	0.07407407407407407	0.1605
17651	M45	I84	0.09375	0.2231
17652	M45	A04	0.08433734939759036	0.0515
17653	M45	K12	0.189873417721519	0.1151
17654	M45	K04	0.048701298701298704	0.1983
17655	M45	D80	0.028985507246376812	0.2388
17656	M45	Q54	0.07936507936507936	0.2054
17657	M45	K59	0.09433962264150944	0.0425
17658	M45	M70	0.18571428571428572	0.1915
17659	M45	B53	0.10179640718562874	0.1909
17660	M45	M14	0.1276595744680851	0.2368
17661	M45	B52	0.10179640718562874	0.1909
17662	M45	M24	0.23943661971830985	0.0004
17663	M45	M71	0.18571428571428572	0.1915
17664	M45	S12	0.026785714285714284	0.2597
17665	M45	K63	0.0743801652892562	0.0819
17666	M45	M02	0.08	0.1616
17667	M45	M19	0.17532467532467533	0.0319
17668	M45	L57	0.0948905109489051	0.1649
17669	M45	T37	0.10179640718562874	0.1909
17670	M45	T30	0.11320754716981132	0.2177
17671	M45	T09	0.10434782608695652	0.192
17672	M45	M09	0.07317073170731707	0.1785
17673	M45	M07	0.13793103448275862	0.2483
17674	M45	K45	0.10714285714285714	0.2367
17675	M45	M13	0.08333333333333333	0.1643
17676	M45	L55	0.06707317073170732	0.22
17677	M87	I63	0.06451612903225806	0.0772
17678	M87	I26	0.06	0.0924
17679	M87	A04	0.058823529411764705	0.0969
17680	M87	D68	0.07407407407407407	0.0526
17681	M87	D72	0.04	0.2054
17682	M87	K59	0.03333333333333333	0.2677
17683	M87	Y83	0.1111111111111111	0.0118
17684	M87	H95	0.058823529411764705	0.0969
17685	M87	J90	0.03333333333333333	0.2677
17686	M87	J91	0.03333333333333333	0.2677
17687	M87	N99	0.058823529411764705	0.0969
17688	M87	C81	0.03333333333333333	0.2677
17689	M87	M50	0.03333333333333333	0.2677
17690	M87	F40	0.05263157894736842	0.1241
17691	M87	K05	0.03225806451612903	0.2794
17692	M87	I81	0.05555555555555555	0.09
17693	M87	N95	0.0625	0.1426
17694	M87	M42	0.058823529411764705	0.0127
17695	M87	M94	0.037037037037037035	0.1176
17696	M87	M22	0.047619047619047616	0.0822
17697	M87	E80	0.0625	0.0836
17698	M87	D66	0.09523809523809523	0.26
17699	M87	E76	0.04878048780487805	0.049
17700	M87	M91	0.07142857142857142	0.1993
17701	M87	O20	0.04	0.2861
17702	J47	M10	0.03896103896103896	0.0977
17703	J47	M86	0.03125	0.1554
17704	J47	M04	0.03571428571428571	0.1188
17705	J47	K59	0.024390243902439025	0.2344
17706	J47	M24	0.037037037037037035	0.1097
17707	J47	K63	0.020833333333333332	0.2899
17708	J47	M02	0.023622047244094488	0.2454
17709	J47	M19	0.02054794520547945	0.2949
17710	J47	M09	0.02127659574468085	0.2823
17711	J47	M13	0.024793388429752067	0.2288
17712	J47	D07	0.022988505747126436	0.2549
17713	J47	D02	0.02247191011235955	0.2629
17714	J47	D00	0.022988505747126436	0.2549
17715	J47	D01	0.02247191011235955	0.2629
17716	J47	D80	0.05405405405405406	0.0682
17717	J47	Q34	0.12941176470588237	0.0006
17718	J47	P91	0.024390243902439025	0.0257
17719	M04	M10	0.2222222222222222	0.0037
17720	M04	M86	0.061224489795918366	0.2178
17721	M04	C55	0.21428571428571427	0.0046
17722	M04	I30	0.44	0.0
17723	M04	I40	0.391304347826087	0.0024
17724	M04	N35	0.391304347826087	0.0021
17725	M04	A78	0.038461538461538464	0.2937
17726	M04	H33	0.2727272727272727	0.0032
17727	M04	C15	0.28125	0.0025
17728	M04	D80	0.08695652173913043	0.0129
17729	M04	K59	0.04477611940298507	0.2245
17730	M04	G56	0.25	0.002
17731	M04	M24	0.07692307692307693	0.0868
17732	M04	O01	0.28125	0.0163
17733	M04	K63	0.037037037037037035	0.2886
17734	M04	Y83	0.037037037037037035	0.2786
17735	A04	H60	0.03571428571428571	0.2862
17736	A04	B00	0.05263157894736842	0.1578
17737	A04	B55	0.0425531914893617	0.2251
17738	A04	B54	0.04054054054054054	0.2416
17739	A04	H20	0.038461538461538464	0.2519
17740	A04	Q41	0.04477611940298507	0.0983
17741	A04	K59	0.14754098360655737	0.007
17742	A04	M24	0.05	0.2051
17743	A04	K63	0.12	0.0174
17744	A04	M02	0.05454545454545454	0.2889
17745	A04	Y83	0.2727272727272727	0.0001
17746	A04	M13	0.057692307692307696	0.2868
17747	G37	B55	0.030303030303030304	0.1334
17748	G37	M02	0.020202020202020204	0.2622
17749	G37	M13	0.021505376344086023	0.2403
17750	G37	M50	0.043478260869565216	0.0549
17751	G37	J30	0.03571428571428571	0.0927
17752	G37	M85	0.03571428571428571	0.0927
17753	G37	E87	0.03125	0.1251
17754	G37	E71	0.034482758620689655	0.0106
17755	D80	M10	0.044444444444444446	0.1104
17756	D80	M86	0.06451612903225806	0.0402
17757	D80	K59	0.04081632653061224	0.1324
17758	D80	M24	0.09523809523809523	0.0084
17759	D80	K63	0.031746031746031744	0.2081
17760	D80	D07	0.037037037037037035	0.1599
17761	D80	D02	0.03571428571428571	0.1708
17762	D80	D00	0.037037037037037035	0.1599
17763	D80	D01	0.03571428571428571	0.1708
17764	Q43	K59	0.1504424778761062	0.0006
17765	Q43	K63	0.13385826771653545	0.0014
17766	Q43	Q45	0.296	0.0
17767	Q43	Q35	0.02631578947368421	0.2829
17768	Q43	Q41	0.18181818181818182	0.0001
17769	Q43	G91	0.018691588785046728	0.0787
17770	Q43	P24	0.018518518518518517	0.2564
17771	K59	M86	0.04	0.2634
17772	K59	F43	0.02	0.2866
17773	K59	E26	0.027777777777777776	0.1288
17774	K59	I71	0.028169014084507043	0.1148
17775	K59	M24	0.0967741935483871	0.0458
17776	K59	K63	0.6923076923076923	0.0
17777	K59	M02	0.05970149253731343	0.2569
17778	K59	M09	0.05405405405405406	0.2803
17779	K59	Y83	0.125	0.0124
17780	K59	M13	0.0625	0.2584
17781	M24	M86	0.06382978723404255	0.1319
17782	M24	D89	0.03225806451612903	0.1058
17783	M24	K63	0.07894736842105263	0.0702
17784	M24	M02	0.06542056074766354	0.2254
17785	M24	M19	0.064	0.2852
17786	M24	M09	0.05785123966942149	0.2563
17787	M24	Y83	0.04	0.2513
17788	M24	M13	0.06930693069306931	0.2229
17789	S12	J30	0.045454545454545456	0.0978
17790	S12	B58	0.03076923076923077	0.2114
17791	S12	J36	0.06	0.2467
17792	S12	L60	0.0196078431372549	0.0519
17793	S12	J31	0.03773584905660377	0.2969
17794	K63	Z88	0.12222222222222222	0.0162
17795	K63	I71	0.04819277108433735	0.024
17796	K63	J33	0.04938271604938271	0.2858
17797	K63	J30	0.07692307692307693	0.1348
17798	K63	M02	0.061224489795918366	0.2481
17799	K63	M09	0.055900621118012424	0.2684
17800	K63	Y83	0.0967741935483871	0.034
17801	K63	M13	0.06382978723404255	0.251
17802	M02	M10	0.05343511450381679	0.2963
17803	M02	B55	0.06140350877192982	0.2471
17804	M02	M89	0.032520325203252036	0.2528
17805	M02	Q41	0.028985507246376812	0.2238
17806	M02	D89	0.02912621359223301	0.1318
17807	M02	M19	0.7394957983193278	0.0
17808	M02	M09	0.7719298245614035	0.0
17809	M02	M13	0.9361702127659575	0.0
17810	M19	M10	0.07534246575342465	0.2283
17811	M19	M86	0.10852713178294573	0.1189
17812	M19	B51	0.07834101382488479	0.2153
17813	M19	B50	0.08372093023255814	0.1937
17814	M19	B54	0.12	0.0949
17815	M19	K12	0.112	0.1111
17816	M19	M70	0.13274336283185842	0.0739
17817	M19	B53	0.08018867924528301	0.2076
17818	M19	B52	0.08018867924528301	0.2076
17819	M19	M71	0.13274336283185842	0.0739
17820	M19	D25	0.06818181818181818	0.1838
17821	M19	I84	0.0755813953488372	0.2986
17822	M19	M89	0.03018867924528302	0.2791
17823	M19	Q41	0.025477707006369428	0.2684
17824	M19	D89	0.02459016393442623	0.181
17825	M19	L57	0.08333333333333333	0.2055
17826	M19	T37	0.08018867924528301	0.2715
17827	M19	T30	0.09395973154362416	0.2822
17828	M19	M09	0.6616541353383458	0.0
17829	M19	M13	0.7787610619469026	0.0
17830	M19	L55	0.057692307692307696	0.272
17831	M09	M10	0.05555555555555555	0.2706
17832	M09	B06	0.03409090909090909	0.241
17833	M09	B05	0.03409090909090909	0.241
17834	M09	M89	0.03875968992248062	0.1939
17835	M09	Q41	0.02631578947368421	0.257
17836	M09	D89	0.02564102564102564	0.1682
17837	M09	L44	0.027972027972027972	0.2478
17838	M09	M13	0.8148148148148148	0.0
17839	Y83	B00	0.043478260869565216	0.2226
17840	Y83	F11	0.034482758620689655	0.2776
17841	M13	M10	0.056	0.2975
17842	M13	M89	0.03333333333333333	0.2442
17843	M13	Q41	0.030303030303030304	0.2089
17844	M13	D89	0.030927835051546393	0.1162
17845	J02	K85	0.06060606060606061	0.2727
17846	J02	K27	0.09523809523809523	0.1066
17847	J02	J03	0.15384615384615385	0.0781
17848	J02	I80	0.2857142857142857	0.0002
17849	J02	H60	0.25	0.0018
17850	J02	B00	0.10526315789473684	0.0302
17851	J02	I30	0.13333333333333333	0.0634
17852	J02	I63	0.1	0.0265
17853	J02	I05	0.2857142857142857	0.0007
17854	J02	J35	0.15384615384615385	0.0781
17855	J02	K76	0.14285714285714285	0.0145
17856	J02	G00	0.034482758620689655	0.2377
17857	J02	G03	0.2857142857142857	0.001
17858	J02	O15	0.06896551724137931	0.2635
17859	J02	M77	0.3333333333333333	0.0007
17860	J02	M79	0.05	0.2158
17861	J02	B60	0.4	0.0005
17862	J02	Q37	0.07142857142857142	0.0837
17863	K85	A80	0.28125	0.0344
17864	K85	K30	0.08163265306122448	0.2247
17865	K85	J03	0.1282051282051282	0.1197
17866	K85	I80	0.05555555555555555	0.2044
17867	K85	H60	0.05405405405405406	0.258
17868	K85	J00	0.22448979591836735	0.0264
17869	K85	B00	0.041666666666666664	0.2519
17870	K85	M41	0.05454545454545454	0.1913
17871	K85	I85	0.14285714285714285	0.0612
17872	K85	I63	0.04081632653061224	0.2286
17873	K85	I05	0.05555555555555555	0.2485
17874	K85	I83	0.046296296296296294	0.2568
17875	K85	L50	0.17647058823529413	0.0346
17876	K85	I84	0.09473684210526316	0.2196
17877	K85	L95	0.17142857142857143	0.1095
17878	K85	J35	0.1282051282051282	0.1197
17879	K85	K76	0.046511627906976744	0.2546
17880	K85	K04	0.03985507246376811	0.2662
17881	K85	G03	0.05555555555555555	0.265
17882	K85	F21	0.09375	0.2022
17883	K85	A07	0.16666666666666666	0.09
17884	K85	F60	0.08823529411764706	0.2058
17885	K85	T78	0.20454545454545456	0.0181
17886	K85	M27	0.13636363636363635	0.0424
17887	K85	O15	0.22448979591836735	0.0128
17888	K85	M77	0.05714285714285714	0.2948
17889	K85	M75	0.125	0.0411
17890	K85	M14	0.14754098360655737	0.1891
17891	K85	K05	0.13636363636363635	0.0393
17892	K85	M79	0.041666666666666664	0.2788
17893	K85	J30	0.058823529411764705	0.2163
17894	K85	Q36	0.061224489795918366	0.159
17895	K85	P96	0.03508771929824561	0.2199
17896	K85	S27	0.17647058823529413	0.094
17897	K85	Q37	0.03508771929824561	0.2975
17898	K85	L59	0.17142857142857143	0.1095
17899	K85	L53	0.17142857142857143	0.1095
17900	K85	Y14	0.21428571428571427	0.0703
17901	K85	M07	0.16666666666666666	0.1856
17902	K85	L58	0.16666666666666666	0.0312
17903	K85	F61	0.08823529411764706	0.2058
17904	K85	B91	0.28125	0.0344
17905	K27	M10	0.0847457627118644	0.1366
17906	K27	A55	0.09090909090909091	0.1338
17907	K27	K37	0.13513513513513514	0.2662
17908	K27	K35	0.1388888888888889	0.2967
17909	K27	B69	0.08333333333333333	0.081
17910	K27	K30	0.07894736842105263	0.236
17911	K27	J03	0.10344827586206896	0.1806
17912	K27	I80	0.08333333333333333	0.092
17913	K27	H33	0.1111111111111111	0.0986
17914	K27	H60	0.125	0.0431
17915	K27	B00	0.08571428571428572	0.0581
17916	K27	I30	0.13333333333333333	0.0634
17917	K27	H20	0.041666666666666664	0.2244
17918	K27	I63	0.05405405405405406	0.1414
17919	K27	I05	0.08333333333333333	0.1233
17920	K27	N96	0.045454545454545456	0.1992
17921	K27	J35	0.10344827586206896	0.1806
17922	K27	K76	0.13793103448275862	0.0169
17923	K27	Q31	0.03571428571428571	0.0576
17924	K27	G03	0.13043478260869565	0.0438
17925	K27	O44	0.045454545454545456	0.2447
17926	K27	J96	0.043478260869565216	0.2111
17927	K27	M77	0.13636363636363635	0.0537
17928	K27	B60	0.2	0.0233
17929	K27	A58	0.09090909090909091	0.1338
17930	K27	Q30	0.038461538461538464	0.2791
17931	K27	Q37	0.044444444444444446	0.2149
17932	K27	A26	0.03571428571428571	0.2839
17933	K27	K36	0.14705882352941177	0.2976
17934	J03	A80	0.16666666666666666	0.1369
17935	J03	A55	0.06666666666666667	0.2293
17936	J03	B69	0.058823529411764705	0.1702
17937	J03	B30	0.07142857142857142	0.2496
17938	J03	F43	0.07142857142857142	0.0109
17939	J03	K30	0.13793103448275862	0.0797
17940	J03	I80	0.125	0.0276
17941	J03	K81	0.13333333333333333	0.2923
17942	J03	H60	0.1875	0.0088
17943	J03	J00	0.21212121212121213	0.0323
17944	J03	B00	0.1111111111111111	0.0248
17945	J03	I30	0.13043478260869565	0.0673
17946	J03	H16	0.03571428571428571	0.1455
17947	J03	M41	0.1875	0.0033
17948	J03	H20	0.0625	0.1059
17949	J03	I63	0.06896551724137931	0.0822
17950	J03	N23	0.13513513513513514	0.237
17951	J03	H10	0.07142857142857142	0.2496
17952	J03	I05	0.125	0.0429
17953	J03	L50	0.08108108108108109	0.2148
17954	J03	L95	0.16666666666666666	0.1165
17955	J03	J35	1.0	0.0
17956	J03	K76	0.08695652173913043	0.0769
17957	J03	K12	0.11764705882352941	0.2623
17958	J03	G00	0.06153846153846154	0.0762
17959	J03	E27	0.03125	0.2413
17960	J03	G03	0.2	0.0081
17961	J03	F21	0.25	0.0135
17962	J03	A07	0.15789473684210525	0.1022
17963	J03	F60	0.21428571428571427	0.0209
17964	J03	J96	0.05263157894736842	0.1519
17965	J03	T78	0.1	0.1419
17966	J03	M27	0.1111111111111111	0.0764
17967	J03	O15	0.21212121212121213	0.0162
17968	J03	A74	0.07142857142857142	0.2496
17969	J03	M77	0.21428571428571427	0.01
17970	J03	M75	0.07017543859649122	0.1676
17971	J03	M14	0.1111111111111111	0.2855
17972	J03	I75	0.03333333333333333	0.2651
17973	J03	K05	0.1111111111111111	0.0718
17974	J03	M79	0.1111111111111111	0.0328
17975	J03	B60	0.14285714285714285	0.0688
17976	J03	M48	0.11428571428571428	0.056
17977	J03	A58	0.06666666666666667	0.2293
17978	J03	Q36	0.14285714285714285	0.0133
17979	J03	Q30	0.05555555555555555	0.1579
17980	J03	P96	0.0425531914893617	0.159
17981	J03	S27	0.17647058823529413	0.094
17982	J03	Q37	0.05405405405405406	0.1538
17983	J03	L59	0.16666666666666666	0.1165
17984	J03	L53	0.16666666666666666	0.1165
17985	J03	Y14	0.10714285714285714	0.266
17986	J03	M07	0.13157894736842105	0.2648
17987	J03	A26	0.05	0.1712
17988	J03	L58	0.10256410256410256	0.119
17989	J03	F61	0.21428571428571427	0.0209
17990	J03	B91	0.16666666666666666	0.1369
17991	I80	M86	0.058823529411764705	0.1861
17992	I80	I81	0.07142857142857142	0.0447
17993	I80	H60	0.18181818181818182	0.0102
17994	I80	B00	0.09090909090909091	0.0488
17995	I80	I30	0.1111111111111111	0.1006
17996	I80	I63	0.08695652173913043	0.0427
17997	I80	I05	0.2	0.0063
17998	I80	J35	0.125	0.1263
17999	I80	K76	0.11764705882352941	0.0309
18000	I80	D68	0.10526315789473684	0.0065
18001	I80	G00	0.03278688524590164	0.2552
18002	I80	G03	0.2	0.0081
18003	I80	O15	0.0625	0.2987
18004	I80	M77	0.2222222222222222	0.0084
18005	I80	M79	0.043478260869565216	0.2637
18006	I80	B60	0.25	0.009
18007	I80	Q37	0.06451612903225806	0.1067
18008	H60	M10	0.0625	0.2086
18009	H60	M86	0.05714285714285714	0.2387
18010	H60	A55	0.1	0.1093
18011	H60	B69	0.08333333333333333	0.081
18012	H60	B30	0.1111111111111111	0.1149
18013	H60	B00	0.13636363636363635	0.0106
18014	H60	I30	0.16666666666666666	0.0317
18015	H60	H16	0.043478260869565216	0.0955
18016	H60	H20	0.09090909090909091	0.0379
18017	H60	I63	0.08333333333333333	0.0487
18018	H60	H10	0.1111111111111111	0.1149
18019	H60	I05	0.18181818181818182	0.0101
18020	H60	J20	0.06666666666666667	0.2299
18021	H60	J42	0.05555555555555555	0.2962
18022	H60	J40	0.06666666666666667	0.2299
18023	H60	J35	0.1875	0.0446
18024	H60	K76	0.1111111111111111	0.0375
18025	H60	G00	0.03225806451612903	0.2609
18026	H60	E27	0.037037037037037035	0.1851
18027	H60	G03	0.3	0.0007
18028	H60	M70	0.15789473684210525	0.2455
18029	H60	A74	0.1111111111111111	0.1149
18030	H60	M77	0.3333333333333333	0.0007
18031	H60	I75	0.04	0.203
18032	H60	M79	0.041666666666666664	0.2788
18033	H60	M71	0.15789473684210525	0.2455
18034	H60	B60	0.2222222222222222	0.0153
18035	H60	M48	0.0625	0.2075
18036	H60	A58	0.1	0.1093
18037	H60	Q30	0.07692307692307693	0.0772
18038	H60	Q37	0.0625	0.1145
18039	H60	A26	0.06666666666666667	0.0948
18040	B00	M10	0.05084745762711865	0.1857
18041	B00	M86	0.043478260869565216	0.2372
18042	B00	B69	0.043478260869565216	0.2706
18043	B00	I30	0.10344827586206896	0.1179
18044	B00	H20	0.045454545454545456	0.1958
18045	B00	I63	0.05714285714285714	0.1264
18046	B00	I05	0.09090909090909091	0.1018
18047	B00	J35	0.1111111111111111	0.159
18048	B00	K76	0.06896551724137931	0.1311
18049	B00	G00	0.041666666666666664	0.1759
18050	B00	G03	0.14285714285714285	0.0324
18051	B00	J12	0.027932960893854747	0.2972
18052	B00	J96	0.045454545454545456	0.1966
18053	B00	M77	0.15	0.04
18054	B00	B60	0.1	0.1541
18055	B00	Q36	0.05555555555555555	0.1886
18056	B00	Q30	0.041666666666666664	0.2509
18057	B00	D28	0.05555555555555555	0.1091
18058	B00	Q37	0.07142857142857142	0.0837
18059	B00	U04	0.031055900621118012	0.2769
18060	B00	A26	0.038461538461538464	0.2576
18061	I30	M10	0.28888888888888886	0.0025
18062	I30	M86	0.07317073170731707	0.2208
18063	I30	C55	0.30303030303030304	0.0018
18064	I30	I40	0.7142857142857143	0.0
18065	I30	A55	0.058823529411764705	0.2728
18066	I30	B69	0.05263157894736842	0.2052
18067	I30	B30	0.0625	0.297
18068	I30	N35	0.6	0.0001
18069	I30	H33	0.4166666666666667	0.0001
18070	I30	H16	0.03333333333333333	0.1655
18071	I30	H20	0.05555555555555555	0.1361
18072	I30	I63	0.06451612903225806	0.0966
18073	I30	H10	0.0625	0.297
18074	I30	I05	0.1111111111111111	0.061
18075	I30	C15	0.375	0.0003
18076	I30	J35	0.13043478260869565	0.1153
18077	I30	K76	0.08	0.0946
18078	I30	G00	0.028985507246376812	0.2992
18079	I30	G03	0.17647058823529413	0.0144
18080	I30	G56	0.32142857142857145	0.0003
18081	I30	A74	0.0625	0.297
18082	I30	M77	0.1875	0.0178
18083	I30	O01	0.375	0.004
18084	I30	B60	0.125	0.0963
18085	I30	M48	0.05128205128205128	0.2753
18086	I30	A58	0.058823529411764705	0.2728
18087	I30	Q30	0.05	0.19
18088	I30	Q37	0.05128205128205128	0.1694
18089	I30	A26	0.045454545454545456	0.2011
18090	I63	M86	0.0425531914893617	0.2146
18091	I63	I05	0.13636363636363635	0.0321
18092	I63	I26	0.03571428571428571	0.258
18093	I63	I49	0.038834951456310676	0.1593
18094	I63	K76	0.06666666666666667	0.1404
18095	I63	G00	0.0410958904109589	0.1801
18096	I63	G03	0.08695652173913043	0.1247
18097	I63	J96	0.044444444444444446	0.2039
18098	I63	O15	0.20512820512820512	0.0186
18099	I63	M77	0.09090909090909091	0.1429
18100	I63	B60	0.09523809523809523	0.1685
18101	I63	I06	0.17391304347826086	0.0013
18102	I63	M48	0.15	0.0226
18103	I63	N94	0.043478260869565216	0.2922
18104	I63	T88	0.047619047619047616	0.0182
18105	I63	Q37	0.045454545454545456	0.2075
18106	I63	H95	0.045454545454545456	0.2765
18107	I63	A26	0.16666666666666666	0.0026
18108	I63	N63	0.05263157894736842	0.1772
18109	I63	N99	0.045454545454545456	0.2765
18110	I05	M86	0.09090909090909091	0.1018
18111	I05	A36	0.07142857142857142	0.0285
18112	I05	J35	0.125	0.1263
18113	I05	K76	0.11764705882352941	0.0309
18114	I05	G00	0.03278688524590164	0.2552
18115	I05	G03	0.2	0.0081
18116	I05	O15	0.0967741935483871	0.1536
18117	I05	M77	0.2222222222222222	0.0084
18118	I05	M79	0.043478260869565216	0.2637
18119	I05	B60	0.25	0.009
18120	I05	Q37	0.06451612903225806	0.1067
18121	J35	B54	0.08064516129032258	0.2636
18122	J35	A80	0.16666666666666666	0.1369
18123	J35	A55	0.06666666666666667	0.2293
18124	J35	B69	0.058823529411764705	0.1702
18125	J35	B30	0.07142857142857142	0.2496
18126	J35	F43	0.07142857142857142	0.0109
18127	J35	K30	0.13793103448275862	0.0797
18128	J35	K81	0.13333333333333333	0.2923
18129	J35	J00	0.21212121212121213	0.0323
18130	J35	M41	0.1875	0.0033
18131	J35	H20	0.0625	0.1059
18132	J35	N23	0.13513513513513514	0.237
18133	J35	H10	0.07142857142857142	0.2496
18134	J35	L50	0.08108108108108109	0.2148
18135	J35	L95	0.16666666666666666	0.1165
18136	J35	K76	0.08695652173913043	0.0769
18137	J35	K12	0.11764705882352941	0.2623
18138	J35	G00	0.06153846153846154	0.0762
18139	J35	E27	0.03125	0.2413
18140	J35	G03	0.2	0.0081
18141	J35	F21	0.25	0.0135
18142	J35	A07	0.15789473684210525	0.1022
18143	J35	F60	0.21428571428571427	0.0209
18144	J35	J96	0.05263157894736842	0.1519
18145	J35	T78	0.1	0.1419
18146	J35	M27	0.1111111111111111	0.0764
18147	J35	O15	0.21212121212121213	0.0162
18148	J35	A74	0.07142857142857142	0.2496
18149	J35	M77	0.21428571428571427	0.01
18150	J35	M75	0.07017543859649122	0.1676
18151	J35	M14	0.1111111111111111	0.2855
18152	J35	I75	0.03333333333333333	0.2651
18153	J35	K05	0.1111111111111111	0.0718
18154	J35	M79	0.1111111111111111	0.0328
18155	J35	B60	0.14285714285714285	0.0688
18156	J35	M48	0.11428571428571428	0.056
18157	J35	A58	0.06666666666666667	0.2293
18158	J35	Q36	0.14285714285714285	0.0133
18159	J35	Q30	0.05555555555555555	0.1579
18160	J35	P96	0.0425531914893617	0.159
18161	J35	S27	0.17647058823529413	0.094
18162	J35	Q37	0.05405405405405406	0.1538
18163	J35	L59	0.16666666666666666	0.1165
18164	J35	L53	0.16666666666666666	0.1165
18165	J35	Y14	0.10714285714285714	0.266
18166	J35	M07	0.13157894736842105	0.2648
18167	J35	A26	0.05	0.1712
18168	J35	L58	0.10256410256410256	0.119
18169	J35	F61	0.21428571428571427	0.0209
18170	J35	B91	0.16666666666666666	0.1369
18171	K76	M86	0.04878048780487805	0.2382
18172	K76	H33	0.06451612903225806	0.2613
18173	K76	J00	0.07894736842105263	0.28
18174	K76	G00	0.029411764705882353	0.2939
18175	K76	G03	0.11764705882352941	0.0596
18176	K76	Q44	0.13043478260869565	0.0338
18177	K76	M77	0.125	0.0686
18178	K76	I75	0.03225806451612903	0.2768
18179	K76	B60	0.3076923076923077	0.003
18180	K76	Q37	0.05263157894736842	0.1616
18181	G00	B51	0.04093567251461988	0.1813
18182	G00	B50	0.041176470588235294	0.1795
18183	G00	B54	0.037037037037037035	0.2135
18184	G00	G03	0.03278688524590164	0.2552
18185	G00	B53	0.04216867469879518	0.1722
18186	G00	O15	0.0625	0.0731
18187	G00	M77	0.03333333333333333	0.2494
18188	G00	B52	0.04216867469879518	0.1722
18189	G00	B60	0.03389830508474576	0.2436
18190	G00	T37	0.04216867469879518	0.1722
18191	G00	J00	0.04938271604938271	0.1271
18192	G00	N23	0.04819277108433735	0.1337
18193	G00	Q37	0.037037037037037035	0.278
18194	G03	M10	0.06382978723404255	0.2173
18195	G03	M86	0.058823529411764705	0.245
18196	G03	B54	0.05172413793103448	0.2905
18197	G03	K12	0.10344827586206896	0.0839
18198	G03	A55	0.1111111111111111	0.0853
18199	G03	B69	0.09090909090909091	0.0643
18200	G03	B30	0.125	0.0876
18201	G03	H20	0.1	0.0272
18202	G03	H10	0.125	0.0876
18203	G03	J20	0.07142857142857142	0.2069
18204	G03	J42	0.058823529411764705	0.2756
18205	G03	J40	0.07142857142857142	0.2069
18206	G03	D84	0.11764705882352941	0.0011
18207	G03	E27	0.038461538461538464	0.1734
18208	G03	M70	0.16666666666666666	0.227
18209	G03	O15	0.0625	0.2987
18210	G03	A74	0.125	0.0876
18211	G03	M77	0.375	0.0003
18212	G03	I75	0.041666666666666664	0.1899
18213	G03	M79	0.043478260869565216	0.2637
18214	G03	M71	0.16666666666666666	0.227
18215	G03	B60	0.25	0.009
18216	G03	M48	0.06451612903225806	0.1972
18217	G03	A58	0.1111111111111111	0.0853
18218	G03	Q30	0.08333333333333333	0.0623
18219	G03	Q37	0.06451612903225806	0.1067
18220	G03	A26	0.07142857142857142	0.08
18221	O15	B54	0.0641025641025641	0.2895
18222	O15	K12	0.125	0.0888
18223	O15	M70	0.075	0.2344
18224	O15	A80	0.32142857142857145	0.0211
18225	O15	J00	0.3023255813953488	0.0074
18226	O15	M41	0.08	0.0882
18227	O15	I85	0.15789473684210525	0.0455
18228	O15	N23	0.16	0.1817
18229	O15	L50	0.19148936170212766	0.0259
18230	O15	I84	0.16279069767441862	0.0737
18231	O15	L95	0.1935483870967742	0.0821
18232	O15	I49	0.03571428571428571	0.1848
18233	O15	F17	0.030927835051546393	0.2783
18234	O15	I47	0.031746031746031744	0.2415
18235	O15	O14	0.1	0.0566
18236	O15	F21	0.10714285714285714	0.1607
18237	O15	A07	0.1875	0.0664
18238	O15	F60	0.1	0.1665
18239	O15	T78	0.225	0.0121
18240	O15	M27	0.15	0.0308
18241	O15	Q25	0.02702702702702703	0.2953
18242	O15	M77	0.06451612903225806	0.2517
18243	O15	M75	0.14925373134328357	0.022
18244	O15	M14	0.17857142857142858	0.1331
18245	O15	K05	0.15	0.0284
18246	O15	M79	0.06976744186046512	0.1175
18247	O15	B60	0.06666666666666667	0.288
18248	O15	J30	0.06382978723404255	0.1898
18249	O15	I06	0.16129032258064516	0.0022
18250	O15	M48	0.1	0.0804
18251	O15	N94	0.06451612903225806	0.1603
18252	O15	T88	0.03333333333333333	0.062
18253	O15	Q36	0.06666666666666667	0.1349
18254	O15	S27	0.2	0.0684
18255	O15	Q37	0.03773584905660377	0.2714
18256	O15	L59	0.1935483870967742	0.0821
18257	O15	L53	0.1935483870967742	0.0821
18258	O15	Y14	0.2702702702702703	0.035
18259	O15	M07	0.20408163265306123	0.127
18260	O15	A26	0.12121212121212122	0.0135
18261	O15	L58	0.18	0.0236
18262	O15	F61	0.1	0.1665
18263	O15	B91	0.32142857142857145	0.0211
18264	M77	M10	0.06521739130434782	0.248
18265	M77	M86	0.06060606060606061	0.2737
18266	M77	K12	0.10714285714285714	0.1008
18267	M77	M70	0.3333333333333333	0.0007
18268	M77	A55	0.125	0.0626
18269	M77	B69	0.1	0.0488
18270	M77	B30	0.14285714285714285	0.0617
18271	M77	J00	0.13793103448275862	0.1078
18272	M77	H20	0.1111111111111111	0.0182
18273	M77	H10	0.14285714285714285	0.0617
18274	M77	J20	0.2727272727272727	0.0022
18275	M77	J42	0.21428571428571427	0.0086
18276	M77	J40	0.2727272727272727	0.0022
18277	M77	E27	0.04	0.1616
18278	M77	A74	0.14285714285714285	0.0617
18279	M77	I75	0.043478260869565216	0.1766
18280	M77	M79	0.045454545454545456	0.2482
18281	M77	M71	0.3333333333333333	0.0512
18282	M77	B60	0.2857142857142857	0.0046
18283	M77	M48	0.06666666666666667	0.1868
18284	M77	A58	0.125	0.0626
18285	M77	Q36	0.041666666666666664	0.2866
18286	M77	Q30	0.09090909090909091	0.0483
18287	M77	Q37	0.06666666666666667	0.099
18288	M77	A26	0.07692307692307693	0.0658
18289	M79	M86	0.043478260869565216	0.2637
18290	M79	K12	0.07317073170731707	0.1058
18291	M79	M70	0.06451612903225806	0.1381
18292	M79	M71	0.06451612903225806	0.1381
18293	M79	B60	0.047619047619047616	0.2322
18294	M79	A55	0.047619047619047616	0.2322
18295	M79	K37	0.05263157894736842	0.199
18296	M79	K35	0.05405405405405406	0.1905
18297	M79	K30	0.18181818181818182	0.0036
18298	M79	G81	0.04	0.2935
18299	M79	K81	0.05263157894736842	0.199
18300	M79	J00	0.06976744186046512	0.1175
18301	M79	F95	0.09090909090909091	0.0612
18302	M79	K42	0.04081632653061224	0.2862
18303	M79	M50	0.06060606060606061	0.1557
18304	M79	F91	0.058823529411764705	0.1645
18305	M79	M41	0.07317073170731707	0.1058
18306	M79	N23	0.09090909090909091	0.0612
18307	M79	F50	0.3103448275862069	0.0001
18308	M79	F40	0.09090909090909091	0.0612
18309	M79	F45	0.1	0.0462
18310	M79	F17	0.07142857142857142	0.1116
18311	M79	F11	0.13513513513513514	0.0156
18312	M79	G56	0.05128205128205128	0.2075
18313	M79	M14	0.09803921568627451	0.0491
18314	M79	A58	0.047619047619047616	0.2322
18315	M79	F43	0.05	0.043
18316	M79	F32	0.041666666666666664	0.0866
18317	M79	N96	0.05	0.1692
18318	M79	D82	0.03333333333333333	0.0068
18319	M79	F98	0.06818181818181818	0.1241
18320	M79	M48	0.125	0.0427
18321	M79	N94	0.045454545454545456	0.2762
18322	M79	P96	0.04	0.1777
18323	M79	O90	0.041666666666666664	0.2307
18324	M79	F28	0.1	0.2639
18325	M79	L11	0.09523809523809523	0.2847
18326	M79	M51	0.03076923076923077	0.1743
18327	B60	K12	0.07142857142857142	0.2634
18328	B60	M70	0.11764705882352941	0.1106
18329	B60	M71	0.11764705882352941	0.1106
18330	B60	H33	0.09090909090909091	0.1505
18331	B60	J00	0.10344827586206896	0.1884
18332	B60	N30	0.09090909090909091	0.245
18333	B60	Q37	0.06896551724137931	0.0913
18334	B60	T45	0.2857142857142857	0.2315
18335	B60	X44	0.2857142857142857	0.2315
18336	B60	T65	0.2857142857142857	0.2315
18337	B60	T46	0.2857142857142857	0.2315
18338	B60	T52	0.2857142857142857	0.2315
18339	B60	T60	0.2857142857142857	0.2315
18340	B60	T50	0.2857142857142857	0.2315
18341	B60	T51	0.2857142857142857	0.2315
18342	B60	T62	0.2857142857142857	0.2315
18343	Q37	M86	0.03636363636363636	0.2846
18344	Q37	K12	0.0392156862745098	0.2578
18345	Q37	M70	0.05	0.1771
18346	Q37	M71	0.05	0.1771
18347	Q37	J00	0.03773584905660377	0.2714
18348	Q37	N23	0.03636363636363636	0.2846
18349	Q37	Q36	0.34285714285714286	0.0
18350	Q37	Q35	0.07446808510638298	0.0753
18351	Q37	Q42	0.05	0.0118
18352	Q37	K31	0.03571428571428571	0.0354
18353	L70	M86	0.06451612903225806	0.2097
18354	L70	B51	0.05228758169934641	0.2821
18355	L70	B50	0.05245901639344262	0.2809
18356	L70	K70	0.23008849557522124	0.0283
18357	L70	E51	0.24757281553398058	0.1165
18358	L70	K80	0.05653710247349823	0.2964
18359	L70	L83	0.2463768115942029	0.1187
18360	L70	N40	0.054982817869415807	0.2574
18361	L70	I83	0.04221635883905013	0.2895
18362	L70	G31	0.07857142857142857	0.1718
18363	L70	G71	0.15229885057471265	0.0856
18364	L70	K13	0.24401913875598086	0.0726
18365	L70	R73	0.2535885167464115	0.0765
18366	L70	O24	0.1757188498402556	0.0619
18367	L70	N91	0.24519230769230768	0.0957
18368	L70	L73	0.2489451476793249	0.0072
18369	E88	G98	0.07881316643486323	0.2276
18370	E88	E83	0.041223404255319146	0.1469
18371	E88	E77	0.009929078014184398	0.1475
18372	E88	E79	0.008450704225352112	0.0937
18373	E88	E78	0.03943661971830986	0.0718
18374	E88	G31	0.1132596685082873	0.0782
18375	E88	G72	0.05213764337851929	0.2743
18376	E88	E76	0.022284122562674095	0.2557
18377	E88	E71	0.01818181818181818	0.0963
18378	E88	E72	0.11283497884344147	0.0152
18379	E88	E74	0.045133991537376586	0.0219
18380	E88	E80	0.02112676056338028	0.2599
18381	E88	E90	0.9801418439716312	0.0
18382	E90	G98	0.07781919850885369	0.2422
18383	E90	E77	0.010130246020260492	0.1418
18384	E90	E79	0.008620689655172414	0.0892
18385	E90	E78	0.040229885057471264	0.068
18386	E90	G31	0.11549295774647887	0.0743
18387	E90	G72	0.050686378035902854	0.2844
18388	E90	E76	0.022727272727272728	0.2488
18389	E90	E71	0.018544935805991442	0.0918
18390	E90	E72	0.11510791366906475	0.0139
18391	E90	E74	0.0460431654676259	0.0202
18392	M10	I40	0.22727272727272727	0.0311
18393	M10	B69	0.041666666666666664	0.2858
18394	M10	N35	0.2	0.0444
18395	M10	K41	0.0989010989010989	0.2645
18396	M10	K40	0.09	0.268
18397	M10	N25	0.043478260869565216	0.2669
18398	M10	H33	0.18518518518518517	0.0207
18399	M10	C55	0.15873015873015872	0.0176
18400	M10	K42	0.1323529411764706	0.2347
18401	M10	E79	0.03773584905660377	0.0
18402	M10	K46	0.0989010989010989	0.2645
18403	M10	C15	0.16666666666666666	0.0298
18404	M10	K02	0.16071428571428573	0.0871
18405	M10	J85	0.06796116504854369	0.2203
18406	M10	G56	0.17543859649122806	0.013
18407	M10	G62	0.04417670682730924	0.294
18408	M10	O01	0.18867924528301888	0.0645
18409	M10	K56	0.02127659574468085	0.2877
18410	M10	G99	0.046218487394957986	0.2797
18411	M10	Y14	0.125	0.2132
18412	M10	K45	0.0989010989010989	0.2645
18413	I40	C55	0.3	0.0101
18414	I40	A55	0.07692307692307693	0.1826
18415	I40	B69	0.06666666666666667	0.1342
18416	I40	B30	0.08333333333333333	0.1978
18417	I40	H10	0.08333333333333333	0.1978
18418	I40	J20	0.05555555555555555	0.294
18419	I40	J40	0.05555555555555555	0.294
18420	I40	G56	0.375	0.0001
18421	I40	A74	0.08333333333333333	0.1978
18422	I40	A58	0.07692307692307693	0.1826
18423	I40	Q30	0.0625	0.1252
18424	I40	N35	0.8181818181818182	0.0
18425	I40	H33	0.5	0.0
18426	I40	H20	0.07142857142857142	0.0767
18427	I40	C15	0.45	0.0001
18428	I40	Q18	0.030303030303030304	0.0739
18429	I40	E27	0.03333333333333333	0.2194
18430	I40	O01	0.45	0.0013
18431	I40	G99	0.043689320388349516	0.2999
18432	I40	A26	0.05555555555555555	0.1406
18433	B69	H16	0.045454545454545456	0.2549
18434	B69	M70	0.05	0.2222
18435	B69	I75	0.041666666666666664	0.2858
18436	B69	M71	0.05	0.2222
18437	B69	A55	0.25	0.0005
18438	B69	B30	0.125	0.0876
18439	B69	H55	0.07142857142857142	0.0069
18440	B69	H20	0.1	0.0272
18441	B69	H10	0.125	0.0876
18442	B69	J20	0.07142857142857142	0.2069
18443	B69	J42	0.058823529411764705	0.2756
18444	B69	J40	0.07142857142857142	0.2069
18445	B69	D75	0.2222222222222222	0.0
18446	B69	Q31	0.07142857142857142	0.0029
18447	B69	E27	0.038461538461538464	0.1734
18448	B69	J63	0.029411764705882353	0.2238
18449	B69	J96	0.0625	0.1065
18450	B69	A74	0.125	0.0876
18451	B69	E87	0.03225806451612903	0.0363
18452	B69	A58	0.25	0.0037
18453	B69	Q30	0.08333333333333333	0.0623
18454	B69	A26	0.07142857142857142	0.08
18455	N35	C55	0.3	0.0091
18456	N35	G56	0.375	0.0001
18457	N35	H33	0.42857142857142855	0.0001
18458	N35	C15	0.45	0.0001
18459	N35	Q18	0.030303030303030304	0.0739
18460	N35	G57	0.0625	0.1695
18461	N35	G62	0.046296296296296294	0.2772
18462	N35	O01	0.45	0.0013
18463	N35	G99	0.04878048780487805	0.2606
18464	K41	M86	0.16216216216216217	0.1127
18465	K41	B54	0.12121212121212122	0.1958
18466	K41	K02	0.1	0.2606
18467	K41	K12	0.17142857142857143	0.0994
18468	K41	M70	0.2033898305084746	0.0645
18469	K41	M71	0.2033898305084746	0.0645
18470	K41	L57	0.104	0.247
18471	K41	J90	0.15873015873015872	0.118
18472	K41	J91	0.15873015873015872	0.118
18473	K41	C81	0.10638297872340426	0.2392
18474	K41	K37	0.14705882352941177	0.1382
18475	K41	K35	0.14925373134328357	0.1341
18476	K41	M65	0.17543859649122806	0.0942
18477	K41	D77	0.14084507042253522	0.1503
18478	K41	L45	0.14084507042253522	0.1503
18479	K41	M68	0.14084507042253522	0.1503
18480	K41	G55	0.14084507042253522	0.1503
18481	K41	G94	0.14084507042253522	0.1503
18482	K41	H94	0.14084507042253522	0.1503
18483	K41	I98	0.14084507042253522	0.1503
18484	K41	M90	0.14084507042253522	0.1503
18485	K41	N33	0.14084507042253522	0.1503
18486	K41	K23	0.14084507042253522	0.1503
18487	K41	H45	0.14084507042253522	0.1503
18488	K41	N29	0.14084507042253522	0.1503
18489	K41	K77	0.14084507042253522	0.1503
18490	K41	M73	0.14084507042253522	0.1503
18491	K41	K93	0.14084507042253522	0.1503
18492	K41	H06	0.14084507042253522	0.1503
18493	K41	G32	0.14084507042253522	0.1503
18494	K41	N22	0.14084507042253522	0.1503
18495	K41	H36	0.14084507042253522	0.1503
18496	K41	H48	0.14084507042253522	0.1503
18497	K41	H22	0.14084507042253522	0.1503
18498	K41	N37	0.14084507042253522	0.1503
18499	K41	H62	0.14084507042253522	0.1503
18500	K41	I79	0.14084507042253522	0.1503
18501	K41	L14	0.14084507042253522	0.1503
18502	K41	H58	0.14084507042253522	0.1503
18503	K41	H03	0.14084507042253522	0.1503
18504	K41	L86	0.14084507042253522	0.1503
18505	K41	N51	0.14084507042253522	0.1503
18506	K41	M63	0.14084507042253522	0.1503
18507	K41	K87	0.14084507042253522	0.1503
18508	K41	M49	0.14084507042253522	0.1503
18509	K41	I52	0.14084507042253522	0.1503
18510	K41	H75	0.14084507042253522	0.1503
18511	K41	K40	0.8615384615384616	0.0
18512	K41	K81	0.14705882352941177	0.2575
18513	K41	K80	0.06944444444444445	0.2244
18514	K41	K42	0.3484848484848485	0.0217
18515	K41	F91	0.12195121951219512	0.1924
18516	K41	D25	0.07228915662650602	0.166
18517	K41	N23	0.16216216216216217	0.1776
18518	K41	I71	0.02531645569620253	0.1432
18519	K41	K46	1.0	0.0
18520	K41	I84	0.10344827586206896	0.191
18521	K41	J85	0.06086956521739131	0.2581
18522	K41	Q54	0.08771929824561403	0.1737
18523	K41	M14	0.11904761904761904	0.261
18524	K41	Y14	0.11940298507462686	0.2285
18525	K41	T30	0.10416666666666667	0.2459
18526	K41	T09	0.09523809523809523	0.2218
18527	K41	F02	0.14492753623188406	0.2672
18528	K41	M07	0.12987012987012986	0.2694
18529	K41	K45	1.0	0.0
18530	K41	L55	0.06535947712418301	0.2287
18531	K41	K36	0.15384615384615385	0.2814
18532	K40	M86	0.14457831325301204	0.1203
18533	K40	B54	0.1111111111111111	0.1966
18534	K40	K02	0.08860759493670886	0.2735
18535	K40	K12	0.1518987341772152	0.108
18536	K40	M70	0.17647058823529413	0.0753
18537	K40	M71	0.17647058823529413	0.0753
18538	K40	L57	0.09701492537313433	0.2418
18539	K40	J90	0.1388888888888889	0.1308
18540	K40	J91	0.1388888888888889	0.1308
18541	K40	C81	0.0970873786407767	0.2415
18542	K40	K37	0.12987012987012986	0.1493
18543	K40	K35	0.13157894736842105	0.1456
18544	K40	M65	0.15151515151515152	0.1086
18545	K40	D77	0.125	0.1604
18546	K40	L45	0.125	0.1604
18547	K40	M68	0.125	0.1604
18548	K40	G55	0.125	0.1604
18549	K40	G94	0.125	0.1604
18550	K40	H94	0.125	0.1604
18551	K40	I98	0.125	0.1604
18552	K40	M90	0.125	0.1604
18553	K40	N33	0.125	0.1604
18554	K40	K23	0.125	0.1604
18555	K40	H45	0.125	0.1604
18556	K40	N29	0.125	0.1604
18557	K40	K77	0.125	0.1604
18558	K40	M73	0.125	0.1604
18559	K40	K93	0.125	0.1604
18560	K40	H06	0.125	0.1604
18561	K40	G32	0.125	0.1604
18562	K40	N22	0.125	0.1604
18563	K40	H36	0.125	0.1604
18564	K40	H48	0.125	0.1604
18565	K40	H22	0.125	0.1604
18566	K40	N37	0.125	0.1604
18567	K40	H62	0.125	0.1604
18568	K40	I79	0.125	0.1604
18569	K40	L14	0.125	0.1604
18570	K40	H58	0.125	0.1604
18571	K40	H03	0.125	0.1604
18572	K40	L86	0.125	0.1604
18573	K40	N51	0.125	0.1604
18574	K40	M63	0.125	0.1604
18575	K40	K87	0.125	0.1604
18576	K40	M49	0.125	0.1604
18577	K40	I52	0.125	0.1604
18578	K40	H75	0.125	0.1604
18579	K40	K80	0.06535947712418301	0.245
18580	K40	K42	0.32432432432432434	0.0284
18581	K40	F91	0.10989010989010989	0.2265
18582	K40	D25	0.06857142857142857	0.182
18583	K40	N23	0.14457831325301204	0.2143
18584	K40	I71	0.046511627906976744	0.0274
18585	K40	K46	0.8615384615384616	0.0
18586	K40	I84	0.096	0.2152
18587	K40	I49	0.026845637583892617	0.2814
18588	K40	J85	0.06504065040650407	0.2351
18589	K40	Q54	0.08130081300813008	0.1976
18590	K40	M14	0.10752688172043011	0.2973
18591	K40	Y14	0.10526315789473684	0.2723
18592	K40	T30	0.10576923076923077	0.2406
18593	K40	T09	0.08771929824561403	0.2499
18594	K40	K45	0.8615384615384616	0.0
18595	K40	L55	0.06172839506172839	0.2482
18596	N25	I85	0.05263157894736842	0.1961
18597	N25	E23	0.045454545454545456	0.25
18598	H33	C55	0.225	0.0089
18599	H33	G56	0.2647058823529412	0.0014
18600	H33	Q30	0.038461538461538464	0.2791
18601	H33	H20	0.041666666666666664	0.2244
18602	H33	M42	0.043478260869565216	0.0402
18603	H33	C15	0.3	0.0017
18604	H33	Q18	0.047619047619047616	0.0159
18605	H33	M22	0.037037037037037035	0.1438
18606	H33	O01	0.3	0.0123
18607	H33	A26	0.03571428571428571	0.2839
18608	C55	C15	0.2631578947368421	0.0038
18609	C55	G56	0.20930232558139536	0.0055
18610	C55	O01	0.23076923076923078	0.0346
18611	K42	M86	0.23529411764705882	0.0757
18612	K42	B54	0.15789473684210525	0.1773
18613	K42	K02	0.14893617021276595	0.1957
18614	K42	K12	0.2553191489361702	0.0607
18615	K42	M70	0.3333333333333333	0.0257
18616	K42	M71	0.3333333333333333	0.0257
18617	K42	L57	0.11650485436893204	0.2793
18618	K42	J90	0.25	0.0644
18619	K42	J91	0.25	0.0644
18620	K42	C81	0.14084507042253522	0.2138
18621	K42	K37	0.2222222222222222	0.0874
18622	K42	K35	0.22727272727272727	0.0827
18623	K42	K81	0.2222222222222222	0.0874
18624	K42	M65	0.29411764705882354	0.0396
18625	K42	D77	0.20833333333333334	0.1019
18626	K42	L45	0.20833333333333334	0.1019
18627	K42	M68	0.20833333333333334	0.1019
18628	K42	G55	0.20833333333333334	0.1019
18629	K42	G94	0.20833333333333334	0.1019
18630	K42	H94	0.20833333333333334	0.1019
18631	K42	I98	0.20833333333333334	0.1019
18632	K42	M90	0.20833333333333334	0.1019
18633	K42	N33	0.20833333333333334	0.1019
18634	K42	K23	0.20833333333333334	0.1019
18635	K42	H45	0.20833333333333334	0.1019
18636	K42	N29	0.20833333333333334	0.1019
18637	K42	K77	0.20833333333333334	0.1019
18638	K42	M73	0.20833333333333334	0.1019
18639	K42	K93	0.20833333333333334	0.1019
18640	K42	H06	0.20833333333333334	0.1019
18641	K42	G32	0.20833333333333334	0.1019
18642	K42	N22	0.20833333333333334	0.1019
18643	K42	H36	0.20833333333333334	0.1019
18644	K42	H48	0.20833333333333334	0.1019
18645	K42	H22	0.20833333333333334	0.1019
18646	K42	N37	0.20833333333333334	0.1019
18647	K42	H62	0.20833333333333334	0.1019
18648	K42	I79	0.20833333333333334	0.1019
18649	K42	L14	0.20833333333333334	0.1019
18650	K42	H58	0.20833333333333334	0.1019
18651	K42	H03	0.20833333333333334	0.1019
18652	K42	L86	0.20833333333333334	0.1019
18653	K42	N51	0.20833333333333334	0.1019
18654	K42	M63	0.20833333333333334	0.1019
18655	K42	K87	0.20833333333333334	0.1019
18656	K42	M49	0.20833333333333334	0.1019
18657	K42	I52	0.20833333333333334	0.1019
18658	K42	H75	0.20833333333333334	0.1019
18659	K42	K43	0.09433962264150944	0.1179
18660	K42	F91	0.1694915254237288	0.1009
18661	K42	D25	0.08391608391608392	0.1242
18662	K42	N23	0.23529411764705882	0.0812
18663	K42	K46	0.3484848484848485	0.009
18664	K42	I84	0.10526315789473684	0.1855
18665	K42	I49	0.03418803418803419	0.1987
18666	K42	J85	0.07608695652173914	0.1838
18667	K42	I73	0.30303030303030304	0.1416
18668	K42	Q54	0.10989010989010989	0.1114
18669	K42	M14	0.16393442622950818	0.1571
18670	K42	N88	0.29411764705882354	0.1359
18671	K42	T79	0.29411764705882354	0.1347
18672	K42	Y14	0.18181818181818182	0.1053
18673	K42	T30	0.136986301369863	0.1579
18674	K42	T09	0.12195121951219512	0.1452
18675	K42	F02	0.21739130434782608	0.1378
18676	K42	G20+	0.24390243902439024	0.1549
18677	K42	M07	0.18518518518518517	0.1538
18678	K42	K45	0.3484848484848485	0.009
18679	K42	L02	0.29411764705882354	0.1399
18680	K42	L55	0.07692307692307693	0.176
18681	K42	K36	0.23809523809523808	0.1401
18682	K46	M86	0.16216216216216217	0.1127
18683	K46	B54	0.12121212121212122	0.1958
18684	K46	K02	0.1	0.2606
18685	K46	K12	0.17142857142857143	0.0994
18686	K46	M70	0.2033898305084746	0.0645
18687	K46	M71	0.2033898305084746	0.0645
18688	K46	L57	0.104	0.247
18689	K46	J90	0.15873015873015872	0.118
18690	K46	J91	0.15873015873015872	0.118
18691	K46	C81	0.10638297872340426	0.2392
18692	K46	K37	0.14705882352941177	0.1382
18693	K46	K35	0.14925373134328357	0.1341
18694	K46	K81	0.14705882352941177	0.1382
18695	K46	F91	0.12195121951219512	0.1939
18696	K46	N23	0.16216216216216217	0.1127
18697	K46	M65	0.17543859649122806	0.0942
18698	K46	D77	0.14084507042253522	0.1503
18699	K46	L45	0.14084507042253522	0.1503
18700	K46	M68	0.14084507042253522	0.1503
18701	K46	G55	0.14084507042253522	0.1503
18702	K46	G94	0.14084507042253522	0.1503
18703	K46	H94	0.14084507042253522	0.1503
18704	K46	I98	0.14084507042253522	0.1503
18705	K46	M90	0.14084507042253522	0.1503
18706	K46	N33	0.14084507042253522	0.1503
18707	K46	K23	0.14084507042253522	0.1503
18708	K46	H45	0.14084507042253522	0.1503
18709	K46	N29	0.14084507042253522	0.1503
18710	K46	K77	0.14084507042253522	0.1503
18711	K46	M73	0.14084507042253522	0.1503
18712	K46	K93	0.14084507042253522	0.1503
18713	K46	H06	0.14084507042253522	0.1503
18714	K46	G32	0.14084507042253522	0.1503
18715	K46	N22	0.14084507042253522	0.1503
18716	K46	H36	0.14084507042253522	0.1503
18717	K46	H48	0.14084507042253522	0.1503
18718	K46	H22	0.14084507042253522	0.1503
18719	K46	N37	0.14084507042253522	0.1503
18720	K46	H62	0.14084507042253522	0.1503
18721	K46	I79	0.14084507042253522	0.1503
18722	K46	L14	0.14084507042253522	0.1503
18723	K46	H58	0.14084507042253522	0.1503
18724	K46	H03	0.14084507042253522	0.1503
18725	K46	L86	0.14084507042253522	0.1503
18726	K46	N51	0.14084507042253522	0.1503
18727	K46	M63	0.14084507042253522	0.1503
18728	K46	K87	0.14084507042253522	0.1503
18729	K46	M49	0.14084507042253522	0.1503
18730	K46	I52	0.14084507042253522	0.1503
18731	K46	H75	0.14084507042253522	0.1503
18732	K46	I84	0.10344827586206896	0.191
18733	K46	J85	0.06086956521739131	0.2581
18734	K46	Q54	0.08771929824561403	0.1737
18735	K46	M14	0.11904761904761904	0.261
18736	K46	Y14	0.11940298507462686	0.2285
18737	K46	T30	0.10416666666666667	0.2459
18738	K46	T09	0.09523809523809523	0.2218
18739	K46	F02	0.14492753623188406	0.2672
18740	K46	M07	0.12987012987012986	0.2694
18741	K46	K45	1.0	0.0
18742	K46	L55	0.06535947712418301	0.2287
18743	K46	K36	0.15384615384615385	0.2814
18744	C15	G56	0.2727272727272727	0.0011
18745	C15	D27	0.03571428571428571	0.1907
18746	C15	N64	0.04081632653061224	0.2465
18747	C15	E04	0.03571428571428571	0.0518
18748	C15	M61	0.07407407407407407	0.0482
18749	C15	O01	0.3103448275862069	0.0105
18750	C15	C97	0.037037037037037035	0.067
18751	C15	C78	0.03333333333333333	0.2619
18752	C15	A26	0.07692307692307693	0.0658
18753	K02	F43	0.043478260869565216	0.0651
18754	K02	K81	0.22857142857142856	0.121
18755	K02	N23	0.18604651162790697	0.1376
18756	K02	F50	0.24242424242424243	0.006
18757	K02	I84	0.08139534883720931	0.272
18758	K02	J85	0.10126582278481013	0.1047
18759	K02	F11	0.07142857142857142	0.0697
18760	K02	F81	0.06796116504854369	0.0966
18761	K02	M48	0.23076923076923078	0.0029
18762	K02	Q30	0.037037037037037035	0.2927
18763	K02	Y14	0.21212121212121213	0.0723
18764	K02	T30	0.14516129032258066	0.1414
18765	K02	F02	0.1891891891891892	0.1783
18766	K02	G20+	0.21875	0.1878
18767	K02	K45	0.1	0.2606
18768	J85	J70	0.11494252873563218	0.0771
18769	J85	J68	0.11494252873563218	0.0771
18770	J85	L82	0.05194805194805195	0.262
18771	J85	D22	0.0273972602739726	0.2218
18772	J85	D27	0.05555555555555555	0.0754
18773	J85	Q85	0.1111111111111111	0.0056
18774	J85	K83	0.10256410256410256	0.0884
18775	J85	Q28	0.02631578947368421	0.1187
18776	J85	N32	0.07291666666666667	0.08
18777	J85	P24	0.021739130434782608	0.202
18778	J85	D89	0.02631578947368421	0.1604
18779	J85	D21	0.030303030303030304	0.0964
18780	J85	D07	0.12264150943396226	0.1168
18781	J85	D02	0.12037037037037036	0.1182
18782	J85	D00	0.12264150943396226	0.1168
18783	J85	D01	0.12037037037037036	0.1206
18784	J85	C14	0.189873417721519	0.0009
18785	J85	D44	0.057692307692307696	0.0721
18786	J85	C97	0.0273972602739726	0.1362
18787	J85	P56	0.027586206896551724	0.2455
18788	J85	C78	0.04	0.2001
18789	G56	G81	0.03333333333333333	0.2259
18790	G56	G51	0.05319148936170213	0.2707
18791	G56	M50	0.05263157894736842	0.175
18792	G56	M41	0.0425531914893617	0.2754
18793	G56	B47	0.03333333333333333	0.2343
18794	G56	Q79	0.044444444444444446	0.0728
18795	G56	M85	0.046511627906976744	0.1141
18796	G56	G52	0.053763440860215055	0.2708
18797	G56	G62	0.07657657657657657	0.1194
18798	G56	K05	0.07894736842105263	0.1544
18799	G56	O01	0.2727272727272727	0.0185
18800	G56	M93	0.04	0.1451
18801	G56	G99	0.08056872037914692	0.1081
18802	G62	G51	0.07749077490774908	0.1164
18803	G62	G98	0.1234718826405868	0.0322
18804	G62	G52	0.07777777777777778	0.1155
18805	G62	G72	0.056910569105691054	0.2435
18806	G62	E50	0.008733624454148471	0.2372
18807	G62	G11	0.04844290657439446	0.2669
18808	G62	G60	0.273542600896861	0.0003
18809	G62	H49	0.02702702702702703	0.0952
18810	G62	G70	0.4389312977099237	0.0
18811	G62	G12	0.054474708171206226	0.0817
18812	G62	Q68	0.0125	0.2257
18813	G62	G82	0.05319148936170213	0.2404
18814	G62	E87	0.01680672268907563	0.1812
18815	G62	G13	0.8660714285714286	0.0
18816	G62	G99	0.9400921658986175	0.0
18817	O01	C38	0.09090909090909091	0.0065
18818	O01	D11	0.045454545454545456	0.0259
18819	G99	G51	0.08076923076923077	0.1075
18820	G99	G98	0.12085889570552147	0.0353
18821	G99	G52	0.08108108108108109	0.1066
18822	G99	G72	0.056016597510373446	0.249
18823	G99	G13	0.9107981220657277	0.0
18824	G99	E50	0.009174311926605505	0.2203
18825	G99	G11	0.04659498207885305	0.2808
18826	G99	G60	0.28773584905660377	0.0002
18827	G99	H49	0.024096385542168676	0.1233
18828	G99	G70	0.4581673306772908	0.0
18829	G99	G12	0.056910569105691054	0.0729
18830	G99	G82	0.051470588235294115	0.2519
18831	G99	E87	0.01762114537444934	0.1667
18832	Y14	K12	0.0975609756097561	0.2996
18833	Y14	A80	0.47368421052631576	0.0027
18834	Y14	K30	0.1111111111111111	0.2533
18835	Y14	K81	0.10810810810810811	0.2629
18836	Y14	J00	0.23684210526315788	0.0531
18837	Y14	M41	0.0975609756097561	0.2996
18838	Y14	I85	0.20689655172413793	0.0771
18839	Y14	L50	0.23684210526315788	0.0531
18840	Y14	I84	0.12345679012345678	0.2173
18841	Y14	L95	0.2727272727272727	0.034
18842	Y14	F21	0.15789473684210525	0.1418
18843	Y14	A07	0.2608695652173913	0.0394
18844	Y14	F60	0.14285714285714285	0.1709
18845	Y14	T78	0.2903225806451613	0.0273
18846	Y14	M27	0.1935483870967742	0.091
18847	Y14	M75	0.1724137931034483	0.1184
18848	Y14	M14	0.2127659574468085	0.0717
18849	Y14	K05	0.1935483870967742	0.091
18850	Y14	S27	0.35	0.0129
18851	Y14	L59	0.2727272727272727	0.034
18852	Y14	L53	0.2727272727272727	0.034
18853	Y14	G57	0.08333333333333333	0.0933
18854	Y14	I06	0.038461538461538464	0.239
18855	Y14	M07	0.25	0.0797
18856	Y14	K45	0.11940298507462686	0.2007
18857	Y14	L58	0.21951219512195122	0.0103
18858	Y14	F61	0.14285714285714285	0.0767
18859	Y14	B91	0.47368421052631576	0.0033
18860	K45	M86	0.16216216216216217	0.1127
18861	K45	B54	0.12121212121212122	0.1958
18862	K45	K12	0.17142857142857143	0.0994
18863	K45	M70	0.2033898305084746	0.0645
18864	K45	M71	0.2033898305084746	0.0645
18865	K45	L57	0.104	0.247
18866	K45	J90	0.15873015873015872	0.118
18867	K45	J91	0.15873015873015872	0.118
18868	K45	C81	0.10638297872340426	0.2392
18869	K45	K37	0.14705882352941177	0.1382
18870	K45	K35	0.14925373134328357	0.1341
18871	K45	K81	0.14705882352941177	0.1382
18872	K45	F91	0.12195121951219512	0.1939
18873	K45	N23	0.16216216216216217	0.1127
18874	K45	M65	0.17543859649122806	0.0942
18875	K45	I84	0.10344827586206896	0.2488
18876	K45	I73	0.17857142857142858	0.0903
18877	K45	M14	0.11904761904761904	0.2016
18878	K45	N88	0.17543859649122806	0.0942
18879	K45	T79	0.17543859649122806	0.0942
18880	K45	T30	0.10416666666666667	0.2464
18881	K45	T09	0.09523809523809523	0.2779
18882	K45	F02	0.14492753623188406	0.1422
18883	K45	G20+	0.15625	0.1221
18884	K45	D77	0.14084507042253522	0.1503
18885	K45	L45	0.14084507042253522	0.1503
18886	K45	M68	0.14084507042253522	0.1503
18887	K45	M07	0.12987012987012986	0.1742
18888	K45	G55	0.14084507042253522	0.1503
18889	K45	G94	0.14084507042253522	0.1503
18890	K45	H94	0.14084507042253522	0.1503
18891	K45	I98	0.14084507042253522	0.1503
18892	K45	M90	0.14084507042253522	0.1503
18893	K45	N33	0.14084507042253522	0.1503
18894	K45	K23	0.14084507042253522	0.1503
18895	K45	H45	0.14084507042253522	0.1503
18896	K45	N29	0.14084507042253522	0.1503
18897	K45	K77	0.14084507042253522	0.1503
18898	K45	M73	0.14084507042253522	0.1503
18899	K45	K93	0.14084507042253522	0.1503
18900	K45	H06	0.14084507042253522	0.1503
18901	K45	G32	0.14084507042253522	0.1503
18902	K45	N22	0.14084507042253522	0.1503
18903	K45	H36	0.14084507042253522	0.1503
18904	K45	H48	0.14084507042253522	0.1503
18905	K45	H22	0.14084507042253522	0.1503
18906	K45	N37	0.14084507042253522	0.1503
18907	K45	H62	0.14084507042253522	0.1503
18908	K45	I79	0.14084507042253522	0.1503
18909	K45	L14	0.14084507042253522	0.1503
18910	K45	H58	0.14084507042253522	0.1503
18911	K45	H03	0.14084507042253522	0.1503
18912	K45	L86	0.14084507042253522	0.1503
18913	K45	N51	0.14084507042253522	0.1503
18914	K45	M63	0.14084507042253522	0.1503
18915	K45	K87	0.14084507042253522	0.1503
18916	K45	M49	0.14084507042253522	0.1503
18917	K45	I52	0.14084507042253522	0.1503
18918	K45	H75	0.14084507042253522	0.1503
18919	K45	L55	0.06535947712418301	0.2287
18920	K45	K36	0.15384615384615385	0.2814
18921	K70	L73	0.4214876033057851	0.0014
18922	K70	O24	0.291005291005291	0.0109
18923	K70	K13	0.6190476190476191	0.0001
18924	K70	R73	0.5862068965517241	0.0001
18925	K70	G31	0.14102564102564102	0.1136
18926	K70	E51	0.6219512195121951	0.004
18927	K70	L83	0.6144578313253012	0.0044
18928	K70	G71	0.22566371681415928	0.0256
18929	K70	G57	0.07692307692307693	0.1122
18930	K70	N91	0.6071428571428571	0.0027
18931	K70	E87	0.019801980198019802	0.1331
18932	K30	A80	0.1111111111111111	0.1307
18933	K30	Q36	0.07894736842105263	0.236
18934	K30	F32	0.037037037037037035	0.1142
18935	K30	J00	0.11363636363636363	0.1598
18936	K30	F95	0.17391304347826086	0.0262
18937	K30	M50	0.11764705882352941	0.0198
18938	K30	M41	0.09302325581395349	0.0593
18939	K30	F50	0.17142857142857143	0.0271
18940	K30	F40	0.08	0.0292
18941	K30	N96	0.043478260869565216	0.2138
18942	K30	F45	0.08695652173913043	0.0646
18943	K30	L50	0.08888888888888889	0.1851
18944	K30	L95	0.1111111111111111	0.2394
18945	K30	A18	0.08695652173913043	0.1671
18946	K30	Q31	0.034482758620689655	0.0637
18947	K30	N73	0.08695652173913043	0.1671
18948	K30	F21	0.14285714285714285	0.0869
18949	K30	A07	0.10714285714285714	0.2134
18950	K30	F60	0.13043478260869565	0.096
18951	K30	T78	0.10526315789473684	0.128
18952	K30	M27	0.08333333333333333	0.1457
18953	K30	K05	0.08333333333333333	0.1391
18954	K30	F98	0.28205128205128205	0.0001
18955	K30	N94	0.08333333333333333	0.0934
18956	K30	P96	0.049019607843137254	0.12
18957	K30	O90	0.037037037037037035	0.2719
18958	K30	S27	0.11538461538461539	0.2139
18959	K30	L59	0.1111111111111111	0.2394
18960	K30	L53	0.1111111111111111	0.2394
18961	K30	F28	0.19047619047619047	0.0777
18962	K30	L58	0.061224489795918366	0.2812
18963	K30	F61	0.13043478260869565	0.096
18964	K30	L11	0.18181818181818182	0.0895
18965	K30	M51	0.06060606060606061	0.0314
18966	K30	B91	0.1111111111111111	0.2662
18967	E51	L73	0.51	0.0112
18968	E51	O24	0.29651162790697677	0.0757
18969	E51	N91	0.8095238095238095	0.0007
18970	E51	K13	0.796875	0.0008
18971	E51	R73	0.7727272727272727	0.001
18972	E51	G31	0.17164179104477612	0.2266
18973	E51	L83	0.8225806451612904	0.0006
18974	E51	G71	0.24878048780487805	0.0175
18975	E51	E87	0.025	0.0776
18976	F79	C81	0.025423728813559324	0.2972
18977	F79	K81	0.03260869565217391	0.2107
18978	F79	F70	0.02666666666666667	0.0404
18979	F79	E26	0.020618556701030927	0.2194
18980	F79	F84	0.052132701421800945	0.0885
18981	F79	F72	0.04918032786885246	0.1033
18982	F79	Q86	0.023809523809523808	0.0362
18983	F79	Q10	0.02857142857142857	0.2421
18984	F79	Q85	0.031914893617021274	0.2296
18985	F79	F98	0.05154639175257732	0.207
18986	F79	F81	0.16546762589928057	0.0033
18987	L83	L73	0.504950495049505	0.0119
18988	L83	O24	0.2947976878612717	0.0776
18989	L83	N91	0.796875	0.0008
18990	L83	K13	0.7846153846153846	0.0009
18991	L83	R73	0.7611940298507462	0.0011
18992	L83	G31	0.16176470588235295	0.2484
18993	L83	G71	0.24757281553398058	0.0178
18994	L83	E87	0.024691358024691357	0.0802
18995	F50	K81	0.23529411764705882	0.0069
18996	F50	F95	0.13043478260869565	0.0645
18997	F50	M50	0.08823529411764706	0.1572
18998	F50	F91	0.09803921568627451	0.1279
18999	F50	N23	0.21951219512195122	0.0097
19000	F50	F43	0.045454545454545456	0.0574
19001	F50	F32	0.038461538461538464	0.1049
19002	F50	F40	0.08333333333333333	0.0252
19003	F50	N96	0.09523809523809523	0.033
19004	F50	F45	0.09090909090909091	0.0567
19005	F50	I84	0.08235294117647059	0.2679
19006	F50	F17	0.06976744186046512	0.0545
19007	F50	F11	0.1891891891891892	0.0008
19008	F50	F98	0.13953488372093023	0.0136
19009	F50	F81	0.06862745098039216	0.0944
19010	F50	M48	0.2702702702702703	0.0011
19011	F50	N94	0.13636363636363635	0.0201
19012	F50	D19	0.1111111111111111	0.0804
19013	F50	P96	0.06	0.0744
19014	F50	O90	0.125	0.0115
19015	F50	T30	0.12903225806451613	0.1758
19016	F50	F02	0.19444444444444445	0.17
19017	F50	G20+	0.22580645161290322	0.1779
19018	F50	F28	0.14285714285714285	0.1481
19019	F50	L11	0.13636363636363635	0.1646
19020	F50	M51	0.045454545454545456	0.0751
19021	I84	M86	0.10869565217391304	0.1756
19022	I84	B54	0.09482758620689655	0.2193
19023	I84	N40	0.09202453987730061	0.2294
19024	I84	I83	0.07692307692307693	0.2922
19025	I84	K12	0.16666666666666666	0.0692
19026	I84	M70	0.17567567567567569	0.0599
19027	I84	M71	0.17567567567567569	0.0599
19028	I84	L57	0.09219858156028368	0.2288
19029	I84	J90	0.12658227848101267	0.1318
19030	I84	J91	0.12658227848101267	0.1318
19031	I84	C81	0.10091743119266056	0.1989
19032	I84	A80	0.125	0.1352
19033	I84	K37	0.11904761904761904	0.1487
19034	I84	K35	0.12048192771084337	0.1453
19035	I84	K81	0.2702702702702703	0.013
19036	I84	J00	0.13636363636363635	0.1126
19037	I84	F91	0.10204081632653061	0.1954
19038	I84	D25	0.08379888268156424	0.2617
19039	I84	N23	0.24390243902439024	0.02
19040	I84	M65	0.1527777777777778	0.0865
19041	I84	L50	0.0989010989010989	0.2055
19042	I84	D77	0.12790697674418605	0.129
19043	I84	L45	0.12790697674418605	0.129
19044	I84	M68	0.12790697674418605	0.129
19045	I84	G55	0.12790697674418605	0.129
19046	I84	G94	0.12790697674418605	0.129
19047	I84	H94	0.12790697674418605	0.129
19048	I84	I98	0.12790697674418605	0.129
19049	I84	M90	0.12790697674418605	0.129
19050	I84	N33	0.12790697674418605	0.129
19051	I84	K23	0.12790697674418605	0.129
19052	I84	H45	0.12790697674418605	0.129
19053	I84	N29	0.12790697674418605	0.129
19054	I84	K77	0.12790697674418605	0.129
19055	I84	M73	0.12790697674418605	0.129
19056	I84	K93	0.12790697674418605	0.129
19057	I84	H06	0.12790697674418605	0.129
19058	I84	G32	0.12790697674418605	0.129
19059	I84	N22	0.12790697674418605	0.129
19060	I84	H36	0.12790697674418605	0.129
19061	I84	H48	0.12790697674418605	0.129
19062	I84	H22	0.12790697674418605	0.129
19063	I84	N37	0.12790697674418605	0.129
19064	I84	H62	0.12790697674418605	0.129
19065	I84	I79	0.12790697674418605	0.129
19066	I84	L14	0.12790697674418605	0.129
19067	I84	H58	0.12790697674418605	0.129
19068	I84	H03	0.12790697674418605	0.129
19069	I84	L86	0.12790697674418605	0.129
19070	I84	N51	0.12790697674418605	0.129
19071	I84	M63	0.12790697674418605	0.129
19072	I84	K87	0.12790697674418605	0.129
19073	I84	M49	0.12790697674418605	0.129
19074	I84	I52	0.12790697674418605	0.129
19075	I84	H75	0.12790697674418605	0.129
19076	I84	I49	0.02564102564102564	0.2979
19077	I84	Q20	0.024691358024691357	0.1109
19078	I84	Q22	0.029411764705882353	0.2913
19079	I84	G73	0.028169014084507043	0.2766
19080	I84	Q54	0.09375	0.154
19081	I84	P24	0.02040816326530612	0.223
19082	I84	H31	0.027777777777777776	0.2846
19083	I84	J96	0.041666666666666664	0.2253
19084	I84	T78	0.10714285714285714	0.1234
19085	I84	M27	0.07142857142857142	0.1921
19086	I84	Q25	0.035398230088495575	0.2022
19087	I84	M75	0.1	0.0781
19088	I84	M14	0.2222222222222222	0.0811
19089	I84	K05	0.07142857142857142	0.1846
19090	I84	F81	0.07333333333333333	0.0803
19091	I84	I06	0.08108108108108109	0.0479
19092	I84	M48	0.1511627906976744	0.022
19093	I84	T30	0.19607843137254902	0.071
19094	I84	T09	0.12931034482758622	0.1292
19095	I84	F02	0.21794871794871795	0.1371
19096	I84	G20+	0.2328767123287671	0.1685
19097	I84	M07	0.24096385542168675	0.0874
19098	I84	L58	0.10752688172043011	0.1073
19099	I84	M51	0.025423728813559324	0.2365
19100	I84	B91	0.125	0.2255
19101	I84	L55	0.0718562874251497	0.1974
19102	G31	L73	0.12643678160919541	0.0579
19103	G31	O24	0.08943089430894309	0.1344
19104	G31	N91	0.16058394160583941	0.2165
19105	G31	K13	0.15942028985507245	0.0272
19106	G31	R73	0.15714285714285714	0.0286
19107	G31	H49	0.02027027027027027	0.1727
19108	G31	G71	0.08273381294964029	0.2649
19109	G31	E74	0.03007518796992481	0.0809
19110	G31	H47	0.05454545454545454	0.0966
19111	G31	E87	0.016	0.1969
19112	F17	J00	0.030927835051546393	0.2783
19113	F17	K14	0.03278688524590164	0.2576
19114	F17	G24	0.025	0.2621
19115	F17	M51	0.025423728813559324	0.2365
19116	G71	L73	0.2139917695473251	0.0311
19117	G71	O24	0.16507936507936508	0.0694
19118	G71	N91	0.2463768115942029	0.0182
19119	G71	G72	0.18032786885245902	0.0108
19120	G71	K13	0.24519230769230768	0.0186
19121	G71	R73	0.24880382775119617	0.0175
19122	G71	Q68	0.013392857142857142	0.2026
19123	K13	L73	0.49514563106796117	0.0046
19124	K13	O24	0.2914285714285714	0.0433
19125	K13	N91	0.7727272727272727	0.0005
19126	K13	R73	0.7391304347826086	0.0005
19127	K13	E87	0.024096385542168676	0.0853
19128	K04	M86	0.06343283582089553	0.1214
19129	K04	B51	0.044444444444444446	0.2285
19130	K04	B50	0.04456824512534819	0.2275
19131	K04	B54	0.05802047781569966	0.1454
19132	K04	N40	0.040345821325648415	0.2619
19133	K04	I83	0.046620046620046623	0.2125
19134	K04	K12	0.06037735849056604	0.1344
19135	R73	L73	0.5	0.0059
19136	R73	O24	0.3179190751445087	0.0394
19137	R73	N91	0.75	0.0006
19138	R73	P70	0.02857142857142857	0.1277
19139	R73	E87	0.023529411764705882	0.0905
19140	F11	K81	0.045454545454545456	0.1843
19141	F11	F95	0.034482758620689655	0.2776
19142	F11	F91	0.07142857142857142	0.0697
19143	F11	N23	0.08	0.0505
19144	F11	F60	0.03571428571428571	0.2651
19145	F11	F43	0.08	0.0063
19146	F11	N96	0.038461538461538464	0.2557
19147	F11	J96	0.04	0.2392
19148	F11	F98	0.08163265306122448	0.082
19149	F11	M48	0.0851063829787234	0.1172
19150	F11	D19	0.0967741935483871	0.1118
19151	F11	P96	0.047619047619047616	0.1276
19152	F11	O90	0.10714285714285714	0.022
19153	O24	L73	0.24170616113744076	0.0213
19154	O24	P70	0.022988505747126436	0.1919
19155	O24	N91	0.29310344827586204	0.0601
19156	O24	E15	0.023255813953488372	0.2714
19157	O24	E87	0.015789473684210527	0.2012
19158	Q25	N40	0.03474903474903475	0.2082
19159	Q25	I42	0.08532423208191127	0.0209
19160	Q25	I49	0.059322033898305086	0.0683
19161	Q25	I47	0.06417112299465241	0.0548
19162	Q25	Q22	0.32158590308370044	0.0
19163	Q25	I45	0.09565217391304348	0.013
19164	Q25	I51	0.10094637223974763	0.0102
19165	Q25	C46	0.02252252252252252	0.2007
19166	Q25	G73	0.06306306306306306	0.0557
19167	Q25	Q70	0.011428571428571429	0.2447
19168	Q25	Q24	0.1394658753709199	0.0037
19169	Q25	P56	0.029411764705882353	0.2236
19170	Q25	I43	0.08270676691729323	0.1445
19171	N91	L73	0.5	0.0078
19172	N91	E25	0.03278688524590164	0.1451
19173	N91	E87	0.024390243902439025	0.0827
19174	L73	K20	0.019762845849802372	0.2754
19175	L73	G51	0.05555555555555555	0.2561
19176	L73	G52	0.055900621118012424	0.2571
19177	L73	E87	0.01680672268907563	0.1812
19178	L73	L81	0.019230769230769232	0.2101
19179	L73	L44	0.09836065573770492	0.0066
19180	F98	F95	0.12903225806451613	0.0188
19181	F98	M50	0.09523809523809523	0.0538
19182	F98	F91	0.1016949152542373	0.0441
19183	F98	F60	0.0625	0.1478
19184	F98	G24	0.02564102564102564	0.2532
19185	F98	F32	0.02857142857142857	0.1888
19186	F98	A18	0.06451612903225806	0.2659
19187	F98	N73	0.06451612903225806	0.2659
19188	F98	D19	0.08333333333333333	0.1522
19189	F98	P96	0.036036036036036036	0.2111
19190	F98	O90	0.09090909090909091	0.0396
19191	F98	F28	0.13793103448275862	0.1583
19192	F98	L11	0.13333333333333333	0.1714
19193	F98	M51	0.05405405405405406	0.0458
19194	F81	K81	0.09900990099009901	0.033
19195	F81	N23	0.09174311926605505	0.0425
19196	F81	H55	0.020833333333333332	0.2427
19197	F81	L68	0.020833333333333332	0.0818
19198	F81	F84	0.06726457399103139	0.0434
19199	F81	F72	0.125	0.0029
19200	F81	F80	0.049723756906077346	0.1717
19201	F81	Q85	0.02727272727272727	0.2846
19202	F81	Q99	0.01818181818181818	0.1549
19203	F81	Q14	0.0273972602739726	0.2974
19204	F81	Q02	0.03529411764705882	0.2426
19205	F81	D21	0.02247191011235955	0.1785
19206	F81	M48	0.06422018348623854	0.1986
19207	F81	F83	0.0446927374301676	0.2033
19208	P96	A80	0.03260869565217391	0.2449
19209	P96	K81	0.038461538461538464	0.19
19210	P96	F91	0.042735042735042736	0.1578
19211	P96	M41	0.037037037037037035	0.2021
19212	P96	L95	0.03260869565217391	0.2449
19213	P96	F21	0.03488372093023256	0.2219
19214	P96	A07	0.03225806451612903	0.2487
19215	P96	F60	0.03409090909090909	0.2297
19216	P96	T78	0.028846153846153848	0.2883
19217	P96	M27	0.0297029702970297	0.2778
19218	P96	M75	0.038461538461538464	0.19
19219	P96	M14	0.04201680672268908	0.1628
19220	P96	K05	0.0297029702970297	0.2778
19221	P96	D19	0.03225806451612903	0.2487
19222	P96	Q36	0.02912621359223301	0.2848
19223	P96	O90	0.0449438202247191	0.2054
19224	B30	K12	0.07407407407407407	0.237
19225	B30	A55	0.16666666666666666	0.0386
19226	B30	H20	0.14285714285714285	0.0057
19227	B30	H10	1.0	0.0
19228	B30	J20	0.09090909090909091	0.1343
19229	B30	J42	0.07142857142857142	0.2088
19230	B30	J40	0.09090909090909091	0.1343
19231	B30	E27	0.043478260869565216	0.1377
19232	B30	A74	1.0	0.0
19233	B30	J30	0.08695652173913043	0.1036
19234	B30	F48	0.06666666666666667	0.008
19235	B30	M48	0.07142857142857142	0.1656
19236	B30	C14	0.03333333333333333	0.296
19237	B30	A58	0.16666666666666666	0.0246
19238	B30	Q36	0.045454545454545456	0.2557
19239	B30	Q30	0.1111111111111111	0.0245
19240	B30	A26	0.09090909090909091	0.04
19241	J00	K12	0.125	0.1329
19242	J00	M70	0.10256410256410256	0.1911
19243	J00	M71	0.10256410256410256	0.1911
19244	J00	A80	0.32142857142857145	0.0054
19245	J00	K81	0.08695652173913043	0.246
19246	J00	J20	0.08823529411764706	0.241
19247	J00	J42	0.08108108108108109	0.2705
19248	J00	J40	0.08823529411764706	0.241
19249	J00	J30	0.1111111111111111	0.1665
19250	J00	M41	0.058823529411764705	0.168
19251	J00	I85	0.15789473684210525	0.0455
19252	J00	N23	0.16	0.1817
19253	J00	L50	0.21739130434782608	0.0157
19254	J00	L95	0.1935483870967742	0.0821
19255	J00	F21	0.10714285714285714	0.1607
19256	J00	A07	0.1875	0.0664
19257	J00	F60	0.1	0.1665
19258	J00	T78	0.2564102564102564	0.0065
19259	J00	M27	0.15	0.0308
19260	J00	M75	0.1323529411764706	0.034
19261	J00	M14	0.15789473684210525	0.1682
19262	J00	K05	0.1794871794871795	0.014
19263	J00	M48	0.057692307692307696	0.2342
19264	J00	S27	0.2	0.0684
19265	J00	L59	0.1935483870967742	0.0821
19266	J00	L53	0.1935483870967742	0.0821
19267	J00	M07	0.18	0.1621
19268	J00	L58	0.18	0.0236
19269	J00	F61	0.1	0.1665
19270	J00	B91	0.32142857142857145	0.0211
19271	H10	K12	0.07407407407407407	0.237
19272	H10	A55	0.16666666666666666	0.0386
19273	H10	H20	0.14285714285714285	0.0617
19274	H10	J20	0.09090909090909091	0.1343
19275	H10	J42	0.07142857142857142	0.2088
19276	H10	J40	0.09090909090909091	0.1343
19277	H10	E27	0.043478260869565216	0.1377
19278	H10	A74	1.0	0.0
19279	H10	J30	0.08695652173913043	0.1036
19280	H10	F48	0.06666666666666667	0.008
19281	H10	M48	0.07142857142857142	0.1656
19282	H10	C14	0.03333333333333333	0.296
19283	H10	A58	0.16666666666666666	0.0246
19284	H10	Q36	0.045454545454545456	0.2557
19285	H10	Q30	0.1111111111111111	0.0245
19286	H10	A26	0.09090909090909091	0.04
19287	B27	J30	0.03333333333333333	0.1966
19288	Z88	K20	0.035897435897435895	0.0945
19289	Z88	J33	0.10714285714285714	0.059
19290	Z88	J31	0.044444444444444446	0.2378
19291	Z88	G04	0.017857142857142856	0.2352
19292	Z88	J30	0.22	0.0031
19293	G04	J12	0.016877637130801686	0.2547
19294	G04	Q64	0.016260162601626018	0.2678
19295	G04	Q87	0.017857142857142856	0.2352
19296	G04	N32	0.01818181818181818	0.229
19297	G04	Q35	0.02054794520547945	0.1888
19298	G04	Q69	0.021739130434782608	0.1713
19299	G04	Q75	0.017241379310344827	0.2473
19300	G04	Q14	0.01932367149758454	0.2087
19301	G04	K07	0.013157894736842105	0.2712
19302	G04	Q17	0.04081632653061224	0.0292
19303	A74	K12	0.07407407407407407	0.237
19304	A74	A55	0.16666666666666666	0.0386
19305	A74	J20	0.09090909090909091	0.1706
19306	A74	J42	0.07142857142857142	0.2496
19307	A74	J40	0.09090909090909091	0.1706
19308	A74	M65	0.07692307692307693	0.2242
19309	A74	H20	0.14285714285714285	0.0617
19310	A74	J30	0.08695652173913043	0.1036
19311	A74	F48	0.06666666666666667	0.008
19312	A74	M48	0.07142857142857142	0.1656
19313	A74	C14	0.03333333333333333	0.296
19314	A74	A58	0.16666666666666666	0.0246
19315	A74	Q36	0.045454545454545456	0.2557
19316	A74	Q30	0.1111111111111111	0.0245
19317	A74	A26	0.09090909090909091	0.04
19318	M48	K12	0.08163265306122448	0.128
19319	M48	M70	0.05	0.2843
19320	M48	M71	0.05	0.2843
19321	M48	K81	0.1951219512195122	0.0072
19322	M48	M41	0.08163265306122448	0.128
19323	M48	N23	0.2127659574468085	0.0046
19324	M48	M14	0.08333333333333333	0.1226
19325	M48	J30	0.06521739130434782	0.1937
19326	M48	Q30	0.0625	0.2075
19327	M48	A26	0.16129032258064516	0.017
19328	M48	F43	0.034482758620689655	0.1151
19329	M48	J96	0.057692307692307696	0.1266
19330	M48	F48	0.05263157894736842	0.0227
19331	M48	I06	0.12903225806451613	0.0076
19332	M48	T88	0.034482758620689655	0.0562
19333	M48	T30	0.16666666666666666	0.1057
19334	M48	F02	0.16279069767441862	0.227
19335	M48	G20+	0.18421052631578946	0.2448
19336	H91	M50	0.02830188679245283	0.2746
19337	H91	H90	0.7338709677419355	-0.0
19338	H91	H70	0.06306306306306306	0.2313
19339	H91	M85	0.02702702702702703	0.285
19340	H91	J63	0.03418803418803419	0.175
19341	H91	H93	0.059322033898305086	0.1388
19342	H91	Q17	0.017094017094017096	0.2313
19343	L82	L57	0.10227272727272728	0.071
19344	L82	C81	0.05	0.2756
19345	L82	F40	0.05	0.2756
19346	L82	D77	0.05263157894736842	0.2575
19347	L82	L45	0.05263157894736842	0.2575
19348	L82	M68	0.05263157894736842	0.2575
19349	L82	G55	0.05263157894736842	0.2575
19350	L82	G94	0.05263157894736842	0.2575
19351	L82	H94	0.05263157894736842	0.2575
19352	L82	I98	0.05263157894736842	0.2575
19353	L82	M90	0.05263157894736842	0.2575
19354	L82	N33	0.05263157894736842	0.2575
19355	L82	K23	0.05263157894736842	0.2575
19356	L82	H45	0.05263157894736842	0.2575
19357	L82	N29	0.05263157894736842	0.2575
19358	L82	K77	0.05263157894736842	0.2575
19359	L82	L58	0.06976744186046512	0.1652
19360	L82	M73	0.05263157894736842	0.2575
19361	L82	K93	0.05263157894736842	0.2575
19362	L82	H06	0.05263157894736842	0.2575
19363	L82	G32	0.05263157894736842	0.2575
19364	L82	N22	0.05263157894736842	0.2575
19365	L82	H36	0.05263157894736842	0.2575
19366	L82	H48	0.05263157894736842	0.2575
19367	L82	H22	0.05263157894736842	0.2575
19368	L82	N37	0.05263157894736842	0.2575
19369	L82	H62	0.05263157894736842	0.2575
19370	L82	I79	0.05263157894736842	0.2575
19371	L82	L14	0.05263157894736842	0.2575
19372	L82	H58	0.05263157894736842	0.2575
19373	L82	H03	0.05263157894736842	0.2575
19374	L82	L86	0.05263157894736842	0.2575
19375	L82	N51	0.05263157894736842	0.2575
19376	L82	M63	0.05263157894736842	0.2575
19377	L82	K87	0.05263157894736842	0.2575
19378	L82	M49	0.05263157894736842	0.2575
19379	L82	I52	0.05263157894736842	0.2575
19380	L82	H75	0.05263157894736842	0.2575
19381	L82	D32	0.2222222222222222	0.0057
19382	L82	D07	0.19298245614035087	0.0338
19383	L82	D02	0.1864406779661017	0.0363
19384	L82	D00	0.19298245614035087	0.0338
19385	L82	D01	0.1864406779661017	0.0375
19386	L82	C14	0.075	0.064
19387	L82	D34	0.23076923076923078	0.0115
19388	L82	L26	0.08823529411764706	0.1023
19389	L82	D22	0.043478260869565216	0.0899
19390	L82	D24	0.23076923076923078	0.0115
19391	L82	M83	0.05263157894736842	0.0159
19392	L82	D27	0.08695652173913043	0.0172
19393	L82	B35	0.05555555555555555	0.1989
19394	L82	Q86	0.037037037037037035	0.0055
19395	L82	Q85	0.05405405405405406	0.0821
19396	L82	Q81	0.06896551724137931	0.1984
19397	L82	Q80	0.07407407407407407	0.1664
19398	L82	Q28	0.038461538461538464	0.0437
19399	L82	N32	0.08333333333333333	0.0556
19400	L82	Q69	0.02531645569620253	0.2583
19401	L82	D89	0.038461538461538464	0.0685
19402	L82	L56	0.09836065573770492	0.0633
19403	L82	L81	0.04	0.0373
19404	L82	L44	0.038461538461538464	0.1459
19405	L82	D04	0.05263157894736842	0.0603
19406	L82	C97	0.043478260869565216	0.0416
19407	L82	D36	0.23076923076923078	0.0115
19408	L82	C78	0.17391304347826086	0.0008
19409	L82	D29	0.23076923076923078	0.0115
19410	L82	D14	0.23076923076923078	0.0115
19411	L26	G81	0.034482758620689655	0.2146
19412	L26	K14	0.05555555555555555	0.2839
19413	L26	I07	0.05555555555555555	0.2839
19414	L26	L75	0.05555555555555555	0.2839
19415	L26	I09	0.05555555555555555	0.2839
19416	L26	L58	0.6060606060606061	0.0
19417	L26	I08	0.05555555555555555	0.2839
19418	L26	K00	0.0392156862745098	0.2632
19419	L26	H20	0.038461538461538464	0.2519
19420	L26	L60	0.038461538461538464	0.0026
19421	L26	O26	0.2	0.0002
19422	L26	Q81	0.7272727272727273	0.0
19423	L26	L81	0.03125	0.0777
19424	L26	L44	0.03389830508474576	0.1838
19425	L25	H16	0.022222222222222223	0.2646
19426	L25	B50	0.020942408376963352	0.2857
19427	L25	D72	0.023529411764705882	0.135
19428	L25	L44	0.02702702702702703	0.2599
19429	L60	L58	0.02857142857142857	0.0127
19430	L60	Q81	0.05	0.0004
19431	L60	Q84	0.03225806451612903	0.0909
19432	L60	L67	0.041666666666666664	0.0314
19433	K14	H16	0.07575757575757576	0.1794
19434	K14	G51	0.7105263157894737	0.0
19435	K14	G52	0.72	0.0
19436	K14	B47	0.0449438202247191	0.1407
19437	K14	H55	0.03278688524590164	0.1063
19438	K14	K00	0.036585365853658534	0.288
19439	K14	M42	0.017543859649122806	0.2763
19440	K14	O26	0.03333333333333333	0.2683
19441	K14	I07	1.0	0.0
19442	K14	E76	0.024691358024691357	0.2204
19443	K14	Q79	0.0684931506849315	0.017
19444	K14	M85	0.0410958904109589	0.1473
19445	K14	N42	0.6	0.0
19446	K14	J96	0.0379746835443038	0.2572
19447	K14	M94	0.030303030303030304	0.174
19448	K14	L75	1.0	0.0
19449	K14	I09	1.0	0.0
19450	K14	T30	0.3333333333333333	0.011
19451	K14	L58	0.0759493670886076	0.2071
19452	K14	I08	1.0	0.0
19453	O26	I07	0.03333333333333333	0.2683
19454	O26	N42	0.031578947368421054	0.2878
19455	O26	L75	0.03333333333333333	0.2683
19456	O26	I09	0.03333333333333333	0.2683
19457	O26	Q36	0.037037037037037035	0.2315
19458	O26	L58	0.14705882352941177	0.0025
19459	O26	I08	0.03333333333333333	0.2683
19460	O26	K00	0.05405405405405406	0.1169
19461	O26	Q81	0.2631578947368421	0.0018
19462	O26	K03	0.03125	0.2844
19463	O26	B43	0.14285714285714285	0.0509
19464	I07	H16	0.07575757575757576	0.1794
19465	I07	G51	0.7105263157894737	0.0
19466	I07	G52	0.72	0.0
19467	I07	B47	0.0449438202247191	0.1407
19468	I07	H55	0.03278688524590164	0.1063
19469	I07	K00	0.036585365853658534	0.288
19470	I07	M42	0.017543859649122806	0.2763
19471	I07	E76	0.024691358024691357	0.2204
19472	I07	Q79	0.0684931506849315	0.017
19473	I07	M85	0.0410958904109589	0.1473
19474	I07	N42	0.6	0.0
19475	I07	J96	0.0379746835443038	0.2572
19476	I07	M94	0.030303030303030304	0.174
19477	I07	L75	1.0	0.0
19478	I07	I09	1.0	0.0
19479	I07	T30	0.3333333333333333	0.011
19480	I07	L58	0.0759493670886076	0.2071
19481	I07	I08	1.0	0.0
19482	Q81	L58	0.5161290322580645	0.0
19483	Q81	D34	0.06451612903225806	0.2204
19484	Q81	D24	0.06451612903225806	0.2204
19485	Q81	D36	0.06451612903225806	0.2204
19486	Q81	D29	0.06451612903225806	0.2204
19487	Q81	D14	0.06451612903225806	0.2204
19488	Q81	L56	0.046153846153846156	0.2762
19489	Q81	L81	0.038461538461538464	0.0425
19490	M31	J63	0.03333333333333333	0.1829
19491	N42	G51	0.48214285714285715	0.0
19492	N42	G52	0.4864864864864865	0.0
19493	N42	N64	0.06086956521739131	0.2303
19494	N42	B47	0.032	0.2484
19495	N42	H55	0.020618556701030927	0.2463
19496	N42	M83	0.021505376344086023	0.1872
19497	N42	Q79	0.045871559633027525	0.0669
19498	N42	M85	0.027522935779816515	0.2785
19499	N42	Q42	0.019417475728155338	0.1816
19500	N42	L75	0.6	0.0
19501	N42	I09	0.6	0.0
19502	N42	C97	0.020618556701030927	0.2237
19503	N42	T30	0.22807017543859648	0.046
19504	N42	L58	0.06140350877192982	0.2801
19505	N42	I08	0.6	0.0
19506	L75	H16	0.07575757575757576	0.1794
19507	L75	G51	0.7105263157894737	0.0
19508	L75	G52	0.72	0.0
19509	L75	B47	0.0449438202247191	0.1407
19510	L75	H55	0.03278688524590164	0.1063
19511	L75	K00	0.036585365853658534	0.288
19512	L75	M42	0.017543859649122806	0.2763
19513	L75	E76	0.024691358024691357	0.2204
19514	L75	Q79	0.0684931506849315	0.017
19515	L75	M85	0.0410958904109589	0.1473
19516	L75	J96	0.0379746835443038	0.2572
19517	L75	M94	0.030303030303030304	0.174
19518	L75	I09	1.0	0.0
19519	L75	T30	0.3333333333333333	0.011
19520	L75	L58	0.0759493670886076	0.2071
19521	L75	I08	1.0	0.0
19522	I09	H16	0.07575757575757576	0.1794
19523	I09	G51	0.7105263157894737	0.0
19524	I09	G52	0.72	0.0
19525	I09	B47	0.0449438202247191	0.1407
19526	I09	H55	0.03278688524590164	0.1063
19527	I09	K00	0.036585365853658534	0.288
19528	I09	M42	0.017543859649122806	0.2763
19529	I09	E76	0.024691358024691357	0.2204
19530	I09	Q79	0.0684931506849315	0.017
19531	I09	M85	0.0410958904109589	0.1473
19532	I09	J96	0.0379746835443038	0.2572
19533	I09	M94	0.030303030303030304	0.174
19534	I09	T30	0.3333333333333333	0.011
19535	I09	L58	0.0759493670886076	0.2071
19536	I09	I08	1.0	0.0
19537	L58	K12	0.07547169811320754	0.2091
19538	L58	A80	0.2903225806451613	0.0023
19539	L58	G51	0.0594059405940594	0.292
19540	L58	K81	0.06	0.2884
19541	L58	M41	0.07547169811320754	0.2091
19542	L58	I85	0.14634146341463414	0.0478
19543	L58	L50	0.20408163265306123	0.0143
19544	L58	L95	0.17647058823529413	0.0254
19545	L58	F21	0.0967741935483871	0.1343
19546	L58	A07	0.17142857142857143	0.0283
19547	L58	F60	0.09090909090909091	0.1517
19548	L58	T78	0.20930232558139536	0.0128
19549	L58	G52	0.06	0.2884
19550	L58	M27	0.13953488372093023	0.0551
19551	L58	M75	0.14285714285714285	0.0514
19552	L58	M14	0.1694915254237288	0.0294
19553	L58	K05	0.13953488372093023	0.0551
19554	L58	J30	0.08163265306122448	0.184
19555	L58	Q36	0.0851063829787234	0.1712
19556	L58	S27	0.18181818181818182	0.0228
19557	L58	L59	0.17647058823529413	0.0254
19558	L58	L53	0.17647058823529413	0.0254
19559	L58	M07	0.19230769230769232	0.0183
19560	L58	F61	0.09090909090909091	0.1961
19561	L58	B91	0.2903225806451613	0.0308
19562	L58	I08	0.0759493670886076	0.1786
19563	I08	H16	0.07575757575757576	0.1794
19564	I08	G51	0.7105263157894737	0.0
19565	I08	G52	0.72	0.0
19566	I08	T30	0.3333333333333333	0.0005
19567	I08	B47	0.0449438202247191	0.1407
19568	I08	H55	0.03278688524590164	0.1063
19569	I08	K00	0.036585365853658534	0.288
19570	I08	M42	0.017543859649122806	0.2763
19571	I08	E76	0.024691358024691357	0.2204
19572	I08	Q79	0.0684931506849315	0.017
19573	I08	M85	0.0410958904109589	0.1473
19574	I08	J96	0.0379746835443038	0.2572
19575	I08	M94	0.030303030303030304	0.174
19576	A80	J30	0.10714285714285714	0.2792
19577	A80	Q36	0.11538461538461539	0.253
19578	A80	M41	0.09375	0.058
19579	A80	I85	0.3157894736842105	0.0019
19580	A80	L50	0.32142857142857145	0.0021
19581	A80	L95	0.5	0.0014
19582	A80	F21	0.3333333333333333	0.0031
19583	A80	A07	0.46153846153846156	0.0012
19584	A80	F60	0.2727272727272727	0.0071
19585	A80	P24	0.027777777777777776	0.1291
19586	A80	T78	0.42857142857142855	0.0002
19587	A80	M27	0.2857142857142857	0.0013
19588	A80	M75	0.1836734693877551	0.009
19589	A80	M14	0.23684210526315788	0.0687
19590	A80	K05	0.2857142857142857	0.0011
19591	A80	I06	0.0625	0.0968
19592	A80	S27	0.5454545454545454	0.0006
19593	A80	L59	0.5	0.0014
19594	A80	L53	0.5	0.0014
19595	A80	M07	0.2903225806451613	0.0529
19596	A80	F61	0.2727272727272727	0.0071
19597	A80	B91	1.0	0.0
19598	M41	K12	0.061224489795918366	0.1562
19599	M41	M70	0.05128205128205128	0.2113
19600	M41	M71	0.05128205128205128	0.2113
19601	M41	J90	0.075	0.1027
19602	M41	J91	0.075	0.1027
19603	M41	K37	0.043478260869565216	0.2678
19604	M41	K35	0.044444444444444446	0.2601
19605	M41	K81	0.11627906976744186	0.0291
19606	M41	M65	0.05714285714285714	0.1768
19607	M41	Q36	0.09523809523809523	0.0554
19608	M41	D77	0.04081632653061224	0.2903
19609	M41	L45	0.04081632653061224	0.2903
19610	M41	M68	0.04081632653061224	0.2903
19611	M41	G55	0.04081632653061224	0.2903
19612	M41	G94	0.04081632653061224	0.2903
19613	M41	H94	0.04081632653061224	0.2903
19614	M41	I98	0.04081632653061224	0.2903
19615	M41	M90	0.04081632653061224	0.2903
19616	M41	N33	0.04081632653061224	0.2903
19617	M41	K23	0.04081632653061224	0.2903
19618	M41	H45	0.04081632653061224	0.2903
19619	M41	N29	0.04081632653061224	0.2903
19620	M41	K77	0.04081632653061224	0.2903
19621	M41	M73	0.04081632653061224	0.2903
19622	M41	K93	0.04081632653061224	0.2903
19623	M41	H06	0.04081632653061224	0.2903
19624	M41	G32	0.04081632653061224	0.2903
19625	M41	N22	0.04081632653061224	0.2903
19626	M41	H36	0.04081632653061224	0.2903
19627	M41	H48	0.04081632653061224	0.2903
19628	M41	H22	0.04081632653061224	0.2903
19629	M41	N37	0.04081632653061224	0.2903
19630	M41	H62	0.04081632653061224	0.2903
19631	M41	I79	0.04081632653061224	0.2903
19632	M41	L14	0.04081632653061224	0.2903
19633	M41	H58	0.04081632653061224	0.2903
19634	M41	H03	0.04081632653061224	0.2903
19635	M41	L86	0.04081632653061224	0.2903
19636	M41	N51	0.04081632653061224	0.2903
19637	M41	M63	0.04081632653061224	0.2903
19638	M41	K87	0.04081632653061224	0.2903
19639	M41	M49	0.04081632653061224	0.2903
19640	M41	I52	0.04081632653061224	0.2903
19641	M41	H75	0.04081632653061224	0.2903
19642	M41	F43	0.03571428571428571	0.1065
19643	M41	L95	0.09375	0.2995
19644	M41	F21	0.11538461538461539	0.1394
19645	M41	A07	0.09090909090909091	0.27
19646	M41	F60	0.10714285714285714	0.1463
19647	M41	J96	0.058823529411764705	0.1216
19648	M41	T78	0.11904761904761904	0.0977
19649	M41	M27	0.07317073170731707	0.1845
19650	M41	M75	0.08695652173913043	0.1091
19651	M41	M14	0.12280701754385964	0.2501
19652	M41	K05	0.07317073170731707	0.1771
19653	M41	T88	0.03571428571428571	0.0506
19654	M41	S27	0.0967741935483871	0.2746
19655	M41	L59	0.09375	0.2995
19656	M41	L53	0.09375	0.2995
19657	M41	M07	0.14	0.2431
19658	M41	F61	0.10714285714285714	0.1463
19659	I85	K12	0.07692307692307693	0.2238
19660	I85	J30	0.08571428571428572	0.1884
19661	I85	N23	0.15	0.2022
19662	I85	L50	0.15789473684210525	0.0494
19663	I85	L95	0.13636363636363635	0.1726
19664	I85	A07	0.13043478260869565	0.1523
19665	I85	T78	0.1935483870967742	0.0225
19666	I85	M27	0.0967741935483871	0.1066
19667	I85	M75	0.1016949152542373	0.0748
19668	I85	M14	0.125	0.244
19669	I85	K05	0.0967741935483871	0.1011
19670	I85	D3A	0.09090909090909091	0.0036
19671	I85	I06	0.043478260869565216	0.198
19672	I85	D19	0.23809523809523808	0.0041
19673	I85	S27	0.14285714285714285	0.1478
19674	I85	L59	0.13636363636363635	0.1726
19675	I85	L53	0.13636363636363635	0.1726
19676	I85	M07	0.14634146341463414	0.228
19677	I85	B91	0.3157894736842105	0.0226
19678	I83	M86	0.04672897196261682	0.2535
19679	I83	B54	0.046218487394957986	0.2573
19680	I83	N40	0.04895104895104895	0.2375
19681	L50	K12	0.08	0.2192
19682	L50	K81	0.06382978723404255	0.2983
19683	L50	J30	0.08695652173913043	0.192
19684	L50	Q36	0.06666666666666667	0.2826
19685	L50	L95	0.1935483870967742	0.0821
19686	L50	F21	0.10714285714285714	0.1607
19687	L50	A07	0.1875	0.0664
19688	L50	F60	0.1	0.1665
19689	L50	T78	0.32432432432432434	0.0017
19690	L50	M27	0.15	0.0308
19691	L50	M75	0.1323529411764706	0.034
19692	L50	M14	0.15789473684210525	0.1682
19693	L50	K05	0.15	0.0284
19694	L50	S27	0.2	0.0684
19695	L50	L59	0.1935483870967742	0.0821
19696	L50	L53	0.1935483870967742	0.0821
19697	L50	M07	0.18	0.1621
19698	L50	F61	0.1	0.1665
19699	L50	B91	0.32142857142857145	0.0211
19700	L95	K12	0.09375	0.2995
19701	L95	K81	0.10714285714285714	0.252
19702	L95	J30	0.10714285714285714	0.252
19703	L95	Q36	0.11538461538461539	0.2265
19704	L95	F21	0.3333333333333333	0.0031
19705	L95	A07	0.46153846153846156	0.0012
19706	L95	F60	0.2727272727272727	0.0071
19707	L95	P24	0.027777777777777776	0.1291
19708	L95	T78	0.25	0.0073
19709	L95	M27	0.2857142857142857	0.0013
19710	L95	M75	0.11538461538461539	0.0526
19711	L95	M14	0.14634146341463414	0.1917
19712	L95	K05	0.2857142857142857	0.0011
19713	L95	S27	0.5454545454545454	0.0006
19714	L95	L59	1.0	0.0
19715	L95	L53	1.0	0.0
19716	L95	M07	0.17647058823529413	0.168
19717	L95	F61	0.2727272727272727	0.0071
19718	L95	B91	0.5	0.0024
19719	F21	K81	0.13636363636363635	0.0972
19720	F21	Q36	0.15	0.0768
19721	F21	A07	0.3	0.0128
19722	F21	F60	0.6	0.0
19723	F21	P24	0.03333333333333333	0.0853
19724	F21	T78	0.14285714285714285	0.0612
19725	F21	M27	0.16666666666666666	0.0209
19726	F21	M75	0.061224489795918366	0.2106
19727	F21	K05	0.16666666666666666	0.019
19728	F21	S27	0.375	0.0063
19729	F21	L59	0.3333333333333333	0.0132
19730	F21	L53	0.3333333333333333	0.0132
19731	F21	F61	0.6	0.0
19732	F21	B91	0.3333333333333333	0.0183
19733	A07	K12	0.09090909090909091	0.27
19734	A07	K81	0.10344827586206896	0.2252
19735	A07	J30	0.10344827586206896	0.2252
19736	A07	Q36	0.1111111111111111	0.2015
19737	A07	F60	0.25	0.0108
19738	A07	T78	0.24	0.009
19739	A07	M27	0.5555555555555556	0.0
19740	A07	M75	0.11320754716981132	0.0556
19741	A07	M14	0.14285714285714285	0.1994
19742	A07	K05	0.5555555555555556	0.0
19743	A07	S27	0.5	0.0011
19744	A07	L59	0.46153846153846156	0.0024
19745	A07	L53	0.46153846153846156	0.0024
19746	A07	M07	0.17142857142857143	0.1769
19747	A07	F61	0.25	0.0108
19748	A07	B91	0.46153846153846156	0.0038
19749	F60	K81	0.125	0.106
19750	F60	Q36	0.13636363636363635	0.0862
19751	F60	P24	0.03125	0.0997
19752	F60	N13	0.02127659574468085	0.0938
19753	F60	T78	0.13043478260869565	0.0781
19754	F60	M27	0.15	0.0308
19755	F60	M75	0.058823529411764705	0.2239
19756	F60	K05	0.15	0.0284
19757	F60	S27	0.3	0.0176
19758	F60	L59	0.2727272727272727	0.0292
19759	F60	L53	0.2727272727272727	0.0292
19760	F60	F61	1.0	0.0
19761	F60	B91	0.2727272727272727	0.0381
19762	T78	K12	0.09302325581395349	0.1627
19763	T78	K81	0.075	0.2316
19764	T78	N23	0.0625	0.2957
19765	T78	J30	0.10256410256410256	0.135
19766	T78	Q36	0.07894736842105263	0.2144
19767	T78	O44	0.043478260869565216	0.2606
19768	T78	M27	0.18181818181818182	0.0146
19769	T78	M75	0.16666666666666666	0.014
19770	T78	M14	0.20408163265306123	0.0997
19771	T78	K05	0.18181818181818182	0.0132
19772	T78	I06	0.03571428571428571	0.2649
19773	T78	S27	0.2608695652173913	0.0299
19774	T78	L59	0.25	0.0393
19775	T78	L53	0.25	0.0393
19776	T78	M07	0.23809523809523808	0.0899
19777	T78	F61	0.13043478260869565	0.096
19778	T78	B91	0.42857142857142855	0.0057
19779	M27	K12	0.07317073170731707	0.1845
19780	M27	K81	0.08108108108108109	0.1535
19781	M27	N23	0.06666666666666667	0.2145
19782	M27	J30	0.08108108108108109	0.1535
19783	M27	Q36	0.08571428571428572	0.1379
19784	M27	M75	0.09836065573770492	0.0814
19785	M27	M14	0.12	0.2582
19786	M27	K05	0.38461538461538464	0.0001
19787	M27	M25	0.1111111111111111	0.0002
19788	M27	S27	0.3	0.0176
19789	M27	L59	0.2857142857142857	0.0246
19790	M27	L53	0.2857142857142857	0.0246
19791	M27	M07	0.13953488372093023	0.2443
19792	M27	F61	0.15	0.0673
19793	M27	B91	0.2857142857142857	0.0326
19794	M75	K12	0.07142857142857142	0.1623
19795	M75	K81	0.05970149253731343	0.2189
19796	M75	N23	0.05333333333333334	0.2576
19797	M75	J30	0.05970149253731343	0.2189
19798	M75	Q36	0.06153846153846154	0.2089
19799	M75	M14	0.17567567567567569	0.1375
19800	M75	K05	0.09836065573770492	0.0973
19801	M75	S27	0.11764705882352941	0.2075
19802	M75	L59	0.11538461538461539	0.2265
19803	M75	L53	0.11538461538461539	0.2265
19804	M75	M07	0.19402985074626866	0.1406
19805	M75	B91	0.1836734693877551	0.1116
19806	M14	M86	0.1724137931034483	0.1427
19807	M14	B54	0.14814814814814814	0.1878
19808	M14	N40	0.1076923076923077	0.2967
19809	M14	K12	0.30612244897959184	0.0313
19810	M14	M70	0.2619047619047619	0.0517
19811	M14	M71	0.2619047619047619	0.0517
19812	M14	J90	0.25	0.0592
19813	M14	J91	0.25	0.0592
19814	M14	C81	0.14666666666666667	0.191
19815	M14	K37	0.22448979591836735	0.0791
19816	M14	K35	0.22916666666666666	0.075
19817	M14	K81	0.30434782608695654	0.0319
19818	M14	F91	0.15625	0.1713
19819	M14	N23	0.2830188679245283	0.0407
19820	M14	M65	0.2894736842105263	0.0378
19821	M14	I73	0.2631578947368421	0.051
19822	M14	D77	0.21153846153846154	0.0916
19823	M14	L45	0.21153846153846154	0.0916
19824	M14	M68	0.21153846153846154	0.0916
19825	M14	G55	0.21153846153846154	0.0916
19826	M14	G94	0.21153846153846154	0.0916
19827	M14	H94	0.21153846153846154	0.0916
19828	M14	I98	0.21153846153846154	0.0916
19829	M14	M90	0.21153846153846154	0.0916
19830	M14	N33	0.21153846153846154	0.0916
19831	M14	K23	0.21153846153846154	0.0916
19832	M14	H45	0.21153846153846154	0.0916
19833	M14	N29	0.21153846153846154	0.0916
19834	M14	K77	0.21153846153846154	0.0916
19835	M14	M73	0.21153846153846154	0.0916
19836	M14	K93	0.21153846153846154	0.0916
19837	M14	H06	0.21153846153846154	0.0916
19838	M14	G32	0.21153846153846154	0.0916
19839	M14	N22	0.21153846153846154	0.0916
19840	M14	H36	0.21153846153846154	0.0916
19841	M14	H48	0.21153846153846154	0.0916
19842	M14	H22	0.21153846153846154	0.0916
19843	M14	N37	0.21153846153846154	0.0916
19844	M14	H62	0.21153846153846154	0.0916
19845	M14	I79	0.21153846153846154	0.0916
19846	M14	L14	0.21153846153846154	0.0916
19847	M14	H58	0.21153846153846154	0.0916
19848	M14	H03	0.21153846153846154	0.0916
19849	M14	L86	0.21153846153846154	0.0916
19850	M14	N51	0.21153846153846154	0.0916
19851	M14	M63	0.21153846153846154	0.0916
19852	M14	K87	0.21153846153846154	0.0916
19853	M14	M49	0.21153846153846154	0.0916
19854	M14	I52	0.21153846153846154	0.0916
19855	M14	H75	0.21153846153846154	0.0916
19856	M14	F43	0.025	0.2093
19857	M14	J96	0.11864406779661017	0.0139
19858	M14	G57	0.15384615384615385	0.0122
19859	M14	K05	0.12	0.0581
19860	M14	N88	0.2894736842105263	0.1403
19861	M14	T79	0.2564102564102564	0.1743
19862	M14	D04	0.023809523809523808	0.284
19863	M14	S27	0.15	0.1343
19864	M14	L59	0.14634146341463414	0.1517
19865	M14	L53	0.14634146341463414	0.1517
19866	M14	T30	0.17333333333333334	0.0966
19867	M14	T09	0.1686746987951807	0.0691
19868	M14	F02	0.19607843137254902	0.1674
19869	M14	G20+	0.21739130434782608	0.1898
19870	M14	M07	0.8157894736842105	0.0002
19871	M14	L02	0.2564102564102564	0.1802
19872	M14	F61	0.075	0.2611
19873	M14	B91	0.23684210526315788	0.0588
19874	M14	L55	0.08208955223880597	0.1565
19875	M14	K36	0.2391304347826087	0.1389
19876	K05	K12	0.07317073170731707	0.1771
19877	K05	K81	0.08108108108108109	0.1468
19878	K05	N23	0.06666666666666667	0.2067
19879	K05	J30	0.08108108108108109	0.1468
19880	K05	Q36	0.08571428571428572	0.1315
19881	K05	S27	0.3	0.0176
19882	K05	L59	0.2857142857142857	0.0246
19883	K05	L53	0.2857142857142857	0.0246
19884	K05	M07	0.13953488372093023	0.2443
19885	K05	F61	0.15	0.0673
19886	K05	B91	0.2857142857142857	0.0326
19887	J30	K12	0.11627906976744186	0.048
19888	J30	F45	0.04	0.2918
19889	J30	K20	0.022099447513812154	0.2361
19890	J30	J33	0.21621621621621623	0.002
19891	J30	J31	0.1111111111111111	0.0236
19892	J30	S27	0.1111111111111111	0.2265
19893	J30	L59	0.10714285714285714	0.252
19894	J30	L53	0.10714285714285714	0.252
19895	J30	B91	0.10714285714285714	0.2792
19896	Q36	A55	0.043478260869565216	0.2714
19897	Q36	A58	0.043478260869565216	0.2714
19898	Q36	H20	0.041666666666666664	0.2866
19899	Q36	Q38	0.037037037037037035	0.2751
19900	Q36	Q35	0.06818181818181818	0.0265
19901	Q36	Q30	0.038461538461538464	0.2791
19902	Q36	S27	0.12	0.201
19903	Q36	L59	0.11538461538461539	0.2265
19904	Q36	L53	0.11538461538461539	0.2265
19905	Q36	A26	0.03571428571428571	0.2839
19906	Q36	F61	0.13636363636363635	0.0862
19907	Q36	B91	0.11538461538461539	0.253
19908	S27	K12	0.0967741935483871	0.2746
19909	S27	K81	0.1111111111111111	0.2265
19910	S27	I81	0.03225806451612903	0.2492
19911	S27	P24	0.02857142857142857	0.1217
19912	S27	L59	0.5454545454545454	0.0008
19913	S27	L53	0.5454545454545454	0.0008
19914	S27	M07	0.18181818181818182	0.1592
19915	S27	F61	0.3	0.0043
19916	S27	B91	0.5454545454545454	0.0014
19917	L59	K12	0.09375	0.2995
19918	L59	K81	0.10714285714285714	0.252
19919	L59	P24	0.027777777777777776	0.1291
19920	L59	L53	1.0	0.0
19921	L59	M07	0.17647058823529413	0.168
19922	L59	F61	0.2727272727272727	0.0071
19923	L59	B91	0.5	0.0024
19924	L53	K12	0.09375	0.2995
19925	L53	K81	0.10714285714285714	0.252
19926	L53	P24	0.027777777777777776	0.1291
19927	L53	M07	0.17647058823529413	0.168
19928	L53	F61	0.2727272727272727	0.0071
19929	L53	B91	0.5	0.0024
19930	M07	M86	0.19607843137254902	0.1378
19931	M07	B54	0.14666666666666667	0.2273
19932	M07	K12	0.35714285714285715	0.0268
19933	M07	M70	0.3142857142857143	0.0415
19934	M07	M71	0.3142857142857143	0.0415
19935	M07	J90	0.2972972972972973	0.0493
19936	M07	J91	0.2972972972972973	0.0493
19937	M07	C81	0.16176470588235295	0.195
19938	M07	K37	0.2619047619047619	0.0706
19939	M07	K35	0.2682926829268293	0.0662
19940	M07	K81	0.358974358974359	0.0263
19941	M07	F91	0.17543859649122806	0.1698
19942	M07	N23	0.32608695652173914	0.0368
19943	M07	M65	0.3548387096774194	0.0274
19944	M07	I73	0.3225806451612903	0.0381
19945	M07	N88	0.3548387096774194	0.0274
19946	M07	T79	0.3125	0.0422
19947	M07	T30	0.19117647058823528	0.1448
19948	M07	T09	0.18421052631578946	0.1554
19949	M07	F02	0.22727272727272727	0.1004
19950	M07	G20+	0.2564102564102564	0.0747
19951	M07	D77	0.24444444444444444	0.0843
19952	M07	L45	0.24444444444444444	0.0843
19953	M07	M68	0.24444444444444444	0.0843
19954	M07	G55	0.24444444444444444	0.0843
19955	M07	G94	0.24444444444444444	0.0843
19956	M07	H94	0.24444444444444444	0.0843
19957	M07	I98	0.24444444444444444	0.0843
19958	M07	M90	0.24444444444444444	0.0843
19959	M07	N33	0.24444444444444444	0.0843
19960	M07	K23	0.24444444444444444	0.0843
19961	M07	H45	0.24444444444444444	0.0843
19962	M07	N29	0.24444444444444444	0.0843
19963	M07	K77	0.24444444444444444	0.0843
19964	M07	M73	0.24444444444444444	0.0843
19965	M07	K93	0.24444444444444444	0.0843
19966	M07	H06	0.24444444444444444	0.0843
19967	M07	G32	0.24444444444444444	0.0843
19968	M07	N22	0.24444444444444444	0.0843
19969	M07	H36	0.24444444444444444	0.0843
19970	M07	H48	0.24444444444444444	0.0843
19971	M07	H22	0.24444444444444444	0.0843
19972	M07	N37	0.24444444444444444	0.0843
19973	M07	H62	0.24444444444444444	0.0843
19974	M07	I79	0.24444444444444444	0.0843
19975	M07	L14	0.24444444444444444	0.0843
19976	M07	H58	0.24444444444444444	0.0843
19977	M07	H03	0.24444444444444444	0.0843
19978	M07	L86	0.24444444444444444	0.0843
19979	M07	N51	0.24444444444444444	0.0843
19980	M07	M63	0.24444444444444444	0.0843
19981	M07	K87	0.24444444444444444	0.0843
19982	M07	M49	0.24444444444444444	0.0843
19983	M07	I52	0.24444444444444444	0.0843
19984	M07	H75	0.24444444444444444	0.0843
19985	M07	F43	0.030303030303030304	0.1499
19986	M07	J96	0.1346153846153846	0.0078
19987	M07	G57	0.1875	0.0046
19988	M07	L02	0.3125	0.1236
19989	M07	F61	0.09090909090909091	0.1961
19990	M07	B91	0.2903225806451613	0.0308
19991	M07	L55	0.078125	0.1713
19992	M07	K36	0.28205128205128205	0.0973
19993	F61	K81	0.125	0.106
19994	F61	P24	0.03125	0.0997
19995	F61	N13	0.02127659574468085	0.0938
19996	F61	B91	0.2727272727272727	0.0381
19997	B91	K81	0.10714285714285714	0.2792
19998	B91	P24	0.027777777777777776	0.1291
19999	B91	I06	0.0625	0.0968
20000	M89	Q78	0.13120567375886524	0.0059
20001	M89	Q87	0.04065040650406504	0.179
20002	M89	B06	0.058823529411764705	0.0825
20003	M89	B05	0.058823529411764705	0.0825
20004	M89	B47	0.13068181818181818	0.003
20005	M89	M88	0.15300546448087432	0.0001
20006	M89	Q77	0.022727272727272728	0.183
20007	M89	Q79	0.022222222222222223	0.2729
20008	M89	Q51	0.0481283422459893	0.0596
20009	M89	M85	0.02824858757062147	0.2692
20010	M89	Q74	0.011695906432748537	0.1289
20011	M89	M93	0.055865921787709494	0.0666
20012	M89	Q65	0.31063829787234043	0.0
20013	M89	Q72	0.2356020942408377	0.0002
20014	M89	M82	0.0330188679245283	0.2472
20015	G91	H72	0.034482758620689655	0.0083
20016	G91	M83	0.03225806451612903	0.0115
20017	G91	Q69	0.02197802197802198	0.0497
20018	G91	Q03	0.06	0.0002
20019	G91	Q34	0.023529411764705882	0.2824
20020	M83	K12	0.03333333333333333	0.0738
20021	M83	B01	0.01818181818181818	0.2429
20022	M83	M51	0.018867924528301886	0.2302
20023	M83	E23	0.021739130434782608	0.1838
20024	M83	H72	0.14285714285714285	0.0
20025	M83	Q87	0.020202020202020204	0.2073
20026	M83	Q35	0.039473684210526314	0.0454
20027	M83	N64	0.027777777777777776	0.1144
20028	M83	C78	0.0625	0.0072
20029	M83	B47	0.047619047619047616	0.0238
20030	M83	Q04	0.041666666666666664	0.0144
20031	M83	Q77	0.041666666666666664	0.0429
20032	M83	M85	0.038461538461538464	0.1668
20033	M83	M11	0.09090909090909091	0.0
20034	M83	Q70	0.05263157894736842	0.0013
20035	M83	Q69	0.04411764705882353	0.0937
20036	M83	Q98	0.02702702702702703	0.2831
20037	M83	Q75	0.06666666666666667	0.0076
20038	M83	Q17	0.03225806451612903	0.0619
20039	I71	Q75	0.030303030303030304	0.1121
20040	Q32	Q82	0.05357142857142857	0.0301
20041	Q32	Q22	0.01935483870967742	0.2877
20042	Q32	Q30	0.038461538461538464	0.0823
20043	Q32	Q87	0.03571428571428571	0.0986
20044	Q32	G73	0.021739130434782608	0.2464
20045	Q32	P24	0.043478260869565216	0.0399
20046	Q32	P56	0.03	0.217
20047	Q32	Q20	0.19230769230769232	0.0
20048	Q32	Q15	0.04	0.0387
20049	Q35	Q30	0.02531645569620253	0.262
20050	Q35	Q78	0.04954954954954955	0.1465
20051	Q35	Q04	0.03296703296703297	0.0355
20052	Q35	Q87	0.024096385542168676	0.2795
20053	Q35	Q45	0.02666666666666667	0.2146
20054	Q35	Q18	0.0425531914893617	0.1046
20055	Q35	B47	0.046296296296296294	0.1326
20056	Q35	Q77	0.021739130434782608	0.1972
20057	Q35	E76	0.04040404040404041	0.0829
20058	Q35	P24	0.02	0.2298
20059	Q35	Q69	0.029411764705882353	0.2072
20060	Q35	M94	0.023255813953488372	0.2618
20061	Q35	Q75	0.035398230088495575	0.0772
20062	Q35	Q72	0.041666666666666664	0.2313
20063	Q35	K07	0.013333333333333334	0.2646
20064	Q35	Q17	0.041237113402061855	0.0281
20065	Q69	D07	0.02586206896551724	0.2508
20066	Q69	D02	0.025423728813559324	0.2568
20067	Q69	D00	0.02586206896551724	0.2508
20068	Q69	D01	0.025423728813559324	0.2568
20069	Q69	Q65	0.038834951456310676	0.1247
20070	Q69	H72	0.029850746268656716	0.2024
20071	Q69	Q04	0.03614457831325301	0.1442
20072	Q69	Q87	0.058823529411764705	0.0422
20073	Q69	K83	0.023809523809523808	0.2801
20074	Q69	M85	0.023255813953488372	0.2885
20075	Q69	Q11	0.026041666666666668	0.2484
20076	Q69	N32	0.03	0.2008
20077	Q69	Q42	0.02531645569620253	0.2583
20078	Q69	Q70	0.08	0.0133
20079	Q69	C78	0.02631578947368421	0.2448
20080	Q69	Q77	0.023809523809523808	0.2801
20081	Q69	Q51	0.12087912087912088	0.0014
20082	Q69	M93	0.04395604395604396	0.0946
20083	Q69	Q72	0.05970149253731343	0.0402
20084	Q69	Q14	0.05759162303664921	0.0772
20085	Q69	Q74	0.025974025974025976	0.0094
20086	Q69	Q75	0.07920792079207921	0.003
20087	Q69	Q17	0.02197802197802198	0.1516
20088	Q75	Q82	0.025	0.1649
20089	Q75	C96	0.03076923076923077	0.1083
20090	Q75	Q78	0.020202020202020204	0.2336
20091	Q75	H72	0.045454545454545456	0.0369
20092	Q75	E25	0.02127659574468085	0.2161
20093	Q75	Q87	0.03731343283582089	0.0671
20094	Q75	H73	0.022222222222222223	0.2018
20095	Q75	I65	0.022222222222222223	0.2018
20096	Q75	Q98	0.02702702702702703	0.2831
20097	Q65	M50	0.03125	0.287
20098	Q65	Q78	0.18532818532818532	0.0005
20099	Q65	Q87	0.07488986784140969	0.0494
20100	Q65	B47	0.2064516129032258	0.0002
20101	Q65	M88	0.13068181818181818	0.0051
20102	Q65	E76	0.03508771929824561	0.2461
20103	Q65	Q51	0.05142857142857143	0.1276
20104	Q65	M85	0.04938271604938271	0.1385
20105	Q65	M93	0.09259259259259259	0.0241
20106	Q65	M11	0.013071895424836602	0.1525
20107	Q65	Q70	0.01875	0.0983
20108	Q65	Q72	0.3023255813953488	0.0
20109	Q17	H90	0.02040816326530612	0.1736
20110	Q17	H44	0.014423076923076924	0.2912
20111	Q17	H93	0.0335195530726257	0.0554
20112	Q17	E23	0.029850746268656716	0.0764
20113	Q17	Q04	0.044444444444444446	0.0212
20114	Q17	Q11	0.014285714285714285	0.2946
20115	Q17	H70	0.03636363636363636	0.0432
20116	Q17	Q18	0.04081632653061224	0.0292
20117	Q17	Q14	0.01875	0.2004
20118	Q17	Q98	0.034482758620689655	0.0509
20119	Q17	L03	0.034482758620689655	0.0509
20120	Q17	H55	0.02857142857142857	0.0854
20121	Q17	Q12	0.03333333333333333	0.0563
20122	F72	K81	0.02666666666666667	0.2932
20123	F72	F02	0.02631578947368421	0.298
20124	F72	G20+	0.028169014084507043	0.2736
20125	F72	D32	0.037037037037037035	0.1815
20126	F72	L68	0.04918032786885246	0.0024
20127	F72	F84	0.03553299492385787	0.1946
20128	F72	F80	0.25806451612903225	0.0001
20129	F72	Q02	0.03139013452914798	0.284
20130	F72	D21	0.017857142857142856	0.2556
20131	F72	C72	0.03508771929824561	0.1311
20132	F72	D11	0.017241379310344827	0.2568
20133	F72	D10	0.03508771929824561	0.1849
20134	F72	F83	0.2644628099173554	0.0001
20135	M42	T30	0.018867924528301886	0.2506
20136	M42	C46	0.045454545454545456	0.0347
20137	M42	Q18	0.037037037037037035	0.0651
20138	M42	B47	0.023809523809523808	0.174
20139	M42	Q77	0.043478260869565216	0.0373
20140	M42	E76	0.03125	0.1467
20141	M42	Q28	0.06666666666666667	0.0041
20142	M42	M94	0.058823529411764705	0.0329
20143	M42	M22	0.09090909090909091	0.0082
20144	M42	M91	0.25	0.0021
20145	M42	M72	0.07692307692307693	0.0046
20146	M42	D11	0.14285714285714285	0.0
20147	C46	N40	0.023952095808383235	0.1811
20148	C46	C96	0.2361111111111111	0.0
20149	C46	I42	0.018433179723502304	0.269
20150	C46	I51	0.020242914979757085	0.2363
20151	C46	F80	0.018404907975460124	0.2696
20152	Q82	B58	0.03508771929824561	0.1002
20153	Q82	Q84	0.047619047619047616	0.0279
20154	Q82	C96	0.06779661016949153	0.0229
20155	Q82	L67	0.03508771929824561	0.0551
20156	Q82	H95	0.04878048780487805	0.2514
20157	Q82	N99	0.04878048780487805	0.2514
20158	Q04	G98	0.012330456226880395	0.291
20159	Q04	E23	0.05084745762711865	0.0055
20160	Q04	Q87	0.017543859649122806	0.1718
20161	Q04	Q00	0.04	0.0171
20162	Q04	Q20	0.03333333333333333	0.0503
20163	Q04	Q98	0.0392156862745098	0.1589
20164	Q04	Q89	0.034482758620689655	0.0
20165	B08	I81	0.038461538461538464	0.1203
20166	B08	C14	0.03333333333333333	0.1607
20167	B08	E46	0.1	0.1279
20168	B08	Q00	0.125	0.0324
20169	Q87	Q78	0.08050847457627118	0.0437
20170	Q87	C14	0.05084745762711865	0.1557
20171	Q87	B47	0.07142857142857142	0.0436
20172	Q87	M88	0.027972027972027972	0.2082
20173	Q87	Q10	0.031496062992125984	0.2091
20174	Q87	Q51	0.03125	0.1618
20175	Q87	Q70	0.01834862385321101	0.1034
20176	Q87	D89	0.018867924528301886	0.2698
20177	Q87	Q03	0.016666666666666666	0.2002
20178	Q87	M93	0.05042016806722689	0.0871
20179	Q87	P56	0.040697674418604654	0.1255
20180	Q87	Q72	0.08176100628930817	0.0553
20181	N32	D07	0.1111111111111111	0.021
20182	N32	D02	0.10843373493975904	0.0231
20183	N32	D00	0.1111111111111111	0.021
20184	N32	D01	0.10843373493975904	0.0231
20185	N32	C14	0.06557377049180328	0.1033
20186	N32	D27	0.06818181818181818	0.0943
20187	N32	Q86	0.041666666666666664	0.2371
20188	N32	K83	0.06382978723404255	0.1098
20189	N32	N64	0.045454545454545456	0.2079
20190	N32	C78	0.06521739130434782	0.1046
20191	N32	P91	0.023809523809523808	0.0282
20192	N32	C97	0.06976744186046512	0.0058
20193	N32	L72	0.02631578947368421	0.0792
20194	C38	C72	0.2857142857142857	0.0
20195	E80	F40	0.04	0.1734
20196	E80	E83	0.07692307692307693	0.0066
20197	E80	D57	0.03508771929824561	0.1054
20198	E80	B58	0.05263157894736842	0.0334
20199	E80	D50	0.03225806451612903	0.1267
20200	E80	D74	0.04424778761061947	0.058
20201	E80	C78	0.03225806451612903	0.2736
20202	E80	E15	0.03571428571428571	0.1335
20203	C96	B58	0.047619047619047616	0.0435
20204	C96	D22	0.03125	0.1789
20205	C96	D52	0.030303030303030304	0.2476
20206	C96	L68	0.03125	0.0227
20207	C96	E07	0.03225806451612903	0.1987
20208	C96	N64	0.037037037037037035	0.2807
20209	C96	C14	0.04	0.2319
20210	C96	H95	0.07692307692307693	0.1121
20211	C96	N99	0.07692307692307693	0.1121
20212	H95	B58	0.043478260869565216	0.0574
20213	H95	E87	0.034482758620689655	0.0287
20214	H95	N99	1.0	0.0
20215	N99	J90	0.05	0.2428
20216	N99	J91	0.05	0.2428
20217	N99	B58	0.043478260869565216	0.0574
20218	N99	E87	0.034482758620689655	0.0287
20219	I81	I26	0.14545454545454545	0.0016
20220	I81	D68	0.18181818181818182	0.0003
20221	I81	O90	0.03333333333333333	0.2378
20222	I81	J96	0.061224489795918366	0.0701
20223	I81	O88	0.12727272727272726	0.0335
20224	D66	D68	0.09090909090909091	0.2771
20225	D66	N95	0.09090909090909091	0.2771
20226	D66	D67	0.16666666666666666	0.2963
20227	D66	J14	0.2222222222222222	0.0734
20228	I26	D68	0.17391304347826086	0.0002
20229	I26	J96	0.046875	0.1869
20230	I26	P91	0.022727272727272728	0.0333
20231	I26	O88	0.9743589743589743	0.0
20232	I26	O90	0.045454545454545456	0.2017
20233	D84	D68	0.037037037037037035	0.1251
20234	D84	H44	0.03684210526315789	0.1265
20235	D84	A27	0.06666666666666667	0.0225
20236	D84	H35	0.03286384976525822	0.1586
20237	D84	N01	0.0625	0.0001
20238	D68	D72	0.038461538461538464	0.0372
20239	D68	O41	0.041666666666666664	0.2412
20240	D68	O88	0.15217391304347827	0.0169
20241	D68	O90	0.047619047619047616	0.1868
20242	N95	N94	0.14285714285714285	0.0109
20243	N95	B38	0.0625	0.1426
20244	N95	L90	0.5	0.0
20245	N95	B41	0.1	0.0434
20246	N95	F24	0.2	0.0017
20247	N95	Q64	0.0392156862745098	0.296
20248	N95	N30	0.1	0.0434
20249	N95	Q51	0.02631578947368421	0.2162
20250	N95	N90	0.5	0.0
20251	O88	O90	0.046511627906976744	0.2943
20252	O88	J96	0.047619047619047616	0.2857
20253	O88	P91	0.023255813953488372	0.0307
20254	O90	F95	0.08333333333333333	0.0521
20255	O90	M50	0.043478260869565216	0.2164
20256	O90	F91	0.075	0.0703
20257	O90	D19	0.21428571428571427	0.0004
20258	O90	N96	0.1111111111111111	0.0185
20259	O90	A18	0.1	0.1275
20260	O90	N73	0.1	0.1275
20261	O90	F28	0.1	0.2639
20262	B58	E83	0.13953488372093023	0.0014
20263	B58	D57	0.02608695652173913	0.1816
20264	B58	D56	0.03225806451612903	0.0621
20265	B58	A27	0.045454545454545456	0.1872
20266	B58	Q41	0.046153846153846156	0.0914
20267	B58	D58	0.0967741935483871	0.0439
20268	B58	D51	0.04013377926421405	0.1792
20269	B58	D55	0.08	0.0202
20270	B06	B05	1.0	0.0
20271	B06	Q41	0.025210084033613446	0.2722
20272	B41	N94	0.08333333333333333	0.1795
20273	B41	B38	0.5714285714285714	0.0
20274	B41	L90	0.1	0.1265
20275	B41	B44	0.08333333333333333	0.1795
20276	B41	F24	0.1	0.1265
20277	B41	A27	0.1	0.1265
20278	B41	N30	0.06666666666666667	0.2542
20279	B41	N90	0.1	0.065
20280	B41	B43	0.06666666666666667	0.2695
20281	B55	M86	0.07547169811320754	0.121
20282	B55	A65	0.14814814814814814	0.0155
20283	B55	A52	0.14814814814814814	0.0155
20284	B55	A23	0.14814814814814814	0.0155
20285	B55	A75	0.14814814814814814	0.0155
20286	B55	F70	0.03333333333333333	0.0176
20287	B55	B56	0.07142857142857142	0.006
20288	B55	A54	0.14814814814814814	0.2957
20289	B55	A51	0.14814814814814814	0.2957
20290	B55	A50	0.14814814814814814	0.2957
20291	B55	A53	0.14814814814814814	0.2957
20292	B05	Q41	0.025210084033613446	0.2722
20293	A27	E83	0.038461538461538464	0.2434
20294	A27	Q28	0.07142857142857142	0.0027
20295	A27	E76	0.03225806451612903	0.1378
20296	E83	D57	0.029239766081871343	0.2573
20297	E83	D50	0.027624309392265192	0.2774
20298	E83	D74	0.029239766081871343	0.2573
20299	E83	E78	0.01834862385321101	0.2972
20300	E83	Q41	0.03278688524590164	0.1836
20301	E83	D51	0.0453257790368272	0.1432
20302	E83	P56	0.025477707006369428	0.2734
20303	D72	H16	0.07407407407407407	0.0016
20304	D72	Q86	0.041666666666666664	0.0028
20305	D72	C88	0.07692307692307693	0.0003
20306	D72	L67	0.03225806451612903	0.07
20307	D72	C78	0.043478260869565216	0.1739
20308	Q41	B44	0.06451612903225806	0.0349
20309	Q41	Q45	0.1743119266055046	0.0
20310	J12	D61	0.05970149253731343	0.2502
20311	J12	J96	0.0374331550802139	0.2623
20312	J12	J09	0.1377049180327869	0.0234
20313	J12	J11	0.13486842105263158	0.0251
20314	J12	U04	0.891566265060241	-0.0
20315	J12	J10	0.13815789473684212	0.0233
20316	D89	D07	0.031746031746031744	0.1097
20317	D89	D02	0.03076923076923077	0.1175
20318	D89	D00	0.031746031746031744	0.1097
20319	D89	D01	0.03076923076923077	0.1175
20320	D89	C14	0.1111111111111111	0.0004
20321	D89	H20	0.0625	0.0125
20322	D89	K83	0.0273972602739726	0.1487
20323	D89	N64	0.047619047619047616	0.0359
20324	D89	C78	0.043478260869565216	0.0481
20325	D89	D82	0.041666666666666664	0.0546
20326	D89	D22	0.05	0.0621
20327	D89	Q28	0.043478260869565216	0.0288
20328	L81	D34	0.037037037037037035	0.0479
20329	L81	D24	0.037037037037037035	0.0479
20330	L81	D36	0.037037037037037035	0.0479
20331	L81	D29	0.037037037037037035	0.0479
20332	L81	D14	0.037037037037037035	0.0479
20333	L81	H31	0.023529411764705882	0.1475
20334	L81	L44	0.041666666666666664	0.1239
20335	L44	L57	0.025423728813559324	0.2817
20336	L44	L85	0.039473684210526314	0.1386
20337	L44	L56	0.03409090909090909	0.182
20338	L44	B43	0.09302325581395349	0.1548
20339	L44	Q80	0.06	0.2382
20340	U04	J09	0.14634146341463414	0.0022
20341	U04	J11	0.14335664335664336	0.0025
20342	U04	J10	0.14685314685314685	0.0183
20343	U04	D57	0.055793991416309016	0.0991
20344	U04	D50	0.053497942386831275	0.109
20345	U04	D74	0.055793991416309016	0.0991
20346	U04	D61	0.06557377049180328	0.0659
20347	U04	D64	0.05439330543933055	0.105
20348	U04	E89	0.056768558951965066	0.0951
20349	U04	R77	0.05603448275862069	0.0981
20350	U04	J96	0.03529411764705882	0.2832
20351	M86	C81	0.14705882352941177	0.1989
20352	M86	K37	0.23809523809523808	0.0967
20353	M86	K35	0.24390243902439024	0.1179
20354	M86	G81	0.02702702702702703	0.2997
20355	M86	K81	0.23809523809523808	0.1108
20356	M86	K80	0.0847457627118644	0.1612
20357	M86	B51	0.11851851851851852	0.1387
20358	M86	F91	0.17857142857142858	0.0892
20359	M86	D25	0.08571428571428572	0.1188
20360	M86	N23	0.25	0.0694
20361	M86	B50	0.11940298507462686	0.1327
20362	M86	B54	0.2318840579710145	0.0321
20363	M86	N40	0.088	0.1137
20364	M86	M65	0.3225806451612903	0.1057
20365	M86	I49	0.02608695652173913	0.2917
20366	M86	K12	0.2727272727272727	0.0446
20367	M86	I73	0.3333333333333333	0.1163
20368	M86	Q54	0.11363636363636363	0.1034
20369	M86	M70	0.36363636363636365	0.039
20370	M86	B53	0.12307692307692308	0.1348
20371	M86	B52	0.12307692307692308	0.1348
20372	M86	N88	0.3225806451612903	0.1119
20373	M86	M71	0.36363636363636365	0.039
20374	M86	T79	0.3225806451612903	0.1108
20375	M86	L57	0.12	0.1022
20376	M86	T37	0.12307692307692308	0.1348
20377	M86	T30	0.14285714285714285	0.1458
20378	M86	T09	0.12658227848101267	0.1349
20379	M86	F02	0.23255813953488372	0.1199
20380	M86	G20+	0.2631578947368421	0.1336
20381	M86	D77	0.2222222222222222	0.276
20382	M86	L45	0.2222222222222222	0.276
20383	M86	M68	0.2222222222222222	0.276
20384	M86	G55	0.2222222222222222	0.276
20385	M86	G94	0.2222222222222222	0.276
20386	M86	H94	0.2222222222222222	0.276
20387	M86	I98	0.2222222222222222	0.276
20388	M86	M90	0.2222222222222222	0.276
20389	M86	N33	0.2222222222222222	0.276
20390	M86	L02	0.3225806451612903	0.1155
20391	M86	K23	0.2222222222222222	0.276
20392	M86	H45	0.2222222222222222	0.276
20393	M86	N29	0.2222222222222222	0.276
20394	M86	K77	0.2222222222222222	0.276
20395	M86	M73	0.2222222222222222	0.276
20396	M86	K93	0.2222222222222222	0.276
20397	M86	H06	0.2222222222222222	0.276
20398	M86	G32	0.2222222222222222	0.276
20399	M86	N22	0.2222222222222222	0.276
20400	M86	H36	0.2222222222222222	0.276
20401	M86	H48	0.2222222222222222	0.276
20402	M86	H22	0.2222222222222222	0.276
20403	M86	N37	0.2222222222222222	0.276
20404	M86	H62	0.2222222222222222	0.276
20405	M86	J90	0.42424242424242425	0.0223
20406	M86	I79	0.2222222222222222	0.276
20407	M86	J91	0.42424242424242425	0.0223
20408	M86	L14	0.2222222222222222	0.276
20409	M86	H58	0.2222222222222222	0.276
20410	M86	H03	0.2222222222222222	0.276
20411	M86	L86	0.2222222222222222	0.276
20412	M86	N51	0.2222222222222222	0.276
20413	M86	L55	0.07874015748031496	0.1689
20414	M86	M63	0.2222222222222222	0.276
20415	M86	K87	0.2222222222222222	0.276
20416	M86	K36	0.2564102564102564	0.1204
20417	M86	M49	0.2222222222222222	0.276
20418	M86	I52	0.2222222222222222	0.276
20419	M86	H75	0.2222222222222222	0.276
20420	C81	B54	0.14444444444444443	0.2047
20421	C81	K12	0.21311475409836064	0.096
20422	C81	M70	0.21153846153846154	0.0977
20423	C81	M71	0.21153846153846154	0.0977
20424	C81	L57	0.13043478260869565	0.2388
20425	C81	J90	0.18181818181818182	0.1356
20426	C81	J91	0.18181818181818182	0.1356
20427	C81	M65	0.22916666666666666	0.0805
20428	C81	D77	0.5208333333333334	0.0032
20429	C81	L45	0.5208333333333334	0.0032
20430	C81	M68	0.5208333333333334	0.0032
20431	C81	G55	0.5208333333333334	0.0032
20432	C81	G94	0.5208333333333334	0.0032
20433	C81	H94	0.5208333333333334	0.0032
20434	C81	I98	0.5208333333333334	0.0032
20435	C81	M90	0.5208333333333334	0.0032
20436	C81	N33	0.5208333333333334	0.0032
20437	C81	K23	0.5208333333333334	0.0032
20438	C81	H45	0.5208333333333334	0.0032
20439	C81	N29	0.5208333333333334	0.0032
20440	C81	K77	0.5208333333333334	0.0032
20441	C81	M73	0.5208333333333334	0.0032
20442	C81	K93	0.5208333333333334	0.0032
20443	C81	H06	0.5208333333333334	0.0032
20444	C81	G32	0.5208333333333334	0.0032
20445	C81	N22	0.5208333333333334	0.0032
20446	C81	H36	0.5208333333333334	0.0032
20447	C81	H48	0.5208333333333334	0.0032
20448	C81	H22	0.5208333333333334	0.0032
20449	C81	N37	0.5208333333333334	0.0032
20450	C81	H62	0.5208333333333334	0.0032
20451	C81	I79	0.5208333333333334	0.0032
20452	C81	L14	0.5208333333333334	0.0032
20453	C81	H58	0.5208333333333334	0.0032
20454	C81	H03	0.5208333333333334	0.0032
20455	C81	L86	0.5208333333333334	0.0032
20456	C81	N51	0.5208333333333334	0.0032
20457	C81	M63	0.5208333333333334	0.0032
20458	C81	K87	0.5208333333333334	0.0032
20459	C81	M49	0.5208333333333334	0.0032
20460	C81	I52	0.5208333333333334	0.0032
20461	C81	H75	0.5208333333333334	0.0032
20462	C81	K37	0.16666666666666666	0.1953
20463	C81	K35	0.1694915254237288	0.2268
20464	C81	K81	0.16666666666666666	0.2147
20465	C81	K80	0.08148148148148149	0.173
20466	C81	F91	0.13513513513513514	0.1609
20467	C81	D25	0.0759493670886076	0.1515
20468	C81	N23	0.14705882352941177	0.2087
20469	C81	E70	0.03125	0.2311
20470	C81	Q10	0.024691358024691357	0.2938
20471	C81	Q85	0.043478260869565216	0.1343
20472	C81	I73	0.20833333333333334	0.2613
20473	C81	Q54	0.11538461538461539	0.0998
20474	C81	N88	0.20408163265306123	0.2508
20475	C81	T79	0.20408163265306123	0.2493
20476	C81	Q07	0.034482758620689655	0.2108
20477	C81	C14	0.07042253521126761	0.0758
20478	C81	C78	0.034482758620689655	0.2501
20479	C81	T30	0.13953488372093023	0.1525
20480	C81	T09	0.11458333333333333	0.1632
20481	C81	F02	0.16393442622950818	0.2246
20482	C81	G20+	0.17857142857142858	0.2556
20483	C81	L02	0.20408163265306123	0.2559
20484	C81	L55	0.09929078014184398	0.106
20485	C81	K36	0.17543859649122806	0.2354
20486	K37	B54	0.14925373134328357	0.2318
20487	K37	K12	0.2972972972972973	0.0539
20488	K37	M70	0.37037037037037035	0.0262
20489	K37	M71	0.37037037037037035	0.0262
20490	K37	J90	0.3448275862068966	0.0337
20491	K37	J91	0.3448275862068966	0.0337
20492	K37	M65	0.43478260869565216	0.0138
20493	K37	D77	0.2702702702702703	0.0704
20494	K37	L45	0.2702702702702703	0.0704
20495	K37	M68	0.2702702702702703	0.0704
20496	K37	G55	0.2702702702702703	0.0704
20497	K37	G94	0.2702702702702703	0.0704
20498	K37	H94	0.2702702702702703	0.0704
20499	K37	I98	0.2702702702702703	0.0704
20500	K37	M90	0.2702702702702703	0.0704
20501	K37	N33	0.2702702702702703	0.0704
20502	K37	K23	0.2702702702702703	0.0704
20503	K37	H45	0.2702702702702703	0.0704
20504	K37	N29	0.2702702702702703	0.0704
20505	K37	K77	0.2702702702702703	0.0704
20506	K37	M73	0.2702702702702703	0.0704
20507	K37	K93	0.2702702702702703	0.0704
20508	K37	H06	0.2702702702702703	0.0704
20509	K37	G32	0.2702702702702703	0.0704
20510	K37	N22	0.2702702702702703	0.0704
20511	K37	H36	0.2702702702702703	0.0704
20512	K37	H48	0.2702702702702703	0.0704
20513	K37	H22	0.2702702702702703	0.0704
20514	K37	N37	0.2702702702702703	0.0704
20515	K37	H62	0.2702702702702703	0.0704
20516	K37	I79	0.2702702702702703	0.0704
20517	K37	L14	0.2702702702702703	0.0704
20518	K37	H58	0.2702702702702703	0.0704
20519	K37	H03	0.2702702702702703	0.0704
20520	K37	L86	0.2702702702702703	0.0704
20521	K37	N51	0.2702702702702703	0.0704
20522	K37	M63	0.2702702702702703	0.0704
20523	K37	K87	0.2702702702702703	0.0704
20524	K37	M49	0.2702702702702703	0.0704
20525	K37	I52	0.2702702702702703	0.0704
20526	K37	H75	0.2702702702702703	0.0704
20527	K37	K35	0.7916666666666666	0.0009
20528	K37	G90	0.041666666666666664	0.2562
20529	K37	F43	0.041666666666666664	0.073
20530	K37	G81	0.034482758620689655	0.2146
20531	K37	K81	0.3333333333333333	0.0458
20532	K37	K80	0.10091743119266056	0.1136
20533	K37	F91	0.20833333333333334	0.0595
20534	K37	D25	0.07462686567164178	0.1566
20535	K37	N23	0.2682926829268293	0.057
20536	K37	I49	0.028037383177570093	0.2659
20537	K37	I73	0.45454545454545453	0.0529
20538	K37	Q54	0.125	0.0823
20539	K37	K06	0.03125	0.0363
20540	K37	G57	0.07407407407407407	0.1217
20541	K37	N88	0.5	0.0332
20542	K37	T79	0.43478260869565216	0.0513
20543	K37	T30	0.18032786885245902	0.0879
20544	K37	T09	0.14084507042253522	0.1075
20545	K37	F02	0.2857142857142857	0.0737
20546	K37	G20+	0.3333333333333333	0.0779
20547	K37	L02	0.43478260869565216	0.0542
20548	K37	L55	0.08403361344537816	0.1498
20549	K37	K36	0.8636363636363636	0.0007
20550	K35	B54	0.15151515151515152	0.2656
20551	K35	K12	0.3055555555555556	0.0685
20552	K35	M70	0.38461538461538464	0.0341
20553	K35	M71	0.38461538461538464	0.0341
20554	K35	J90	0.35714285714285715	0.0434
20555	K35	J91	0.35714285714285715	0.0434
20556	K35	M65	0.45454545454545453	0.0183
20557	K35	D77	0.2777777777777778	0.0875
20558	K35	L45	0.2777777777777778	0.0875
20559	K35	M68	0.2777777777777778	0.0875
20560	K35	G55	0.2777777777777778	0.0875
20561	K35	G94	0.2777777777777778	0.0875
20562	K35	H94	0.2777777777777778	0.0875
20563	K35	I98	0.2777777777777778	0.0875
20564	K35	M90	0.2777777777777778	0.0875
20565	K35	N33	0.2777777777777778	0.0875
20566	K35	K23	0.2777777777777778	0.0875
20567	K35	H45	0.2777777777777778	0.0875
20568	K35	N29	0.2777777777777778	0.0875
20569	K35	K77	0.2777777777777778	0.0875
20570	K35	M73	0.2777777777777778	0.0875
20571	K35	K93	0.2777777777777778	0.0875
20572	K35	H06	0.2777777777777778	0.0875
20573	K35	G32	0.2777777777777778	0.0875
20574	K35	N22	0.2777777777777778	0.0875
20575	K35	H36	0.2777777777777778	0.0875
20576	K35	H48	0.2777777777777778	0.0875
20577	K35	H22	0.2777777777777778	0.0875
20578	K35	N37	0.2777777777777778	0.0875
20579	K35	H62	0.2777777777777778	0.0875
20580	K35	I79	0.2777777777777778	0.0875
20581	K35	L14	0.2777777777777778	0.0875
20582	K35	H58	0.2777777777777778	0.0875
20583	K35	H03	0.2777777777777778	0.0875
20584	K35	L86	0.2777777777777778	0.0875
20585	K35	N51	0.2777777777777778	0.0875
20586	K35	M63	0.2777777777777778	0.0875
20587	K35	K87	0.2777777777777778	0.0875
20588	K35	M49	0.2777777777777778	0.0875
20589	K35	I52	0.2777777777777778	0.0875
20590	K35	H75	0.2777777777777778	0.0875
20591	K35	G90	0.043478260869565216	0.2413
20592	K35	F43	0.043478260869565216	0.0651
20593	K35	G81	0.03571428571428571	0.2031
20594	K35	K81	0.34375	0.0415
20595	K35	K80	0.10185185185185185	0.1113
20596	K35	F91	0.2127659574468085	0.056
20597	K35	D25	0.07518796992481203	0.1544
20598	K35	N23	0.275	0.0531
20599	K35	I49	0.02830188679245283	0.2626
20600	K35	I73	0.47619047619047616	0.046
20601	K35	Q54	0.12658227848101267	0.0797
20602	K35	G57	0.07692307692307693	0.1122
20603	K35	N88	0.5238095238095238	0.0282
20604	K35	T79	0.45454545454545453	0.0448
20605	K35	T30	0.18333333333333332	0.0844
20606	K35	T09	0.14285714285714285	0.1041
20607	K35	F02	0.29411764705882354	0.0682
20608	K35	G20+	0.3448275862068966	0.0713
20609	K35	L02	0.45454545454545453	0.0475
20610	K35	L55	0.0847457627118644	0.1474
20611	K35	K36	0.9047619047619048	0.0005
20612	G81	K12	0.030303030303030304	0.2588
20613	G81	M70	0.045454545454545456	0.131
20614	G81	M71	0.045454545454545456	0.131
20615	G81	J90	0.041666666666666664	0.1554
20616	G81	J91	0.041666666666666664	0.1554
20617	G81	A55	0.09090909090909091	0.0167
20618	G81	M65	0.05555555555555555	0.0831
20619	G81	A58	0.09090909090909091	0.0167
20620	G81	D77	0.03125	0.2481
20621	G81	L45	0.03125	0.2481
20622	G81	M68	0.03125	0.2481
20623	G81	G55	0.03125	0.2481
20624	G81	G94	0.03125	0.2481
20625	G81	H94	0.03125	0.2481
20626	G81	I98	0.03125	0.2481
20627	G81	M90	0.03125	0.2481
20628	G81	N33	0.03125	0.2481
20629	G81	K23	0.03125	0.2481
20630	G81	H45	0.03125	0.2481
20631	G81	N29	0.03125	0.2481
20632	G81	K77	0.03125	0.2481
20633	G81	M73	0.03125	0.2481
20634	G81	K93	0.03125	0.2481
20635	G81	H06	0.03125	0.2481
20636	G81	G32	0.03125	0.2481
20637	G81	N22	0.03125	0.2481
20638	G81	H36	0.03125	0.2481
20639	G81	H48	0.03125	0.2481
20640	G81	H22	0.03125	0.2481
20641	G81	N37	0.03125	0.2481
20642	G81	H62	0.03125	0.2481
20643	G81	I79	0.03125	0.2481
20644	G81	L14	0.03125	0.2481
20645	G81	H58	0.03125	0.2481
20646	G81	H03	0.03125	0.2481
20647	G81	L86	0.03125	0.2481
20648	G81	N51	0.03125	0.2481
20649	G81	M63	0.03125	0.2481
20650	G81	K87	0.03125	0.2481
20651	G81	M49	0.03125	0.2481
20652	G81	I52	0.03125	0.2481
20653	G81	H75	0.03125	0.2481
20654	G81	I49	0.03225806451612903	0.2177
20655	G81	I47	0.046511627906976744	0.1239
20656	K81	B54	0.14925373134328357	0.2523
20657	K81	K12	0.2972972972972973	0.064
20658	K81	M70	0.37037037037037035	0.0324
20659	K81	M71	0.37037037037037035	0.0324
20660	K81	J90	0.3448275862068966	0.0411
20661	K81	J91	0.3448275862068966	0.0411
20662	K81	M65	0.43478260869565216	0.0178
20663	K81	D77	0.2702702702702703	0.0822
20664	K81	L45	0.2702702702702703	0.0822
20665	K81	M68	0.2702702702702703	0.0822
20666	K81	G55	0.2702702702702703	0.0822
20667	K81	G94	0.2702702702702703	0.0822
20668	K81	H94	0.2702702702702703	0.0822
20669	K81	I98	0.2702702702702703	0.0822
20670	K81	M90	0.2702702702702703	0.0822
20671	K81	N33	0.2702702702702703	0.0822
20672	K81	K23	0.2702702702702703	0.0822
20673	K81	H45	0.2702702702702703	0.0822
20674	K81	N29	0.2702702702702703	0.0822
20675	K81	K77	0.2702702702702703	0.0822
20676	K81	M73	0.2702702702702703	0.0822
20677	K81	K93	0.2702702702702703	0.0822
20678	K81	H06	0.2702702702702703	0.0822
20679	K81	G32	0.2702702702702703	0.0822
20680	K81	N22	0.2702702702702703	0.0822
20681	K81	H36	0.2702702702702703	0.0822
20682	K81	H48	0.2702702702702703	0.0822
20683	K81	H22	0.2702702702702703	0.0822
20684	K81	N37	0.2702702702702703	0.0822
20685	K81	H62	0.2702702702702703	0.0822
20686	K81	I79	0.2702702702702703	0.0822
20687	K81	L14	0.2702702702702703	0.0822
20688	K81	H58	0.2702702702702703	0.0822
20689	K81	H03	0.2702702702702703	0.0822
20690	K81	L86	0.2702702702702703	0.0822
20691	K81	N51	0.2702702702702703	0.0822
20692	K81	M63	0.2702702702702703	0.0822
20693	K81	K87	0.2702702702702703	0.0822
20694	K81	M49	0.2702702702702703	0.0822
20695	K81	I52	0.2702702702702703	0.0822
20696	K81	H75	0.2702702702702703	0.0822
20697	K81	G90	0.041666666666666664	0.2562
20698	K81	F43	0.041666666666666664	0.073
20699	K81	K80	0.1111111111111111	0.0911
20700	K81	F91	0.20833333333333334	0.0595
20701	K81	D25	0.07462686567164178	0.1566
20702	K81	N23	0.5294117647058824	0.0034
20703	K81	I73	0.45454545454545453	0.0529
20704	K81	Q54	0.125	0.0823
20705	K81	E15	0.03333333333333333	0.1529
20706	K81	N88	0.5	0.0332
20707	K81	T79	0.43478260869565216	0.0513
20708	K81	T30	0.3333333333333333	0.011
20709	K81	T09	0.15714285714285714	0.083
20710	K81	F02	0.6071428571428571	0.0038
20711	K81	G20+	0.7391304347826086	0.0033
20712	K81	L02	0.43478260869565216	0.0542
20713	K81	L55	0.08403361344537816	0.1498
20714	K81	K36	0.36666666666666664	0.0482
20715	K80	B54	0.07746478873239436	0.1887
20716	K80	N40	0.05699481865284974	0.2935
20717	K80	K12	0.09734513274336283	0.1227
20718	K80	M70	0.0970873786407767	0.1234
20719	K80	M71	0.0970873786407767	0.1234
20720	K80	L57	0.058823529411764705	0.2822
20721	K80	J90	0.09523809523809523	0.1285
20722	K80	J91	0.09523809523809523	0.1285
20723	K80	M65	0.10101010101010101	0.1134
20724	K80	D77	0.08849557522123894	0.1486
20725	K80	L45	0.08849557522123894	0.1486
20726	K80	M68	0.08849557522123894	0.1486
20727	K80	G55	0.08849557522123894	0.1486
20728	K80	G94	0.08849557522123894	0.1486
20729	K80	H94	0.08849557522123894	0.1486
20730	K80	I98	0.08849557522123894	0.1486
20731	K80	M90	0.08849557522123894	0.1486
20732	K80	N33	0.08849557522123894	0.1486
20733	K80	K23	0.08849557522123894	0.1486
20734	K80	H45	0.08849557522123894	0.1486
20735	K80	N29	0.08849557522123894	0.1486
20736	K80	K77	0.08849557522123894	0.1486
20737	K80	M73	0.08849557522123894	0.1486
20738	K80	K93	0.08849557522123894	0.1486
20739	K80	H06	0.08849557522123894	0.1486
20740	K80	G32	0.08849557522123894	0.1486
20741	K80	N22	0.08849557522123894	0.1486
20742	K80	H36	0.08849557522123894	0.1486
20743	K80	H48	0.08849557522123894	0.1486
20744	K80	H22	0.08849557522123894	0.1486
20745	K80	N37	0.08849557522123894	0.1486
20746	K80	H62	0.08849557522123894	0.1486
20747	K80	I79	0.08849557522123894	0.1486
20748	K80	L14	0.08849557522123894	0.1486
20749	K80	H58	0.08849557522123894	0.1486
20750	K80	H03	0.08849557522123894	0.1486
20751	K80	L86	0.08849557522123894	0.1486
20752	K80	N51	0.08849557522123894	0.1486
20753	K80	M63	0.08849557522123894	0.1486
20754	K80	K87	0.08849557522123894	0.1486
20755	K80	M49	0.08849557522123894	0.1486
20756	K80	I52	0.08849557522123894	0.1486
20757	K80	H75	0.08849557522123894	0.1486
20758	K80	D25	0.05263157894736842	0.2707
20759	K80	K83	0.06622516556291391	0.2096
20760	K80	Q54	0.0641025641025641	0.2786
20761	K80	P59	0.09900990099009901	0.0409
20762	K80	L55	0.06217616580310881	0.2457
20763	B51	K43	0.08955223880597014	0.1316
20764	B51	D25	0.07048458149779736	0.1736
20765	B51	B50	0.928	0.0
20766	B51	H49	0.017857142857142856	0.2134
20767	B51	B54	0.3233082706766917	0.0082
20768	B51	N40	0.05581395348837209	0.2522
20769	B51	B53	0.9586776859504132	0.0
20770	B51	B52	0.9586776859504132	0.0
20771	B51	L57	0.06842105263157895	0.2729
20772	B51	T37	0.9586776859504132	0.0
20773	B51	H82	0.024096385542168676	0.2663
20774	F91	B54	0.12345679012345678	0.1885
20775	F91	K12	0.19230769230769232	0.074
20776	F91	M70	0.24390243902439024	0.0366
20777	F91	M71	0.24390243902439024	0.0366
20778	F91	L57	0.09259259259259259	0.2863
20779	F91	J90	0.23255813953488372	0.0428
20780	F91	J91	0.23255813953488372	0.0428
20781	F91	M65	0.2702702702702703	0.0256
20782	F91	D77	0.19607843137254902	0.0703
20783	F91	L45	0.19607843137254902	0.0703
20784	F91	M68	0.19607843137254902	0.0703
20785	F91	G55	0.19607843137254902	0.0703
20786	F91	G94	0.19607843137254902	0.0703
20787	F91	H94	0.19607843137254902	0.0703
20788	F91	I98	0.19607843137254902	0.0703
20789	F91	M90	0.19607843137254902	0.0703
20790	F91	N33	0.19607843137254902	0.0703
20791	F91	K23	0.19607843137254902	0.0703
20792	F91	H45	0.19607843137254902	0.0703
20793	F91	N29	0.19607843137254902	0.0703
20794	F91	K77	0.19607843137254902	0.0703
20795	F91	M73	0.19607843137254902	0.0703
20796	F91	K93	0.19607843137254902	0.0703
20797	F91	H06	0.19607843137254902	0.0703
20798	F91	G32	0.19607843137254902	0.0703
20799	F91	N22	0.19607843137254902	0.0703
20800	F91	H36	0.19607843137254902	0.0703
20801	F91	H48	0.19607843137254902	0.0703
20802	F91	H22	0.19607843137254902	0.0703
20803	F91	N37	0.19607843137254902	0.0703
20804	F91	H62	0.19607843137254902	0.0703
20805	F91	I79	0.19607843137254902	0.0703
20806	F91	L14	0.19607843137254902	0.0703
20807	F91	H58	0.19607843137254902	0.0703
20808	F91	H03	0.19607843137254902	0.0703
20809	F91	L86	0.19607843137254902	0.0703
20810	F91	N51	0.19607843137254902	0.0703
20811	F91	M63	0.19607843137254902	0.0703
20812	F91	K87	0.19607843137254902	0.0703
20813	F91	M49	0.19607843137254902	0.0703
20814	F91	I52	0.19607843137254902	0.0703
20815	F91	H75	0.19607843137254902	0.0703
20816	F91	F32	0.023809523809523808	0.2501
20817	F91	D25	0.06756756756756757	0.1867
20818	F91	N23	0.17857142857142858	0.149
20819	F91	I73	0.2777777777777778	0.1667
20820	F91	Q54	0.11827956989247312	0.0942
20821	F91	N88	0.2702702702702703	0.1599
20822	F91	T79	0.2702702702702703	0.1586
20823	F91	D19	0.06976744186046512	0.2074
20824	F91	T30	0.13157894736842105	0.1698
20825	F91	T09	0.11764705882352941	0.1554
20826	F91	F02	0.20408163265306123	0.1556
20827	F91	G20+	0.22727272727272727	0.1759
20828	F91	L02	0.2702702702702703	0.1642
20829	F91	M51	0.036585365853658534	0.125
20830	F91	L55	0.08333333333333333	0.1522
20831	F91	K36	0.2222222222222222	0.1598
20832	D25	B50	0.07079646017699115	0.1722
20833	D25	B54	0.09937888198757763	0.0845
20834	D25	N40	0.08056872037914692	0.135
20835	D25	K12	0.0962962962962963	0.0912
20836	D25	M70	0.10483870967741936	0.0737
20837	D25	B53	0.07207207207207207	0.1669
20838	D25	B52	0.07207207207207207	0.1669
20839	D25	M71	0.10483870967741936	0.0737
20840	D25	L57	0.06806282722513089	0.1844
20841	D25	T37	0.07207207207207207	0.1669
20842	D25	J90	0.0859375	0.1181
20843	D25	J91	0.0859375	0.1181
20844	D25	M65	0.09016393442622951	0.1063
20845	D25	D77	0.08088235294117647	0.134
20846	D25	L45	0.08088235294117647	0.134
20847	D25	M68	0.08088235294117647	0.134
20848	D25	G55	0.08088235294117647	0.134
20849	D25	G94	0.08088235294117647	0.134
20850	D25	H94	0.08088235294117647	0.134
20851	D25	I98	0.08088235294117647	0.134
20852	D25	M90	0.08088235294117647	0.134
20853	D25	N33	0.08088235294117647	0.134
20854	D25	K23	0.08088235294117647	0.134
20855	D25	H45	0.08088235294117647	0.134
20856	D25	N29	0.08088235294117647	0.134
20857	D25	K77	0.08088235294117647	0.134
20858	D25	M73	0.08088235294117647	0.134
20859	D25	K93	0.08088235294117647	0.134
20860	D25	H06	0.08088235294117647	0.134
20861	D25	G32	0.08088235294117647	0.134
20862	D25	N22	0.08088235294117647	0.134
20863	D25	H36	0.08088235294117647	0.134
20864	D25	H48	0.08088235294117647	0.134
20865	D25	H22	0.08088235294117647	0.134
20866	D25	N37	0.08088235294117647	0.134
20867	D25	H62	0.08088235294117647	0.134
20868	D25	I79	0.08088235294117647	0.134
20869	D25	L14	0.08088235294117647	0.134
20870	D25	H58	0.08088235294117647	0.134
20871	D25	H03	0.08088235294117647	0.134
20872	D25	L86	0.08088235294117647	0.134
20873	D25	N51	0.08088235294117647	0.134
20874	D25	M63	0.08088235294117647	0.134
20875	D25	K87	0.08088235294117647	0.134
20876	D25	M49	0.08088235294117647	0.134
20877	D25	I52	0.08088235294117647	0.134
20878	D25	H75	0.08088235294117647	0.134
20879	D25	Q85	0.028169014084507043	0.2731
20880	D25	Q99	0.013986013986013986	0.2396
20881	D25	D44	0.0440251572327044	0.135
20882	D25	C97	0.0234375	0.182
20883	N23	B54	0.19718309859154928	0.1221
20884	N23	N40	0.12396694214876033	0.267
20885	N23	K12	0.4	0.0139
20886	N23	M70	0.36363636363636365	0.0205
20887	N23	M71	0.36363636363636365	0.0205
20888	N23	L57	0.12	0.2786
20889	N23	J90	0.2702702702702703	0.0558
20890	N23	J91	0.2702702702702703	0.0558
20891	N23	M65	0.3225806451612903	0.0319
20892	N23	D77	0.2222222222222222	0.0934
20893	N23	L45	0.2222222222222222	0.0934
20894	N23	M68	0.2222222222222222	0.0934
20895	N23	G55	0.2222222222222222	0.0934
20896	N23	G94	0.2222222222222222	0.0934
20897	N23	H94	0.2222222222222222	0.0934
20898	N23	I98	0.2222222222222222	0.0934
20899	N23	M90	0.2222222222222222	0.0934
20900	N23	N33	0.2222222222222222	0.0934
20901	N23	K23	0.2222222222222222	0.0934
20902	N23	H45	0.2222222222222222	0.0934
20903	N23	N29	0.2222222222222222	0.0934
20904	N23	K77	0.2222222222222222	0.0934
20905	N23	M73	0.2222222222222222	0.0934
20906	N23	K93	0.2222222222222222	0.0934
20907	N23	H06	0.2222222222222222	0.0934
20908	N23	G32	0.2222222222222222	0.0934
20909	N23	N22	0.2222222222222222	0.0934
20910	N23	H36	0.2222222222222222	0.0934
20911	N23	H48	0.2222222222222222	0.0934
20912	N23	H22	0.2222222222222222	0.0934
20913	N23	N37	0.2222222222222222	0.0934
20914	N23	H62	0.2222222222222222	0.0934
20915	N23	I79	0.2222222222222222	0.0934
20916	N23	L14	0.2222222222222222	0.0934
20917	N23	H58	0.2222222222222222	0.0934
20918	N23	H03	0.2222222222222222	0.0934
20919	N23	L86	0.2222222222222222	0.0934
20920	N23	N51	0.2222222222222222	0.0934
20921	N23	M63	0.2222222222222222	0.0934
20922	N23	K87	0.2222222222222222	0.0934
20923	N23	M49	0.2222222222222222	0.0934
20924	N23	I52	0.2222222222222222	0.0934
20925	N23	H75	0.2222222222222222	0.0934
20926	N23	F43	0.03125	0.1412
20927	N23	I49	0.03508771929824561	0.1904
20928	N23	I73	0.3333333333333333	0.1163
20929	N23	Q54	0.11363636363636363	0.1034
20930	N23	N88	0.36666666666666664	0.0828
20931	N23	T79	0.3225806451612903	0.1108
20932	N23	T30	0.2903225806451613	0.0198
20933	N23	T09	0.18666666666666668	0.0518
20934	N23	F02	0.4722222222222222	0.0132
20935	N23	G20+	0.5483870967741935	0.0148
20936	N23	L02	0.3225806451612903	0.1155
20937	N23	L55	0.07874015748031496	0.1689
20938	N23	K36	0.2894736842105263	0.0915
20939	B50	K43	0.09022556390977443	0.1296
20940	B50	H49	0.017964071856287425	0.2114
20941	B50	B54	0.33587786259541985	0.0068
20942	B50	N40	0.056074766355140186	0.2505
20943	B50	K12	0.10606060606060606	0.2993
20944	B50	B53	0.9666666666666667	0.0
20945	B50	B52	0.9666666666666667	0.0
20946	B50	L57	0.06878306878306878	0.271
20947	B50	T37	0.9666666666666667	0.0
20948	B50	H82	0.024193548387096774	0.2648
20949	B54	K43	0.17647058823529413	0.0174
20950	B54	N40	0.08053691275167785	0.1367
20951	B54	M65	0.2	0.2489
20952	B54	K12	0.208955223880597	0.0926
20953	B54	Q54	0.08849557522123894	0.1711
20954	B54	M70	0.22807017543859648	0.1312
20955	B54	B53	0.32558139534883723	0.0048
20956	B54	D58	0.06153846153846154	0.139
20957	B54	D55	0.06896551724137931	0.0351
20958	B54	B52	0.32558139534883723	0.0048
20959	B54	N88	0.17857142857142858	0.2983
20960	B54	M71	0.22807017543859648	0.1312
20961	B54	T79	0.17857142857142858	0.2967
20962	B54	D55-D59	0.052083333333333336	0.2996
20963	B54	L57	0.10483870967741936	0.1365
20964	B54	L99	0.01818181818181818	0.2112
20965	B54	T37	0.32558139534883723	0.0048
20966	B54	T30	0.11702127659574468	0.2067
20967	B54	T09	0.10679611650485436	0.1847
20968	B54	F02	0.14705882352941177	0.2621
20969	B54	G20+	0.15873015873015872	0.2976
20970	B54	J90	0.2413793103448276	0.1157
20971	B54	J91	0.2413793103448276	0.1157
20972	B54	L55	0.06578947368421052	0.2264
20973	B54	K36	0.15625	0.2759
20974	N40	K12	0.13793103448275862	0.2082
20975	N40	Q54	0.07407407407407407	0.2283
20976	N40	L57	0.06818181818181818	0.2741
20977	N40	T09	0.09271523178807947	0.2309
20978	M65	K12	0.4230769230769231	0.0523
20979	M65	M70	0.7333333333333333	0.0059
20980	M65	M71	0.7333333333333333	0.0059
20981	M65	J90	0.5555555555555556	0.0206
20982	M65	J91	0.5555555555555556	0.0206
20983	M65	G90	0.07692307692307693	0.0797
20984	M65	E27	0.03225806451612903	0.2305
20985	M65	I73	0.9090909090909091	0.0027
20986	M65	Q54	0.14492753623188406	0.0551
20987	M65	G57	0.058823529411764705	0.1882
20988	M65	N88	0.8333333333333334	0.0033
20989	M65	T79	0.8333333333333334	0.0033
20990	M65	A58	0.07142857142857142	0.2063
20991	M65	Q30	0.058823529411764705	0.1415
20992	M65	T30	0.22	0.0513
20993	M65	T09	0.1864406779661017	0.052
20994	M65	F02	0.4166666666666667	0.0221
20995	M65	G20+	0.5263157894736842	0.0175
20996	M65	D77	0.44	0.0777
20997	M65	L45	0.44	0.0777
20998	M65	M68	0.44	0.0777
20999	M65	A26	0.05263157894736842	0.1559
21000	M65	G55	0.44	0.0777
21001	M65	G94	0.44	0.0777
21002	M65	H94	0.44	0.0777
21003	M65	I98	0.44	0.0777
21004	M65	M90	0.44	0.0777
21005	M65	N33	0.44	0.0777
21006	M65	L02	0.8333333333333334	0.0036
21007	M65	K23	0.44	0.0777
21008	M65	H45	0.44	0.0777
21009	M65	N29	0.44	0.0777
21010	M65	K77	0.44	0.0777
21011	M65	M73	0.44	0.0777
21012	M65	K93	0.44	0.0777
21013	M65	H06	0.44	0.0777
21014	M65	G32	0.44	0.0777
21015	M65	N22	0.44	0.0777
21016	M65	H36	0.44	0.0777
21017	M65	H48	0.44	0.0777
21018	M65	H22	0.44	0.0777
21019	M65	N37	0.44	0.0777
21020	M65	H62	0.44	0.0777
21021	M65	I79	0.44	0.0777
21022	M65	L14	0.44	0.0777
21023	M65	H58	0.44	0.0777
21024	M65	H03	0.44	0.0777
21025	M65	L86	0.44	0.0777
21026	M65	N51	0.44	0.0777
21027	M65	L55	0.09259259259259259	0.1234
21028	M65	M63	0.44	0.0777
21029	M65	K87	0.44	0.0777
21030	M65	K36	0.5	0.0158
21031	M65	M49	0.44	0.0777
21032	M65	I52	0.44	0.0777
21033	M65	H75	0.44	0.0777
21034	I49	K12	0.02702702702702703	0.279
21035	I49	M70	0.03	0.2423
21036	I49	M71	0.03	0.2423
21037	I49	L57	0.030303030303030304	0.2389
21038	I49	I42	0.09417040358744394	0.0113
21039	I49	E26	0.017857142857142856	0.2692
21040	I49	I47	0.13636363636363635	0.0019
21041	I49	Q22	0.0761904761904762	0.0404
21042	I49	G73	0.03184713375796178	0.2337
21043	I49	I45	0.17880794701986755	0.0014
21044	I49	I51	0.10441767068273092	0.0289
21045	I49	Q24	0.0472972972972973	0.152
21046	I49	P56	0.023952095808383235	0.2955
21047	I49	I43	0.09743589743589744	0.102
21048	K12	F43	0.03571428571428571	0.1065
21049	K12	I73	0.38461538461538464	0.0834
21050	K12	N64	0.05454545454545454	0.1535
21051	K12	Q54	0.11904761904761904	0.0927
21052	K12	J96	0.038461538461538464	0.2528
21053	K12	M70	0.4642857142857143	0.0158
21054	K12	B53	0.109375	0.1687
21055	K12	B52	0.109375	0.1687
21056	K12	N88	0.4230769230769231	0.0563
21057	K12	M71	0.4642857142857143	0.0158
21058	K12	T79	0.37037037037037035	0.0799
21059	K12	L57	0.125	0.0929
21060	K12	T37	0.109375	0.1687
21061	K12	T30	0.20634920634920634	0.0618
21062	K12	T09	0.19718309859154928	0.0438
21063	K12	F02	0.2564102564102564	0.0964
21064	K12	G20+	0.29411764705882354	0.1053
21065	K12	D77	0.3076923076923077	0.168
21066	K12	L45	0.3076923076923077	0.168
21067	K12	M68	0.3076923076923077	0.168
21068	K12	G55	0.3076923076923077	0.168
21069	K12	G94	0.3076923076923077	0.168
21070	K12	H94	0.3076923076923077	0.168
21071	K12	I98	0.3076923076923077	0.168
21072	K12	M90	0.3076923076923077	0.168
21073	K12	N33	0.3076923076923077	0.168
21074	K12	L02	0.37037037037037035	0.0837
21075	K12	K23	0.3076923076923077	0.168
21076	K12	H45	0.3076923076923077	0.168
21077	K12	N29	0.3076923076923077	0.168
21078	K12	K77	0.3076923076923077	0.168
21079	K12	M73	0.3076923076923077	0.168
21080	K12	K93	0.3076923076923077	0.168
21081	K12	H06	0.3076923076923077	0.168
21082	K12	G32	0.3076923076923077	0.168
21083	K12	N22	0.3076923076923077	0.168
21084	K12	H36	0.3076923076923077	0.168
21085	K12	H48	0.3076923076923077	0.168
21086	K12	H22	0.3076923076923077	0.168
21087	K12	N37	0.3076923076923077	0.168
21088	K12	H62	0.3076923076923077	0.168
21089	K12	J90	0.30303030303030304	0.0665
21090	K12	I79	0.3076923076923077	0.168
21091	K12	J91	0.30303030303030304	0.0665
21092	K12	L14	0.3076923076923077	0.168
21093	K12	H58	0.3076923076923077	0.168
21094	K12	H03	0.3076923076923077	0.168
21095	K12	L86	0.3076923076923077	0.168
21096	K12	N51	0.3076923076923077	0.168
21097	K12	L55	0.09016393442622951	0.1303
21098	K12	M63	0.3076923076923077	0.168
21099	K12	K87	0.3076923076923077	0.168
21100	K12	K36	0.3235294117647059	0.069
21101	K12	M49	0.3076923076923077	0.168
21102	K12	I52	0.3076923076923077	0.168
21103	K12	H75	0.3076923076923077	0.168
21104	I73	M70	0.6666666666666666	0.0132
21105	I73	M71	0.6666666666666666	0.0132
21106	I73	J90	0.5882352941176471	0.0221
21107	I73	J91	0.5882352941176471	0.0221
21108	I73	D77	0.4	0.0754
21109	I73	L45	0.4	0.0754
21110	I73	M68	0.4	0.0754
21111	I73	G55	0.4	0.0754
21112	I73	G94	0.4	0.0754
21113	I73	H94	0.4	0.0754
21114	I73	I98	0.4	0.0754
21115	I73	M90	0.4	0.0754
21116	I73	N33	0.4	0.0754
21117	I73	K23	0.4	0.0754
21118	I73	H45	0.4	0.0754
21119	I73	N29	0.4	0.0754
21120	I73	K77	0.4	0.0754
21121	I73	M73	0.4	0.0754
21122	I73	K93	0.4	0.0754
21123	I73	H06	0.4	0.0754
21124	I73	G32	0.4	0.0754
21125	I73	N22	0.4	0.0754
21126	I73	H36	0.4	0.0754
21127	I73	H48	0.4	0.0754
21128	I73	H22	0.4	0.0754
21129	I73	N37	0.4	0.0754
21130	I73	H62	0.4	0.0754
21131	I73	I79	0.4	0.0754
21132	I73	L14	0.4	0.0754
21133	I73	H58	0.4	0.0754
21134	I73	H03	0.4	0.0754
21135	I73	L86	0.4	0.0754
21136	I73	N51	0.4	0.0754
21137	I73	M63	0.4	0.0754
21138	I73	K87	0.4	0.0754
21139	I73	M49	0.4	0.0754
21140	I73	I52	0.4	0.0754
21141	I73	H75	0.4	0.0754
21142	I73	G90	0.08333333333333333	0.0643
21143	I73	Q54	0.14705882352941177	0.0528
21144	I73	G57	0.0625	0.1695
21145	I73	N88	0.9090909090909091	0.002
21146	I73	T79	0.9090909090909091	0.0019
21147	I73	T30	0.2	0.0673
21148	I73	T09	0.1694915254237288	0.0682
21149	I73	F02	0.43478260869565216	0.0187
21150	I73	G20+	0.5555555555555556	0.014
21151	I73	L02	0.9090909090909091	0.0022
21152	I73	L55	0.09345794392523364	0.121
21153	I73	K36	0.5263157894736842	0.0127
21154	Q54	M70	0.136986301369863	0.0647
21155	Q54	M71	0.136986301369863	0.0647
21156	Q54	L57	0.07142857142857142	0.2407
21157	Q54	J90	0.13333333333333333	0.0696
21158	Q54	J91	0.13333333333333333	0.0696
21159	Q54	D77	0.12048192771084337	0.0901
21160	Q54	L45	0.12048192771084337	0.0901
21161	Q54	M68	0.12048192771084337	0.0901
21162	Q54	G55	0.12048192771084337	0.0901
21163	Q54	G94	0.12048192771084337	0.0901
21164	Q54	H94	0.12048192771084337	0.0901
21165	Q54	I98	0.12048192771084337	0.0901
21166	Q54	M90	0.12048192771084337	0.0901
21167	Q54	N33	0.12048192771084337	0.0901
21168	Q54	K23	0.12048192771084337	0.0901
21169	Q54	H45	0.12048192771084337	0.0901
21170	Q54	N29	0.12048192771084337	0.0901
21171	Q54	K77	0.12048192771084337	0.0901
21172	Q54	M73	0.12048192771084337	0.0901
21173	Q54	K93	0.12048192771084337	0.0901
21174	Q54	H06	0.12048192771084337	0.0901
21175	Q54	G32	0.12048192771084337	0.0901
21176	Q54	N22	0.12048192771084337	0.0901
21177	Q54	H36	0.12048192771084337	0.0901
21178	Q54	H48	0.12048192771084337	0.0901
21179	Q54	H22	0.12048192771084337	0.0901
21180	Q54	N37	0.12048192771084337	0.0901
21181	Q54	H62	0.12048192771084337	0.0901
21182	Q54	I79	0.12048192771084337	0.0901
21183	Q54	L14	0.12048192771084337	0.0901
21184	Q54	H58	0.12048192771084337	0.0901
21185	Q54	H03	0.12048192771084337	0.0901
21186	Q54	L86	0.12048192771084337	0.0901
21187	Q54	N51	0.12048192771084337	0.0901
21188	Q54	M63	0.12048192771084337	0.0901
21189	Q54	K87	0.12048192771084337	0.0901
21190	Q54	M49	0.12048192771084337	0.0901
21191	Q54	I52	0.12048192771084337	0.0901
21192	Q54	H75	0.12048192771084337	0.0901
21193	Q54	Q42	0.024691358024691357	0.1138
21194	Q54	T30	0.09259259259259259	0.2875
21195	Q54	T09	0.08547008547008547	0.259
21196	Q54	L55	0.06060606060606061	0.2546
21197	M70	A55	0.05555555555555555	0.2933
21198	M70	G90	0.058823529411764705	0.1454
21199	M70	H20	0.05263157894736842	0.1512
21200	M70	J20	0.14285714285714285	0.0422
21201	M70	J42	0.125	0.0637
21202	M70	J40	0.14285714285714285	0.0422
21203	M70	G57	0.047619047619047616	0.2591
21204	M70	B53	0.11016949152542373	0.1665
21205	M70	B52	0.11016949152542373	0.1665
21206	M70	N88	0.625	0.0141
21207	M70	M71	1.0	0.0001
21208	M70	T79	0.625	0.0138
21209	M70	L57	0.1686746987951807	0.0404
21210	M70	A58	0.05555555555555555	0.2933
21211	M70	Q30	0.047619047619047616	0.2057
21212	M70	T37	0.11016949152542373	0.1665
21213	M70	T30	0.25	0.0342
21214	M70	T09	0.1746031746031746	0.0628
21215	M70	F02	0.35714285714285715	0.0382
21216	M70	G20+	0.43478260869565216	0.0356
21217	M70	D77	0.3793103448275862	0.1107
21218	M70	L45	0.3793103448275862	0.1107
21219	M70	M68	0.3793103448275862	0.1107
21220	M70	A26	0.043478260869565216	0.2157
21221	M70	G55	0.3793103448275862	0.1107
21222	M70	G94	0.3793103448275862	0.1107
21223	M70	H94	0.3793103448275862	0.1107
21224	M70	I98	0.3793103448275862	0.1107
21225	M70	M90	0.3793103448275862	0.1107
21226	M70	N33	0.3793103448275862	0.1107
21227	M70	L02	0.625	0.015
21228	M70	K23	0.3793103448275862	0.1107
21229	M70	H45	0.3793103448275862	0.1107
21230	M70	N29	0.3793103448275862	0.1107
21231	M70	K77	0.3793103448275862	0.1107
21232	M70	M73	0.3793103448275862	0.1107
21233	M70	K93	0.3793103448275862	0.1107
21234	M70	H06	0.3793103448275862	0.1107
21235	M70	G32	0.3793103448275862	0.1107
21236	M70	N22	0.3793103448275862	0.1107
21237	M70	H36	0.3793103448275862	0.1107
21238	M70	H48	0.3793103448275862	0.1107
21239	M70	H22	0.3793103448275862	0.1107
21240	M70	N37	0.3793103448275862	0.1107
21241	M70	H62	0.3793103448275862	0.1107
21242	M70	J90	0.45454545454545453	0.017
21243	M70	I79	0.3793103448275862	0.1107
21244	M70	J91	0.45454545454545453	0.017
21245	M70	L14	0.3793103448275862	0.1107
21246	M70	H58	0.3793103448275862	0.1107
21247	M70	H03	0.3793103448275862	0.1107
21248	M70	L86	0.3793103448275862	0.1107
21249	M70	N51	0.3793103448275862	0.1107
21250	M70	L55	0.10909090909090909	0.0848
21251	M70	M63	0.3793103448275862	0.1107
21252	M70	K87	0.3793103448275862	0.1107
21253	M70	K36	0.4166666666666667	0.0318
21254	M70	M49	0.3793103448275862	0.1107
21255	M70	I52	0.3793103448275862	0.1107
21256	M70	H75	0.3793103448275862	0.1107
21257	B53	K43	0.09302325581395349	0.1215
21258	B53	H49	0.018404907975460124	0.2034
21259	B53	B52	1.0	0.0
21260	B53	L57	0.07027027027027027	0.2635
21261	B53	T37	1.0	0.0
21262	B53	H82	0.02459016393442623	0.2589
21263	B52	K43	0.09302325581395349	0.1215
21264	B52	H49	0.018404907975460124	0.2034
21265	B52	L57	0.07027027027027027	0.2635
21266	B52	T37	1.0	0.0
21267	B52	H82	0.02459016393442623	0.2589
21268	N88	M71	0.625	0.0141
21269	N88	J90	0.5555555555555556	0.0227
21270	N88	J91	0.5555555555555556	0.0227
21271	N88	D77	0.38461538461538464	0.0733
21272	N88	L45	0.38461538461538464	0.0733
21273	N88	M68	0.38461538461538464	0.0733
21274	N88	G55	0.38461538461538464	0.0733
21275	N88	G94	0.38461538461538464	0.0733
21276	N88	H94	0.38461538461538464	0.0733
21277	N88	I98	0.38461538461538464	0.0733
21278	N88	M90	0.38461538461538464	0.0733
21279	N88	N33	0.38461538461538464	0.0733
21280	N88	K23	0.38461538461538464	0.0733
21281	N88	H45	0.38461538461538464	0.0733
21282	N88	N29	0.38461538461538464	0.0733
21283	N88	K77	0.38461538461538464	0.0733
21284	N88	M73	0.38461538461538464	0.0733
21285	N88	K93	0.38461538461538464	0.0733
21286	N88	H06	0.38461538461538464	0.0733
21287	N88	G32	0.38461538461538464	0.0733
21288	N88	N22	0.38461538461538464	0.0733
21289	N88	H36	0.38461538461538464	0.0733
21290	N88	H48	0.38461538461538464	0.0733
21291	N88	H22	0.38461538461538464	0.0733
21292	N88	N37	0.38461538461538464	0.0733
21293	N88	H62	0.38461538461538464	0.0733
21294	N88	I79	0.38461538461538464	0.0733
21295	N88	L14	0.38461538461538464	0.0733
21296	N88	H58	0.38461538461538464	0.0733
21297	N88	H03	0.38461538461538464	0.0733
21298	N88	L86	0.38461538461538464	0.0733
21299	N88	N51	0.38461538461538464	0.0733
21300	N88	M63	0.38461538461538464	0.0733
21301	N88	K87	0.38461538461538464	0.0733
21302	N88	M49	0.38461538461538464	0.0733
21303	N88	I52	0.38461538461538464	0.0733
21304	N88	H75	0.38461538461538464	0.0733
21305	N88	G90	0.07692307692307693	0.0797
21306	N88	F43	0.07692307692307693	0.0076
21307	N88	G57	0.058823529411764705	0.1882
21308	N88	T79	0.8333333333333334	0.0033
21309	N88	T30	0.22	0.0513
21310	N88	T09	0.16666666666666666	0.0713
21311	N88	F02	0.4166666666666667	0.0221
21312	N88	G20+	0.5263157894736842	0.0175
21313	N88	L02	0.8333333333333334	0.0036
21314	N88	L55	0.09259259259259259	0.1234
21315	N88	K36	0.5789473684210527	0.0082
21316	M71	A55	0.05555555555555555	0.2933
21317	M71	G90	0.058823529411764705	0.1454
21318	M71	H20	0.05263157894736842	0.1512
21319	M71	J20	0.14285714285714285	0.0422
21320	M71	J42	0.125	0.0637
21321	M71	J40	0.14285714285714285	0.0422
21322	M71	G57	0.047619047619047616	0.2591
21323	M71	T79	0.625	0.0138
21324	M71	L57	0.1686746987951807	0.0404
21325	M71	A58	0.05555555555555555	0.2933
21326	M71	Q30	0.047619047619047616	0.2057
21327	M71	T37	0.11016949152542373	0.1665
21328	M71	T30	0.25	0.0342
21329	M71	T09	0.1746031746031746	0.0628
21330	M71	F02	0.35714285714285715	0.0382
21331	M71	G20+	0.43478260869565216	0.0356
21332	M71	D77	0.3793103448275862	0.1107
21333	M71	L45	0.3793103448275862	0.1107
21334	M71	M68	0.3793103448275862	0.1107
21335	M71	A26	0.043478260869565216	0.2157
21336	M71	G55	0.3793103448275862	0.1107
21337	M71	G94	0.3793103448275862	0.1107
21338	M71	H94	0.3793103448275862	0.1107
21339	M71	I98	0.3793103448275862	0.1107
21340	M71	M90	0.3793103448275862	0.1107
21341	M71	N33	0.3793103448275862	0.1107
21342	M71	L02	0.625	0.015
21343	M71	K23	0.3793103448275862	0.1107
21344	M71	H45	0.3793103448275862	0.1107
21345	M71	N29	0.3793103448275862	0.1107
21346	M71	K77	0.3793103448275862	0.1107
21347	M71	M73	0.3793103448275862	0.1107
21348	M71	K93	0.3793103448275862	0.1107
21349	M71	H06	0.3793103448275862	0.1107
21350	M71	G32	0.3793103448275862	0.1107
21351	M71	N22	0.3793103448275862	0.1107
21352	M71	H36	0.3793103448275862	0.1107
21353	M71	H48	0.3793103448275862	0.1107
21354	M71	H22	0.3793103448275862	0.1107
21355	M71	N37	0.3793103448275862	0.1107
21356	M71	H62	0.3793103448275862	0.1107
21357	M71	J90	0.45454545454545453	0.017
21358	M71	I79	0.3793103448275862	0.1107
21359	M71	J91	0.45454545454545453	0.017
21360	M71	L14	0.3793103448275862	0.1107
21361	M71	H58	0.3793103448275862	0.1107
21362	M71	H03	0.3793103448275862	0.1107
21363	M71	L86	0.3793103448275862	0.1107
21364	M71	N51	0.3793103448275862	0.1107
21365	M71	L55	0.10909090909090909	0.0848
21366	M71	M63	0.3793103448275862	0.1107
21367	M71	K87	0.3793103448275862	0.1107
21368	M71	K36	0.4166666666666667	0.0318
21369	M71	M49	0.3793103448275862	0.1107
21370	M71	I52	0.3793103448275862	0.1107
21371	M71	H75	0.3793103448275862	0.1107
21372	T79	J90	0.5555555555555556	0.0223
21373	T79	J91	0.5555555555555556	0.0223
21374	T79	D77	0.38461538461538464	0.0724
21375	T79	L45	0.38461538461538464	0.0724
21376	T79	M68	0.38461538461538464	0.0724
21377	T79	G55	0.38461538461538464	0.0724
21378	T79	G94	0.38461538461538464	0.0724
21379	T79	H94	0.38461538461538464	0.0724
21380	T79	I98	0.38461538461538464	0.0724
21381	T79	M90	0.38461538461538464	0.0724
21382	T79	N33	0.38461538461538464	0.0724
21383	T79	K23	0.38461538461538464	0.0724
21384	T79	H45	0.38461538461538464	0.0724
21385	T79	N29	0.38461538461538464	0.0724
21386	T79	K77	0.38461538461538464	0.0724
21387	T79	M73	0.38461538461538464	0.0724
21388	T79	K93	0.38461538461538464	0.0724
21389	T79	H06	0.38461538461538464	0.0724
21390	T79	G32	0.38461538461538464	0.0724
21391	T79	N22	0.38461538461538464	0.0724
21392	T79	H36	0.38461538461538464	0.0724
21393	T79	H48	0.38461538461538464	0.0724
21394	T79	H22	0.38461538461538464	0.0724
21395	T79	N37	0.38461538461538464	0.0724
21396	T79	H62	0.38461538461538464	0.0724
21397	T79	I79	0.38461538461538464	0.0724
21398	T79	L14	0.38461538461538464	0.0724
21399	T79	H58	0.38461538461538464	0.0724
21400	T79	H03	0.38461538461538464	0.0724
21401	T79	L86	0.38461538461538464	0.0724
21402	T79	N51	0.38461538461538464	0.0724
21403	T79	M63	0.38461538461538464	0.0724
21404	T79	K87	0.38461538461538464	0.0724
21405	T79	M49	0.38461538461538464	0.0724
21406	T79	I52	0.38461538461538464	0.0724
21407	T79	H75	0.38461538461538464	0.0724
21408	T79	G90	0.07692307692307693	0.0797
21409	T79	G57	0.058823529411764705	0.1882
21410	T79	T30	0.19607843137254902	0.071
21411	T79	T09	0.16666666666666666	0.0713
21412	T79	F02	0.4166666666666667	0.0221
21413	T79	G20+	0.5263157894736842	0.0175
21414	T79	L02	0.8333333333333334	0.0036
21415	T79	L55	0.09259259259259259	0.1234
21416	T79	K36	0.5	0.0158
21417	L57	D34	0.06451612903225806	0.2908
21418	L57	D24	0.06451612903225806	0.2908
21419	L57	D32	0.05714285714285714	0.2691
21420	L57	Q84	0.02830188679245283	0.1227
21421	L57	E70	0.041666666666666664	0.1412
21422	L57	L85	0.4878048780487805	0.0
21423	L57	L56	0.5056179775280899	0.0
21424	L57	D07	0.08	0.2469
21425	L57	D02	0.07874015748031496	0.2479
21426	L57	D00	0.08	0.2469
21427	L57	D04	0.03571428571428571	0.1503
21428	L57	D01	0.07874015748031496	0.2512
21429	L57	C97	0.02247191011235955	0.1953
21430	L57	D36	0.06451612903225806	0.2908
21431	L57	T30	0.1	0.2601
21432	L57	T09	0.07633587786259542	0.2993
21433	L57	D29	0.06451612903225806	0.2908
21434	L57	D14	0.06451612903225806	0.2908
21435	L57	L55	0.1317365269461078	0.0507
21436	T37	K43	0.09302325581395349	0.1215
21437	T37	H49	0.018404907975460124	0.2034
21438	T37	H82	0.02459016393442623	0.2589
21439	T30	J90	0.19642857142857142	0.0706
21440	T30	J91	0.19642857142857142	0.0706
21441	T30	G51	0.26	0.0298
21442	T30	G52	0.26262626262626265	0.0288
21443	T30	D77	0.19047619047619047	0.0766
21444	T30	L45	0.19047619047619047	0.0766
21445	T30	M68	0.19047619047619047	0.0766
21446	T30	G55	0.19047619047619047	0.0766
21447	T30	G94	0.19047619047619047	0.0766
21448	T30	H94	0.19047619047619047	0.0766
21449	T30	I98	0.19047619047619047	0.0766
21450	T30	M90	0.19047619047619047	0.0766
21451	T30	N33	0.19047619047619047	0.0766
21452	T30	K23	0.19047619047619047	0.0766
21453	T30	H45	0.19047619047619047	0.0766
21454	T30	N29	0.19047619047619047	0.0766
21455	T30	K77	0.19047619047619047	0.0766
21456	T30	M73	0.19047619047619047	0.0766
21457	T30	K93	0.19047619047619047	0.0766
21458	T30	H06	0.19047619047619047	0.0766
21459	T30	G32	0.19047619047619047	0.0766
21460	T30	N22	0.19047619047619047	0.0766
21461	T30	H36	0.19047619047619047	0.0766
21462	T30	H48	0.19047619047619047	0.0766
21463	T30	H22	0.19047619047619047	0.0766
21464	T30	N37	0.19047619047619047	0.0766
21465	T30	H62	0.19047619047619047	0.0766
21466	T30	I79	0.19047619047619047	0.0766
21467	T30	L14	0.19047619047619047	0.0766
21468	T30	H58	0.19047619047619047	0.0766
21469	T30	H03	0.19047619047619047	0.0766
21470	T30	L86	0.19047619047619047	0.0766
21471	T30	N51	0.19047619047619047	0.0766
21472	T30	M63	0.19047619047619047	0.0766
21473	T30	K87	0.19047619047619047	0.0766
21474	T30	M49	0.19047619047619047	0.0766
21475	T30	I52	0.19047619047619047	0.0766
21476	T30	H75	0.19047619047619047	0.0766
21477	T30	B47	0.03488372093023256	0.2189
21478	T30	E76	0.025974025974025976	0.2035
21479	T30	Q79	0.07246376811594203	0.0133
21480	T30	M85	0.02857142857142857	0.2651
21481	T30	M94	0.03225806451612903	0.1553
21482	T30	M93	0.025974025974025976	0.2871
21483	T30	D31	0.02072538860103627	0.2802
21484	T30	T09	0.12371134020618557	0.1412
21485	T30	F02	0.30357142857142855	0.0625
21486	T30	G20+	0.3333333333333333	0.0779
21487	T30	L02	0.19607843137254902	0.27
21488	T30	L55	0.09027777777777778	0.13
21489	T30	K36	0.1896551724137931	0.2093
21490	T09	J90	0.15151515151515152	0.0907
21491	T09	J91	0.15151515151515152	0.0907
21492	T09	D77	0.1506849315068493	0.0919
21493	T09	L45	0.1506849315068493	0.0919
21494	T09	M68	0.1506849315068493	0.0919
21495	T09	G55	0.1506849315068493	0.0919
21496	T09	G94	0.1506849315068493	0.0919
21497	T09	H94	0.1506849315068493	0.0919
21498	T09	I98	0.1506849315068493	0.0919
21499	T09	M90	0.1506849315068493	0.0919
21500	T09	N33	0.1506849315068493	0.0919
21501	T09	K23	0.1506849315068493	0.0919
21502	T09	H45	0.1506849315068493	0.0919
21503	T09	N29	0.1506849315068493	0.0919
21504	T09	K77	0.1506849315068493	0.0919
21505	T09	M73	0.1506849315068493	0.0919
21506	T09	K93	0.1506849315068493	0.0919
21507	T09	H06	0.1506849315068493	0.0919
21508	T09	G32	0.1506849315068493	0.0919
21509	T09	N22	0.1506849315068493	0.0919
21510	T09	H36	0.1506849315068493	0.0919
21511	T09	H48	0.1506849315068493	0.0919
21512	T09	H22	0.1506849315068493	0.0919
21513	T09	N37	0.1506849315068493	0.0919
21514	T09	H62	0.1506849315068493	0.0919
21515	T09	I79	0.1506849315068493	0.0919
21516	T09	L14	0.1506849315068493	0.0919
21517	T09	H58	0.1506849315068493	0.0919
21518	T09	H03	0.1506849315068493	0.0919
21519	T09	L86	0.1506849315068493	0.0919
21520	T09	N51	0.1506849315068493	0.0919
21521	T09	M63	0.1506849315068493	0.0919
21522	T09	K87	0.1506849315068493	0.0919
21523	T09	M49	0.1506849315068493	0.0919
21524	T09	I52	0.1506849315068493	0.0919
21525	T09	H75	0.1506849315068493	0.0919
21526	T09	F02	0.15492957746478872	0.2439
21527	T09	G20+	0.16666666666666666	0.28
21528	T09	L55	0.0641025641025641	0.2353
21529	T09	K36	0.14705882352941177	0.2976
21530	F02	J90	0.3333333333333333	0.0476
21531	F02	J91	0.3333333333333333	0.0476
21532	F02	D77	0.2631578947368421	0.0906
21533	F02	L45	0.2631578947368421	0.0906
21534	F02	M68	0.2631578947368421	0.0906
21535	F02	G55	0.2631578947368421	0.0906
21536	F02	G94	0.2631578947368421	0.0906
21537	F02	H94	0.2631578947368421	0.0906
21538	F02	I98	0.2631578947368421	0.0906
21539	F02	M90	0.2631578947368421	0.0906
21540	F02	N33	0.2631578947368421	0.0906
21541	F02	K23	0.2631578947368421	0.0906
21542	F02	H45	0.2631578947368421	0.0906
21543	F02	N29	0.2631578947368421	0.0906
21544	F02	K77	0.2631578947368421	0.0906
21545	F02	M73	0.2631578947368421	0.0906
21546	F02	K93	0.2631578947368421	0.0906
21547	F02	H06	0.2631578947368421	0.0906
21548	F02	G32	0.2631578947368421	0.0906
21549	F02	N22	0.2631578947368421	0.0906
21550	F02	H36	0.2631578947368421	0.0906
21551	F02	H48	0.2631578947368421	0.0906
21552	F02	H22	0.2631578947368421	0.0906
21553	F02	N37	0.2631578947368421	0.0906
21554	F02	H62	0.2631578947368421	0.0906
21555	F02	I79	0.2631578947368421	0.0906
21556	F02	L14	0.2631578947368421	0.0906
21557	F02	H58	0.2631578947368421	0.0906
21558	F02	H03	0.2631578947368421	0.0906
21559	F02	L86	0.2631578947368421	0.0906
21560	F02	N51	0.2631578947368421	0.0906
21561	F02	M63	0.2631578947368421	0.0906
21562	F02	K87	0.2631578947368421	0.0906
21563	F02	M49	0.2631578947368421	0.0906
21564	F02	I52	0.2631578947368421	0.0906
21565	F02	H75	0.2631578947368421	0.0906
21566	F02	G90	0.04	0.2706
21567	F02	D28	0.043478260869565216	0.1789
21568	F02	G20+	0.782608695652174	0.0024
21569	F02	L02	0.4166666666666667	0.0613
21570	F02	L55	0.08333333333333333	0.1522
21571	F02	K36	0.3125	0.0756
21572	G20+	J90	0.4	0.0466
21573	G20+	J91	0.4	0.0466
21574	G20+	D77	0.30303030303030304	0.0983
21575	G20+	L45	0.30303030303030304	0.0983
21576	G20+	M68	0.30303030303030304	0.0983
21577	G20+	G55	0.30303030303030304	0.0983
21578	G20+	G94	0.30303030303030304	0.0983
21579	G20+	H94	0.30303030303030304	0.0983
21580	G20+	I98	0.30303030303030304	0.0983
21581	G20+	M90	0.30303030303030304	0.0983
21582	G20+	N33	0.30303030303030304	0.0983
21583	G20+	K23	0.30303030303030304	0.0983
21584	G20+	H45	0.30303030303030304	0.0983
21585	G20+	N29	0.30303030303030304	0.0983
21586	G20+	K77	0.30303030303030304	0.0983
21587	G20+	M73	0.30303030303030304	0.0983
21588	G20+	K93	0.30303030303030304	0.0983
21589	G20+	H06	0.30303030303030304	0.0983
21590	G20+	G32	0.30303030303030304	0.0983
21591	G20+	N22	0.30303030303030304	0.0983
21592	G20+	H36	0.30303030303030304	0.0983
21593	G20+	H48	0.30303030303030304	0.0983
21594	G20+	H22	0.30303030303030304	0.0983
21595	G20+	N37	0.30303030303030304	0.0983
21596	G20+	H62	0.30303030303030304	0.0983
21597	G20+	I79	0.30303030303030304	0.0983
21598	G20+	L14	0.30303030303030304	0.0983
21599	G20+	H58	0.30303030303030304	0.0983
21600	G20+	H03	0.30303030303030304	0.0983
21601	G20+	L86	0.30303030303030304	0.0983
21602	G20+	N51	0.30303030303030304	0.0983
21603	G20+	M63	0.30303030303030304	0.0983
21604	G20+	K87	0.30303030303030304	0.0983
21605	G20+	M49	0.30303030303030304	0.0983
21606	G20+	I52	0.30303030303030304	0.0983
21607	G20+	H75	0.30303030303030304	0.0983
21608	G20+	G90	0.05	0.1946
21609	G20+	L02	0.5263157894736842	0.0292
21610	G20+	L55	0.08695652173913043	0.1402
21611	G20+	K36	0.37037037037037035	0.0467
21612	D77	J90	0.3125	0.1633
21613	D77	J91	0.3125	0.1633
21614	D77	G90	0.037037037037037035	0.2983
21615	D77	E70	0.04878048780487805	0.1008
21616	D77	Q10	0.034482758620689655	0.1801
21617	D77	G73	0.03125	0.2402
21618	D77	Q07	0.05714285714285714	0.0749
21619	D77	D04	0.034482758620689655	0.1606
21620	D77	L45	1.0	0.0029
21621	D77	M68	1.0	0.0029
21622	D77	G55	1.0	0.0029
21623	D77	G94	1.0	0.0029
21624	D77	H94	1.0	0.0029
21625	D77	I98	1.0	0.0029
21626	D77	M90	1.0	0.0029
21627	D77	N33	1.0	0.0029
21628	D77	L02	0.38461538461538464	0.0761
21629	D77	K23	1.0	0.0029
21630	D77	H45	1.0	0.0029
21631	D77	N29	1.0	0.0029
21632	D77	K77	1.0	0.0029
21633	D77	M73	1.0	0.0029
21634	D77	K93	1.0	0.0029
21635	D77	H06	1.0	0.0029
21636	D77	G32	1.0	0.0029
21637	D77	N22	1.0	0.0029
21638	D77	H36	1.0	0.0029
21639	D77	H48	1.0	0.0029
21640	D77	H22	1.0	0.0029
21641	D77	N37	1.0	0.0029
21642	D77	H62	1.0	0.0029
21643	D77	I79	1.0	0.0029
21644	D77	L14	1.0	0.0029
21645	D77	H58	1.0	0.0029
21646	D77	H03	1.0	0.0029
21647	D77	L86	1.0	0.0029
21648	D77	N51	1.0	0.0029
21649	D77	L55	0.11864406779661017	0.0683
21650	D77	M63	1.0	0.0029
21651	D77	K87	1.0	0.0029
21652	D77	K36	0.29411764705882354	0.0881
21653	D77	M49	1.0	0.0029
21654	D77	I52	1.0	0.0029
21655	D77	H75	1.0	0.0029
21656	L45	J90	0.3125	0.1633
21657	L45	J91	0.3125	0.1633
21658	L45	G90	0.037037037037037035	0.2983
21659	L45	E70	0.04878048780487805	0.1008
21660	L45	Q10	0.034482758620689655	0.1801
21661	L45	G73	0.03125	0.2402
21662	L45	Q07	0.05714285714285714	0.0749
21663	L45	D04	0.034482758620689655	0.1606
21664	L45	M68	1.0	0.0029
21665	L45	G55	1.0	0.0029
21666	L45	G94	1.0	0.0029
21667	L45	H94	1.0	0.0029
21668	L45	I98	1.0	0.0029
21669	L45	M90	1.0	0.0029
21670	L45	N33	1.0	0.0029
21671	L45	L02	0.38461538461538464	0.0761
21672	L45	K23	1.0	0.0029
21673	L45	H45	1.0	0.0029
21674	L45	N29	1.0	0.0029
21675	L45	K77	1.0	0.0029
21676	L45	M73	1.0	0.0029
21677	L45	K93	1.0	0.0029
21678	L45	H06	1.0	0.0029
21679	L45	G32	1.0	0.0029
21680	L45	N22	1.0	0.0029
21681	L45	H36	1.0	0.0029
21682	L45	H48	1.0	0.0029
21683	L45	H22	1.0	0.0029
21684	L45	N37	1.0	0.0029
21685	L45	H62	1.0	0.0029
21686	L45	I79	1.0	0.0029
21687	L45	L14	1.0	0.0029
21688	L45	H58	1.0	0.0029
21689	L45	H03	1.0	0.0029
21690	L45	L86	1.0	0.0029
21691	L45	N51	1.0	0.0029
21692	L45	L55	0.11864406779661017	0.0683
21693	L45	M63	1.0	0.0029
21694	L45	K87	1.0	0.0029
21695	L45	K36	0.29411764705882354	0.0881
21696	L45	M49	1.0	0.0029
21697	L45	I52	1.0	0.0029
21698	L45	H75	1.0	0.0029
21699	M68	J90	0.3125	0.1633
21700	M68	J91	0.3125	0.1633
21701	M68	G90	0.037037037037037035	0.2983
21702	M68	E70	0.04878048780487805	0.1008
21703	M68	Q10	0.034482758620689655	0.1801
21704	M68	G73	0.03125	0.2402
21705	M68	Q07	0.05714285714285714	0.0749
21706	M68	D04	0.034482758620689655	0.1606
21707	M68	G55	1.0	0.0029
21708	M68	G94	1.0	0.0029
21709	M68	H94	1.0	0.0029
21710	M68	I98	1.0	0.0029
21711	M68	M90	1.0	0.0029
21712	M68	N33	1.0	0.0029
21713	M68	L02	0.38461538461538464	0.0761
21714	M68	K23	1.0	0.0029
21715	M68	H45	1.0	0.0029
21716	M68	N29	1.0	0.0029
21717	M68	K77	1.0	0.0029
21718	M68	M73	1.0	0.0029
21719	M68	K93	1.0	0.0029
21720	M68	H06	1.0	0.0029
21721	M68	G32	1.0	0.0029
21722	M68	N22	1.0	0.0029
21723	M68	H36	1.0	0.0029
21724	M68	H48	1.0	0.0029
21725	M68	H22	1.0	0.0029
21726	M68	N37	1.0	0.0029
21727	M68	H62	1.0	0.0029
21728	M68	I79	1.0	0.0029
21729	M68	L14	1.0	0.0029
21730	M68	H58	1.0	0.0029
21731	M68	H03	1.0	0.0029
21732	M68	L86	1.0	0.0029
21733	M68	N51	1.0	0.0029
21734	M68	L55	0.11864406779661017	0.0683
21735	M68	M63	1.0	0.0029
21736	M68	K87	1.0	0.0029
21737	M68	K36	0.29411764705882354	0.0881
21738	M68	M49	1.0	0.0029
21739	M68	I52	1.0	0.0029
21740	M68	H75	1.0	0.0029
21741	G55	J90	0.3125	0.1633
21742	G55	J91	0.3125	0.1633
21743	G55	G90	0.037037037037037035	0.2983
21744	G55	E70	0.04878048780487805	0.1008
21745	G55	Q10	0.034482758620689655	0.1801
21746	G55	G73	0.03125	0.2402
21747	G55	Q07	0.05714285714285714	0.0749
21748	G55	D04	0.034482758620689655	0.1606
21749	G55	G94	1.0	0.0029
21750	G55	H94	1.0	0.0029
21751	G55	I98	1.0	0.0029
21752	G55	M90	1.0	0.0029
21753	G55	N33	1.0	0.0029
21754	G55	L02	0.38461538461538464	0.0761
21755	G55	K23	1.0	0.0029
21756	G55	H45	1.0	0.0029
21757	G55	N29	1.0	0.0029
21758	G55	K77	1.0	0.0029
21759	G55	M73	1.0	0.0029
21760	G55	K93	1.0	0.0029
21761	G55	H06	1.0	0.0029
21762	G55	G32	1.0	0.0029
21763	G55	N22	1.0	0.0029
21764	G55	H36	1.0	0.0029
21765	G55	H48	1.0	0.0029
21766	G55	H22	1.0	0.0029
21767	G55	N37	1.0	0.0029
21768	G55	H62	1.0	0.0029
21769	G55	I79	1.0	0.0029
21770	G55	L14	1.0	0.0029
21771	G55	H58	1.0	0.0029
21772	G55	H03	1.0	0.0029
21773	G55	L86	1.0	0.0029
21774	G55	N51	1.0	0.0029
21775	G55	L55	0.11864406779661017	0.0683
21776	G55	M63	1.0	0.0029
21777	G55	K87	1.0	0.0029
21778	G55	K36	0.29411764705882354	0.0881
21779	G55	M49	1.0	0.0029
21780	G55	I52	1.0	0.0029
21781	G55	H75	1.0	0.0029
21782	G94	J90	0.3125	0.1633
21783	G94	J91	0.3125	0.1633
21784	G94	G90	0.037037037037037035	0.2983
21785	G94	E70	0.04878048780487805	0.1008
21786	G94	Q10	0.034482758620689655	0.1801
21787	G94	G73	0.03125	0.2402
21788	G94	Q07	0.05714285714285714	0.0749
21789	G94	D04	0.034482758620689655	0.1606
21790	G94	H94	1.0	0.0029
21791	G94	I98	1.0	0.0029
21792	G94	M90	1.0	0.0029
21793	G94	N33	1.0	0.0029
21794	G94	L02	0.38461538461538464	0.0761
21795	G94	K23	1.0	0.0029
21796	G94	H45	1.0	0.0029
21797	G94	N29	1.0	0.0029
21798	G94	K77	1.0	0.0029
21799	G94	M73	1.0	0.0029
21800	G94	K93	1.0	0.0029
21801	G94	H06	1.0	0.0029
21802	G94	G32	1.0	0.0029
21803	G94	N22	1.0	0.0029
21804	G94	H36	1.0	0.0029
21805	G94	H48	1.0	0.0029
21806	G94	H22	1.0	0.0029
21807	G94	N37	1.0	0.0029
21808	G94	H62	1.0	0.0029
21809	G94	I79	1.0	0.0029
21810	G94	L14	1.0	0.0029
21811	G94	H58	1.0	0.0029
21812	G94	H03	1.0	0.0029
21813	G94	L86	1.0	0.0029
21814	G94	N51	1.0	0.0029
21815	G94	L55	0.11864406779661017	0.0683
21816	G94	M63	1.0	0.0029
21817	G94	K87	1.0	0.0029
21818	G94	K36	0.29411764705882354	0.0881
21819	G94	M49	1.0	0.0029
21820	G94	I52	1.0	0.0029
21821	G94	H75	1.0	0.0029
21822	H94	J90	0.3125	0.1633
21823	H94	J91	0.3125	0.1633
21824	H94	G90	0.037037037037037035	0.2983
21825	H94	E70	0.04878048780487805	0.1008
21826	H94	Q10	0.034482758620689655	0.1801
21827	H94	G73	0.03125	0.2402
21828	H94	Q07	0.05714285714285714	0.0749
21829	H94	D04	0.034482758620689655	0.1606
21830	H94	I98	1.0	0.0029
21831	H94	M90	1.0	0.0029
21832	H94	N33	1.0	0.0029
21833	H94	L02	0.38461538461538464	0.0761
21834	H94	K23	1.0	0.0029
21835	H94	H45	1.0	0.0029
21836	H94	N29	1.0	0.0029
21837	H94	K77	1.0	0.0029
21838	H94	M73	1.0	0.0029
21839	H94	K93	1.0	0.0029
21840	H94	H06	1.0	0.0029
21841	H94	G32	1.0	0.0029
21842	H94	N22	1.0	0.0029
21843	H94	H36	1.0	0.0029
21844	H94	H48	1.0	0.0029
21845	H94	H22	1.0	0.0029
21846	H94	N37	1.0	0.0029
21847	H94	H62	1.0	0.0029
21848	H94	I79	1.0	0.0029
21849	H94	L14	1.0	0.0029
21850	H94	H58	1.0	0.0029
21851	H94	H03	1.0	0.0029
21852	H94	L86	1.0	0.0029
21853	H94	N51	1.0	0.0029
21854	H94	L55	0.11864406779661017	0.0683
21855	H94	M63	1.0	0.0029
21856	H94	K87	1.0	0.0029
21857	H94	K36	0.29411764705882354	0.0881
21858	H94	M49	1.0	0.0029
21859	H94	I52	1.0	0.0029
21860	H94	H75	1.0	0.0029
21861	I98	J90	0.3125	0.1633
21862	I98	J91	0.3125	0.1633
21863	I98	G90	0.037037037037037035	0.2983
21864	I98	E70	0.04878048780487805	0.1008
21865	I98	Q10	0.034482758620689655	0.1801
21866	I98	G73	0.03125	0.2402
21867	I98	Q07	0.05714285714285714	0.0749
21868	I98	D04	0.034482758620689655	0.1606
21869	I98	M90	1.0	0.0029
21870	I98	N33	1.0	0.0029
21871	I98	L02	0.38461538461538464	0.0761
21872	I98	K23	1.0	0.0029
21873	I98	H45	1.0	0.0029
21874	I98	N29	1.0	0.0029
21875	I98	K77	1.0	0.0029
21876	I98	M73	1.0	0.0029
21877	I98	K93	1.0	0.0029
21878	I98	H06	1.0	0.0029
21879	I98	G32	1.0	0.0029
21880	I98	N22	1.0	0.0029
21881	I98	H36	1.0	0.0029
21882	I98	H48	1.0	0.0029
21883	I98	H22	1.0	0.0029
21884	I98	N37	1.0	0.0029
21885	I98	H62	1.0	0.0029
21886	I98	I79	1.0	0.0029
21887	I98	L14	1.0	0.0029
21888	I98	H58	1.0	0.0029
21889	I98	H03	1.0	0.0029
21890	I98	L86	1.0	0.0029
21891	I98	N51	1.0	0.0029
21892	I98	L55	0.11864406779661017	0.0683
21893	I98	M63	1.0	0.0029
21894	I98	K87	1.0	0.0029
21895	I98	K36	0.29411764705882354	0.0881
21896	I98	M49	1.0	0.0029
21897	I98	I52	1.0	0.0029
21898	I98	H75	1.0	0.0029
21899	M90	J90	0.3125	0.1633
21900	M90	J91	0.3125	0.1633
21901	M90	G90	0.037037037037037035	0.2983
21902	M90	E70	0.04878048780487805	0.1008
21903	M90	Q10	0.034482758620689655	0.1801
21904	M90	G73	0.03125	0.2402
21905	M90	Q07	0.05714285714285714	0.0749
21906	M90	D04	0.034482758620689655	0.1606
21907	M90	N33	1.0	0.0029
21908	M90	L02	0.38461538461538464	0.0761
21909	M90	K23	1.0	0.0029
21910	M90	H45	1.0	0.0029
21911	M90	N29	1.0	0.0029
21912	M90	K77	1.0	0.0029
21913	M90	M73	1.0	0.0029
21914	M90	K93	1.0	0.0029
21915	M90	H06	1.0	0.0029
21916	M90	G32	1.0	0.0029
21917	M90	N22	1.0	0.0029
21918	M90	H36	1.0	0.0029
21919	M90	H48	1.0	0.0029
21920	M90	H22	1.0	0.0029
21921	M90	N37	1.0	0.0029
21922	M90	H62	1.0	0.0029
21923	M90	I79	1.0	0.0029
21924	M90	L14	1.0	0.0029
21925	M90	H58	1.0	0.0029
21926	M90	H03	1.0	0.0029
21927	M90	L86	1.0	0.0029
21928	M90	N51	1.0	0.0029
21929	M90	L55	0.11864406779661017	0.0683
21930	M90	M63	1.0	0.0029
21931	M90	K87	1.0	0.0029
21932	M90	K36	0.29411764705882354	0.0881
21933	M90	M49	1.0	0.0029
21934	M90	I52	1.0	0.0029
21935	M90	H75	1.0	0.0029
21936	N33	J90	0.3125	0.1633
21937	N33	J91	0.3125	0.1633
21938	N33	G90	0.037037037037037035	0.2983
21939	N33	E70	0.04878048780487805	0.1008
21940	N33	Q10	0.034482758620689655	0.1801
21941	N33	G73	0.03125	0.2402
21942	N33	Q07	0.05714285714285714	0.0749
21943	N33	D04	0.034482758620689655	0.1606
21944	N33	L02	0.38461538461538464	0.0761
21945	N33	K23	1.0	0.0029
21946	N33	H45	1.0	0.0029
21947	N33	N29	1.0	0.0029
21948	N33	K77	1.0	0.0029
21949	N33	M73	1.0	0.0029
21950	N33	K93	1.0	0.0029
21951	N33	H06	1.0	0.0029
21952	N33	G32	1.0	0.0029
21953	N33	N22	1.0	0.0029
21954	N33	H36	1.0	0.0029
21955	N33	H48	1.0	0.0029
21956	N33	H22	1.0	0.0029
21957	N33	N37	1.0	0.0029
21958	N33	H62	1.0	0.0029
21959	N33	I79	1.0	0.0029
21960	N33	L14	1.0	0.0029
21961	N33	H58	1.0	0.0029
21962	N33	H03	1.0	0.0029
21963	N33	L86	1.0	0.0029
21964	N33	N51	1.0	0.0029
21965	N33	L55	0.11864406779661017	0.0683
21966	N33	M63	1.0	0.0029
21967	N33	K87	1.0	0.0029
21968	N33	K36	0.29411764705882354	0.0881
21969	N33	M49	1.0	0.0029
21970	N33	I52	1.0	0.0029
21971	N33	H75	1.0	0.0029
21972	L02	J90	0.5555555555555556	0.024
21973	L02	J91	0.5555555555555556	0.024
21974	L02	K23	0.38461538461538464	0.0761
21975	L02	H45	0.38461538461538464	0.0761
21976	L02	N29	0.38461538461538464	0.0761
21977	L02	K77	0.38461538461538464	0.0761
21978	L02	M73	0.38461538461538464	0.0761
21979	L02	K93	0.38461538461538464	0.0761
21980	L02	H06	0.38461538461538464	0.0761
21981	L02	G32	0.38461538461538464	0.0761
21982	L02	N22	0.38461538461538464	0.0761
21983	L02	H36	0.38461538461538464	0.0761
21984	L02	H48	0.38461538461538464	0.0761
21985	L02	H22	0.38461538461538464	0.0761
21986	L02	N37	0.38461538461538464	0.0761
21987	L02	H62	0.38461538461538464	0.0761
21988	L02	I79	0.38461538461538464	0.0761
21989	L02	L14	0.38461538461538464	0.0761
21990	L02	H58	0.38461538461538464	0.0761
21991	L02	H03	0.38461538461538464	0.0761
21992	L02	L86	0.38461538461538464	0.0761
21993	L02	N51	0.38461538461538464	0.0761
21994	L02	M63	0.38461538461538464	0.0761
21995	L02	K87	0.38461538461538464	0.0761
21996	L02	M49	0.38461538461538464	0.0761
21997	L02	I52	0.38461538461538464	0.0761
21998	L02	H75	0.38461538461538464	0.0761
21999	L02	G90	0.07692307692307693	0.0797
22000	L02	G57	0.058823529411764705	0.1882
22001	L02	L55	0.09259259259259259	0.1234
22002	L02	K36	0.5	0.0158
22003	K23	J90	0.3125	0.1633
22004	K23	J91	0.3125	0.1633
22005	K23	G90	0.037037037037037035	0.2983
22006	K23	E70	0.04878048780487805	0.1008
22007	K23	Q10	0.034482758620689655	0.1801
22008	K23	G73	0.03125	0.2402
22009	K23	Q07	0.05714285714285714	0.0749
22010	K23	D04	0.034482758620689655	0.1606
22011	K23	H45	1.0	0.0029
22012	K23	N29	1.0	0.0029
22013	K23	K77	1.0	0.0029
22014	K23	M73	1.0	0.0029
22015	K23	K93	1.0	0.0029
22016	K23	H06	1.0	0.0029
22017	K23	G32	1.0	0.0029
22018	K23	N22	1.0	0.0029
22019	K23	H36	1.0	0.0029
22020	K23	H48	1.0	0.0029
22021	K23	H22	1.0	0.0029
22022	K23	N37	1.0	0.0029
22023	K23	H62	1.0	0.0029
22024	K23	I79	1.0	0.0029
22025	K23	L14	1.0	0.0029
22026	K23	H58	1.0	0.0029
22027	K23	H03	1.0	0.0029
22028	K23	L86	1.0	0.0029
22029	K23	N51	1.0	0.0029
22030	K23	L55	0.11864406779661017	0.0683
22031	K23	M63	1.0	0.0029
22032	K23	K87	1.0	0.0029
22033	K23	K36	0.29411764705882354	0.0881
22034	K23	M49	1.0	0.0029
22035	K23	I52	1.0	0.0029
22036	K23	H75	1.0	0.0029
22037	H45	J90	0.3125	0.1633
22038	H45	J91	0.3125	0.1633
22039	H45	G90	0.037037037037037035	0.2983
22040	H45	E70	0.04878048780487805	0.1008
22041	H45	Q10	0.034482758620689655	0.1801
22042	H45	G73	0.03125	0.2402
22043	H45	Q07	0.05714285714285714	0.0749
22044	H45	D04	0.034482758620689655	0.1606
22045	H45	N29	1.0	0.0029
22046	H45	K77	1.0	0.0029
22047	H45	M73	1.0	0.0029
22048	H45	K93	1.0	0.0029
22049	H45	H06	1.0	0.0029
22050	H45	G32	1.0	0.0029
22051	H45	N22	1.0	0.0029
22052	H45	H36	1.0	0.0029
22053	H45	H48	1.0	0.0029
22054	H45	H22	1.0	0.0029
22055	H45	N37	1.0	0.0029
22056	H45	H62	1.0	0.0029
22057	H45	I79	1.0	0.0029
22058	H45	L14	1.0	0.0029
22059	H45	H58	1.0	0.0029
22060	H45	H03	1.0	0.0029
22061	H45	L86	1.0	0.0029
22062	H45	N51	1.0	0.0029
22063	H45	L55	0.11864406779661017	0.0683
22064	H45	M63	1.0	0.0029
22065	H45	K87	1.0	0.0029
22066	H45	K36	0.29411764705882354	0.0881
22067	H45	M49	1.0	0.0029
22068	H45	I52	1.0	0.0029
22069	H45	H75	1.0	0.0029
22070	N29	J90	0.3125	0.1633
22071	N29	J91	0.3125	0.1633
22072	N29	G90	0.037037037037037035	0.2983
22073	N29	E70	0.04878048780487805	0.1008
22074	N29	Q10	0.034482758620689655	0.1801
22075	N29	G73	0.03125	0.2402
22076	N29	Q07	0.05714285714285714	0.0749
22077	N29	D04	0.034482758620689655	0.1606
22078	N29	K77	1.0	0.0029
22079	N29	M73	1.0	0.0029
22080	N29	K93	1.0	0.0029
22081	N29	H06	1.0	0.0029
22082	N29	G32	1.0	0.0029
22083	N29	N22	1.0	0.0029
22084	N29	H36	1.0	0.0029
22085	N29	H48	1.0	0.0029
22086	N29	H22	1.0	0.0029
22087	N29	N37	1.0	0.0029
22088	N29	H62	1.0	0.0029
22089	N29	I79	1.0	0.0029
22090	N29	L14	1.0	0.0029
22091	N29	H58	1.0	0.0029
22092	N29	H03	1.0	0.0029
22093	N29	L86	1.0	0.0029
22094	N29	N51	1.0	0.0029
22095	N29	L55	0.11864406779661017	0.0683
22096	N29	M63	1.0	0.0029
22097	N29	K87	1.0	0.0029
22098	N29	K36	0.29411764705882354	0.0881
22099	N29	M49	1.0	0.0029
22100	N29	I52	1.0	0.0029
22101	N29	H75	1.0	0.0029
22102	K77	J90	0.3125	0.1633
22103	K77	J91	0.3125	0.1633
22104	K77	G90	0.037037037037037035	0.2983
22105	K77	E70	0.04878048780487805	0.1008
22106	K77	Q10	0.034482758620689655	0.1801
22107	K77	G73	0.03125	0.2402
22108	K77	Q07	0.05714285714285714	0.0749
22109	K77	D04	0.034482758620689655	0.1606
22110	K77	M73	1.0	0.0029
22111	K77	K93	1.0	0.0029
22112	K77	H06	1.0	0.0029
22113	K77	G32	1.0	0.0029
22114	K77	N22	1.0	0.0029
22115	K77	H36	1.0	0.0029
22116	K77	H48	1.0	0.0029
22117	K77	H22	1.0	0.0029
22118	K77	N37	1.0	0.0029
22119	K77	H62	1.0	0.0029
22120	K77	I79	1.0	0.0029
22121	K77	L14	1.0	0.0029
22122	K77	H58	1.0	0.0029
22123	K77	H03	1.0	0.0029
22124	K77	L86	1.0	0.0029
22125	K77	N51	1.0	0.0029
22126	K77	L55	0.11864406779661017	0.0683
22127	K77	M63	1.0	0.0029
22128	K77	K87	1.0	0.0029
22129	K77	K36	0.29411764705882354	0.0881
22130	K77	M49	1.0	0.0029
22131	K77	I52	1.0	0.0029
22132	K77	H75	1.0	0.0029
22133	M73	J90	0.3125	0.1633
22134	M73	J91	0.3125	0.1633
22135	M73	G90	0.037037037037037035	0.2983
22136	M73	E70	0.04878048780487805	0.1008
22137	M73	Q10	0.034482758620689655	0.1801
22138	M73	G73	0.03125	0.2402
22139	M73	Q07	0.05714285714285714	0.0749
22140	M73	D04	0.034482758620689655	0.1606
22141	M73	K93	1.0	0.0029
22142	M73	H06	1.0	0.0029
22143	M73	G32	1.0	0.0029
22144	M73	N22	1.0	0.0029
22145	M73	H36	1.0	0.0029
22146	M73	H48	1.0	0.0029
22147	M73	H22	1.0	0.0029
22148	M73	N37	1.0	0.0029
22149	M73	H62	1.0	0.0029
22150	M73	I79	1.0	0.0029
22151	M73	L14	1.0	0.0029
22152	M73	H58	1.0	0.0029
22153	M73	H03	1.0	0.0029
22154	M73	L86	1.0	0.0029
22155	M73	N51	1.0	0.0029
22156	M73	L55	0.11864406779661017	0.0683
22157	M73	M63	1.0	0.0029
22158	M73	K87	1.0	0.0029
22159	M73	K36	0.29411764705882354	0.0881
22160	M73	M49	1.0	0.0029
22161	M73	I52	1.0	0.0029
22162	M73	H75	1.0	0.0029
22163	K93	J90	0.3125	0.1633
22164	K93	J91	0.3125	0.1633
22165	K93	G90	0.037037037037037035	0.2983
22166	K93	E70	0.04878048780487805	0.1008
22167	K93	Q10	0.034482758620689655	0.1801
22168	K93	G73	0.03125	0.2402
22169	K93	Q07	0.05714285714285714	0.0749
22170	K93	D04	0.034482758620689655	0.1606
22171	K93	H06	1.0	0.0029
22172	K93	G32	1.0	0.0029
22173	K93	N22	1.0	0.0029
22174	K93	H36	1.0	0.0029
22175	K93	H48	1.0	0.0029
22176	K93	H22	1.0	0.0029
22177	K93	N37	1.0	0.0029
22178	K93	H62	1.0	0.0029
22179	K93	I79	1.0	0.0029
22180	K93	L14	1.0	0.0029
22181	K93	H58	1.0	0.0029
22182	K93	H03	1.0	0.0029
22183	K93	L86	1.0	0.0029
22184	K93	N51	1.0	0.0029
22185	K93	L55	0.11864406779661017	0.0683
22186	K93	M63	1.0	0.0029
22187	K93	K87	1.0	0.0029
22188	K93	K36	0.29411764705882354	0.0881
22189	K93	M49	1.0	0.0029
22190	K93	I52	1.0	0.0029
22191	K93	H75	1.0	0.0029
22192	H06	J90	0.3125	0.1633
22193	H06	J91	0.3125	0.1633
22194	H06	G90	0.037037037037037035	0.2983
22195	H06	E70	0.04878048780487805	0.1008
22196	H06	Q10	0.034482758620689655	0.1801
22197	H06	G73	0.03125	0.2402
22198	H06	Q07	0.05714285714285714	0.0749
22199	H06	D04	0.034482758620689655	0.1606
22200	H06	G32	1.0	0.0029
22201	H06	N22	1.0	0.0029
22202	H06	H36	1.0	0.0029
22203	H06	H48	1.0	0.0029
22204	H06	H22	1.0	0.0029
22205	H06	N37	1.0	0.0029
22206	H06	H62	1.0	0.0029
22207	H06	I79	1.0	0.0029
22208	H06	L14	1.0	0.0029
22209	H06	H58	1.0	0.0029
22210	H06	H03	1.0	0.0029
22211	H06	L86	1.0	0.0029
22212	H06	N51	1.0	0.0029
22213	H06	L55	0.11864406779661017	0.0683
22214	H06	M63	1.0	0.0029
22215	H06	K87	1.0	0.0029
22216	H06	K36	0.29411764705882354	0.0881
22217	H06	M49	1.0	0.0029
22218	H06	I52	1.0	0.0029
22219	H06	H75	1.0	0.0029
22220	G32	J90	0.3125	0.1633
22221	G32	J91	0.3125	0.1633
22222	G32	G90	0.037037037037037035	0.2983
22223	G32	E70	0.04878048780487805	0.1008
22224	G32	Q10	0.034482758620689655	0.1801
22225	G32	G73	0.03125	0.2402
22226	G32	Q07	0.05714285714285714	0.0749
22227	G32	D04	0.034482758620689655	0.1606
22228	G32	N22	1.0	0.0029
22229	G32	H36	1.0	0.0029
22230	G32	H48	1.0	0.0029
22231	G32	H22	1.0	0.0029
22232	G32	N37	1.0	0.0029
22233	G32	H62	1.0	0.0029
22234	G32	I79	1.0	0.0029
22235	G32	L14	1.0	0.0029
22236	G32	H58	1.0	0.0029
22237	G32	H03	1.0	0.0029
22238	G32	L86	1.0	0.0029
22239	G32	N51	1.0	0.0029
22240	G32	L55	0.11864406779661017	0.0683
22241	G32	M63	1.0	0.0029
22242	G32	K87	1.0	0.0029
22243	G32	K36	0.29411764705882354	0.0881
22244	G32	M49	1.0	0.0029
22245	G32	I52	1.0	0.0029
22246	G32	H75	1.0	0.0029
22247	N22	J90	0.3125	0.1633
22248	N22	J91	0.3125	0.1633
22249	N22	G90	0.037037037037037035	0.2983
22250	N22	E70	0.04878048780487805	0.1008
22251	N22	Q10	0.034482758620689655	0.1801
22252	N22	G73	0.03125	0.2402
22253	N22	Q07	0.05714285714285714	0.0749
22254	N22	D04	0.034482758620689655	0.1606
22255	N22	H36	1.0	0.0029
22256	N22	H48	1.0	0.0029
22257	N22	H22	1.0	0.0029
22258	N22	N37	1.0	0.0029
22259	N22	H62	1.0	0.0029
22260	N22	I79	1.0	0.0029
22261	N22	L14	1.0	0.0029
22262	N22	H58	1.0	0.0029
22263	N22	H03	1.0	0.0029
22264	N22	L86	1.0	0.0029
22265	N22	N51	1.0	0.0029
22266	N22	L55	0.11864406779661017	0.0683
22267	N22	M63	1.0	0.0029
22268	N22	K87	1.0	0.0029
22269	N22	K36	0.29411764705882354	0.0881
22270	N22	M49	1.0	0.0029
22271	N22	I52	1.0	0.0029
22272	N22	H75	1.0	0.0029
22273	H36	J90	0.3125	0.1633
22274	H36	J91	0.3125	0.1633
22275	H36	G90	0.037037037037037035	0.2983
22276	H36	E70	0.04878048780487805	0.1008
22277	H36	Q10	0.034482758620689655	0.1801
22278	H36	G73	0.03125	0.2402
22279	H36	Q07	0.05714285714285714	0.0749
22280	H36	D04	0.034482758620689655	0.1606
22281	H36	H48	1.0	0.0029
22282	H36	H22	1.0	0.0029
22283	H36	N37	1.0	0.0029
22284	H36	H62	1.0	0.0029
22285	H36	I79	1.0	0.0029
22286	H36	L14	1.0	0.0029
22287	H36	H58	1.0	0.0029
22288	H36	H03	1.0	0.0029
22289	H36	L86	1.0	0.0029
22290	H36	N51	1.0	0.0029
22291	H36	L55	0.11864406779661017	0.0683
22292	H36	M63	1.0	0.0029
22293	H36	K87	1.0	0.0029
22294	H36	K36	0.29411764705882354	0.0881
22295	H36	M49	1.0	0.0029
22296	H36	I52	1.0	0.0029
22297	H36	H75	1.0	0.0029
22298	H48	J90	0.3125	0.1633
22299	H48	J91	0.3125	0.1633
22300	H48	G90	0.037037037037037035	0.2983
22301	H48	E70	0.04878048780487805	0.1008
22302	H48	Q10	0.034482758620689655	0.1801
22303	H48	G73	0.03125	0.2402
22304	H48	Q07	0.05714285714285714	0.0749
22305	H48	D04	0.034482758620689655	0.1606
22306	H48	H22	1.0	0.0029
22307	H48	N37	1.0	0.0029
22308	H48	H62	1.0	0.0029
22309	H48	I79	1.0	0.0029
22310	H48	L14	1.0	0.0029
22311	H48	H58	1.0	0.0029
22312	H48	H03	1.0	0.0029
22313	H48	L86	1.0	0.0029
22314	H48	N51	1.0	0.0029
22315	H48	L55	0.11864406779661017	0.0683
22316	H48	M63	1.0	0.0029
22317	H48	K87	1.0	0.0029
22318	H48	K36	0.29411764705882354	0.0881
22319	H48	M49	1.0	0.0029
22320	H48	I52	1.0	0.0029
22321	H48	H75	1.0	0.0029
22322	H22	J90	0.3125	0.1633
22323	H22	J91	0.3125	0.1633
22324	H22	G90	0.037037037037037035	0.2983
22325	H22	E70	0.04878048780487805	0.1008
22326	H22	Q10	0.034482758620689655	0.1801
22327	H22	G73	0.03125	0.2402
22328	H22	Q07	0.05714285714285714	0.0749
22329	H22	D04	0.034482758620689655	0.1606
22330	H22	N37	1.0	0.0029
22331	H22	H62	1.0	0.0029
22332	H22	I79	1.0	0.0029
22333	H22	L14	1.0	0.0029
22334	H22	H58	1.0	0.0029
22335	H22	H03	1.0	0.0029
22336	H22	L86	1.0	0.0029
22337	H22	N51	1.0	0.0029
22338	H22	L55	0.11864406779661017	0.0683
22339	H22	M63	1.0	0.0029
22340	H22	K87	1.0	0.0029
22341	H22	K36	0.29411764705882354	0.0881
22342	H22	M49	1.0	0.0029
22343	H22	I52	1.0	0.0029
22344	H22	H75	1.0	0.0029
22345	N37	J90	0.3125	0.1633
22346	N37	J91	0.3125	0.1633
22347	N37	G90	0.037037037037037035	0.2983
22348	N37	E70	0.04878048780487805	0.1008
22349	N37	Q10	0.034482758620689655	0.1801
22350	N37	G73	0.03125	0.2402
22351	N37	Q07	0.05714285714285714	0.0749
22352	N37	D04	0.034482758620689655	0.1606
22353	N37	H62	1.0	0.0029
22354	N37	I79	1.0	0.0029
22355	N37	L14	1.0	0.0029
22356	N37	H58	1.0	0.0029
22357	N37	H03	1.0	0.0029
22358	N37	L86	1.0	0.0029
22359	N37	N51	1.0	0.0029
22360	N37	L55	0.11864406779661017	0.0683
22361	N37	M63	1.0	0.0029
22362	N37	K87	1.0	0.0029
22363	N37	K36	0.29411764705882354	0.0881
22364	N37	M49	1.0	0.0029
22365	N37	I52	1.0	0.0029
22366	N37	H75	1.0	0.0029
22367	H62	J90	0.3125	0.1633
22368	H62	J91	0.3125	0.1633
22369	H62	G90	0.037037037037037035	0.2983
22370	H62	E70	0.04878048780487805	0.1008
22371	H62	Q10	0.034482758620689655	0.1801
22372	H62	G73	0.03125	0.2402
22373	H62	Q07	0.05714285714285714	0.0749
22374	H62	D04	0.034482758620689655	0.1606
22375	H62	I79	1.0	0.0029
22376	H62	L14	1.0	0.0029
22377	H62	H58	1.0	0.0029
22378	H62	H03	1.0	0.0029
22379	H62	L86	1.0	0.0029
22380	H62	N51	1.0	0.0029
22381	H62	L55	0.11864406779661017	0.0683
22382	H62	M63	1.0	0.0029
22383	H62	K87	1.0	0.0029
22384	H62	K36	0.29411764705882354	0.0881
22385	H62	M49	1.0	0.0029
22386	H62	I52	1.0	0.0029
22387	H62	H75	1.0	0.0029
22388	J90	A65	0.23529411764705882	0.1222
22389	J90	A52	0.23529411764705882	0.1222
22390	J90	A23	0.23529411764705882	0.1222
22391	J90	A75	0.23529411764705882	0.1222
22392	J90	A54	0.23529411764705882	0.1222
22393	J90	A51	0.23529411764705882	0.1222
22394	J90	A50	0.23529411764705882	0.1222
22395	J90	A53	0.23529411764705882	0.1222
22396	J90	G90	0.05263157894736842	0.1784
22397	J90	Q28	0.03571428571428571	0.0548
22398	J90	O44	0.05263157894736842	0.1944
22399	J90	G57	0.043478260869565216	0.2915
22400	J90	N48	0.047619047619047616	0.1746
22401	J90	I79	0.3125	0.1633
22402	J90	J91	1.0	0.0001
22403	J90	L14	0.3125	0.1633
22404	J90	H58	0.3125	0.1633
22405	J90	H03	0.3125	0.1633
22406	J90	L86	0.3125	0.1633
22407	J90	N51	0.3125	0.1633
22408	J90	L55	0.08771929824561403	0.1378
22409	J90	M63	0.3125	0.1633
22410	J90	K87	0.3125	0.1633
22411	J90	K36	0.38461538461538464	0.0415
22412	J90	M49	0.3125	0.1633
22413	J90	I52	0.3125	0.1633
22414	J90	H75	0.3125	0.1633
22415	I79	J91	0.3125	0.1633
22416	I79	G90	0.037037037037037035	0.2983
22417	I79	E70	0.04878048780487805	0.1008
22418	I79	Q10	0.034482758620689655	0.1801
22419	I79	G73	0.03125	0.2402
22420	I79	Q07	0.05714285714285714	0.0749
22421	I79	D04	0.034482758620689655	0.1606
22422	I79	L14	1.0	0.0029
22423	I79	H58	1.0	0.0029
22424	I79	H03	1.0	0.0029
22425	I79	L86	1.0	0.0029
22426	I79	N51	1.0	0.0029
22427	I79	L55	0.11864406779661017	0.0683
22428	I79	M63	1.0	0.0029
22429	I79	K87	1.0	0.0029
22430	I79	K36	0.29411764705882354	0.0881
22431	I79	M49	1.0	0.0029
22432	I79	I52	1.0	0.0029
22433	I79	H75	1.0	0.0029
22434	J91	A65	0.23529411764705882	0.1222
22435	J91	A52	0.23529411764705882	0.1222
22436	J91	A23	0.23529411764705882	0.1222
22437	J91	A75	0.23529411764705882	0.1222
22438	J91	A54	0.23529411764705882	0.1222
22439	J91	A51	0.23529411764705882	0.1222
22440	J91	A50	0.23529411764705882	0.1222
22441	J91	A53	0.23529411764705882	0.1222
22442	J91	G90	0.05263157894736842	0.1784
22443	J91	Q28	0.03571428571428571	0.0548
22444	J91	O44	0.05263157894736842	0.1944
22445	J91	G57	0.043478260869565216	0.2915
22446	J91	N48	0.047619047619047616	0.1746
22447	J91	L14	0.3125	0.1633
22448	J91	H58	0.3125	0.1633
22449	J91	H03	0.3125	0.1633
22450	J91	L86	0.3125	0.1633
22451	J91	N51	0.3125	0.1633
22452	J91	L55	0.08771929824561403	0.1378
22453	J91	M63	0.3125	0.1633
22454	J91	K87	0.3125	0.1633
22455	J91	K36	0.38461538461538464	0.0415
22456	J91	M49	0.3125	0.1633
22457	J91	I52	0.3125	0.1633
22458	J91	H75	0.3125	0.1633
22459	L14	G90	0.037037037037037035	0.2983
22460	L14	E70	0.04878048780487805	0.1008
22461	L14	Q10	0.034482758620689655	0.1801
22462	L14	G73	0.03125	0.2402
22463	L14	Q07	0.05714285714285714	0.0749
22464	L14	D04	0.034482758620689655	0.1606
22465	L14	H58	1.0	0.0029
22466	L14	H03	1.0	0.0029
22467	L14	L86	1.0	0.0029
22468	L14	N51	1.0	0.0029
22469	L14	L55	0.11864406779661017	0.0683
22470	L14	M63	1.0	0.0029
22471	L14	K87	1.0	0.0029
22472	L14	K36	0.29411764705882354	0.0881
22473	L14	M49	1.0	0.0029
22474	L14	I52	1.0	0.0029
22475	L14	H75	1.0	0.0029
22476	H58	G90	0.037037037037037035	0.2983
22477	H58	E70	0.04878048780487805	0.1008
22478	H58	Q10	0.034482758620689655	0.1801
22479	H58	G73	0.03125	0.2402
22480	H58	Q07	0.05714285714285714	0.0749
22481	H58	D04	0.034482758620689655	0.1606
22482	H58	H03	1.0	0.0029
22483	H58	L86	1.0	0.0029
22484	H58	N51	1.0	0.0029
22485	H58	L55	0.11864406779661017	0.0683
22486	H58	M63	1.0	0.0029
22487	H58	K87	1.0	0.0029
22488	H58	K36	0.29411764705882354	0.0881
22489	H58	M49	1.0	0.0029
22490	H58	I52	1.0	0.0029
22491	H58	H75	1.0	0.0029
22492	H03	G90	0.037037037037037035	0.2983
22493	H03	E70	0.04878048780487805	0.1008
22494	H03	Q10	0.034482758620689655	0.1801
22495	H03	G73	0.03125	0.2402
22496	H03	Q07	0.05714285714285714	0.0749
22497	H03	D04	0.034482758620689655	0.1606
22498	H03	L86	1.0	0.0029
22499	H03	N51	1.0	0.0029
22500	H03	L55	0.11864406779661017	0.0683
22501	H03	M63	1.0	0.0029
22502	H03	K87	1.0	0.0029
22503	H03	K36	0.29411764705882354	0.0881
22504	H03	M49	1.0	0.0029
22505	H03	I52	1.0	0.0029
22506	H03	H75	1.0	0.0029
22507	L86	G90	0.037037037037037035	0.2983
22508	L86	E70	0.04878048780487805	0.1008
22509	L86	Q10	0.034482758620689655	0.1801
22510	L86	G73	0.03125	0.2402
22511	L86	Q07	0.05714285714285714	0.0749
22512	L86	D04	0.034482758620689655	0.1606
22513	L86	N51	1.0	0.0029
22514	L86	L55	0.11864406779661017	0.0683
22515	L86	M63	1.0	0.0029
22516	L86	K87	1.0	0.0029
22517	L86	K36	0.29411764705882354	0.0881
22518	L86	M49	1.0	0.0029
22519	L86	I52	1.0	0.0029
22520	L86	H75	1.0	0.0029
22521	N51	G90	0.037037037037037035	0.2983
22522	N51	E70	0.04878048780487805	0.1008
22523	N51	Q10	0.034482758620689655	0.1801
22524	N51	G73	0.03125	0.2402
22525	N51	Q07	0.05714285714285714	0.0749
22526	N51	D04	0.034482758620689655	0.1606
22527	N51	L55	0.11864406779661017	0.0683
22528	N51	M63	1.0	0.0029
22529	N51	K87	1.0	0.0029
22530	N51	K36	0.29411764705882354	0.0881
22531	N51	M49	1.0	0.0029
22532	N51	I52	1.0	0.0029
22533	N51	H75	1.0	0.0029
22534	L55	M63	0.11864406779661017	0.0683
22535	L55	K87	0.11864406779661017	0.0683
22536	L55	M49	0.11864406779661017	0.0683
22537	L55	I52	0.11864406779661017	0.0683
22538	L55	H75	0.11864406779661017	0.0683
22539	L55	H49	0.01948051948051948	0.1851
22540	L55	E70	0.041666666666666664	0.1412
22541	L55	F48	0.02564102564102564	0.162
22542	M63	G90	0.037037037037037035	0.2983
22543	M63	E70	0.04878048780487805	0.1008
22544	M63	Q10	0.034482758620689655	0.1801
22545	M63	G73	0.03125	0.2402
22546	M63	Q07	0.05714285714285714	0.0749
22547	M63	D04	0.034482758620689655	0.1606
22548	M63	K87	1.0	0.0029
22549	M63	K36	0.29411764705882354	0.0881
22550	M63	M49	1.0	0.0029
22551	M63	I52	1.0	0.0029
22552	M63	H75	1.0	0.0029
22553	K87	G90	0.037037037037037035	0.2983
22554	K87	E70	0.04878048780487805	0.1008
22555	K87	Q10	0.034482758620689655	0.1801
22556	K87	G73	0.03125	0.2402
22557	K87	Q07	0.05714285714285714	0.0749
22558	K87	D04	0.034482758620689655	0.1606
22559	K87	K36	0.29411764705882354	0.0881
22560	K87	M49	1.0	0.0029
22561	K87	I52	1.0	0.0029
22562	K87	H75	1.0	0.0029
22563	K36	M49	0.29411764705882354	0.0881
22564	K36	I52	0.29411764705882354	0.0881
22565	K36	H75	0.29411764705882354	0.0881
22566	K36	G90	0.047619047619047616	0.2105
22567	K36	F43	0.047619047619047616	0.05
22568	K36	N30	0.08	0.2906
22569	K36	G57	0.08333333333333333	0.0933
22570	M49	G90	0.037037037037037035	0.2983
22571	M49	E70	0.04878048780487805	0.1008
22572	M49	Q10	0.034482758620689655	0.1801
22573	M49	G73	0.03125	0.2402
22574	M49	Q07	0.05714285714285714	0.0749
22575	M49	D04	0.034482758620689655	0.1606
22576	M49	I52	1.0	0.0029
22577	M49	H75	1.0	0.0029
22578	I52	G90	0.037037037037037035	0.2983
22579	I52	E70	0.04878048780487805	0.1008
22580	I52	Q10	0.034482758620689655	0.1801
22581	I52	G73	0.03125	0.2402
22582	I52	Q07	0.05714285714285714	0.0749
22583	I52	D04	0.034482758620689655	0.1606
22584	I52	H75	1.0	0.0029
22585	H75	G90	0.037037037037037035	0.2983
22586	H75	E70	0.04878048780487805	0.1008
22587	H75	Q10	0.034482758620689655	0.1801
22588	H75	G73	0.03125	0.2402
22589	H75	Q07	0.05714285714285714	0.0749
22590	H75	D04	0.034482758620689655	0.1606
22591	H44	G98	0.1072961373390558	0.0602
22592	H44	E78	0.018779342723004695	0.2888
22593	H44	H53	0.04020100502512563	0.1697
22594	H44	H35	0.7935779816513762	0.0
22595	H44	Q77	0.02	0.2249
22596	H44	Q14	0.03559870550161812	0.2065
22597	H44	H31	0.13043478260869565	0.0022
22598	H44	H54	0.04975124378109453	0.1165
22599	H44	N01	0.021739130434782608	0.0543
22600	G98	G24	0.031442663378545004	0.1849
22601	G98	G11	0.05039950829748002	0.2528
22602	G98	H25	0.06322188449848025	0.1487
22603	G98	G70	0.07604103802051901	0.1814
22604	G98	G12	0.03390875462392109	0.2126
22605	G98	H35	0.12762022194821207	0.0639
22606	G98	H70	0.08877928483353884	0.1263
22607	G98	Q14	0.059674502712477394	0.0703
22608	G98	Q11	0.06324972737186478	0.0947
22609	G98	Q02	0.05581668625146886	0.1056
22610	G98	H31	0.02971497877501516	0.2605
22611	G98	H93	0.08868501529051988	0.0518
22612	G98	G82	0.04671173939766441	0.2866
22613	G98	G13	0.11970534069981584	0.0384
22614	G72	I42	0.22666666666666666	0.0033
22615	G72	I45	0.05913978494623656	0.2303
22616	G72	I51	0.18313253012048192	0.01
22617	G72	I43	0.21468926553672316	0.0045
22618	G72	Q24	0.09583333333333334	0.0918
22619	G72	G13	0.05636743215031315	0.2468
22620	G72	G73	0.052924791086350974	0.269
22621	G72	H49	0.059880239520958084	0.0049
22622	G72	Q68	0.021604938271604937	0.0744
22623	G72	Q74	0.009554140127388535	0.1887
22624	Q14	H16	0.033783783783783786	0.2239
22625	Q14	Q11	0.13170731707317074	0.0027
22626	Q14	Q51	0.029940119760479042	0.2656
22627	Q14	H25	0.04780876494023904	0.1197
22628	Q14	F48	0.027586206896551724	0.2949
22629	Q14	H31	0.0707070707070707	0.0428
22630	Q14	Q12	0.029411764705882353	0.0691
22631	Q11	H25	0.06060606060606061	0.1046
22632	Q11	H31	0.08310991957104558	0.0449
22633	Q11	Q70	0.014792899408284023	0.1611
22634	Q11	D31	0.13636363636363635	0.0001
22635	Q02	F84	0.05194805194805195	0.1235
22636	I51	I42	0.5806451612903226	0.0
22637	I51	I47	0.12562814070351758	0.014
22638	I51	Q22	0.11301369863013698	0.0216
22639	I51	I45	0.28837209302325584	0.0001
22640	I51	G73	0.09663865546218488	0.0118
22641	I51	N13	0.013215859030837005	0.2324
22642	I51	Q24	0.16857142857142857	0.0011
22643	I51	P56	0.0546875	0.0612
22644	I51	I43	0.6473684210526316	0.0
22645	H93	H90	0.1285140562248996	0.0135
22646	H93	H70	0.9113924050632911	0.0
22647	G13	G51	0.08171206225680934	0.1085
22648	G13	G52	0.08203125	0.1076
22649	G13	E50	0.009302325581395349	0.2157
22650	G13	G60	0.2857142857142857	0.0002
22651	G13	H49	0.024390243902439025	0.1202
22652	G13	G70	0.4637096774193548	0.0
22653	G13	G12	0.05761316872427984	0.0706
22654	G13	G82	0.05204460966542751	0.248
22655	G13	E87	0.017857142857142856	0.1627
22656	N01	H35	0.01932367149758454	0.0757
22657	J09	D57	0.08560311284046693	0.0977
22658	J09	D50	0.08239700374531835	0.1067
22659	J09	D74	0.08560311284046693	0.0977
22660	J09	D61	0.10679611650485436	0.0547
22661	J09	D64	0.08778625954198473	0.092
22662	J09	E89	0.08695652173913043	0.0942
22663	J09	J11	0.978021978021978	0.0
22664	J09	R77	0.0859375	0.2983
22665	J09	P74	0.08695652173913043	0.2977
22666	J09	J10	0.994475138121547	0.0
22667	J11	D57	0.08627450980392157	0.0955
22668	J11	D50	0.0830188679245283	0.1044
22669	J11	D74	0.08627450980392157	0.0955
22670	J11	D61	0.10784313725490197	0.0528
22671	J11	D64	0.08846153846153847	0.0899
22672	J11	E89	0.08764940239043825	0.092
22673	J11	R77	0.08661417322834646	0.2954
22674	J11	P74	0.08764940239043825	0.2948
22675	J11	J10	0.9834254143646409	0.0
22676	J10	D57	0.0859375	0.0974
22677	J10	D50	0.08270676691729323	0.1063
22678	J10	D74	0.0859375	0.0974
22679	J10	D61	0.1073170731707317	0.0543
22680	J10	D64	0.08812260536398467	0.0917
22681	J10	E89	0.0873015873015873	0.0938
22682	J10	R77	0.08627450980392157	0.0965
22683	J10	P74	0.0873015873015873	0.0938
22684	H20	H16	0.047619047619047616	0.1811
22685	H20	I75	0.043478260869565216	0.2103
22686	H20	A55	0.125	0.0109
22687	H20	J20	0.07692307692307693	0.1832
22688	H20	J42	0.0625	0.2542
22689	H20	J40	0.07692307692307693	0.1832
22690	H20	A58	0.125	0.0626
22691	H20	Q30	0.09090909090909091	0.0483
22692	H20	E27	0.04	0.1616
22693	H20	N13	0.02127659574468085	0.0938
22694	H20	A26	0.07692307692307693	0.0658
22695	J20	A55	0.08333333333333333	0.1589
22696	J20	J42	0.75	0.0
22697	J20	J40	1.0	0.0
22698	J20	E27	0.034482758620689655	0.2081
22699	J20	A58	0.08333333333333333	0.1583
22700	J20	Q30	0.06666666666666667	0.1089
22701	J20	A26	0.058823529411764705	0.1252
22702	J42	A55	0.06666666666666667	0.2319
22703	J42	J40	0.75	0.0
22704	J42	Q28	0.043478260869565216	0.0288
22705	J42	E27	0.03125	0.2413
22706	J42	N48	0.0625	0.099
22707	J42	A58	0.06666666666666667	0.2293
22708	J42	Q30	0.05555555555555555	0.1579
22709	J42	A26	0.05	0.1712
22710	J40	A55	0.08333333333333333	0.1589
22711	J40	E27	0.034482758620689655	0.2081
22712	J40	A58	0.08333333333333333	0.1583
22713	J40	Q30	0.06666666666666667	0.1089
22714	J40	A26	0.058823529411764705	0.1252
22715	I06	B82	0.09090909090909091	0.033
22716	I06	A26	0.3076923076923077	0.0
22717	I06	H53	0.03333333333333333	0.2305
22718	I06	H54	0.029411764705882353	0.2828
22719	I06	T88	0.1	0.0002
22720	I06	N63	0.125	0.0115
22721	I06	I35	0.1111111111111111	0.0508
22722	Q30	H16	0.043478260869565216	0.2362
22723	Q30	I75	0.04	0.2652
22724	Q30	A55	0.1	0.0356
22725	Q30	A58	0.1	0.0356
22726	Q30	E27	0.037037037037037035	0.2927
22727	Q30	H72	0.1111111111111111	0.0332
22728	Q30	P24	0.029411764705882353	0.1143
22729	Q30	D33	0.1	0.0746
22730	Q30	A26	0.06666666666666667	0.0948
22731	A26	H16	0.04	0.2439
22732	A26	I75	0.037037037037037035	0.2709
22733	A26	A55	0.08333333333333333	0.0524
22734	A26	A58	0.08333333333333333	0.0524
22735	A26	C14	0.05714285714285714	0.1236
22736	A26	E26	0.029411764705882353	0.114
22737	A26	D27	0.05555555555555555	0.0754
22738	A26	Q85	0.03125	0.2368
22739	A26	E27	0.034482758620689655	0.2965
22740	A26	C78	0.05	0.1336
22741	A26	H53	0.03225806451612903	0.2418
22742	A26	Q68	0.02857142857142857	0.0314
22743	A26	J96	0.05714285714285714	0.1291
22744	A26	H54	0.02857142857142857	0.2933
22745	A26	M72	0.05555555555555555	0.0223
22746	A26	T88	0.09090909090909091	0.0004
22747	A26	C97	0.058823529411764705	0.0133
22748	A26	D33	0.08333333333333333	0.1168
22749	A26	N63	0.1111111111111111	0.0202
22750	Q85	D32	0.06	0.2519
22751	Q85	D07	0.08450704225352113	0.2282
22752	Q85	D02	0.0821917808219178	0.2332
22753	Q85	D00	0.08450704225352113	0.2282
22754	Q85	D01	0.0821917808219178	0.2364
22755	Q85	C14	0.061224489795918366	0.1063
22756	Q85	D27	0.030303030303030304	0.2454
22757	Q85	N64	0.037037037037037035	0.1811
22758	Q85	K83	0.06097560975609756	0.2373
22759	Q85	D21	0.08333333333333333	0.0012
22760	Q85	C72	0.037037037037037035	0.1167
22761	Q85	D44	0.030303030303030304	0.2528
22762	Q85	C97	0.06451612903225806	0.0087
22763	Q85	D11	0.037037037037037035	0.0518
22764	Q85	D10	0.037037037037037035	0.1682
22765	Q85	C78	0.058823529411764705	0.0934
22766	C14	D07	0.125	0.01
22767	C14	D02	0.12162162162162163	0.0114
22768	C14	D00	0.125	0.01
22769	C14	D01	0.12162162162162163	0.0114
22770	C14	N64	0.05263157894736842	0.1458
22771	C14	K83	0.10975609756097561	0.0177
22772	C14	D22	0.05714285714285714	0.0413
22773	C14	D27	0.11764705882352941	0.004
22774	C14	T88	0.03333333333333333	0.062
22775	C14	D44	0.058823529411764705	0.0685
22776	C14	C97	0.027777777777777776	0.1324
22777	C14	C78	0.08108108108108109	0.0378
22778	C78	D32	0.07894736842105263	0.1626
22779	C78	D07	0.08333333333333333	0.0345
22780	C78	D02	0.08064516129032258	0.0385
22781	C78	D00	0.08333333333333333	0.0345
22782	C78	D01	0.08064516129032258	0.0385
22783	C78	D27	0.2222222222222222	0.0
22784	C78	Q86	0.08695652173913043	0.0
22785	C78	K83	0.08695652173913043	0.0297
22786	C78	Q45	0.022222222222222223	0.2777
22787	C78	E27	0.03125	0.2849
22788	C78	Q42	0.038461538461538464	0.0333
22789	C78	D10	0.06666666666666667	0.039
22790	C78	D33	0.06666666666666667	0.0679
22791	C78	Q77	0.03225806451612903	0.0886
22792	C78	Q28	0.043478260869565216	0.0288
22793	C78	M61	0.047619047619047616	0.1445
22794	C78	E15	0.05	0.0586
22795	C78	Q26	0.045454545454545456	0.1998
22796	C78	C97	0.05	0.0256
22797	P24	Q45	0.018867924528301886	0.2499
22798	A65	A52	1.0	0.0002
22799	A65	A23	1.0	0.0002
22800	A65	A75	1.0	0.0002
22801	A65	A54	1.0	0.0002
22802	A65	A51	1.0	0.0002
22803	A65	A50	1.0	0.0002
22804	A65	A53	1.0	0.0002
22805	A52	A23	1.0	0.0002
22806	A52	A75	1.0	0.0002
22807	A52	A54	1.0	0.0002
22808	A52	A51	1.0	0.0002
22809	A52	A50	1.0	0.0002
22810	A52	A53	1.0	0.0002
22811	A23	A75	1.0	0.0002
22812	A23	A54	1.0	0.0002
22813	A23	A51	1.0	0.0002
22814	A23	A50	1.0	0.0002
22815	A23	A53	1.0	0.0002
22816	A75	A54	1.0	0.0002
22817	A75	A51	1.0	0.0002
22818	A75	A50	1.0	0.0002
22819	A75	A53	1.0	0.0002
22820	A54	A51	1.0	0.0002
22821	A54	A50	1.0	0.0002
22822	A54	A53	1.0	0.0002
22823	A51	A50	1.0	0.0002
22824	A51	A53	1.0	0.0002
22825	A50	A53	1.0	0.0002
22826	J63	H90	0.02702702702702703	0.253
22827	J63	P83	0.034482758620689655	0.2822
22828	A55	Q28	0.06666666666666667	0.0041
22829	A55	Q31	0.08333333333333333	0.001
22830	A55	E27	0.041666666666666664	0.1497
22831	A55	N13	0.021739130434782608	0.089
22832	A55	J96	0.06666666666666667	0.0916
22833	A55	A58	1.0	0.0
22834	N96	F95	0.125	0.0111
22835	N96	M50	0.05263157894736842	0.154
22836	N96	N94	0.14285714285714285	0.0057
22837	N96	D19	0.08333333333333333	0.0509
22838	N96	F28	0.16666666666666666	0.0024
22839	N96	L11	0.14285714285714285	0.0057
22840	N96	A18	0.16666666666666666	0.0316
22841	N96	N73	0.16666666666666666	0.0316
22842	N96	O44	0.2	0.001
22843	Q31	A58	0.08333333333333333	0.001
22844	Q31	F80	0.018518518518518517	0.2316
22845	Q31	Q03	0.09375	0.0004
22846	Q31	F83	0.01904761904761905	0.222
22847	Q31	J96	0.05714285714285714	0.0097
22848	Q31	E13	0.07692307692307693	0.0197
22849	J96	A58	0.06666666666666667	0.0916
22850	J96	O41	0.05555555555555555	0.1491
22851	J96	G57	0.16666666666666666	0.0084
22852	J96	P29	0.05405405405405406	0.1589
22853	J96	T88	0.03333333333333333	0.062
22854	A58	Q28	0.06666666666666667	0.0041
22855	A58	N13	0.021739130434782608	0.089
22856	B37	J31	0.05263157894736842	0.181
22857	B37	B42	0.058823529411764705	0.204
22858	B37	P37	0.08333333333333333	0.0983
22859	H16	H55	0.04	0.0643
22860	H16	G51	0.056818181818181816	0.2482
22861	H16	E27	0.05555555555555555	0.079
22862	H16	Q12	0.05	0.0097
22863	H16	G52	0.05747126436781609	0.2474
22864	H16	F48	0.034482758620689655	0.0856
22865	H16	Q07	0.03571428571428571	0.1993
22866	Q07	Q10	0.20512820512820512	0.0001
22867	Q07	M61	0.047619047619047616	0.1445
22868	F43	N64	0.029411764705882353	0.1585
22869	E27	E26	0.23684210526315788	0.0
22870	E27	E25	0.13043478260869565	0.0002
22871	E27	E24	0.14285714285714285	0.0436
22872	E27	M22	0.03571428571428571	0.1542
22873	E27	M61	0.03333333333333333	0.2596
22874	E27	D10	0.041666666666666664	0.1341
22875	I75	A78	0.09090909090909091	0.0455
22876	I75	E78	0.061224489795918366	0.0161
22877	I75	O41	0.03571428571428571	0.2961
22878	P72	E07	0.04878048780487805	0.1912
22879	P72	E78	0.02857142857142857	0.1498
22880	P72	E04	0.08333333333333333	0.0008
22881	N48	Q28	0.0625	0.099
22882	A91	B38	0.05555555555555555	0.2184
22883	A91	B44	0.045454545454545456	0.2919
22884	A91	B42	0.1	0.056
22885	T88	Q68	0.034482758620689655	0.0562
22886	T88	Q10	0.02702702702702703	0.1058
22887	H53	H31	0.05319148936170213	0.0947
22888	H53	H35	0.08490566037735849	0.1618
22889	H53	H54	0.6666666666666666	-0.0
22890	H54	H31	0.07291666666666667	0.0418
22891	H54	H55	0.02857142857142857	0.1424
22892	H54	H35	0.08333333333333333	0.1674
22893	L68	P70	0.05263157894736842	0.0213
22894	L68	K06	0.05263157894736842	0.0035
22895	L68	E15	0.058823529411764705	0.035
22896	E53	D50	0.03636363636363636	0.1383
22897	E53	D53	0.05	0.0569
22898	D71	D52	0.041666666666666664	0.0036
22899	D71	D58	0.03571428571428571	0.0082
22900	D71	D53	0.034482758620689655	0.0097
22901	D71	D55	0.047619047619047616	0.0015
22902	F70	I47	0.025	0.0497
22903	F70	Q10	0.02631578947368421	0.0422
22904	F70	H49	0.018867924528301886	0.1953
22905	F70	P91	0.1111111111111111	0.0
22906	E26	D01	0.02531645569620253	0.1547
22907	E26	B82	0.034482758620689655	0.078
22908	E26	A18	0.034482758620689655	0.078
22909	E26	N73	0.034482758620689655	0.078
22910	E26	Q45	0.019230769230769232	0.2431
22911	E26	E24	0.12121212121212122	0.0735
22912	E26	M22	0.030303030303030304	0.205
22913	E26	D10	0.034482758620689655	0.1905
22914	E26	N63	0.038461538461538464	0.2877
22915	D56	D57	0.057692307692307696	0.0065
22916	D56	D50	0.043478260869565216	0.0231
22917	D56	D75	0.07692307692307693	0.0058
22918	D56	D58	0.04	0.2789
22919	D56	D55	0.05555555555555555	0.0682
22920	D56	D3A	0.03225806451612903	0.1434
22921	D56	D55-D59	0.07407407407407407	0.1794
22922	D27	D32	0.08333333333333333	0.0204
22923	D27	D07	0.03278688524590164	0.2186
22924	D27	D02	0.031746031746031744	0.2294
22925	D27	D00	0.03278688524590164	0.2186
22926	D27	D01	0.031746031746031744	0.2294
22927	D27	D34	0.038461538461538464	0.1677
22928	D27	D24	0.038461538461538464	0.1677
22929	D27	N64	0.07692307692307693	0.0276
22930	D27	K83	0.028169014084507043	0.271
22931	D27	D33	0.07692307692307693	0.0276
22932	D27	Q86	0.045454545454545456	0.0016
22933	D27	Q42	0.041666666666666664	0.025
22934	D27	N13	0.0392156862745098	0.0118
22935	D27	K31	0.09090909090909091	0.0001
22936	D27	C97	0.11764705882352941	0.0001
22937	D27	D10	0.07692307692307693	0.0234
22938	D75	D57	0.02702702702702703	0.1674
22939	D75	D50	0.024793388429752067	0.1943
22940	D75	D74	0.02702702702702703	0.1674
22941	D75	H55	0.041666666666666664	0.0572
22942	D75	D55	0.045454545454545456	0.1119
22943	K83	D07	0.4146341463414634	0.0006
22944	K83	D02	0.40476190476190477	0.0007
22945	K83	D00	0.4146341463414634	0.0006
22946	K83	D01	0.40476190476190477	0.0008
22947	K83	N64	0.06741573033707865	0.2037
22948	K83	D22	0.02857142857142857	0.2078
22949	K83	E78	0.02127659574468085	0.2444
22950	K83	M94	0.02666666666666667	0.2148
22951	K83	M22	0.028985507246376812	0.2197
22952	K83	E15	0.02857142857142857	0.2007
22953	K83	D44	0.028846153846153848	0.2701
22954	N64	D07	0.0759493670886076	0.2651
22955	N64	D02	0.07407407407407407	0.2694
22956	N64	D00	0.0759493670886076	0.2651
22957	N64	D01	0.07407407407407407	0.2727
22958	N64	D57	0.056910569105691054	0.1415
22959	N64	D50	0.05263157894736842	0.164
22960	N64	D74	0.056910569105691054	0.1415
22961	N64	D61	0.09722222222222222	0.0349
22962	N64	D52	0.05	0.1796
22963	N64	L03	0.029411764705882353	0.0001
22964	N64	K31	0.030303030303030304	0.06
22965	N64	D53	0.044444444444444446	0.1308
22966	N64	M22	0.02564102564102564	0.2619
22967	N64	D44	0.02702702702702703	0.2935
22968	N64	C97	0.05128205128205128	0.0233
22969	M94	G51	0.022727272727272728	0.2699
22970	M94	G52	0.022988505747126436	0.2659
22971	M94	Q78	0.023668639053254437	0.2556
22972	M94	D07	0.03076923076923077	0.1693
22973	M94	D02	0.029850746268656716	0.1786
22974	M94	D00	0.03076923076923077	0.1693
22975	M94	D01	0.045454545454545456	0.072
22976	M94	B82	0.058823529411764705	0.0329
22977	M94	A18	0.058823529411764705	0.0329
22978	M94	N73	0.058823529411764705	0.0329
22979	M94	D34	0.03333333333333333	0.1459
22980	M94	D24	0.03333333333333333	0.1459
22981	M94	E76	0.04878048780487805	0.0593
22982	M94	M91	0.07142857142857142	0.0157
22983	M94	M22	0.5714285714285714	0.0
22984	M22	D32	0.027777777777777776	0.2341
22985	M22	D07	0.03389830508474576	0.1697
22986	M22	D02	0.03278688524590164	0.1799
22987	M22	D00	0.03389830508474576	0.1697
22988	M22	D01	0.05	0.0725
22989	M22	B82	0.09090909090909091	0.0082
22990	M22	A18	0.09090909090909091	0.0082
22991	M22	N73	0.09090909090909091	0.0082
22992	M22	D34	0.041666666666666664	0.1126
22993	M22	D24	0.041666666666666664	0.1126
22994	M22	Q18	0.03225806451612903	0.185
22995	M22	Q77	0.037037037037037035	0.1438
22996	M22	E76	0.027777777777777776	0.2341
22997	M22	M91	0.125	0.0013
22998	D07	D32	0.10810810810810811	0.0828
22999	D07	D34	0.09375	0.1656
23000	D07	D22	0.05084745762711865	0.0592
23001	D07	D24	0.09375	0.1656
23002	D07	E07	0.06896551724137931	0.0307
23003	D07	D21	0.018518518518518517	0.2428
23004	D07	L56	0.06060606060606061	0.1841
23005	D07	D02	0.9636363636363636	0.0
23006	D07	D00	1.0	0.0
23007	D07	D01	0.9636363636363636	0.0
23008	D07	D44	0.031914893617021274	0.2349
23009	D07	C97	0.03333333333333333	0.088
23010	D07	D36	0.09375	0.1656
23011	D07	D29	0.09375	0.1656
23012	D07	D14	0.09375	0.1656
23013	D02	D32	0.10526315789473684	0.0884
23014	D02	D34	0.09090909090909091	0.1749
23015	D02	D22	0.04918032786885246	0.0651
23016	D02	D24	0.09090909090909091	0.1749
23017	D02	E07	0.06741573033707865	0.0333
23018	D02	D21	0.017857142857142856	0.2556
23019	D02	L56	0.0594059405940594	0.1904
23020	D02	D00	0.9636363636363636	0.0
23021	D02	D01	0.9298245614035088	0.0
23022	D02	D44	0.03125	0.2421
23023	D02	C97	0.03225806451612903	0.0952
23024	D02	D36	0.09090909090909091	0.1749
23025	D02	D29	0.09090909090909091	0.1749
23026	D02	D14	0.09090909090909091	0.1749
23027	D00	D32	0.10810810810810811	0.0828
23028	D00	D34	0.09375	0.1656
23029	D00	D22	0.05084745762711865	0.0592
23030	D00	D24	0.09375	0.1656
23031	D00	E07	0.06896551724137931	0.0307
23032	D00	D21	0.018518518518518517	0.2428
23033	D00	L56	0.06060606060606061	0.1841
23034	D00	D01	0.9636363636363636	0.0
23035	D00	D44	0.031914893617021274	0.2349
23036	D00	C97	0.03333333333333333	0.088
23037	D00	D36	0.09375	0.1656
23038	D00	D29	0.09375	0.1656
23039	D00	D14	0.09375	0.1656
23040	D01	D32	0.12	0.0628
23041	D01	D34	0.1076923076923077	0.1265
23042	D01	D22	0.04918032786885246	0.0651
23043	D01	D24	0.1076923076923077	0.1265
23044	D01	E07	0.06741573033707865	0.0333
23045	D01	D21	0.017857142857142856	0.2556
23046	D01	L56	0.0594059405940594	0.1904
23047	D01	D44	0.03125	0.2421
23048	D01	C97	0.03225806451612903	0.0952
23049	D01	D36	0.1076923076923077	0.1265
23050	D01	D29	0.1076923076923077	0.1265
23051	D01	D14	0.1076923076923077	0.1265
23052	C97	F40	0.07142857142857142	0.0051
23053	C97	Q42	0.043478260869565216	0.0416
23054	C97	D33	0.08333333333333333	0.0021
23055	T75	B01	0.03	0.1788
23056	T75	M47	0.03508771929824561	0.1213
23057	P70	Q45	0.02247191011235955	0.1993
23058	P70	F48	0.043478260869565216	0.0424
23059	P70	E15	0.17647058823529413	0.0
23060	Q10	I47	0.02857142857142857	0.2421
23061	Q10	P56	0.04424778761061947	0.1046
23062	Q10	H47	0.041666666666666664	0.1789
23063	E07	D28	0.025	0.2864
23064	E07	N72	0.024390243902439025	0.107
23065	E07	E78	0.028169014084507043	0.1539
23066	E07	E04	0.06382978723404255	0.0046
23067	E07	E01	0.07936507936507936	0.2071
23068	F32	F95	0.08333333333333333	0.0068
23069	F32	M50	0.043478260869565216	0.0777
23070	F32	F40	0.08333333333333333	0.0068
23071	F32	F28	0.1	0.0024
23072	F32	L11	0.09090909090909091	0.0042
23073	M50	F95	0.21052631578947367	0.0008
23074	M50	B47	0.037037037037037035	0.1992
23075	M50	F40	0.045454545454545456	0.1362
23076	M50	A18	0.10526315789473684	0.1143
23077	M50	M85	0.5	0.0
23078	M50	N73	0.10526315789473684	0.1143
23079	M50	G57	0.043478260869565216	0.2915
23080	M50	N94	0.047619047619047616	0.2597
23081	M50	M93	0.09523809523809523	0.0093
23082	M50	Q72	0.0449438202247191	0.2059
23083	M50	F28	0.23529411764705882	0.0421
23084	M50	L11	0.2222222222222222	0.0519
23085	M50	M51	0.15789473684210525	0.0001
23086	F40	F95	0.09090909090909091	0.0179
23087	F40	F45	0.1111111111111111	0.0289
23088	F40	Q42	0.05	0.0118
23089	F40	N94	0.1	0.0577
23090	F40	D19	0.06666666666666667	0.2226
23091	F40	F28	0.1111111111111111	0.2273
23092	F40	L11	0.1	0.2673
23093	M51	F95	0.1	0.0031
23094	M51	F28	0.08163265306122448	0.0092
23095	M51	L11	0.10204081632653061	0.0028
23096	M51	Q77	0.029850746268656716	0.1065
23097	M51	M85	0.09230769230769231	0.0128
23098	M61	E04	0.05263157894736842	0.1175
23099	K43	H49	0.0273972602739726	0.0921
23100	K43	L99	0.04	0.0261
23101	Q03	D22	0.029411764705882353	0.1982
23102	Q03	Q15	0.03225806451612903	0.0737
23103	Q03	E13	0.03333333333333333	0.2367
23104	O41	P29	0.10526315789473684	0.0245
23105	P29	E50	0.04	0.2596
23106	D28	E78	0.030303030303030304	0.1333
23107	E50	D51	0.013245033112582781	0.1112
23108	I42	H49	0.019801980198019802	0.1799
23109	I42	I47	0.1488095238095238	0.0011
23110	I42	Q22	0.10112359550561797	0.014
23111	I42	G73	0.10576923076923077	0.0077
23112	I42	I45	0.2	0.0006
23113	I42	Q24	0.16666666666666666	0.0012
23114	I42	P56	0.05286343612334802	0.0672
23115	I42	I43	0.7735849056603774	0.0
23116	I47	L03	0.02564102564102564	0.0002
23117	I47	Q22	0.08024691358024691	0.034
23118	I47	G73	0.0673076923076923	0.0458
23119	I47	I45	0.24509803921568626	0.0001
23120	I47	Q24	0.06147540983606557	0.0862
23121	I47	P56	0.05263157894736842	0.068
23122	I47	I43	0.16428571428571428	0.0208
23123	Q24	Q22	0.30434782608695654	0.0
23124	Q24	I45	0.09859154929577464	0.0194
23125	Q24	I43	0.16387959866220736	0.0014
23126	Q24	G73	0.2489451476793249	0.0
23127	Q24	N13	0.011450381679389313	0.283
23128	Q24	P56	0.12546125461254612	0.0016
23129	E87	G73	0.02040816326530612	0.125
23130	E87	G70	0.016304347826086956	0.1909
23131	E87	E74	0.03333333333333333	0.0611
23132	H49	I43	0.017341040462427744	0.2232
23133	H55	G51	0.04938271604938271	0.0333
23134	H55	G52	0.05	0.0319
23135	H55	E70	0.038461538461538464	0.0716
23136	H55	F48	0.047619047619047616	0.0377
23137	H55	H31	0.024096385542168676	0.194
23138	H55	Q12	0.08333333333333333	0.0003
23139	H55	H21	0.1111111111111111	0.1783
23140	G51	B47	0.036036036036036036	0.2082
23141	G51	G24	0.032520325203252036	0.1744
23142	G51	Q79	0.05263157894736842	0.0445
23143	G51	Q18	0.02040816326530612	0.1749
23144	G51	M85	0.031578947368421054	0.2303
23145	G51	G52	0.9868421052631579	0.0
23146	Q12	F48	0.0625	0.0029
23147	Q12	H21	0.25	0.0102
23148	G52	B47	0.03636363636363636	0.2052
23149	G52	G24	0.03278688524590164	0.1719
23150	G52	Q79	0.05319148936170213	0.043
23151	G52	M85	0.031914893617021274	0.2267
23152	F48	F95	0.05555555555555555	0.0183
23153	F48	L11	0.058823529411764705	0.0144
23154	F48	L91	0.07692307692307693	0.0037
23155	F48	F34	0.07692307692307693	0.0037
23156	E21	D10	0.1111111111111111	0.1034
23157	L67	Q84	0.2702702702702703	0.0
23158	L67	P61	0.04	0.0362
23159	N94	F95	0.1	0.0577
23160	N94	F45	0.125	0.028
23161	N94	L90	0.14285714285714285	0.0196
23162	N94	N30	0.08333333333333333	0.2759
23163	N94	F24	0.14285714285714285	0.0037
23164	N94	Q51	0.025	0.2336
23165	N94	N90	0.14285714285714285	0.0196
23166	N94	F28	0.125	0.1885
23167	N94	L11	0.1111111111111111	0.2305
23168	G57	F95	0.08333333333333333	0.0933
23169	G57	F28	0.1	0.0578
23170	G57	L11	0.09090909090909091	0.0751
23171	G57	B82	0.1	0.2499
23172	G57	A18	0.1	0.1275
23173	G57	N73	0.1	0.1275
23174	E78	E25	0.02702702702702703	0.1662
23175	E78	G60	0.030612244897959183	0.1306
23176	E78	O14	0.02702702702702703	0.1662
23177	A30	B92	0.9821428571428571	-0.0
23178	D53	D57	0.02727272727272727	0.2889
23179	D53	D74	0.02727272727272727	0.2889
23180	D53	D52	0.6666666666666666	-0.0
23181	D53	D76	0.045454545454545456	0.1833
23182	D19	F95	0.06666666666666667	0.2226
23183	D19	A18	0.07692307692307693	0.2057
23184	D19	N73	0.07692307692307693	0.2057
23185	D19	D3A	0.1111111111111111	0.001
23186	P61	Q84	0.03125	0.0346
23187	P61	D69	0.16666666666666666	0.0096
23188	M85	H90	0.028368794326241134	0.2677
23189	M85	Q78	0.046242774566473986	0.1156
23190	M85	B47	0.05172413793103448	0.0892
23191	M85	M88	0.028169014084507043	0.2702
23192	M85	K00	0.0392156862745098	0.1609
23193	M85	M93	0.0851063829787234	0.0156
23194	M85	Q72	0.06521739130434782	0.1001
23195	Q60	K06	0.0625	0.0011
23196	Q60	Q62	0.047619047619047616	0.2559
23197	K06	D32	0.05263157894736842	0.0035
23198	K06	D34	0.037037037037037035	0.0193
23199	K06	D24	0.037037037037037035	0.0193
23200	K06	Q86	0.043478260869565216	0.0095
23201	K06	D36	0.037037037037037035	0.0193
23202	K06	D29	0.037037037037037035	0.0193
23203	K06	D14	0.037037037037037035	0.0193
23204	P91	E77	0.08333333333333333	0.0
23205	D58	D57	0.14285714285714285	0.0095
23206	D58	D50	0.12962962962962962	0.0147
23207	D58	D74	0.14285714285714285	0.0095
23208	D58	D64	0.1346153846153846	0.1314
23209	D58	E89	0.14893617021276595	0.1247
23210	D58	D55-D59	0.30434782608695654	0.0007
23211	D58	R77	0.14432989690721648	0.1303
23212	D58	P74	0.14893617021276595	0.1247
23213	D58	D55	0.4	0.0
23214	D55	B44	0.041666666666666664	0.1346
23215	D55	D57	0.06060606060606061	0.0531
23216	D55	D50	0.05504587155963303	0.0699
23217	D55	D74	0.06060606060606061	0.0531
23218	D55	D64	0.05714285714285714	0.063
23219	D55	D55-D59	0.1276595744680851	0.0509
23220	D55-D59	D57	0.39805825242718446	0.0001
23221	D55-D59	D50	0.36283185840707965	0.0002
23222	D55-D59	D74	0.39805825242718446	0.0001
23223	D55-D59	D64	0.3761467889908257	0.0001
23224	D55-D59	E89	0.41414141414141414	0.0
23225	D55-D59	R77	0.4019607843137255	0.0032
23226	D55-D59	P74	0.41414141414141414	0.0028
23227	B38	B44	0.3333333333333333	0.0027
23228	B38	B42	0.42857142857142855	0.0019
23229	B38	L90	0.0625	0.183
23230	B38	N90	0.0625	0.183
23231	B44	B42	0.3333333333333333	0.0097
23232	B44	E56	0.05555555555555555	0.1367
23233	P56	Q22	0.08333333333333333	0.0139
23234	P56	I45	0.03592814371257485	0.1602
23235	P56	I43	0.06091370558375635	0.0444
23236	P56	G73	0.18045112781954886	0.0001
23237	P56	Q20	0.021739130434782608	0.1449
23238	P56	Q26	0.044444444444444446	0.2074
23239	D57	D50	0.8392857142857143	0.0
23240	D57	D74	0.9215686274509803	0.0
23241	D57	D61	0.47959183673469385	0.0
23242	D57	D64	0.8703703703703703	0.0
23243	D57	D51	0.0456989247311828	0.141
23244	D57	E89	0.9591836734693877	0.0
23245	D57	R77	0.9306930693069307	0.0
23246	D57	P74	0.9591836734693877	0.0
23247	D50	D74	0.8392857142857143	0.0
23248	D50	D61	0.4351851851851852	0.0
23249	D50	D64	0.7966101694915254	0.0
23250	D50	D51	0.052770448548812667	0.1038
23251	D50	E89	0.8703703703703703	0.0
23252	D50	R77	0.8468468468468469	0.0
23253	D50	P74	0.8703703703703703	0.0
23254	D74	D61	0.47959183673469385	0.0
23255	D74	D64	0.8703703703703703	0.0
23256	D74	D51	0.0456989247311828	0.141
23257	D74	E89	0.9591836734693877	0.0
23258	D74	R77	0.9306930693069307	0.0
23259	D74	P74	0.9591836734693877	0.0
23260	D61	L03	0.02040816326530612	0.0014
23261	D61	D64	0.4519230769230769	0.001
23262	D61	E89	0.5	0.0008
23263	D61	R77	0.4845360824742268	0.0009
23264	D61	P74	0.5	0.0008
23265	D64	D51	0.04497354497354497	0.1454
23266	D64	E89	0.9038461538461539	0.0
23267	D64	R77	0.8785046728971962	0.0
23268	D64	P74	0.9038461538461539	0.0
23269	E89	R77	0.9690721649484536	0.0
23270	E89	P74	1.0	0.0
23271	R77	P74	0.9690721649484536	0.0
23272	Q15	H59	0.027972027972027972	0.105
23273	Q15	H42	0.027972027972027972	0.105
23274	Q15	I82	0.125	0.0
23275	Q15	Q13	0.11764705882352941	0.1002
23276	Q15	I87	0.16666666666666666	0.1074
23277	J70	D44	0.0273972602739726	0.2886
23278	J70	J68	1.0	0.0
23279	J68	D44	0.0273972602739726	0.2886
23280	E04	E01	0.08571428571428572	0.1803
23281	Q84	G73	0.020202020202020204	0.2256
23282	Q84	L85	0.03076923076923077	0.1018
23283	Q84	L56	0.025974025974025976	0.1463
23284	D34	D32	0.5862068965517241	0.0
23285	D34	D44	0.12962962962962962	0.0828
23286	D34	D22	0.04	0.1094
23287	D34	D24	1.0	0.0
23288	D34	E34	0.05555555555555555	0.141
23289	D34	Q42	0.03225806451612903	0.058
23290	D34	L56	0.09523809523809523	0.0692
23291	D34	D36	1.0	0.0
23292	D34	D10	0.05	0.0891
23293	D34	D29	1.0	0.0
23294	D34	D14	1.0	0.0
23295	D22	D24	0.04	0.1094
23296	D22	D3A	0.03571428571428571	0.1393
23297	D22	D36	0.04	0.1094
23298	D22	D29	0.04	0.1094
23299	D22	D14	0.04	0.1094
23300	D24	D32	0.5862068965517241	0.0
23301	D24	D44	0.12962962962962962	0.0828
23302	D24	E34	0.05555555555555555	0.141
23303	D24	Q42	0.03225806451612903	0.058
23304	D24	L56	0.09523809523809523	0.0692
23305	D24	D36	1.0	0.0
23306	D24	D10	0.05	0.0891
23307	D24	D29	1.0	0.0
23308	D24	D14	1.0	0.0
23309	D32	D44	0.10606060606060606	0.0868
23310	D32	C72	0.03125	0.1646
23311	D32	L56	0.08	0.1065
23312	D32	D36	0.5862068965517241	0.0
23313	D32	D11	0.03125	0.0831
23314	D32	D10	0.03125	0.2229
23315	D32	D29	0.5862068965517241	0.0
23316	D32	D14	0.5862068965517241	0.0
23317	L56	D36	0.09523809523809523	0.0692
23318	L56	D29	0.09523809523809523	0.0692
23319	L56	D14	0.09523809523809523	0.0692
23320	L56	L85	0.7692307692307693	0.0
23321	D36	D44	0.12962962962962962	0.0828
23322	D36	E34	0.05555555555555555	0.141
23323	D36	D10	0.05	0.0891
23324	D36	D29	1.0	0.0
23325	D36	D14	1.0	0.0
23326	D29	D44	0.12962962962962962	0.0828
23327	D29	E34	0.05555555555555555	0.141
23328	D29	D14	1.0	0.0
23329	D14	D44	0.12962962962962962	0.0828
23330	D14	E34	0.05555555555555555	0.141
23331	D11	C72	0.14285714285714285	0.0
23332	N13	Q64	0.02197802197802198	0.0866
23333	N13	G73	0.017391304347826087	0.1455
23334	N13	Q79	0.03076923076923077	0.0316
23335	D3A	F24	0.045454545454545456	0.0638
23336	D3A	D10	0.043478260869565216	0.1228
23337	D21	D10	0.2	0.0
23338	D10	Q42	0.05555555555555555	0.0678
23339	M72	M88	0.03389830508474576	0.1035
23340	M72	M80	0.04878048780487805	0.0363
23341	M72	M82	0.029850746268656716	0.1369
23342	M72	H50	0.08333333333333333	0.074
23343	B47	Q78	0.1511627906976744	0.0012
23344	B47	M88	0.13924050632911392	0.0003
23345	B47	Q18	0.03278688524590164	0.24
23346	B47	Q77	0.03508771929824561	0.0713
23347	B47	E76	0.030303030303030304	0.1556
23348	B47	Q79	0.03278688524590164	0.1461
23349	B47	Q51	0.041666666666666664	0.0875
23350	B47	M93	0.0625	0.048
23351	B47	Q72	0.17346938775510204	0.0019
23352	B47	M82	0.031578947368421054	0.263
23353	M88	Q78	0.07142857142857142	0.0173
23354	M88	M80	0.06329113924050633	0.1613
23355	M88	G12	0.02912621359223301	0.2651
23356	M88	M93	0.03896103896103896	0.1527
23357	M88	Q72	0.08547008547008547	0.0484
23358	M88	M82	0.047619047619047616	0.1306
23359	Q78	K00	0.03825136612021858	0.272
23360	Q78	Q77	0.03468208092485549	0.0736
23361	Q78	E76	0.08045977011494253	0.0065
23362	Q78	Q51	0.03723404255319149	0.1137
23363	Q78	Q74	0.01775147928994083	0.0432
23364	Q78	Q70	0.011627906976744186	0.2387
23365	Q78	M93	0.05027932960893855	0.0877
23366	Q78	Q72	0.1691542288557214	0.0023
23367	Q78	M82	0.03317535545023697	0.2455
23368	M82	M80	0.15	0.0096
23369	F24	L90	0.2	0.0039
23370	F24	N30	0.1	0.2125
23371	F24	Q51	0.02631578947368421	0.2162
23372	F24	N90	0.2	0.0039
23373	D52	D76	0.058823529411764705	0.1
23374	D52	Q77	0.034482758620689655	0.0747
23375	Q70	H72	0.058823529411764705	0.0006
23376	Q70	Q42	0.034482758620689655	0.0135
23377	Q70	Q51	0.04081632653061224	0.006
23378	Q70	M93	0.047619047619047616	0.0025
23379	Q70	Q72	0.03409090909090909	0.0142
23380	Q70	Q74	0.037037037037037035	0.0011
23381	Q70	Q66	0.038461538461538464	0.2409
23382	N30	L90	0.1	0.065
23383	N30	N90	0.1	0.065
23384	T45	X44	1.0	0.005
23385	T45	T65	1.0	0.005
23386	T45	T46	1.0	0.005
23387	T45	T52	1.0	0.005
23388	T45	T60	1.0	0.005
23389	T45	T50	1.0	0.005
23390	T45	T51	1.0	0.005
23391	T45	T62	1.0	0.005
23392	X44	T65	1.0	0.005
23393	X44	T46	1.0	0.005
23394	X44	T52	1.0	0.005
23395	X44	T60	1.0	0.005
23396	X44	T50	1.0	0.005
23397	X44	T51	1.0	0.005
23398	X44	T62	1.0	0.005
23399	T65	T46	1.0	0.005
23400	T65	T52	1.0	0.005
23401	T65	T60	1.0	0.005
23402	T65	T50	1.0	0.005
23403	T65	T51	1.0	0.005
23404	T65	T62	1.0	0.005
23405	T46	T52	1.0	0.005
23406	T46	T60	1.0	0.005
23407	T46	T50	1.0	0.005
23408	T46	T51	1.0	0.005
23409	T46	T62	1.0	0.005
23410	T52	T60	1.0	0.005
23411	T52	T50	1.0	0.005
23412	T52	T51	1.0	0.005
23413	T52	T62	1.0	0.005
23414	T60	T50	1.0	0.005
23415	T60	T51	1.0	0.005
23416	T60	T62	1.0	0.005
23417	T50	T51	1.0	0.005
23418	T50	T62	1.0	0.005
23419	T51	T62	1.0	0.005
23420	K00	Q79	0.03773584905660377	0.1088
23421	K00	K03	0.8064516129032258	-0.0
23422	K00	M93	0.034482758620689655	0.1899
23423	E70	D04	0.045454545454545456	0.089
23424	E70	E72	0.0967741935483871	0.0281
23425	E70	H31	0.03296703296703297	0.2245
23426	L90	Q51	0.02631578947368421	0.2162
23427	L90	Q64	0.06	0.0684
23428	L90	N90	1.0	0.0
23429	Q51	N90	0.02631578947368421	0.2162
23430	Q51	Q00	0.05	0.0533
23431	Q51	Q74	0.0425531914893617	0.0004
23432	Q51	Q66	0.043478260869565216	0.1981
23433	Q51	M93	0.18181818181818182	0.0001
23434	Q51	Q72	0.13131313131313133	0.0092
23435	N90	Q64	0.06	0.196
23436	F84	F80	0.08695652173913043	0.0452
23437	F84	F83	0.0881057268722467	0.0424
23438	F80	F83	0.9702970297029703	-0.0
23439	Q99	Q20	0.030303030303030304	0.0664
23440	Q42	Q73	0.06666666666666667	0.252
23441	Q42	Q66	0.038461538461538464	0.2409
23442	F95	B82	0.1111111111111111	0.2137
23443	F95	A18	0.25	0.0054
23444	F95	E76	0.029411764705882353	0.1645
23445	F95	N73	0.25	0.0054
23446	F95	F28	0.6666666666666666	0.0001
23447	F95	L11	0.8333333333333334	0.0
23448	A18	F28	0.3333333333333333	0.0009
23449	A18	L11	0.2857142857142857	0.0025
23450	A18	B82	0.3333333333333333	0.0009
23451	A18	N73	1.0	0.0
23452	N73	F28	0.3333333333333333	0.0009
23453	N73	L11	0.2857142857142857	0.0025
23454	N73	B82	0.3333333333333333	0.0009
23455	F28	B82	0.14285714285714285	0.1364
23456	F28	L11	0.8	0.0
23457	L11	B82	0.125	0.1756
23458	Q18	Q68	0.0625	0.0004
23459	Q22	G73	0.13978494623655913	0.0016
23460	Q22	I45	0.12315270935960591	0.0109
23461	Q22	I43	0.11392405063291139	0.0691
23462	G73	I45	0.05806451612903226	0.0702
23463	G73	I43	0.1111111111111111	0.006
23464	G73	Q20	0.024096385542168676	0.117
23465	G73	E74	0.03773584905660377	0.0417
23466	G73	Q26	0.04938271604938271	0.1724
23467	G73	I34	0.0380952380952381	0.1567
23468	I45	Q68	0.017391304347826087	0.1247
23469	I45	I43	0.2342857142857143	0.0038
23470	I43	Q68	0.013245033112582781	0.2063
23471	I43	I34	0.025477707006369428	0.2983
23472	B82	I35	0.2	0.0024
23473	E76	Q72	0.039603960396039604	0.2488
23474	E76	Q77	0.06521739130434782	0.0172
23475	E76	M93	0.03571428571428571	0.1789
23476	E76	R74	0.03125	0.0239
23477	M93	Q72	0.14130434782608695	0.0063
23478	M93	Q66	0.07894736842105263	0.0463
23479	M93	Q00	0.029411764705882353	0.243
23480	M93	M11	0.02857142857142857	0.0149
23481	Q72	Q68	0.03	0.0263
23482	Q72	Q77	0.043478260869565216	0.2169
23483	Q72	Q66	0.047619047619047616	0.1683
23484	E23	Q98	0.4423076923076923	0.0
23485	L66	Q53	0.125	0.0966
23486	H59	H42	1.0	0.0
23487	Q20	Q26	0.1	0.0227
23488	H31	H35	0.15040650406504066	0.0388
23489	G11	G12	0.028985507246376812	0.2668
23490	G11	G82	0.7319587628865979	0.0
23491	G70	G60	0.3236994219653179	0.0001
23492	G70	G12	0.06403940886699508	0.0522
23493	G12	G60	0.0603448275862069	0.0621
23494	H70	H90	0.13617021276595745	0.0409
23495	H72	H73	0.5	0.004
23496	H72	I65	0.5	0.004
23497	E71	E72	0.13829787234042554	0.0056
23498	E72	E46	0.033707865168539325	0.2956
23499	E74	B35	0.02564102564102564	0.1181
23500	E74	E73	0.02564102564102564	0.1383
23501	B35	Q80	0.058823529411764705	0.2454
23502	B43	J36	0.07692307692307693	0.1492
23503	I99	Q13	0.07692307692307693	0.2599
23504	E46	Q00	0.07692307692307693	0.1364
23505	E46	E64	0.625	0.0
23506	E46	E43	0.625	0.0
23507	E46	E45	0.5555555555555556	0.0001
23508	E46	E44	0.5555555555555556	0.0001
23509	Q53	Q62	0.047619047619047616	0.2559
23510	Q74	Q66	0.041666666666666664	0.2127
23511	E25	E29	0.16666666666666666	0.004
23512	E64	E43	1.0	0.0
23513	E64	E45	0.8333333333333334	0.0
23514	E64	E44	0.8333333333333334	0.0
23515	E43	E45	0.8333333333333334	0.0
23516	E43	E44	0.8333333333333334	0.0
23517	H73	I65	1.0	0.0
23518	E45	E44	1.0	0.0
23519	L91	F34	1.0	0.0004
23520	D67	J14	0.4	0.0032
23521	H66	H65	0.8918918918918919	0.0
23522	H66	H67	1.0	0.0
23523	H65	H67	0.8918918918918919	0.0
23524	A35	A34	1.0	0.0
23525	I82	I87	0.3333333333333333	0.003
23526	A84	A86	1.0	0.1355
23527	A84	A83	1.0	0.1355
23528	A84	A92	1.0	0.1355
23529	A84	B96	1.0	0.1355
23530	A86	A83	1.0	0.1355
23531	A86	A92	1.0	0.1355
23532	A86	B96	1.0	0.1355
23533	A83	A92	1.0	0.1355
23534	A83	B96	1.0	0.1355
23535	A92	B96	1.0	0.1355
23536	J93	J94	0.5714285714285714	0.0506
23537	F14	F68	1.0	0.0696
23538	F14	F69	1.0	0.0696
23539	F68	F69	1.0	0.0696
23540	D39	D40	1.0	0.0909
