	Dis A	Dis B	alpha	weight
0	A01	A15	0.2431	13.37998363379705
1	A01	A30	0.3519	8.008502841388246
2	A01	A49	0.3781	5.930163857044716
3	A01	B07	0.3792	3.5684900801119053
4	A01	B41	0.4106	3.5684900801119053
5	A01	B55	0.3546	7.573602529206362
6	A01	B67	0.2949	7.292072010710761
7	A01	C51	0.283	8.369542253073218
8	A01	C53	0.461	5.198601815830814
9	A01	D70	0.4058	6.6389835500139505
10	A01	E10	0.4677	10.246703240646179
11	A01	E16	0.4779	5.273909778411044
12	A01	E31	0.3223	8.369542253073218
13	A01	E84	0.4165	7.303670886139292
14	A01	G36	0.3642	6.473253217862237
15	A01	G61	0.4433	3.024807359805699
16	A01	H15	0.4106	3.5684900801119053
17	A01	H20	0.4106	9.184505954177334
18	A01	H36	0.4806	9.450174506731651
19	A01	H46	0.3305	6.82911568917416
20	A01	I00	0.3346	8.369542253073218
21	A01	I09	0.3814	6.319533697186972
22	A01	J01	0.249	7.925359588737524
23	A01	J32	0.3751	6.0510817323408075
24	A01	J47	0.476	4.99511406471289
25	A01	J62	0.4518	5.819392549032305
26	A01	J67	0.4106	3.5684900801119053
27	A01	K75	0.4198	6.82911568917416
28	A01	L10	0.4753	6.181441289078441
29	A01	L12	0.3576	7.045656389543613
30	A01	L13	0.1673	8.369542253073218
31	A01	L52	0.2038	8.369542253073218
32	A01	L63	0.3672	11.011370873672494
33	A01	M08	0.4101	9.632000915853101
34	A01	M35	0.4094	10.80925616646101
35	A15	A30	0.2135	11.772744250665141
36	A15	A39	0.3891	4.364036814631206
37	A15	A48	0.1827	12.729881656953275
38	A15	A49	0.0402	19.213453976551946
39	A15	A91	0.4607	5.682616030800556
40	A15	B20	0.3222	12.000986559044375
41	A15	B22	0.478	4.6888485910644535
42	A15	B24	0.3225	11.96727791878377
43	A15	B27	0.1569	10.260873813338815
44	A15	B55	0.2982	8.830899597942127
45	A15	B65	0.331	5.682616030800556
46	A15	B67	0.2466	8.343773485646327
47	A15	C16	0.4703	6.9403705268338145
48	A15	C22	0.2793	15.137485004409754
49	A15	C34	0.3071	8.774219814232556
50	A15	C50	0.4965	7.13699728088984
51	A15	C51	0.465	5.10765652262044
52	A15	C53	0.0204	25.607520038158437
53	A15	D06	0.492	4.095178765519776
54	A15	D70	0.3711	7.292072010710761
55	A15	E06	0.3354	7.723277239217885
56	A15	E10	0.0428	42.157058135945675
57	A15	E11	0.4665	10.598004692811537
58	A15	E16	0.4849	5.171865714405656
59	A15	E84	0.0528	24.172636125821647
60	A15	G41	0.2663	9.464804685074203
61	A15	G95	0.2711	7.938287227815844
62	A15	H16	0.442	4.024207222467752
63	A15	H20	0.3596	10.54694186829435
64	A15	H36	0.3976	11.885600085107002
65	A15	H44	0.4821	3.7283987733531556
66	A15	I22	0.312	15.892732625581493
67	A15	I60	0.4842	6.399367043957541
68	A15	J18	0.0869	26.868721525189137
69	A15	J44	0.067	27.69921256558433
70	A15	J45	0.2301	19.898705739684228
71	A15	J60	0.2505	8.343773485646327
72	A15	J61	0.1803	13.805142018633894
73	A15	J62	0.0745	18.77182953026232
74	A15	J63	0.427	5.10765652262044
75	A15	J64	0.429	4.567473491653939
76	A15	J66	0.1803	13.805142018633894
77	A15	J80	0.3361	8.60956281764254
78	A15	K50	0.29	17.86818679767896
79	A15	K51	0.2643	15.963499444349505
80	A15	K52	0.4572	6.774982096453492
81	A15	K70	0.3386	12.37528392262013
82	A15	K75	0.3808	7.589419907911885
83	A15	K76	0.2982	12.712079409216221
84	A15	K82	0.3842	8.659861526330792
85	A15	L13	0.3388	5.10765652262044
86	A15	L23	0.2617	10.082784674377075
87	A15	L30	0.495	4.245215319291539
88	A15	L51	0.274	7.985453446710519
89	A15	L52	0.1411	10.260873813338815
90	A15	L63	0.1873	18.34122613737246
91	A15	L71	0.2336	11.675724980017526
92	A15	L80	0.3274	12.33016023239174
93	A15	M02	0.3529	5.682616030800556
94	A15	M06	0.1831	25.258914190649428
95	A15	M08	0.1641	19.43985008092019
96	A15	M31	0.351	10.139857125451117
97	A15	M32	0.4839	10.798481588226684
98	A15	M33	0.1885	15.04273710243568
99	A15	M35	0.0341	40.51159990025702
100	A15	M81	0.4728	5.717503480017109
101	A15	N08	0.3965	10.202908943549545
102	A15	N80	0.2928	7.550015585960622
103	A30	B55	0.1523	13.675516143649286
104	A30	D86	0.3283	12.888060809033773
105	A30	E10	0.4835	9.801082794204081
106	A30	J30	0.4966	7.839647791516561
107	A30	J45	0.3691	13.523577633296302
108	A30	K50	0.0764	36.85355155150811
109	A30	K51	0.164	21.633461252656804
110	A30	L13	0.3543	4.898951077265634
111	A30	L52	0.397	4.898951077265634
112	A30	L63	0.2771	14.084389100583431
113	A30	M08	0.3697	10.748236229717593
114	A30	M35	0.0567	34.47420628838146
115	A30	N87	0.4671	3.6711192648285413
116	A49	A39	0.2566	6.212623275760736
117	A49	A48	0.073	19.480495336237006
118	A49	B35	0.1967	9.31027050129045
119	A49	B49	0.4674	5.930163857044716
120	A49	B67	0.1459	11.397789465095265
121	A49	C51	0.3497	6.984507581102322
122	A49	D06	0.3543	5.930163857044716
123	A49	D50	0.4216	4.4984341421683895
124	A49	D70	0.2455	10.297250230172622
125	A49	D72	0.4468	3.977708567748964
126	A49	E31	0.3892	6.984507581102322
127	A49	G36	0.4498	5.1308327862476935
128	A49	G47	0.3853	5.321666765391018
129	A49	H36	0.4771	9.544152614708796
130	A49	H46	0.4121	5.481394262927287
131	A49	I00	0.4016	6.984507581102322
132	A49	I09	0.4685	4.983217965909658
133	A49	J62	0.2943	8.931047585168349
134	A49	J69	0.2489	5.930163857044716
135	A49	K75	0.4988	5.481394262927287
136	A49	L12	0.4363	5.69253027092062
137	A49	L51	0.226	9.159069357849656
138	A49	M31	0.3242	10.906765548687279
139	A49	M35	0.3954	11.22635295433096
140	B07	A16	0.2867	4.570760576162481
141	B07	A38	0.4376	4.24799356370861
142	B07	A92	0.4031	4.24799356370861
143	B07	C11	0.4644	3.8369253685283913
144	B07	G04	0.3869	4.017480183592623
145	B41	A71	0.4051	4.24799356370861
146	B41	B50	0.4818	4.017480183592623
147	B41	G61	0.2874	4.570760576162481
148	B41	G98	0.4712	3.5684900801119053
149	B41	H06	0.3965	4.24799356370861
150	B41	H15	0.274	5.138610628372628
151	B41	J67	0.274	5.138610628372628
152	B41	L13	0.4278	4.017480183592623
153	B41	L52	0.4694	4.017480183592623
154	B41	L94	0.3915	4.24799356370861
155	B41	M00	0.48	3.4643304280914515
156	B41	M89	0.4535	3.694164751872965
157	B55	A48	0.3035	8.95697843581601
158	B55	A71	0.1347	9.276742006811782
159	B55	A98	0.3375	7.33581880337734
160	B55	B19	0.4294	5.993922132413249
161	B55	B20	0.3175	12.154036335059667
162	B55	B24	0.3174	12.135759881162652
163	B55	B73	0.3605	3.694164751872965
164	B55	C49	0.3763	5.631370675266267
165	B55	D50	0.3086	6.101311741229057
166	B55	D61	0.3275	5.717503480017109
167	B55	D70	0.3901	6.926303966029323
168	B55	E06	0.4843	5.144086355224627
169	B55	E10	0.1915	22.21726765187671
170	B55	E16	0.4596	5.551485066015
171	B55	E31	0.3094	8.669032444878827
172	B55	G30	0.4931	6.304543790657882
173	B55	G35	0.4218	12.276451322315877
174	B55	G36	0.3484	6.755673408926039
175	B55	G61	0.4289	3.1444198663979854
176	B55	H15	0.3976	3.694164751872965
177	B55	H20	0.2254	15.336938367108663
178	B55	H31	0.1419	8.669032444878827
179	B55	H90	0.4759	6.284267272044502
180	B55	I00	0.3217	8.669032444878827
181	B55	I09	0.3652	6.602225739264963
182	B55	J32	0.3583	6.330944966150619
183	B55	J67	0.3976	3.694164751872965
184	B55	J98	0.2771	6.755673408926039
185	B55	K13	0.4959	5.8054888972526335
186	B55	K37	0.4482	6.926303966029323
187	B55	K50	0.3752	14.168528957009814
188	B55	K51	0.4116	10.675654306214557
189	B55	K52	0.2332	12.555313787145888
190	B55	L10	0.4595	6.461770798270671
191	B55	L12	0.3426	7.33581880337734
192	B55	L20	0.4788	10.102518276589644
193	B55	L23	0.2049	11.896839801001798
194	B55	L30	0.442	4.92286280786883
195	B55	L63	0.3426	11.76692059549371
196	B55	L80	0.3894	10.426608682626377
197	B55	M00	0.2014	7.33581880337734
198	B55	M06	0.3897	14.066752523432832
199	B55	M08	0.227	15.97533702947077
200	B55	M31	0.3775	9.440057253594041
201	B55	M35	0.2477	16.85455044718147
202	B55	M80	0.4759	5.405300183806363
203	B55	M81	0.4131	6.741479233975062
204	B55	N03	0.3302	6.926303966029323
205	B55	N08	0.4963	7.734438011760178
206	B55	N17	0.4919	8.391929816269203
207	B55	N80	0.4213	5.335556945820917
208	B67	C51	0.283	8.369542253073218
209	B67	D50	0.326	5.819392549032305
210	B67	D64	0.4601	6.351677025492255
211	B67	D70	0.4058	6.6389835500139505
212	B67	E10	0.4677	10.246703240646179
213	B67	E31	0.3223	8.369542253073218
214	B67	G36	0.3642	6.473253217862237
215	B67	G47	0.2611	7.4617595165953245
216	B67	H20	0.4106	9.184505954177334
217	B67	H46	0.3305	6.82911568917416
218	B67	I00	0.3346	8.369542253073218
219	B67	I09	0.3814	6.319533697186972
220	B67	J62	0.4518	5.819392549032305
221	B67	K73	0.298	8.666018567248779
222	B67	K75	0.4198	6.82911568917416
223	B67	L10	0.4753	6.181441289078441
224	B67	L12	0.3576	7.045656389543613
225	B67	L51	0.2884	7.673991404553723
226	B67	N03	0.3459	6.6389835500139505
227	C51	D70	0.3506	7.706054217733454
228	C51	E06	0.4347	5.9049673781844865
229	C51	E31	0.2772	9.473852010391754
230	C51	G36	0.3079	7.538492718549537
231	C51	G47	0.4426	4.553600697064058
232	C51	H20	0.3404	11.1123804352744
233	C51	H46	0.2769	7.904074546295228
234	C51	I00	0.2892	9.473852010391754
235	C51	I09	0.3236	7.3844196788034075
236	C51	I73	0.3661	9.565460352939509
237	C51	K75	0.3658	7.904074546295228
238	C51	L10	0.4181	7.24146483163948
239	C51	L12	0.3054	8.116746160263956
240	C51	L51	0.2114	9.565460352939509
241	C51	L63	0.2734	14.231127566975118
242	C51	L71	0.4733	6.033722152913639
243	C51	M08	0.3423	11.57452887285321
244	C51	M31	0.3251	10.879662369901967
245	C53	B22	0.3997	5.816328488174053
246	C53	B27	0.33	6.244378161517661
247	C53	C04	0.4288	5.198601815830814
248	C53	C11	0.3104	5.816328488174053
249	C53	C34	0.291	9.168914089644447
250	C53	C45	0.4804	5.616670095993437
251	C53	C50	0.2476	14.17328751258007
252	C53	C67	0.2541	16.888079414506798
253	C53	D06	0.4041	5.198601815830814
254	C53	E10	0.4205	11.676394785063241
255	C53	E16	0.3804	6.890276589330498
256	C53	E84	0.429	7.058174665946991
257	C53	F01	0.4799	4.017480183592623
258	C53	G95	0.444	4.965694671204193
259	C53	H20	0.3956	9.566375081308191
260	C53	H25	0.1786	9.766893258514672
261	C53	J15	0.4106	4.576685341043854
262	C53	J18	0.3462	11.72783061528634
263	C53	J43	0.499	5.91688426735471
264	C53	J45	0.4946	9.565460352939509
265	C53	J60	0.4245	5.198601815830814
266	C53	J61	0.2238	12.097489914125536
267	C53	J62	0.3466	7.746703856077258
268	C53	J63	0.3527	6.244378161517661
269	C53	J64	0.3009	6.263896669832633
270	C53	J66	0.2238	12.097489914125536
271	C53	K13	0.2427	11.666124164806014
272	C53	L51	0.4889	4.436610588128947
273	C53	L52	0.3069	6.244378161517661
274	C53	L71	0.4491	6.454149207387691
275	C53	L94	0.2173	6.824651830629089
276	C53	M02	0.0717	13.401159579132223
277	C53	M08	0.3895	10.186827237761346
278	C53	M33	0.2028	14.390019667040036
279	C53	N87	0.3535	4.965694671204193
280	D70	A16	0.2826	9.276742006811782
281	D70	A98	0.3883	6.399367043957541
282	D70	B73	0.4052	3.2831323475114367
283	D70	C03	0.4184	3.2831323475114367
284	D70	D50	0.3688	5.186459767419128
285	D70	D61	0.3924	4.811199008711308
286	D70	D86	0.4667	8.841548343595832
287	D70	E06	0.2979	8.553358451108775
288	D70	E31	0.1371	14.592746098106755
289	D70	G36	0.1722	11.200455548668593
290	D70	G47	0.3156	6.421057352070864
291	D70	G70	0.3512	8.262338409926555
292	D70	H20	0.2856	12.91244235299856
293	D70	H46	0.3671	6.1891873355072295
294	D70	I00	0.1465	14.592746098106755
295	D70	I09	0.1856	10.949706545870933
296	D70	J18	0.4552	8.708337092139752
297	D70	J32	0.18	10.499431874862038
298	D70	J98	0.3318	5.835434844719136
299	D70	K75	0.0957	18.226712939324745
300	D70	K90	0.4235	10.879309080403875
301	D70	L10	0.2741	10.718117792326632
302	D70	L12	0.1673	12.171914682296853
303	D70	L51	0.1719	10.816540255246652
304	D70	L71	0.3369	8.757001386444841
305	D70	M08	0.2846	13.553534301534098
306	D70	M31	0.1578	17.803411811493838
307	D70	M35	0.3286	13.456892542799194
308	D70	N02	0.3114	8.674587687517333
309	D70	N03	0.3835	6.001265273153124
310	D70	N87	0.2579	6.399367043957541
311	E10	E06	0.4579	10.531804474520827
312	E10	A39	0.234	6.616853817647734
313	E10	A48	0.1031	16.948422673275612
314	E10	A71	0.4023	4.280697239375694
315	E10	A92	0.4002	4.280697239375694
316	E10	B19	0.2451	9.90290088443572
317	E10	B20	0.1563	19.481597493060107
318	E10	B22	0.3205	7.203944872613897
319	E10	B24	0.1566	19.422306644408927
320	E10	B35	0.4796	4.259959950112236
321	E10	B50	0.2286	7.982697673717926
322	E10	C16	0.3645	9.272281996469081
323	E10	C22	0.0914	28.25438387932183
324	E10	C50	0.4388	8.392292491816914
325	E10	D59	0.4263	5.342934167688595
326	E10	D64	0.0812	20.322117698738637
327	E10	D84	0.4863	3.917558513539309
328	E10	E11	0.0257	50.0
329	E10	E14	0.032	50.0
330	E10	E16	0.0022	41.63980075911709
331	E10	E31	0.3398	7.982697673717926
332	E10	E66	0.0449	31.41961713553656
333	E10	E84	0.2811	10.552355181306455
334	E10	E88	0.2651	6.451479913467727
335	E10	F05	0.4316	7.346532354363776
336	E10	F06	0.4825	3.732186401781396
337	E10	F09	0.4737	6.632800438760557
338	E10	F10	0.4235	10.600807599126657
339	E10	F31	0.4449	12.326516845842614
340	E10	F44	0.4834	3.7760195773122
341	E10	F48	0.2685	15.218261770190887
342	E10	G30	0.1671	15.72613963517918
343	E10	G35	0.1652	25.445517275456655
344	E10	G36	0.4673	4.886197667179132
345	E10	G45	0.4171	6.616853817647734
346	E10	G59	0.3575	9.35060586853015
347	E10	G63	0.1897	15.341033864953358
348	E10	G70	0.3317	8.704389411034022
349	E10	H06	0.3937	4.280697239375694
350	E10	H16	0.4283	4.176163598920129
351	E10	H20	0.049	30.864047547468275
352	E10	H31	0.4499	3.732186401781396
353	E10	H36	0.0197	50.0
354	E10	H46	0.2264	9.120427680486115
355	E10	I00	0.1708	13.446154940207329
356	E10	I09	0.4929	4.652913986971327
357	E10	I10	0.0345	47.20493736735179
358	E10	I20	0.0657	39.00908027238657
359	E10	I21	0.3908	4.886197667179132
360	E10	I22	0.0306	47.143200093907396
361	E10	I25	0.129	29.345105893789242
362	E10	I50	0.4844	9.566375081308191
363	E10	I51	0.1558	23.21599985863434
364	E10	I60	0.2797	11.194776870177975
365	E10	I63	0.2673	10.959070195426165
366	E10	I64	0.0814	26.871434033220822
367	E10	I70	0.0461	39.3429922952227
368	E10	I73	0.4998	6.632800438760557
369	E10	J00	0.4258	4.280697239375694
370	E10	J15	0.3673	5.141321553853176
371	E10	J18	0.1025	25.067912583083526
372	E10	J44	0.1087	22.790105650197003
373	E10	J45	0.1346	27.093181483811463
374	E10	J60	0.3618	6.156261879705502
375	E10	J62	0.3924	6.845584057429714
376	E10	J63	0.1035	13.446154940207329
377	E10	J80	0.3342	8.65424242284457
378	E10	J81	0.2989	6.845584057429714
379	E10	K13	0.3221	9.35060586853015
380	E10	K25	0.4166	6.333620828275721
381	E10	K44	0.4517	6.49747266172266
382	E10	K50	0.091	34.37565278205915
383	E10	K51	0.1554	22.27236708666457
384	E10	K52	0.1574	15.908135023596401
385	E10	K70	0.2236	17.074958083182867
386	E10	K73	0.1317	14.397333847756551
387	E10	K76	0.4925	7.46740989996891
388	E10	K83	0.3487	7.282845011128582
389	E10	K86	0.447	5.140288260356138
390	E10	K90	0.2509	17.44698168882595
391	E10	L10	0.3992	7.622798924135466
392	E10	L12	0.2442	9.62850308981072
393	E10	L13	0.4546	3.732186401781396
394	E10	L20	0.3972	12.641775064562518
395	E10	L23	0.0833	18.506274216582163
396	E10	L30	0.4778	4.456499512704688
397	E10	L40	0.2658	21.440019292409445
398	E10	L51	0.3419	6.632800438760557
399	E10	L52	0.4956	3.732186401781396
400	E10	L57	0.486	7.544703954240643
401	E10	L63	0.1017	24.948854834037032
402	E10	L80	0.1269	22.671110671875276
403	E10	M02	0.4606	4.280697239375694
404	E10	M06	0.0455	45.67039058388015
405	E10	M08	0.0671	28.920866693488993
406	E10	M13	0.4129	11.968105605388079
407	E10	M31	0.1456	18.570500327960893
408	E10	M32	0.3545	15.392192186257688
409	E10	M33	0.3191	10.326477040554028
410	E10	M35	0.0263	43.569236911166925
411	E10	M45	0.4266	8.004685060299842
412	E10	M81	0.102	17.24855620294903
413	E10	M86	0.4192	4.44808328597434
414	E10	N03	0.4406	5.141321553853176
415	E10	N08	0.1041	24.81784394597641
416	E10	N17	0.035	39.261227269032716
417	E10	N18	0.0706	33.91147313642534
418	E10	N80	0.2149	9.418592910024799
419	E16	A16	0.3324	7.842518869575321
420	E16	B22	0.3949	5.891868862858612
421	E16	B35	0.4942	4.088324784497926
422	E16	D64	0.3322	8.997172897645662
423	E16	E11	0.048	41.63980075911709
424	E16	E14	0.2184	22.600882402282057
425	E16	E31	0.4261	6.319533697186972
426	E16	G36	0.4971	4.491988552538542
427	E16	H20	0.2573	13.981565150637913
428	E16	H46	0.4581	4.8336127801767175
429	E16	I00	0.4382	6.319533697186972
430	E16	I10	0.4551	11.175255811653201
431	E16	I20	0.4989	10.075329090786749
432	E16	J15	0.4048	4.649081633102607
433	E16	J60	0.4192	5.273909778411044
434	E16	J62	0.3407	7.871396918036944
435	E16	L12	0.4801	5.039303270381504
436	E16	M33	0.4994	6.290934081822478
437	E16	M81	0.4633	5.872191111983173
438	E31	A16	0.2226	11.074481796551463
439	E31	E06	0.2078	11.57452887285321
440	E31	A98	0.3002	8.116746160263956
441	E31	B73	0.3287	4.017480183592623
442	E31	D50	0.2654	6.871140515181388
443	E31	D86	0.4973	8.108849233020718
444	E31	G20	0.4285	5.582388638709133
445	E31	G36	0.1048	14.298933490360207
446	E31	G47	0.1851	9.34220888249127
447	E31	G56	0.4364	4.017480183592623
448	E31	G70	0.3785	7.677793746341297
449	E31	H20	0.3404	11.1123804352744
450	E31	H46	0.2769	7.904074546295228
451	E31	I00	0.0965	17.712797211243373
452	E31	I09	0.1141	14.034538246538848
453	E31	J32	0.3152	7.11151286189774
454	E31	J41	0.4161	7.11151286189774
455	E31	J42	0.4545	6.399367043957541
456	E31	J98	0.2375	7.538492718549537
457	E31	K75	0.3658	7.904074546295228
458	E31	K90	0.4684	9.610833786633833
459	E31	L10	0.1884	13.794185597934929
460	E31	L12	0.1048	15.299482431023305
461	E31	L51	0.4694	4.686657974776326
462	E31	L63	0.2734	14.231127566975118
463	E31	L71	0.2305	11.780394915848257
464	E31	M08	0.3423	11.57452887285321
465	E31	M31	0.3251	10.879662369901967
466	E31	M80	0.4272	6.173001410786809
467	E31	N02	0.3421	7.982697673717926
468	E31	N03	0.2909	7.706054217733454
469	E84	A32	0.1015	10.659878579685339
470	E84	B27	0.4564	4.450767119587901
471	E84	C04	0.301	7.303670886139292
472	E84	C34	0.406	6.725228425409714
473	E84	H20	0.4284	8.747845243674243
474	E84	H36	0.4965	9.030977384111749
475	E84	I20	0.487	10.42392331704609
476	E84	I22	0.3133	15.834154714854815
477	E84	J18	0.4775	8.18194681836983
478	E84	J20	0.2659	5.924437651023219
479	E84	J43	0.0591	23.598743818546325
480	E84	J44	0.0775	26.22392320730233
481	E84	J46	0.3014	5.015562665551127
482	E84	J47	0.0019	34.85359553445559
483	E84	J61	0.1348	16.08789204727704
484	E84	J66	0.1348	16.08789204727704
485	E84	J80	0.4015	7.217490328332309
486	E84	J81	0.415	5.005077181882099
487	E84	K13	0.2516	11.374451268470018
488	E84	K52	0.3322	9.52376826350119
489	E84	K56	0.4124	7.385306951722487
490	E84	K70	0.3329	12.568219372569844
491	E84	K76	0.2184	15.949336452851455
492	E84	K82	0.3709	8.976806269183907
493	E84	L13	0.39	4.450767119587901
494	E84	L52	0.4323	4.450767119587901
495	E84	M06	0.4473	12.01801692588217
496	E84	M30	0.1981	9.855912132023398
497	E84	M35	0.184	20.424173003459636
498	E84	N08	0.4813	8.073350284904034
499	E84	N17	0.3512	12.360870092163529
500	E84	N18	0.3223	14.601246254510654
501	G36	A16	0.2404	9.101943788679858
502	G36	E06	0.2742	8.272490870568168
503	G36	A98	0.3981	6.233802508445674
504	G36	B73	0.4139	3.2075819510196513
505	G36	D50	0.3807	5.0232321446910975
506	G36	D80	0.4845	4.6443319433532855
507	G36	D83	0.4443	4.567473491653939
508	G36	G47	0.3309	6.1606447721562425
509	G36	G56	0.3262	5.318153585844189
510	G36	H20	0.4683	7.832131089493443
511	G36	H46	0.0524	17.7999592763207
512	G36	I00	0.1524	14.298933490360207
513	G36	I09	0.1941	10.66649392804048
514	G36	J32	0.4277	5.249208548939821
515	G36	J98	0.3428	5.668013943079285
516	G36	K02	0.4653	7.3931374230320825
517	G36	K75	0.4655	6.021236857989462
518	G36	L10	0.284	10.428162797725626
519	G36	L12	0.1746	11.885600085107002
520	G36	L71	0.3489	8.475303504246673
521	G36	M08	0.4653	8.272490870568168
522	G36	M31	0.4568	7.600094622088976
523	G36	N03	0.3939	5.835434844719136
524	G61	A71	0.4564	3.694164751872965
525	G61	H06	0.4482	3.694164751872965
526	G61	H15	0.3174	4.570760576162481
527	G61	J67	0.3174	4.570760576162481
528	G61	L13	0.4813	3.4643304280914515
529	G61	L94	0.4435	3.694164751872965
530	H15	A71	0.4051	4.24799356370861
531	H15	B50	0.4818	4.017480183592623
532	H15	G98	0.4712	3.5684900801119053
533	H15	H06	0.3965	4.24799356370861
534	H15	J67	0.274	5.138610628372628
535	H15	L13	0.4278	4.017480183592623
536	H15	L52	0.4694	4.017480183592623
537	H15	L94	0.3915	4.24799356370861
538	H15	M00	0.48	3.4643304280914515
539	H15	M89	0.4535	3.694164751872965
540	H20	E06	0.1905	17.056717396727947
541	H20	A71	0.2649	6.207666772914017
542	H20	A98	0.2719	8.774219814232556
543	H20	B02	0.074	13.389321457326279
544	H20	B19	0.392	6.632067186252563
545	H20	B20	0.2405	15.0419476297437
546	H20	B22	0.0733	16.347348182186256
547	H20	B24	0.2407	15.006150261919112
548	H20	C16	0.4178	8.023649144547988
549	H20	C22	0.227	17.579393062168904
550	H20	C50	0.4225	8.774219814232556
551	H20	C90	0.369	10.807721136955752
552	H20	D06	0.4501	4.59608944678838
553	H20	D64	0.4167	7.156115128370933
554	H20	D69	0.432	5.302128675723156
555	H20	D86	0.4273	9.859105428685782
556	H20	E05	0.4767	6.971282502704668
557	H20	E27	0.3423	4.59608944678838
558	H20	F48	0.4173	10.133835322975054
559	H20	G35	0.275	18.308699998730315
560	H20	G70	0.2194	11.899583265710788
561	H20	H06	0.2557	6.207666772914017
562	H20	H16	0.3783	4.775308896217946
563	H20	H26	0.4288	3.956344177503884
564	H20	H31	0.2931	5.626778084555363
565	H20	H36	0.2566	17.497832608342947
566	H20	H46	0.1109	13.389321457326279
567	H20	H66	0.4199	3.994022394913434
568	H20	I00	0.0952	17.811357958520635
569	H20	I09	0.3137	7.583973828138679
570	H20	I10	0.3503	14.873123602516715
571	H20	I22	0.4364	11.329362205739745
572	H20	I64	0.2244	16.09722316275571
573	H20	J15	0.4604	3.994022394913434
574	H20	J18	0.1225	23.122979954958996
575	H20	J30	0.3878	10.59016301382622
576	H20	J32	0.3126	7.1624804029653735
577	H20	J41	0.4135	7.1624804029653735
578	H20	J42	0.473	6.078252377883453
579	H20	J44	0.14	20.208792325482953
580	H20	J45	0.3559	14.015888356774818
581	H20	J60	0.2173	9.184505954177334
582	H20	J62	0.2218	10.975281587301591
583	H20	J63	0.3914	5.626778084555363
584	H20	J80	0.4716	5.953445406166282
585	H20	J84	0.4183	4.510226579367258
586	H20	J98	0.4879	3.8344975137105033
587	H20	K13	0.2869	10.299983206457078
588	H20	K50	0.1655	25.883097465985408
589	H20	K51	0.1448	23.103160568669143
590	H20	K52	0.245	12.134173823151357
591	H20	K74	0.4167	5.953445406166282
592	H20	K90	0.36	12.921921988854708
593	H20	L10	0.2402	11.803825573804154
594	H20	L12	0.2771	8.774219814232556
595	H20	L13	0.303	5.626778084555363
596	H20	L20	0.3746	13.439587033186664
597	H20	L23	0.3971	6.971282502704668
598	H20	L30	0.1298	12.134792484831058
599	H20	L40	0.1472	30.892994907441057
600	H20	L41	0.1629	9.184505954177334
601	H20	L51	0.1233	12.82235746842337
602	H20	L52	0.3455	5.626778084555363
603	H20	L63	0.1439	21.196570346285807
604	H20	L80	0.2624	14.75750252655415
605	H20	L93	0.2789	14.829376116842658
606	H20	M06	0.1448	28.719291635497424
607	H20	M07	0.2119	14.535164492039705
608	H20	M08	0.0188	42.26629814266788
609	H20	M12	0.4428	4.59608944678838
610	H20	M31	0.0795	24.320464181663823
611	H20	M32	0.4345	12.38844095950453
612	H20	M33	0.0539	26.16203877178546
613	H20	M34	0.3298	9.918448123303996
614	H20	M35	0.0152	50.0
615	H20	M45	0.2443	13.15998514312341
616	H20	M81	0.116	16.29085143237543
617	H20	N02	0.4005	6.821531818715206
618	H20	N03	0.2726	8.104903845365477
619	H20	N08	0.1212	23.16730954786302
620	H20	N17	0.4367	9.796217369163138
621	H20	N18	0.3435	13.78297170347166
622	H20	N80	0.2127	9.480312086336687
623	H20	N87	0.4023	4.3683515074435
624	H36	A39	0.2657	6.06030353401607
625	H36	A48	0.2811	9.530042694579272
626	H36	A71	0.4341	3.9275487747326934
627	H36	B19	0.4357	5.891868862858612
628	H36	B27	0.2665	7.411491978908452
629	H36	B35	0.1769	9.90199713894709
630	H36	C04	0.4012	5.598167787042296
631	H36	C22	0.1942	19.415880655937332
632	H36	D59	0.347	6.609772413774217
633	H36	D64	0.1136	17.642595148976987
634	H36	D69	0.2804	7.99776471455482
635	H36	E11	0.0257	50.0
636	H36	E13	0.0927	50.0
637	H36	E14	0.032	50.0
638	H36	E66	0.0584	28.82101152697516
639	H36	E78	0.1989	17.77040153555225
640	H36	F39	0.4267	9.859105428685782
641	H36	F48	0.3244	13.040624778040673
642	H36	G00	0.4139	5.501308292893144
643	H36	G12	0.35	5.3334878016746075
644	H36	G30	0.3551	9.192521361686222
645	H36	G59	0.0254	31.828120548922968
646	H36	G63	0.0033	50.0
647	H36	H16	0.1865	8.1248462806828
648	H36	H25	0.4081	5.21280393917954
649	H36	H35	0.0416	21.675999782663148
650	H36	H40	0.2788	7.788196865783665
651	H36	H46	0.454	4.888092004397232
652	H36	I05	0.3636	4.8087662411142365
653	H36	I10	0.0319	48.253602701782384
654	H36	I11	0.4369	8.64787639409313
655	H36	I20	0.0488	43.20250689907201
656	H36	I22	0.0253	49.66076728099938
657	H36	I25	0.0448	44.203635188717705
658	H36	I50	0.1713	23.13182801531381
659	H36	I51	0.0265	44.916007228861716
660	H36	I60	0.0805	21.92739159195787
661	H36	I61	0.4303	7.834071149674746
662	H36	I63	0.0906	19.788711502840766
663	H36	I64	0.1429	20.910954714754098
664	H36	I70	0.0197	50.0
665	H36	I81	0.4744	3.377528828399134
666	H36	J18	0.1733	19.325431301893946
667	H36	J43	0.2581	11.459093575011787
668	H36	J44	0.1324	20.77871071853425
669	H36	J45	0.4537	10.73408708858902
670	H36	J63	0.2897	7.411491978908452
671	H36	J80	0.3776	7.697940559563972
672	H36	J81	0.341	6.109035435618596
673	H36	K13	0.0987	18.979814436692738
674	H36	K44	0.1846	13.689109068816721
675	H36	K50	0.3082	16.996756190571062
676	H36	K52	0.4362	7.180218314289376
677	H36	K70	0.1322	22.991147212621666
678	H36	K73	0.3548	7.429447422278706
679	H36	K76	0.103	23.706439326645857
680	H36	K82	0.462	7.002921682080306
681	H36	K92	0.4234	4.928576054947302
682	H36	L10	0.2889	10.286934856985308
683	H36	L13	0.2061	7.411491978908452
684	H36	L23	0.432	6.3405044077253585
685	H36	L52	0.2452	7.411491978908452
686	H36	L70	0.4606	4.356289398339227
687	H36	M06	0.4928	10.57478297119969
688	H36	M10	0.4127	7.858814881203509
689	H36	M30	0.2007	9.780212061900492
690	H36	M31	0.4392	7.979184358789998
691	H36	M33	0.4895	6.4725506652313936
692	H36	M35	0.1722	21.217741032616843
693	H36	M65	0.4221	3.927277611520004
694	H36	M87	0.4935	4.317951390759201
695	H36	N02	0.4406	6.115509427164065
696	H36	N03	0.4807	4.599995995742206
697	H36	N08	0.0567	31.415225595035697
698	H36	N17	0.0137	50.0
699	H36	N18	0.1197	27.24064880214753
700	H46	E06	0.2364	8.860258974395213
701	H46	A17	0.4192	3.3672937769371574
702	H46	I00	0.3558	7.904074546295228
703	H46	I09	0.4089	5.86825108268968
704	H46	J84	0.4725	3.897810355068855
705	H46	K75	0.4449	6.375334579453346
706	H46	L10	0.2639	11.032564329512404
707	H46	L12	0.3826	6.5870528880230195
708	H46	L51	0.3256	6.931096674884847
709	H46	L80	0.4614	8.559599358031683
710	H46	M81	0.4833	5.5518100311782685
711	I00	A16	0.234	11.074481796551463
712	I00	E06	0.219	11.57452887285321
713	I00	G47	0.2943	9.34220888249127
714	I00	A98	0.3002	8.116746160263956
715	I00	B20	0.3791	10.299983206457078
716	I00	B24	0.3788	10.286934856985308
717	I00	B73	0.3287	4.017480183592623
718	I00	D50	0.2654	6.871140515181388
719	I00	D86	0.4973	8.108849233020718
720	I00	G20	0.4285	5.582388638709133
721	I00	G56	0.4364	4.017480183592623
722	I00	G70	0.3785	7.677793746341297
723	I00	I09	0.1141	14.034538246538848
724	I00	J32	0.3152	7.11151286189774
725	I00	J41	0.4161	7.11151286189774
726	I00	J42	0.4545	6.399367043957541
727	I00	J98	0.2375	7.538492718549537
728	I00	K51	0.4687	9.120992979329365
729	I00	K75	0.3658	7.904074546295228
730	I00	K90	0.4684	9.610833786633833
731	I00	L10	0.1884	13.794185597934929
732	I00	L12	0.1048	15.299482431023305
733	I00	L51	0.4694	4.686657974776326
734	I00	L63	0.46	8.543921567178671
735	I00	L71	0.2305	11.780394915848257
736	I00	M08	0.3423	11.57452887285321
737	I00	M31	0.3251	10.879662369901967
738	I00	M80	0.4272	6.173001410786809
739	I00	N02	0.3421	7.982697673717926
740	I00	N03	0.2909	7.706054217733454
741	I09	A16	0.2542	8.937808583641807
742	I09	E06	0.2932	8.020372903601642
743	I09	G47	0.4057	5.919456774484509
744	I09	A98	0.4073	6.079399530160163
745	I09	B73	0.4214	3.1444198663979854
746	I09	D50	0.392	4.872980221188101
747	I09	J32	0.4381	5.101600744721392
748	I09	J98	0.353	5.516676623637627
749	I09	K75	0.4747	5.86825108268968
750	I09	L10	0.2929	10.174372971526692
751	I09	L12	0.1814	11.63029003923121
752	I09	L71	0.3601	8.223974125809843
753	I09	M08	0.4764	8.020372903601642
754	I09	M31	0.4682	7.362310091508936
755	I09	N02	0.2056	11.710292813320937
756	I09	N03	0.4037	5.684020505513702
757	J01	B16	0.3894	7.275711887743098
758	J01	L63	0.4948	7.744865863246238
759	J32	A98	0.424	5.811330728183727
760	J32	B73	0.4359	3.024807359805699
761	J32	C03	0.4496	3.024807359805699
762	J32	D50	0.17	9.130680968974016
763	J32	J30	0.3121	12.996879448652379
764	J32	J39	0.4242	7.11151286189774
765	J32	J45	0.319	15.495713081310562
766	J32	J98	0.3718	5.249208548939821
767	J32	K90	0.338	13.714433698259183
768	J32	L12	0.4287	5.811330728183727
769	J32	L73	0.48	4.247769430724069
770	J32	M08	0.4958	7.590145255059215
771	J32	M31	0.3151	11.177804974683998
772	J32	N02	0.373	7.346532354363776
773	J32	N03	0.4216	5.414526003861791
774	J32	N87	0.2938	5.811330728183727
775	J47	A98	0.4957	4.761080537072774
776	J47	M30	0.3693	6.1368139999212605
777	J47	M35	0.4938	8.545899569579259
778	J47	M86	0.4638	3.9410355054193267
779	J62	I22	0.337	7.950251090785079
780	J62	J44	0.4262	6.244901897621299
781	J62	A32	0.4547	3.8704889540847147
782	J62	A48	0.2641	9.994253330791901
783	J62	B22	0.3619	6.440761368469089
784	J62	B35	0.4513	4.609474547048696
785	J62	C16	0.486	6.639683951745675
786	J62	C22	0.3894	11.207972538566109
787	J62	D59	0.3901	5.8903796533032216
788	J62	G41	0.198	11.551287209869356
789	J62	G56	0.4061	4.3443140045335875
790	J62	G95	0.4012	5.578754063519819
791	J62	I10	0.3955	13.15998514312341
792	J62	I50	0.4367	10.928814999426312
793	J62	I60	0.3146	10.170571543107581
794	J62	I64	0.2345	15.626489790979655
795	J62	J15	0.3641	5.186459767419128
796	J62	J18	0.2817	13.993313845715036
797	J62	J60	0.154	11.20860169138444
798	J62	J61	0.3479	8.582326674050329
799	J62	J66	0.3479	8.582326674050329
800	J62	J80	0.3693	7.871396918036944
801	J62	K25	0.4071	6.498888655546108
802	J62	K29	0.4518	3.5986828056348155
803	J62	K52	0.3305	9.567054659354527
804	J62	K70	0.366	11.490306674040315
805	J62	K73	0.4157	6.301851035133592
806	J62	K76	0.4683	7.994656458161643
807	J62	K82	0.4452	7.33581880337734
808	J62	L51	0.2357	8.904112062353468
809	J62	L63	0.3623	11.156259470799975
810	J62	M33	0.4547	7.13699728088984
811	J62	M35	0.4062	10.902858381841412
812	J62	M86	0.3957	4.737048749220132
813	J62	N08	0.2255	16.390251114034314
814	J62	N12	0.4556	4.737048749220132
815	J62	N18	0.3142	14.929653567742449
816	J67	A71	0.4051	4.24799356370861
817	J67	B50	0.4818	4.017480183592623
818	J67	G98	0.4712	3.5684900801119053
819	J67	H06	0.3965	4.24799356370861
820	J67	L13	0.4278	4.017480183592623
821	J67	L52	0.4694	4.017480183592623
822	J67	L94	0.3915	4.24799356370861
823	J67	M00	0.48	3.4643304280914515
824	J67	M89	0.4535	3.694164751872965
825	K75	J44	0.3103	9.184505954177334
826	K75	J45	0.3771	7.666763271429501
827	K75	K50	0.2708	10.240386478413267
828	K75	K51	0.3596	8.037143780290608
829	K75	A98	0.1546	12.49473711385456
830	K75	B16	0.4491	6.1891873355072295
831	K75	B19	0.4763	5.265906825653688
832	K75	B35	0.3794	5.600070703517782
833	K75	C10	0.2591	7.463709752081416
834	K75	C11	0.2211	7.463709752081416
835	K75	D50	0.3559	5.36981068507729
836	K75	D86	0.2033	18.366540617383002
837	K75	G20	0.4074	5.9030170881397765
838	K75	G35	0.4371	11.772744250665141
839	K75	H91	0.3591	8.82176137899369
840	K75	K74	0.4923	4.8336127801767175
841	K75	K90	0.4087	11.32712488214303
842	K75	L10	0.2639	11.032564329512404
843	K75	L12	0.3826	6.5870528880230195
844	K75	L20	0.4541	10.823118635565542
845	K75	L40	0.396	15.022489707164665
846	K75	L63	0.2704	14.349708233099783
847	K75	M05	0.4906	11.770190407075114
848	K75	M06	0.3962	13.822915239100526
849	K75	M12	0.294	6.82911568917416
850	K75	M31	0.4301	8.18194681836983
851	K75	M32	0.4332	12.433772726160168
852	K75	M33	0.2148	13.876050800852092
853	K75	M35	0.4501	9.6655155059719
854	K75	M60	0.4787	5.481394262927287
855	K75	N02	0.293	9.120427680486115
856	L10	A16	0.3467	8.78731982982503
857	L10	E06	0.2227	12.422437224337779
858	L10	J45	0.2014	13.248175132417746
859	L10	K50	0.0761	21.165811790550375
860	L10	K51	0.2342	12.011806415594545
861	L10	K90	0.1811	14.114738171671409
862	L10	A17	0.4524	3.0813841362104997
863	L10	A98	0.4161	5.936847066333089
864	L10	B16	0.4888	5.542276710440481
865	L10	B20	0.4942	7.509741921075433
866	L10	B24	0.4944	7.492531201627995
867	L10	B35	0.4241	4.964946750315384
868	L10	B73	0.429	3.0813841362104997
869	L10	C10	0.2933	6.802486148370133
870	L10	C11	0.2534	6.802486148370133
871	L10	D50	0.4025	4.737048749220132
872	L10	D86	0.1754	20.050993016040454
873	L10	G20	0.333	7.168498375431827
874	L10	G35	0.2815	17.981270920862094
875	L10	J41	0.3	9.721977189296856
876	L10	J42	0.3461	8.582326674050329
877	L10	J98	0.3628	5.3751605124723305
878	L10	K02	0.4978	6.746905255951107
879	L10	L12	0.0738	17.624195953734954
880	L10	L20	0.4409	11.223338738855553
881	L10	L40	0.4284	13.755832096159738
882	L10	L51	0.3846	5.911282298544234
883	L10	L63	0.2214	16.525335682197724
884	L10	L71	0.3706	7.994656458161643
885	L10	M05	0.4741	12.32963030485332
886	L10	M06	0.3172	17.1254325891396
887	L10	M08	0.4863	7.7973262760506294
888	L10	M12	0.3314	6.181441289078441
889	L10	M31	0.1066	21.536055652756698
890	L10	M32	0.4442	12.064909288317645
891	L10	M33	0.4271	7.70287693670803
892	L10	N02	0.2181	11.278791382889358
893	L10	N03	0.413	5.542276710440481
894	L12	A16	0.2418	9.696470064998437
895	L12	E06	0.2594	9.22037626331791
896	L12	G47	0.3566	7.0640525201757445
897	L12	K50	0.3244	7.706717852064675
898	L12	K51	0.4449	5.559344266558039
899	L12	K90	0.3432	7.324844539722026
900	L12	A98	0.3659	6.797861956930554
901	L12	B73	0.3849	3.4643304280914515
902	L12	C52	0.4949	3.4643304280914515
903	L12	D50	0.3417	5.578754063519819
904	L12	H26	0.4252	3.994022394913434
905	L12	H71	0.4949	3.4643304280914515
906	L12	J41	0.4892	5.811330728183727
907	L12	J84	0.4542	4.096408321820264
908	L12	J98	0.307	6.233802508445674
909	L12	L63	0.3884	10.397921303493503
910	L12	L71	0.3098	9.424504399938073
911	L12	M08	0.4261	9.22037626331791
912	L12	M31	0.2451	13.593573570009136
913	L12	M35	0.4309	10.190507696852398
914	L12	N02	0.4619	5.766428274282674
915	L12	N03	0.3596	6.399367043957541
916	L13	I22	0.4071	4.249470134824283
917	L13	I63	0.2776	6.033722152913639
918	L13	J44	0.3035	5.6202079098560445
919	L13	J80	0.261	6.319533697186972
920	L13	K44	0.4294	3.999795822951145
921	L13	K50	0.3946	4.395020126843061
922	L13	A17	0.352	4.017480183592623
923	L13	H30	0.4034	3.4643304280914515
924	L13	J43	0.2663	11.197237846328644
925	L13	L23	0.3964	6.984507581102322
926	L13	L26	0.4596	3.4643304280914515
927	L13	L30	0.3891	5.682355083242035
928	L13	L52	0.1645	9.473852010391754
929	L13	M77	0.4104	3.4643304280914515
930	L52	I22	0.4492	4.249470134824283
931	L52	I63	0.3196	6.033722152913639
932	L52	J45	0.2876	6.582695573616593
933	L52	J80	0.3025	6.319533697186972
934	L52	K50	0.4369	4.395020126843061
935	L52	L40	0.2761	6.7946368735477565
936	L52	C03	0.3396	4.017480183592623
937	L52	J18	0.4852	8.004685060299842
938	L52	K74	0.3945	6.319533697186972
939	L52	L30	0.3891	5.682355083242035
940	L52	L73	0.3225	6.483426444643389
941	L52	M35	0.3137	14.015888356774818
942	L63	E06	0.464	8.450477246510257
943	L63	J44	0.4962	7.7137600855736235
944	L63	J45	0.0353	36.289460501954686
945	L63	K50	0.192	18.075952669918056
946	L63	K51	0.236	15.831563330062986
947	L63	K90	0.1691	19.45154137848887
948	L63	L40	0.0237	40.546411823317236
949	L63	L51	0.3923	10.288851497021676
950	L63	A48	0.4179	6.568554071901765
951	L63	A69	0.4857	5.960186721460803
952	L63	A98	0.2127	10.397921303493503
953	L63	B16	0.1649	13.721997515281931
954	L63	B19	0.3542	7.342782152587849
955	L63	B35	0.439	4.7676537361391444
956	L63	C11	0.4804	3.669138293616915
957	L63	C44	0.2376	16.528931559529205
958	L63	D50	0.4276	4.425630726727147
959	L63	D83	0.0858	13.40119205487901
960	L63	D86	0.0809	28.787423527178372
961	L63	E03	0.4315	13.70916654549355
962	L63	E05	0.4352	7.806246288399759
963	L63	E27	0.4922	3.088611550820895
964	L63	F22	0.4614	4.135756872040441
965	L63	G04	0.3818	4.069483746725558
966	L63	G35	0.253	19.480866471660146
967	L63	G95	0.3562	6.298082613959485
968	L63	H06	0.3649	4.621681112045737
969	L63	J18	0.2255	16.438269384828885
970	L63	J30	0.1988	17.963381539950916
971	L63	J60	0.3312	6.684082878651942
972	L63	J81	0.4599	4.425630726727147
973	L63	K13	0.4325	6.931190760798926
974	L63	K52	0.3665	8.678245712158336
975	L63	L20	0.1681	24.23150864133312
976	L63	L23	0.1247	15.557981495641663
977	L63	L30	0.2701	7.847359759106532
978	L63	L57	0.4314	8.781638673496488
979	L63	L71	0.4854	5.831295223775661
980	L63	L80	0.2622	14.763461506033376
981	L63	M05	0.2133	25.331383550338423
982	L63	M06	0.0548	42.9569629657708
983	L63	M07	0.4994	6.568554071901765
984	L63	M08	0.081	26.938148633864245
985	L63	M31	0.1203	20.391508857401135
986	L63	M32	0.176	25.66832192948704
987	L63	M33	0.2811	11.462825937778847
988	L63	M34	0.2217	13.40119205487901
989	L63	M35	0.1778	20.837256936223458
990	L63	N08	0.4306	9.297223693330116
991	M08	E06	0.2836	13.593573570009136
992	M08	J44	0.4732	8.09106324267476
993	M08	J45	0.1692	19.110332854485698
994	M08	K50	0.0655	29.18789205267245
995	M08	K51	0.215	16.558187509019724
996	M08	K90	0.1292	21.983310261323755
997	M08	L40	0.0674	28.88631635723858
998	M08	L51	0.3905	10.158832719904428
999	M08	L80	0.2244	16.09870254851948
1000	M08	M07	0.4822	7.8888587380514945
1001	M08	B02	0.439	4.433237068181951
1002	M08	B16	0.329	8.553358451108775
1003	M08	B20	0.3534	11.035222638297965
1004	M08	B22	0.4216	5.481214345140003
1005	M08	B24	0.3535	11.010213908296068
1006	M08	C22	0.4893	8.503636085413273
1007	M08	E03	0.3635	16.477885826800325
1008	M08	E05	0.4546	7.405908854684325
1009	M08	G35	0.273	18.40892943754797
1010	M08	G70	0.0758	19.95279186502685
1011	M08	H06	0.2401	6.487226722294637
1012	M08	J18	0.384	10.584707376326907
1013	M08	J30	0.4561	8.788082250502887
1014	M08	J63	0.1427	11.57452887285321
1015	M08	J98	0.4641	4.095623554094112
1016	M08	K13	0.4415	6.762210869699888
1017	M08	K74	0.3911	6.37727494061671
1018	M08	L20	0.4745	10.223974204134375
1019	M08	L30	0.4072	5.41182739497537
1020	M08	L41	0.1472	9.632000915853101
1021	M08	L43	0.3616	9.311134436355323
1022	M08	L93	0.1795	19.831593099641374
1023	M08	M00	0.3712	4.6353363435427255
1024	M08	M05	0.128	33.54239501912679
1025	M08	M06	0.0338	50.0
1026	M08	M31	0.0686	25.719218486111068
1027	M08	M32	0.1413	28.867070274981973
1028	M08	M33	0.0808	22.585389442220276
1029	M08	M34	0.4852	6.498657803554
1030	M08	M35	0.0368	39.60363246204484
1031	M08	N87	0.3797	4.6353363435427255
1032	M35	I22	0.1222	25.324872847494035
1033	M35	I63	0.4938	8.545899569579259
1034	M35	J44	0.253	16.601728797603396
1035	M35	J45	0.0975	28.016359978000075
1036	M35	J80	0.4628	9.327261742154999
1037	M35	K50	0.0309	41.65054497361411
1038	M35	K51	0.0811	30.21975367192889
1039	M35	K90	0.2705	15.797539993814127
1040	M35	L40	0.1005	27.652996968391612
1041	M35	L80	0.2513	16.684138261719102
1042	M35	M31	0.1923	19.893815108805207
1043	M35	M33	0.3004	14.537680184185689
1044	M35	A39	0.2137	7.011444127620321
1045	M35	A48	0.3035	8.95697843581601
1046	M35	A71	0.3812	4.53076988916008
1047	M35	A92	0.3786	4.53076988916008
1048	M35	A98	0.4027	6.15567568468904
1049	M35	B02	0.3369	5.818385019271974
1050	M35	B19	0.0694	18.51664538411483
1051	M35	B20	0.1895	17.503393606237005
1052	M35	B24	0.1899	17.449470786444554
1053	M35	C22	0.0751	30.543071554205135
1054	M35	D64	0.4314	6.875259083385227
1055	M35	D69	0.3904	5.935979218526101
1056	M35	D73	0.3364	5.5245926734187325
1057	M35	D86	0.4672	8.829937048210754
1058	M35	D89	0.3275	5.5149806547268465
1059	M35	E11	0.3865	13.195233263820295
1060	M35	G35	0.1854	23.8355386707408
1061	M35	G41	0.4379	5.935979218526101
1062	M35	G70	0.2854	9.87159859128077
1063	M35	H06	0.3724	4.53076988916008
1064	M35	H16	0.3883	4.64972167722056
1065	M35	H31	0.4257	3.9812614803529627
1066	M35	H66	0.2955	5.5245926734187325
1067	M35	I10	0.207	22.27236708666457
1068	M35	I51	0.3766	12.249548280741877
1069	M35	I64	0.381	10.422521871167994
1070	M35	I70	0.4	11.853311363253694
1071	M35	J00	0.4042	4.53076988916008
1072	M35	J18	0.0132	47.27350865095066
1073	M35	J63	0.2456	8.38765519405016
1074	M35	J81	0.4712	4.288030702962724
1075	M35	J84	0.4359	4.30307417696639
1076	M35	K06	0.4019	4.53076988916008
1077	M35	K13	0.2961	10.04196720484747
1078	M35	K52	0.3753	8.475303504246673
1079	M35	K70	0.1941	18.672382369425797
1080	M35	K74	0.1475	12.787773436468466
1081	M35	K76	0.277	13.47921404286638
1082	M35	K82	0.3508	9.473852010391754
1083	M35	K83	0.3117	8.04862301497488
1084	M35	L20	0.2903	16.88825045322113
1085	M35	L23	0.1303	15.234314189724072
1086	M35	L30	0.1691	10.595584686631149
1087	M35	L93	0.0586	32.26330433649492
1088	M35	M06	0.0525	43.58553567207213
1089	M35	M12	0.3099	6.544533393140675
1090	M35	M30	0.1426	11.785299799806806
1091	M35	M32	0.1082	32.7501773093818
1092	M35	M34	0.3439	9.549239410770003
1093	M35	M45	0.0642	25.240544783413267
1094	M35	M81	0.3135	8.829937048210754
1095	M35	M86	0.3891	4.8217632783911775
1096	M35	M87	0.2482	8.368703620872255
1097	M35	N08	0.2097	17.18732618642352
1098	M35	N17	0.3221	13.37998363379705
1099	M35	N18	0.2563	17.533917952989512
1100	A39	I22	0.4686	3.523965618858388
1101	A39	B86	0.4913	3.694164751872965
1102	A39	H16	0.3783	4.774757306617565
1103	A39	N17	0.4919	8.391929816269203
1104	A48	I22	0.1134	16.245901018402183
1105	A48	I63	0.3381	8.153085750111122
1106	A48	J44	0.2054	11.861945304202864
1107	A48	J80	0.3111	8.774219814232556
1108	A48	L71	0.3381	8.153085750111122
1109	A48	A71	0.292	5.75964689390361
1110	A48	A75	0.2968	15.331171399417494
1111	A48	A77	0.285	16.793583513020593
1112	A48	B50	0.388	5.18344741434595
1113	A48	D56	0.4566	6.6689549364856155
1114	A48	D57	0.2824	9.530042694579272
1115	A48	D64	0.1698	14.4171132358051
1116	A48	D74	0.4356	4.764638426048527
1117	A48	G98	0.414	4.172008755481632
1118	A48	H35	0.3951	6.4725506652313936
1119	A48	H66	0.4621	3.5684689478037495
1120	A48	I10	0.4057	12.797580463974793
1121	A48	I25	0.435	12.020155048649102
1122	A48	I60	0.3303	9.74488572575811
1123	A48	I70	0.3397	13.955941369210842
1124	A48	I81	0.3134	5.18344741434595
1125	A48	J00	0.3114	5.75964689390361
1126	A48	J18	0.0583	31.20181062350017
1127	A48	J63	0.4216	5.18344741434595
1128	A48	J69	0.3919	4.172008755481632
1129	A48	K52	0.275	11.145107554302816
1130	A48	L23	0.4348	6.291014473151165
1131	A48	L70	0.3652	5.630789407581342
1132	A48	L94	0.2777	5.75964689390361
1133	A48	M00	0.4325	3.9410355054193267
1134	A48	M30	0.4555	4.86341849226615
1135	A48	N08	0.3877	10.45095286083472
1136	A48	N17	0.1993	19.01293156304747
1137	A48	N18	0.3089	15.143884040483986
1138	A91	A90	0.2441	10.718626202803962
1139	B20	L51	0.3268	11.85388034615386
1140	B20	M31	0.4233	9.140944378887143
1141	B20	A92	0.2195	6.9395308932795245
1142	B20	B24	0.0069	50.0
1143	B20	B33	0.2231	50.0
1144	B20	B34	0.2216	50.0
1145	B20	J18	0.4802	8.119306165530665
1146	B20	L23	0.4056	6.812704532649313
1147	B20	L41	0.4758	4.049106799626893
1148	B20	N03	0.3988	5.75964689390361
1149	B20	N12	0.4518	4.7856236009385
1150	B22	I22	0.2806	8.037352167425796
1151	B22	J44	0.4639	4.877019895694171
1152	B22	M33	0.1843	10.65966688062108
1153	B22	D59	0.2219	9.325964430326781
1154	B22	F44	0.2877	6.333620828275721
1155	B22	I60	0.3321	9.697016361662449
1156	B22	I64	0.3855	10.296922149860118
1157	B22	J15	0.2405	7.275711887743098
1158	B22	J60	0.0818	14.880173002738058
1159	B22	J61	0.4601	6.333620828275721
1160	B22	J63	0.2205	9.022864929048223
1161	B22	J66	0.4601	6.333620828275721
1162	B22	K13	0.4758	6.145436270604708
1163	B22	K52	0.2163	13.197529248476735
1164	B22	L28	0.3542	3.8369253685283913
1165	B22	M81	0.2016	12.153333469632457
1166	B22	N08	0.47	8.334068025088966
1167	B22	N18	0.376	12.622488610181332
1168	B22	N80	0.3838	5.904503846710075
1169	B22	N94	0.3335	6.802486148370133
1170	B24	L51	0.3273	11.814769643671335
1171	B24	M31	0.4236	9.116208052544708
1172	B24	A92	0.22	6.929991012076863
1173	B24	B33	0.2231	50.0
1174	B24	B34	0.2216	50.0
1175	B24	J18	0.4817	8.085310069521565
1176	B24	L23	0.4064	6.796950437522406
1177	B24	L41	0.4767	4.039591975499582
1178	B24	N03	0.3996	5.74739987530147
1179	B24	N12	0.4527	4.774400332618529
1180	B27	J45	0.3103	6.582695573616593
1181	B27	K50	0.461	4.395020126843061
1182	B27	K51	0.4158	4.968927529582353
1183	B27	L51	0.4374	4.686657974776326
1184	B27	L71	0.3429	6.033722152913639
1185	B27	C04	0.251	8.369542253073218
1186	B27	H25	0.2421	8.116746160263956
1187	B27	J46	0.4995	3.1444198663979854
1188	B27	J61	0.4363	6.762848656694526
1189	B27	J66	0.4363	6.762848656694526
1190	B27	K13	0.4517	6.57311444090786
1191	B65	I22	0.3959	4.808798655154838
1192	C16	I22	0.4223	7.9272962280917865
1193	C16	J44	0.3796	8.900276160391124
1194	C16	A32	0.3014	5.8054888972526335
1195	C16	C15	0.404	4.271365205576968
1196	C16	C18	0.1864	23.598743818546325
1197	C16	C20	0.3825	7.714732389806115
1198	C16	C22	0.0889	28.587209940600122
1199	C16	C23	0.403	7.438572574444196
1200	C16	C25	0.299	23.761674466250483
1201	C16	C34	0.036	24.010454968410606
1202	C16	C45	0.2255	11.301785917410951
1203	C16	C50	0.018	40.16575256522873
1204	C16	C54	0.2101	15.929248792842456
1205	C16	C56	0.0998	43.38338905702948
1206	C16	C60	0.1726	10.95547169869446
1207	C16	C61	0.3054	15.530578986561586
1208	C16	C67	0.0656	33.153115843158886
1209	C16	C79	0.1472	17.579393062168904
1210	C16	C80	0.2223	14.606610295825126
1211	C16	C81	0.4742	9.787786171505523
1212	C16	C83	0.1808	16.975458563917527
1213	C16	C84	0.4455	11.3661820933885
1214	C16	C90	0.1622	19.59557922651758
1215	C16	C92	0.3453	13.142914520127837
1216	C16	C94	0.4801	8.023649144547988
1217	C16	D05	0.253	18.502974974811963
1218	C16	D06	0.0719	14.32568931653224
1219	C16	D12	0.194	16.708573312170337
1220	C16	D69	0.4456	5.107944340994378
1221	C16	D73	0.4759	3.8947384221918404
1222	C16	F82	0.4876	3.4643304280914515
1223	C16	G21	0.4899	5.578754063519819
1224	C16	H16	0.3899	4.629966571410679
1225	C16	H66	0.4294	3.8947384221918404
1226	C16	J00	0.289	6.107271706825152
1227	C16	J60	0.4765	4.504034044679335
1228	C16	K52	0.4236	7.433072088125442
1229	C16	N08	0.3491	11.602785313370125
1230	C16	N85	0.3218	4.504034044679335
1231	C22	I22	0.0442	36.7094774661834
1232	C22	J44	0.2268	17.59289102666611
1233	C22	J80	0.4449	9.632000915853101
1234	C22	K44	0.4272	10.111704882717177
1235	C22	M33	0.4961	8.340257207668529
1236	C22	A32	0.262	6.45140363356746
1237	C22	A71	0.3722	4.640527897014132
1238	C22	B19	0.1202	14.797935458190784
1239	C22	C02	0.3727	5.199050179971587
1240	C22	C20	0.1812	13.492659664777188
1241	C22	C23	0.2973	9.857766105689453
1242	C22	C34	0.3528	7.7581272559009165
1243	C22	C37	0.3778	4.640527897014132
1244	C22	C43	0.0152	50.0
1245	C22	C45	0.0216	28.25622535263313
1246	C22	C49	0.3158	6.615499681707506
1247	C22	C50	0.0564	28.947775025016615
1248	C22	C56	0.4076	17.160210271243216
1249	C22	C61	0.1434	25.240544783413267
1250	C22	C64	0.3756	5.865731678287157
1251	C22	C67	0.0952	28.72144087256945
1252	C22	C74	0.2024	9.072655640100669
1253	C22	C80	0.0394	30.943643081695487
1254	C22	C83	0.1236	20.67297846217929
1255	C22	C90	0.1793	18.529337164403465
1256	C22	C91	0.4275	9.645474911421468
1257	C22	C92	0.1822	20.91545936244384
1258	C22	D06	0.3072	6.715752024728813
1259	C22	D09	0.3073	6.715752024728813
1260	C22	D32	0.4273	5.4349468820110545
1261	C22	D61	0.4697	3.9018740654562207
1262	C22	D64	0.2311	11.93498459714397
1263	C22	E11	0.305	16.461754607979554
1264	C22	F48	0.2801	14.732186415659704
1265	C22	G00	0.292	7.650559937614062
1266	C22	G41	0.3035	8.541974337626154
1267	C22	G93	0.399	4.164733274493273
1268	C22	H06	0.3634	4.640527897014132
1269	C22	I10	0.1262	29.195418388591516
1270	C22	I20	0.2368	20.7934898988647
1271	C22	I61	0.159	16.66348011744055
1272	C22	I64	0.2708	14.08659181187801
1273	C22	J18	0.4418	9.038101339439558
1274	C22	J43	0.2737	10.967914836476941
1275	C22	J61	0.26	10.907564819285259
1276	C22	J63	0.0897	14.274076383040766
1277	C22	J66	0.26	10.907564819285259
1278	C22	K06	0.3925	4.640527897014132
1279	C22	K13	0.1101	18.094377197818005
1280	C22	K25	0.097	16.66348011744055
1281	C22	K52	0.3647	8.72078717441476
1282	C22	K70	0.0294	39.7244203484115
1283	C22	K73	0.0369	23.155711362704945
1284	C22	K74	0.1388	13.178447868445925
1285	C22	K76	0.1093	23.10081824551715
1286	C22	K82	0.0971	20.84491664269833
1287	C22	K83	0.0469	20.67297846217929
1288	C22	M06	0.3851	14.245515738029185
1289	C22	M34	0.4788	6.615499681707506
1290	C22	M81	0.1522	14.261262513424507
1291	C22	N08	0.0205	42.37616456077877
1292	C22	N17	0.0511	34.87436188648445
1293	C22	N18	0.192	21.223111765599217
1294	C22	N80	0.2149	9.419158998842933
1295	C34	J44	0.2981	8.992422775166991
1296	C34	C04	0.231	10.8506612462785
1297	C34	C32	0.476	5.550381109391157
1298	C34	C20	0.4116	7.1373284586981
1299	C34	C23	0.2104	12.564776100084963
1300	C34	C24	0.4495	3.2737993449347926
1301	C34	C50	0.1905	16.808371836516688
1302	C34	C54	0.3581	10.658841689424731
1303	C34	C56	0.3579	19.617766709688375
1304	C34	C67	0.2809	15.66937857384926
1305	C34	C83	0.4449	8.107575427095215
1306	C34	D12	0.4558	8.250223594218474
1307	C34	H25	0.3435	6.181441289078441
1308	C34	I79	0.259	6.181441289078441
1309	C34	J18	0.4577	8.64819687236076
1310	C50	C20	0.2487	11.066768272949341
1311	C50	C23	0.2723	10.548751523354577
1312	C50	C43	0.1337	24.57388367936584
1313	C50	C45	0.0634	20.595486882480817
1314	C50	C49	0.3951	5.35511414449279
1315	C50	C54	0.3178	11.852361996110519
1316	C50	C56	0.0695	50.0
1317	C50	C60	0.3026	7.569636004373863
1318	C50	C61	0.1114	28.445965405370497
1319	C50	C64	0.301	7.151524179343286
1320	C50	C67	0.0219	46.03853652522846
1321	C50	C74	0.4594	4.504563898432214
1322	C50	C79	0.4535	7.569636004373863
1323	C50	C80	0.0288	33.84991909556053
1324	C50	C81	0.4137	11.554780489878938
1325	C50	C83	0.1307	20.130982021335512
1326	C50	C90	0.1787	18.567168079354413
1327	C50	C91	0.2705	14.761279094428005
1328	C50	C92	0.2265	18.280555666010564
1329	C50	C95	0.4219	16.487031937251885
1330	C50	D05	0.0958	31.071575447624095
1331	C50	D06	0.1774	9.673051984394833
1332	C50	D07	0.1247	13.945435059028238
1333	C50	D23	0.4402	7.3958995228230116
1334	C50	D32	0.4975	4.504563898432214
1335	C50	D36	0.4231	7.090078624520021
1336	C50	D61	0.3404	5.5245926734187325
1337	C50	D89	0.4043	4.512901054071464
1338	C50	H06	0.4165	4.026118094784222
1339	C50	I35	0.3862	9.0941801691579
1340	C50	J43	0.4765	6.307855189191462
1341	C50	J61	0.4735	6.101311741229057
1342	C50	J66	0.4735	6.101311741229057
1343	C50	K13	0.093	19.45623955409167
1344	C50	K52	0.4255	7.3958995228230116
1345	C50	K73	0.4737	5.371962458598552
1346	C50	L94	0.4116	4.026118094784222
1347	C50	M81	0.3163	8.762056440065209
1348	C50	N08	0.4285	9.35060586853015
1349	C50	N62	0.4012	4.504563898432214
1350	C50	N97	0.4937	5.334179001102023
1351	E06	A16	0.3502	7.421410702477493
1352	E06	E03	0.428	13.841575951198424
1353	E06	E05	0.1583	16.762387219231986
1354	E06	E07	0.3394	11.348610108848296
1355	E06	E27	0.3199	4.871630831265554
1356	E06	G70	0.4098	7.057373015920892
1357	E06	H06	0.2401	6.487226722294637
1358	E06	J41	0.392	7.590145255059215
1359	E06	J42	0.4489	6.498657803554
1360	E06	J98	0.4641	4.095623554094112
1361	E06	L71	0.4788	5.941480371706014
1362	E06	L80	0.4166	9.685345164088861
1363	E06	M31	0.2786	12.360870092163529
1364	E11	I22	0.0541	40.03024943948117
1365	E11	J44	0.3536	14.425863403166575
1366	E11	J80	0.4234	11.935821121349841
1367	E11	A71	0.4023	4.280697239375694
1368	E11	B35	0.4796	4.259959950112236
1369	E11	D69	0.3165	7.243513069386657
1370	E11	E13	0.0927	50.0
1371	E11	E14	0.032	50.0
1372	E11	E28	0.3548	12.33016023239174
1373	E11	E66	0.0201	39.30800483484347
1374	E11	E78	0.2543	15.111756384217047
1375	E11	E88	0.2651	6.451479913467727
1376	E11	F48	0.3341	12.701255797534575
1377	E11	G30	0.2985	10.708448199951006
1378	E11	G59	0.0338	29.48633675998789
1379	E11	G63	0.0381	29.533132588919294
1380	E11	H31	0.4499	3.732186401781396
1381	E11	H35	0.2843	8.73731630213546
1382	E11	I10	0.0548	40.79384883996093
1383	E11	I20	0.0795	36.32220296012732
1384	E11	I25	0.0776	36.50633588642303
1385	E11	I50	0.2642	17.498876214865927
1386	E11	I51	0.1558	23.21599985863434
1387	E11	I60	0.1977	14.205853230736535
1388	E11	I64	0.117	23.030818628565815
1389	E11	I70	0.0616	35.69737673129271
1390	E11	J18	0.4181	9.648036841599339
1391	E11	J63	0.263	7.982697673717926
1392	E11	J81	0.2989	6.845584057429714
1393	E11	K25	0.1917	11.87095123914706
1394	E11	K52	0.0923	20.44180570887105
1395	E11	K70	0.1014	25.960813471489477
1396	E11	K73	0.303	8.548516860745947
1397	E11	K76	0.3127	12.21741191893422
1398	E11	K83	0.2408	9.801082794204081
1399	E11	K86	0.447	5.140288260356138
1400	E11	M81	0.3589	7.8074427551281005
1401	E11	N08	0.1391	21.668496224315
1402	E11	N17	0.035	39.261227269032716
1403	E11	N18	0.0706	33.91147313642534
1404	G41	I22	0.1291	14.546932563796993
1405	G41	F48	0.1138	15.421297948317092
1406	G41	F10	0.1091	15.715480589993978
1407	G41	A32	0.4571	3.8453024972653767
1408	G41	F09	0.2936	10.830754094946723
1409	G41	F30	0.2275	17.703187832307616
1410	G41	F34	0.3782	12.07604172122279
1411	G41	F39	0.2266	17.111134490617527
1412	G41	F41	0.4645	8.800880077656016
1413	G41	G00	0.038	19.93806224283162
1414	G41	G40	0.2037	17.113745659788915
1415	G41	G96	0.2261	8.773747043072198
1416	G41	H16	0.1993	7.814941452752526
1417	G41	K25	0.3506	7.569888713150769
1418	G41	K83	0.2796	8.787823305280728
1419	G41	M30	0.3706	6.115509427164065
1420	G41	N08	0.3201	12.553376683181872
1421	G95	I22	0.1676	10.807721136955752
1422	G95	I63	0.2115	9.424504399938073
1423	G95	J80	0.4386	5.039303270381504
1424	G95	D64	0.3765	5.963046377429663
1425	G95	F48	0.1922	9.9943328959266
1426	G95	F10	0.3681	6.099824093477854
1427	G95	F01	0.1251	11.17653123680768
1428	G95	F30	0.442	9.80962281616289
1429	G95	F31	0.4888	10.901112740518546
1430	G95	F39	0.4367	9.593208733560802
1431	G95	I31	0.4808	3.4643304280914515
1432	G95	I64	0.4441	8.774219814232556
1433	H16	F48	0.2379	6.984507581102322
1434	H16	F10	0.3938	4.581380688946698
1435	H16	G57	0.4336	4.071496840897177
1436	H16	N08	0.4668	8.408443289930409
1437	H16	N64	0.4311	4.504034044679335
1438	H44	F48	0.3828	4.814722868532048
1439	H44	H34	0.2183	8.272490870568168
1440	H44	K29	0.2757	5.500346896717487
1441	I22	A71	0.3589	4.808798655154838
1442	I22	B50	0.4615	4.249470134824283
1443	I22	C67	0.4875	8.911531623791227
1444	I22	C80	0.3496	10.251326122071111
1445	I22	C90	0.4042	9.826044706595514
1446	I22	D57	0.3711	7.515189855807236
1447	I22	D64	0.1489	15.473193289166437
1448	I22	D69	0.0593	17.48106921751261
1449	I22	D75	0.4819	6.627935316803013
1450	I22	E66	0.2197	15.541604664893535
1451	I22	F01	0.3971	5.041749091595517
1452	I22	F06	0.4348	4.249470134824283
1453	I22	F10	0.424	10.584707376326907
1454	I22	F48	0.0661	31.240410755161655
1455	I22	G00	0.0203	23.61421176464755
1456	I22	G30	0.328	9.886026503305366
1457	I22	G45	0.1787	12.172092999351765
1458	I22	H34	0.1963	8.836174684648338
1459	I22	H35	0.1382	13.649652777842247
1460	I22	H40	0.4588	4.78437015823046
1461	I22	I05	0.2983	5.715990319524972
1462	I22	I06	0.4352	7.720511045618048
1463	I22	I10	0.0281	50.0
1464	I22	I11	0.4876	7.515189855807236
1465	I22	I20	0.0301	50.0
1466	I22	I21	0.0648	13.695526274401248
1467	I22	I25	0.0295	50.0
1468	I22	I35	0.3842	9.14400421593658
1469	I22	I50	0.1092	28.959024094510227
1470	I22	I51	0.028	44.2679476424343
1471	I22	I60	0.0639	23.885891940015256
1472	I22	I61	0.0214	33.17299855321843
1473	I22	I63	0.0025	47.96105042849519
1474	I22	I64	0.0089	50.0
1475	I22	I70	0.0197	50.0
1476	I22	I72	0.4125	7.455275645736746
1477	I22	I81	0.3889	4.249470134824283
1478	I22	J15	0.3133	5.946391071720831
1479	I22	J18	0.1559	20.484166182947448
1480	I22	J43	0.1088	18.612091761887246
1481	I22	J44	0.1237	21.474296811997924
1482	I22	J45	0.2825	17.132100000851896
1483	I22	J61	0.3874	7.720511045618048
1484	I22	J63	0.2276	8.836174684648338
1485	I22	J66	0.3874	7.720511045618048
1486	I22	J69	0.4883	3.2615780642384737
1487	I22	J80	0.4243	6.784480669644289
1488	I22	J81	0.125	11.668555449495011
1489	I22	K13	0.1013	18.76859522605338
1490	I22	K25	0.2263	10.690845330716602
1491	I22	K44	0.0921	19.196533346178533
1492	I22	K52	0.2162	13.204395320492386
1493	I22	K55	0.1515	10.847207495339703
1494	I22	K70	0.0492	34.03114202852861
1495	I22	K73	0.0932	16.797565354345725
1496	I22	K76	0.0696	27.721738940380185
1497	I22	K82	0.1204	18.96180684351003
1498	I22	K83	0.2739	8.927812158766995
1499	I22	K92	0.449	4.59608944678838
1500	I22	L23	0.3371	8.196666212689383
1501	I22	L94	0.3449	4.808798655154838
1502	I22	L95	0.253	5.715990319524972
1503	I22	M81	0.2685	9.998452600158265
1504	I22	M87	0.0614	16.16210201445503
1505	I22	N08	0.025	40.255520149972384
1506	I22	N17	0.0137	50.0
1507	I22	N18	0.0602	35.94027477902757
1508	I22	N46	0.344	5.826161680117735
1509	I22	N80	0.2621	8.221633672261659
1510	I22	N94	0.4313	5.235723276297132
1511	I22	N96	0.4369	4.808798655154838
1512	I22	N97	0.4946	5.320463113929337
1513	I60	I63	0.3887	8.3241414733335
1514	I60	J44	0.3221	9.965849966551497
1515	I60	K44	0.2482	12.232259874640324
1516	I60	D59	0.4924	6.253154769896217
1517	I60	F48	0.3626	8.931865012403883
1518	I60	I10	0.073	22.761113557989685
1519	I60	I20	0.0899	20.98510507905534
1520	I60	I51	0.3099	10.300106787670252
1521	I60	D69	0.4839	4.591701219579787
1522	I60	E66	0.4488	8.263300591268283
1523	I60	E88	0.4316	4.182534622198393
1524	I60	F05	0.4706	6.595015723389784
1525	I60	G98	0.4073	4.24799356370861
1526	I60	H35	0.3841	6.667779176482845
1527	I60	I11	0.0992	23.45835216069541
1528	I60	I25	0.2983	17.424705724169247
1529	I60	I50	0.4322	11.06411142561611
1530	I60	I64	0.1148	23.23608273555176
1531	I60	I70	0.1882	21.525302850527193
1532	I60	J15	0.2285	7.533702009125163
1533	I60	J18	0.4655	8.462645319586102
1534	I60	J60	0.2401	8.596181789211867
1535	I60	J61	0.4749	6.078252377883453
1536	I60	J63	0.4162	5.2608432088294474
1537	I60	J66	0.4749	6.078252377883453
1538	I60	K13	0.4971	5.785612232227294
1539	I60	K25	0.3758	7.073173255793373
1540	I60	K52	0.1533	16.13722789800527
1541	I60	K83	0.4222	5.974811041873922
1542	I60	L94	0.2727	5.838533280650611
1543	I60	M30	0.4469	4.980715688856274
1544	I60	N08	0.2048	17.44698168882595
1545	I60	N17	0.2657	15.64154326693562
1546	I60	N18	0.3854	12.306331178397013
1547	J18	J44	0.0152	45.72659420674798
1548	J18	J45	0.0147	46.057925019631554
1549	J18	J80	0.2436	15.593208152883548
1550	J18	K50	0.2286	16.287676447230407
1551	J18	K51	0.2245	16.487031937251885
1552	J18	K90	0.2668	14.591085945533209
1553	J18	L40	0.0841	27.224038155571954
1554	J18	L51	0.441	9.059318494909348
1555	J18	L71	0.3695	11.010213908296068
1556	J18	M07	0.4763	8.209408414849051
1557	J18	M31	0.4366	9.169404603090353
1558	J18	M33	0.0742	28.587209940600122
1559	J18	M45	0.3198	12.598254760397106
1560	J18	A75	0.3375	12.007184516664246
1561	J18	A77	0.2952	13.481383357536377
1562	J18	D64	0.3198	12.598254760397106
1563	J18	F48	0.3896	10.425810280113863
1564	J18	G35	0.3771	10.784566536656975
1565	J18	I10	0.2001	17.750392592811963
1566	J18	I20	0.2059	17.434689209061688
1567	J18	I64	0.3169	12.701255797534575
1568	J18	I70	0.1318	22.320873917008356
1569	J18	J15	0.4552	8.708337092139752
1570	J18	B19	0.143	13.609191784669866
1571	J18	C88	0.4659	3.7465501106613686
1572	J18	D50	0.4689	3.9495200042499916
1573	J18	D57	0.4281	6.451479913467727
1574	J18	D69	0.2184	9.544152614708796
1575	J18	D86	0.3447	12.32963030485332
1576	J18	H35	0.3839	6.6720759805425045
1577	J18	I25	0.4013	13.177405147686617
1578	J18	I72	0.4821	6.15567568468904
1579	J18	J41	0.4024	7.3801742213638715
1580	J18	J42	0.0826	19.827357043166394
1581	J18	J43	0.4392	6.9951071756122944
1582	J18	J60	0.3603	6.180804210551992
1583	J18	J63	0.262	8.004685060299842
1584	J18	J81	0.1619	10.249327615082418
1585	J18	J84	0.4755	3.8660917366323204
1586	J18	J96	0.1489	11.754271037754839
1587	J18	K02	0.1792	16.396269000721233
1588	J18	K13	0.3204	9.395105430752901
1589	J18	K52	0.0512	25.41539730793611
1590	J18	K70	0.172	20.034440669540025
1591	J18	K73	0.3009	8.596181789211867
1592	J18	K76	0.3933	9.821720344455326
1593	J18	K82	0.3037	10.766220462367267
1594	J18	L20	0.3461	14.51175955155357
1595	J18	L23	0.1457	14.4171132358051
1596	J18	L25	0.1271	12.624412019758756
1597	J18	L30	0.0636	16.24741775590575
1598	J18	L70	0.3709	5.546011739255231
1599	J18	L73	0.1984	9.148622555804321
1600	J18	L94	0.3876	4.293278903891538
1601	J18	M02	0.4595	4.293278903891538
1602	J18	M05	0.4902	11.783162397868773
1603	J18	M06	0.0726	38.86263726398007
1604	J18	M12	0.3315	6.180804210551992
1605	J18	M32	0.2171	22.5953493951458
1606	J18	M81	0.1005	17.359641772232877
1607	J18	N02	0.4693	5.648538904872053
1608	J18	N08	0.1377	21.77546524919478
1609	J18	N17	0.1618	21.450077279636822
1610	J18	N18	0.1859	21.639660399977004
1611	J44	C04	0.0753	15.17900174078385
1612	J44	C11	0.376	4.877019895694171
1613	J44	F10	0.4295	10.426800799708333
1614	J44	F17	0.3671	14.329293557838811
1615	J44	F48	0.3583	11.891837101319577
1616	J44	G43	0.4434	5.115113699131173
1617	J44	H40	0.2671	8.04621022972642
1618	J44	I10	0.2776	18.146910098760006
1619	J44	I20	0.2448	20.315969612277502
1620	J44	I25	0.2337	20.910954714754098
1621	J44	I50	0.3117	15.341972982636973
1622	J44	I51	0.2104	19.49085614449303
1623	J44	I64	0.2017	17.233889396860512
1624	J44	I70	0.2285	19.040152676075753
1625	J44	I79	0.4769	3.534945391111931
1626	J44	J15	0.3395	5.540004075414448
1627	J44	J20	0.4533	3.67280928251944
1628	J44	J41	0.0431	24.745988846148833
1629	J44	J42	0.0114	34.77405177047989
1630	J44	J43	0.025	30.520912425480386
1631	J44	J45	0.0335	45.60229710151429
1632	J44	J61	0.2398	11.551287209869356
1633	J44	J63	0.1847	10.064993820523833
1634	J44	J66	0.2398	11.551287209869356
1635	J44	J80	0.2036	12.510954015948796
1636	J44	J81	0.3328	6.244901897621299
1637	J44	J84	0.1224	10.378718017034638
1638	J44	J96	0.48	4.863469947549815
1639	J44	K02	0.4407	7.911031735116119
1640	J44	K13	0.1873	13.78297170347166
1641	J44	K25	0.4128	6.399071454818675
1642	J44	K44	0.3318	8.992422775166991
1643	J44	K51	0.4936	8.499961753772963
1644	J44	K52	0.4142	7.626574273620184
1645	J44	K70	0.0819	28.349633309556964
1646	J44	K74	0.1539	12.510954015948796
1647	J44	K76	0.0983	24.184843137446
1648	J44	K82	0.2527	12.40271882945574
1649	J44	L25	0.4061	5.7621582407612575
1650	J44	L40	0.4511	12.922128849843515
1651	J44	M07	0.454	7.4617595165953245
1652	J44	M33	0.1734	15.787194554116262
1653	J44	M34	0.4391	7.3849402733722735
1654	J44	M81	0.3549	7.8916993309298595
1655	J44	N08	0.4907	7.858814881203509
1656	J44	N17	0.1924	19.42677384125854
1657	J44	N18	0.3705	12.813180686518402
1658	J45	A98	0.4334	5.6630977931173465
1659	J45	B16	0.4075	6.930224840500152
1660	J45	B19	0.4451	5.741685588858827
1661	J45	C44	0.3772	11.26027583893645
1662	J45	D83	0.4539	4.44808328597434
1663	J45	D86	0.1352	23.001211862378586
1664	J45	E03	0.0788	40.731066062552294
1665	J45	G35	0.0363	46.39494827156111
1666	J45	I46	0.4825	7.963337367311742
1667	J45	I64	0.4024	9.836166128248628
1668	J45	I70	0.4655	9.901991593050331
1669	J45	I95	0.4324	10.265246082401708
1670	J45	J00	0.4253	4.286821467788146
1671	J45	J30	0.01	50.0
1672	J45	J33	0.0115	46.447206171858475
1673	J45	J39	0.4552	6.582695573616593
1674	J45	J41	0.0923	18.939445407036878
1675	J45	J42	0.1415	15.650620836212372
1676	J45	J43	0.3004	10.18995172324541
1677	J45	J81	0.4798	4.186473401184297
1678	J45	J84	0.4982	3.6292787566901676
1679	J45	K13	0.3289	9.17923585214711
1680	J45	K20	0.2649	9.902190089195631
1681	J45	K25	0.3856	6.888920459755596
1682	J45	K50	0.03	50.0
1683	J45	K51	0.0145	50.0
1684	J45	K52	0.1907	14.274076383040766
1685	J45	K90	0.1274	25.883097465985408
1686	J45	K92	0.4643	4.406761291506056
1687	J45	L20	0.0237	50.0
1688	J45	L21	0.3609	8.296474619901412
1689	J45	L23	0.1434	14.531457208829842
1690	J45	L30	0.1813	10.18995172324541
1691	J45	L40	0.044	50.0
1692	J45	L43	0.1714	15.973718532343801
1693	J45	L50	0.3434	16.35294392634831
1694	J45	L57	0.2545	14.230771111482104
1695	J45	L70	0.4906	4.006917180528708
1696	J45	L71	0.0354	26.478548093565013
1697	J45	L73	0.4406	4.7330052723044735
1698	J45	L80	0.0581	31.107562217591298
1699	J45	M05	0.0453	50.0
1700	J45	M06	0.0338	50.0
1701	J45	M07	0.3307	10.418218662546378
1702	J45	M13	0.4019	12.33016023239174
1703	J45	M31	0.1007	22.080466736482563
1704	J45	M32	0.0326	50.0
1705	J45	M33	0.0949	21.155952366380763
1706	J45	N02	0.2738	9.61889079555048
1707	J45	N08	0.4314	9.276742006811782
1708	J60	M33	0.4527	4.812635683130059
1709	J60	D59	0.2554	8.228993908912287
1710	J60	I64	0.2173	9.184505954177334
1711	J60	J15	0.3337	6.6389835500139505
1712	J60	A32	0.3379	5.273909778411044
1713	J60	J61	0.4966	5.7172625815610685
1714	J60	J66	0.4966	5.7172625815610685
1715	J60	K52	0.4821	6.319533697186972
1716	J60	M81	0.2538	10.42392331704609
1717	J60	N18	0.4304	10.88814455100964
1718	J60	N80	0.4535	4.884620786416332
1719	J60	N94	0.3694	6.181441289078441
1720	J61	C04	0.4966	5.7172625815610685
1721	J61	I64	0.4434	6.632067186252563
1722	J61	J43	0.2774	10.856255125079867
1723	J61	J66	0.0013	50.0
1724	J61	J81	0.4713	4.287425265850304
1725	J61	K13	0.3751	8.101777435500004
1726	J61	K25	0.4165	6.3363711637300195
1727	J61	K52	0.337	9.4004635812691
1728	J61	K70	0.3761	11.18035682459451
1729	J61	K76	0.3376	11.419059070060271
1730	J61	K82	0.4564	7.11151286189774
1731	J61	K83	0.4508	5.5245926734187325
1732	J61	N08	0.3408	11.866039349817909
1733	J63	I63	0.3655	6.033722152913639
1734	J63	J80	0.3483	6.319533697186972
1735	J63	K90	0.4562	4.7140770106543135
1736	J63	M33	0.1452	11.474385797425784
1737	J63	D59	0.4322	5.035837138249299
1738	J63	I10	0.2801	7.6107824600050105
1739	J63	I20	0.3815	5.779124109933841
1740	J63	I64	0.1544	11.1123804352744
1741	J63	I70	0.4726	4.503745715846935
1742	J63	I05	0.4854	3.4643304280914515
1743	J63	K13	0.4517	6.57311444090786
1744	J63	K52	0.426	7.3844196788034075
1745	J63	K83	0.4937	4.898951077265634
1746	J63	L28	0.3362	4.017480183592623
1747	J63	N08	0.4368	9.140944378887143
1748	J63	N17	0.436	9.814487937142404
1749	J64	K90	0.4801	4.0042238475213905
1750	J64	M02	0.302	6.487226722294637
1751	J66	C04	0.4966	5.7172625815610685
1752	J66	I64	0.4434	6.632067186252563
1753	J66	J43	0.2774	10.856255125079867
1754	J66	J81	0.4713	4.287425265850304
1755	J66	K13	0.3751	8.101777435500004
1756	J66	K25	0.4165	6.3363711637300195
1757	J66	K52	0.337	9.4004635812691
1758	J66	K70	0.3761	11.18035682459451
1759	J66	K76	0.3376	11.419059070060271
1760	J66	K82	0.4564	7.11151286189774
1761	J66	K83	0.4508	5.5245926734187325
1762	J66	N08	0.3408	11.866039349817909
1763	J80	I63	0.2592	10.634623404923015
1764	J80	A71	0.2276	6.900891625922945
1765	J80	D64	0.4821	5.9702187250557195
1766	J80	I10	0.1141	30.600796875597197
1767	J80	I20	0.4989	10.075329090786749
1768	J80	I64	0.406	9.739465817366833
1769	J80	J43	0.4922	6.033722152913639
1770	J80	J84	0.3407	5.528144081239839
1771	J80	K44	0.3163	9.377595996284832
1772	J80	K70	0.2175	17.388502455967778
1773	J80	K73	0.4673	5.468161030458212
1774	J80	K76	0.2685	13.805142018633894
1775	J80	K82	0.3586	9.277542846624893
1776	J80	M81	0.4633	5.872191111983173
1777	J80	N08	0.1264	22.709423406901198
1778	J80	N12	0.4985	4.213949465733959
1779	J80	N17	0.1816	20.10255252880083
1780	J80	N18	0.3676	12.91244235299856
1781	K50	B02	0.4462	4.34710749167349
1782	K50	C44	0.2039	18.26175748564396
1783	K50	D69	0.487	4.550886296984847
1784	K50	D86	0.079	29.05991057453536
1785	K50	E03	0.0722	42.089230694732315
1786	K50	G35	0.0279	50.0
1787	K50	J30	0.1043	25.017060595320732
1788	K50	K51	0.0145	50.0
1789	K50	K70	0.4733	8.564777766261477
1790	K50	K90	0.0666	33.875777008646466
1791	K50	L20	0.0237	50.0
1792	K50	L21	0.1455	15.485579276428547
1793	K50	L23	0.2853	9.439107519751074
1794	K50	L30	0.4675	4.586742902014449
1795	K50	L40	0.044	50.0
1796	K50	L43	0.162	16.471392188516237
1797	K50	L51	0.3265	6.914940598930618
1798	K50	L53	0.3445	5.258146282153606
1799	K50	L57	0.4107	9.291688386568664
1800	K50	L71	0.2865	10.049556055296197
1801	K50	L80	0.2221	16.579253443304232
1802	K50	L93	0.1703	20.424173003459636
1803	K50	M05	0.0453	50.0
1804	K50	M06	0.0338	50.0
1805	K50	M07	0.2879	11.705000590980303
1806	K50	M13	0.2814	17.089439963630387
1807	K50	M31	0.1866	16.20292026740504
1808	K50	M32	0.0392	47.38632692825287
1809	K50	M33	0.0847	22.160740002022642
1810	K50	M34	0.4536	7.097210938735812
1811	K50	M45	0.0036	50.0
1812	K50	N02	0.3963	6.899513342636758
1813	K51	A98	0.4402	5.559344266558039
1814	K51	B16	0.3798	7.466479507710209
1815	K51	D45	0.462	4.676745092788722
1816	K51	D86	0.1089	25.443748194529068
1817	K51	E03	0.2732	21.063276402672816
1818	K51	G35	0.0404	44.92263271499619
1819	K51	J30	0.1244	23.091855684975226
1820	K51	J35	0.4411	5.862769123999977
1821	K51	K20	0.4848	5.513871175348309
1822	K51	K25	0.3894	6.8191505956259375
1823	K51	K52	0.4701	6.536091969710569
1824	K51	K90	0.0891	30.294529568557902
1825	K51	L20	0.2203	20.607158848877315
1826	K51	L21	0.2639	10.795984880514858
1827	K51	L23	0.4844	5.481214345140003
1828	K51	L40	0.0474	48.83916438507055
1829	K51	L43	0.168	16.152423357289038
1830	K51	L51	0.4103	5.513871175348309
1831	K51	L57	0.4503	8.336825063494372
1832	K51	L71	0.3127	9.35050132392407
1833	K51	L80	0.334	12.113360445270684
1834	K51	L93	0.3656	11.728082068436496
1835	K51	M05	0.2429	23.231937783289673
1836	K51	M06	0.0338	50.0
1837	K51	M07	0.0704	24.542983027864107
1838	K51	M16	0.3837	4.693591191973937
1839	K51	M30	0.4444	5.013629729152052
1840	K51	M31	0.3927	9.059654243234158
1841	K51	M32	0.0381	47.79677783274934
1842	K51	M33	0.2996	10.891792714084836
1843	K51	M34	0.1476	16.933518001716592
1844	K51	M45	0.0261	33.16140915837527
1845	K51	M71	0.4278	4.246665686212575
1846	K51	N02	0.2256	11.033003806335913
1847	K51	N03	0.3024	7.466479507710209
1848	K51	N80	0.4316	5.188299728750956
1849	K52	L40	0.3699	8.599560758137741
1850	K52	M07	0.4511	6.892450752326664
1851	K52	M33	0.2314	12.622488610181332
1852	K52	D59	0.4633	6.662370876102928
1853	K52	F48	0.3838	8.283760206868344
1854	K52	G35	0.3473	9.140944378887143
1855	K52	I10	0.4228	7.4506712555885395
1856	K52	I20	0.4015	7.894267013538912
1857	K52	I64	0.245	12.134173823151357
1858	K52	I70	0.1143	18.627884290800473
1859	K52	K13	0.3494	9.090428044519255
1860	K52	K25	0.4307	7.289673589941812
1861	K52	F10	0.3789	8.392638754148303
1862	K52	A71	0.1796	7.976769449574567
1863	K52	B19	0.1212	14.737987634760902
1864	K52	B79	0.1862	8.937808583641807
1865	K52	C49	0.466	4.419668397491512
1866	K52	D61	0.4172	4.5026962189129405
1867	K52	D69	0.2392	8.981747017993245
1868	K52	H35	0.2903	8.59563249985258
1869	K52	H66	0.2846	5.684020505513702
1870	K52	I25	0.318	16.510990569981896
1871	K52	J81	0.4248	4.872980221188101
1872	K52	K70	0.3198	13.021224790324295
1873	K52	K73	0.3723	7.086752334157196
1874	K52	K83	0.2164	10.522328550118306
1875	K52	L23	0.1301	15.248944307442141
1876	K52	L28	0.4316	3.1444198663979854
1877	K52	L73	0.4589	4.5026962189129405
1878	K52	M00	0.2686	6.079399530160163
1879	K52	M06	0.4755	11.107838465736926
1880	K52	N08	0.0721	28.809583407603412
1881	K52	N17	0.1182	25.12081888590669
1882	K52	N18	0.3793	12.512664255387815
1883	K70	I63	0.4508	9.120427680486115
1884	K70	F48	0.4141	10.086391259505696
1885	K70	I10	0.2	18.333118566340335
1886	K70	I20	0.1179	24.273036760212566
1887	K70	I51	0.4385	9.433702727511262
1888	K70	I64	0.3782	11.116850321933926
1889	K70	I70	0.1427	22.13458510264817
1890	K70	K13	0.2825	14.427251302643095
1891	K70	C80	0.4799	7.1812626547213565
1892	K70	D61	0.4567	4.044956437239371
1893	K70	D69	0.4944	4.456585497612125
1894	K70	E66	0.2847	12.90864676813083
1895	K70	F01	0.4041	4.947223354817095
1896	K70	G00	0.2776	7.96184972953578
1897	K70	G12	0.3905	4.799935590990858
1898	K70	G93	0.3861	4.302472371285806
1899	K70	H35	0.3051	8.253300560307329
1900	K70	I25	0.112	31.336047209985658
1901	K70	I61	0.4453	7.520815760218381
1902	K70	I81	0.3942	4.190314812129253
1903	K70	J43	0.1129	18.313067676900545
1904	K70	J84	0.4016	4.713346395686102
1905	K70	K55	0.2825	7.63574016304099
1906	K70	K73	0.0971	16.517107626148746
1907	K70	K74	0.037	21.5231136497875
1908	K70	K76	0.0076	50.0
1909	K70	K82	0.0031	50.0
1910	K70	K83	0.0722	17.845673367216076
1911	K70	K86	0.3836	6.074259546819871
1912	K70	K92	0.2945	6.971282502704668
1913	K70	L25	0.2224	9.394828213297679
1914	K70	M10	0.3955	8.231282107946727
1915	K70	M81	0.4944	5.378025230664358
1916	K70	N08	0.1871	18.43206081799139
1917	K70	N17	0.0916	28.087629892074162
1918	K70	N18	0.3586	13.231954364968633
1919	K76	I63	0.2959	12.791834386676975
1920	K76	D64	0.4715	7.923139003776897
1921	K76	I10	0.1638	18.930068552024398
1922	K76	I20	0.2267	15.561733221611846
1923	K76	I64	0.4571	8.248490669709502
1924	K76	I70	0.2131	16.20431092782971
1925	K76	K13	0.4974	7.363489777562345
1926	K76	K25	0.48	7.7361348579985325
1927	K76	D45	0.4817	4.428797753657096
1928	K76	D61	0.2442	7.1736186477244335
1929	K76	D69	0.479	4.654456942526209
1930	K76	D73	0.3041	5.978923374582749
1931	K76	E23	0.306	6.055067410936382
1932	K76	E66	0.3988	9.47153589414962
1933	K76	E83	0.4604	5.756968001523815
1934	K76	F01	0.2075	8.511363277223616
1935	K76	G00	0.2658	8.22863603937956
1936	K76	G12	0.3775	4.966215977134397
1937	K76	H35	0.2023	11.065794395026053
1938	K76	I25	0.4951	10.160258814287907
1939	K76	I81	0.3871	4.270051675763463
1940	K76	J43	0.1074	18.718059678620623
1941	K76	K55	0.4399	5.141321553853176
1942	K76	K73	0.1495	13.513555611481562
1943	K76	K74	0.068	17.730164658464915
1944	K76	K82	0.0031	50.0
1945	K76	K83	0.1106	15.019864448270171
1946	K76	K92	0.0509	16.52414752974657
1947	K76	L25	0.3201	7.217675666776925
1948	K76	N08	0.3118	12.843212098284454
1949	K76	N12	0.4156	5.267626968228665
1950	K76	N17	0.1628	21.381102928818343
1951	K76	N18	0.427	10.98876055023625
1952	K82	I63	0.3913	8.495902282237164
1953	K82	I20	0.3554	9.35916703641718
1954	K82	I70	0.3632	9.163992172322478
1955	K82	K25	0.3413	9.72040133024711
1956	K82	D73	0.3385	5.496904894910688
1957	K82	F01	0.431	4.598851049983767
1958	K82	G00	0.3114	7.25501541236562
1959	K82	G12	0.4276	4.354706585323788
1960	K82	H35	0.4636	5.367414538271002
1961	K82	I81	0.4154	3.9617528167093643
1962	K82	J43	0.1953	13.779306703935195
1963	K82	K73	0.2728	9.29072921416231
1964	K82	K74	0.4026	6.184213681514075
1965	K82	K83	0.0865	16.65064825216792
1966	K82	K92	0.1198	11.932042722369575
1967	K82	L25	0.1678	11.039948726804445
1968	K82	N17	0.4136	10.436338289442517
1969	L23	L40	0.3995	6.926303966029323
1970	L23	L80	0.2708	9.828419290533219
1971	L23	G35	0.3731	7.43712156439068
1972	L23	I70	0.4997	5.246275206221465
1973	L23	L20	0.0393	23.94718665057829
1974	L23	A71	0.1963	7.573602529206362
1975	L23	B00	0.288	5.69253027092062
1976	L23	B02	0.3594	5.481394262927287
1977	L23	B19	0.2888	8.764120348004678
1978	L23	C49	0.4973	4.048953323354253
1979	L23	D61	0.4489	4.131831437883674
1980	L23	D69	0.2756	8.104049531012814
1981	L23	F22	0.4473	4.297959734157542
1982	L23	H60	0.1892	7.573602529206362
1983	L23	J30	0.4446	9.070180197640596
1984	L23	L30	0.065	16.120746416302904
1985	L23	M00	0.2931	5.69253027092062
1986	L23	N08	0.4592	8.589968390042047
1987	L23	N17	0.3137	13.690608913954678
1988	L30	M07	0.2906	7.413970141454694
1989	L30	M33	0.4134	5.32105665079548
1990	L30	K25	0.4577	4.713613196025857
1991	L30	L20	0.3111	7.011917334269379
1992	L30	B02	0.4571	4.220029942527422
1993	L30	D69	0.4249	5.4061352825788855
1994	L30	J30	0.3806	10.798481588226684
1995	L30	J41	0.4093	7.243347178269509
1996	L30	J42	0.4683	6.158014444596003
1997	L30	J81	0.1391	11.083239163055765
1998	L30	M89	0.3444	4.92286280786883
1999	L30	N87	0.398	4.417805470154339
2000	L51	K90	0.4853	4.4817326829913835
2001	L51	L40	0.1759	10.677251604974654
2002	L51	A81	0.408	7.115756389037976
2003	L51	B00	0.4993	3.4643304280914515
2004	L51	B02	0.2716	6.931096674884847
2005	L51	F02	0.4783	6.131148453843127
2006	L51	L71	0.4136	7.115756389037976
2007	L51	M07	0.3002	11.3164990215596
2008	L51	M31	0.2799	12.317282957710225
2009	L51	N03	0.3463	6.632067186252563
2010	L71	A16	0.3918	7.548774377898622
2011	L71	A75	0.2508	17.253337307326184
2012	L71	A77	0.2422	18.76144564788949
2013	L71	A98	0.4957	4.761080537072774
2014	L71	C44	0.3839	11.05906205549358
2015	L71	F05	0.4101	7.7889657093484495
2016	L71	H40	0.1325	12.19758819157129
2017	L71	I46	0.1946	17.50504973299398
2018	L71	I95	0.1639	21.685273938766056
2019	L71	J30	0.1831	18.86651032966631
2020	L71	J98	0.4532	4.220029942527422
2021	L71	L21	0.1249	16.673998661826474
2022	L71	L50	0.1946	24.54504851125142
2023	L71	L53	0.0992	10.99998453853584
2024	L71	L57	0.202	16.601728797603396
2025	L71	L70	0.1372	10.86113647510277
2026	L71	L80	0.4006	10.115034054146708
2027	L71	L81	0.4661	6.1368139999212605
2028	L71	L98	0.2615	9.99829247284797
2029	L71	N03	0.4982	4.377085442446771
2030	L71	N40	0.3694	5.767365539766564
2031	L80	K90	0.0742	28.48419850543225
2032	L80	L40	0.0575	31.224192143079424
2033	L80	A98	0.4528	5.36981068507729
2034	L80	C43	0.3908	11.603270131240562
2035	L80	C44	0.0355	37.71547260526414
2036	L80	D81	0.2938	7.490733363159114
2037	L80	D83	0.3853	5.35511414449279
2038	L80	D86	0.2602	15.550007892882586
2039	L80	E03	0.0433	50.0
2040	L80	E05	0.4987	6.5542667401163115
2041	L80	E07	0.1993	16.45875953121626
2042	L80	G35	0.1987	22.864347043915206
2043	L80	G70	0.3001	9.481683838368395
2044	L80	H06	0.4165	4.026118094784222
2045	L80	J30	0.2941	13.652567010908903
2046	L80	J84	0.3442	5.478723689218578
2047	L80	K22	0.4582	6.155509923664128
2048	L80	K73	0.3397	7.737662460559313
2049	L80	L20	0.4201	11.88113304970431
2050	L80	L21	0.184	13.645138495940392
2051	L80	L43	0.1178	19.26431699798282
2052	L80	L53	0.3258	5.5245926734187325
2053	L80	L57	0.0667	27.853355898956156
2054	L80	L82	0.3864	12.67735199499658
2055	L80	M05	0.1161	35.10632978307372
2056	L80	M06	0.0338	50.0
2057	L80	M13	0.4483	10.865124271098361
2058	L80	M31	0.3188	11.066768272949341
2059	L80	M32	0.1039	33.33559126242451
2060	L80	M33	0.1731	15.806440708261633
2061	L80	M34	0.4014	8.18194681836983
2062	L80	M81	0.1281	15.550007892882586
2063	L80	N02	0.3236	8.392292491816914
2064	M02	K90	0.3811	5.282468188296047
2065	M02	L40	0.447	4.440859003685793
2066	M02	M45	0.4495	4.410960707693643
2067	M02	C03	0.3177	4.24799356370861
2068	M06	K90	0.0583	42.0601070363849
2069	M06	L40	0.0338	50.0
2070	M06	M07	0.2069	23.45411924151241
2071	M06	M31	0.2412	21.18356397624684
2072	M06	M33	0.1196	31.53004306179317
2073	M06	M45	0.1848	25.116445582457462
2074	M06	G35	0.0338	50.0
2075	M06	L20	0.0442	46.098060235432435
2076	M06	A98	0.3229	7.631710438049822
2077	M06	B02	0.2695	6.970153512638278
2078	M06	B19	0.2066	11.083199380443023
2079	M06	C44	0.1258	23.700925810327636
2080	M06	C91	0.3924	10.608343081457056
2081	M06	D69	0.4972	4.4210085921056494
2082	M06	D86	0.1195	24.393901560593825
2083	M06	D89	0.4767	3.717583292415038
2084	M06	E03	0.0433	50.0
2085	M06	J30	0.2356	16.09788791743602
2086	M06	J81	0.477	4.218701709024121
2087	M06	L21	0.3431	8.702464028238236
2088	M06	L53	0.3505	5.175538704965435
2089	M06	L57	0.0905	24.767500250056088
2090	M06	L93	0.0112	50.0
2091	M06	M05	0.0453	50.0
2092	M06	M13	0.1687	23.85781244853947
2093	M06	M19	0.4815	12.935118725931385
2094	M06	M30	0.1298	12.33016023239174
2095	M06	M32	0.0326	50.0
2096	M06	M34	0.0629	24.215214774043563
2097	M06	M71	0.4837	3.642867641504974
2098	M06	M81	0.1101	16.674591869909005
2099	M06	M87	0.4079	5.455731293218882
2100	M06	N02	0.1857	12.452189784476788
2101	M06	N08	0.2883	13.70140688651527
2102	M31	A16	0.4869	6.9837185502196455
2103	M31	K90	0.0829	23.92858029508253
2104	M31	L40	0.1186	20.52493747432575
2105	M31	M07	0.3436	10.345867192454161
2106	M31	A04	0.4738	4.727888161409546
2107	M31	A92	0.2686	6.058694399519229
2108	M31	B02	0.2126	8.18194681836983
2109	M31	B16	0.1925	12.575133758507505
2110	M31	B19	0.2277	10.413719927971716
2111	M31	C10	0.4047	5.06077281707688
2112	M31	C11	0.3622	5.06077281707688
2113	M31	C44	0.3483	12.172092999351765
2114	M31	D50	0.2814	6.572393180210783
2115	M31	D83	0.3519	5.853994850002678
2116	M31	D86	0.2593	15.593208152883548
2117	M31	E05	0.4886	6.743206229684725
2118	M31	G35	0.4187	12.381016281427655
2119	M31	G70	0.2364	11.324628596609903
2120	M31	H31	0.3031	5.481214345140003
2121	M31	J42	0.4863	5.853994850002678
2122	M31	L57	0.4688	7.918887836300315
2123	M31	L73	0.353	5.978409097427951
2124	M31	L93	0.3924	10.913330541753423
2125	M31	M12	0.4543	4.454842397617298
2126	M31	M32	0.2448	20.837256936223458
2127	M31	M33	0.0586	25.414554210401725
2128	M31	M45	0.4868	6.774776344814202
2129	M31	M46	0.4346	4.727888161409546
2130	M31	N02	0.0483	22.103046897142285
2131	M31	N03	0.2829	7.875730327040588
2132	M31	N08	0.4722	8.283760206868344
2133	M31	N87	0.4143	4.230906849968117
2134	M32	K90	0.0372	48.12574049223731
2135	M32	L40	0.0326	50.0
2136	M32	M33	0.1849	24.94758057175531
2137	M32	B16	0.4649	11.390599333592707
2138	M32	G35	0.0326	50.0
2139	M32	L20	0.3096	17.389685018132543
2140	M32	A98	0.228	9.939818276420867
2141	M32	B19	0.3631	7.168966239725651
2142	M32	C44	0.4866	8.339064518083829
2143	M32	D80	0.3817	6.108117946970415
2144	M32	D83	0.0571	15.501393590584987
2145	M32	D84	0.4863	3.917558513539309
2146	M32	D86	0.1788	19.830997517491905
2147	M32	E03	0.0433	50.0
2148	M32	J30	0.4278	9.498781575049634
2149	M32	K02	0.2865	11.997033013494246
2150	M32	L43	0.2143	13.993313845715036
2151	M32	L53	0.4287	4.2068047575564265
2152	M32	L93	0.0112	50.0
2153	M32	M05	0.0453	50.0
2154	M32	M30	0.2576	8.299021247945563
2155	M32	M34	0.0376	28.538932242010116
2156	M32	N02	0.0986	17.0202325087687
2157	M32	N03	0.267	8.231191190517565
2158	M33	K90	0.0895	21.675999782663148
2159	M33	L40	0.0304	31.204572698649113
2160	M33	M07	0.2843	11.361636337988537
2161	M33	B02	0.4437	4.377085442446771
2162	M33	B16	0.1718	13.417106146884946
2163	M33	B19	0.3735	6.971026902849117
2164	M33	B35	0.2713	7.502069811769393
2165	M33	C10	0.3788	5.420782315173887
2166	M33	C11	0.3365	5.420782315173887
2167	M33	D59	0.4985	4.375629530442428
2168	M33	D86	0.2227	17.33171742374477
2169	M33	E27	0.3246	4.812635683130059
2170	M33	G35	0.4038	12.893191516358288
2171	M33	G70	0.4182	6.899141195189178
2172	M33	H66	0.4004	4.20367708696603
2173	M33	I79	0.3774	4.577224365459124
2174	M33	J15	0.4418	4.20367708696603
2175	M33	K02	0.2899	11.887155563133982
2176	M33	K74	0.3962	6.290934081822478
2177	M33	L20	0.407	12.312383443673289
2178	M33	L24	0.4841	4.577224365459124
2179	M33	L73	0.064	15.100376021106436
2180	M33	M05	0.3645	16.633576954223184
2181	M33	M12	0.4257	4.812635683130059
2182	M33	M34	0.1878	14.847609219259253
2183	M33	M46	0.4066	5.0894175965814386
2184	M33	M60	0.372	7.313919954728959
2185	M33	M81	0.2482	10.59143381666004
2186	M33	N02	0.3707	7.391127307393442
2187	M33	N04	0.4755	5.853994850002678
2188	M33	N05	0.4744	6.060465326343931
2189	M81	M45	0.4383	6.29391283081822
2190	M81	D64	0.4383	6.29391283081822
2191	M81	F48	0.2435	10.733455486150254
2192	M81	I10	0.1251	15.723443077907092
2193	M81	I20	0.4937	5.389949786577997
2194	M81	I64	0.3979	7.026629229540147
2195	M81	K13	0.2844	9.565539458941988
2196	M81	K25	0.4245	6.536091969710569
2197	M81	A98	0.4191	5.8880052160169285
2198	M81	C88	0.4594	3.8118850991067306
2199	M81	D50	0.2583	7.010126158502257
2200	M81	F44	0.4723	3.8923921023912293
2201	M81	H80	0.1933	8.79422619434955
2202	M81	K73	0.4213	6.207163112035592
2203	M81	M34	0.3623	9.087839936029484
2204	M81	M80	0.0002	50.0
2205	M81	M87	0.2684	7.9149413202542585
2206	M81	M89	0.0764	11.173025888268798
2207	M81	N08	0.2955	13.430874815435693
2208	M81	N18	0.4159	11.327520748842403
2209	M81	N62	0.3605	5.006464800695743
2210	M81	N80	0.1431	11.85388034615386
2211	M81	N94	0.4809	4.567473491653939
2212	M81	N97	0.4328	6.313626338260408
2213	N08	K44	0.1166	23.58839526253441
2214	N08	D59	0.4053	9.963233053036834
2215	N08	D64	0.1277	22.5953493951458
2216	N08	F48	0.1667	19.694834640705373
2217	N08	I10	0.0505	32.67093914308458
2218	N08	I20	0.0661	29.756419395661567
2219	N08	I51	0.1476	21.022544696305335
2220	N08	I64	0.0238	40.754263604107074
2221	N08	I70	0.2129	17.018420237204122
2222	N08	K13	0.1117	24.05335748452923
2223	N08	K25	0.2636	14.683292318021923
2224	N08	A32	0.4269	4.171247030738518
2225	N08	A71	0.345	4.991738698108148
2226	N08	B79	0.3481	5.899912350981325
2227	N08	C45	0.2212	11.444330015215241
2228	N08	C49	0.4775	4.280697239375694
2229	N08	C61	0.4494	10.514128265672738
2230	N08	C90	0.3725	10.704283623168898
2231	N08	D69	0.3132	7.309775046892637
2232	N08	D89	0.4809	3.674859593203922
2233	N08	E87	0.3243	6.527039685720089
2234	N08	F09	0.4953	6.238907839284122
2235	N08	G00	0.3714	6.169847843230541
2236	N08	G30	0.4964	6.244988569529221
2237	N08	G96	0.2102	9.140944378887143
2238	N08	H06	0.336	4.991738698108148
2239	N08	H34	0.4474	4.426694179590332
2240	N08	H35	0.3788	6.763295169723455
2241	N08	I05	0.2865	5.899912350981325
2242	N08	I11	0.328	11.577164734820375
2243	N08	I25	0.2983	17.424705724169247
2244	N08	I50	0.3907	12.386832063997087
2245	N08	J00	0.3668	4.991738698108148
2246	N08	J69	0.4684	3.4371061335333235
2247	N08	J81	0.114	12.17222169815284
2248	N08	K06	0.3638	4.991738698108148
2249	N08	K73	0.1365	14.150976467875825
2250	N08	K83	0.3758	6.770815585889322
2251	N08	K92	0.4215	4.954649018652299
2252	N08	M89	0.453	3.698811078149705
2253	N08	N00	0.3058	9.140944378887143
2254	N08	N04	0.2837	9.788436782181416
2255	N08	N05	0.4291	6.854345915362175
2256	N08	N17	0.0137	50.0
2257	N08	N18	0.0196	50.0
2258	N80	A71	0.4795	3.4643304280914515
2259	N80	D07	0.4417	5.639679543383918
2260	N80	I80	0.4807	9.49009240213986
2261	N80	I83	0.3155	11.145107554302816
2262	N80	I86	0.4502	11.032564329512404
2263	N80	I99	0.368	6.662370876102928
2264	N80	N62	0.4778	3.674859593203922
2265	N80	N92	0.2969	8.62773889992296
2266	N80	N94	0.1279	12.496962595548021
2267	N80	N97	0.0316	24.736202015679297
2268	A16	A38	0.4893	3.694164751872965
2269	A16	A92	0.4553	3.694164751872965
2270	A16	B73	0.2802	4.570760576162481
2271	A16	G04	0.4451	3.4643304280914515
2272	A16	G47	0.3388	6.0301865468820814
2273	A16	G56	0.3152	5.468321812758786
2274	A16	H26	0.4259	3.9858697156329916
2275	A16	H31	0.4774	3.4643304280914515
2276	A16	J41	0.3428	8.659200062935945
2277	A16	J42	0.3757	7.925359588737524
2278	A16	K22	0.4923	5.6046919767211225
2279	A16	L43	0.4485	7.362310091508936
2280	A38	B49	0.1596	8.979332970995854
2281	A38	A92	0.489	3.3672937769371574
2282	A38	B48	0.4261	9.276742006811782
2283	A38	D83	0.2862	6.984507581102322
2284	A38	G04	0.4819	3.1444198663979854
2285	A92	B19	0.3533	7.359461378986631
2286	A92	B25	0.4808	3.3672937769371574
2287	A92	G04	0.4819	3.1444198663979854
2288	B73	H31	0.4223	4.017480183592623
2289	B73	N87	0.4881	3.4643304280914515
2290	G04	D83	0.3186	6.399367043957541
2291	G47	B35	0.3856	5.507289125490441
2292	G47	D50	0.3711	5.154587024643503
2293	G47	E13	0.4889	15.786885709531436
2294	G47	E14	0.4636	11.524704498886845
2295	G47	E66	0.1726	17.978377980887213
2296	G47	F06	0.4089	4.553600697064058
2297	G47	F51	0.2948	9.34220888249127
2298	G47	G98	0.4721	3.5599023062520807
2299	G47	H40	0.4296	5.18344741434595
2300	G56	H40	0.3934	5.717503480017109
2301	G56	M48	0.4948	3.9186508239800357
2302	H26	H30	0.349	3.9858697156329916
2303	H26	M16	0.2801	6.181960865848763
2304	H26	M71	0.3409	5.3554451591646535
2305	J41	L40	0.2902	9.986283087949065
2306	J41	M07	0.1523	15.055947034149272
2307	J41	J30	0.1982	12.996879448652379
2308	J41	A17	0.4592	3.024807359805699
2309	J41	J42	0.0014	50.0
2310	J41	J43	0.4265	7.243347178269509
2311	J41	K27	0.4334	7.7889657093484495
2312	J42	L40	0.2538	11.05047025358036
2313	J42	M07	0.1998	12.93973384486079
2314	J42	F48	0.3159	9.311134436355323
2315	J42	J30	0.2737	10.45095286083472
2316	J42	F10	0.4594	6.312529916376943
2317	J42	J20	0.1596	7.925359588737524
2318	J42	J43	0.485	6.158014444596003
2319	J42	J96	0.2509	8.804904389125824
2320	J42	K27	0.4888	6.688794259868912
2321	K22	K44	0.2612	10.364291541633872
2322	K22	D86	0.2918	9.55088732434558
2323	K22	K02	0.1519	14.25877193218555
2324	K22	K20	0.101	16.525335682197724
2325	K22	K21	0.1604	17.011446626791063
2326	L43	L40	0.2689	11.971679334653702
2327	L43	G35	0.1017	20.543812092511338
2328	L43	L20	0.2588	12.312383443673289
2329	L43	J30	0.2016	14.537680184185689
2330	L43	C44	0.3055	13.66958985527164
2331	L43	D80	0.3555	6.538300143294219
2332	L43	E03	0.3158	18.741188077962192
2333	L43	J33	0.4484	9.059654243234158
2334	L43	L57	0.3095	12.21741191893422
2335	L43	M13	0.3578	13.886581578938976
2336	D86	K90	0.0645	31.33281009852282
2337	D86	L40	0.0119	50.0
2338	D86	M07	0.293	14.195267653958183
2339	D86	B16	0.3263	12.95987958086342
2340	D86	G35	0.1588	21.17588772710438
2341	D86	A98	0.0532	19.394094918477126
2342	D86	C44	0.341	12.412732501216885
2343	D86	D50	0.1314	10.426608682626377
2344	D86	E03	0.368	16.279566696047535
2345	D86	J96	0.4868	4.774757306617565
2346	D86	K02	0.0389	30.325128900902147
2347	D86	K40	0.1832	25.12081888590669
2348	D86	L73	0.3388	6.207666772914017
2349	D86	M05	0.228	24.254082345594227
2350	D86	M46	0.2987	6.741479233975062
2351	D86	N02	0.191	12.246410590537948
2352	J30	L40	0.1789	19.12077351092597
2353	J30	G35	0.2202	16.8433734531446
2354	J30	L20	0.01	50.0
2355	J30	D80	0.4594	4.974110793759219
2356	J30	D83	0.4253	4.8090243680899425
2357	J30	E03	0.228	23.95473881943817
2358	J30	F50	0.4925	5.614484831687404
2359	J30	H40	0.2502	8.436753051700537
2360	J30	H60	0.4553	3.753321584157189
2361	J30	I46	0.2125	16.602615652321482
2362	J30	I95	0.1421	23.322284595593498
2363	J30	J33	0.0217	40.450870862066196
2364	J30	J39	0.423	7.132741829359917
2365	J30	K20	0.0608	19.831593099641374
2366	J30	K27	0.3707	9.209230924487805
2367	J30	L50	0.1178	31.51141624313944
2368	J30	L57	0.315	12.037084649985838
2369	J30	M05	0.4871	11.887155563133982
2370	J30	M77	0.2987	4.628137352365449
2371	N87	K90	0.4857	3.4868685587675947
2372	N87	C03	0.3976	3.4643304280914515
2373	N87	D03	0.3042	6.5870528880230195
2374	N87	N43	0.3535	4.965694671204193
2375	B35	B16	0.392	5.414526003861791
2376	B35	B49	0.3505	6.0510817323408075
2377	B35	C10	0.3144	6.668178001920734
2378	B35	C11	0.3144	6.668178001920734
2379	B35	L57	0.4136	5.10765652262044
2380	B35	M12	0.3505	6.0510817323408075
2381	B35	E78	0.4621	4.473840954779473
2382	B35	G63	0.0989	21.173559668822982
2383	B35	L03	0.1251	11.599124273277743
2384	B35	L98	0.3535	7.7889657093484495
2385	B35	M86	0.3781	4.964946750315384
2386	B49	B48	0.0055	40.57472012195973
2387	B49	D83	0.3854	5.35283933154465
2388	D50	K90	0.3535	5.404370872527173
2389	D50	D64	0.253	7.115843023488783
2390	D50	G35	0.3924	4.8683143058197915
2391	D50	N02	0.4709	3.9275296433155518
2392	D50	A98	0.1219	10.800353799687436
2393	D50	J98	0.3807	5.0232321446910975
2394	D50	N03	0.3688	5.186459767419128
2395	D50	L53	0.4453	4.022688043397763
2396	D50	M34	0.41	7.994656458161643
2397	J69	I64	0.3526	4.59608944678838
2398	C11	K90	0.4227	4.301629028779957
2399	C11	B16	0.2298	7.275711887743098
2400	C11	C10	0.1754	8.575892566847454
2401	C11	B19	0.4091	6.333620828275721
2402	C11	C30	0.4612	3.2831323475114367
2403	C11	G63	0.4826	6.802486148370133
2404	C11	M12	0.2396	7.925359588737524
2405	C11	M60	0.4131	6.5542667401163115
2406	C11	N15	0.3744	3.8369253685283913
2407	C11	N46	0.3716	5.420782315173887
2408	C11	N90	0.3744	3.8369253685283913
2409	A71	F48	0.3886	4.441856455203864
2410	A71	I10	0.4226	4.052553722342584
2411	A71	N17	0.3154	5.405065902356242
2412	A71	D69	0.4707	4.764635433396575
2413	A71	A23	0.4051	4.24799356370861
2414	A71	H06	0.4817	3.3672937769371574
2415	A71	L94	0.4771	3.3672937769371574
2416	B50	D64	0.0739	13.7387139032739
2417	B50	F48	0.493	3.8923921023912293
2418	B50	N17	0.4139	4.8365402135830555
2419	B50	N18	0.4818	4.017480183592623
2420	B50	B54	0.2625	12.520280495609361
2421	B50	D57	0.1793	12.830043305527463
2422	G98	I63	0.3468	4.99511406471289
2423	G98	F48	0.2553	6.403809950218963
2424	G98	I51	0.3688	4.710318612570537
2425	G98	I70	0.4776	3.505410601805456
2426	G98	N17	0.445	3.8361170101338695
2427	G98	F01	0.2758	6.0510817323408075
2428	G98	F09	0.4587	3.694164751872965
2429	G98	E66	0.4233	4.069483746725558
2430	G98	C49	0.3953	5.35283933154465
2431	G98	F31	0.4693	11.516073542596832
2432	G98	G00	0.2931	7.627177824955517
2433	G98	G12	0.4263	4.369231360638549
2434	H06	D64	0.3824	4.410960707693643
2435	H06	K13	0.206	7.1624804029653735
2436	H06	N18	0.3694	4.567473491653939
2437	H06	L94	0.4817	3.3672937769371574
2438	H06	C90	0.4367	3.8118850991067306
2439	H06	E05	0.4464	7.573602529206362
2440	L94	I10	0.4092	4.052553722342584
2441	L94	I70	0.3253	5.066715841543766
2442	L94	K13	0.2009	7.1624804029653735
2443	L94	L70	0.3913	4.250373826121781
2444	L94	N18	0.3643	4.567473491653939
2445	L94	J43	0.2475	6.260799732495358
2446	M00	I70	0.4994	3.2819080526166586
2447	M00	K13	0.3212	5.284278463741176
2448	M00	N17	0.4657	3.603544094439258
2449	M00	K73	0.4218	4.055818680407715
2450	M00	C49	0.4122	5.115431084869708
2451	M00	D61	0.3634	5.197922665592706
2452	M89	K44	0.4975	3.2737993449347926
2453	M89	K13	0.2816	5.8054888972526335
2454	M89	K25	0.3637	4.681681735188914
2455	M89	M13	0.42	4.039465046387847
2456	A98	K90	0.3381	7.324844539722026
2457	A98	L40	0.1542	12.51508750941867
2458	A98	G35	0.3947	6.290934081822478
2459	A98	K02	0.4698	5.122141134581716
2460	A98	M05	0.2648	8.948829322966159
2461	A98	N02	0.4268	5.766428274282674
2462	A98	J98	0.307	6.233802508445674
2463	A98	M34	0.3259	10.02191834717099
2464	A98	N03	0.3596	6.399367043957541
2465	B19	K90	0.2899	8.738728276180607
2466	B19	B16	0.4886	5.086553684738034
2467	B19	G35	0.2844	8.87208117379123
2468	B19	L20	0.1817	11.96727791878377
2469	B19	N17	0.4655	5.426657381325255
2470	B19	C10	0.4091	6.333620828275721
2471	B19	M12	0.4466	5.7172625815610685
2472	B19	D69	0.3398	7.631710438049822
2473	B19	H66	0.4886	5.086553684738034
2474	B19	K37	0.4886	5.086553684738034
2475	C49	I70	0.4684	4.3904542145829675
2476	C49	N17	0.2376	8.197981875934177
2477	C49	C61	0.3585	5.904503846710075
2478	C49	C90	0.4268	4.918357253534316
2479	C49	C02	0.4342	4.419668397491512
2480	C49	C30	0.1359	7.925359588737524
2481	C49	C37	0.2184	6.984507581102322
2482	C49	C60	0.366	6.399367043957541
2483	C49	C67	0.4453	10.025848513711066
2484	C49	C83	0.4348	8.334068025088966
2485	C49	D61	0.2337	7.391127307393442
2486	D61	J15	0.3924	4.811199008711308
2487	D61	K13	0.4848	3.741868634450626
2488	D61	D69	0.1248	10.432534985463866
2489	D61	K73	0.3276	5.715990319524972
2490	G30	I10	0.4298	7.515189855807236
2491	G30	I20	0.3536	9.229952003402111
2492	G30	I70	0.476	6.615909561971119
2493	G30	N17	0.1521	16.535837111923232
2494	G30	F01	0.4229	7.657165466148116
2495	G30	F09	0.3497	9.325964430326781
2496	G30	I25	0.3265	9.927302678756185
2497	G30	F31	0.3829	8.530773777696282
2498	G30	E85	0.0341	29.093637685375743
2499	G30	F03	0.0252	31.583129006579696
2500	G30	D33	0.4434	3.3493665783236364
2501	G30	F00	0.0184	50.0
2502	G35	K90	0.0723	36.91598100012022
2503	G35	L40	0.1268	29.13893022130411
2504	G35	M07	0.4877	10.223974204134375
2505	G35	M45	0.3883	13.445824298821547
2506	G35	G70	0.0279	50.0
2507	G35	C15	0.4549	3.736272347582466
2508	G35	C91	0.2991	13.642471192641832
2509	G35	D83	0.3935	5.238223435196784
2510	G35	E03	0.0649	43.75287650644641
2511	G35	F06	0.4973	3.5820453794908635
2512	G35	K74	0.3642	6.854468459023004
2513	G35	L20	0.1018	30.911728043027026
2514	G35	L53	0.4714	3.745338337400076
2515	G35	L93	0.43	9.85998600619475
2516	G35	M05	0.0453	50.0
2517	G35	M34	0.0995	20.320195263674808
2518	G35	N02	0.2386	10.625439815080366
2519	H90	H81	0.1205	11.87470161535625
2520	H90	H91	0.0006	50.0
2521	H90	N96	0.498	4.067207421966422
2522	J98	N03	0.3939	5.835434844719136
2523	K13	I63	0.431	6.959371924700267
2524	K13	K44	0.4407	6.775621394035503
2525	K13	I10	0.1478	15.708608020261964
2526	K13	I20	0.2598	11.110352986945847
2527	K13	I51	0.4479	6.642613505226811
2528	K13	I64	0.2869	10.299983206457078
2529	K13	I70	0.3866	7.854115615646584
2530	K13	C45	0.4498	6.115509427164065
2531	K13	C67	0.4279	10.517417417707296
2532	K13	G00	0.4579	4.875278377514889
2533	K13	I06	0.1358	18.067144010995374
2534	K13	I35	0.1627	17.140090906418273
2535	K13	I71	0.3104	8.8542917284738
2536	K13	I72	0.4965	5.909859547568618
2537	K13	I83	0.4274	8.269540095973175
2538	K13	J43	0.0509	24.81779319934194
2539	K13	K25	0.2538	9.877792844210624
2540	K13	K73	0.4431	5.847641615041196
2541	K13	K83	0.4702	5.234795065915146
2542	K13	M34	0.4321	7.529116779341497
2543	K13	M51	0.2518	7.529116779341497
2544	K13	N17	0.3485	12.45255734991905
2545	K13	N18	0.2515	17.779877124057442
2546	K37	K35	0.2853	7.706054217733454
2547	K37	K36	0.0255	39.40232737628125
2548	K37	K72	0.4776	4.988372585759446
2549	L20	K90	0.3677	13.689109068816721
2550	L20	L40	0.0478	40.87493997247258
2551	L20	B02	0.4184	4.686040600408921
2552	L20	C44	0.4313	9.723981830348556
2553	L20	E03	0.3284	18.114665173857947
2554	L20	J33	0.0226	40.05856873643282
2555	L20	K20	0.3549	7.80130130211229
2556	L20	L57	0.2564	14.158120433522955
2557	L20	M05	0.1801	28.06574582307148
2558	L20	N42	0.4697	4.292576994568264
2559	M80	C55	0.3627	5.405300183806363
2560	M80	G52	0.4919	7.688961960305622
2561	M80	N62	0.4148	4.3472026897519305
2562	N03	D59	0.154	11.581684513862138
2563	N03	G70	0.4611	4.858104456815422
2564	N03	N02	0.2484	8.674587687517333
2565	N03	H35	0.4478	5.607616674868988
2566	N03	N00	0.3722	7.706054217733454
2567	N03	N01	0.3519	8.307725578519728
2568	N03	N04	0.3253	8.757001386444841
2569	N03	N06	0.3313	9.276742006811782
2570	N03	N07	0.3313	9.276742006811782
2571	N17	I63	0.2864	14.760336286489702
2572	N17	K44	0.2466	16.513990797889694
2573	N17	D64	0.3378	12.818132406794971
2574	N17	F48	0.1976	19.11076880830319
2575	N17	I10	0.0137	50.0
2576	N17	I20	0.022	44.61407984918015
2577	N17	I51	0.0257	42.82723012062147
2578	N17	I64	0.1152	25.413263476734777
2579	N17	I70	0.0258	42.77853101582906
2580	N17	B79	0.3205	6.32009601298513
2581	N17	C20	0.458	6.292257411828965
2582	N17	C24	0.3637	4.097868264117545
2583	N17	C45	0.4395	6.292257411828965
2584	N17	C90	0.4873	7.808861943546228
2585	N17	D69	0.2549	8.589134534688972
2586	N17	E66	0.3574	10.59016301382622
2587	N17	E87	0.2849	7.166448474451983
2588	N17	F01	0.3361	5.939440267835037
2589	N17	F06	0.386	4.8365402135830555
2590	N17	F30	0.35	12.592973515340008
2591	N17	F39	0.3489	12.173057565000041
2592	N17	G00	0.3137	7.2100375763683475
2593	N17	H34	0.4148	4.8365402135830555
2594	N17	H35	0.088	16.691691419073916
2595	N17	H66	0.498	3.2332376719851497
2596	N17	I05	0.2611	6.32009601298513
2597	N17	I11	0.4314	8.775819746310816
2598	N17	I12	0.4473	9.229489303360431
2599	N17	I25	0.0295	50.0
2600	N17	I50	0.1444	25.348089263142224
2601	N17	I61	0.3674	9.265808438640668
2602	N17	J43	0.2015	13.52264080246492
2603	N17	J81	0.1947	9.229489303360431
2604	N17	K73	0.1075	15.811996128391694
2605	N17	K83	0.4777	5.125549232164094
2606	N17	K86	0.1674	10.921618555675353
2607	N17	K92	0.2162	8.693281612224535
2608	N17	L25	0.2375	9.00722810857322
2609	N17	M30	0.4953	4.3528347908798475
2610	N17	N18	0.0196	50.0
2611	N17	N19	0.2261	17.12602137381884
2612	N17	N36	0.4435	5.405065902356242
2613	N17	N46	0.4773	4.088324784497926
2614	D64	C83	0.3571	10.286934856985308
2615	D64	C90	0.4795	7.9834763726194735
2616	D64	C92	0.2612	16.54986689311397
2617	D64	D45	0.1842	9.973544632109347
2618	D64	D55	0.2795	14.384154051734274
2619	D64	D57	0.1603	13.631459075766422
2620	D64	D58	0.361	10.562331280545257
2621	D64	D69	0.2019	10.02877498127052
2622	D64	D75	0.0363	27.937407153116062
2623	D64	D89	0.1893	8.041366373354105
2624	D64	F48	0.3882	10.969065107216048
2625	D64	G00	0.1428	12.01801692588217
2626	D64	G92	0.0823	14.79139724559871
2627	D64	I05	0.3266	5.302128675723156
2628	D64	I10	0.3829	13.614170487663296
2629	D64	I51	0.4128	11.1020539885002
2630	D64	J81	0.4861	4.112678063439376
2631	D64	K06	0.4124	4.410960707693643
2632	D64	K73	0.4141	6.3290153772437225
2633	D64	K92	0.216	8.696452465661455
2634	D64	M86	0.4037	4.637304616682385
2635	D64	N18	0.1368	25.539111897888407
2636	D64	N19	0.4233	10.021151064722673
2637	K73	F48	0.4093	6.412524484866445
2638	K73	I10	0.1526	13.369362610758657
2639	K73	I64	0.3486	7.553764347043685
2640	K73	I70	0.4813	5.258146282153606
2641	K73	N18	0.266	9.468588101416827
2642	K73	C80	0.4948	6.884199811101631
2643	K73	A32	0.4673	5.468161030458212
2644	K73	G00	0.4089	5.5758944434599345
2645	K73	G57	0.4545	3.8599752995400176
2646	K73	G93	0.2542	5.986503272888384
2647	K73	J81	0.3294	6.301851035133592
2648	K73	K86	0.4542	5.041654294023663
2649	I73	I20	0.0991	21.557769774395116
2650	I73	I51	0.2887	11.780394915848257
2651	I73	I70	0.0101	41.39678165671271
2652	I73	I25	0.1192	19.893815108805207
2653	I73	E78	0.4769	7.076696217920257
2654	I73	I50	0.1687	16.738556878204207
2655	I73	I72	0.4045	8.627279776591287
2656	I73	H47	0.2543	7.255085626567982
2657	I73	I65	0.2285	28.25438387932183
2658	I73	I67	0.325	12.29718997567737
2659	I73	I74	0.334	7.2785599395590515
2660	I73	I99	0.0861	15.671913957745252
2661	I73	K72	0.281	8.455851933861124
2662	I73	M87	0.315	6.9801209499093
2663	C04	C30	0.4914	3.024807359805699
2664	C04	H25	0.2941	7.045656389543613
2665	C45	C80	0.1476	14.439656593895467
2666	C45	C56	0.0914	17.948141981300804
2667	C45	C61	0.4282	6.489551739203035
2668	C45	C02	0.3814	7.362310091508936
2669	C45	C38	0.4891	5.481214345140003
2670	C45	C67	0.3293	13.726100285866687
2671	C45	C95	0.4658	14.617153309240095
2672	C45	D32	0.1291	12.168972883750268
2673	C45	N46	0.2088	8.390312660356035
2674	C45	N97	0.3224	8.483244782579252
2675	C67	C80	0.0373	39.81184675967516
2676	C67	C81	0.4958	8.702473547105143
2677	C67	C56	0.1429	23.852088574127396
2678	C67	C61	0.0937	28.92194250407632
2679	C67	C60	0.3114	14.40882337039682
2680	C67	C23	0.0009	50.0
2681	C67	C43	0.178	21.1426877949369
2682	C67	C64	0.1746	10.248103660917886
2683	C67	C73	0.1917	11.668210702279348
2684	C67	C74	0.0903	13.40119205487901
2685	C67	C79	0.4026	8.671607752028322
2686	C67	C83	0.0562	28.26369578670379
2687	C67	C84	0.3476	14.805456055469236
2688	C67	C91	0.2518	15.557981495641663
2689	C67	C92	0.1089	27.109072473123177
2690	C67	C95	0.4962	13.416894802777573
2691	C67	C96	0.4158	7.287384597647304
2692	C67	D05	0.3645	13.66958985527164
2693	C67	N85	0.4677	3.1575188857109695
2694	F01	I63	0.2378	7.7889657093484495
2695	F01	I20	0.438	4.512024436480966
2696	F01	I64	0.2674	7.1624804029653735
2697	F01	I70	0.3697	5.426896456446042
2698	F01	D69	0.4017	4.979076176355549
2699	F01	F10	0.4329	4.574924375042498
2700	F01	H35	0.4223	4.709735685274894
2701	F01	E85	0.2764	11.282677541528361
2702	F01	F22	0.4372	4.416957492780516
2703	F01	G31	0.2482	6.330944966150619
2704	F01	G43	0.4694	4.775308896217946
2705	F01	I68	0.2594	9.50507132646271
2706	F01	I81	0.1987	7.11151286189774
2707	H25	H40	0.3491	6.437170344727654
2708	J15	F48	0.3499	5.387969908204959
2709	J15	I10	0.0369	16.456977544121592
2710	J15	I51	0.191	8.428859096963482
2711	J15	I64	0.4604	3.994022394913434
2712	J15	I70	0.2897	6.340735569000619
2713	J15	M30	0.4933	4.377085442446771
2714	J43	I10	0.1661	15.123616389194618
2715	J43	I20	0.4083	7.610536133098646
2716	J43	I70	0.4937	6.007577734919412
2717	J43	N18	0.4041	7.698015066068208
2718	J43	I06	0.2774	10.856255125079867
2719	J43	I35	0.441	6.961630931304038
2720	J43	G00	0.3619	6.33076023444886
2721	J43	G25	0.478	4.291001649537694
2722	J43	I71	0.3766	7.446028017546084
2723	J43	I83	0.4944	6.875259083385227
2724	C03	B02	0.4086	3.3672937769371574
2725	C03	M67	0.4086	3.5684900801119053
2726	G70	K90	0.25	10.89448641529239
2727	G70	G71	0.2932	15.793038207670495
2728	K90	A69	0.4261	6.977659997369488
2729	K90	B16	0.0627	20.76931044210538
2730	K90	B74	0.4646	6.199426084499208
2731	K90	C10	0.4649	4.301629028779957
2732	K90	D71	0.4062	3.7161929009243133
2733	K90	D83	0.4333	4.705689830942786
2734	K90	E03	0.246	22.74644809973249
2735	K90	K02	0.3573	9.909719688875052
2736	K90	L40	0.044	50.0
2737	K90	L57	0.4442	8.478941189215876
2738	K90	L73	0.4331	4.829997180630832
2739	K90	L93	0.0879	27.81013587296355
2740	K90	M05	0.148	31.224577263372925
2741	K90	M34	0.4124	7.941574099798302
2742	K90	N02	0.0929	17.44698168882595
2743	N02	K02	0.3569	7.671998146655702
2744	N02	M05	0.1264	15.234314189724072
2745	E03	L40	0.1378	31.953129794137027
2746	E03	M05	0.0433	50.0
2747	E03	C44	0.1318	23.17369758997081
2748	E03	C73	0.3278	8.054040906739669
2749	E03	E04	0.1509	17.386278452677757
2750	E03	E05	0.049	26.457182243778714
2751	E03	E07	0.0524	28.024555921449508
2752	E03	J33	0.4712	8.508679284035148
2753	E05	E04	0.2451	12.959505162097816
2754	E05	C73	0.3505	9.769533391131322
2755	E05	E07	0.2638	13.803491887100241
2756	E07	E00	0.2868	12.999136222748554
2757	E27	L70	0.2349	6.107124536660378
2758	E27	A17	0.439	3.5684900801119053
2759	E27	E26	0.4461	4.24799356370861
2760	E27	H30	0.455	3.024807359805699
2761	E27	M77	0.4616	3.024807359805699
2762	D59	H35	0.1212	14.53631880618014
2763	D59	N01	0.2323	11.378351379082845
2764	D59	N06	0.4663	6.527607058190743
2765	D59	N07	0.4663	6.527607058190743
2766	D84	D83	0.3412	5.717503480017109
2767	D84	B00	0.4657	4.14222059543932
2768	D84	D81	0.0548	13.84035982311174
2769	E14	I10	0.3599	15.27256848438012
2770	E14	I51	0.265	19.773998212515348
2771	E14	I70	0.3615	15.207824676432432
2772	E14	N18	0.3701	14.859368304301443
2773	E14	G63	0.1543	27.647340225859626
2774	E14	I25	0.4355	12.45291367566598
2775	E14	E13	0.0927	50.0
2776	E14	E78	0.2733	19.325431301893946
2777	E14	E66	0.0612	40.893084802448676
2778	E14	I50	0.3847	14.288908760215408
2779	E14	G59	0.1862	24.92376158140479
2780	E14	E28	0.0091	50.0
2781	E14	M10	0.4447	7.20492404974196
2782	E66	I63	0.4172	9.01087535860029
2783	E66	K44	0.4631	7.940199054302178
2784	E66	F48	0.1933	16.833527624933332
2785	E66	I10	0.1503	19.371796010831233
2786	E66	I20	0.2989	12.413468785871228
2787	E66	I51	0.1993	16.525335682197724
2788	E66	I64	0.3001	12.372462076073255
2789	E66	I70	0.18	17.555134300641857
2790	E66	N18	0.3858	9.80962281616289
2791	E66	F31	0.4676	11.572497977925583
2792	E66	K92	0.4774	4.24799356370861
2793	E66	E24	0.2382	7.25224081249838
2794	E66	F10	0.1481	19.522187760390235
2795	E66	F09	0.1978	16.602489305405232
2796	E66	F30	0.3637	12.134194796314626
2797	E66	F39	0.3714	11.455114254641009
2798	E66	F50	0.4975	5.5363087068370165
2799	E66	I50	0.0501	38.946897471955374
2800	E66	J81	0.4875	4.096408321820264
2801	E66	K83	0.3745	6.794280715088413
2802	E66	L98	0.2993	9.01087535860029
2803	E66	M10	0.2057	13.886581578938976
2804	E88	D03	0.4459	4.025916285967875
2805	E88	E70	0.2384	6.930863421802371
2806	E88	L81	0.3403	5.302128675723156
2807	E88	G03	0.3403	5.302128675723156
2808	F05	F12	0.2833	10.980930339618979
2809	F05	F48	0.1011	19.756266707844016
2810	F05	I10	0.4564	6.862610107424362
2811	F05	I51	0.4873	6.292257411828965
2812	F05	F31	0.2432	21.440019292409445
2813	F05	F10	0.0561	24.69620759228377
2814	F05	F06	0.241	7.11151286189774
2815	F05	F09	0.3446	9.428636458441785
2816	F05	F13	0.4181	18.76144564788949
2817	F05	F14	0.3524	19.121672865526566
2818	F05	F15	0.4181	18.76144564788949
2819	F05	F16	0.4181	18.76144564788949
2820	F05	F17	0.4164	12.555713907872113
2821	F05	F18	0.4181	18.76144564788949
2822	F05	F19	0.4181	18.76144564788949
2823	F05	F22	0.4372	4.416957492780516
2824	F05	F30	0.2833	15.104600994235502
2825	F05	F39	0.278	14.77787813269507
2826	F05	F51	0.406	7.11151286189774
2827	F05	I95	0.482	8.956824277151718
2828	F05	L28	0.4463	3.024807359805699
2829	F06	I70	0.413	4.503745715846935
2830	F06	F10	0.4625	3.942998860447919
2831	F06	F22	0.2648	6.662370876102928
2832	F06	F51	0.2891	9.473852010391754
2833	F09	F12	0.1103	19.306374166823943
2834	F09	F48	0.0385	28.24199310299418
2835	F09	F31	0.2568	20.619207860861824
2836	F09	F10	0.1207	18.528587146775184
2837	F09	F11	0.4506	16.190284899021197
2838	F09	F14	0.3245	20.61343727283148
2839	F09	F30	0.1316	24.154214811371777
2840	F09	F39	0.1295	23.46404681875621
2841	F09	F42	0.171	14.967732227716752
2842	F09	G00	0.4965	4.373079103989384
2843	F09	G31	0.4385	3.956187342231915
2844	F09	G93	0.3213	5.0573422895646996
2845	F09	N32	0.2187	7.2785599395590515
2846	F10	F12	0.054	38.81670933019901
2847	F10	F48	0.0125	50.0
2848	F10	F31	0.0356	50.0
2849	F10	F11	0.0973	46.052428012734715
2850	F10	F13	0.342	22.98734141953205
2851	F10	F14	0.0613	50.0
2852	F10	F15	0.342	22.98734141953205
2853	F10	F16	0.342	22.98734141953205
2854	F10	F17	0.1935	23.222702532915484
2855	F10	F18	0.342	22.98734141953205
2856	F10	F19	0.342	22.98734141953205
2857	F10	F20	0.1907	18.333118566340335
2858	F10	F22	0.1394	10.211815213005616
2859	F10	F25	0.2279	18.570500327960893
2860	F10	F30	0.014	50.0
2861	F10	F34	0.2495	16.75313746207746
2862	F10	F39	0.0119	50.0
2863	F10	F41	0.1704	19.75874172398084
2864	F10	F42	0.223	12.797580463974793
2865	F10	F43	0.395	6.099824093477854
2866	F10	F44	0.4543	4.087818119080921
2867	F10	F50	0.2554	10.476683917505062
2868	F10	F60	0.2839	8.330052447455786
2869	F10	F80	0.473	3.220538476348964
2870	F10	F91	0.3181	16.633576954223184
2871	F10	F99	0.3508	6.487226722294637
2872	F10	G10	0.0785	19.20467817427457
2873	F10	G40	0.3634	11.015705074052608
2874	F10	G59	0.4825	6.662370876102928
2875	F10	J00	0.407	4.49718185106497
2876	F31	F12	0.1112	33.15099386317573
2877	F31	F48	0.0356	50.0
2878	F31	I20	0.4713	11.451580407571706
2879	F31	I49	0.2382	21.752560462773303
2880	F31	F11	0.3924	18.952183007849463
2881	F31	F13	0.3219	24.25740848315763
2882	F31	F14	0.2783	23.376084492215252
2883	F31	F15	0.3219	24.25740848315763
2884	F31	F16	0.3219	24.25740848315763
2885	F31	F17	0.4004	13.108785341331547
2886	F31	F18	0.3219	24.25740848315763
2887	F31	F19	0.3219	24.25740848315763
2888	F31	F20	0.0304	37.28321368174775
2889	F31	F22	0.2353	7.601293797027295
2890	F31	F25	0.2734	16.34072621791045
2891	F31	F30	0.014	50.0
2892	F31	F39	0.0119	50.0
2893	F31	F42	0.1971	13.812300165966548
2894	F31	F50	0.3377	8.447117525309888
2895	F31	F52	0.3811	36.262517444090406
2896	F31	F70	0.4301	11.410882259043866
2897	F31	F80	0.4348	3.5684736943922912
2898	F31	F99	0.1401	11.516073542596832
2899	F31	G00	0.393	5.8215079364094775
2900	F31	G10	0.2522	10.685602406116748
2901	F31	G40	0.1522	20.136113152402512
2902	F31	G50	0.1467	37.90653234562014
2903	F31	G59	0.2995	10.92519848208579
2904	F31	I45	0.4755	9.17500337863726
2905	F31	I84	0.1876	40.85566113588048
2906	F31	K64	0.1753	38.16598663752338
2907	F31	L29	0.2765	35.396376648236334
2908	F31	M13	0.2073	21.143165292339404
2909	F31	M19	0.2407	24.948854834037032
2910	F31	M54	0.3255	29.093637685375743
2911	F31	M67	0.4443	3.298656975823666
2912	F31	M79	0.0891	46.3869081745393
2913	F44	F48	0.051	14.107320728015042
2914	F44	K92	0.3492	6.015427697150203
2915	F44	N30	0.4174	4.510226579367258
2916	F48	F12	0.0125	50.0
2917	F48	A85	0.4085	4.441856455203864
2918	F48	E22	0.4777	5.335857020121699
2919	F48	F11	0.2184	30.502089433614007
2920	F48	F13	0.4629	16.605883648779372
2921	F48	F14	0.1063	40.44387356389863
2922	F48	F15	0.4629	16.605883648779372
2923	F48	F16	0.4629	16.605883648779372
2924	F48	F18	0.4629	16.605883648779372
2925	F48	F19	0.4629	16.605883648779372
2926	F48	F20	0.067	29.300545214669956
2927	F48	F22	0.4851	3.872076963976196
2928	F48	F25	0.2325	18.32477608542725
2929	F48	F29	0.2944	6.271115423497977
2930	F48	F30	0.014	50.0
2931	F48	F34	0.4023	11.359157901213536
2932	F48	F39	0.0119	50.0
2933	F48	F41	0.1365	22.103046897142285
2934	F48	F42	0.2272	12.644475061324515
2935	F48	F43	0.2052	9.9943328959266
2936	F48	F50	0.1658	13.505884347709449
2937	F48	F60	0.2879	8.245400496758148
2938	F48	F82	0.35	4.6888485910644535
2939	F48	F91	0.3219	16.46473885597748
2940	F48	F99	0.3559	6.403809950218963
2941	F48	G00	0.0864	15.047229945188977
2942	F48	G10	0.0816	18.929338127986867
2943	F48	G12	0.4389	4.2257220449744395
2944	F48	G21	0.3258	8.680618903726302
2945	F48	G40	0.3778	10.60080466182688
2946	F48	H34	0.4936	3.8923921023912293
2947	F48	I10	0.145	27.254848460564705
2948	F48	I20	0.4187	12.603525509577006
2949	F48	I50	0.4877	9.479106538929042
2950	F48	I51	0.4025	11.419059070060271
2951	F48	I64	0.152	20.249166833105168
2952	F48	K25	0.268	9.489390478578155
2953	F48	K83	0.2198	10.418218662546378
2954	F48	L70	0.4701	4.243657531171381
2955	F48	M30	0.4124	5.468161030458212
2956	F48	N12	0.4594	4.6888485910644535
2957	F48	N18	0.4857	9.332700069398127
2958	G45	I64	0.1039	15.336938367108663
2959	G59	G63	0.1114	19.530504587402053
2960	G59	E13	0.2579	29.345105893789242
2961	G59	L03	0.3886	5.5245926734187325
2962	G63	I51	0.4867	6.724896622342546
2963	G63	I70	0.3677	9.311419870544247
2964	G63	C10	0.4826	6.802486148370133
2965	G63	E78	0.2836	11.68775866057731
2966	G63	E13	0.23	31.714531255326886
2967	G63	H47	0.4919	4.0065829590399815
2968	G63	L03	0.3455	6.181441289078441
2969	G63	M10	0.3728	8.747951330137978
2970	I10	I63	0.4875	10.202248703270177
2971	I10	K44	0.1669	25.29055935893897
2972	I10	D57	0.3039	8.990956317406546
2973	I10	E24	0.3699	5.101600744721392
2974	I10	H35	0.0811	17.236436364419333
2975	I10	H40	0.4739	4.588290965113198
2976	I10	I06	0.1009	20.627917234737875
2977	I10	I11	0.14	20.0870287256615
2978	I10	I20	0.0301	50.0
2979	I10	I25	0.0295	50.0
2980	I10	I35	0.1097	20.74160842365911
2981	I10	I50	0.021	50.0
2982	I10	I51	0.0174	50.0
2983	I10	I61	0.4117	8.235676133267937
2984	I10	I64	0.0943	25.32511387158325
2985	I10	I70	0.0238	47.62916896744884
2986	I10	I72	0.3884	7.9562993724605295
2987	I10	I83	0.3729	9.567054659354527
2988	I10	I95	0.4695	9.271719612866157
2989	I10	J81	0.1832	9.567054659354527
2990	I10	K25	0.2169	10.99206308449301
2991	I10	K83	0.3861	6.585818289590324
2992	I10	K92	0.4008	5.239156088268694
2993	I10	M87	0.4734	4.567473491653939
2994	I10	N18	0.0196	50.0
2995	I20	I63	0.2376	20.74476857203359
2996	I20	K44	0.3428	15.484380586090463
2997	I20	B03	0.3927	3.7691285238006205
2998	I20	D57	0.4572	5.960186721460803
2999	I20	E78	0.0357	35.88766086177734
3000	I20	G00	0.3944	5.799597062622292
3001	I20	G43	0.3283	6.859769046737467
3002	I20	H34	0.3483	5.779124109933841
3003	I20	H35	0.495	4.912995645000015
3004	I20	I05	0.4548	3.7691285238006205
3005	I20	I11	0.1704	18.152721363491047
3006	I20	I21	0.3546	5.37955952846664
3007	I20	I25	0.0295	50.0
3008	I20	I35	0.3091	11.186365508963908
3009	I20	I47	0.486	7.402563322594139
3010	I20	I49	0.3849	16.869214943514397
3011	I20	I50	0.021	50.0
3012	I20	I51	0.0174	50.0
3013	I20	I61	0.0808	22.42125619346726
3014	I20	I64	0.0194	41.935550535553595
3015	I20	I65	0.1034	42.32526997285735
3016	I20	I67	0.1738	18.83855678087252
3017	I20	I70	0.0197	50.0
3018	I20	I72	0.1033	18.76144564788949
3019	I20	J81	0.3181	6.497162966908376
3020	I20	K25	0.3938	6.737396869818088
3021	I20	K92	0.4815	4.199434123275442
3022	I20	L95	0.4167	3.7691285238006205
3023	I20	N18	0.0258	46.5854474319637
3024	I20	N19	0.4332	9.754448694632659
3025	I20	N46	0.488	3.969358013795669
3026	I20	N94	0.465	4.774400332618529
3027	I21	I63	0.4452	4.220029942527422
3028	I21	I51	0.3665	5.212782927676872
3029	I21	I64	0.4799	3.8344975137105033
3030	I21	I70	0.1402	9.995165147577653
3031	I21	K25	0.4975	3.6491796460685064
3032	I21	I25	0.4282	4.419668397491512
3033	I21	E78	0.3742	5.107295212353378
3034	I21	M16	0.3241	5.835434844719136
3035	I21	M71	0.2517	7.105380222895982
3036	I21	N94	0.3549	5.3751605124723305
3037	I21	H57	0.4131	4.491988552538542
3038	I25	I63	0.2932	17.67332310099452
3039	I25	K44	0.4443	11.716287677771659
3040	I25	I51	0.0295	50.0
3041	I25	I64	0.0985	33.1543168345257
3042	I25	I70	0.0295	50.0
3043	I25	N18	0.0944	33.75254533195455
3044	I25	I61	0.2951	11.230169103461655
3045	I25	E78	0.0447	44.21864490747737
3046	I25	H35	0.4357	11.99784815308955
3047	I25	G43	0.1106	12.587146395243757
3048	I25	I11	0.108	22.631483770739607
3049	I25	I35	0.2585	12.856193369904068
3050	I25	I50	0.021	50.0
3051	I25	I65	0.2108	29.716949752376685
3052	I25	I67	0.4319	9.253790426183645
3053	I25	I72	0.0798	20.819579942493224
3054	I25	K74	0.4156	5.970736282691135
3055	I50	I51	0.021	50.0
3056	I50	I64	0.2955	16.040437131233563
3057	I50	I70	0.0423	41.097850407848306
3058	I50	N18	0.1992	21.173559668822982
3059	I50	H40	0.2812	7.737662460559313
3060	I50	E78	0.1457	25.23416802254951
3061	I50	I35	0.4338	11.015705074052608
3062	I50	I49	0.0493	39.151831536484735
3063	I50	I11	0.2204	15.585033124131643
3064	I50	I34	0.3993	5.542694866919659
3065	I50	I42	0.0574	50.0
3066	I50	I44	0.3917	8.645281653203117
3067	I50	I46	0.4311	9.169404603090353
3068	I50	I47	0.256	13.830084068383524
3069	I50	I48	0.0121	49.63377872869824
3070	I50	I65	0.4534	15.485579276428547
3071	I50	I72	0.1907	13.808511294750877
3072	I50	I95	0.2604	16.29392761984335
3073	I50	J81	0.3537	5.903039411443252
3074	I50	K72	0.0532	18.76144564788949
3075	I50	M10	0.2922	10.86366908554886
3076	I50	N42	0.3405	6.001265273153124
3077	I51	E78	0.0089	50.0
3078	I51	F30	0.4641	9.226149411299097
3079	I51	F39	0.429	9.797006751124078
3080	I51	H34	0.2479	7.598110946640667
3081	I51	H40	0.3435	6.536091969710569
3082	I51	I11	0.2366	14.876355969624084
3083	I51	I35	0.3432	10.206432191636546
3084	I51	I46	0.2444	15.14965884770718
3085	I51	I47	0.2269	15.024677841996823
3086	I51	I49	0.3013	21.1247947134209
3087	I51	I64	0.0672	28.903135759777435
3088	I51	I65	0.4077	17.503517411257405
3089	I51	I67	0.4054	9.93700270908059
3090	I51	I70	0.0246	47.24716834103976
3091	I51	I72	0.3469	8.894723077757481
3092	I51	I95	0.1115	26.088518311413985
3093	I51	J81	0.2516	7.80649079548391
3094	I51	K72	0.1612	11.992939413963844
3095	I51	L50	0.4714	11.635189673557587
3096	I51	M10	0.1619	15.929848861021053
3097	I51	N18	0.0315	44.05276319161708
3098	I51	N19	0.4814	8.542589217428176
3099	I51	N20	0.3807	6.881609873980508
3100	I51	N42	0.2105	8.428859096963482
3101	I63	D65	0.3325	6.615499681707506
3102	I63	D68	0.3376	14.51175955155357
3103	I63	D69	0.3793	6.115509427164065
3104	I63	E40	0.4409	6.615499681707506
3105	I63	E46	0.4409	6.615499681707506
3106	I63	G12	0.362	5.1690795833809595
3107	I63	H34	0.1117	11.780394915848257
3108	I63	H35	0.4382	5.7568285967960175
3109	I63	I05	0.1986	7.548774377898622
3110	I63	I26	0.4556	8.8950244535935
3111	I63	I61	0.156	16.829639256111484
3112	I63	I64	0.0794	27.133837051585758
3113	I63	I70	0.4622	9.992792205268778
3114	I63	I81	0.2568	6.033722152913639
3115	I63	M87	0.0893	14.131205800501895
3116	I63	N96	0.3159	6.615499681707506
3117	I64	K44	0.379	10.480489032103534
3118	I64	C90	0.4756	8.070295088429988
3119	I64	D69	0.2768	8.076914270513017
3120	I64	G00	0.3679	6.228541937551492
3121	I64	G12	0.409	4.573035868474413
3122	I64	G57	0.4241	4.171247030738518
3123	I64	H34	0.1271	11.1123804352744
3124	I64	H35	0.335	7.609382410579891
3125	I64	I05	0.2178	7.13699728088984
3126	I64	I26	0.4932	8.023649144547988
3127	I64	I61	0.2879	11.451985174629643
3128	I64	I70	0.0815	32.159537707591205
3129	I64	K25	0.3381	7.829866065632389
3130	I64	K72	0.2038	10.514128265672738
3131	I64	K83	0.3789	6.715752024728813
3132	I64	K92	0.4705	4.330747106622547
3133	I64	M87	0.4099	5.426373917738943
3134	I64	N18	0.1969	20.902805165760533
3135	I64	N96	0.3401	6.207666772914017
3136	I70	K44	0.3189	14.766873614502538
3137	I70	A78	0.4587	4.093951466416666
3138	I70	B79	0.3432	5.973422613420272
3139	I70	C24	0.3956	3.7723198655736807
3140	I70	D71	0.4328	3.505410601805456
3141	I70	E78	0.0872	26.56258572707769
3142	I70	F22	0.4082	4.775308896217946
3143	I70	G12	0.3432	5.427444106617546
3144	I70	H35	0.0453	21.104881055585686
3145	I70	H40	0.3631	6.200841988904858
3146	I70	I11	0.3214	11.783162397868773
3147	I70	I35	0.4751	7.135560892575728
3148	I70	I65	0.242	27.206790122783676
3149	I70	I67	0.2708	14.226828500931148
3150	I70	I72	0.3808	8.119742567220824
3151	I70	J81	0.2221	8.501440513332549
3152	I70	K55	0.4059	5.608233550971954
3153	I70	N18	0.1154	27.70366708979706
3154	J81	K44	0.469	4.314837404839628
3155	J81	L40	0.4571	4.460191146361608
3156	J81	M07	0.3406	6.115806785572873
3157	J81	N18	0.2684	7.446832502402627
3158	J81	L73	0.4939	4.022688043397763
3159	J81	D57	0.4786	4.19996102674741
3160	J81	H35	0.4643	4.371422373380478
3161	J81	G00	0.3927	5.316084499851254
3162	K25	K20	0.4604	5.895004754181232
3163	K25	K26	0.0939	42.0601070363849
3164	K25	K27	0.0143	36.416330402126306
3165	K25	M16	0.4615	3.8087007411263287
3166	K25	M71	0.3656	5.014950634140534
3167	K25	N94	0.3192	7.066791270266841
3168	K44	I06	0.4616	7.18375876663824
3169	K44	I11	0.3696	10.359319096071745
3170	K44	I35	0.4194	8.317807709963756
3171	K44	K21	0.3145	11.010388090841843
3172	K44	K92	0.1168	12.07239740244839
3173	K44	N18	0.4689	9.786647942632698
3174	K83	N18	0.2048	10.893033248225166
3175	K83	N30	0.4183	6.037921838085003
3176	K83	K74	0.4901	4.86341849226615
3177	K83	K80	0.4665	8.283760206868344
3178	K83	K81	0.4865	8.711697334709626
3179	K86	N18	0.4068	5.717503480017109
3180	K86	I61	0.4402	5.234795065915146
3181	K86	K80	0.4018	5.792779624260846
3182	K86	K85	0.1159	13.620040817278866
3183	L40	B02	0.3733	5.283393096043304
3184	L40	B16	0.0982	17.522893075967314
3185	L40	B26	0.2386	11.503493101137034
3186	L40	C44	0.3885	10.92263780013178
3187	L40	K02	0.004	50.0
3188	L40	K40	0.03	50.0
3189	L40	K74	0.3957	6.300081246416318
3190	L40	L21	0.1179	17.124269225331858
3191	L40	L24	0.2106	8.902981441063885
3192	L40	L57	0.4859	7.547247977603313
3193	L40	L73	0.4157	5.062291390194754
3194	L40	L93	0.3658	11.721988565839883
3195	L40	M05	0.0939	38.49295482700045
3196	L40	M07	0.0051	47.430179194519745
3197	L40	M30	0.3247	6.913236813904156
3198	L40	M34	0.4779	6.632535193627924
3199	L40	M45	0.0403	29.363822199565494
3200	L57	C02	0.3499	5.517430540329489
3201	L57	C43	0.0152	50.0
3202	L57	C44	0.0114	50.0
3203	L57	C80	0.3443	10.397921303493503
3204	L57	D23	0.3593	9.17064334044769
3205	L57	D36	0.3398	8.845606021492006
3206	L57	D48	0.2626	10.37816371415918
3207	L57	D83	0.4849	4.081175250417741
3208	L57	E70	0.4051	5.10765652262044
3209	L57	L21	0.1771	13.944363881256711
3210	L57	L53	0.4289	4.20461209497916
3211	L57	L55	0.1062	50.0
3212	L57	L81	0.3063	9.406885036239357
3213	L57	L82	0.0284	44.21864490747737
3214	L57	L98	0.1042	16.601728797603396
3215	L57	M05	0.3207	18.719841664289163
3216	L57	M71	0.4603	3.8872861396053278
3217	M13	M05	0.3543	14.016978500846449
3218	M13	I49	0.2975	16.347665652700268
3219	M13	D80	0.4636	4.917735253864792
3220	M13	F52	0.3498	39.3429922952227
3221	M13	G50	0.2434	28.26214200013254
3222	M13	I84	0.2082	38.403868908856026
3223	M13	K64	0.1938	36.05000160647557
3224	M13	L29	0.1996	43.99557758317305
3225	M13	L55	0.3424	24.566478855477467
3226	M13	M19	0.054	50.0
3227	M13	M54	0.1384	50.0
3228	M13	M79	0.0732	50.0
3229	M13	N94	0.1983	9.919880836350922
3230	M45	M07	0.0693	24.564768804127873
3231	M45	L21	0.321	9.234703831532926
3232	M45	L73	0.3327	6.30872924271947
3233	M45	M30	0.2611	8.217789641827961
3234	M45	M86	0.4037	4.637304616682385
3235	M45	N94	0.4755	4.637304616682385
3236	M86	N18	0.3849	4.875791978511661
3237	M86	M30	0.4638	3.9410355054193267
3238	M86	M10	0.3728	8.747951330137978
3239	M86	L03	0.3455	6.181441289078441
3240	M86	L97	0.2983	8.78731982982503
3241	M86	L98	0.3438	7.994656458161643
3242	N18	C24	0.4478	3.2888531031183312
3243	N18	D33	0.4504	3.2888531031183312
3244	N18	D57	0.3972	7.011444127620321
3245	N18	D69	0.3837	6.044447530490866
3246	N18	E21	0.4048	6.459307756322379
3247	N18	I05	0.3149	5.468321812758786
3248	N18	I11	0.2539	14.168528957009814
3249	N18	I12	0.016	44.4112335536061
3250	N18	I13	0.0318	39.87543087827585
3251	N18	I81	0.4101	4.017480183592623
3252	N18	M10	0.1609	15.980586832339283
3253	N18	N19	0.01	50.0
3254	N18	N20	0.2704	9.179444980520206
3255	N18	N25	0.3789	8.903800933546636
3256	N18	N94	0.4574	4.875791978511661
3257	G20	G21	0.4295	6.5870528880230195
3258	G20	G24	0.0783	25.85592878820663
3259	G20	G31	0.4063	4.289827860774762
3260	J20	A85	0.4511	3.694164751872965
3261	J20	C24	0.4645	3.1444198663979854
3262	J20	J40	0.4951	3.2831323475114367
3263	J20	J46	0.4343	3.694164751872965
3264	J46	A85	0.4723	3.3672937769371574
3265	M30	L93	0.3333	12.791834386676975
3266	D80	C91	0.4951	4.510226579367258
3267	D80	C83	0.129	12.375009758451267
3268	D80	D83	0.1429	11.812298123786457
3269	D80	C81	0.4464	5.151302672871329
3270	D83	B48	0.3664	5.631370675266267
3271	K02	B26	0.2769	10.548751523354577
3272	K02	F20	0.1451	21.239828242615413
3273	K02	K40	0.1265	30.363265651332036
3274	K02	M46	0.056	14.93490888732287
3275	E13	E78	0.419	19.10271723581602
3276	E13	E28	0.0927	50.0
3277	F51	F22	0.4319	6.662370876102928
3278	F51	F14	0.4373	6.57311444090786
3279	H40	I72	0.3575	6.29391283081822
3280	H40	H52	0.061	15.584957611376273
3281	H40	I46	0.495	7.688961960305622
3282	H40	I95	0.3826	11.732675535615432
3283	H40	K41	0.4351	8.272490870568168
3284	H40	M40	0.258	7.2424596932532195
3285	B02	D69	0.3754	6.180804210551992
3286	C90	C80	0.2458	15.165403277435455
3287	C90	C91	0.2386	16.152349042347605
3288	C90	C83	0.2033	15.829513622742196
3289	C90	C84	0.0251	50.0
3290	C90	C61	0.0382	34.780143441423604
3291	C90	C81	0.0121	46.6090702468522
3292	C90	C56	0.0358	35.45790685920379
3293	C90	C15	0.3401	5.035837138249299
3294	C90	C25	0.1295	39.58995546716462
3295	C90	C43	0.2423	17.41996045325921
3296	C90	C82	0.0592	50.0
3297	C90	C85	0.0883	46.28842862559036
3298	C90	C92	0.3707	12.271385415606764
3299	C90	C95	0.2725	24.697070656597997
3300	C90	C96	0.2994	9.934879072255763
3301	C90	D05	0.3566	13.959880756657085
3302	D69	C83	0.4154	8.787823305280728
3303	D69	C92	0.3885	11.69669408379776
3304	D69	D47	0.3443	11.322785596841728
3305	D69	D75	0.223	13.323476266145605
3306	D69	H34	0.4655	4.210530634851487
3307	H66	I79	0.2457	6.399367043957541
3308	H66	L28	0.415	3.2831323475114367
3309	J84	J96	0.244	7.151524179343286
3310	J84	N84	0.3324	5.650110103326503
3311	L93	M05	0.0864	28.002722922212637
3312	L93	M34	0.0784	22.356146761634058
3313	M07	J96	0.346	6.892450752326664
3314	M07	L21	0.1113	17.56460225129751
3315	M07	L73	0.199	9.133734050823609
3316	M07	M46	0.4584	4.4360452784825295
3317	M12	B16	0.3046	6.6389835500139505
3318	M12	C10	0.2396	7.925359588737524
3319	M12	M60	0.4501	5.930163857044716
3320	M34	M05	0.095	20.71662195667604
3321	M34	L53	0.4875	3.581106308305801
3322	E78	C24	0.4636	3.1521274759856883
3323	E78	I35	0.4368	7.9315524591064825
3324	E78	I72	0.4638	6.479321187937734
3325	E78	K80	0.1512	19.965108399514154
3326	E78	K81	0.4437	9.752450486615578
3327	E78	M10	0.2349	12.74963766745136
3328	F39	F12	0.0569	32.72210330642766
3329	F39	F30	0.0119	50.0
3330	F39	F42	0.3498	12.143190630478255
3331	F39	E23	0.4067	4.680093773390167
3332	F39	F11	0.291	24.87230649803779
3333	F39	F13	0.4739	16.10836039233872
3334	F39	F14	0.1523	34.12219076204481
3335	F39	F15	0.4739	16.10836039233872
3336	F39	F16	0.4739	16.10836039233872
3337	F39	F18	0.4739	16.10836039233872
3338	F39	F19	0.4739	16.10836039233872
3339	F39	F20	0.1565	20.442632846692756
3340	F39	F25	0.249	17.48820700419778
3341	F39	F29	0.4919	3.8235958808122086
3342	F39	F34	0.2646	16.10836039233872
3343	F39	F38	0.4896	5.407792541863693
3344	F39	F41	0.314	13.153958331778984
3345	F39	F50	0.1839	12.791909004907472
3346	F39	F60	0.3019	7.957502890528462
3347	F39	F91	0.4507	11.668555449495011
3348	F39	G00	0.4935	4.411579409314337
3349	F39	G10	0.0572	21.440019292409445
3350	F39	G40	0.4298	9.218833742264302
3351	F39	K85	0.3441	7.201467939097062
3352	F39	N42	0.4028	5.117859099398354
3353	G00	F12	0.2473	8.669032444878827
3354	G00	C80	0.4089	5.5758944434599345
3355	G00	C91	0.4537	8.976621826398231
3356	G00	C83	0.4788	7.3760247170529
3357	G00	K92	0.3886	5.41327024079205
3358	G00	F30	0.4764	4.6305286568830155
3359	G00	I81	0.4744	4.655590362698096
3360	G00	G50	0.3919	5.838727615826077
3361	G00	C02	0.3764	6.087385106012083
3362	G00	G12	0.3209	5.751101990915598
3363	G00	G92	0.1544	11.488956923887175
3364	G12	G60	0.419	6.173001410786809
3365	H35	K92	0.4831	4.181491416825226
3366	H35	H54	0.4034	17.578569404024925
3367	I05	B03	0.3668	4.017480183592623
3368	I05	I81	0.4651	3.4643304280914515
3369	I11	N19	0.3641	10.514128265672738
3370	I11	I12	0.2761	13.320243638069385
3371	I11	I13	0.2366	14.874565837947667
3372	I61	F99	0.4979	4.4129993687433515
3373	I61	L25	0.4458	5.183703840828728
3374	I81	K92	0.4021	5.220099638155614
3375	I81	B03	0.4264	3.4643304280914515
3376	K92	C80	0.3083	6.715752024728813
3377	K92	C83	0.3567	5.896517354622072
3378	K92	E40	0.3629	5.798416971949452
3379	K92	E46	0.3629	5.798416971949452
3380	K92	C20	0.488	4.123286676714377
3381	L70	A75	0.1123	11.903383609364369
3382	L70	A77	0.0843	13.380345460426966
3383	L70	L88	0.3005	7.156115128370933
3384	L70	N42	0.4042	5.098709265404755
3385	M10	N19	0.2033	13.987722979527504
3386	M10	C84	0.4709	6.70227631273405
3387	M10	C61	0.4334	7.431382261128433
3388	M10	I12	0.3352	9.673871059858207
3389	M10	I13	0.2176	13.40470077881194
3390	M10	C25	0.3166	10.17010747933334
3391	M10	C95	0.492	6.317028634883003
3392	M10	C64	0.4934	6.290934081822478
3393	M10	C82	0.3176	10.141037751919281
3394	M10	C85	0.1529	16.41439186327556
3395	M10	K80	0.2969	13.048143192846599
3396	M10	N20	0.3574	7.312011683880851
3397	M65	L73	0.47	4.367384820650703
3398	M65	M16	0.2782	5.542276710440481
3399	M87	H34	0.3742	5.9659820554594685
3400	M87	N96	0.3389	6.551423707392893
3401	A17	B00	0.4993	3.4643304280914515
3402	A17	H30	0.2958	4.570760576162481
3403	A17	H60	0.4083	4.24799356370861
3404	A17	L26	0.3517	4.570760576162481
3405	A17	M71	0.465	3.8369253685283913
3406	A17	M77	0.3034	4.570760576162481
3407	C80	F12	0.3432	10.428349816362386
3408	C80	C81	0.1881	16.203955145489086
3409	C80	C56	0.2446	13.689109068816721
3410	C80	C61	0.0342	32.236944240112415
3411	C80	D07	0.1212	20.391508857401135
3412	C80	C02	0.2554	7.086752334157196
3413	C80	C43	0.4742	9.232747342729674
3414	C80	C60	0.1836	10.588345390353659
3415	C80	C74	0.2777	7.3309795378352005
3416	C80	C83	0.1339	19.897851350052377
3417	C80	C91	0.2021	17.990903268838547
3418	C80	C92	0.2968	14.9928320792147
3419	C80	C96	0.33	9.155613945177976
3420	C80	D05	0.3749	13.294865309040437
3421	C80	D09	0.4869	4.283906415994681
3422	C80	D48	0.3672	7.904074546295228
3423	C80	F24	0.3391	5.879530468252253
3424	C80	N85	0.343	4.283906415994681
3425	C80	N97	0.4988	5.258146282153606
3426	D57	B54	0.1402	17.496451135590906
3427	D57	D56	0.0664	19.820753723424893
3428	D57	D58	0.2102	15.48228934008064
3429	D57	D74	0.3266	6.238553283417065
3430	D75	D45	0.1476	16.785113018904408
3431	D75	C75	0.3981	5.198601815830814
3432	D75	D47	0.0309	29.54319960592856
3433	D75	E83	0.2347	9.926692171622166
3434	H34	B03	0.4264	3.4643304280914515
3435	H34	L95	0.4492	3.4643304280914515
3436	H34	N96	0.1654	10.096809272240181
3437	I06	I35	0.0037	50.0
3438	I06	I71	0.1409	14.397333847756551
3439	I06	I72	0.2992	10.116694483063128
3440	I06	I83	0.4136	8.582326674050329
3441	I06	L91	0.448	3.8461506589883614
3442	I35	I79	0.4566	3.7318307045180483
3443	I35	C46	0.4814	3.7318307045180483
3444	I35	I65	0.3512	20.314188857881028
3445	I35	I71	0.1321	14.833110552347453
3446	I35	I72	0.0498	24.550796818379272
3447	I35	I83	0.3751	9.511007353549733
3448	I72	I79	0.4208	4.096408321820264
3449	I72	I67	0.1246	22.228382788225503
3450	I72	I65	0.1863	31.945487466099504
3451	I72	I71	0.2242	11.179499521743711
3452	I72	I99	0.4505	5.344910456773126
3453	I72	K40	0.4833	10.978666027594317
3454	K55	J17	0.4942	4.454842397617298
3455	L95	A90	0.4245	3.694164751872965
3456	L95	D65	0.4245	3.694164751872965
3457	L95	F21	0.4678	4.570760576162481
3458	N46	C02	0.4948	3.8946446664901417
3459	N46	C74	0.4817	4.039465046387847
3460	N46	N97	0.2815	9.473852010391754
3461	N94	F12	0.1575	11.277787286439004
3462	N94	M16	0.4102	5.542276710440481
3463	N94	M71	0.3335	6.802486148370133
3464	N94	H57	0.439	4.213949465733959
3465	N94	N95	0.4477	3.0813841362104997
3466	N97	C61	0.3277	8.363146987804157
3467	N97	D07	0.2996	9.01956575609779
3468	N97	D05	0.3691	7.489822703543835
3469	N97	C95	0.4706	5.691925046067238
3470	N97	E28	0.0253	26.20505135989082
3471	N97	C85	0.3858	7.1624804029653735
3472	N97	D25	0.4095	6.722750337756757
3473	N97	N62	0.2855	6.079996839652363
3474	N97	N91	0.1518	11.369318856385593
3475	D65	D68	0.3746	13.15998514312341
3476	D68	I86	0.2149	20.292099256875446
3477	D68	I82	0.0686	34.285733875749536
3478	D68	I83	0.2787	16.981234964523537
3479	D68	I26	0.0783	26.980063582272336
3480	D68	I27	0.1897	18.54236150081459
3481	D68	I74	0.2318	9.530042694579272
3482	D68	I80	0.0456	37.36437182777614
3483	D68	I99	0.4012	6.101311741229057
3484	D68	K72	0.3406	7.2100375763683475
3485	E40	E46	0.0584	20.315969612277502
3486	E40	E63	0.2208	16.565753811547815
3487	E46	E63	0.2208	16.565753811547815
3488	I26	I82	0.135	21.639660399977004
3489	I26	I27	0.1505	20.950712543025524
3490	I26	I80	0.155	23.37556887805021
3491	I26	K72	0.3897	6.329062363756284
3492	B16	C10	0.2684	7.275711887743098
3493	B16	L24	0.3481	6.399367043957541
3494	B16	M60	0.491	5.294812301051207
3495	J39	J33	0.2284	11.378351379082845
3496	L73	M46	0.3699	5.717503480017109
3497	F17	F12	0.3053	16.909327209121418
3498	F17	F13	0.2338	30.888464499390448
3499	F17	F14	0.2316	26.669890296194588
3500	F17	F15	0.2338	30.888464499390448
3501	F17	F16	0.2338	30.888464499390448
3502	F17	F18	0.2338	30.888464499390448
3503	F17	F19	0.2338	30.888464499390448
3504	F17	E22	0.4263	6.141012463425109
3505	F17	F11	0.3505	21.19642579568362
3506	F17	F20	0.3503	11.747750226417105
3507	F17	F25	0.322	14.323732477711433
3508	F17	F91	0.4049	13.205873538730826
3509	G43	K62	0.346	6.560141004420353
3510	I79	L28	0.4844	3.4643304280914515
3511	L25	N20	0.4711	5.41564124365758
3512	C44	M05	0.0846	28.13241825358867
3513	C44	D23	0.2485	16.015635977531506
3514	C44	D36	0.2611	15.453963777999455
3515	C44	C43	0.0268	43.5119383795242
3516	C44	D48	0.3091	9.184505954177334
3517	C44	L21	0.2321	11.814395443999077
3518	C44	L55	0.1845	38.17404955537805
3519	C44	L81	0.2469	11.05906205549358
3520	C44	L82	0.0865	31.319015425609663
3521	C44	L98	0.1414	14.433753508909422
3522	I46	I95	0.0269	36.92482366019433
3523	I46	I49	0.4474	8.774219814232556
3524	I46	K64	0.3877	10.299983206457078
3525	I46	L50	0.1048	33.107734093674935
3526	I46	N40	0.4122	5.160214873471796
3527	I46	N49	0.4812	4.872475611213558
3528	I95	H69	0.3838	7.359461378986631
3529	I95	L50	0.0615	40.1728430046801
3530	I95	N40	0.3012	6.880432257942567
3531	J33	K20	0.2675	9.831575816889401
3532	K20	K21	0.2957	9.118363442594017
3533	L21	H60	0.482	5.965735488920202
3534	L21	L26	0.4299	6.888920459755596
3535	L21	L98	0.2138	12.463320931374636
3536	L21	C43	0.31	9.511564908500043
3537	L21	L82	0.2881	10.097600723240088
3538	L21	L53	0.3047	5.843701253364034
3539	L21	L81	0.2052	12.463320931374636
3540	L50	N40	0.356	5.970635611286289
3541	M05	L53	0.2589	6.612356663767563
3542	K29	M66	0.4966	4.761080537072774
3543	N12	N16	0.0265	19.072604163585844
3544	K21	K27	0.1366	18.025042533937146
3545	K21	K58	0.296	11.561574090428666
3546	K21	F38	0.4847	5.481214345140003
3547	K21	F41	0.0882	26.633295891598248
3548	L53	C91	0.2068	7.66379054216783
3549	L53	C43	0.4764	3.693727737566489
3550	D45	D56	0.4727	4.540886813423602
3551	D45	D74	0.3541	6.238553283417065
3552	D45	C86	0.4385	5.615489151817644
3553	D45	E83	0.198	10.872759414207652
3554	J35	J36	0.1258	12.249548280741877
3555	M16	M51	0.4279	4.728197269469645
3556	M16	H57	0.399	4.649081633102607
3557	M16	M71	0.0563	13.750394213428468
3558	M16	N83	0.4897	3.9426547360072206
3559	M71	H57	0.2997	5.891868862858612
3560	M71	K11	0.3995	4.581776117284687
3561	M71	M77	0.4309	3.2831323475114367
3562	C10	M60	0.4131	6.5542667401163115
3563	H91	H81	0.4988	4.855853791459436
3564	H91	M51	0.3634	5.6032460121228205
3565	H91	H93	0.4179	5.754628268433644
3566	M60	K40	0.3958	6.864372926681629
3567	M60	G72	0.1591	26.77679708453482
3568	M60	H02	0.4911	3.2743520574124694
3569	M60	M62	0.1475	31.66492641498177
3570	A69	B74	0.2636	9.473852010391754
3571	A69	G62	0.1502	21.713965573505916
3572	D71	B79	0.4967	3.024807359805699
3573	C52	H71	0.3138	5.138610628372628
3574	H30	H60	0.4613	3.694164751872965
3575	H30	L26	0.4026	4.017480183592623
3576	H30	M67	0.4819	3.024807359805699
3577	H30	M77	0.3533	4.017480183592623
3578	L26	H60	0.4351	3.694164751872965
3579	L26	M77	0.3533	4.017480183592623
3580	M77	H60	0.3858	3.694164751872965
3581	M77	M25	0.4471	3.1444198663979854
3582	K40	I71	0.371	7.5557435801024795
3583	K40	B34	0.4108	13.387354152394131
3584	K40	K41	0.2854	12.209341697475395
3585	K40	K42	0.2913	15.93670285851705
3586	K40	K43	0.3378	13.373024988089002
3587	K40	K45	0.0803	41.55993497250444
3588	K40	K46	0.0827	40.60429306620873
3589	A81	F02	0.0023	36.88002525630702
3590	F02	F22	0.4162	4.673541794730403
3591	F02	E85	0.4332	7.433072088125442
3592	F02	A85	0.3793	7.976769449574567
3593	A75	A77	0.125	26.29536587420035
3594	L81	C92	0.4417	6.559760641005725
3595	L81	C95	0.3902	7.530228275380821
3596	L81	C43	0.1427	15.175637701652391
3597	L81	D48	0.3201	9.068522038731428
3598	L81	L55	0.056	21.935542087798606
3599	L81	L98	0.2836	9.99829247284797
3600	L81	L82	0.3602	8.153085750111122
3601	L81	G57	0.3886	4.556825839974091
3602	L98	L03	0.2671	9.843100141532997
3603	L98	I74	0.4948	4.761080537072774
3604	L98	I83	0.4669	7.424426308553231
3605	L98	I99	0.4054	6.033722152913639
3606	L98	D48	0.1506	14.300951782128626
3607	L98	L55	0.4564	18.10013043766148
3608	L98	L97	0.3722	7.548774377898622
3609	N40	I84	0.2921	7.046571281131056
3610	N40	K64	0.3181	6.584864166348626
3611	N40	L29	0.3487	6.08467290965534
3612	N40	K63	0.3426	6.180804210551992
3613	C43	C91	0.1875	20.519245945159593
3614	C43	C83	0.4524	7.940199054302178
3615	C43	C84	0.2029	19.56713777164982
3616	C43	C92	0.1291	25.072988797170154
3617	C43	C95	0.3022	22.763402305062666
3618	C43	D23	0.3688	12.311868986133296
3619	C43	D36	0.3821	11.878170174690398
3620	C43	C25	0.4569	9.688395941186544
3621	C43	D05	0.4657	9.454822782031377
3622	C43	C37	0.3902	4.49718185106497
3623	C43	C64	0.0915	13.808511294750877
3624	C43	C73	0.2161	10.874343957696881
3625	C43	C94	0.2061	16.8949771018606
3626	C43	C96	0.2466	11.47615010932085
3627	C43	D03	0.3632	5.763672021457924
3628	C43	D17	0.4527	4.49718185106497
3629	C43	D22	0.308	9.545941603891913
3630	C43	D48	0.4865	5.763672021457924
3631	C43	D76	0.2756	6.099824093477854
3632	C43	E70	0.4513	4.574924375042498
3633	C43	L82	0.193	21.5206736795071
3634	D81	A83	0.3468	6.536091969710569
3635	D81	A95	0.3468	6.536091969710569
3636	L82	C84	0.4664	10.22071157403759
3637	L82	L55	0.4097	20.53716807749474
3638	L82	L99	0.2003	21.053041360318343
3639	L82	D23	0.3007	15.91044455341395
3640	L82	D36	0.3113	15.46794011210464
3641	A04	K58	0.4403	7.222525234536483
3642	N04	N06	0.3813	7.548774377898622
3643	N04	N07	0.3813	7.548774377898622
3644	N04	B33	0.4998	5.468161030458212
3645	N04	N00	0.4656	6.033722152913639
3646	N04	N01	0.4393	6.615499681707506
3647	N04	N05	0.0005	50.0
3648	N05	N06	0.3859	7.688961960305622
3649	N05	N07	0.3859	7.688961960305622
3650	N05	B33	0.4938	5.742063214776907
3651	N05	N00	0.4571	6.173001410786809
3652	N05	N01	0.4316	6.751535829217868
3653	D73	C54	0.4619	4.039465046387847
3654	D73	C66	0.4648	3.2831323475114367
3655	D89	C83	0.217	7.4236114097255985
3656	D89	C92	0.4471	4.028221166752418
3657	D89	C93	0.4352	4.159111970403621
3658	D89	K06	0.2567	6.551423707392893
3659	D89	K66	0.4685	5.206406029394095
3660	K06	C83	0.3274	5.471494518817605
3661	D56	D58	0.4885	7.612433661335927
3662	D56	D74	0.2912	6.802486148370133
3663	A90	A83	0.1301	14.847009119502625
3664	A90	A95	0.1301	14.847009119502625
3665	B33	B34	0.2231	50.0
3666	B33	B99	0.3416	50.0
3667	B34	A83	0.3742	33.66816528063015
3668	B34	A95	0.3742	33.66816528063015
3669	B34	B99	0.3416	50.0
3670	L28	C88	0.4394	4.017480183592623
3671	L28	K05	0.415	3.2831323475114367
3672	C30	C60	0.4411	3.4643304280914515
3673	C30	N15	0.334	4.570760576162481
3674	C30	N90	0.334	4.570760576162481
3675	C30	C37	0.466	3.694164751872965
3676	C30	D33	0.4676	3.1444198663979854
3677	C15	N15	0.4829	3.4643304280914515
3678	C15	N90	0.4829	3.4643304280914515
3679	C15	M61	0.1639	8.116746160263956
3680	C18	N39	0.4443	11.705981340937312
3681	C18	C56	0.2187	21.455366051549344
3682	C18	C20	0.0248	27.982198798992606
3683	C18	C54	0.2174	15.596872847224617
3684	C18	C79	0.3185	10.806731884297912
3685	C18	D05	0.498	9.49009240213986
3686	C18	D12	0.0754	25.48603698033695
3687	C18	K63	0.0035	50.0
3688	C20	C61	0.3176	9.169404603090353
3689	C20	N39	0.2259	11.806272597470928
3690	C20	C56	0.0599	21.70955128167021
3691	C20	D76	0.4351	4.230906849968117
3692	C20	K63	0.2485	15.07077453402566
3693	C23	E24	0.3472	5.414526003861791
3694	C23	C56	0.3938	7.6222643717838965
3695	C23	C60	0.2685	10.658841689424731
3696	C23	C24	0.3195	4.593856994614254
3697	C25	C84	0.1419	37.88180847121678
3698	C25	C61	0.1374	38.4907563429514
3699	C25	C82	0.1554	33.68139939565237
3700	C25	C81	0.1145	41.87542562148199
3701	C25	C85	0.095	44.96432307860855
3702	C25	C95	0.2276	28.055331775338814
3703	C25	G21	0.405	7.034192829701807
3704	C25	C56	0.0736	50.0
3705	C25	C24	0.2366	5.717503480017109
3706	C25	C79	0.1129	19.814857556290786
3707	C25	D05	0.0288	46.094950589923705
3708	C54	C56	0.04	31.236614435938414
3709	C54	D05	0.3811	10.031469871251085
3710	C54	C24	0.2929	4.92286280786883
3711	C54	D12	0.0655	26.74073603799901
3712	C56	C83	0.2983	12.061548299538831
3713	C56	C84	0.094	32.60003629356547
3714	C56	C61	0.0197	50.0
3715	C56	C82	0.2018	29.13297268609432
3716	C56	C81	0.2085	29.75400436486532
3717	C56	C92	0.0421	38.395855628095
3718	C56	C85	0.1585	35.55070052789418
3719	C56	C95	0.0686	50.0
3720	C56	G21	0.4279	6.615499681707506
3721	C56	C24	0.4148	3.5879458788447294
3722	C56	C73	0.4016	6.6424011893827615
3723	C56	C74	0.3661	5.788229688442491
3724	C56	C79	0.2031	14.801705014429007
3725	C56	D05	0.0209	50.0
3726	C56	D07	0.4755	5.139491233125224
3727	C56	D12	0.0539	28.460634662043248
3728	C56	D17	0.4204	4.8730687259580066
3729	C56	D32	0.2095	9.567054659354527
3730	C56	D46	0.1025	34.799105671947814
3731	C60	C81	0.4632	4.931232658076225
3732	C60	C02	0.3119	7.3844196788034075
3733	C60	N15	0.3568	4.017480183592623
3734	C60	N90	0.3568	4.017480183592623
3735	C61	C83	0.3728	9.859105428685782
3736	C61	C84	0.1729	24.37802998120541
3737	C61	C81	0.0793	32.73214036605963
3738	C61	C37	0.4084	4.293278903891538
3739	C61	C73	0.4917	5.211567990667094
3740	C61	C74	0.2324	8.314779237549043
3741	C61	C82	0.2026	29.057895891128233
3742	C61	C85	0.1529	36.22091260043536
3743	C61	C92	0.3366	13.452401699995509
3744	C61	C95	0.1494	35.83556133942308
3745	C61	D05	0.0831	32.878581071249165
3746	C61	D07	0.1077	14.879844581730106
3747	C61	F24	0.4649	4.293278903891538
3748	C61	L65	0.3605	4.293278903891538
3749	C79	G21	0.2085	12.000986559044375
3750	C79	D05	0.2673	12.380862755602443
3751	C79	C48	0.4704	4.017480183592623
3752	C81	C83	0.4459	8.085044279215795
3753	C81	C84	0.0842	34.069628095995846
3754	C81	C82	0.1577	33.422460021742424
3755	C81	C85	0.1252	39.91949536540852
3756	C81	C92	0.4299	10.454388371135217
3757	C81	C95	0.1893	31.463553475527466
3758	C81	D05	0.4061	12.224848598313503
3759	C83	C91	0.007	47.789605170444055
3760	C83	C84	0.0202	37.92939767960798
3761	C83	C64	0.4863	4.347853724156756
3762	C83	C88	0.3619	4.898951077265634
3763	C83	C92	0.0568	34.84392926551611
3764	C83	C94	0.4001	9.971053260704217
3765	C83	C95	0.4615	14.78979164609653
3766	C83	C96	0.0862	19.58321428471354
3767	C83	D76	0.4927	3.6711192648285413
3768	C84	C91	0.3003	13.596164986170262
3769	C84	L99	0.3813	13.525215287413369
3770	C84	C82	0.1204	38.062710607948404
3771	C84	C85	0.1188	40.87495171727522
3772	C84	C86	0.1412	11.668228915117034
3773	C84	C94	0.4597	8.489647055422514
3774	C84	C95	0.0993	43.29084148792286
3775	C84	D05	0.3449	14.403912736963088
3776	C84	E24	0.4649	3.958424643169707
3777	C92	C91	0.0258	44.1390681047837
3778	C92	C62	0.4413	3.230809741779472
3779	C92	C64	0.471	4.537409841247393
3780	C92	C86	0.4568	5.3621775753829155
3781	C92	C93	0.0091	29.16807641136758
3782	C92	C94	0.006	50.0
3783	C92	C95	0.0686	50.0
3784	C92	C96	0.3022	9.859105428685782
3785	C92	D46	0.032	50.0
3786	C92	G57	0.38	4.654767526143897
3787	C94	C91	0.4434	8.87590263390786
3788	C94	C95	0.0686	50.0
3789	D05	C85	0.4439	16.011415456109575
3790	D05	C95	0.2959	23.155711362704945
3791	D05	G21	0.4121	6.900889371164219
3792	D05	N62	0.3959	4.567473491653939
3793	D12	K63	0.4227	9.566375081308191
3794	G21	I67	0.2387	15.550007892882586
3795	G21	F03	0.0263	26.478548093565013
3796	G21	F80	0.2752	5.405300183806363
3797	G21	G10	0.3198	8.893748893458042
3798	G21	H93	0.0744	15.614806618101655
3799	N85	F70	0.4742	3.105918528189328
3800	C02	C74	0.3842	5.516676623637627
3801	C02	N15	0.4497	3.1444198663979854
3802	C02	N90	0.4497	3.1444198663979854
3803	C37	N15	0.4125	4.24799356370861
3804	C37	N90	0.4125	4.24799356370861
3805	C64	F12	0.3984	5.521331337111269
3806	C64	C91	0.4166	5.259589308760208
3807	C64	C95	0.3735	5.898710699379031
3808	C64	C73	0.4736	4.50376681557649
3809	C64	C96	0.4763	6.180804210551992
3810	C64	D09	0.3731	5.71732847791959
3811	C64	D25	0.1831	10.027360845144399
3812	C74	E24	0.172	8.805655399445538
3813	C74	E30	0.4986	11.524704498886845
3814	C74	N15	0.4423	3.2075819510196513
3815	C74	N90	0.4423	3.2075819510196513
3816	C91	C85	0.3142	22.667616066468124
3817	C91	C88	0.1268	9.259071942762688
3818	C91	C95	0.0686	50.0
3819	C91	C96	0.0412	25.017060595320732
3820	D09	G10	0.3239	8.795708783474979
3821	D32	D17	0.2077	8.130259001706326
3822	C95	C82	0.1378	35.7506031282656
3823	C95	C85	0.0739	49.50694564876819
3824	C95	C96	0.2718	10.704868529671572
3825	C95	D17	0.4839	4.152835442958973
3826	C95	D46	0.032	50.0
3827	D07	F24	0.23	7.698015066068208
3828	D07	N62	0.3421	5.249208548939821
3829	D07	N95	0.4551	3.024807359805699
3830	D23	C71	0.4882	4.983217965909658
3831	D23	D36	0.0008	50.0
3832	D23	H47	0.4797	4.138784798642731
3833	D23	N15	0.4497	3.1444198663979854
3834	D23	N90	0.4497	3.1444198663979854
3835	D36	C71	0.4984	4.8467080311868465
3836	D36	H47	0.4919	4.0065829590399815
3837	D36	N15	0.4573	3.0813841362104997
3838	D36	N90	0.4573	3.0813841362104997
3839	N62	C55	0.264	6.755673408926039
3840	N62	N95	0.4316	3.2075819510196513
3841	N01	N06	0.2222	11.699736282986207
3842	N01	N07	0.2222	11.699736282986207
3843	N01	N00	0.2768	10.096809272240181
3844	N06	N00	0.233	11.074481796551463
3845	N06	N07	0.2127	12.690745674055965
3846	N07	N00	0.233	11.074481796551463
3847	D55	D58	0.1957	16.09870254851948
3848	D58	B54	0.365	10.458571693614083
3849	D58	N42	0.4825	4.147336314931801
3850	G92	G96	0.4327	5.2608432088294474
3851	N19	E21	0.4279	6.078252377883453
3852	N19	I12	0.009	50.0
3853	N19	I13	0.0121	50.0
3854	N19	L03	0.4579	4.59608944678838
3855	N19	N13	0.4161	5.626778084555363
3856	N19	N20	0.4453	5.8049086649541595
3857	N19	N25	0.2481	12.496962595548021
3858	N19	N36	0.3799	6.207666772914017
3859	E28	L65	0.4791	3.30767686022256
3860	F12	E22	0.306	8.459004435353323
3861	F12	F11	0.0789	50.0
3862	F12	F13	0.2654	28.267634591936197
3863	F12	F14	0.0781	45.82313633322841
3864	F12	F15	0.2654	28.267634591936197
3865	F12	F16	0.2654	28.267634591936197
3866	F12	F18	0.2654	28.267634591936197
3867	F12	F19	0.2654	28.267634591936197
3868	F12	F20	0.4865	8.1211891630815
3869	F12	F25	0.3796	12.282737970318081
3870	F12	F30	0.0591	33.479437018196116
3871	F12	F38	0.3387	8.034372142817313
3872	F12	F41	0.4853	8.307475602872394
3873	F12	F42	0.2467	11.965417314162282
3874	F12	F43	0.2706	8.38765519405016
3875	F12	F91	0.4527	11.60506376762028
3876	F12	I45	0.3515	12.842918972328143
3877	E22	F30	0.4889	5.172449251760401
3878	E22	N91	0.4924	4.695926238767766
3879	F11	F30	0.2837	25.37577612193015
3880	F11	F13	0.2144	32.67093914308458
3881	F11	F14	0.0613	50.0
3882	F11	F15	0.2144	32.67093914308458
3883	F11	F16	0.2144	32.67093914308458
3884	F11	F18	0.2144	32.67093914308458
3885	F11	F19	0.2144	32.67093914308458
3886	F11	F25	0.2875	15.719605415683432
3887	F11	F91	0.3753	14.287199983678773
3888	F11	I45	0.4912	8.779470224717308
3889	F11	K59	0.131	15.075496973700961
3890	F13	F30	0.4679	16.379379956299996
3891	F13	F14	0.1653	32.67093914308458
3892	F13	F15	0.1328	42.413318535225955
3893	F13	F16	0.1328	42.413318535225955
3894	F13	F18	0.1328	42.413318535225955
3895	F13	F19	0.1328	42.413318535225955
3896	F13	F25	0.1614	22.751038747832574
3897	F13	F91	0.2609	19.420292854727112
3898	F13	I45	0.3261	13.747441151597014
3899	F13	I47	0.4243	8.77533242290284
3900	F14	F30	0.1467	34.7790693909074
3901	F14	F42	0.4508	14.658246377485595
3902	F14	F20	0.4835	13.38347057318528
3903	F14	F15	0.2144	32.67093914308458
3904	F14	F16	0.2144	32.67093914308458
3905	F14	F18	0.2144	32.67093914308458
3906	F14	F19	0.2144	32.67093914308458
3907	F14	F25	0.2875	15.719605415683432
3908	F14	F43	0.1945	10.300033021760827
3909	F14	F91	0.3753	14.287199983678773
3910	F14	I45	0.4912	8.779470224717308
3911	F14	K59	0.2966	9.619725445752982
3912	F15	F30	0.4679	16.379379956299996
3913	F15	F16	0.1328	42.413318535225955
3914	F15	F18	0.1328	42.413318535225955
3915	F15	F19	0.1328	42.413318535225955
3916	F15	F25	0.1614	22.751038747832574
3917	F15	F91	0.2609	19.420292854727112
3918	F15	I45	0.3261	13.747441151597014
3919	F15	I47	0.4243	8.77533242290284
3920	F16	F30	0.4679	16.379379956299996
3921	F16	F18	0.1328	42.413318535225955
3922	F16	F19	0.1328	42.413318535225955
3923	F16	F25	0.1614	22.751038747832574
3924	F16	F91	0.2609	19.420292854727112
3925	F16	I45	0.3261	13.747441151597014
3926	F16	I47	0.4243	8.77533242290284
3927	F18	F30	0.4679	16.379379956299996
3928	F18	F19	0.1328	42.413318535225955
3929	F18	F25	0.1614	22.751038747832574
3930	F18	F91	0.2609	19.420292854727112
3931	F18	I45	0.3261	13.747441151597014
3932	F18	I47	0.4243	8.77533242290284
3933	F19	F30	0.4679	16.379379956299996
3934	F19	F25	0.1614	22.751038747832574
3935	F19	F91	0.2609	19.420292854727112
3936	F19	I45	0.3261	13.747441151597014
3937	F19	I47	0.4243	8.77533242290284
3938	F20	F30	0.1533	20.65831665804825
3939	F20	F38	0.4567	5.911282298544234
3940	F20	F41	0.1798	19.186662414914768
3941	F20	F80	0.4626	3.313240753424762
3942	F25	F30	0.2402	17.928150253469475
3943	F25	F29	0.2865	6.393233137823668
3944	F25	F91	0.4135	12.904089008520868
3945	F30	F42	0.3555	12.40762416484976
3946	F30	E23	0.3884	4.90623287308541
3947	F30	F29	0.4714	4.035940197123347
3948	F30	F34	0.2582	16.379379956299996
3949	F30	F38	0.48	5.5518100311782685
3950	F30	F41	0.2981	13.721768590313017
3951	F30	F50	0.1739	13.17561395652776
3952	F30	F60	0.2945	8.108849233020718
3953	F30	F91	0.4427	11.927995953031205
3954	F30	G10	0.0527	22.003643729236867
3955	F30	G40	0.4016	9.94614537904217
3956	F30	K85	0.4973	4.822283981548898
3957	F38	F41	0.1295	22.65550507331804
3958	F38	F43	0.365	6.5870528880230195
3959	F41	K58	0.2513	15.587587491372211
3960	F91	F60	0.3315	7.3844196788034075
3961	F91	I45	0.0241	43.855756065579016
3962	I45	I49	0.0298	41.50574803713407
3963	I45	I44	0.1798	20.854951800237934
3964	I45	G81	0.3449	7.321202059734359
3965	I45	I34	0.4162	5.314505757077423
3966	I45	I42	0.3437	20.379274834910504
3967	I45	I47	0.0056	49.417281399825
3968	I45	I48	0.4423	10.309446457566922
3969	A85	A23	0.4263	4.24799356370861
3970	F29	F24	0.3895	4.967222009481117
3971	G10	F80	0.334	4.637304616682385
3972	G40	F70	0.2733	14.034160141525355
3973	G40	F71	0.0292	36.596740340302055
3974	G40	F81	0.0254	37.935593309155166
3975	G40	F79	0.2995	13.069204301127616
3976	G40	F72	0.0745	28.18716458002482
3977	G71	G72	0.0401	43.553560665107234
3978	G57	H18	0.3394	5.141921348599766
3979	N64	G50	0.4396	4.4129993687433515
3980	N64	N60	0.2727	6.473253217862237
3981	E24	C96	0.3427	5.478979494953722
3982	E24	C75	0.1353	10.187664074497802
3983	E24	E26	0.3442	5.2879753540420085
3984	E24	N91	0.4715	4.965694671204193
3985	I83	I86	0.016	50.0
3986	I83	I74	0.4362	5.578754063519819
3987	I83	I82	0.2346	13.914782236230693
3988	I83	I80	0.245	17.86614647845436
3989	I83	I99	0.3563	6.871140515181388
3990	I47	I44	0.4272	8.705324357133085
3991	I47	I49	0.0053	50.0
3992	I47	I48	0.3427	10.921498524888838
3993	I47	G81	0.3327	7.536014877911857
3994	I47	I42	0.2324	27.315675248744547
3995	I49	M19	0.3203	20.029778024353156
3996	I49	K27	0.3353	10.115034054146708
3997	I49	K72	0.4163	5.895407701204254
3998	I49	G50	0.3658	20.313612330781144
3999	I49	I84	0.2383	35.20852385783943
4000	I49	K64	0.2287	32.525690274118816
4001	I49	L29	0.3409	29.790441770109855
4002	I49	M79	0.2055	30.78592835178595
4003	I49	I44	0.1886	14.8431558567784
4004	I49	F52	0.4384	31.174266588518595
4005	I49	G81	0.279	8.559599358031683
4006	I49	I42	0.2128	28.839482329643804
4007	I49	I48	0.0117	50.0
4008	I65	I67	0.0089	47.09692602447345
4009	I67	F03	0.3586	11.248727927902808
4010	I67	F80	0.479	3.168417553004269
4011	I67	H93	0.3562	6.748361937276469
4012	K72	I80	0.3172	7.672726634351726
4013	K72	K63	0.4959	4.738174948758198
4014	K72	I48	0.4065	11.34505833777334
4015	N20	N21	0.0171	24.68374189600377
4016	N42	H93	0.4411	5.414772150607885
4017	N42	H61	0.4051	5.086553684738034
4018	C88	J82	0.4394	4.017480183592623
4019	I71	M51	0.3223	8.582326674050329
4020	I71	L91	0.3989	4.284450244438563
4021	M51	L91	0.4887	3.5000612576236403
4022	M51	M47	0.3962	5.35283933154465
4023	M51	M48	0.2414	7.529116779341497
4024	K26	K27	0.0073	41.508790795984794
4025	L88	E85	0.459	5.107413332786667
4026	M19	G50	0.1577	32.14423765739672
4027	M19	L55	0.1867	29.281225286806947
4028	M19	K64	0.0988	40.007676262870575
4029	M19	F52	0.3142	43.1659689352358
4030	M19	I84	0.1763	42.30613078059996
4031	M19	L29	0.1657	48.83243118124096
4032	M19	M54	0.1384	50.0
4033	M19	M79	0.0732	50.0
4034	H80	K41	0.4643	4.556291763914358
4035	H80	K63	0.4106	5.207466834218507
4036	E87	I12	0.4058	5.36981068507729
4037	I12	L03	0.3687	5.819392549032305
4038	I12	E21	0.3228	7.994656458161643
4039	I12	I13	0.0121	50.0
4040	I12	N13	0.3374	6.871140515181388
4041	I12	N25	0.1745	15.357096050805499
4042	D33	C85	0.248	5.478979494953722
4043	D33	N15	0.4051	3.694164751872965
4044	D33	N90	0.4051	3.694164751872965
4045	E21	I13	0.2749	9.065012274345772
4046	E21	E20	0.1401	14.261262513424507
4047	E21	C75	0.4752	5.35283933154465
4048	E21	J17	0.4542	5.35283933154465
4049	E21	N13	0.3656	6.399367043957541
4050	E21	N25	0.3719	9.065012274345772
4051	I13	L03	0.3278	6.473253217862237
4052	I13	N13	0.3008	7.538492718549537
4053	I13	N25	0.1434	16.90826558280953
4054	N25	N13	0.4428	7.538492718549537
4055	I80	I86	0.1864	21.17517690014376
4056	I80	I99	0.3832	6.399367043957541
4057	I80	I82	0.0794	31.15661726742212
4058	I80	I27	0.1379	24.7540071888422
4059	I86	I82	0.2825	17.14420947200636
4060	I86	I27	0.4668	8.77089905641427
4061	I86	I74	0.3726	6.5870528880230195
4062	I86	I99	0.3034	7.904074546295228
4063	I99	I74	0.0916	15.299482431023305
4064	I99	I82	0.4723	5.035837138249299
4065	I99	I27	0.4172	5.847641615041196
4066	B25	A31	0.4808	3.3672937769371574
4067	N15	N90	0.2632	5.138610628372628
4068	G31	F03	0.462	3.7245208815570403
4069	G31	F00	0.3985	4.374444049906151
4070	M48	G52	0.4697	8.101871940418327
4071	M48	M47	0.3814	5.5245926734187325
4072	L55	G50	0.3823	22.094442284943106
4073	L55	I84	0.2716	32.09511860001217
4074	L55	K64	0.2601	29.774539578677768
4075	L55	L29	0.2218	41.230941948226565
4076	L55	F52	0.4169	33.00913936860888
4077	L55	M54	0.3791	25.25467854125011
4078	L55	M79	0.1829	32.98651043856023
4079	N10	N11	0.2443	9.632010323056718
4080	N11	E85	0.4615	6.107271706825152
4081	N39	K63	0.4224	9.574245224251946
4082	C96	C85	0.4278	16.727637328344393
4083	C96	C41	0.4839	3.694164751872965
4084	F24	C62	0.4525	3.1444198663979854
4085	F24	N95	0.3148	4.24799356370861
4086	H47	H02	0.3637	5.546626285625664
4087	I01	I30	0.0631	50.0
4088	N13	N21	0.4122	6.662370876102928
4089	E85	F00	0.0863	32.60989595423815
4090	E85	I68	0.1941	11.282677541528361
4091	E85	L99	0.3326	11.908491637605229
4092	I68	F03	0.4857	5.352362518455342
4093	F03	F00	0.024	47.16145916031326
4094	F03	F80	0.4186	3.7245208815570403
4095	F03	H93	0.2547	8.779486107363706
4096	F00	H11	0.4997	3.6983855207466156
4097	F00	L89	0.4491	3.6983855207466156
4098	G52	G51	0.3761	9.957601905356098
4099	C73	E04	0.2746	12.319889496074401
4100	C73	D25	0.4844	4.54325166414179
4101	E04	N84	0.479	7.2603870212708035
4102	E04	E01	0.1332	19.612048817388974
4103	H52	H18	0.4879	4.863469947549815
4104	H52	H33	0.4222	5.761513470308126
4105	K41	K42	0.24	18.196133136066244
4106	K41	K43	0.1722	20.692718104672128
4107	C85	C82	0.0719	50.0
4108	F52	G50	0.3117	43.45340551219008
4109	F52	I84	0.1266	50.0
4110	F52	K64	0.2588	50.0
4111	F52	L29	0.1654	48.88748875864884
4112	F52	M79	0.2887	46.16369923352299
4113	F52	M54	0.3442	39.92344771694192
4114	F70	F71	0.1707	33.48680344722058
4115	F70	F72	0.4442	10.151069221515959
4116	F70	F79	0.0251	50.0
4117	F70	F81	0.0908	50.0
4118	F70	F84	0.2351	18.521738702554163
4119	F70	F98	0.4391	5.379673643803378
4120	F70	H02	0.3312	4.96724027114317
4121	F70	H50	0.3268	6.615499681707506
4122	F70	L68	0.3866	8.672380996192489
4123	F80	F81	0.477	3.1863347213181474
4124	F80	N49	0.2555	7.867518345773552
4125	G50	I84	0.1747	42.51803524738286
4126	G50	K64	0.1585	40.2851239122684
4127	G50	L29	0.2515	37.90653234562014
4128	G50	M54	0.3289	28.830191586413033
4129	G50	M79	0.1631	35.13831123925272
4130	I84	K64	0.1266	50.0
4131	I84	M79	0.1555	45.23415257917385
4132	I84	M54	0.203	38.99811277749762
4133	I84	L29	0.1584	50.0
4134	K64	L29	0.1584	50.0
4135	K64	M54	0.2402	36.63913474839296
4136	K64	M79	0.1076	42.91212985696344
4137	L29	M79	0.1584	50.0
4138	L29	M54	0.1942	44.7050910501472
4139	M54	M79	0.1384	50.0
4140	N84	L84	0.3813	5.35283933154465
4141	N84	D25	0.2207	10.816344091723519
4142	N91	E25	0.2748	8.728582055659988
4143	K80	K81	0.0094	41.63980075911709
4144	K80	K85	0.0969	14.59635295956205
4145	K80	E53	0.2671	14.148241477458601
4146	K80	E29	0.3275	7.132741829359917
4147	K80	E80	0.1808	22.018197316716073
4148	I34	I44	0.2338	8.334068025088966
4149	I34	I42	0.3106	6.890276589330498
4150	I42	I48	0.3379	20.684375818714962
4151	K59	K58	0.3014	9.506130832481782
4152	I82	I27	0.0156	42.55623351040542
4153	H18	C69	0.2062	40.2786139951693
4154	H18	D31	0.2062	40.2786139951693
4155	H93	K58	0.4396	5.4359326161656085
4156	C93	D22	0.3856	8.130259001706326
4157	C93	H02	0.4372	3.783218411003555
4158	D25	C71	0.2859	7.59745539153729
4159	K42	K45	0.3834	17.18538906763318
4160	K42	K46	0.3829	16.981234964523537
4161	K42	K43	0.2613	16.244700735378725
4162	K42	K57	0.4318	7.774000225817169
4163	K43	K45	0.4455	14.614626253325437
4164	K43	K46	0.4447	14.45284061504922
4165	K45	K46	0.0414	50.0
4166	K45	K57	0.1837	14.45284061504922
4167	K46	K57	0.1926	14.114738171671409
4168	G72	M62	0.2223	25.707210061149652
4169	H02	H50	0.3963	4.206365466591381
4170	H02	M41	0.2807	5.653616600156877
4171	M62	M24	0.0081	39.437892374491184
4172	M91	M94	0.0752	38.001289188899754
4173	E53	E80	0.2834	16.826621159119167
4174	E53	E50	0.1492	50.0
4175	E53	E55	0.1469	50.0
4176	E53	E56	0.2428	22.262465834451252
4177	A83	A95	0.0531	50.0
4178	C66	L83	0.4278	3.5684900801119053
4179	K66	C65	0.291	7.600094622088976
4180	F81	F79	0.0282	48.60696587806104
4181	F81	F71	0.0908	50.0
4182	F81	F72	0.3598	12.568219372569844
4183	F81	F84	0.1568	22.95041980928794
4184	F81	L68	0.2796	11.330303177641177
4185	F71	F79	0.136	28.696263890691036
4186	F71	H50	0.44	16.287676447230407
4187	F71	F72	0.4797	9.246962281049207
4188	F71	L68	0.1876	14.40882337039682
4189	F79	F84	0.2279	18.872040118718427
4190	F79	F98	0.4237	5.5814417621655315
4191	A05	M43	0.4274	7.33581880337734
4192	A07	B37	0.4158	3.4643304280914515
4193	A07	N76	0.4115	3.694164751872965
4194	B37	N76	0.4828	3.1444198663979854
4195	M15	M14	0.3607	19.014812003470084
4196	J31	J37	0.012	50.0
4197	C69	D31	0.1191	50.0
4198	C71	D43	0.187	14.640139320336287
4199	F84	F98	0.2465	8.363146987804157
4200	N60	D21	0.3378	7.538492718549537
4201	H61	F40	0.3757	6.711044460945932
4202	H72	H73	0.1023	16.246804545241332
4203	J13	E75	0.281	8.073988244017142
4204	B36	B38	0.3255	42.413318535225955
4205	B36	B39	0.3255	42.413318535225955
4206	B36	B42	0.3255	42.413318535225955
4207	B36	B44	0.3255	42.413318535225955
4208	B36	I33	0.4096	3.694164751872965
4209	B38	B39	0.3255	42.413318535225955
4210	B38	B42	0.3255	42.413318535225955
4211	B38	B44	0.3255	42.413318535225955
4212	B38	I33	0.4096	3.694164751872965
4213	B39	B42	0.3255	42.413318535225955
4214	B39	B44	0.3255	42.413318535225955
4215	B39	I33	0.4096	3.694164751872965
4216	B42	B44	0.3255	42.413318535225955
4217	B42	I33	0.4096	3.694164751872965
4218	B44	I33	0.4096	3.694164751872965
4219	B47	K07	0.4127	4.24799356370861
4220	K07	D29	0.472	3.3672937769371574
4221	D29	D40	0.4861	4.24799356370861
4222	D51	D53	0.2389	30.71036359117389
4223	D51	E56	0.2373	22.565479303496787
4224	D53	E56	0.2373	22.565479303496787
4225	E50	E55	0.1469	50.0
4226	F63	F95	0.2268	10.718626202803962
4227	J04	J02	0.3209	8.101871940418327
