icd_1,icd_2,ji
A01,A15,0.08333333333333333
A01,A30,0.05454545454545454
A01,A49,0.1
A01,B07,0.14285714285714285
A01,B41,0.14285714285714285
A01,B55,0.18181818181818182
A01,B67,0.16666666666666666
A01,C51,0.2222222222222222
A01,C53,0.07142857142857142
A01,D70,0.13333333333333333
A01,E10,0.037037037037037035
A01,E16,0.07407407407407407
A01,E31,0.2222222222222222
A01,E84,0.04225352112676056
A01,G36,0.125
A01,G61,0.125
A01,H15,0.14285714285714285
A01,H20,0.08108108108108109
A01,H36,0.029850746268656716
A01,H46,0.14285714285714285
A01,I00,0.2222222222222222
A01,I09,0.11764705882352941
A01,J01,0.2
A01,J32,0.10526315789473684
A01,J47,0.06451612903225806
A01,J62,0.09523809523809523
A01,J67,0.14285714285714285
A01,K75,0.14285714285714285
A01,L10,0.1111111111111111
A01,L12,0.15384615384615385
A01,L13,0.2222222222222222
A01,L52,0.2222222222222222
A01,L63,0.045454545454545456
A01,M08,0.09375
A01,M35,0.043010752688172046
A15,A30,0.06666666666666667
A15,A39,0.04081632653061224
A15,A48,0.07317073170731707
A15,A49,0.1111111111111111
A15,A91,0.043478260869565216
A15,B20,0.0353356890459364
A15,B22,0.041666666666666664
A15,B24,0.035211267605633804
A15,B27,0.06521739130434782
A15,B55,0.0625
A15,B65,0.043478260869565216
A15,B67,0.061224489795918366
A15,C16,0.05263157894736842
A15,C22,0.06611570247933884
A15,C34,0.046875
A15,C50,0.037037037037037035
A15,C51,0.0425531914893617
A15,C53,0.13333333333333333
A15,D06,0.04
A15,D70,0.057692307692307696
A15,E06,0.057971014492753624
A15,E10,0.11940298507462686
A15,E11,0.04895104895104895
A15,E16,0.046875
A15,E84,0.09803921568627451
A15,G41,0.05128205128205128
A15,G95,0.06
A15,H16,0.03896103896103896
A15,H20,0.0684931506849315
A15,H36,0.047619047619047616
A15,H44,0.02962962962962963
A15,I22,0.07079646017699115
A15,I60,0.04878048780487805
A15,J18,0.08759124087591241
A15,J44,0.05442176870748299
A15,J45,0.02557200538358008
A15,J60,0.061224489795918366
A15,J61,0.08771929824561403
A15,J62,0.10909090909090909
A15,J63,0.0425531914893617
A15,J64,0.04285714285714286
A15,J66,0.08771929824561403
A15,J80,0.06349206349206349
A15,K50,0.032119914346895075
A15,K51,0.034482758620689655
A15,K52,0.05555555555555555
A15,K70,0.05982905982905983
A15,K75,0.058823529411764705
A15,K76,0.061946902654867256
A15,K82,0.046153846153846156
A15,L13,0.0425531914893617
A15,L23,0.07142857142857142
A15,L30,0.04054054054054054
A15,L51,0.05102040816326531
A15,L52,0.06521739130434782
A15,L63,0.0743801652892562
A15,L71,0.07575757575757576
A15,L80,0.05
A15,M02,0.043478260869565216
A15,M06,0.038135593220338986
A15,M08,0.10606060606060606
A15,M31,0.06578947368421052
A15,M32,0.022222222222222223
A15,M33,0.08823529411764706
A15,M35,0.125
A15,M81,0.03571428571428571
A15,N08,0.056074766355140186
A15,N80,0.03286384976525822
A30,B55,0.07547169811320754
A30,D86,0.055944055944055944
A30,E10,0.04697986577181208
A30,J30,0.03684210526315789
A30,J45,0.022636484687083888
A30,K50,0.04946236559139785
A30,K51,0.042105263157894736
A30,L13,0.03773584905660377
A30,L52,0.03773584905660377
A30,L63,0.0625
A30,M08,0.06756756756756757
A30,M35,0.11023622047244094
A30,N87,0.03508771929824561
A49,A39,0.10526315789473684
A49,A48,0.11538461538461539
A49,B35,0.11538461538461539
A49,B49,0.1
A49,B67,0.15789473684210525
A49,C51,0.11764705882352941
A49,D06,0.1
A49,D50,0.06896551724137931
A49,D70,0.13636363636363635
A49,D72,0.05714285714285714
A49,E31,0.11764705882352941
A49,G36,0.08333333333333333
A49,G47,0.04
A49,H36,0.03546099290780142
A49,H46,0.09090909090909091
A49,I00,0.11764705882352941
A49,I09,0.08
A49,J62,0.10714285714285714
A49,J69,0.1
A49,K75,0.09090909090909091
A49,L12,0.09523809523809523
A49,L51,0.057971014492753624
A49,M31,0.0851063829787234
A49,M35,0.05
B07,A16,0.5
B07,A38,0.3333333333333333
B07,A92,0.3333333333333333
B07,C11,0.2
B07,G04,0.25
B41,A71,0.3333333333333333
B41,B50,0.25
B41,G61,0.5
B41,G98,0.14285714285714285
B41,H06,0.3333333333333333
B41,H15,1.0
B41,J67,1.0
B41,L13,0.25
B41,L52,0.25
B41,L94,0.3333333333333333
B41,M00,0.125
B41,M89,0.16666666666666666
B55,A48,0.06521739130434782
B55,A71,0.2857142857142857
B55,A98,0.16666666666666666
B55,B19,0.09523809523809523
B55,B20,0.020080321285140562
B55,B24,0.02
B55,B73,0.16666666666666666
B55,C49,0.08
B55,D50,0.1
B55,D61,0.08333333333333333
B55,D70,0.14285714285714285
B55,E06,0.0625
B55,E10,0.05714285714285714
B55,E16,0.07692307692307693
B55,E31,0.25
B55,G30,0.009900990099009901
B55,G35,0.00975609756097561
B55,G36,0.13333333333333333
B55,G61,0.14285714285714285
B55,H15,0.16666666666666666
B55,H20,0.11428571428571428
B55,H31,0.25
B55,H90,0.024390243902439025
B55,I00,0.25
B55,I09,0.125
B55,J32,0.1111111111111111
B55,J67,0.16666666666666666
B55,J98,0.13333333333333333
B55,K13,0.08695652173913043
B55,K37,0.14285714285714285
B55,K50,0.013729977116704805
B55,K51,0.014450867052023121
B55,K52,0.2
B55,L10,0.11764705882352941
B55,L12,0.16666666666666666
B55,L20,0.01272264631043257
B55,L23,0.16666666666666666
B55,L30,0.05555555555555555
B55,L63,0.04597701149425287
B55,L80,0.032
B55,M00,0.16666666666666666
B55,M06,0.01348314606741573
B55,M08,0.13333333333333333
B55,M31,0.07692307692307693
B55,M35,0.054945054945054944
B55,M80,0.07142857142857142
B55,M81,0.02912621359223301
B55,N03,0.14285714285714285
B55,N08,0.04225352112676056
B55,N17,0.05357142857142857
B55,N80,0.016853932584269662
B67,C51,0.2222222222222222
B67,D50,0.09523809523809523
B67,D64,0.0297029702970297
B67,D70,0.13333333333333333
B67,E10,0.037037037037037035
B67,E31,0.2222222222222222
B67,G36,0.125
B67,G47,0.04477611940298507
B67,H20,0.08108108108108109
B67,H46,0.14285714285714285
B67,I00,0.2222222222222222
B67,I09,0.11764705882352941
B67,J62,0.09523809523809523
B67,K73,0.06818181818181818
B67,K75,0.14285714285714285
B67,L10,0.1111111111111111
B67,L12,0.15384615384615385
B67,L51,0.04838709677419355
B67,N03,0.13333333333333333
C51,D70,0.16666666666666666
C51,E06,0.06666666666666667
C51,E31,0.3333333333333333
C51,G36,0.15384615384615385
C51,G47,0.03076923076923077
C51,H20,0.08823529411764706
C51,H46,0.18181818181818182
C51,I00,0.3333333333333333
C51,I09,0.14285714285714285
C51,I73,0.05084745762711865
C51,K75,0.18181818181818182
C51,L10,0.13333333333333333
C51,L12,0.2
C51,L51,0.05084745762711865
C51,L63,0.047058823529411764
C51,L71,0.07142857142857142
C51,M08,0.10344827586206896
C51,M31,0.08108108108108109
C53,B22,0.07692307692307693
C53,B27,0.08
C53,C04,0.07142857142857142
C53,C11,0.07692307692307693
C53,C34,0.04672897196261682
C53,C45,0.05357142857142857
C53,C50,0.050359712230215826
C53,C67,0.07216494845360824
C53,D06,0.07142857142857142
C53,E10,0.04918032786885246
C53,E16,0.07142857142857142
C53,E84,0.046511627906976744
C53,F01,0.05714285714285714
C53,G95,0.06896551724137931
C53,H20,0.07692307692307693
C53,H25,0.10714285714285714
C53,J15,0.06451612903225806
C53,J18,0.049586776859504134
C53,J43,0.057692307692307696
C53,J45,0.0136986301369863
C53,J60,0.07142857142857142
C53,J61,0.1111111111111111
C53,J62,0.08333333333333333
C53,J63,0.08
C53,J64,0.0625
C53,J66,0.1111111111111111
C53,K13,0.10526315789473684
C53,L51,0.038461538461538464
C53,L52,0.08
C53,L71,0.06521739130434782
C53,L94,0.08333333333333333
C53,M02,0.13043478260869565
C53,M08,0.0851063829787234
C53,M33,0.10638297872340426
C53,N87,0.06896551724137931
D70,A16,0.2
D70,A98,0.125
D70,B73,0.1
D70,C03,0.1
D70,D50,0.08333333333333333
D70,D61,0.07142857142857142
D70,D86,0.03773584905660377
D70,E06,0.08571428571428572
D70,E31,0.2727272727272727
D70,G36,0.16666666666666666
D70,G47,0.04285714285714286
D70,G70,0.03225806451612903
D70,H20,0.10256410256410256
D70,H46,0.11764705882352941
D70,I00,0.2727272727272727
D70,I09,0.15789473684210525
D70,J18,0.03636363636363636
D70,J32,0.14285714285714285
D70,J98,0.10526315789473684
D70,K75,0.26666666666666666
D70,K90,0.06349206349206349
D70,L10,0.15
D70,L12,0.2
D70,L51,0.0625
D70,L71,0.09090909090909091
D70,M08,0.11764705882352941
D70,M31,0.12195121951219512
D70,M35,0.05263157894736842
D70,N02,0.036036036036036036
D70,N03,0.1111111111111111
D70,N87,0.125
E10,E06,0.047244094488188976
E10,A39,0.027777777777777776
E10,A48,0.06474820143884892
E10,A71,0.018867924528301886
E10,A92,0.018867924528301886
E10,B19,0.042735042735042736
E10,B20,0.05373134328358209
E10,B22,0.028037383177570093
E10,B24,0.05357142857142857
E10,B35,0.02586206896551724
E10,B50,0.02830188679245283
E10,C16,0.04477611940298507
E10,C22,0.08620689655172414
E10,C50,0.0410958904109589
E10,D59,0.034013605442176874
E10,D64,0.06878306878306878
E10,D84,0.02877697841726619
E10,E11,0.22093023255813954
E10,E14,0.14676616915422885
E10,E16,0.11403508771929824
E10,E31,0.02830188679245283
E10,E66,0.0701219512195122
E10,E84,0.04878048780487805
E10,E88,0.03676470588235294
E10,F05,0.034782608695652174
E10,F06,0.018691588785046728
E10,F09,0.03821656050955414
E10,F10,0.047872340425531915
E10,F31,0.052941176470588235
E10,F44,0.025210084033613446
E10,F48,0.0582010582010582
E10,G30,0.04106776180698152
E10,G35,0.043478260869565216
E10,G36,0.02654867256637168
E10,G45,0.027777777777777776
E10,G59,0.04201680672268908
E10,G63,0.05357142857142857
E10,G70,0.04205607476635514
E10,H06,0.018867924528301886
E10,H16,0.029411764705882353
E10,H20,0.09523809523809523
E10,H31,0.018691588785046728
E10,H36,0.14563106796116504
E10,H46,0.03636363636363636
E10,I00,0.0380952380952381
E10,I09,0.02631578947368421
E10,I10,0.11330049261083744
E10,I20,0.07926829268292683
E10,I21,0.02654867256637168
E10,I22,0.12422360248447205
E10,I25,0.05995203836930456
E10,I50,0.031088082901554404
E10,I51,0.04426229508196721
E10,I60,0.050359712230215826
E10,I63,0.048
E10,I64,0.08661417322834646
E10,I70,0.1111111111111111
E10,I73,0.03821656050955414
E10,J00,0.018867924528301886
E10,J15,0.026785714285714284
E10,J18,0.07731958762886598
E10,J44,0.05714285714285714
E10,J45,0.04182509505703422
E10,J60,0.027522935779816515
E10,J62,0.03418803418803419
E10,J63,0.0380952380952381
E10,J80,0.040983606557377046
E10,J81,0.03418803418803419
E10,K13,0.04201680672268908
E10,K25,0.0364963503649635
E10,K44,0.0374331550802139
E10,K50,0.05859375
E10,K51,0.0514018691588785
E10,K52,0.05405405405405406
E10,K70,0.06358381502890173
E10,K73,0.058394160583941604
E10,K76,0.04046242774566474
E10,K83,0.04
E10,K86,0.031496062992125984
E10,K90,0.06578947368421052
E10,L10,0.03508771929824561
E10,L12,0.03669724770642202
E10,L13,0.018691588785046728
E10,L20,0.037578288100208766
E10,L23,0.061946902654867256
E10,L30,0.03007518796992481
E10,L40,0.03871829105473965
E10,L51,0.03821656050955414
E10,L52,0.018691588785046728
E10,L57,0.040697674418604654
E10,L63,0.07954545454545454
E10,L80,0.07042253521126761
E10,M02,0.018867924528301886
E10,M06,0.06796116504854369
E10,M08,0.09016393442622951
E10,M13,0.05263157894736842
E10,M31,0.06818181818181818
E10,M32,0.03622047244094488
E10,M33,0.046875
E10,M35,0.11428571428571428
E10,M45,0.041237113402061855
E10,M81,0.06217616580310881
E10,M86,0.02608695652173913
E10,N03,0.026785714285714284
E10,N08,0.08125
E10,N17,0.11267605633802817
E10,N18,0.09659090909090909
E10,N80,0.040892193308550186
E16,A16,0.09090909090909091
E16,B22,0.08
E16,B35,0.058823529411764705
E16,D64,0.043859649122807015
E16,E11,0.11403508771929824
E16,E14,0.03278688524590164
E16,E31,0.08333333333333333
E16,G36,0.06451612903225806
E16,H20,0.1
E16,H46,0.06896551724137931
E16,I00,0.08333333333333333
E16,I10,0.043795620437956206
E16,I20,0.026515151515151516
E16,J15,0.06666666666666667
E16,J60,0.07407407407407407
E16,J62,0.08571428571428572
E16,L12,0.07142857142857142
E16,M33,0.0625
E16,M81,0.03389830508474576
E31,A16,0.5
E31,E06,0.10344827586206896
E31,A98,0.2
E31,B73,0.25
E31,D50,0.1111111111111111
E31,D86,0.0297029702970297
E31,G20,0.011111111111111112
E31,G36,0.25
E31,G47,0.046875
E31,G56,0.022222222222222223
E31,G70,0.025210084033613446
E31,H20,0.08823529411764706
E31,H46,0.18181818181818182
E31,I00,0.6
E31,I09,0.23076923076923078
E31,J32,0.125
E31,J41,0.125
E31,J42,0.08695652173913043
E31,J98,0.15384615384615385
E31,K75,0.18181818181818182
E31,K90,0.05172413793103448
E31,L10,0.21428571428571427
E31,L12,0.3333333333333333
E31,L51,0.03333333333333333
E31,L63,0.047058823529411764
E31,L71,0.1111111111111111
E31,M08,0.10344827586206896
E31,M31,0.08108108108108109
E31,M80,0.07692307692307693
E31,N02,0.02830188679245283
E31,N03,0.16666666666666666
E84,A32,0.05952380952380952
E84,B27,0.028985507246376812
E84,C04,0.04225352112676056
E84,C34,0.04
E84,H20,0.05263157894736842
E84,H36,0.042105263157894736
E84,I20,0.036065573770491806
E84,I22,0.06716417910447761
E84,J18,0.042682926829268296
E84,J20,0.029850746268656716
E84,J43,0.1
E84,J44,0.05732484076433121
E84,J46,0.029411764705882353
E84,J47,0.13414634146341464
E84,J61,0.07692307692307693
E84,J66,0.07692307692307693
E84,J80,0.047058823529411764
E84,J81,0.0375
E84,K13,0.06172839506172839
E84,K52,0.05333333333333334
E84,K56,0.047619047619047616
E84,K70,0.057971014492753624
E84,K76,0.06766917293233082
E84,K82,0.046357615894039736
E84,L13,0.028985507246376812
E84,L52,0.028985507246376812
E84,M06,0.030181086519114688
E84,M30,0.056818181818181816
E84,M35,0.07534246575342465
E84,N08,0.046511627906976744
E84,N17,0.061946902654867256
E84,N18,0.06164383561643835
G36,A16,0.18181818181818182
G36,E06,0.08333333333333333
G36,A98,0.11764705882352941
G36,B73,0.09090909090909091
G36,D50,0.08
G36,D80,0.06896551724137931
G36,D83,0.06666666666666667
G36,G47,0.04225352112676056
G36,G56,0.03125
G36,H20,0.07317073170731707
G36,H46,0.25
G36,I00,0.25
G36,I09,0.15
G36,J32,0.08695652173913043
G36,J98,0.1
G36,K02,0.027972027972027972
G36,K75,0.1111111111111111
G36,L10,0.14285714285714285
G36,L12,0.1875
G36,L71,0.08823529411764706
G36,M08,0.08333333333333333
G36,M31,0.06818181818181818
G36,N03,0.10526315789473684
G61,A71,0.25
G61,H06,0.25
G61,H15,0.5
G61,J67,0.5
G61,L13,0.2
G61,L94,0.25
H15,A71,0.3333333333333333
H15,B50,0.25
H15,G98,0.14285714285714285
H15,H06,0.3333333333333333
H15,J67,1.0
H15,L13,0.25
H15,L52,0.25
H15,L94,0.3333333333333333
H15,M00,0.125
H15,M89,0.16666666666666666
H20,E06,0.10909090909090909
H20,A71,0.058823529411764705
H20,A98,0.07894736842105263
H20,B02,0.10526315789473684
H20,B19,0.06382978723404255
H20,B20,0.03690036900369004
H20,B22,0.11764705882352941
H20,B24,0.03676470588235294
H20,C16,0.0625
H20,C22,0.07339449541284404
H20,C50,0.04
H20,C90,0.041916167664670656
H20,D06,0.05263157894736842
H20,D64,0.04
H20,D69,0.037383177570093455
H20,D86,0.047244094488188976
H20,E05,0.06666666666666667
H20,E27,0.05263157894736842
H20,F48,0.04918032786885246
H20,G35,0.023696682464454975
H20,G70,0.04861111111111111
H20,H06,0.058823529411764705
H20,H16,0.046153846153846156
H20,H26,0.02032520325203252
H20,H31,0.05714285714285714
H20,H36,0.05806451612903226
H20,H46,0.10526315789473684
H20,H66,0.04878048780487805
H20,I00,0.12121212121212122
H20,I09,0.07142857142857142
H20,I10,0.0547945205479452
H20,I22,0.05825242718446602
H20,I64,0.1
H20,J15,0.04878048780487805
H20,J18,0.07874015748031496
H20,J30,0.040697674418604654
H20,J32,0.06818181818181818
H20,J41,0.06818181818181818
H20,J42,0.058823529411764705
H20,J44,0.04195804195804196
H20,J45,0.019021739130434784
H20,J60,0.08108108108108109
H20,J62,0.08888888888888889
H20,J63,0.05714285714285714
H20,J80,0.057692307692307696
H20,J84,0.043478260869565216
H20,J98,0.047619047619047616
H20,K13,0.08333333333333333
H20,K50,0.03524229074889868
H20,K51,0.038461538461538464
H20,K52,0.0975609756097561
H20,K74,0.057692307692307696
H20,K90,0.07142857142857142
H20,L10,0.09523809523809523
H20,L12,0.07894736842105263
H20,L13,0.05714285714285714
H20,L20,0.026570048309178744
H20,L23,0.06666666666666667
H20,L30,0.08333333333333333
H20,L40,0.029154518950437316
H20,L41,0.08108108108108109
H20,L51,0.07058823529411765
H20,L52,0.05714285714285714
H20,L63,0.08256880733944955
H20,L80,0.05405405405405406
H20,L93,0.06930693069306931
H20,M06,0.0368763557483731
H20,M07,0.08571428571428572
H20,M08,0.22
H20,M12,0.05263157894736842
H20,M31,0.13114754098360656
H20,M32,0.020905923344947737
H20,M33,0.14814814814814814
H20,M34,0.08
H20,M35,0.14953271028037382
H20,M45,0.056910569105691054
H20,M81,0.064
H20,N02,0.03759398496240601
H20,N03,0.075
H20,N08,0.09782608695652174
H20,N17,0.06172839506172839
H20,N18,0.06140350877192982
H20,N80,0.03482587064676617
H20,N87,0.05128205128205128
H36,A39,0.022388059701492536
H36,A48,0.041916167664670656
H36,A71,0.015151515151515152
H36,B19,0.027777777777777776
H36,B27,0.022727272727272728
H36,B35,0.03571428571428571
H36,C04,0.022222222222222223
H36,C22,0.06435643564356436
H36,D59,0.03488372093023256
H36,D64,0.06046511627906977
H36,D69,0.03980099502487562
H36,E11,0.18592964824120603
H36,E13,0.19935691318327975
H36,E14,0.19070904645476772
H36,E66,0.0679886685552408
H36,E78,0.06074766355140187
H36,F39,0.04405286343612335
H36,F48,0.05116279069767442
H36,G00,0.03260869565217391
H36,G12,0.03048780487804878
H36,G30,0.03495145631067961
H36,G59,0.07913669064748201
H36,G63,0.09923664122137404
H36,H16,0.0375
H36,H25,0.022058823529411766
H36,H35,0.06862745098039216
H36,H40,0.029871977240398292
H36,H46,0.021897810218978103
H36,I05,0.015267175572519083
H36,I10,0.11013215859030837
H36,I11,0.034722222222222224
H36,I20,0.08571428571428572
H36,I22,0.11891891891891893
H36,I25,0.07834101382488479
H36,I50,0.04882154882154882
H36,I51,0.06591639871382636
H36,I60,0.06832298136645963
H36,I61,0.037037037037037035
H36,I63,0.060810810810810814
H36,I64,0.06493506493506493
H36,I70,0.12643678160919541
H36,I81,0.015037593984962405
H36,J18,0.06334841628959276
H36,J43,0.04487179487179487
H36,J44,0.056
H36,J45,0.031630170316301706
H36,J63,0.022727272727272728
H36,J80,0.033783783783783786
H36,J81,0.027972027972027972
H36,K13,0.056338028169014086
H36,K44,0.05263157894736842
H36,K50,0.04411764705882353
H36,K52,0.02877697841726619
H36,K70,0.07142857142857142
H36,K73,0.03636363636363636
H36,K76,0.07291666666666667
H36,K82,0.037383177570093455
H36,K92,0.02976190476190476
H36,L10,0.03597122302158273
H36,L13,0.022727272727272728
H36,L23,0.028169014084507043
H36,L52,0.022727272727272728
H36,L70,0.030303030303030304
H36,M06,0.03597122302158273
H36,M10,0.03
H36,M30,0.039735099337748346
H36,M31,0.037267080745341616
H36,M33,0.03225806451612903
H36,M35,0.06763285024154589
H36,M65,0.02127659574468085
H36,M87,0.025974025974025976
H36,N02,0.03508771929824561
H36,N03,0.021739130434782608
H36,N08,0.08743169398907104
H36,N17,0.12883435582822086
H36,N18,0.07881773399014778
H46,E06,0.08823529411764706
H46,A17,0.1111111111111111
H46,I00,0.18181818181818182
H46,I09,0.10526315789473684
H46,J84,0.043478260869565216
H46,K75,0.125
H46,L10,0.15789473684210525
H46,L12,0.13333333333333333
H46,L51,0.046875
H46,L80,0.03125
H46,M81,0.02830188679245283
I00,A16,0.5
I00,E06,0.10344827586206896
I00,G47,0.046875
I00,A98,0.2
I00,B20,0.016129032258064516
I00,B24,0.01606425702811245
I00,B73,0.25
I00,D50,0.1111111111111111
I00,D86,0.0297029702970297
I00,G20,0.011111111111111112
I00,G56,0.022222222222222223
I00,G70,0.025210084033613446
I00,I09,0.23076923076923078
I00,J32,0.125
I00,J41,0.125
I00,J42,0.08695652173913043
I00,J98,0.15384615384615385
I00,K51,0.011594202898550725
I00,K75,0.18181818181818182
I00,K90,0.05172413793103448
I00,L10,0.21428571428571427
I00,L12,0.3333333333333333
I00,L51,0.03333333333333333
I00,L63,0.03488372093023256
I00,L71,0.1111111111111111
I00,M08,0.10344827586206896
I00,M31,0.08108108108108109
I00,M80,0.07692307692307693
I00,N02,0.02830188679245283
I00,N03,0.16666666666666666
I09,A16,0.16666666666666666
I09,E06,0.08108108108108109
I09,G47,0.041666666666666664
I09,A98,0.1111111111111111
I09,B73,0.08333333333333333
I09,D50,0.07692307692307693
I09,J32,0.08333333333333333
I09,J98,0.09523809523809523
I09,K75,0.10526315789473684
I09,L10,0.13636363636363635
I09,L12,0.17647058823529413
I09,L71,0.08571428571428572
I09,M08,0.08108108108108109
I09,M31,0.06666666666666667
I09,N02,0.044642857142857144
I09,N03,0.1
J01,B16,0.15384615384615385
J01,L63,0.034482758620689655
J32,A98,0.1
J32,B73,0.07142857142857142
J32,C03,0.07142857142857142
J32,D50,0.1111111111111111
J32,J30,0.03896103896103896
J32,J39,0.125
J32,J45,0.013869625520110958
J32,J98,0.08695652173913043
J32,K90,0.07575757575757576
J32,L12,0.1
J32,L73,0.0625
J32,M08,0.07692307692307693
J32,M31,0.08695652173913043
J32,N02,0.034782608695652174
J32,N03,0.09090909090909091
J32,N87,0.1
J47,A98,0.0625
J47,M30,0.061224489795918366
J47,M35,0.04504504504504504
J47,M86,0.05405405405405406
J62,I22,0.045454545454545456
J62,J44,0.018115942028985508
J62,A32,0.05555555555555555
J62,A48,0.07272727272727272
J62,B22,0.10526315789473684
J62,B35,0.07142857142857142
J62,C16,0.0625
J62,C22,0.05263157894736842
J62,D59,0.05
J62,G41,0.056179775280898875
J62,G56,0.0297029702970297
J62,G95,0.09090909090909091
J62,I10,0.04580152671755725
J62,I50,0.016
J62,I60,0.07547169811320754
J62,I64,0.11363636363636363
J62,J15,0.08333333333333333
J62,J18,0.05263157894736842
J62,J60,0.15
J62,J61,0.1
J62,J66,0.1
J62,J80,0.08571428571428572
J62,K25,0.06
J62,K29,0.05
J62,K52,0.12
J62,K70,0.05555555555555555
J62,K73,0.05660377358490566
J62,K76,0.04597701149425287
J62,K82,0.038834951456310676
J62,L51,0.05714285714285714
J62,L63,0.052083333333333336
J62,M33,0.07142857142857142
J62,M35,0.04950495049504951
J62,M86,0.07407407407407407
J62,N08,0.07692307692307693
J62,N12,0.07407407407407407
J62,N18,0.061224489795918366
J67,A71,0.3333333333333333
J67,B50,0.25
J67,G98,0.14285714285714285
J67,H06,0.3333333333333333
J67,L13,0.25
J67,L52,0.25
J67,L94,0.3333333333333333
J67,M00,0.125
J67,M89,0.16666666666666666
K75,J44,0.01858736059479554
K75,J45,0.008333333333333333
K75,K50,0.013636363636363636
K75,K51,0.014326647564469915
K75,A98,0.21428571428571427
K75,B16,0.11764705882352941
K75,B19,0.08333333333333333
K75,B35,0.09523809523809523
K75,C10,0.16666666666666666
K75,C11,0.16666666666666666
K75,D50,0.08695652173913043
K75,D86,0.05825242718446602
K75,G20,0.014598540145985401
K75,G35,0.011345218800648298
K75,H91,0.03361344537815126
K75,K74,0.06896551724137931
K75,K90,0.06451612903225806
K75,L10,0.15789473684210525
K75,L12,0.13333333333333333
K75,L20,0.015189873417721518
K75,L40,0.011869436201780416
K75,L63,0.056179775280898875
K75,M05,0.01812688821752266
K75,M06,0.015659955257270694
K75,M12,0.14285714285714285
K75,M31,0.07142857142857142
K75,M32,0.012612612612612612
K75,M33,0.11764705882352941
K75,M35,0.042105263157894736
K75,M60,0.09090909090909091
K75,N02,0.03636363636363636
L10,A16,0.15384615384615385
L10,E06,0.10810810810810811
L10,J45,0.012482662968099861
L10,K50,0.022727272727272728
L10,K51,0.019943019943019943
L10,K90,0.07692307692307693
L10,A17,0.07692307692307693
L10,A98,0.10526315789473684
L10,B16,0.09523809523809523
L10,B20,0.01953125
L10,B24,0.019455252918287938
L10,B35,0.08
L10,B73,0.07692307692307693
L10,C10,0.125
L10,C11,0.125
L10,D50,0.07407407407407407
L10,D86,0.0660377358490566
L10,G20,0.018050541516245487
L10,G35,0.016181229773462782
L10,J41,0.125
L10,J42,0.0967741935483871
L10,J98,0.09090909090909091
L10,K02,0.027586206896551724
L10,L12,0.23529411764705882
L10,L20,0.017587939698492462
L10,L40,0.013293943870014771
L10,L51,0.04411764705882353
L10,L63,0.06521739130434782
L10,L71,0.08333333333333333
L10,M05,0.020958083832335328
L10,M06,0.0200445434298441
L10,M08,0.07894736842105263
L10,M12,0.1111111111111111
L10,M31,0.13953488372093023
L10,M32,0.014336917562724014
L10,M33,0.07692307692307693
L10,N02,0.04424778761061947
L10,N03,0.09523809523809523
L12,A16,0.25
L12,E06,0.09090909090909091
L12,G47,0.04411764705882353
L12,K50,0.011363636363636364
L12,K51,0.011461318051575931
L12,K90,0.04838709677419355
L12,A98,0.14285714285714285
L12,B73,0.125
L12,C52,0.125
L12,D50,0.09090909090909091
L12,H26,0.013452914798206279
L12,H71,0.125
L12,J41,0.1
L12,J84,0.044444444444444446
L12,J98,0.11764705882352941
L12,L63,0.0449438202247191
L12,L71,0.0967741935483871
L12,M08,0.09090909090909091
L12,M31,0.1
L12,M35,0.0425531914893617
L12,N02,0.02727272727272727
L12,N03,0.125
L13,I22,0.02564102564102564
L13,I63,0.07142857142857142
L13,J44,0.011278195488721804
L13,J80,0.08333333333333333
L13,K44,0.02197802197802198
L13,K50,0.00684931506849315
L13,A17,0.25
L13,H30,0.2
L13,J43,0.09090909090909091
L13,L23,0.11764705882352941
L13,L26,0.2
L13,L30,0.058823529411764705
L13,L52,0.3333333333333333
L13,M77,0.2
L52,I22,0.02564102564102564
L52,I63,0.07142857142857142
L52,J45,0.005578800557880056
L52,J80,0.08333333333333333
L52,K50,0.00684931506849315
L52,L40,0.005943536404160475
L52,C03,0.25
L52,J18,0.02857142857142857
L52,K74,0.08333333333333333
L52,L30,0.058823529411764705
L52,L73,0.09090909090909091
L52,M35,0.044444444444444446
L63,E06,0.046296296296296294
L63,J44,0.032448377581120944
L63,J45,0.044270833333333336
L63,K50,0.0398406374501992
L63,K51,0.04116222760290557
L63,K90,0.07575757575757576
L63,L40,0.048409405255878286
L63,L51,0.051470588235294115
L63,A48,0.04065040650406504
L63,A69,0.03296703296703297
L63,A98,0.0449438202247191
L63,B16,0.05555555555555555
L63,B19,0.04081632653061224
L63,B35,0.03125
L63,C11,0.022727272727272728
L63,C44,0.062146892655367235
L63,D50,0.030612244897959183
L63,D83,0.06
L63,D86,0.08823529411764706
L63,E03,0.03441682600382409
L63,E05,0.041666666666666664
L63,E27,0.022222222222222223
L63,F22,0.03
L63,G04,0.022988505747126436
L63,G35,0.03550295857988166
L63,G95,0.03333333333333333
L63,H06,0.023255813953488372
L63,J18,0.06179775280898876
L63,J30,0.05963302752293578
L63,J60,0.033707865168539325
L63,J81,0.030612244897959183
L63,K13,0.04
L63,K52,0.043010752688172046
L63,L20,0.04835164835164835
L63,L23,0.06382978723404255
L63,L30,0.044642857142857144
L63,L57,0.046052631578947366
L63,L71,0.037383177570093455
L63,L80,0.05583756345177665
L63,M05,0.05357142857142857
L63,M06,0.06212424849699399
L63,M07,0.04065040650406504
L63,M08,0.0970873786407767
L63,M31,0.08035714285714286
L63,M32,0.042483660130718956
L63,M33,0.05555555555555555
L63,M34,0.06
L63,M35,0.0736196319018405
L63,N08,0.04794520547945205
M08,E06,0.09803921568627451
M08,J44,0.024475524475524476
M08,J45,0.02054794520547945
M08,K50,0.035634743875278395
M08,K51,0.03038674033149171
M08,K90,0.1038961038961039
M08,L40,0.02635431918008785
M08,L51,0.06172839506172839
M08,L80,0.055944055944055944
M08,M07,0.05970149253731343
M08,B02,0.05714285714285714
M08,B16,0.08571428571428572
M08,B20,0.029850746268656716
M08,B22,0.06451612903225806
M08,B24,0.02973977695167286
M08,C22,0.04672897196261682
M08,E03,0.025423728813559324
M08,E05,0.075
M08,G35,0.022257551669316374
M08,G70,0.06569343065693431
M08,H06,0.06896551724137931
M08,J18,0.047619047619047616
M08,J30,0.03571428571428571
M08,J63,0.10344827586206896
M08,J98,0.05405405405405406
M08,K13,0.06818181818181818
M08,K74,0.06382978723404255
M08,L20,0.021897810218978103
M08,L30,0.05263157894736842
M08,L41,0.09375
M08,L43,0.07547169811320754
M08,L93,0.08421052631578947
M08,M00,0.058823529411764705
M08,M05,0.047058823529411764
M08,M06,0.051111111111111114
M08,M31,0.14285714285714285
M08,M32,0.030141843971631204
M08,M33,0.14
M08,M34,0.06521739130434782
M08,M35,0.12380952380952381
M08,N87,0.058823529411764705
M35,I22,0.08496732026143791
M35,I63,0.04504504504504504
M35,J44,0.0471976401179941
M35,J45,0.03994845360824742
M35,J80,0.04672897196261682
M35,K50,0.0625
M35,K51,0.058394160583941604
M35,K90,0.06521739130434782
M35,L40,0.040927694406548434
M35,L80,0.05970149253731343
M35,M31,0.07692307692307693
M35,M33,0.0625
M35,A39,0.03225806451612903
M35,A48,0.047244094488188976
M35,A71,0.02197802197802198
M35,A92,0.02197802197802198
M35,A98,0.031578947368421054
M35,B02,0.03125
M35,B19,0.07
M35,B20,0.049689440993788817
M35,B24,0.04953560371517028
M35,C22,0.09433962264150944
M35,D64,0.03888888888888889
M35,D69,0.037037037037037035
M35,D73,0.030927835051546393
M35,D86,0.04395604395604396
M35,D89,0.035398230088495575
M35,E11,0.05405405405405406
M35,G35,0.03982300884955752
M35,G41,0.037037037037037035
M35,G70,0.04522613065326633
M35,H06,0.02197802197802198
M35,H16,0.03305785123966942
M35,H31,0.021739130434782608
M35,H66,0.030927835051546393
M35,I10,0.07106598984771574
M35,I51,0.03150912106135987
M35,I64,0.05128205128205128
M35,I70,0.05442176870748299
M35,J00,0.02197802197802198
M35,J18,0.12138728323699421
M35,J63,0.03296703296703297
M35,J81,0.02912621359223301
M35,J84,0.032
M35,K06,0.02197802197802198
M35,K13,0.04807692307692308
M35,K52,0.04081632653061224
M35,K70,0.06962025316455696
M35,K74,0.05660377358490566
M35,K76,0.057692307692307696
M35,K82,0.046242774566473986
M35,K83,0.044444444444444446
M35,L20,0.04103671706263499
M35,L23,0.06060606060606061
M35,L30,0.05172413793103448
M35,L93,0.1
M35,M06,0.0636182902584493
M35,M12,0.031914893617021274
M35,M30,0.05454545454545454
M35,M32,0.048939641109298535
M35,M34,0.04716981132075472
M35,M45,0.08092485549132948
M35,M81,0.04395604395604396
M35,M86,0.03
M35,M87,0.044642857142857144
M35,N08,0.06756756756756757
M35,N17,0.05925925925925926
M35,N18,0.0658682634730539
A39,I22,0.025
A39,B86,0.16666666666666666
A39,H16,0.05128205128205128
A39,N17,0.05357142857142857
A48,I22,0.07207207207207207
A48,I63,0.06153846153846154
A48,J44,0.03355704697986577
A48,J80,0.06557377049180328
A48,L71,0.06153846153846154
A48,A71,0.045454545454545456
A48,A75,0.09090909090909091
A48,A77,0.09302325581395349
A48,B50,0.044444444444444446
A48,D56,0.05660377358490566
A48,D57,0.07017543859649122
A48,D64,0.06060606060606061
A48,D74,0.043478260869565216
A48,G98,0.041666666666666664
A48,H35,0.04
A48,H66,0.0392156862745098
A48,I10,0.05128205128205128
A48,I25,0.02981029810298103
A48,I60,0.06329113924050633
A48,I70,0.06930693069306931
A48,I81,0.044444444444444446
A48,J00,0.045454545454545456
A48,J18,0.09701492537313433
A48,J63,0.044444444444444446
A48,J69,0.041666666666666664
A48,K52,0.0784313725490196
A48,L23,0.05454545454545454
A48,L70,0.034482758620689655
A48,L94,0.045454545454545456
A48,M00,0.04081632653061224
A48,M30,0.045454545454545456
A48,N08,0.05714285714285714
A48,N17,0.09090909090909091
A48,N18,0.06504065040650407
A91,A90,0.5
B20,L51,0.03728813559322034
B20,M31,0.028985507246376812
B20,A92,0.012096774193548387
B20,B24,0.9959839357429718
B20,B33,0.09584664536741214
B20,B34,0.09937888198757763
B20,J18,0.03529411764705882
B20,L23,0.01937984496124031
B20,L41,0.011904761904761904
B20,N03,0.015748031496062992
B20,N12,0.01556420233463035
B22,I22,0.038461538461538464
B22,J44,0.011235955056179775
B22,M33,0.0967741935483871
B22,D59,0.061224489795918366
B22,F44,0.1
B22,I60,0.06976744186046512
B22,I64,0.08571428571428572
B22,J15,0.15384615384615385
B22,J60,0.3333333333333333
B22,J61,0.1
B22,J63,0.2857142857142857
B22,J66,0.1
B22,K13,0.09090909090909091
B22,K52,0.21428571428571427
B22,L28,0.2
B22,M81,0.039603960396039604
B22,N08,0.04285714285714286
B22,N18,0.0449438202247191
B22,N80,0.01694915254237288
B22,N94,0.125
B24,L51,0.037162162162162164
B24,M31,0.02888086642599278
B24,A92,0.012048192771084338
B24,B33,0.09554140127388536
B24,B34,0.09907120743034056
B24,J18,0.03519061583577713
B24,L23,0.019305019305019305
B24,L41,0.011857707509881422
B24,N03,0.01568627450980392
B24,N12,0.015503875968992248
B27,J45,0.005578800557880056
B27,K50,0.00684931506849315
B27,K51,0.008670520231213872
B27,L51,0.03333333333333333
B27,L71,0.07142857142857142
B27,C04,0.2222222222222222
B27,H25,0.2
B27,J46,0.16666666666666666
B27,J61,0.10526315789473684
B27,J66,0.10526315789473684
B27,K13,0.09523809523809523
B65,I22,0.025974025974025976
C16,I22,0.04716981132075472
C16,J44,0.0273972602739726
C16,A32,0.05555555555555555
C16,C15,0.04878048780487805
C16,C18,0.125
C16,C20,0.05970149253731343
C16,C22,0.10185185185185185
C16,C23,0.05714285714285714
C16,C25,0.14583333333333334
C16,C34,0.08771929824561403
C16,C45,0.07575757575757576
C16,C50,0.1048951048951049
C16,C54,0.09836065573770492
C16,C56,0.14893617021276595
C16,C60,0.08333333333333333
C16,C61,0.061068702290076333
C16,C67,0.11538461538461539
C16,C79,0.11428571428571428
C16,C80,0.08695652173913043
C16,C81,0.0625
C16,C83,0.08860759493670886
C16,C84,0.06
C16,C90,0.060240963855421686
C16,C92,0.04678362573099415
C16,C94,0.0625
C16,D05,0.12
C16,D06,0.10526315789473684
C16,D12,0.10526315789473684
C16,D69,0.03669724770642202
C16,D73,0.046511627906976744
C16,F82,0.043478260869565216
C16,G21,0.05357142857142857
C16,H16,0.04477611940298507
C16,H66,0.046511627906976744
C16,J00,0.05555555555555555
C16,J60,0.05
C16,K52,0.06818181818181818
C16,N08,0.061855670103092786
C16,N85,0.05
C22,I22,0.1111111111111111
C22,J44,0.04804804804804805
C22,J80,0.04950495049504951
C22,K44,0.048484848484848485
C22,M33,0.046296296296296294
C22,A32,0.0392156862745098
C22,A71,0.023529411764705882
C22,B19,0.06315789473684211
C22,C02,0.03225806451612903
C22,C20,0.061946902654867256
C22,C23,0.05128205128205128
C22,C34,0.04216867469879518
C22,C37,0.023529411764705882
C22,C43,0.13548387096774195
C22,C45,0.10091743119266056
C22,C49,0.039603960396039604
C22,C50,0.08376963350785341
C22,C56,0.06802721088435375
C22,C61,0.08045977011494253
C22,C64,0.034653465346534656
C22,C67,0.09271523178807947
C22,C74,0.04395604395604396
C22,C80,0.10714285714285714
C22,C83,0.08
C22,C90,0.06132075471698113
C22,C91,0.04929577464788732
C22,C92,0.06542056074766354
C22,D06,0.03409090909090909
C22,D09,0.03409090909090909
C22,D32,0.03260869565217391
C22,D61,0.0297029702970297
C22,D64,0.05232558139534884
C22,E11,0.06179775280898876
C22,F48,0.05917159763313609
C22,G00,0.043795620437956206
C22,G41,0.04516129032258064
C22,G93,0.030303030303030304
C22,H06,0.023529411764705882
C22,I10,0.08465608465608465
C22,I20,0.05379746835443038
C22,I61,0.07079646017699115
C22,I64,0.06363636363636363
C22,J18,0.044444444444444446
C22,J43,0.05454545454545454
C22,J61,0.052083333333333336
C22,J63,0.047619047619047616
C22,J66,0.052083333333333336
C22,K06,0.023529411764705882
C22,K13,0.07291666666666667
C22,K25,0.07079646017699115
C22,K52,0.043478260869565216
C22,K70,0.11643835616438356
C22,K73,0.08771929824561403
C22,K74,0.06
C22,K76,0.08163265306122448
C22,K82,0.0736196319018405
C22,K83,0.08
C22,M06,0.03522504892367906
C22,M34,0.039603960396039604
C22,M81,0.05747126436781609
C22,N08,0.1259259259259259
C22,N17,0.11382113821138211
C22,N18,0.075
C22,N80,0.040160642570281124
C34,J44,0.03508771929824561
C34,C04,0.043478260869565216
C34,C32,0.03125
C34,C20,0.041666666666666664
C34,C23,0.05785123966942149
C34,C24,0.021505376344086023
C34,C50,0.06
C34,C54,0.05217391304347826
C34,C56,0.0728476821192053
C34,C67,0.0625
C34,C83,0.04477611940298507
C34,D12,0.044642857142857144
C34,H25,0.031914893617021274
C34,I79,0.031914893617021274
C34,J18,0.043243243243243246
C50,C20,0.046052631578947366
C50,C23,0.04516129032258064
C50,C43,0.075
C50,C45,0.06711409395973154
C50,C49,0.02857142857142857
C50,C54,0.0472972972972973
C50,C56,0.14619883040935672
C50,C60,0.024193548387096774
C50,C61,0.08095238095238096
C50,C64,0.03765690376569038
C50,C67,0.11475409836065574
C50,C74,0.022900763358778626
C50,C79,0.024193548387096774
C50,C80,0.09395973154362416
C50,C81,0.048484848484848485
C50,C83,0.06748466257668712
C50,C90,0.060240963855421686
C50,C91,0.056179775280898875
C50,C92,0.05952380952380952
C50,C95,0.05803571428571429
C50,D05,0.08270676691729323
C50,D06,0.031746031746031744
C50,D07,0.04580152671755725
C50,D23,0.030534351145038167
C50,D32,0.022900763358778626
C50,D36,0.030303030303030304
C50,D61,0.02877697841726619
C50,D89,0.0273972602739726
C50,H06,0.016129032258064516
C50,I35,0.04242424242424243
C50,J43,0.03333333333333333
C50,J61,0.029411764705882353
C50,J66,0.029411764705882353
C50,K13,0.05970149253731343
C50,K52,0.030534351145038167
C50,K73,0.03164556962025317
C50,L94,0.016129032258064516
C50,M81,0.04205607476635514
C50,N08,0.04371584699453552
C50,N62,0.022900763358778626
C50,N97,0.03296703296703297
E06,A16,0.07142857142857142
E06,E03,0.023255813953488372
E06,E05,0.13157894736842105
E06,E07,0.0975609756097561
E06,E27,0.06060606060606061
E06,G70,0.03546099290780142
E06,H06,0.06896551724137931
E06,J41,0.07692307692307693
E06,J42,0.06521739130434782
E06,J98,0.05405405405405406
E06,L71,0.058823529411764705
E06,L80,0.041379310344827586
E06,M31,0.0847457627118644
E11,I22,0.11042944785276074
E11,J44,0.04519774011299435
E11,J80,0.049586776859504134
E11,A71,0.018867924528301886
E11,B35,0.02586206896551724
E11,D69,0.03977272727272727
E11,E13,0.1157556270096463
E11,E14,0.1670886075949367
E11,E28,0.0456140350877193
E11,E66,0.08
E11,E78,0.05789473684210526
E11,E88,0.03676470588235294
E11,F48,0.05263157894736842
E11,G30,0.03469387755102041
E11,G59,0.08771929824561403
E11,G63,0.08256880733944955
E11,H31,0.018691588785046728
E11,H35,0.043478260869565216
E11,I10,0.1024390243902439
E11,I20,0.07598784194528875
E11,I25,0.06763285024154589
E11,I50,0.04006968641114982
E11,I51,0.04426229508196721
E11,I60,0.057971014492753624
E11,I64,0.078125
E11,I70,0.1038961038961039
E11,J18,0.045
E11,J63,0.02830188679245283
E11,J81,0.03418803418803419
E11,K25,0.05185185185185185
E11,K52,0.06363636363636363
E11,K70,0.08235294117647059
E11,K73,0.04316546762589928
E11,K76,0.05263157894736842
E11,K83,0.04697986577181208
E11,K86,0.031496062992125984
E11,M81,0.04060913705583756
E11,N08,0.07453416149068323
E11,N17,0.11267605633802817
E11,N18,0.09659090909090909
G41,I22,0.06206896551724138
G41,F48,0.06134969325153374
G41,F10,0.0625
G41,A32,0.030927835051546393
G41,F09,0.05426356589147287
G41,F30,0.0658682634730539
G41,F34,0.05
G41,F39,0.06358381502890173
G41,F41,0.043010752688172046
G41,G00,0.07874015748031496
G41,G40,0.03938730853391685
G41,G96,0.0379746835443038
G41,H16,0.046296296296296294
G41,K25,0.045454545454545456
G41,K83,0.04878048780487805
G41,M30,0.04
G41,N08,0.057971014492753624
G95,I22,0.05
G95,I63,0.0967741935483871
G95,J80,0.07142857142857142
G95,D64,0.029411764705882353
G95,F48,0.04040404040404041
G95,F10,0.030927835051546393
G95,F01,0.15789473684210525
G95,F30,0.038461538461538464
G95,F31,0.05128205128205128
G95,F39,0.03636363636363636
G95,I31,0.125
G95,I64,0.07894736842105263
H16,F48,0.04
H16,F10,0.032520325203252036
H16,G57,0.047619047619047616
H16,N08,0.05102040816326531
H16,N64,0.05
H44,F48,0.03278688524590164
H44,H34,0.031578947368421054
H44,K29,0.034482758620689655
I22,A71,0.025974025974025976
I22,B50,0.02564102564102564
I22,C67,0.04666666666666667
I22,C80,0.05454545454545454
I22,C90,0.04326923076923077
I22,D57,0.044444444444444446
I22,D64,0.06134969325153374
I22,D69,0.06944444444444445
I22,D75,0.042105263157894736
I22,E66,0.045454545454545456
I22,F01,0.034482758620689655
I22,F06,0.02564102564102564
I22,F10,0.05
I22,F48,0.09615384615384616
I22,G00,0.08870967741935484
I22,G30,0.03017241379310345
I22,G45,0.05128205128205128
I22,H34,0.03896103896103896
I22,H35,0.05844155844155844
I22,H40,0.019817073170731708
I22,I05,0.02631578947368421
I22,I06,0.0449438202247191
I22,I10,0.1588235294117647
I22,I11,0.044444444444444446
I22,I20,0.16906474820143885
I22,I21,0.06097560975609756
I22,I25,0.08970976253298153
I22,I35,0.05042016806722689
I22,I50,0.04604051565377532
I22,I51,0.05555555555555555
I22,I60,0.09345794392523364
I22,I61,0.1188118811881188
I22,I63,0.1590909090909091
I22,I64,0.2111111111111111
I22,I70,0.1557377049180328
I22,I72,0.045454545454545456
I22,I81,0.02564102564102564
I22,J15,0.03614457831325301
I22,J18,0.07142857142857142
I22,J43,0.08
I22,J44,0.05246913580246913
I22,J45,0.02987012987012987
I22,J61,0.0449438202247191
I22,J63,0.03896103896103896
I22,J66,0.0449438202247191
I22,J69,0.024691358024691357
I22,J80,0.0425531914893617
I22,J81,0.05747126436781609
I22,K13,0.07954545454545454
I22,K25,0.056074766355140186
I22,K44,0.07142857142857142
I22,K52,0.060240963855421686
I22,K55,0.05660377358490566
I22,K70,0.10714285714285714
I22,K73,0.07407407407407407
I22,K76,0.09420289855072464
I22,K82,0.07051282051282051
I22,K83,0.049586776859504134
I22,K92,0.03508771929824561
I22,L23,0.04597701149425287
I22,L94,0.025974025974025976
I22,L95,0.02631578947368421
I22,M81,0.047619047619047616
I22,M87,0.07291666666666667
I22,N08,0.125
I22,N17,0.1834862385321101
I22,N18,0.10810810810810811
I22,N46,0.039603960396039604
I22,N80,0.0371900826446281
I22,N94,0.03488372093023256
I22,N96,0.025974025974025976
I22,N97,0.03676470588235294
I60,I63,0.06349206349206349
I60,J44,0.030303030303030304
I60,K44,0.056910569105691054
I60,D59,0.047619047619047616
I60,F48,0.046153846153846156
I60,I10,0.0728476821192053
I60,I20,0.04693140794223827
I60,I51,0.0213903743315508
I60,D69,0.034782608695652174
I60,E66,0.02867383512544803
I60,E88,0.04054054054054054
I60,F05,0.057692307692307696
I60,G98,0.043478260869565216
I60,H35,0.04065040650406504
I60,I11,0.1346153846153846
I60,I25,0.03561643835616438
I60,I50,0.023032629558541268
I60,I64,0.12121212121212122
I60,I70,0.09278350515463918
I60,J15,0.0625
I60,J18,0.04316546762589928
I60,J60,0.06666666666666667
I60,J61,0.05454545454545454
I60,J63,0.046511627906976744
I60,J66,0.05454545454545454
I60,K13,0.05263157894736842
I60,K25,0.05405405405405406
I60,K52,0.10416666666666667
I60,K83,0.045454545454545456
I60,L94,0.047619047619047616
I60,M30,0.046875
I60,N08,0.07920792079207921
I60,N17,0.08045977011494253
I60,N18,0.05737704918032787
J18,J44,0.08529411764705883
J18,J45,0.05391527599486521
J18,J80,0.058823529411764705
J18,K50,0.04038461538461539
J18,K51,0.044186046511627906
J18,K90,0.05921052631578947
J18,L40,0.042953020134228186
J18,L51,0.04516129032258064
J18,L71,0.04838709677419355
J18,M07,0.0425531914893617
J18,M31,0.04477611940298507
J18,M33,0.09016393442622951
J18,M45,0.05235602094240838
J18,A75,0.0380952380952381
J18,A77,0.038461538461538464
J18,D64,0.05235602094240838
J18,F48,0.04736842105263158
J18,G35,0.03008595988538682
J18,I10,0.06132075471698113
J18,I20,0.050595238095238096
J18,I64,0.05384615384615385
J18,I70,0.07643312101910828
J18,J15,0.03636363636363636
J18,B19,0.05217391304347826
J18,C88,0.018867924528301886
J18,D50,0.02564102564102564
J18,D57,0.03389830508474576
J18,D69,0.04597701149425287
J18,D86,0.05154639175257732
J18,H35,0.03804347826086957
J18,I25,0.04009433962264151
J18,I72,0.036231884057971016
J18,J41,0.03508771929824561
J18,J42,0.06837606837606838
J18,J43,0.03816793893129771
J18,J60,0.027777777777777776
J18,J63,0.02857142857142857
J18,J81,0.043478260869565216
J18,J84,0.02877697841726619
J18,J96,0.04504504504504504
J18,K02,0.05726872246696035
J18,K13,0.0423728813559322
J18,K52,0.07407407407407407
J18,K70,0.07017543859649122
J18,K73,0.043478260869565216
J18,K76,0.04678362573099415
J18,K82,0.04838709677419355
J18,L20,0.039832285115303984
J18,L23,0.05309734513274336
J18,L25,0.05389221556886228
J18,L30,0.0625
J18,L70,0.03431372549019608
J18,L73,0.04201680672268908
J18,L94,0.01904761904761905
J18,M02,0.01904761904761905
J18,M05,0.038461538461538464
J18,M06,0.061895551257253385
J18,M12,0.027777777777777776
J18,M32,0.04285714285714286
J18,M81,0.0625
J18,N02,0.034653465346534656
J18,N08,0.075
J18,N17,0.07534246575342465
J18,N18,0.07262569832402235
J44,C04,0.022556390977443608
J44,C11,0.011235955056179775
J44,F10,0.0377906976744186
J44,F17,0.03202846975088968
J44,F48,0.04046242774566474
J44,G43,0.03347280334728033
J44,H40,0.04
J44,I10,0.051771117166212535
J44,I20,0.05761316872427984
J44,I25,0.05799648506151142
J44,I50,0.049930651872399444
J44,I51,0.05423280423280423
J44,I64,0.03832752613240418
J44,I70,0.047619047619047616
J44,I79,0.011111111111111112
J44,J15,0.014760147601476014
J44,J20,0.007547169811320755
J44,J41,0.03717472118959108
J44,J42,0.051470588235294115
J44,J43,0.05319148936170213
J44,J45,0.073224043715847
J44,J61,0.025454545454545455
J44,J63,0.01509433962264151
J44,J66,0.025454545454545455
J44,J80,0.02867383512544803
J44,J81,0.018115942028985508
J44,J84,0.030508474576271188
J44,J96,0.014652014652014652
J44,K02,0.03617571059431524
J44,K13,0.028985507246376812
J44,K25,0.023728813559322035
J44,K44,0.03508771929824561
J44,K51,0.040955631399317405
J44,K52,0.01838235294117647
J44,K70,0.06172839506172839
J44,K74,0.02867383512544803
J44,K76,0.055900621118012424
J44,K82,0.04093567251461988
J44,L25,0.027439024390243903
J44,L40,0.045707915273132664
J44,M07,0.02666666666666667
J44,M33,0.035211267605633804
J44,M34,0.02142857142857143
J44,M81,0.0339943342776204
J44,N08,0.030959752321981424
J44,N17,0.046052631578947366
J44,N18,0.04129793510324484
J45,A98,0.006944444444444444
J45,B16,0.008321775312066574
J45,B19,0.009628610729023384
J45,C44,0.028858218318695106
J45,D83,0.009575923392612859
J45,D86,0.03811944091486658
J45,E03,0.08011049723756906
J45,G35,0.08912510220768602
J45,I46,0.014884979702300407
J45,I64,0.016260162601626018
J45,I70,0.022222222222222223
J45,I95,0.012413793103448275
J45,J00,0.0041841004184100415
J45,J30,0.1310615989515072
J45,J33,0.03319502074688797
J45,J39,0.005578800557880056
J45,J41,0.015277777777777777
J45,J42,0.01652892561983471
J45,J43,0.016282225237449117
J45,J81,0.008253094910591471
J45,J84,0.012048192771084338
J45,K13,0.012379642365887207
J45,K20,0.021080368906455864
J45,K25,0.014804845222072678
J45,K50,0.10642377756471716
J45,K51,0.0937178166838311
J45,K52,0.0125
J45,K90,0.032
J45,K92,0.01335113484646195
J45,L20,0.19633225458468176
J45,L21,0.016150740242261104
J45,L23,0.013850415512465374
J45,L30,0.016282225237449117
J45,L40,0.10580747812251393
J45,L43,0.01912568306010929
J45,L50,0.017857142857142856
J45,L57,0.02727272727272727
J45,L70,0.021065675340768277
J45,L71,0.023415977961432508
J45,L73,0.009589041095890411
J45,L80,0.04738154613466334
J45,M05,0.08290155440414508
J45,M06,0.10877862595419847
J45,M07,0.01876675603217158
J45,M13,0.022516556291390728
J45,M31,0.024489795918367346
J45,M32,0.10338835794960903
J45,M33,0.021917808219178082
J45,N02,0.0275
J45,N08,0.022135416666666668
J60,M33,0.058823529411764705
J60,D59,0.058823529411764705
J60,I64,0.08108108108108109
J60,J15,0.13333333333333333
J60,A32,0.07407407407407407
J60,J61,0.09090909090909091
J60,J66,0.09090909090909091
J60,K52,0.11764705882352941
J60,M81,0.038834951456310676
J60,N18,0.04395604395604396
J60,N80,0.01675977653631285
J60,N94,0.1111111111111111
J61,C04,0.09090909090909091
J61,I64,0.06382978723404255
J61,J43,0.08888888888888889
J61,J66,1.0
J61,J81,0.06451612903225806
J61,K13,0.09090909090909091
J61,K25,0.058823529411764705
J61,K52,0.11538461538461539
J61,K70,0.054945054945054944
J61,K76,0.05747126436781609
J61,K82,0.038461538461538464
J61,K83,0.046153846153846156
J61,N08,0.0625
J63,I63,0.07142857142857142
J63,J80,0.08333333333333333
J63,K90,0.03389830508474576
J63,M33,0.1
J63,D59,0.04081632653061224
J63,I10,0.02459016393442623
J63,I20,0.012
J63,I64,0.08823529411764706
J63,I70,0.029850746268656716
J63,I05,0.2
J63,K13,0.09523809523809523
J63,K52,0.14285714285714285
J63,K83,0.03773584905660377
J63,L28,0.25
J63,N08,0.043478260869565216
J63,N17,0.05555555555555555
J64,K90,0.036585365853658534
J64,M02,0.06896551724137931
J66,C04,0.09090909090909091
J66,I64,0.06382978723404255
J66,J43,0.08888888888888889
J66,J81,0.06451612903225806
J66,K13,0.09090909090909091
J66,K25,0.058823529411764705
J66,K52,0.11538461538461539
J66,K70,0.054945054945054944
J66,K76,0.05747126436781609
J66,K82,0.038461538461538464
J66,K83,0.046153846153846156
J66,N08,0.0625
J80,I63,0.09090909090909091
J80,A71,0.08695652173913043
J80,D64,0.034782608695652174
J80,I10,0.08333333333333333
J80,I20,0.026515151515151516
J80,I64,0.0784313725490196
J80,J43,0.058823529411764705
J80,J84,0.05172413793103448
J80,K44,0.04716981132075472
J80,K70,0.07446808510638298
J80,K73,0.05084745762711865
J80,K76,0.06593406593406594
J80,K82,0.046296296296296294
J80,M81,0.03389830508474576
J80,N08,0.0975609756097561
J80,N12,0.06060606060606061
J80,N17,0.10294117647058823
J80,N18,0.057692307692307696
K50,B02,0.00904977375565611
K50,C44,0.04247104247104247
K50,D69,0.021825396825396824
K50,D86,0.052941176470588235
K50,E03,0.0811138014527845
K50,G35,0.09583333333333334
K50,J30,0.054249547920433995
K50,K51,0.21806853582554517
K50,K70,0.027888446215139442
K50,K90,0.04883227176220807
K50,L20,0.095112285336856
K50,L21,0.02813852813852814
K50,L23,0.015730337078651686
K50,L30,0.015151515151515152
K50,L40,0.10119047619047619
K50,L43,0.02643171806167401
K50,L51,0.022727272727272728
K50,L53,0.013303769401330377
K50,L57,0.028169014084507043
K50,L71,0.019823788546255508
K50,L80,0.04283054003724395
K50,L93,0.04065040650406504
K50,M05,0.0944206008583691
K50,M06,0.11787072243346007
K50,M07,0.02564102564102564
K50,M13,0.03361344537815126
K50,M31,0.02826086956521739
K50,M32,0.08552631578947369
K50,M33,0.030973451327433628
K50,M34,0.015521064301552107
K50,M45,0.07661290322580645
K50,N02,0.028462998102466792
K51,A98,0.011461318051575931
K51,B16,0.014285714285714285
K51,D45,0.013966480446927373
K51,D86,0.054502369668246446
K51,E03,0.05952380952380952
K51,G35,0.0798650168728909
K51,J30,0.05591397849462366
K51,J35,0.01662049861495845
K51,K20,0.02284263959390863
K51,K25,0.0213903743315508
K51,K52,0.014204545454545454
K51,K90,0.05235602094240838
K51,L20,0.05890804597701149
K51,L21,0.02680965147453083
K51,L23,0.014084507042253521
K51,L40,0.0818278427205101
K51,L43,0.030303030303030304
K51,L51,0.02284263959390863
K51,L57,0.029484029484029485
K51,L71,0.02203856749311295
K51,L80,0.04
K51,L93,0.034482758620689655
K51,M05,0.061514195583596214
K51,M06,0.09116022099447514
K51,M07,0.043010752688172046
K51,M16,0.011396011396011397
K51,M30,0.01643835616438356
K51,M31,0.024193548387096774
K51,M32,0.08323281061519903
K51,M33,0.024657534246575342
K51,M34,0.028089887640449437
K51,M45,0.0625
K51,M71,0.008645533141210375
K51,N02,0.03686635944700461
K51,N03,0.014285714285714285
K51,N80,0.031746031746031744
K52,L40,0.01032448377581121
K52,M07,0.057692307692307696
K52,M33,0.10810810810810811
K52,D59,0.05357142857142857
K52,F48,0.038834951456310676
K52,G35,0.01129032258064516
K52,I10,0.031007751937984496
K52,I20,0.01953125
K52,I64,0.0975609756097561
K52,I70,0.08450704225352113
K52,K13,0.10714285714285714
K52,K25,0.06521739130434782
K52,F10,0.04
K52,A71,0.15384615384615385
K52,B19,0.16
K52,B79,0.16666666666666666
K52,C49,0.06451612903225806
K52,D61,0.06666666666666667
K52,D69,0.046511627906976744
K52,H35,0.042105263157894736
K52,H66,0.1
K52,I25,0.02346041055718475
K52,J81,0.07692307692307693
K52,K70,0.05813953488372093
K52,K73,0.061224489795918366
K52,K83,0.06779661016949153
K52,L23,0.17391304347826086
K52,L28,0.08333333333333333
K52,L73,0.06666666666666667
K52,M00,0.1111111111111111
K52,M06,0.015555555555555555
K52,N08,0.1111111111111111
K52,N17,0.1206896551724138
K52,N18,0.05263157894736842
K70,I63,0.05
K70,F48,0.04819277108433735
K70,I10,0.06382978723404255
K70,I20,0.05806451612903226
K70,I51,0.02689075630252101
K70,I64,0.05660377358490566
K70,I70,0.08270676691729323
K70,K13,0.06521739130434782
K70,C80,0.043859649122807015
K70,D61,0.03125
K70,D69,0.03289473684210526
K70,E66,0.041666666666666664
K70,F01,0.03333333333333333
K70,G00,0.045454545454545456
K70,G12,0.035398230088495575
K70,G93,0.031914893617021274
K70,H35,0.0440251572327044
K70,I25,0.058524173027989825
K70,I61,0.04504504504504504
K70,I81,0.024691358024691357
K70,J43,0.07766990291262135
K70,J84,0.03508771929824561
K70,K55,0.045454545454545456
K70,K73,0.07207207207207207
K70,K74,0.08602150537634409
K70,K76,0.36283185840707965
K70,K82,0.3076923076923077
K70,K83,0.0743801652892562
K70,K86,0.039603960396039604
K70,K92,0.04310344827586207
K70,L25,0.04861111111111111
K70,M10,0.02450229709035222
K70,M81,0.03468208092485549
K70,N08,0.072992700729927
K70,N17,0.1
K70,N18,0.056962025316455694
K76,I63,0.06315789473684211
K76,D64,0.04242424242424243
K76,I10,0.06521739130434782
K76,I20,0.04516129032258064
K76,I64,0.04854368932038835
K76,I70,0.06870229007633588
K76,K13,0.044444444444444446
K76,K25,0.04672897196261682
K76,D45,0.03333333333333333
K76,D61,0.04395604395604396
K76,D69,0.033783783783783786
K76,D73,0.036585365853658534
K76,E23,0.04
K76,E66,0.035483870967741936
K76,E83,0.039603960396039604
K76,F01,0.047058823529411764
K76,G00,0.046875
K76,G12,0.03669724770642202
K76,H35,0.05194805194805195
K76,I25,0.03258145363408521
K76,I81,0.025974025974025976
K76,J43,0.08080808080808081
K76,K55,0.037383177570093455
K76,K73,0.06481481481481481
K76,K74,0.07777777777777778
K76,K82,0.45614035087719296
K76,K83,0.06779661016949153
K76,K92,0.07339449541284404
K76,L25,0.0425531914893617
K76,N08,0.05925925925925926
K76,N12,0.03529411764705882
K76,N17,0.0847457627118644
K76,N18,0.05161290322580645
K82,I63,0.044642857142857144
K82,I20,0.036585365853658534
K82,I70,0.04697986577181208
K82,K25,0.04918032786885246
K82,D73,0.030612244897959183
K82,F01,0.029411764705882353
K82,G00,0.041666666666666664
K82,G12,0.032
K82,H35,0.03488372093023256
K82,I81,0.021505376344086023
K82,J43,0.0603448275862069
K82,K73,0.048
K82,K74,0.03669724770642202
K82,K83,0.06766917293233082
K82,K92,0.05555555555555555
K82,L25,0.05161290322580645
K82,N17,0.051094890510948905
L23,L40,0.010279001468428781
L23,L80,0.03759398496240601
L23,G35,0.011235955056179775
L23,I70,0.03896103896103896
L23,L20,0.027777777777777776
L23,A71,0.125
L23,B00,0.09523809523809523
L23,B02,0.09090909090909091
L23,B19,0.10344827586206896
L23,C49,0.058823529411764705
L23,D61,0.06060606060606061
L23,D69,0.0449438202247191
L23,F22,0.06451612903225806
L23,H60,0.125
L23,J30,0.03205128205128205
L23,L30,0.11904761904761904
L23,M00,0.09523809523809523
L23,N08,0.05063291139240506
L23,N17,0.07936507936507936
L30,M07,0.056338028169014086
L30,M33,0.05172413793103448
L30,K25,0.045454545454545456
L30,L20,0.019230769230769232
L30,B02,0.05128205128205128
L30,D69,0.03773584905660377
L30,J30,0.04093567251461988
L30,J41,0.06976744186046512
L30,J42,0.06
L30,J81,0.09090909090909091
L30,M89,0.05555555555555555
L30,N87,0.05263157894736842
L51,K90,0.036036036036036036
L51,L40,0.022377622377622378
L51,A81,0.05
L51,B00,0.03125
L51,B02,0.046875
L51,F02,0.04477611940298507
L51,L71,0.05
L51,M07,0.06315789473684211
L51,M31,0.06818181818181818
L51,N03,0.046153846153846156
L71,A16,0.07692307692307693
L71,A75,0.14814814814814814
L71,A77,0.15384615384615385
L71,A98,0.0625
L71,C44,0.04878048780487805
L71,F05,0.08108108108108109
L71,H40,0.018092105263157895
L71,I46,0.11320754716981132
L71,I95,0.16216216216216217
L71,J30,0.05521472392638037
L71,J98,0.05714285714285714
L71,L21,0.10344827586206896
L71,L50,0.16279069767441862
L71,L53,0.09523809523809523
L71,L57,0.07526881720430108
L71,L70,0.047244094488188976
L71,L80,0.04195804195804196
L71,L81,0.061224489795918366
L71,L98,0.08333333333333333
L71,N03,0.058823529411764705
L71,N40,0.05660377358490566
L80,K90,0.08433734939759036
L80,L40,0.048748353096179184
L80,A98,0.0234375
L80,C43,0.04878048780487805
L80,C44,0.0970873786407767
L80,D81,0.03773584905660377
L80,D83,0.02857142857142857
L80,D86,0.05687203791469194
L80,E03,0.0903954802259887
L80,E05,0.029850746268656716
L80,E07,0.05263157894736842
L80,G35,0.04384724186704385
L80,G70,0.04329004329004329
L80,H06,0.016129032258064516
L80,J30,0.05078125
L80,J84,0.03184713375796178
L80,K22,0.03553299492385787
L80,K73,0.03821656050955414
L80,L20,0.038306451612903226
L80,L21,0.05228758169934641
L80,L43,0.06293706293706294
L80,L53,0.02877697841726619
L80,L57,0.08241758241758242
L80,L82,0.05063291139240506
L80,M05,0.06872037914691943
L80,M06,0.07984790874524715
L80,M13,0.047058823529411764
L80,M31,0.046052631578947366
L80,M32,0.054602184087363496
L80,M33,0.05555555555555555
L80,M34,0.03597122302158273
L80,M81,0.05687203791469194
L80,N02,0.0410958904109589
M02,K90,0.034482758620689655
M02,L40,0.004457652303120356
M02,M45,0.02040816326530612
M02,C03,0.3333333333333333
M06,K90,0.0546218487394958
M06,L40,0.0971540726202159
M06,M07,0.036093418259023353
M06,M31,0.032188841201716736
M06,M33,0.037199124726477024
M06,M45,0.048355899419729204
M06,G35,0.11932418162618796
M06,L20,0.08419689119170984
M06,A98,0.011160714285714286
M06,B02,0.011135857461024499
M06,B19,0.01762114537444934
M06,C44,0.04780114722753346
M06,C91,0.028225806451612902
M06,D69,0.021484375
M06,D86,0.04807692307692308
M06,D89,0.012875536480686695
M06,E03,0.10012210012210013
M06,J30,0.044169611307420496
M06,J81,0.010964912280701754
M06,L21,0.021141649048625793
M06,L53,0.013071895424836602
M06,L57,0.04426559356136821
M06,L93,0.06776180698151951
M06,M05,0.7331838565022422
M06,M13,0.0395010395010395
M06,M19,0.025477707006369428
M06,M30,0.021691973969631236
M06,M32,0.1645274212368728
M06,M34,0.02869757174392936
M06,M71,0.006711409395973154
M06,M81,0.04007633587786259
M06,M87,0.015053763440860216
M06,N02,0.035781544256120526
M06,N08,0.03219315895372234
M31,A16,0.05555555555555555
M31,K90,0.10714285714285714
M31,L40,0.024566473988439308
M31,M07,0.06756756756756757
M31,A04,0.05
M31,A92,0.05405405405405406
M31,B02,0.07142857142857142
M31,B16,0.09523809523809523
M31,B19,0.08163265306122448
M31,C10,0.05128205128205128
M31,C11,0.05128205128205128
M31,C44,0.05303030303030303
M31,D50,0.061224489795918366
M31,D83,0.05555555555555555
M31,D86,0.0625
M31,E05,0.0625
M31,G35,0.02037617554858934
M31,G70,0.047619047619047616
M31,H31,0.05263157894736842
M31,J42,0.05555555555555555
M31,L57,0.047619047619047616
M31,L73,0.05660377358490566
M31,L93,0.05714285714285714
M31,M12,0.04878048780487805
M31,M32,0.027923211169284468
M31,M33,0.14035087719298245
M31,M45,0.0390625
M31,M46,0.05
M31,N02,0.07633587786259542
M31,N03,0.06976744186046512
M31,N08,0.050505050505050504
M31,N87,0.047619047619047616
M32,K90,0.05172413793103448
M32,L40,0.1045045045045045
M32,M33,0.028268551236749116
M32,B16,0.012589928057553957
M32,G35,0.10396975425330812
M32,L20,0.05704697986577181
M32,A98,0.010810810810810811
M32,B19,0.012433392539964476
M32,C44,0.02821316614420063
M32,D80,0.012367491166077738
M32,D83,0.019538188277087035
M32,D84,0.0137221269296741
M32,D86,0.03980891719745223
M32,E03,0.08845738942826321
M32,J30,0.034023668639053255
M32,K02,0.03609022556390978
M32,L43,0.021052631578947368
M32,L53,0.010582010582010581
M32,L93,0.10954063604240283
M32,M05,0.13824289405684753
M32,M30,0.015789473684210527
M32,M34,0.026833631484794274
M32,N02,0.03785488958990536
M32,N03,0.010771992818671455
M33,K90,0.10256410256410256
M33,L40,0.027818448023426062
M33,M07,0.07462686567164178
M33,B02,0.05555555555555555
M33,B16,0.11428571428571428
M33,B19,0.06976744186046512
M33,B35,0.075
M33,C10,0.0625
M33,C11,0.0625
M33,D59,0.0410958904109589
M33,D86,0.06611570247933884
M33,E27,0.058823529411764705
M33,G35,0.0189873417721519
M33,G70,0.035211267605633804
M33,H66,0.05405405405405406
M33,I79,0.05714285714285714
M33,J15,0.05405405405405406
M33,K02,0.04430379746835443
M33,K74,0.0625
M33,L20,0.024330900243309004
M33,L24,0.05714285714285714
M33,L73,0.11363636363636363
M33,M05,0.031791907514450865
M33,M12,0.058823529411764705
M33,M34,0.1111111111111111
M33,M46,0.06060606060606061
M33,M60,0.07317073170731707
M33,M81,0.04878048780487805
M33,N02,0.03875968992248062
M33,N04,0.057692307692307696
M33,N05,0.06
M81,M45,0.03684210526315789
M81,D64,0.03684210526315789
M81,F48,0.04838709677419355
M81,I10,0.05741626794258373
M81,I20,0.029498525073746312
M81,I64,0.0390625
M81,K13,0.043859649122807015
M81,K25,0.03787878787878788
M81,A98,0.02857142857142857
M81,C88,0.0196078431372549
M81,D50,0.03571428571428571
M81,F44,0.02631578947368421
M81,H80,0.04477611940298507
M81,K73,0.037037037037037035
M81,M34,0.04310344827586207
M81,M80,0.19230769230769232
M81,M87,0.040983606557377046
M81,M89,0.0392156862745098
M81,N08,0.05660377358490566
M81,N18,0.05027932960893855
M81,N62,0.027777777777777776
M81,N80,0.045627376425855515
M81,N94,0.02727272727272727
M81,N97,0.03773584905660377
N08,K44,0.08275862068965517
N08,D59,0.05504587155963303
N08,D64,0.0784313725490196
N08,F48,0.07236842105263158
N08,I10,0.09248554913294797
N08,I20,0.06375838926174497
N08,I51,0.03626943005181347
N08,I64,0.14772727272727273
N08,I70,0.07258064516129033
N08,K13,0.10126582278481013
N08,K25,0.07142857142857142
N08,A32,0.034482758620689655
N08,A71,0.028985507246376812
N08,B79,0.029411764705882353
N08,C45,0.061224489795918366
N08,C49,0.03488372093023256
N08,C61,0.04878048780487805
N08,C90,0.045
N08,D69,0.04285714285714286
N08,D89,0.03260869565217391
N08,E87,0.04054054054054054
N08,F09,0.04132231404958678
N08,G00,0.040983606557377046
N08,G30,0.023965141612200435
N08,G96,0.043478260869565216
N08,H06,0.028985507246376812
N08,H34,0.02857142857142857
N08,H35,0.040268456375838924
N08,I05,0.029411764705882353
N08,I11,0.06172839506172839
N08,I25,0.04113110539845758
N08,I50,0.029411764705882353
N08,J00,0.028985507246376812
N08,J69,0.0273972602739726
N08,J81,0.06329113924050633
N08,K06,0.028985507246376812
N08,K73,0.06930693069306931
N08,K83,0.043859649122807015
N08,K92,0.03773584905660377
N08,M89,0.027777777777777776
N08,N00,0.043478260869565216
N08,N04,0.056179775280898875
N08,N05,0.045454545454545456
N08,N17,0.24742268041237114
N08,N18,0.17293233082706766
N80,A71,0.011363636363636364
N80,D07,0.021621621621621623
N80,I80,0.031578947368421054
N80,I83,0.032432432432432434
N80,I86,0.027932960893854747
N80,I99,0.017045454545454544
N80,N62,0.01639344262295082
N80,N92,0.02717391304347826
N80,N94,0.03296703296703297
N80,N97,0.06666666666666667
D86,K22,0.046242774566473986
D86,K90,0.0979020979020979
D86,L40,0.07361111111111111
D86,M07,0.05925925925925926
D86,B16,0.047619047619047616
D86,G35,0.03924418604651163
D86,A98,0.058823529411764705
D86,C44,0.05181347150259067
D86,D50,0.04504504504504504
D86,E03,0.03925233644859813
D86,J96,0.027522935779816515
D86,K02,0.08256880733944955
D86,K40,0.06153846153846154
D86,L73,0.034482758620689655
D86,M05,0.054187192118226604
D86,M46,0.02912621359223301
D86,N02,0.05128205128205128
J30,J41,0.03896103896103896
J30,J42,0.037267080745341616
J30,L43,0.04790419161676647
J30,L40,0.04198473282442748
J30,G35,0.04103967168262654
J30,L20,0.14225053078556263
J30,D80,0.024691358024691357
J30,D83,0.024539877300613498
J30,E03,0.05244755244755245
J30,F50,0.028901734104046242
J30,H40,0.03212290502793296
J30,H60,0.013605442176870748
J30,I46,0.052941176470588235
J30,I95,0.05844155844155844
J30,J33,0.09316770186335403
J30,J39,0.02040816326530612
J30,K20,0.0625
J30,K27,0.03614457831325301
J30,L50,0.0759493670886076
J30,L57,0.047619047619047616
J30,M05,0.041758241758241756
J30,M77,0.0136986301369863
N87,B73,0.125
N87,K90,0.031746031746031744
N87,C03,0.125
N87,D03,0.13333333333333333
N87,N43,0.06896551724137931
B35,G47,0.04054054054054054
B35,B16,0.09090909090909091
B35,B49,0.10526315789473684
B35,C10,0.11764705882352941
B35,C11,0.11764705882352941
B35,L57,0.03529411764705882
B35,M12,0.10526315789473684
B35,E78,0.028037383177570093
B35,G63,0.22727272727272727
B35,L03,0.16666666666666666
B35,L98,0.08108108108108109
B35,M86,0.08
B49,A38,0.25
B49,B48,0.8571428571428571
B49,D83,0.07692307692307693
D50,G47,0.039473684210526314
D50,K90,0.04285714285714286
D50,D64,0.03669724770642202
D50,G35,0.0096
D50,N02,0.025423728813559324
D50,A98,0.14285714285714285
D50,J98,0.08
D50,N03,0.08333333333333333
D50,L53,0.058823529411764705
D50,M34,0.08823529411764706
G47,A16,0.031746031746031744
G47,E13,0.04452054794520548
G47,E14,0.03201970443349754
G47,E66,0.04745762711864407
G47,F06,0.03076923076923077
G47,F51,0.046875
G47,G98,0.029411764705882353
G47,H40,0.018633540372670808
J69,I64,0.05263157894736842
A16,A38,0.25
A16,A92,0.25
A16,B73,0.5
A16,G04,0.2
A16,G56,0.022727272727272728
A16,H26,0.009174311926605505
A16,H31,0.2
A16,J41,0.14285714285714285
A16,J42,0.09523809523809523
A16,K22,0.024691358024691357
A16,L43,0.06896551724137931
A38,A92,0.2
A38,B48,0.2857142857142857
A38,D83,0.09090909090909091
A38,G04,0.16666666666666666
A92,B19,0.1111111111111111
A92,B25,0.2
A92,G04,0.16666666666666666
C11,K90,0.03333333333333333
C11,B16,0.15384615384615385
C11,C10,0.25
C11,B19,0.1
C11,C30,0.16666666666666666
C11,G63,0.125
C11,M12,0.2
C11,M60,0.1111111111111111
C11,N15,0.2
C11,N46,0.0625
C11,N90,0.2
G04,D83,0.08695652173913043
A71,F48,0.020833333333333332
A71,I10,0.01639344262295082
A71,N17,0.037037037037037035
A71,D69,0.02531645569620253
A71,A23,0.3333333333333333
A71,H06,0.2
A71,L94,0.2
B50,D64,0.041237113402061855
B50,F48,0.020618556701030927
B50,N17,0.03636363636363636
B50,N18,0.022222222222222223
B50,B54,0.14285714285714285
B50,D57,0.15789473684210525
G98,I63,0.06451612903225806
G98,F48,0.030303030303030304
G98,I51,0.007476635514018692
G98,I70,0.02857142857142857
G98,N17,0.034482758620689655
G98,F01,0.10526315789473684
G98,F09,0.031746031746031744
G98,E66,0.012
G98,C49,0.07692307692307693
G98,F31,0.05194805194805195
G98,G00,0.047619047619047616
G98,G12,0.046511627906976744
H06,D64,0.02040816326530612
H06,K13,0.1
H06,N18,0.02247191011235955
H06,L94,0.2
H06,C90,0.014084507042253521
H06,E05,0.125
L94,I10,0.01639344262295082
L94,I70,0.030303030303030304
L94,K13,0.1
L94,L70,0.018518518518518517
L94,N18,0.02247191011235955
L94,J43,0.06060606060606061
M00,I70,0.028169014084507043
M00,K13,0.08
M00,N17,0.03389830508474576
M00,K73,0.043478260869565216
M00,C49,0.07407407407407407
M00,D61,0.07692307692307693
M89,K44,0.021505376344086023
M89,K13,0.08695652173913043
M89,K25,0.04878048780487805
M89,M13,0.03389830508474576
A98,K90,0.04838709677419355
A98,L40,0.010385756676557863
A98,G35,0.008090614886731391
A98,K02,0.02127659574468085
A98,M05,0.015105740181268883
A98,N02,0.02727272727272727
A98,J98,0.11764705882352941
A98,M34,0.11538461538461539
A98,N03,0.125
B19,K90,0.05714285714285714
B19,B16,0.08
B19,G35,0.01282051282051282
B19,L20,0.0199501246882793
B19,N17,0.04477611940298507
B19,C10,0.1
B19,M12,0.09090909090909091
B19,D69,0.04395604395604396
B19,H66,0.08
B19,K37,0.08
B73,H31,0.25
C49,I70,0.03614457831325301
C49,N17,0.05714285714285714
C49,C61,0.03305785123966942
C49,C90,0.02531645569620253
C49,C02,0.06451612903225806
C49,C30,0.09523809523809523
C49,C37,0.09090909090909091
C49,C60,0.08695652173913043
C49,C67,0.05154639175257732
C49,C83,0.058823529411764705
C49,D61,0.07894736842105263
D61,J15,0.07142857142857142
D61,K13,0.05405405405405406
D61,D69,0.053763440860215055
D61,K73,0.05263157894736842
G30,I10,0.03155818540433925
G30,I20,0.0416
G30,I70,0.02412280701754386
G30,N17,0.03409090909090909
G30,F01,0.014634146341463415
G30,F09,0.026785714285714284
G30,I25,0.04526166902404526
G30,F31,0.028077753779697623
G30,E85,0.04047619047619048
G30,F03,0.0515695067264574
G30,D33,0.007407407407407408
G30,F00,0.6305418719211823
G35,L43,0.02384737678855326
G35,K90,0.04186046511627907
G35,L40,0.07512520868113523
G35,M07,0.020155038759689922
G35,M45,0.03188405797101449
G35,G70,0.08112094395280237
G35,C15,0.006462035541195477
G35,C91,0.027190332326283987
G35,D83,0.011128775834658187
G35,E03,0.08291203235591507
G35,F06,0.00487012987012987
G35,K74,0.012718600953895072
G35,L20,0.07013815090329437
G35,L53,0.009538950715421303
G35,L93,0.02526002971768202
G35,M05,0.09143518518518519
G35,M34,0.02086677367576244
G35,N02,0.030042918454935622
H90,H81,0.049689440993788817
H90,H91,0.15841584158415842
H90,N96,0.01652892561983471
J98,N03,0.10526315789473684
K13,I63,0.07142857142857142
K13,K44,0.038461538461538464
K13,I10,0.05263157894736842
K13,I20,0.02681992337164751
K13,I51,0.012867647058823529
K13,I64,0.08333333333333333
K13,I70,0.05
K13,C45,0.057692307692307696
K13,C67,0.05263157894736842
K13,G00,0.04
K13,I06,0.16129032258064516
K13,I35,0.0967741935483871
K13,I71,0.10344827586206896
K13,I72,0.05454545454545454
K13,I83,0.09375
K13,J43,0.1590909090909091
K13,K25,0.07692307692307693
K13,K73,0.05357142857142857
K13,K83,0.04477611940298507
K13,M34,0.08108108108108109
K13,M51,0.08108108108108109
K13,N17,0.07462686567164178
K13,N18,0.07
K37,K35,0.16666666666666666
K37,K36,0.5
K37,K72,0.07692307692307693
L20,L43,0.024330900243309004
L20,K90,0.03218390804597701
L20,L40,0.07793522267206478
L20,B02,0.010075566750629723
L20,C44,0.033402922755741124
L20,E03,0.057356608478802994
L20,J33,0.04714640198511166
L20,K20,0.025056947608200455
L20,L57,0.035555555555555556
L20,M05,0.06666666666666667
L20,N42,0.010050251256281407
M80,C55,0.07142857142857142
M80,G52,0.08333333333333333
M80,N62,0.06060606060606061
N03,D59,0.07547169811320754
N03,G70,0.024
N03,N02,0.036036036036036036
N03,H35,0.031914893617021274
N03,N00,0.16666666666666666
N03,N01,0.18181818181818182
N03,N04,0.09090909090909091
N03,N06,0.2
N03,N07,0.2
N17,I63,0.0821917808219178
N17,K44,0.06766917293233082
N17,D64,0.056338028169014086
N17,F48,0.07246376811594203
N17,I10,0.14473684210526316
N17,I20,0.07857142857142857
N17,I51,0.04838709677419355
N17,I64,0.11688311688311688
N17,I70,0.14563106796116504
N17,B79,0.03773584905660377
N17,C20,0.047058823529411764
N17,C24,0.03508771929824561
N17,C45,0.047058823529411764
N17,C90,0.0374331550802139
N17,D69,0.048
N17,E66,0.03460207612456748
N17,E87,0.05084745762711865
N17,F01,0.046875
N17,F06,0.03636363636363636
N17,F30,0.05517241379310345
N17,F39,0.052980132450331126
N17,G00,0.04672897196261682
N17,H34,0.03636363636363636
N17,H35,0.06870229007633588
N17,H66,0.03278688524590164
N17,I05,0.03773584905660377
N17,I11,0.05970149253731343
N17,I12,0.06153846153846154
N17,I25,0.0743801652892562
N17,I50,0.0380952380952381
N17,I61,0.058823529411764705
N17,J43,0.0759493670886076
N17,J81,0.06153846153846154
N17,K73,0.08139534883720931
N17,K83,0.04
N17,K86,0.06756756756756757
N17,K92,0.05555555555555555
N17,L25,0.05042016806722689
N17,M30,0.039473684210526314
N17,N18,0.20512820512820512
N17,N19,0.08860759493670886
N17,N36,0.037037037037037035
N17,N46,0.0379746835443038
D64,C83,0.04964539007092199
D64,C90,0.039301310043668124
D64,C92,0.05701754385964912
D64,D45,0.045454545454545456
D64,D55,0.056074766355140186
D64,D57,0.05504587155963303
D64,D58,0.049586776859504134
D64,D69,0.04790419161676647
D64,D75,0.09090909090909091
D64,D89,0.04201680672268908
D64,F48,0.04918032786885246
D64,G00,0.05405405405405406
D64,G92,0.06153846153846154
D64,I05,0.020618556701030927
D64,I10,0.05314009661835749
D64,I51,0.03114754098360656
D64,J81,0.02727272727272727
D64,K06,0.02040816326530612
D64,K73,0.03787878787878788
D64,K92,0.045112781954887216
D64,M86,0.028037383177570093
D64,N18,0.08187134502923976
D64,N19,0.04838709677419355
K73,F48,0.038461538461538464
K73,I10,0.05228758169934641
K73,I64,0.057971014492753624
K73,I70,0.039603960396039604
K73,N18,0.04918032786885246
K73,C80,0.05263157894736842
K73,A32,0.05084745762711865
K73,G00,0.042105263157894736
K73,G57,0.0425531914893617
K73,G93,0.05454545454545454
K73,J81,0.05660377358490566
K73,K86,0.047619047619047616
I73,I20,0.05136986301369863
I73,I51,0.02608695652173913
I73,I70,0.1388888888888889
I73,I25,0.04221635883905013
I73,E78,0.04054054054054054
I73,I50,0.03189493433395872
I73,I72,0.05434782608695652
I73,H47,0.05063291139240506
I73,I65,0.125
I73,I67,0.05517241379310345
I73,I74,0.047619047619047616
I73,I99,0.06896551724137931
I73,K72,0.05555555555555555
I73,M87,0.04938271604938271
C04,C30,0.125
C04,H25,0.15384615384615385
C45,C80,0.08571428571428572
C45,C56,0.07920792079207921
C45,C61,0.037037037037037035
C45,C02,0.06666666666666667
C45,C38,0.05263157894736842
C45,C67,0.06363636363636363
C45,C95,0.056338028169014086
C45,D32,0.09302325581395349
C45,N46,0.06557377049180328
C45,N97,0.052083333333333336
C67,C80,0.1308411214953271
C67,C81,0.048
C67,C56,0.08450704225352113
C67,C61,0.08823529411764706
C67,C60,0.04938271604938271
C67,C23,0.31868131868131866
C67,C43,0.07453416149068323
C67,C64,0.04568527918781726
C67,C73,0.056910569105691054
C67,C74,0.05747126436781609
C67,C79,0.036585365853658534
C67,C83,0.1
C67,C84,0.06293706293706294
C67,C91,0.06569343065693431
C67,C92,0.07655502392344497
C67,C95,0.05405405405405406
C67,C96,0.03571428571428571
C67,D05,0.0625
C67,N85,0.023255813953488372
F01,I63,0.08108108108108109
F01,I20,0.015444015444015444
F01,I64,0.06818181818181818
F01,I70,0.039473684210526314
F01,D69,0.033707865168539325
F01,F10,0.02912621359223301
F01,H35,0.030612244897959183
F01,E85,0.08888888888888889
F01,F22,0.06666666666666667
F01,G31,0.1111111111111111
F01,G43,0.016736401673640166
F01,I68,0.12
F01,I81,0.125
H25,H40,0.008389261744966443
J15,F48,0.029411764705882353
J15,I10,0.048
J15,I51,0.011194029850746268
J15,I64,0.04878048780487805
J15,I70,0.041666666666666664
J15,M30,0.058823529411764705
J43,J41,0.06976744186046512
J43,J42,0.06
J43,I10,0.05517241379310345
J43,I20,0.025547445255474453
J43,I70,0.043010752688172046
J43,N18,0.043478260869565216
J43,I06,0.08888888888888889
J43,I35,0.05194805194805195
J43,G00,0.04597701149425287
J43,G25,0.0410958904109589
J43,I71,0.07142857142857142
J43,I83,0.06666666666666667
C03,B02,0.1111111111111111
C03,M67,0.14285714285714285
G70,K90,0.04790419161676647
G70,G71,0.058823529411764705
K90,A69,0.047619047619047616
K90,B16,0.09836065573770492
K90,B74,0.03508771929824561
K90,C10,0.03333333333333333
K90,D71,0.03225806451612903
K90,D83,0.04
K90,E03,0.038461538461538464
K90,K02,0.043243243243243246
K90,L40,0.061046511627906974
K90,L57,0.048
K90,L73,0.04054054054054054
K90,L93,0.1
K90,M05,0.0547945205479452
K90,M34,0.05405405405405406
K90,N02,0.06578947368421052
N02,K02,0.03879310344827586
N02,M05,0.043373493975903614
D59,H35,0.06349206349206349
D59,N01,0.06382978723404255
D59,N06,0.0425531914893617
D59,N07,0.0425531914893617
D84,D83,0.05357142857142857
D84,B00,0.045454545454545456
D84,D81,0.08108108108108109
E14,I10,0.0437636761487965
E14,I51,0.058402860548271755
E14,I70,0.03694581280788178
E14,N18,0.03981264637002342
E14,G63,0.030726256983240222
E14,I25,0.048411497730711045
E14,E13,0.6657381615598886
E14,E78,0.046296296296296294
E14,E66,0.07885304659498207
E14,I50,0.052109181141439205
E14,G59,0.03305785123966942
E14,E28,0.14137214137214138
E14,M10,0.04299889746416759
E66,I63,0.026415094339622643
E66,K44,0.033950617283950615
E66,F48,0.04923076923076923
E66,I10,0.05459770114942529
E66,I20,0.046511627906976744
E66,I51,0.04993252361673414
E66,I64,0.03333333333333333
E66,I70,0.04713804713804714
E66,N18,0.037267080745341616
E66,F31,0.03896103896103896
E66,K92,0.02127659574468085
E66,E24,0.022813688212927757
E66,F10,0.0529595015576324
E66,F09,0.044673539518900345
E66,F30,0.04216867469879518
E66,F39,0.04142011834319527
E66,F50,0.022058823529411766
E66,I50,0.07267441860465117
E66,J81,0.015503875968992248
E66,K83,0.02768166089965398
E66,L98,0.026415094339622643
E66,M10,0.04630788485607009
E88,D03,0.046511627906976744
E88,E70,0.06382978723404255
E88,L81,0.05084745762711865
E88,G03,0.05084745762711865
F05,F12,0.08333333333333333
F05,F48,0.06862745098039216
F05,I10,0.030534351145038167
F05,I51,0.011111111111111112
F05,F31,0.08641975308641975
F05,F10,0.08163265306122448
F05,F06,0.125
F05,F09,0.058823529411764705
F05,F13,0.25
F05,F14,0.17857142857142858
F05,F15,0.25
F05,F16,0.25
F05,F17,0.11428571428571428
F05,F18,0.25
F05,F19,0.25
F05,F22,0.06666666666666667
F05,F30,0.05555555555555555
F05,F39,0.05263157894736842
F05,F51,0.125
F05,I95,0.10714285714285714
F05,L28,0.07142857142857142
F06,I70,0.029850746268656716
F06,F10,0.02127659574468085
F06,F22,0.1
F06,F51,0.3333333333333333
F09,F12,0.09090909090909091
F09,F48,0.09285714285714286
F09,F31,0.08196721311475409
F09,F10,0.07142857142857142
F09,F11,0.08450704225352113
F09,F14,0.1
F09,F30,0.0821917808219178
F09,F39,0.07894736842105263
F09,F42,0.078125
F09,G00,0.035398230088495575
F09,G31,0.03225806451612903
F09,G93,0.0410958904109589
F09,N32,0.047619047619047616
F10,J42,0.03669724770642202
F10,F12,0.1206896551724138
F10,F48,0.2550335570469799
F10,F31,0.1773049645390071
F10,F11,0.1326530612244898
F10,F13,0.06521739130434782
F10,F14,0.1935483870967742
F10,F15,0.06521739130434782
F10,F16,0.06521739130434782
F10,F17,0.08333333333333333
F10,F18,0.06521739130434782
F10,F19,0.06521739130434782
F10,F20,0.02857142857142857
F10,F22,0.047619047619047616
F10,F25,0.07207207207207207
F10,F30,0.23870967741935484
F10,F34,0.053763440860215055
F10,F39,0.22981366459627328
F10,F41,0.06666666666666667
F10,F42,0.05102040816326531
F10,F43,0.030927835051546393
F10,F44,0.02830188679245283
F10,F50,0.05084745762711865
F10,F60,0.03225806451612903
F10,F80,0.020833333333333332
F10,F91,0.061224489795918366
F10,F99,0.03125
F10,G10,0.0743801652892562
F10,G40,0.03382663847780127
F10,G59,0.037383177570093455
F10,J00,0.021505376344086023
F31,F12,0.12
F31,F48,0.2518518518518518
F31,I20,0.03858520900321544
F31,I49,0.07065217391304347
F31,F11,0.08139534883720931
F31,F13,0.08108108108108109
F31,F14,0.09411764705882353
F31,F15,0.08108108108108109
F31,F16,0.08108108108108109
F31,F17,0.06451612903225806
F31,F18,0.08108108108108109
F31,F19,0.08108108108108109
F31,F20,0.034872761545711596
F31,F22,0.045454545454545456
F31,F25,0.07446808510638298
F31,F30,0.21678321678321677
F31,F39,0.2080536912751678
F31,F42,0.0625
F31,F50,0.04950495049504951
F31,F52,0.12658227848101267
F31,F70,0.05333333333333334
F31,F80,0.02564102564102564
F31,F99,0.05194805194805195
F31,G00,0.0390625
F31,G10,0.05660377358490566
F31,G40,0.0420353982300885
F31,G50,0.1326530612244898
F31,G59,0.056818181818181816
F31,I45,0.05084745762711865
F31,I84,0.13924050632911392
F31,K64,0.13414634146341464
F31,L29,0.12790697674418605
F31,M13,0.08403361344537816
F31,M19,0.09803921568627451
F31,M54,0.10526315789473684
F31,M67,0.02531645569620253
F31,M79,0.15730337078651685
F44,F48,0.05660377358490566
F44,K92,0.05357142857142857
F44,N30,0.06896551724137931
F48,J42,0.04504504504504504
F48,F12,0.14655172413793102
F48,A85,0.020833333333333332
F48,E22,0.03389830508474576
F48,F11,0.09615384615384616
F48,F13,0.052083333333333336
F48,F14,0.11764705882352941
F48,F15,0.052083333333333336
F48,F16,0.052083333333333336
F48,F18,0.052083333333333336
F48,F19,0.052083333333333336
F48,F20,0.03515263644773358
F48,F22,0.02727272727272727
F48,F25,0.07017543859649122
F48,F29,0.0379746835443038
F48,F30,0.2913907284768212
F48,F34,0.041237113402061855
F48,F39,0.2802547770700637
F48,F41,0.07106598984771574
F48,F42,0.04950495049504951
F48,F43,0.04040404040404041
F48,F50,0.058333333333333334
F48,F60,0.03125
F48,F82,0.02857142857142857
F48,F91,0.0594059405940594
F48,F99,0.030303030303030304
F48,G00,0.06206896551724138
F48,G10,0.07258064516129033
F48,G12,0.031007751937984496
F48,G21,0.043859649122807015
F48,G40,0.03361344537815126
F48,H34,0.020618556701030927
F48,I10,0.08
F48,I20,0.04242424242424243
F48,I50,0.02982456140350877
F48,I51,0.03125
F48,I64,0.07563025210084033
F48,K25,0.047619047619047616
F48,K83,0.050359712230215826
F48,L70,0.030612244897959183
F48,M30,0.03418803418803419
F48,N12,0.02857142857142857
F48,N18,0.045714285714285714
G45,I64,0.11428571428571428
G59,G63,0.18518518518518517
G59,E13,0.04819277108433735
G59,L03,0.08333333333333333
G63,I51,0.011131725417439703
G63,I70,0.05405405405405406
G63,C10,0.125
G63,E78,0.04807692307692308
G63,E13,0.045081967213114756
G63,H47,0.05555555555555555
G63,L03,0.1111111111111111
G63,M10,0.01174496644295302
I10,I63,0.0425531914893617
I10,K44,0.07692307692307693
I10,D57,0.03731343283582089
I10,E24,0.02857142857142857
I10,H35,0.061224489795918366
I10,H40,0.024390243902439025
I10,I06,0.06153846153846154
I10,I11,0.061068702290076333
I10,I20,0.1111111111111111
I10,I25,0.1089588377723971
I10,I35,0.06918238993710692
I10,I50,0.08495575221238938
I10,I51,0.11054421768707483
I10,I61,0.039473684210526314
I10,I64,0.07692307692307693
I10,I70,0.12048192771084337
I10,I72,0.03896103896103896
I10,I83,0.03787878787878788
I10,I95,0.03759398496240601
I10,J81,0.03787878787878788
I10,K25,0.046357615894039736
I10,K83,0.03614457831325301
I10,K92,0.03164556962025317
I10,M87,0.027777777777777776
I10,N18,0.1358695652173913
I20,I63,0.041666666666666664
I20,K44,0.04643962848297214
I20,B03,0.008032128514056224
I20,D57,0.019083969465648856
I20,E78,0.07476635514018691
I20,G00,0.02666666666666667
I20,G43,0.0368763557483731
I20,H34,0.012
I20,H35,0.027522935779816515
I20,I05,0.008032128514056224
I20,I11,0.03488372093023256
I20,I21,0.015625
I20,I25,0.2907488986784141
I20,I35,0.034722222222222224
I20,I47,0.027874564459930314
I20,I49,0.05084745762711865
I20,I50,0.1278538812785388
I20,I51,0.13848396501457727
I20,I61,0.047619047619047616
I20,I64,0.06818181818181818
I20,I65,0.0625
I20,I67,0.05198776758409786
I20,I70,0.12949640287769784
I20,I72,0.043478260869565216
I20,J81,0.019230769230769232
I20,K25,0.025089605734767026
I20,K92,0.021052631578947368
I20,L95,0.008032128514056224
I20,N18,0.08709677419354839
I20,N19,0.029197080291970802
I20,N46,0.018315018315018316
I20,N94,0.015503875968992248
I21,I63,0.05714285714285714
I21,I51,0.00929368029739777
I21,I64,0.047619047619047616
I21,I70,0.05555555555555555
I21,K25,0.043478260869565216
I21,I25,0.011627906976744186
I21,E78,0.028846153846153848
I21,M16,0.10526315789473684
I21,M71,0.14285714285714285
I21,N94,0.09090909090909091
I21,H57,0.06451612903225806
I25,I63,0.03125
I25,K44,0.0364963503649635
I25,I51,0.14041994750656167
I25,I64,0.04815864022662889
I25,I70,0.14204545454545456
I25,N18,0.0625
I25,I61,0.027472527472527472
I25,E78,0.07444168734491315
I25,H35,0.03667481662591687
I25,G43,0.04621072088724584
I25,I11,0.03197674418604651
I25,I35,0.03208556149732621
I25,I50,0.13561643835616438
I25,I65,0.04046242774566474
I25,I67,0.03349282296650718
I25,I72,0.03867403314917127
I25,K74,0.0169971671388102
I50,I51,0.16496018202502843
I50,I64,0.025390625
I50,I70,0.052930056710775046
I50,N18,0.04129263913824058
I50,H40,0.04830917874396135
I50,E78,0.046263345195729534
I50,I35,0.02462121212121212
I50,I49,0.06217616580310881
I50,I11,0.02
I50,I34,0.01876172607879925
I50,I42,0.08689839572192513
I50,I44,0.015841584158415842
I50,I46,0.019417475728155338
I50,I47,0.026717557251908396
I50,I48,0.07394957983193277
I50,I65,0.021825396825396824
I50,I72,0.025096525096525095
I50,I95,0.02004008016032064
I50,J81,0.01195219123505976
I50,K72,0.022044088176352707
I50,M10,0.05252918287937743
I50,N42,0.01006036217303823
I51,E78,0.07167235494880546
I51,F30,0.029315960912052116
I51,F39,0.030694668820678513
I51,H34,0.007518796992481203
I51,H40,0.04748603351955307
I51,I11,0.018518518518518517
I51,I35,0.022887323943661973
I51,I46,0.02355072463768116
I51,I47,0.02664298401420959
I51,I49,0.044657097288676235
I51,I64,0.03290676416819013
I51,I65,0.022099447513812154
I51,I67,0.029556650246305417
I51,I70,0.054770318021201414
I51,I72,0.019642857142857142
I51,I95,0.024253731343283583
I51,J81,0.012939001848428836
I51,K72,0.0166358595194085
I51,L50,0.018315018315018316
I51,M10,0.059490084985835696
I51,N18,0.05802047781569966
I51,N19,0.018018018018018018
I51,N20,0.02218430034129693
I51,N42,0.011194029850746268
I63,D65,0.07407407407407407
I63,D68,0.10869565217391304
I63,D69,0.04
I63,E40,0.07407407407407407
I63,E46,0.07407407407407407
I63,G12,0.04918032786885246
I63,H34,0.1111111111111111
I63,H35,0.03669724770642202
I63,I05,0.07692307692307693
I63,I26,0.07017543859649122
I63,I61,0.10526315789473684
I63,I64,0.1568627450980392
I63,I70,0.05813953488372093
I63,I81,0.07142857142857142
I63,M87,0.10416666666666667
I63,N96,0.07407407407407407
I64,K44,0.05172413793103448
I64,C90,0.03571428571428571
I64,D69,0.04716981132075472
I64,G00,0.045454545454545456
I64,G12,0.04411764705882353
I64,G57,0.05
I64,H34,0.08823529411764706
I64,H35,0.043478260869565216
I64,I05,0.06060606060606061
I64,I26,0.0625
I64,I61,0.07692307692307693
I64,I70,0.12643678160919541
I64,K25,0.06060606060606061
I64,K72,0.0851063829787234
I64,K83,0.05
I64,K92,0.041666666666666664
I64,M87,0.05263157894736842
I64,N18,0.08035714285714286
I64,N96,0.058823529411764705
I70,K44,0.06206896551724138
I70,A78,0.029411764705882353
I70,B79,0.03076923076923077
I70,C24,0.028985507246376812
I70,D71,0.02857142857142857
I70,E78,0.08783783783783784
I70,F22,0.0375
I70,G12,0.04040404040404041
I70,H35,0.07801418439716312
I70,H40,0.020155038759689922
I70,I11,0.0641025641025641
I70,I35,0.045871559633027525
I70,I65,0.11392405063291139
I70,I67,0.059602649006622516
I70,I72,0.050505050505050504
I70,J81,0.05194805194805195
I70,K55,0.041237113402061855
I70,N18,0.09285714285714286
J81,K44,0.029411764705882353
J81,L40,0.008784773060029283
J81,M07,0.05357142857142857
J81,N18,0.04
J81,L73,0.058823529411764705
J81,D57,0.0625
J81,H35,0.03
J81,G00,0.041666666666666664
K25,K20,0.04395604395604396
K25,K26,0.19047619047619047
K25,K27,0.18867924528301888
K25,M16,0.044444444444444446
K25,M71,0.05
K25,N94,0.06382978723404255
K44,K22,0.04938271604938271
K44,I06,0.0392156862745098
K44,I11,0.049019607843137254
K44,I35,0.045454545454545456
K44,K21,0.04918032786885246
K44,K92,0.056451612903225805
K44,N18,0.047337278106508875
K83,N18,0.05303030303030303
K83,N30,0.04838709677419355
K83,K74,0.04285714285714286
K83,K80,0.04580152671755725
K83,K81,0.06060606060606061
K86,N18,0.03636363636363636
K86,I61,0.05
K86,K80,0.037037037037037035
K86,K85,0.09803921568627451
L40,J41,0.011782032400589101
L40,J42,0.014619883040935672
L40,L43,0.017391304347826087
L40,E03,0.07319391634980989
L40,B02,0.007385524372230428
L40,B16,0.013353115727002967
L40,B26,0.011816838995568686
L40,C44,0.029177718832891247
L40,K02,0.07579787234042554
L40,K40,0.0812720848056537
L40,K74,0.011644832605531296
L40,L21,0.02302158273381295
L40,L24,0.008888888888888889
L40,L57,0.02188782489740082
L40,L73,0.01020408163265306
L40,L93,0.02606310013717421
L40,M05,0.07288317256162916
L40,M07,0.040697674418604654
L40,M30,0.013043478260869565
L40,M34,0.011661807580174927
L40,M45,0.04336043360433604
L57,L43,0.061855670103092786
L57,C02,0.03614457831325301
L57,C43,0.14482758620689656
L57,C44,0.2826086956521739
L57,C80,0.05555555555555555
L57,D23,0.04878048780487805
L57,D36,0.04819277108433735
L57,D48,0.05063291139240506
L57,D83,0.03260869565217391
L57,E70,0.03529411764705882
L57,L21,0.06666666666666667
L57,L53,0.03296703296703297
L57,L55,0.1503267973856209
L57,L81,0.05263157894736842
L57,L82,0.14705882352941177
L57,L98,0.07526881720430108
L57,M05,0.04415584415584416
L57,M71,0.025974025974025976
M13,L43,0.07692307692307693
M13,M05,0.03513513513513514
M13,I49,0.05952380952380952
M13,D80,0.041666666666666664
M13,F52,0.16666666666666666
M13,G50,0.12195121951219512
M13,I84,0.16393442622950818
M13,K64,0.15625
M13,L29,0.18181818181818182
M13,L55,0.08275862068965517
M13,M19,0.603448275862069
M13,M54,0.17582417582417584
M13,M79,0.21739130434782608
M13,N94,0.0625
M45,M07,0.08527131782945736
M45,L21,0.046511627906976744
M45,L73,0.035398230088495575
M45,M30,0.0423728813559322
M45,M86,0.028037383177570093
M45,N94,0.028037383177570093
M86,N18,0.030612244897959183
M86,M30,0.05405405405405406
M86,M10,0.01174496644295302
M86,L03,0.1111111111111111
M86,L97,0.15384615384615385
M86,L98,0.08333333333333333
N18,C24,0.021739130434782608
N18,D33,0.021739130434782608
N18,D57,0.0392156862745098
N18,D69,0.0375
N18,E21,0.0380952380952381
N18,I05,0.022727272727272728
N18,I11,0.06
N18,I12,0.13043478260869565
N18,I13,0.11235955056179775
N18,I81,0.022222222222222223
N18,M10,0.03353658536585366
N18,N19,0.34444444444444444
N18,N20,0.0472972972972973
N18,N25,0.042105263157894736
N18,N94,0.030612244897959183
G20,G21,0.020905923344947737
G20,G24,0.054838709677419356
G20,G31,0.011029411764705883
G56,H40,0.02252252252252252
G56,M48,0.028846153846153848
J41,M07,0.09615384615384616
J41,A17,0.07142857142857142
J41,J42,0.6666666666666666
J41,K27,0.08108108108108109
J42,M07,0.0847457627118644
J42,J20,0.09523809523809523
J42,J96,0.1
J42,K27,0.06818181818181818
J20,A85,0.25
J20,C24,0.14285714285714285
J20,J40,0.16666666666666666
J20,J46,0.25
J46,A85,0.2
M30,L93,0.06315789473684211
D80,L43,0.06521739130434782
D80,C91,0.036585365853658534
D80,C83,0.07575757575757576
D80,D83,0.10810810810810811
D80,C81,0.04477611940298507
D83,B48,0.08
K02,K22,0.05339805825242718
K02,B26,0.03496503496503497
K02,F20,0.03663985701519214
K02,K40,0.0702247191011236
K02,M46,0.0364963503649635
B02,D69,0.03571428571428571
C90,C80,0.05232558139534884
C90,C91,0.05641025641025641
C90,C83,0.054945054945054944
C90,C84,0.14594594594594595
C90,C61,0.08888888888888889
C90,C81,0.11046511627906977
C90,C56,0.09183673469387756
C90,C15,0.02054794520547945
C90,C25,0.08783783783783784
C90,C43,0.05909090909090909
C90,C82,0.11875
C90,C85,0.10067114093959731
C90,C92,0.04779411764705882
C90,C95,0.07142857142857142
C90,C96,0.027972027972027972
C90,D05,0.04516129032258064
D69,C83,0.04878048780487805
D69,C92,0.04716981132075472
D69,D47,0.04938271604938271
D69,D75,0.06315789473684211
D69,H34,0.025
E05,E03,0.026143790849673203
E05,E04,0.125
E05,C73,0.06666666666666667
E05,E07,0.14285714285714285
E27,L70,0.02702702702702703
E27,A17,0.14285714285714285
E27,E26,0.043478260869565216
E27,H30,0.125
E27,M77,0.125
H26,H30,0.009174311926605505
H26,M16,0.017857142857142856
H26,M71,0.013636363636363636
H66,I79,0.125
H66,L28,0.1
J84,J96,0.0625
J84,N84,0.05263157894736842
L93,M05,0.0549738219895288
L93,M34,0.09090909090909091
M07,J96,0.057692307692307696
M07,L21,0.0945945945945946
M07,L73,0.06779661016949153
M07,M46,0.0425531914893617
M12,B16,0.13333333333333333
M12,C10,0.2
M12,M60,0.1
M34,M05,0.03254437869822485
M34,L53,0.05128205128205128
E13,E78,0.0529595015576324
E13,E28,0.16310160427807488
E78,C24,0.02
E78,I35,0.04316546762589928
E78,I72,0.038461538461538464
E78,K80,0.07058823529411765
E78,K81,0.045454545454545456
E78,M10,0.031578947368421054
F39,F12,0.09923664122137404
F39,F30,0.9433962264150944
F39,F42,0.044642857142857144
F39,E23,0.03205128205128205
F39,F11,0.07758620689655173
F39,F13,0.04672897196261682
F39,F14,0.09649122807017543
F39,F15,0.04672897196261682
F39,F16,0.04672897196261682
F39,F18,0.04672897196261682
F39,F19,0.04672897196261682
F39,F20,0.0319634703196347
F39,F25,0.064
F39,F29,0.029411764705882353
F39,F34,0.04672897196261682
F39,F38,0.026785714285714284
F39,F41,0.052132701421800945
F39,F50,0.05343511450381679
F39,F60,0.028037383177570093
F39,F91,0.04424778761061947
F39,G00,0.03125
F39,G10,0.07462686567164178
F39,G40,0.03285420944558522
F39,K85,0.03816793893129771
F39,N42,0.02654867256637168
G00,F12,0.05434782608695652
G00,C80,0.042105263157894736
G00,C91,0.05084745762711865
G00,C83,0.047619047619047616
G00,K92,0.041237113402061855
G00,F30,0.032467532467532464
G00,I81,0.03278688524590164
G00,G50,0.043478260869565216
G00,C02,0.04411764705882353
G00,G12,0.043010752688172046
G00,G92,0.06382978723404255
G12,G60,0.046511627906976744
H35,K92,0.032
H35,H54,0.06521739130434782
H40,I72,0.01607717041800643
H40,H52,0.06143344709897611
H40,I46,0.016233766233766232
H40,I95,0.014975041597337771
H40,K41,0.008417508417508417
H40,M40,0.010033444816053512
I05,B03,0.3333333333333333
I05,I81,0.2
I11,N19,0.0851063829787234
I11,I12,0.13333333333333333
I11,I13,0.16
I61,F99,0.047619047619047616
I61,L25,0.0380952380952381
I81,K92,0.045454545454545456
I81,B03,0.2
K92,C80,0.05128205128205128
K92,C83,0.0449438202247191
K92,E40,0.046511627906976744
K92,E46,0.046511627906976744
K92,C20,0.04
L70,A75,0.037037037037037035
L70,A77,0.037383177570093455
L70,L88,0.027522935779816515
L70,N42,0.02631578947368421
M10,N19,0.021311475409836064
M10,C84,0.021638330757341576
M10,C61,0.026627218934911243
M10,I12,0.013377926421404682
M10,I13,0.013490725126475547
M10,C25,0.014975041597337771
M10,C95,0.026239067055393587
M10,C64,0.027298850574712645
M10,C82,0.01948051948051948
M10,C85,0.019966722129783693
M10,K80,0.03048780487804878
M10,N20,0.02177293934681182
M65,L73,0.06451612903225806
M65,M16,0.09523809523809523
M87,H34,0.06896551724137931
M87,N96,0.07142857142857142
A17,B00,0.125
A17,H30,0.5
A17,H60,0.3333333333333333
A17,L26,0.5
A17,M71,0.2
A17,M77,0.5
B16,C10,0.15384615384615385
B16,L24,0.125
B16,M60,0.08695652173913043
J39,J33,0.0967741935483871
L73,M46,0.08333333333333333
K29,M66,0.0625
N12,N16,0.26666666666666666
C10,M60,0.1111111111111111
H91,H81,0.03164556962025317
H91,M51,0.030534351145038167
H91,H93,0.03482587064676617
M05,E03,0.09957924263674614
M05,C44,0.05896805896805897
M05,L53,0.017543859649122806
M60,K40,0.0196078431372549
M60,G72,0.175
M60,H02,0.0425531914893617
M60,M62,0.28
C52,H71,1.0
H30,H60,0.25
H30,L26,0.3333333333333333
H30,M67,0.125
H30,M77,0.3333333333333333
L26,L21,0.05263157894736842
L26,H60,0.25
L26,M77,0.3333333333333333
M77,M71,0.16666666666666666
M77,H60,0.25
M77,M25,0.14285714285714285
A69,B74,0.2222222222222222
A69,G62,0.4
C44,L43,0.056
C44,E03,0.04681647940074907
C44,D23,0.05504587155963303
C44,D36,0.05454545454545454
C44,C43,0.11428571428571428
C44,D48,0.037037037037037035
C44,L21,0.05223880597014925
C44,L55,0.10215053763440861
C44,L81,0.04878048780487805
C44,L82,0.09774436090225563
C44,L98,0.05737704918032787
E03,L43,0.02754237288135593
E03,C73,0.022267206477732792
E03,E04,0.023605150214592276
E03,E07,0.02826086956521739
E03,J33,0.018867924528301886
F22,F51,0.1
F22,F02,0.07142857142857142
L43,J33,0.07272727272727272
D73,C54,0.05
D73,C66,0.1
D89,C83,0.05405405405405406
D89,C92,0.023952095808383235
D89,C93,0.05555555555555555
D89,K06,0.07142857142857142
D89,K66,0.05
K06,C83,0.038461538461538464
A75,A77,0.8
D56,D57,0.19230769230769232
D56,D45,0.06896551724137931
D56,D58,0.075
D56,D74,0.125
D57,B54,0.15151515151515152
D57,D58,0.11627906976744186
D57,D74,0.09523809523809523
D74,D45,0.09523809523809523
A90,L95,0.25
A90,A83,0.21428571428571427
A90,A95,0.21428571428571427
B33,N04,0.03418803418803419
B33,N05,0.034782608695652174
B33,B34,0.8962264150943396
B33,B99,0.6391752577319587
B34,K40,0.044642857142857144
B34,A83,0.09090909090909091
B34,A95,0.09090909090909091
B34,B99,0.5740740740740741
L28,I79,0.125
L28,C88,0.25
L28,K05,0.1
N94,F12,0.0851063829787234
N94,M16,0.09523809523809523
N94,M71,0.125
N94,H57,0.06060606060606061
N94,N95,0.07692307692307693
C15,N15,0.125
C15,N90,0.125
C15,M61,0.2
C18,N39,0.08888888888888889
C18,C56,0.0891089108910891
C18,C20,0.140625
C18,C54,0.09523809523809523
C18,C79,0.07894736842105263
C18,D05,0.07407407407407407
C18,D12,0.14035087719298245
C18,K63,0.1839080459770115
C20,C61,0.04477611940298507
C20,N39,0.09090909090909091
C20,C56,0.09
C20,D76,0.047619047619047616
C20,K63,0.07368421052631578
C23,E24,0.05084745762711865
C23,C56,0.04672897196261682
C23,C60,0.075
C23,C24,0.046511627906976744
C25,C43,0.04672897196261682
C25,C84,0.1375
C25,C61,0.10714285714285714
C25,C82,0.1836734693877551
C25,C81,0.1864406779661017
C25,C85,0.30303030303030304
C25,C95,0.08064516129032258
C25,G21,0.07317073170731707
C25,C56,0.2236842105263158
C25,C24,0.08333333333333333
C25,C79,0.2
C25,D05,0.3225806451612903
C54,C56,0.11702127659574468
C54,D05,0.08163265306122448
C54,C24,0.05555555555555555
C54,D12,0.15384615384615385
C56,C80,0.0660377358490566
C56,C83,0.05982905982905983
C56,C84,0.1076923076923077
C56,C61,0.16447368421052633
C56,C82,0.11
C56,C81,0.10810810810810811
C56,C92,0.09595959595959595
C56,C85,0.12941176470588237
C56,C95,0.1761006289308176
C56,G21,0.043010752688172046
C56,C24,0.025974025974025976
C56,C73,0.042735042735042736
C56,C74,0.037037037037037035
C56,C79,0.0547945205479452
C56,D05,0.20512820512820512
C56,D07,0.03571428571428571
C56,D12,0.10989010989010989
C56,D17,0.02702702702702703
C56,D32,0.05
C56,D46,0.11666666666666667
C60,C80,0.07317073170731707
C60,C30,0.2
C60,C81,0.038461538461538464
C60,C02,0.14285714285714285
C60,N15,0.25
C60,N90,0.25
C61,C80,0.09923664122137404
C61,N97,0.043209876543209874
C61,C83,0.0472972972972973
C61,C84,0.08024691358024691
C61,C81,0.1
C61,C37,0.01904761904761905
C61,C73,0.033783783783783786
C61,C74,0.036036036036036036
C61,C82,0.09230769230769231
C61,C85,0.10434782608695652
C61,C92,0.05084745762711865
C61,C95,0.09547738693467336
C61,D05,0.09649122807017543
C61,D07,0.05357142857142857
C61,F24,0.01904761904761905
C61,L65,0.01904761904761905
C79,G21,0.12
C79,D05,0.13636363636363635
C79,C48,0.25
C80,F12,0.0684931506849315
C80,C81,0.08433734939759036
C80,D07,0.125
C80,C02,0.061224489795918366
C80,C43,0.047619047619047616
C80,C74,0.0625
C80,C83,0.0963855421686747
C80,C91,0.08247422680412371
C80,C92,0.05142857142857143
C80,C96,0.06976744186046512
C80,D05,0.08928571428571429
C80,D09,0.044444444444444446
C80,D48,0.06521739130434782
C80,F24,0.04878048780487805
C80,N85,0.044444444444444446
C80,N97,0.039603960396039604
C81,C83,0.052083333333333336
C81,C84,0.12037037037037036
C81,C82,0.14285714285714285
C81,C85,0.1774193548387097
C81,C92,0.043010752688172046
C81,C95,0.09333333333333334
C81,D05,0.07575757575757576
C83,C43,0.043795620437956206
C83,C91,0.16
C83,C84,0.12962962962962962
C83,C64,0.029239766081871343
C83,C88,0.03773584905660377
C83,C92,0.0893854748603352
C83,C94,0.06329113924050633
C83,C95,0.057692307692307696
C83,C96,0.09615384615384616
C83,D76,0.03508771929824561
C84,C43,0.07236842105263158
C84,L82,0.05555555555555555
C84,C91,0.0625
C84,L99,0.0641025641025641
C84,C82,0.13541666666666666
C84,C85,0.14634146341463414
C84,C86,0.05405405405405406
C84,C94,0.050505050505050504
C84,C95,0.1144578313253012
C84,D05,0.06976744186046512
C84,E24,0.03296703296703297
C92,L81,0.030303030303030304
C92,C43,0.07272727272727272
C92,C91,0.10582010582010581
C92,C62,0.0136986301369863
C92,C64,0.03065134099616858
C92,C86,0.02027027027027027
C92,C93,0.06164383561643835
C92,C94,0.11320754716981132
C92,C95,0.22274881516587677
C92,C96,0.0273972602739726
C92,D46,0.20588235294117646
C92,G57,0.02
C94,C43,0.06837606837606838
C94,C91,0.053763440860215055
C94,C95,0.13076923076923078
D05,N97,0.04878048780487805
D05,C43,0.046296296296296294
D05,C85,0.1282051282051282
D05,C95,0.07142857142857142
D05,G21,0.07142857142857142
D05,N62,0.06666666666666667
D12,K63,0.056179775280898875
G21,I67,0.0625
G21,F03,0.10975609756097561
G21,F80,0.07142857142857142
G21,G10,0.06896551724137931
G21,H93,0.06306306306306306
N85,F70,0.02247191011235955
C02,N46,0.05128205128205128
C02,C74,0.09523809523809523
C02,N15,0.08333333333333333
C02,N90,0.08333333333333333
C37,C43,0.021505376344086023
C37,C30,0.25
C37,N15,0.3333333333333333
C37,N90,0.3333333333333333
C43,L21,0.04838709677419355
C43,L53,0.027522935779816515
C43,L81,0.06306306306306306
C43,C91,0.07534246575342465
C43,C95,0.07291666666666667
C43,D23,0.050505050505050504
C43,D36,0.05
C43,C64,0.05339805825242718
C43,C73,0.05223880597014925
C43,C96,0.0425531914893617
C43,D03,0.030612244897959183
C43,D17,0.021505376344086023
C43,D22,0.03260869565217391
C43,D48,0.030612244897959183
C43,D76,0.030927835051546393
C43,E70,0.02912621359223301
C43,L82,0.08
C64,F12,0.03164556962025317
C64,C91,0.03260869565217391
C64,C95,0.03463203463203463
C64,C73,0.029585798816568046
C64,C96,0.0234375
C64,D09,0.023255813953488372
C64,D25,0.041379310344827586
C74,N46,0.05263157894736842
C74,E24,0.0967741935483871
C74,E30,0.17647058823529413
C74,N15,0.09090909090909091
C74,N90,0.09090909090909091
C91,L53,0.04938271604938271
C91,C85,0.1
C91,C88,0.045454545454545456
C91,C95,0.16233766233766234
C91,C96,0.09230769230769231
D09,G10,0.07142857142857142
D32,D17,0.16666666666666666
I79,I35,0.03636363636363636
I79,I72,0.044444444444444446
C95,N97,0.03468208092485549
C95,L81,0.037037037037037035
C95,C82,0.10144927536231885
C95,C85,0.12295081967213115
C95,C96,0.034482758620689655
C95,D17,0.017391304347826087
C95,D46,0.2152777777777778
D07,N97,0.05333333333333334
D07,F24,0.13333333333333333
D07,N62,0.08695652173913043
D07,N95,0.07142857142857142
D23,L82,0.1
D23,C71,0.08
D23,D36,0.9230769230769231
D23,H47,0.05714285714285714
D23,N15,0.08333333333333333
D23,N90,0.08333333333333333
D36,L82,0.09803921568627451
D36,C71,0.07692307692307693
D36,H47,0.05555555555555555
D36,N15,0.07692307692307693
D36,N90,0.07692307692307693
I35,I06,0.3469387755102041
I35,C46,0.03636363636363636
I35,I65,0.1076923076923077
I35,I71,0.08771929824561403
I35,I72,0.11392405063291139
I35,I83,0.06557377049180328
N62,N97,0.0410958904109589
N62,C55,0.13333333333333333
N62,N95,0.09090909090909091
N97,N46,0.056179775280898875
N97,E28,0.06611570247933884
N97,C85,0.047619047619047616
N97,D25,0.04597701149425287
N97,N91,0.057971014492753624
E07,E00,0.16666666666666666
E28,L65,0.010309278350515464
F30,F12,0.104
F30,E22,0.032520325203252036
F30,F11,0.08181818181818182
F30,F13,0.04950495049504951
F30,F14,0.10185185185185185
F30,F15,0.04950495049504951
F30,F16,0.04950495049504951
F30,F18,0.04950495049504951
F30,F19,0.04950495049504951
F30,F20,0.031192660550458717
F30,F25,0.06722689075630252
F30,F42,0.04716981132075472
F30,E23,0.03333333333333333
F30,F29,0.03048780487804878
F30,F34,0.04950495049504951
F30,F38,0.02830188679245283
F30,F41,0.05365853658536585
F30,F50,0.056
F30,F60,0.0297029702970297
F30,F91,0.04672897196261682
F30,G10,0.078125
F30,G40,0.033264033264033266
F30,K85,0.031746031746031744
F41,K21,0.07881773399014778
F41,F12,0.04054054054054054
F41,F20,0.03260869565217391
F41,F38,0.059322033898305086
F41,K58,0.05851063829787234
G40,F70,0.036637931034482756
G40,F71,0.06896551724137931
G40,F81,0.06277056277056277
G40,F79,0.034782608695652174
G40,F72,0.0407673860911271
G96,G92,0.046511627906976744
G57,L81,0.06060606060606061
G57,H18,0.024193548387096774
N64,G50,0.047619047619047616
N64,N60,0.125
H34,B03,0.2
H34,L95,0.2
H34,N96,0.4
D75,D45,0.1388888888888889
D75,C75,0.07142857142857142
D75,D47,0.25
D75,E83,0.08163265306122448
I06,I71,0.15384615384615385
I06,I72,0.07692307692307693
I06,I83,0.1
I06,L91,0.05555555555555555
I72,I67,0.08064516129032258
I72,I65,0.16981132075471697
I72,I71,0.08333333333333333
I72,I99,0.04878048780487805
I72,K40,0.03272727272727273
K55,J17,0.04878048780487805
L95,D65,0.25
L95,F21,0.5
C88,J82,0.25
L25,N20,0.03731343283582089
F17,F12,0.10526315789473684
F17,F13,0.24
F17,F14,0.1891891891891892
F17,F15,0.24
F17,F16,0.24
F17,F18,0.24
F17,F19,0.24
F17,E22,0.061224489795918366
F17,F11,0.15789473684210525
F17,F20,0.012548262548262547
F17,F25,0.10638297872340426
F17,F91,0.12121212121212122
G43,K62,0.02074688796680498
I46,I95,0.21951219512195122
I46,I49,0.04
I46,K64,0.08333333333333333
I46,L50,0.1875
I46,N40,0.05
I46,N49,0.05405405405405406
I95,H69,0.1111111111111111
I95,L50,0.28125
I95,N40,0.06818181818181818
J33,K20,0.060240963855421686
K20,K22,0.06923076923076923
K20,K21,0.045454545454545456
L21,H60,0.05128205128205128
L21,L98,0.0847457627118644
L21,L82,0.06578947368421052
L21,L53,0.05454545454545454
L21,L81,0.0847457627118644
L50,N40,0.058823529411764705
D45,C86,0.08695652173913043
D45,E83,0.09090909090909091
J35,J36,0.13043478260869565
M16,M51,0.06896551724137931
M16,H57,0.06666666666666667
M16,M71,0.25
M16,N83,0.047619047619047616
M71,H57,0.08
M71,K11,0.0392156862745098
B79,D71,0.125
A81,F02,0.26666666666666666
F02,E85,0.06818181818181818
F02,A85,0.15384615384615385
L81,D48,0.09375
L81,L55,0.07563025210084033
L81,L98,0.08333333333333333
L81,L82,0.06153846153846154
L98,L03,0.1
L98,I74,0.0625
L98,I83,0.07692307692307693
L98,I99,0.07142857142857142
L98,D48,0.12903225806451613
L98,L55,0.06666666666666667
L98,L97,0.07692307692307693
N40,I84,0.06976744186046512
N40,K64,0.06521739130434782
N40,L29,0.06
N40,K63,0.043478260869565216
D81,A83,0.05660377358490566
D81,A95,0.05660377358490566
K22,K21,0.06358381502890173
L82,L55,0.07407407407407407
L82,L99,0.12244897959183673
M19,I49,0.06622516556291391
M19,G50,0.15384615384615385
M19,L55,0.09375
M19,K64,0.2127659574468085
M19,F52,0.23255813953488372
M19,I84,0.22727272727272727
M19,L29,0.24489795918367346
M19,M54,0.21621621621621623
M19,M79,0.28846153846153844
A04,K58,0.03488372093023256
N04,N06,0.07692307692307693
N04,N07,0.07692307692307693
N04,N00,0.07142857142857142
N04,N01,0.07407407407407407
N04,N05,0.9230769230769231
N05,N06,0.08333333333333333
N05,N07,0.08333333333333333
N05,N00,0.07692307692307693
N05,N01,0.08
H80,K41,0.045454545454545456
H80,K63,0.0392156862745098
E87,I12,0.08695652173913043
N00,N01,0.4
N00,N06,0.5
N00,N07,0.5
I80,D68,0.24324324324324326
I80,I26,0.14285714285714285
I80,I83,0.15625
I80,K72,0.08333333333333333
I80,I86,0.2
I80,I99,0.08695652173913043
I80,I82,0.15254237288135594
I80,I27,0.16279069767441862
I83,D68,0.1388888888888889
I83,I86,0.5625
I83,I74,0.09090909090909091
I83,I82,0.08620689655172414
I83,I99,0.1111111111111111
I86,D68,0.1724137931034483
I86,I82,0.09803921568627451
I86,I27,0.08571428571428572
I86,I74,0.13333333333333333
I86,I99,0.18181818181818182
I99,D68,0.07407407407407407
I99,I74,0.3333333333333333
I99,I82,0.04081632653061224
I99,I27,0.06451612903225806
B25,A31,0.2
F51,F14,0.09523809523809523
M48,M51,0.08108108108108109
M48,G52,0.10526315789473684
M48,M47,0.08333333333333333
K27,K21,0.06611570247933884
K27,I49,0.04195804195804196
K27,K26,0.20754716981132076
K21,K58,0.05084745762711865
K21,F38,0.027522935779816515
K40,I71,0.019762845849802372
K40,K41,0.02032520325203252
K40,K42,0.03162055335968379
K40,K43,0.024193548387096774
K40,K45,0.06324110671936758
K40,K46,0.06299212598425197
L03,N19,0.05263157894736842
L03,I12,0.09523809523809523
L03,I13,0.125
C30,N15,0.5
C30,N90,0.5
C30,D33,0.14285714285714285
N15,D33,0.16666666666666666
N15,N90,1.0
N90,D33,0.16666666666666666
A23,A85,0.3333333333333333
B54,D58,0.08695652173913043
E85,L88,0.05263157894736842
E85,N11,0.05555555555555555
E85,F00,0.05734767025089606
E85,I68,0.08888888888888889
E85,L99,0.09302325581395349
F03,I67,0.05194805194805195
F03,G31,0.028169014084507043
F03,I68,0.038461538461538464
F03,F00,0.08278145695364239
F03,F80,0.028169014084507043
F03,H93,0.045454545454545456
D33,C85,0.07407407407407407
F00,G31,0.011406844106463879
F00,H11,0.007692307692307693
F00,L89,0.007692307692307693
I71,M51,0.0967741935483871
I71,L91,0.0625
M51,L91,0.05
M51,M47,0.07692307692307693
K72,D68,0.075
K72,I26,0.06
K72,I49,0.029197080291970802
K72,K63,0.037037037037037035
K72,I48,0.03773584905660377
N42,D58,0.05263157894736842
N42,H93,0.0297029702970297
N42,H61,0.08
G52,G51,0.2857142857142857
N01,N06,0.6666666666666666
N01,N07,0.6666666666666666
N06,N07,1.0
I12,N19,0.2894736842105263
I12,E21,0.08823529411764706
I12,I13,0.6875
I12,N13,0.1111111111111111
I12,N25,0.17391304347826086
N19,E21,0.058823529411764705
N19,I13,0.29411764705882354
N19,N13,0.05714285714285714
N19,N20,0.041666666666666664
N19,N25,0.1
N19,N36,0.058823529411764705
D55,D58,0.12195121951219512
H47,H02,0.05357142857142857
I65,I67,0.1346153846153846
I67,F80,0.020202020202020204
I67,H93,0.038461538461538464
I74,D68,0.1
C73,E04,0.07692307692307693
C73,D25,0.041666666666666664
C96,E24,0.07407407407407407
C96,C85,0.16
C96,C41,0.16666666666666666
G71,G72,0.14285714285714285
E04,N84,0.07692307692307693
E04,E01,0.19047619047619047
E26,E24,0.04918032786885246
E24,C75,0.1111111111111111
E24,N91,0.06896551724137931
F12,E22,0.06557377049180328
F12,F11,0.26666666666666666
F12,F13,0.15789473684210525
F12,F14,0.2391304347826087
F12,F15,0.15789473684210525
F12,F16,0.15789473684210525
F12,F18,0.15789473684210525
F12,F19,0.15789473684210525
F12,F20,0.013358778625954198
F12,F25,0.08333333333333333
F12,F38,0.06818181818181818
F12,F42,0.08888888888888889
F12,F43,0.06976744186046512
F12,F91,0.08695652173913043
F12,I45,0.07317073170731707
F13,F11,0.3157894736842105
F13,F14,0.3157894736842105
F13,F15,1.0
F13,F16,1.0
F13,F18,1.0
F13,F19,1.0
F13,F25,0.17857142857142858
F13,F91,0.2857142857142857
F13,I45,0.07692307692307693
F13,I47,0.061224489795918366
F14,F11,0.4074074074074074
F14,F42,0.15384615384615385
F14,F20,0.011639185257032008
F14,F15,0.3157894736842105
F14,F16,0.3157894736842105
F14,F18,0.3157894736842105
F14,F19,0.3157894736842105
F14,F25,0.12195121951219512
F14,F43,0.125
F14,F91,0.14814814814814814
F14,I45,0.06153846153846154
F14,K59,0.11538461538461539
F15,F11,0.3157894736842105
F15,F16,1.0
F15,F18,1.0
F15,F19,1.0
F15,F25,0.17857142857142858
F15,F91,0.2857142857142857
F15,I45,0.07692307692307693
F15,I47,0.061224489795918366
F16,F11,0.3157894736842105
F16,F18,1.0
F16,F19,1.0
F16,F25,0.17857142857142858
F16,F91,0.2857142857142857
F16,I45,0.07692307692307693
F16,I47,0.061224489795918366
F18,F11,0.3157894736842105
F18,F19,1.0
F18,F25,0.17857142857142858
F18,F91,0.2857142857142857
F18,I45,0.07692307692307693
F18,I47,0.061224489795918366
F19,F11,0.3157894736842105
F19,F25,0.17857142857142858
F19,F91,0.2857142857142857
F19,I45,0.07692307692307693
F19,I47,0.061224489795918366
F11,F25,0.12195121951219512
F11,F91,0.14814814814814814
F11,I45,0.06153846153846154
F11,K59,0.16
F20,F38,0.005842259006815969
F20,F80,0.003898635477582846
F25,F29,0.043478260869565216
F25,F91,0.11428571428571428
F43,F38,0.13333333333333333
F60,F91,0.14285714285714285
F80,G10,0.047619047619047616
F80,F81,0.02040816326530612
F80,N49,0.2
F91,I45,0.19230769230769232
I49,I45,0.10897435897435898
I49,I47,0.14189189189189189
I49,G50,0.06666666666666667
I49,I84,0.0859375
I49,K64,0.08396946564885496
I49,L29,0.08148148148148149
I49,M79,0.08571428571428572
I49,I44,0.051094890510948905
I49,F52,0.078125
I49,G81,0.03125
I49,I42,0.06220095693779904
I49,I48,0.12033195020746888
F52,L55,0.09345794392523364
F52,G50,0.23809523809523808
F52,I84,0.47619047619047616
F52,K64,0.4166666666666667
F52,L29,0.35714285714285715
F52,M79,0.29411764705882354
F52,M54,0.17543859649122806
F70,F71,0.084070796460177
F70,F72,0.05217391304347826
F70,F79,0.9404761904761905
F70,F81,0.1337579617834395
F70,F84,0.06818181818181818
F70,F98,0.03636363636363636
F70,H02,0.03508771929824561
F70,H50,0.040983606557377046
F70,L68,0.04716981132075472
G50,L55,0.07751937984496124
G50,I84,0.23255813953488372
G50,K64,0.21739130434782608
G50,L29,0.2
G50,M54,0.12658227848101267
G50,M79,0.17857142857142858
I45,I44,0.109375
I45,G81,0.05357142857142857
I45,I34,0.041237113402061855
I45,I42,0.042134831460674156
I45,I47,0.18518518518518517
I45,I48,0.042328042328042326
I84,L55,0.09259259259259259
I84,K64,0.8421052631578947
I84,M79,0.2857142857142857
I84,M54,0.1724137931034483
I84,L29,0.56
K64,L55,0.09009009009009009
K64,L29,0.5
K64,M54,0.16393442622950818
K64,M79,0.2631578947368421
L29,L55,0.11607142857142858
L29,M79,0.3
L29,M54,0.19047619047619047
M54,L55,0.08450704225352113
M54,M79,0.24615384615384617
M79,L55,0.10084033613445378
E22,N91,0.06060606060606061
F29,F24,0.02857142857142857
I47,I44,0.06349206349206349
I47,I48,0.043243243243243246
I47,G81,0.057692307692307696
I47,I42,0.04857142857142857
I34,I44,0.058823529411764705
I34,I42,0.024793388429752067
I42,I48,0.05405405405405406
N20,N21,0.1038961038961039
D65,D68,0.12
D68,I82,0.16129032258064516
D68,I26,0.15384615384615385
D68,I27,0.125
E40,E46,1.0
E40,E63,0.375
E46,E63,0.375
I26,I82,0.10810810810810811
I26,I27,0.12280701754385964
K80,K81,0.12903225806451613
K80,K85,0.06422018348623854
K80,E53,0.06306306306306306
K80,E29,0.033707865168539325
K80,E80,0.08411214953271028
E21,I13,0.10344827586206896
E21,E20,0.14285714285714285
E21,C75,0.07692307692307693
E21,J17,0.07692307692307693
E21,N13,0.08695652173913043
E21,N25,0.10344827586206896
I13,N13,0.15384615384615385
I13,N25,0.2222222222222222
N25,N13,0.15384615384615385
H52,H18,0.023968042609853527
H52,H33,0.00911854103343465
K41,K42,0.2222222222222222
K41,K43,0.36363636363636365
C82,C85,0.35555555555555557
N84,L84,0.07692307692307693
N84,D25,0.09302325581395349
F24,C62,0.16666666666666666
F24,N95,0.3333333333333333
D25,C71,0.07894736842105263
N91,E25,0.2222222222222222
I82,I27,0.1875
K58,K59,0.0449438202247191
K58,H93,0.03508771929824561
G72,M62,0.16666666666666666
H02,C93,0.046511627906976744
H02,H50,0.04054054054054054
H02,M41,0.05454545454545454
M62,M24,0.18867924528301888
K42,K45,0.14285714285714285
K42,K46,0.1388888888888889
K42,K43,0.19047619047619047
K42,K57,0.02577319587628866
K43,K45,0.13793103448275862
K43,K46,0.13333333333333333
K45,K46,0.96
K45,K57,0.04020100502512563
K46,K57,0.04
K63,N39,0.05405405405405406
D22,C93,0.16666666666666666
A83,A95,1.0
C66,L83,0.14285714285714285
K66,C65,0.06818181818181818
C71,D43,0.2
N13,N21,0.1
F71,F81,0.19718309859154928
F71,F79,0.07623318385650224
F71,H50,0.05154639175257732
F71,F72,0.03664921465968586
F71,L68,0.044444444444444446
F81,F79,0.13071895424836602
F81,F72,0.056451612903225805
F81,F84,0.07216494845360824
F81,L68,0.05217391304347826
F79,F84,0.07228915662650602
F79,F98,0.0380952380952381
H18,C69,0.1079136690647482
H18,D31,0.1079136690647482
N60,D21,0.15384615384615385
H61,F40,0.06521739130434782
N10,N11,0.3333333333333333
I01,I30,1.0
F84,F98,0.08108108108108109
E53,E80,0.10714285714285714
E53,E50,0.7222222222222222
E53,E55,0.6842105263157895
E53,E56,0.15384615384615385
C69,D31,1.0
M91,M94,0.3181818181818182
E50,E55,0.7222222222222222
E56,D51,0.2631578947368421
E56,D53,0.2631578947368421
A05,M43,0.16666666666666666
A07,B37,0.2
A07,N76,0.25
B37,N76,0.16666666666666666
M15,M14,0.75
J31,J37,0.6666666666666666
H72,H73,0.42857142857142855
J13,E75,0.03896103896103896
B36,B38,1.0
B36,B39,1.0
B36,B42,1.0
B36,B44,1.0
B36,I33,0.16666666666666666
B38,B39,1.0
B38,B42,1.0
B38,B44,1.0
B38,I33,0.16666666666666666
B39,B42,1.0
B39,B44,1.0
B39,I33,0.16666666666666666
B42,B44,1.0
B42,I33,0.16666666666666666
B44,I33,0.16666666666666666
B47,K07,0.3333333333333333
K07,D29,0.2
D29,D40,0.3333333333333333
D51,D53,0.375
F63,F95,0.5
J04,J02,0.10526315789473684
