,Trajectory,Drug,Disease list,Disease Consensus Name List,PubMed count,PubMed count avg
0,424,Cilazapril,"['M41', 'M42', 'M43', 'M62', 'G54', 'M47', 'M48', 'M51']","['scoliosis', 'spinal osteochondrosis', 'deforming dorsopathies', 'disorders of muscle', 'nerve root and plexus disorders', 'spondylosis', 'spondylopathies', 'intervertebral disk disorders']","[0, 0, 0, 23, 0, 0, 0, 0]",2.875
1,10,Hydroflumethiazide,"['J20', 'J30', 'J42', 'L30', 'D80']","['acute bronchitis', 'vasomotor and allergic rhinitis', 'chronic bronchitis', 'dermatitis', 'immunodeficiency with antibody defects']","[0, 0, 0, 4, 0]",0.8
2,72,Deoxycholic Acid,"['N18', 'D64', 'N19']","['chronic renal failure', 'anaemias', 'renal failure']","[17, 54, 85]",52.0
3,373,Phenoxybenzamine,"['E10', 'E13', 'E16', 'I79']","['insulin-dependent diabetes mellitus', 'specified diabetes mellitus', 'disorders of pancreatic internal secretion', 'disorders of arteries, arterioles and capillaries in diseases classified elsewhere']","[4, 0, 0, 0]",1.0
4,270,Desonide,"['A49', 'K29', 'K50', 'K51', 'K75', 'D73', 'E61', 'L50', 'N62']","['bacterial infection of site', 'gastritis and duodenitis', ""crohn's disease [regional enteritis]"", 'ulcerative colitis', 'inflammatory liver diseases', 'diseases of spleen', 'deficiency of nutrient elements', 'urticaria', 'hypertrophy of breast']","[0, 0, 0, 0, 0, 0, 0, 2, 0]",0.2222222222222222
5,158,Insulin Glargine,"['K92', 'D62']","['diseases of digestive system', 'acute posthaemorrhagic anaemia']","[30, 0]",15.0
6,408,Diphenidol,"['K83', 'K85', 'K86', 'B18', 'C22', 'C24', 'C25', 'K80', 'K81', 'K82']","['diseases of biliary tract', 'acute pancreatitis', 'diseases of pancreas', 'chronic viral hepatitis', 'malignant neoplasm of liver and intrahepatic bile ducts', 'malignant neoplasm of parts of biliary tract', 'malignant neoplasm of pancreas', 'cholelithiasis', 'cholecystitis', 'diseases of gallbladder']","[0, 0, 0, 0, 0, 0, 0, 0, 0, 0]",0.0
7,215,Meclofenamic acid,"['H40', 'H25', 'H26']","['glaucoma', 'senile cataract', 'cataract']","[4, 0, 1]",1.6666666666666667
8,299,Bazedoxifene,"['G47', 'J30', 'F51']","['sleep disorders', 'vasomotor and allergic rhinitis', 'sleep disorders']","[5, 98, 5]",36.0
9,447,Vernakalant,"['G47', 'G25']","['sleep disorders', 'extrapyramidal and movement disorders']","[0, 0]",0.0
10,301_353,Midazolam,"['G20', 'F02', 'G21']","[""parkinson's disease"", 'dementia in diseases classified elsewhere', 'secondary parkinsonism']","[14, 0, 1]",5.0
11,118,Coagulation factor VII human,"['F70', 'D53', 'F10', 'F34', 'F05', 'G31', 'H10', 'K72', 'L21']","['mild mental retardation', 'nutritional anaemias', 'mental and behavioural disorders due to use of alcohol', 'persistent mood [affective] disorders', 'delirium', 'degenerative diseases of nervous system', 'conjunctivitis', 'hepatic failure', 'seborrhoeic dermatitis']","[2, 7, 1, 2, 2, 163, 0]",25.285714285714285
12,443,Tripelennamine,"['D75', 'D64', 'D68', 'E21', 'E83']","['diseases of blood and blood-forming organs', 'anaemias', 'coagulation defects', 'hyperparathyroidism and disorders of parathyroid gland', 'disorders of mineral metabolism']","[12, 1, 1, 0, 0]",2.8
13,291,Methacholine,"['L89', 'N08', 'E11', 'E55', 'G61', 'I13', 'I33', 'L28']","['decubitus ulcer', 'glomerular disorders in diseases classified elsewhere', 'non-insulin-dependent diabetes mellitus', 'vitamin d deficiency', 'inflammatory polyneuropathy', 'hypertensive heart and renal disease', 'acute and subacute endocarditis', 'lichen simplex chronicus and prurigo']","[1, 0, 19, 11, 1, 59, 0, 1]",11.5
14,131,Alclofenac,"['F11', 'F13', 'F33', 'F43', 'F60']","['mental and behavioural disorders due to use of opioids', 'mental and behavioural disorders due to use of sedatives or hypnotics', 'recurrent depressive disorder', 'reaction to severe stress, and adjustment disorders', 'specific personality disorders']","[0, 0, 0, 0, 0]",0.0
15,378,Denileukin diftitox,"['F10', 'F13', 'F31', 'F60', 'G31', 'D53', 'E51', 'K08']","['mental and behavioural disorders due to use of alcohol', 'mental and behavioural disorders due to use of sedatives or hypnotics', 'bipolar affective disorder', 'specific personality disorders', 'degenerative diseases of nervous system', 'nutritional anaemias', 'thiamine deficiency', 'disorders of teeth and supporting structures']","[0, 0, 0, 0, 0, 0, 0, 5]",0.625
16,238,L-Arginine,"['K25', 'K26', 'K70', 'D52', 'D62', 'F05']","['gastric ulcer', 'duodenal ulcer', 'alcoholic liver disease', 'folate deficiency anaemia', 'acute posthaemorrhagic anaemia', 'delirium']","[329, 28, 223, 4, 0]",116.8
17,79,Ketoprofen,"['B16', 'B18', 'F11', 'F12', 'F13', 'F14', 'F19', 'K73']","['acute hepatitis b', 'chronic viral hepatitis', 'mental and behavioural disorders due to use of opioids', 'mental and behavioural disorders due to use of cannabinoids', 'mental and behavioural disorders due to use of sedatives or hypnotics', 'mental and behavioural disorders due to use of cocaine', 'mental and behavioural disorders due to multiple drug use and use of psychoactive substances', 'chronic hepatitis']","[0, 6, 8, 0, 62, 0, 3, 9]",11.0
18,67,Loperamide,"['B20', 'B24']","['human immunodeficiency virus [hiv] disease resulting in infectious and parasitic diseases', 'human immunodeficiency virus [hiv] disease']","[37, 17]",27.0
19,55,Venetoclax,"['F11', 'F13', 'F19']","['mental and behavioural disorders due to use of opioids', 'mental and behavioural disorders due to use of sedatives or hypnotics', 'mental and behavioural disorders due to multiple drug use and use of psychoactive substances']","[0, 1, 0]",0.3333333333333333
20,106,Hexobarbital,"['M42', 'M51', 'M54']","['spinal osteochondrosis', 'intervertebral disk disorders', 'dorsalgia']","[0, 0, 0]",0.0
21,110,Prednisolone,"['N18', 'D64']","['chronic renal failure', 'anaemias']","[869, 2481]",1675.0
22,79,Pitavastatin,"['B16', 'B18', 'F11', 'F12', 'F13', 'F14', 'F19', 'K73']","['acute hepatitis b', 'chronic viral hepatitis', 'mental and behavioural disorders due to use of opioids', 'mental and behavioural disorders due to use of cannabinoids', 'mental and behavioural disorders due to use of sedatives or hypnotics', 'mental and behavioural disorders due to use of cocaine', 'mental and behavioural disorders due to multiple drug use and use of psychoactive substances', 'chronic hepatitis']","[0, 5, 0, 1, 8, 0, 2, 8]",3.0
23,370,Mersalyl,"['D72', 'C83', 'C85', 'C91']","['disorders of white blood cells', ""diffuse non-hodgkin's lymphoma"", ""specified types of non-hodgkin's lymphoma"", 'lymphoid leukaemia']","[0, 0, 0, 0]",0.0
24,82_87,Acetaminophen,"['F20', 'F25']","['schizophrenia', 'schizoaffective disorders']","[48, 25]",36.5
25,122_194,Nitrazepam,"['E10', 'E16', 'H36']","['insulin-dependent diabetes mellitus', 'disorders of pancreatic internal secretion', 'retinal disorders in diseases classified elsewhere']","[0, 0, 0]",0.0
26,323,DL-Methylephedrine,"['K60', 'I84', 'D21']","['fissure and fistula of anal and rectal regions', 'haemorrhoids', 'benign neoplasms of connective and soft tissue']","[0, 0, 0]",0.0
27,348,Hyaluronidase,"['N32', 'N40', 'N41', 'N21', 'N42']","['disorders of bladder', 'hyperplasia of prostate', 'inflammatory diseases of prostate', 'calculus of lower urinary tract', 'disorders of prostate']","[36, 13, 8, 0, 17]",14.8
28,333_412,Opicapone,"['K80', 'K81', 'K82']","['cholelithiasis', 'cholecystitis', 'diseases of gallbladder']","[0, 0, 0]",0.0
29,266,Cephalexin,"['N39', 'I95']","['disorders of urinary system', 'hypotension']","[8, 40]",24.0
30,55,Desvenlafaxine,"['F11', 'F13', 'F19']","['mental and behavioural disorders due to use of opioids', 'mental and behavioural disorders due to use of sedatives or hypnotics', 'mental and behavioural disorders due to multiple drug use and use of psychoactive substances']","[8, 14, 14]",12.0
31,408,Moroctocog alfa,"['K83', 'K85', 'K86', 'B18', 'C22', 'C24', 'C25', 'K80', 'K81', 'K82']","['diseases of biliary tract', 'acute pancreatitis', 'diseases of pancreas', 'chronic viral hepatitis', 'malignant neoplasm of liver and intrahepatic bile ducts', 'malignant neoplasm of parts of biliary tract', 'malignant neoplasm of pancreas', 'cholelithiasis', 'cholecystitis', 'diseases of gallbladder']","[0, 0, 0, 0, 1, 0, 1, 2, 0]",0.4444444444444444
32,200,Fludeoxyglucose F-18,"['F09', 'F63', 'F03', 'F10', 'G31', 'L21', 'D52', 'E51', 'E53', 'I62', 'J39', 'K02', 'K12', 'M46']","['organic or symptomatic mental disorder', 'habit and impulse disorders', 'dementia', 'mental and behavioural disorders due to use of alcohol', 'degenerative diseases of nervous system', 'seborrhoeic dermatitis', 'folate deficiency anaemia', 'thiamine deficiency', 'deficiency of b group vitamins', 'nontraumatic intracranial haemorrhage', 'diseases of upper respiratory tract', 'dental caries', 'stomatitis and related lesions', 'inflammatory spondylopathies']","[128, 57, 2043, 115, 46, 0, 0, 0, 0, 23, 3, 1087, 42]",272.61538461538464
33,262,Carbamazepine,"['I25', 'I13', 'I30', 'I33', 'K04']","['chronic ischaemic heart disease', 'hypertensive heart and renal disease', 'acute pericarditis', 'acute and subacute endocarditis', 'diseases of pulp and periapical tissues']","[2, 316, 2, 0, 0]",64.0
34,85,Dexfenfluramine,"['F41', 'F45']","['anxiety disorders', 'somatoform disorders']","[5, 0]",2.5
35,292,Desonide,"['E10', 'E13', 'E16']","['insulin-dependent diabetes mellitus', 'specified diabetes mellitus', 'disorders of pancreatic internal secretion']","[0, 0]",0.0
36,238,Methoxsalen,"['K25', 'K26', 'K70', 'D52', 'D62', 'F05']","['gastric ulcer', 'duodenal ulcer', 'alcoholic liver disease', 'folate deficiency anaemia', 'acute posthaemorrhagic anaemia', 'delirium']","[1, 0, 2, 0, 0, 0]",0.5
37,383,Triflusal,"['G60', 'H57', 'F09', 'I25', 'I99', 'J01', 'J41', 'M46']","['hereditary and idiopathic neuropathy', 'disorders of eye and adnexa', 'organic or symptomatic mental disorder', 'chronic ischaemic heart disease', 'disorders of circulatory system', 'acute sinusitis', 'simple and mucopurulent chronic bronchitis', 'inflammatory spondylopathies']","[1, 0, 1, 1, 8, 0, 0, 0]",1.375
38,131,Bromfenac,"['F11', 'F13', 'F33', 'F43', 'F60']","['mental and behavioural disorders due to use of opioids', 'mental and behavioural disorders due to use of sedatives or hypnotics', 'recurrent depressive disorder', 'reaction to severe stress, and adjustment disorders', 'specific personality disorders']","[0, 0, 0, 0, 0]",0.0
39,274,Linezolid,"['J47', 'J44', 'A16', 'B44', 'D52', 'J04', 'J39', 'L28', 'M00']","['bronchiectasis', 'chronic obstructive pulmonary disease', 'respiratory tuberculosis', 'aspergillosis', 'folate deficiency anaemia', 'acute laryngitis and tracheitis', 'diseases of upper respiratory tract', 'lichen simplex chronicus and prurigo', 'pyogenic arthritis']","[27, 35, 486, 6, 0, 6, 7, 0, 74]",71.22222222222223
40,134,Fostamatinib,"['M42', 'M51', 'M54', 'G54', 'M62']","['spinal osteochondrosis', 'intervertebral disk disorders', 'dorsalgia', 'nerve root and plexus disorders', 'disorders of muscle']","[0, 0, 0, 0, 2]",0.4
41,273,Levetiracetam,"['B37', 'C34', 'C38', 'C71', 'D43', 'J82', 'J93']","['candidiasis', 'malignant neoplasm of bronchus and lung', 'malignant neoplasm of heart, mediastinum and pleura', 'malignant neoplasm of brain', 'neoplasm of uncertain or unknown behaviour of brain and central nervous system', 'pulmonary eosinophilia', 'pneumothorax']","[0, 39, 0, 220, 804, 6, 2]",153.0
42,2,Safinamide,"['A04', 'A08', 'F50']","['bacterial intestinal infections', 'viral and specified intestinal infections', 'eating disorders']","[0, 0]",0.0
43,79,Pargyline,"['B16', 'B18', 'F11', 'F12', 'F13', 'F14', 'F19', 'K73']","['acute hepatitis b', 'chronic viral hepatitis', 'mental and behavioural disorders due to use of opioids', 'mental and behavioural disorders due to use of cannabinoids', 'mental and behavioural disorders due to use of sedatives or hypnotics', 'mental and behavioural disorders due to use of cocaine', 'mental and behavioural disorders due to multiple drug use and use of psychoactive substances', 'chronic hepatitis']","[0, 0, 14, 87, 1, 4, 0]",15.142857142857142
44,119,Homosalate,"['F70', 'D75', 'D52', 'F10', 'F22', 'G31', 'L21', 'C10', 'C13', 'E53', 'H10', 'I86', 'N62']","['mild mental retardation', 'diseases of blood and blood-forming organs', 'folate deficiency anaemia', 'mental and behavioural disorders due to use of alcohol', 'persistent delusional disorders', 'degenerative diseases of nervous system', 'seborrhoeic dermatitis', 'malignant neoplasm of oropharynx', 'malignant neoplasm of hypopharynx', 'deficiency of b group vitamins', 'conjunctivitis', 'varicose veins of specified sites', 'hypertrophy of breast']","[0, 0, 0, 0, 0, 0, 0, 0, 0, 0, 0, 0]",0.0
45,47,Ibritumomab tiuxetan,"['N12', 'N39']","['tubulo-interstitial nephritis', 'disorders of urinary system']","[0, 0]",0.0
46,205,Norgestrel,"['D52', 'J41', 'L71', 'F17', 'J42', 'J13', 'J39', 'K04', 'K08', 'K12', 'L08', 'N62']","['folate deficiency anaemia', 'simple and mucopurulent chronic bronchitis', 'rosacea', 'mental and behavioural disorders due to use of tobacco', 'chronic bronchitis', 'pneumonia due to streptococcus pneumoniae', 'diseases of upper respiratory tract', 'diseases of pulp and periapical tissues', 'disorders of teeth and supporting structures', 'stomatitis and related lesions', 'local infections of skin and subcutaneous tissue', 'hypertrophy of breast']","[2, 0, 0, 0, 0, 0, 2, 0, 95, 48, 21, 0]",14.0
47,11,Dolutegravir,"['C71', 'C79', 'H53']","['malignant neoplasm of brain', 'secondary malignant neoplasm of specified sites', 'visual disturbances']","[1, 0, 0]",0.3333333333333333
48,408,Gestrinone,"['K83', 'K85', 'K86', 'B18', 'C22', 'C24', 'C25', 'K80', 'K81', 'K82']","['diseases of biliary tract', 'acute pancreatitis', 'diseases of pancreas', 'chronic viral hepatitis', 'malignant neoplasm of liver and intrahepatic bile ducts', 'malignant neoplasm of parts of biliary tract', 'malignant neoplasm of pancreas', 'cholelithiasis', 'cholecystitis', 'diseases of gallbladder']","[0, 0, 0, 0, 0, 0, 0, 0, 0, 0]",0.0
49,55,Meprobamate,"['F11', 'F13', 'F19']","['mental and behavioural disorders due to use of opioids', 'mental and behavioural disorders due to use of sedatives or hypnotics', 'mental and behavioural disorders due to multiple drug use and use of psychoactive substances']","[32, 2366, 4]",800.6666666666666
50,82_87,Clobetasone,"['F20', 'F25']","['schizophrenia', 'schizoaffective disorders']","[0, 0]",0.0
51,411,Arzoxifene,"['G31', 'F10', 'F43']","['degenerative diseases of nervous system', 'mental and behavioural disorders due to use of alcohol', 'reaction to severe stress, and adjustment disorders']","[0, 0]",0.0
52,200,Aminocaproic Acid,"['F09', 'F63', 'F03', 'F10', 'G31', 'L21', 'D52', 'E51', 'E53', 'I62', 'J39', 'K02', 'K12', 'M46']","['organic or symptomatic mental disorder', 'habit and impulse disorders', 'dementia', 'mental and behavioural disorders due to use of alcohol', 'degenerative diseases of nervous system', 'seborrhoeic dermatitis', 'folate deficiency anaemia', 'thiamine deficiency', 'deficiency of b group vitamins', 'nontraumatic intracranial haemorrhage', 'diseases of upper respiratory tract', 'dental caries', 'stomatitis and related lesions', 'inflammatory spondylopathies']","[79, 1, 17, 2, 1, 0, 0, 0, 3, 1, 6, 19, 0]",9.923076923076923
53,3,Dienestrol,"['H73', 'K92']","['disorders of tympanic membrane', 'diseases of digestive system']","[0, 3]",1.5
54,408,Oxaprozin,"['K83', 'K85', 'K86', 'B18', 'C22', 'C24', 'C25', 'K80', 'K81', 'K82']","['diseases of biliary tract', 'acute pancreatitis', 'diseases of pancreas', 'chronic viral hepatitis', 'malignant neoplasm of liver and intrahepatic bile ducts', 'malignant neoplasm of parts of biliary tract', 'malignant neoplasm of pancreas', 'cholelithiasis', 'cholecystitis', 'diseases of gallbladder']","[0, 0, 0, 0, 0, 0, 0, 0, 0, 0]",0.0
55,351,Gemfibrozil,"['A02', 'A48', 'A69', 'B07', 'B36', 'B44', 'B49', 'B86', 'C11', 'C26', 'C41', 'C45', 'C50', 'C60', 'C66', 'C69', 'C76', 'C84', 'C88', 'D03', 'D07', 'D31', 'D34', 'D51', 'D89', 'E07', 'E22', 'E23', 'E27', 'E46', 'E74', 'E85', 'F52', 'G24', 'G52', 'G90', 'G92', 'H21', 'H31', 'H55', 'H61', 'J02', 'J11', 'J12', 'J61', 'K11', 'K41', 'L25', 'L60', 'L80', 'L81', 'M12', 'M60', 'N11', 'N34', 'N36', 'N50']","['salmonella infections', 'bacterial diseases', 'spirochaetal infections', 'viral warts', 'superficial mycoses', 'aspergillosis', 'mycosis', 'scabies', 'malignant neoplasm of nasopharynx', 'malignant neoplasm of ill-defined digestive organs', 'malignant neoplasm of bone and articular cartilage of sites', 'mesothelioma', 'malignant neoplasm of breast', 'malignant neoplasm of penis', 'malignant neoplasm of ureter', 'malignant neoplasm of eye and adnexa', 'malignant neoplasm of ill-defined sites', 'peripheral and cutaneous t-cell lymphomas', 'malignant immunoproliferative diseases', 'melanoma in situ', 'carcinoma in situ of genital organs', 'benign neoplasm of eye and adnexa', 'benign neoplasm of thyroid gland', 'vitamin b12 deficiency anaemia', 'disorders involving the immune mechanism', 'disorders of thyroid', 'hyperfunction of pituitary gland', 'hypofunction and disorders of pituitary gland', 'disorders of adrenal gland', 'protein-energy malnutrition', 'disorders of carbohydrate metabolism', 'amyloidosis', 'sexual dysfunction', 'dystonia', 'disorders of cranial nerves', 'disorders of autonomic nervous system', 'toxic encephalopathy', 'disorders of iris and ciliary body', 'disorders of choroid', 'nystagmus and irregular eye movements', 'disorders of external ear', 'acute pharyngitis', 'influenza virus', 'viral pneumonia', 'pneumoconiosis due to asbestos and mineral fibres', 'diseases of salivary glands', 'femoral hernia', 'contact dermatitis', 'nail disorders', 'vitiligo', 'disorders of pigmentation', 'specific arthropathies', 'myositis', 'chronic tubulo-interstitial nephritis', 'urethritis and urethral syndrome', 'disorders of urethra', 'disorders of male genital organs']","[0, 10, 0, 0, 0, 0, 2, 0, 0, 0, 1, 0, 5, 0, 0, 1, 0, 35, 2, 0, 0, 1, 0, 0, 0, 3, 0, 0, 1, 0, 7, 1, 6, 0, 0, 0, 0, 0, 0, 0, 0, 0, 5, 4, 0, 0, 0, 3, 0, 0, 2, 1, 35, 0, 0, 0, 1]",2.210526315789474
56,374,Esomeprazole,"['L95', 'C45', 'D89', 'E01', 'E72', 'G90', 'I10', 'I22', 'I33', 'I60', 'I78', 'J04', 'J13', 'K27', 'L08', 'L20', 'L21', 'L23', 'L29', 'L50', 'L71', 'L85', 'M05', 'M31', 'M45', 'M85', 'M96', 'N62']","['vasculitis limited to skin', 'mesothelioma', 'disorders involving the immune mechanism', 'iodine-deficiency-related thyroid disorders and allied conditions', 'disorders of amino-acid metabolism', 'disorders of autonomic nervous system', 'essential (primary) hypertension', 'subsequent myocardial infarction', 'acute and subacute endocarditis', 'subarachnoid haemorrhage', 'diseases of capillaries', 'acute laryngitis and tracheitis', 'pneumonia due to streptococcus pneumoniae', 'acute with perforation', 'local infections of skin and subcutaneous tissue', 'atopic dermatitis', 'seborrhoeic dermatitis', 'allergic contact dermatitis', 'pruritus', 'urticaria', 'rosacea', 'epidermal thickening', 'seropositive rheumatoid arthritis', 'necrotising vasculopathies', 'ankylosing spondylitis', 'disorders of bone density and structure', 'postprocedural musculoskeletal disorders', 'hypertrophy of breast']","[0, 0, 4, 3, 10, 1, 0, 2, 0, 1, 2, 1, 0, 3, 1, 0, 0, 3, 4, 7, 0, 0, 0, 10, 5, 85, 0, 0]",5.071428571428571
57,110,Heroin,"['N18', 'D64']","['chronic renal failure', 'anaemias']","[66, 49]",57.5
58,123,Etomidate,"['E13', 'H40', 'E11', 'G63', 'H25', 'H26', 'M86', 'N48', 'I79', 'L03']","['specified diabetes mellitus', 'glaucoma', 'non-insulin-dependent diabetes mellitus', 'polyneuropathy in diseases classified elsewhere', 'senile cataract', 'cataract', 'osteomyelitis', 'disorders of penis', 'disorders of arteries, arterioles and capillaries in diseases classified elsewhere', 'cellulitis']","[1, 1, 1, 0, 0, 11, 0, 0, 0, 0]",1.4
59,77,Phenformin,"['F11', 'F13', 'F19', 'B18', 'B24', 'F14', 'F15']","['mental and behavioural disorders due to use of opioids', 'mental and behavioural disorders due to use of sedatives or hypnotics', 'mental and behavioural disorders due to multiple drug use and use of psychoactive substances', 'chronic viral hepatitis', 'human immunodeficiency virus [hiv] disease', 'mental and behavioural disorders due to use of cocaine', 'mental and behavioural disorders due to use of stimulants, including caffeine']","[12, 0, 0, 0, 0, 0]",2.0
60,228,Cimetidine,"['J41', 'J44', 'J47', 'G61', 'H10', 'J40', 'J82']","['simple and mucopurulent chronic bronchitis', 'chronic obstructive pulmonary disease', 'bronchiectasis', 'inflammatory polyneuropathy', 'conjunctivitis', 'bronchitis', 'pulmonary eosinophilia']","[0, 14, 3, 3, 10, 2]",5.333333333333333
61,299,Amantadine,"['G47', 'J30', 'F51']","['sleep disorders', 'vasomotor and allergic rhinitis', 'sleep disorders']","[105, 1, 105]",70.33333333333333
62,10,Gliclazide,"['J20', 'J30', 'J42', 'L30', 'D80']","['acute bronchitis', 'vasomotor and allergic rhinitis', 'chronic bronchitis', 'dermatitis', 'immunodeficiency with antibody defects']","[0, 0, 0, 0]",0.0
63,157_240,Warfarin,"['K80', 'K81', 'K82', 'K83']","['cholelithiasis', 'cholecystitis', 'diseases of gallbladder', 'diseases of biliary tract']","[14, 26, 12, 7]",14.75
64,414,Proguanil,"['K83', 'K85', 'K86', 'B18', 'C22', 'C24', 'C25']","['diseases of biliary tract', 'acute pancreatitis', 'diseases of pancreas', 'chronic viral hepatitis', 'malignant neoplasm of liver and intrahepatic bile ducts', 'malignant neoplasm of parts of biliary tract', 'malignant neoplasm of pancreas']","[0, 1, 2, 0, 0, 1]",0.6666666666666666
65,10,Ketoconazole,"['J20', 'J30', 'J42', 'L30', 'D80']","['acute bronchitis', 'vasomotor and allergic rhinitis', 'chronic bronchitis', 'dermatitis', 'immunodeficiency with antibody defects']","[2, 18, 2, 357, 6]",77.0
66,458,Isoflurane,"['M19', 'M25', 'M75']","['arthrosis', 'joint disorders', 'shoulder lesions']","[42, 49, 0]",30.333333333333332
67,112,Albendazole,"['B16', 'B18', 'K73', 'C22']","['acute hepatitis b', 'chronic viral hepatitis', 'chronic hepatitis', 'malignant neoplasm of liver and intrahepatic bile ducts']","[0, 1, 12, 61]",18.5
68,67,Bendroflumethiazide,"['B20', 'B24']","['human immunodeficiency virus [hiv] disease resulting in infectious and parasitic diseases', 'human immunodeficiency virus [hiv] disease']","[0, 0]",0.0
69,348,Tolcapone,"['N32', 'N40', 'N41', 'N21', 'N42']","['disorders of bladder', 'hyperplasia of prostate', 'inflammatory diseases of prostate', 'calculus of lower urinary tract', 'disorders of prostate']","[1, 0, 0, 0]",0.25
70,450,Rivastigmine,"['H36', 'E10', 'E13', 'E16', 'H26', 'H33', 'H35']","['retinal disorders in diseases classified elsewhere', 'insulin-dependent diabetes mellitus', 'specified diabetes mellitus', 'disorders of pancreatic internal secretion', 'cataract', 'retinal detachments and breaks', 'retinal disorders']","[0, 2, 0, 0, 2, 8]",2.0
71,417,Levodopa,"['L84', 'N25', 'N18']","['corns and callosities', 'disorders resulting from impaired renal tubular function', 'chronic renal failure']","[0, 0, 46]",15.333333333333334
72,15_73,Bifonazole,"['E10', 'E14', 'E16']","['insulin-dependent diabetes mellitus', 'diabetes mellitus', 'disorders of pancreatic internal secretion']","[0, 4, 0]",1.3333333333333333
73,408,Artemether,"['K83', 'K85', 'K86', 'B18', 'C22', 'C24', 'C25', 'K80', 'K81', 'K82']","['diseases of biliary tract', 'acute pancreatitis', 'diseases of pancreas', 'chronic viral hepatitis', 'malignant neoplasm of liver and intrahepatic bile ducts', 'malignant neoplasm of parts of biliary tract', 'malignant neoplasm of pancreas', 'cholelithiasis', 'cholecystitis', 'diseases of gallbladder']","[4, 0, 3, 0, 2, 0, 0, 0, 1, 0]",1.0
74,129,Etanercept,"['F17', 'G45', 'J15', 'J20', 'J93', 'L05']","['mental and behavioural disorders due to use of tobacco', 'transient cerebral ischaemic attacks and related syndromes', 'bacterial pneumonia', 'acute bronchitis', 'pneumothorax', 'pilonidal cyst']","[0, 157, 24, 1, 5, 1]",31.333333333333332
75,55,Avatrombopag,"['F11', 'F13', 'F19']","['mental and behavioural disorders due to use of opioids', 'mental and behavioural disorders due to use of sedatives or hypnotics', 'mental and behavioural disorders due to multiple drug use and use of psychoactive substances']","[0, 0, 0]",0.0
76,390,Caspofungin,"['G91', 'I60', 'D73', 'F52', 'G30', 'L28', 'E11', 'E55', 'F00', 'F05', 'H49', 'A48', 'C76', 'D34', 'H60', 'L08', 'M00', 'N04']","['hydrocephalus', 'subarachnoid haemorrhage', 'diseases of spleen', 'sexual dysfunction', ""alzheimer's disease"", 'lichen simplex chronicus and prurigo', 'non-insulin-dependent diabetes mellitus', 'vitamin d deficiency', ""dementia in alzheimer's disease"", 'delirium', 'paralytic strabismus', 'bacterial diseases', 'malignant neoplasm of ill-defined sites', 'benign neoplasm of thyroid gland', 'otitis externa', 'local infections of skin and subcutaneous tissue', 'pyogenic arthritis', 'nephrotic syndrome']","[4, 3, 18, 0, 2, 0, 7, 0, 0, 0, 252, 1, 4, 10, 10, 1]",19.5
77,334,Propiverine,"['L28', 'K76', 'D73', 'E51', 'M89']","['lichen simplex chronicus and prurigo', 'diseases of liver', 'diseases of spleen', 'thiamine deficiency', 'disorders of bone']","[0, 1, 0, 0, 4]",1.0
78,212,Rasagiline,"['F17', 'J01', 'J37', 'J38', 'J42', 'J43', 'J93', 'J02']","['mental and behavioural disorders due to use of tobacco', 'acute sinusitis', 'chronic laryngitis and laryngotracheitis', 'diseases of vocal cords and larynx', 'chronic bronchitis', 'emphysema', 'pneumothorax', 'acute pharyngitis']","[0, 0, 0, 0, 0, 0, 0, 0]",0.0
79,376,Dexrazoxane,"['E79', 'L82', 'H61', 'L21', 'M54', 'M79']","['disorders of purine and pyrimidine metabolism', 'seborrhoeic keratosis', 'disorders of external ear', 'seborrhoeic dermatitis', 'dorsalgia', 'soft tissue disorders']","[8, 0, 0, 0, 0, 11]",3.1666666666666665
80,190,Trastuzumab emtansine,"['M54', 'G54', 'L50', 'M71', 'M76']","['dorsalgia', 'nerve root and plexus disorders', 'urticaria', 'bursopathies', 'enthesopathies of lower limb, excluding foot']","[0, 0, 0, 0]",0.0
81,216,Moexipril,"['H91', 'H93', 'H81', 'H90']","['hearing loss', 'disorders of ear', 'disorders of vestibular function', 'conductive and sensorineural hearing loss']","[0, 0, 0, 5]",1.25
82,110,Bifonazole,"['N18', 'D64']","['chronic renal failure', 'anaemias']","[0, 0]",0.0
83,179,Rasagiline,"['C61', 'N32', 'N40', 'D40']","['malignant neoplasm of prostate', 'disorders of bladder', 'hyperplasia of prostate', 'neoplasm of uncertain or unknown behaviour of male genital organs']","[1, 1, 0, 0]",0.5
84,125,Dihydrocodeine,"['K29', 'K31', 'K51', 'K58', 'K59']","['gastritis and duodenitis', 'diseases of stomach and duodenum', 'ulcerative colitis', 'irritable bowel syndrome', 'functional intestinal disorders']","[0, 0, 0, 0, 1]",0.2
85,64,Meclofenamic acid,"['K76', 'K65']","['diseases of liver', 'peritonitis']","[8, 9]",8.5
86,78,Captodiame,"['F20', 'F12', 'F15', 'F25', 'F31']","['schizophrenia', 'mental and behavioural disorders due to use of cannabinoids', 'mental and behavioural disorders due to use of stimulants, including caffeine', 'schizoaffective disorders', 'bipolar affective disorder']","[0, 0, 0, 0]",0.0
87,119,Crizotinib,"['F70', 'D75', 'D52', 'F10', 'F22', 'G31', 'L21', 'C10', 'C13', 'E53', 'H10', 'I86', 'N62']","['mild mental retardation', 'diseases of blood and blood-forming organs', 'folate deficiency anaemia', 'mental and behavioural disorders due to use of alcohol', 'persistent delusional disorders', 'degenerative diseases of nervous system', 'seborrhoeic dermatitis', 'malignant neoplasm of oropharynx', 'malignant neoplasm of hypopharynx', 'deficiency of b group vitamins', 'conjunctivitis', 'varicose veins of specified sites', 'hypertrophy of breast']","[0, 267, 0, 0, 0, 0, 0, 0, 1, 0, 1, 0, 0]",20.692307692307693
88,111,Isoniazid,"['B16', 'K73', 'B18', 'C22']","['acute hepatitis b', 'chronic hepatitis', 'chronic viral hepatitis', 'malignant neoplasm of liver and intrahepatic bile ducts']","[7, 111, 27, 81]",56.5
89,390,Catumaxomab,"['G91', 'I60', 'D73', 'F52', 'G30', 'L28', 'E11', 'E55', 'F00', 'F05', 'H49', 'A48', 'C76', 'D34', 'H60', 'L08', 'M00', 'N04']","['hydrocephalus', 'subarachnoid haemorrhage', 'diseases of spleen', 'sexual dysfunction', ""alzheimer's disease"", 'lichen simplex chronicus and prurigo', 'non-insulin-dependent diabetes mellitus', 'vitamin d deficiency', ""dementia in alzheimer's disease"", 'delirium', 'paralytic strabismus', 'bacterial diseases', 'malignant neoplasm of ill-defined sites', 'benign neoplasm of thyroid gland', 'otitis externa', 'local infections of skin and subcutaneous tissue', 'pyogenic arthritis', 'nephrotic syndrome']","[0, 0, 0, 0, 0, 0, 0, 0, 0, 0, 0, 0, 0, 0, 0, 0, 0, 0]",0.0
90,39,Enflurane,"['K21', 'K29', 'K44', 'K52']","['gastro-oesophageal reflux disease', 'gastritis and duodenitis', 'diaphragmatic hernia', 'non-infective gastro-enteritis and colitis']","[2, 10, 1, 1]",3.5
91,147,Rifampicin,"['J18', 'J96', 'J15']","['pneumonia, organism', 'respiratory failure', 'bacterial pneumonia']","[168, 229, 424]",273.6666666666667
92,303,Pegvisomant,"['G40', 'G41', 'F01', 'F71']","['epilepsy', 'status epilepticus', 'vascular dementia', 'moderate mental retardation']","[0, 0, 0, 0]",0.0
93,291,Dronabinol,"['L89', 'N08', 'E11', 'E55', 'G61', 'I13', 'I33', 'L28']","['decubitus ulcer', 'glomerular disorders in diseases classified elsewhere', 'non-insulin-dependent diabetes mellitus', 'vitamin d deficiency', 'inflammatory polyneuropathy', 'hypertensive heart and renal disease', 'acute and subacute endocarditis', 'lichen simplex chronicus and prurigo']","[1, 0, 12, 1, 1, 35, 0, 0]",6.25
94,179,Muromonab,"['C61', 'N32', 'N40', 'D40']","['malignant neoplasm of prostate', 'disorders of bladder', 'hyperplasia of prostate', 'neoplasm of uncertain or unknown behaviour of male genital organs']","[1, 0, 0, 0]",0.25
95,363,Erlotinib,"['C65', 'C66', 'C67', 'C68']","['malignant neoplasm of renal pelvis', 'malignant neoplasm of ureter', 'malignant neoplasm of bladder', 'malignant neoplasm of urinary organs']","[0, 0, 19, 1]",5.0
96,334,Cabazitaxel,"['L28', 'K76', 'D73', 'E51', 'M89']","['lichen simplex chronicus and prurigo', 'diseases of liver', 'diseases of spleen', 'thiamine deficiency', 'disorders of bone']","[0, 18, 0, 0, 128]",29.2
97,421,Hexobarbital,"['M66', 'M24', 'M65', 'M67', 'M71', 'M93', 'M94']","['spontaneous rupture of synovium and tendon', 'specific joint derangements', 'infective (teno)synovitis', 'disorders of synovium and tendon', 'bursopathies', 'osteochondropathies', 'disorders of cartilage']","[0, 0, 0, 0, 0, 0, 0]",0.0
98,408,Rituximab,"['K83', 'K85', 'K86', 'B18', 'C22', 'C24', 'C25', 'K80', 'K81', 'K82']","['diseases of biliary tract', 'acute pancreatitis', 'diseases of pancreas', 'chronic viral hepatitis', 'malignant neoplasm of liver and intrahepatic bile ducts', 'malignant neoplasm of parts of biliary tract', 'malignant neoplasm of pancreas', 'cholelithiasis', 'cholecystitis', 'diseases of gallbladder']","[22, 166, 169, 222, 187, 0, 58, 2, 12, 10]",84.8
99,394,Desogestrel,"['B36', 'D34', 'E72', 'F09', 'G90', 'I10', 'I30', 'I33', 'I60', 'I78', 'J13', 'J30', 'K73', 'L08', 'L21', 'L23', 'L29', 'L71', 'L85', 'N02', 'N04', 'C74', 'E26', 'E29', 'G37', 'G96', 'H72', 'I68', 'J35', 'K09', 'L70', 'M14', 'N03', 'N49']","['superficial mycoses', 'benign neoplasm of thyroid gland', 'disorders of amino-acid metabolism', 'organic or symptomatic mental disorder', 'disorders of autonomic nervous system', 'essential (primary) hypertension', 'acute pericarditis', 'acute and subacute endocarditis', 'subarachnoid haemorrhage', 'diseases of capillaries', 'pneumonia due to streptococcus pneumoniae', 'vasomotor and allergic rhinitis', 'chronic hepatitis', 'local infections of skin and subcutaneous tissue', 'seborrhoeic dermatitis', 'allergic contact dermatitis', 'pruritus', 'rosacea', 'epidermal thickening', 'recurrent and persistent haematuria', 'nephrotic syndrome', 'malignant neoplasm of adrenal gland', 'hyperaldosteronism', 'testicular dysfunction', 'demyelinating diseases of central nervous system', 'disorders of central nervous system', 'perforation of tympanic membrane', 'cerebrovascular disorders in diseases classified elsewhere', 'chronic diseases of tonsils and adenoids', 'cysts of oral region', 'acne', 'arthropathies in diseases classified elsewhere', 'chronic nephritic syndrome', 'inflammatory disorders of male genital organs']","[1, 0, 7, 8, 3, 0, 0, 0, 2, 1, 0, 8, 0, 13, 5, 0, 2, 0, 0, 34, 0, 0, 0, 0, 0, 10, 0, 0, 0, 5, 112, 0, 0, 0]",6.205882352941177
100,333_412,Epinephrine,"['K80', 'K81', 'K82']","['cholelithiasis', 'cholecystitis', 'diseases of gallbladder']","[36, 27, 15]",26.0
101,402,Tizanidine,"['C34', 'C38', 'C71', 'D43', 'J82']","['malignant neoplasm of bronchus and lung', 'malignant neoplasm of heart, mediastinum and pleura', 'malignant neoplasm of brain', 'neoplasm of uncertain or unknown behaviour of brain and central nervous system', 'pulmonary eosinophilia']","[6, 0, 0, 92, 0]",19.6
102,261,Esomeprazole,"['N25', 'N18', 'A04', 'B02', 'N03']","['disorders resulting from impaired renal tubular function', 'chronic renal failure', 'bacterial intestinal infections', 'zoster [herpes zoster]', 'chronic nephritic syndrome']","[0, 3, 11, 0, 0]",2.8
103,233,Parachlorophenol,"['K25', 'K26']","['gastric ulcer', 'duodenal ulcer']","[2, 1]",1.5
104,405,Estramustine,"['K83', 'B18', 'C22', 'C24', 'C25', 'K80', 'K81', 'K82', 'K85', 'K86']","['diseases of biliary tract', 'chronic viral hepatitis', 'malignant neoplasm of liver and intrahepatic bile ducts', 'malignant neoplasm of parts of biliary tract', 'malignant neoplasm of pancreas', 'cholelithiasis', 'cholecystitis', 'diseases of gallbladder', 'acute pancreatitis', 'diseases of pancreas']","[0, 0, 37, 0, 6, 0, 0, 0, 1, 7]",5.1
105,157_240,Aprotinin,"['K80', 'K81', 'K82', 'K83']","['cholelithiasis', 'cholecystitis', 'diseases of gallbladder', 'diseases of biliary tract']","[21, 23, 6]",16.666666666666668
106,3,Butorphanol,"['H73', 'K92']","['disorders of tympanic membrane', 'diseases of digestive system']","[0, 8]",4.0
107,103,Mitiglinide,"['K80', 'K81', 'K85']","['cholelithiasis', 'cholecystitis', 'acute pancreatitis']","[0, 0, 0]",0.0
108,325,Rizatriptan,"['B37', 'J18', 'J40', 'J86', 'J93', 'B02', 'L72']","['candidiasis', 'pneumonia, organism', 'bronchitis', 'pyothorax', 'pneumothorax', 'zoster [herpes zoster]', 'follicular cysts of skin and subcutaneous tissue']","[0, 0, 0, 0, 0, 0, 0]",0.0
109,379,Polaprezinc,"['F13', 'F33', 'F41', 'F43', 'F45', 'F32']","['mental and behavioural disorders due to use of sedatives or hypnotics', 'recurrent depressive disorder', 'anxiety disorders', 'reaction to severe stress, and adjustment disorders', 'somatoform disorders', 'depressive episode']","[0, 0, 0, 0, 0, 1]",0.16666666666666666
110,461,Cilostazol,"['N41', 'D40', 'N42', 'C61', 'C64']","['inflammatory diseases of prostate', 'neoplasm of uncertain or unknown behaviour of male genital organs', 'disorders of prostate', 'malignant neoplasm of prostate', 'malignant neoplasm of kidney, except renal pelvis']","[1, 0, 3, 0, 0]",0.8
111,110,Bioallethrin,"['N18', 'D64']","['chronic renal failure', 'anaemias']","[0, 0]",0.0
112,13,Infliximab,"['D80', 'E61', 'G00', 'H02', 'H04', 'J01', 'K00', 'K76', 'M43', 'J35', 'J36']","['immunodeficiency with antibody defects', 'deficiency of nutrient elements', 'bacterial meningitis', 'disorders of eyelid', 'disorders of lachrymal system', 'acute sinusitis', 'disorders of tooth development and eruption', 'diseases of liver', 'deforming dorsopathies', 'chronic diseases of tonsils and adenoids', 'peritonsillar abscess']","[3, 1, 29, 15, 1, 5, 236, 652, 0, 2, 2]",86.0
113,244,Somatostatin,"['L71', 'K70', 'D53', 'F05', 'G31']","['rosacea', 'alcoholic liver disease', 'nutritional anaemias', 'delirium', 'degenerative diseases of nervous system']","[5, 40, 6, 10, 38]",19.8
114,356,Estradiol cypionate,"['B18', 'C22', 'C24', 'K73']","['chronic viral hepatitis', 'malignant neoplasm of liver and intrahepatic bile ducts', 'malignant neoplasm of parts of biliary tract', 'chronic hepatitis']","[0, 0, 0, 0]",0.0
115,3,Prasterone,"['H73', 'K92']","['disorders of tympanic membrane', 'diseases of digestive system']","[0, 86]",43.0
116,54,Terlipressin,"['E87', 'F10', 'F17']","['disorders of fluid, electrolyte and acid-base balance', 'mental and behavioural disorders due to use of alcohol', 'mental and behavioural disorders due to use of tobacco']","[8, 1, 0]",3.0
117,79,Tazarotene,"['B16', 'B18', 'F11', 'F12', 'F13', 'F14', 'F19', 'K73']","['acute hepatitis b', 'chronic viral hepatitis', 'mental and behavioural disorders due to use of opioids', 'mental and behavioural disorders due to use of cannabinoids', 'mental and behavioural disorders due to use of sedatives or hypnotics', 'mental and behavioural disorders due to use of cocaine', 'mental and behavioural disorders due to multiple drug use and use of psychoactive substances', 'chronic hepatitis']","[0, 1, 0, 0, 0, 0, 0, 2]",0.375
118,131,Levonorgestrel,"['F11', 'F13', 'F33', 'F43', 'F60']","['mental and behavioural disorders due to use of opioids', 'mental and behavioural disorders due to use of sedatives or hypnotics', 'recurrent depressive disorder', 'reaction to severe stress, and adjustment disorders', 'specific personality disorders']","[1, 15, 1, 4, 0]",4.2
119,131,Golimumab,"['F11', 'F13', 'F33', 'F43', 'F60']","['mental and behavioural disorders due to use of opioids', 'mental and behavioural disorders due to use of sedatives or hypnotics', 'recurrent depressive disorder', 'reaction to severe stress, and adjustment disorders', 'specific personality disorders']","[0, 0, 0, 0, 0]",0.0
120,169,Ajmaline,"['N39', 'N41']","['disorders of urinary system', 'inflammatory diseases of prostate']","[1, 0]",0.5
121,27,Ponatinib,"['G40', 'G41', 'G47', 'G81', 'G91']","['epilepsy', 'status epilepticus', 'sleep disorders', 'hemiplegia', 'hydrocephalus']","[3, 1, 0, 1, 0]",1.0
122,405,Posaconazole,"['K83', 'B18', 'C22', 'C24', 'C25', 'K80', 'K81', 'K82', 'K85', 'K86']","['diseases of biliary tract', 'chronic viral hepatitis', 'malignant neoplasm of liver and intrahepatic bile ducts', 'malignant neoplasm of parts of biliary tract', 'malignant neoplasm of pancreas', 'cholelithiasis', 'cholecystitis', 'diseases of gallbladder', 'acute pancreatitis', 'diseases of pancreas']","[0, 0, 15, 0, 0, 0, 1, 3, 38]",6.333333333333333
123,189,Acitretin,"['M45', 'E13', 'D35', 'I10', 'I12', 'I72', 'I77', 'K20', 'L98', 'N05', 'I13']","['ankylosing spondylitis', 'specified diabetes mellitus', 'benign neoplasm of endocrine glands', 'essential (primary) hypertension', 'hypertensive renal disease', 'aneurysm', 'disorders of arteries and arterioles', 'oesophagitis', 'disorders of skin and subcutaneous tissue', 'minor glomerular abnormality', 'hypertensive heart and renal disease']","[3, 0, 0, 0, 0, 0, 1, 3, 530, 0, 40]",52.45454545454545
124,394,Catumaxomab,"['B36', 'D34', 'E72', 'F09', 'G90', 'I10', 'I30', 'I33', 'I60', 'I78', 'J13', 'J30', 'K73', 'L08', 'L21', 'L23', 'L29', 'L71', 'L85', 'N02', 'N04', 'C74', 'E26', 'E29', 'G37', 'G96', 'H72', 'I68', 'J35', 'K09', 'L70', 'M14', 'N03', 'N49']","['superficial mycoses', 'benign neoplasm of thyroid gland', 'disorders of amino-acid metabolism', 'organic or symptomatic mental disorder', 'disorders of autonomic nervous system', 'essential (primary) hypertension', 'acute pericarditis', 'acute and subacute endocarditis', 'subarachnoid haemorrhage', 'diseases of capillaries', 'pneumonia due to streptococcus pneumoniae', 'vasomotor and allergic rhinitis', 'chronic hepatitis', 'local infections of skin and subcutaneous tissue', 'seborrhoeic dermatitis', 'allergic contact dermatitis', 'pruritus', 'rosacea', 'epidermal thickening', 'recurrent and persistent haematuria', 'nephrotic syndrome', 'malignant neoplasm of adrenal gland', 'hyperaldosteronism', 'testicular dysfunction', 'demyelinating diseases of central nervous system', 'disorders of central nervous system', 'perforation of tympanic membrane', 'cerebrovascular disorders in diseases classified elsewhere', 'chronic diseases of tonsils and adenoids', 'cysts of oral region', 'acne', 'arthropathies in diseases classified elsewhere', 'chronic nephritic syndrome', 'inflammatory disorders of male genital organs']","[0, 0, 1, 1, 0, 0, 0, 0, 0, 0, 0, 0, 0, 0, 0, 0, 0, 0, 17, 0, 0, 0, 0, 0, 0, 0, 0, 0, 0, 0, 0, 0, 0]",0.5757575757575758
125,110,Ixazomib,"['N18', 'D64']","['chronic renal failure', 'anaemias']","[2, 33]",17.5
126,134,Diphemanil Methylsulfate,"['M42', 'M51', 'M54', 'G54', 'M62']","['spinal osteochondrosis', 'intervertebral disk disorders', 'dorsalgia', 'nerve root and plexus disorders', 'disorders of muscle']","[0, 0, 0, 0, 1]",0.2
127,394,Thrombin,"['B36', 'D34', 'E72', 'F09', 'G90', 'I10', 'I30', 'I33', 'I60', 'I78', 'J13', 'J30', 'K73', 'L08', 'L21', 'L23', 'L29', 'L71', 'L85', 'N02', 'N04', 'C74', 'E26', 'E29', 'G37', 'G96', 'H72', 'I68', 'J35', 'K09', 'L70', 'M14', 'N03', 'N49']","['superficial mycoses', 'benign neoplasm of thyroid gland', 'disorders of amino-acid metabolism', 'organic or symptomatic mental disorder', 'disorders of autonomic nervous system', 'essential (primary) hypertension', 'acute pericarditis', 'acute and subacute endocarditis', 'subarachnoid haemorrhage', 'diseases of capillaries', 'pneumonia due to streptococcus pneumoniae', 'vasomotor and allergic rhinitis', 'chronic hepatitis', 'local infections of skin and subcutaneous tissue', 'seborrhoeic dermatitis', 'allergic contact dermatitis', 'pruritus', 'rosacea', 'epidermal thickening', 'recurrent and persistent haematuria', 'nephrotic syndrome', 'malignant neoplasm of adrenal gland', 'hyperaldosteronism', 'testicular dysfunction', 'demyelinating diseases of central nervous system', 'disorders of central nervous system', 'perforation of tympanic membrane', 'cerebrovascular disorders in diseases classified elsewhere', 'chronic diseases of tonsils and adenoids', 'cysts of oral region', 'acne', 'arthropathies in diseases classified elsewhere', 'chronic nephritic syndrome', 'inflammatory disorders of male genital organs']","[0, 2, 721, 384, 5, 10, 2, 0, 126, 233, 23, 74, 68, 181, 0, 4, 13, 7, 5, 1518, 93, 5, 3, 0, 31, 375, 0, 4, 1, 0, 0, 0, 2]",117.87878787878788
128,398,Mequitazine,"['I31', 'G60', 'H57', 'I50', 'D52', 'F09', 'I13', 'I25', 'I99', 'J01', 'J41', 'M46']","['diseases of pericardium', 'hereditary and idiopathic neuropathy', 'disorders of eye and adnexa', 'heart failure', 'folate deficiency anaemia', 'organic or symptomatic mental disorder', 'hypertensive heart and renal disease', 'chronic ischaemic heart disease', 'disorders of circulatory system', 'acute sinusitis', 'simple and mucopurulent chronic bronchitis', 'inflammatory spondylopathies']","[0, 0, 0, 0, 0, 3, 0, 0, 0, 0, 0, 0]",0.25
129,203,Ethopropazine,"['F32', 'F48', 'B37', 'F51', 'K02', 'K04', 'K08']","['depressive episode', 'neurotic disorders', 'candidiasis', 'sleep disorders', 'dental caries', 'diseases of pulp and periapical tissues', 'disorders of teeth and supporting structures']","[0, 0, 0, 0, 0, 0, 27]",3.857142857142857
130,390,Frovatriptan,"['G91', 'I60', 'D73', 'F52', 'G30', 'L28', 'E11', 'E55', 'F00', 'F05', 'H49', 'A48', 'C76', 'D34', 'H60', 'L08', 'M00', 'N04']","['hydrocephalus', 'subarachnoid haemorrhage', 'diseases of spleen', 'sexual dysfunction', ""alzheimer's disease"", 'lichen simplex chronicus and prurigo', 'non-insulin-dependent diabetes mellitus', 'vitamin d deficiency', ""dementia in alzheimer's disease"", 'delirium', 'paralytic strabismus', 'bacterial diseases', 'malignant neoplasm of ill-defined sites', 'benign neoplasm of thyroid gland', 'otitis externa', 'local infections of skin and subcutaneous tissue', 'pyogenic arthritis', 'nephrotic syndrome']","[0, 0, 0, 0, 1, 0, 0, 0, 0, 0, 0, 0, 0, 0, 0, 0, 0]",0.058823529411764705
131,118,Ubidecarenone,"['F70', 'D53', 'F10', 'F34', 'F05', 'G31', 'H10', 'K72', 'L21']","['mild mental retardation', 'nutritional anaemias', 'mental and behavioural disorders due to use of alcohol', 'persistent mood [affective] disorders', 'delirium', 'degenerative diseases of nervous system', 'conjunctivitis', 'hepatic failure', 'seborrhoeic dermatitis']","[7, 5, 38, 1, 1, 13, 0, 59, 0]",13.777777777777779
132,91,Glucose,"['I26', 'I80']","['pulmonary embolism', 'phlebitis and thrombophlebitis']","[224, 191]",207.5
133,279,Clobetasol propionate,"['C18', 'C19', 'C20', 'C48', 'K36']","['malignant neoplasm of colon', 'malignant neoplasm of rectosigmoid junction', 'malignant neoplasm of rectum', 'malignant neoplasm of retroperitoneum and peritoneum', 'appendicitis']","[0, 0, 0, 0, 0]",0.0
134,411,Fluvastatin,"['G31', 'F10', 'F43']","['degenerative diseases of nervous system', 'mental and behavioural disorders due to use of alcohol', 'reaction to severe stress, and adjustment disorders']","[0, 0, 3]",1.0
135,405,Furazolidone,"['K83', 'B18', 'C22', 'C24', 'C25', 'K80', 'K81', 'K82', 'K85', 'K86']","['diseases of biliary tract', 'chronic viral hepatitis', 'malignant neoplasm of liver and intrahepatic bile ducts', 'malignant neoplasm of parts of biliary tract', 'malignant neoplasm of pancreas', 'cholelithiasis', 'cholecystitis', 'diseases of gallbladder', 'acute pancreatitis', 'diseases of pancreas']","[5, 1, 4, 0, 0, 1, 5, 2, 1, 1]",2.0
136,151,Hydralazine,"['K20', 'K21', 'K25', 'K26', 'D62']","['oesophagitis', 'gastro-oesophageal reflux disease', 'gastric ulcer', 'duodenal ulcer', 'acute posthaemorrhagic anaemia']","[10, 4, 2, 0, 0]",3.2
137,157_240,Busulfan,"['K80', 'K81', 'K82', 'K83']","['cholelithiasis', 'cholecystitis', 'diseases of gallbladder', 'diseases of biliary tract']","[0, 1, 2, 1]",1.0
138,431,Zalcitabine,"['I65', 'N39']","['occlusion and stenosis of precerebral arteries', 'disorders of urinary system']","[3, 2]",2.5
139,431,Benazepril,"['I65', 'N39']","['occlusion and stenosis of precerebral arteries', 'disorders of urinary system']","[5, 11]",8.0
140,381,Heparin,"['J04', 'F17', 'D51', 'H49', 'J82', 'K04', 'K12']","['acute laryngitis and tracheitis', 'mental and behavioural disorders due to use of tobacco', 'vitamin b12 deficiency anaemia', 'paralytic strabismus', 'pulmonary eosinophilia', 'diseases of pulp and periapical tissues', 'stomatitis and related lesions']","[13, 3, 8, 0, 23, 9, 579]",90.71428571428571
141,417,Sunitinib,"['L84', 'N25', 'N18']","['corns and callosities', 'disorders resulting from impaired renal tubular function', 'chronic renal failure']","[0, 0, 29]",9.666666666666666
142,446,Bezafibrate,"['I73', 'I70', 'I74', 'I77']","['peripheral vascular diseases', 'atherosclerosis', 'arterial embolism and thrombosis', 'disorders of arteries and arterioles']","[4, 172, 20, 128]",81.0
143,451,Clopidogrel,"['I31', 'I20', 'I21']","['diseases of pericardium', 'angina pectoris', 'acute myocardial infarction']","[3, 560, 2995]",1186.0
144,315,Oxazepam,"['I20', 'B00', 'K04']","['angina pectoris', 'herpesviral [herpes simplex] infections', 'diseases of pulp and periapical tissues']","[6, 0]",3.0
145,387,Bisoprolol,"['H02', 'H26']","['disorders of eyelid', 'cataract']","[0, 1]",0.5
146,182,Cocaine,"['C82', 'C83', 'C85']","[""follicular [nodular] non-hodgkin's lymphoma"", ""diffuse non-hodgkin's lymphoma"", ""specified types of non-hodgkin's lymphoma""]","[0, 1, 0]",0.3333333333333333
147,379,Silodosin,"['F13', 'F33', 'F41', 'F43', 'F45', 'F32']","['mental and behavioural disorders due to use of sedatives or hypnotics', 'recurrent depressive disorder', 'anxiety disorders', 'reaction to severe stress, and adjustment disorders', 'somatoform disorders', 'depressive episode']","[1, 0, 1, 0, 0, 1]",0.5
148,79,Fosphenytoin,"['B16', 'B18', 'F11', 'F12', 'F13', 'F14', 'F19', 'K73']","['acute hepatitis b', 'chronic viral hepatitis', 'mental and behavioural disorders due to use of opioids', 'mental and behavioural disorders due to use of cannabinoids', 'mental and behavioural disorders due to use of sedatives or hypnotics', 'mental and behavioural disorders due to use of cocaine', 'mental and behavioural disorders due to multiple drug use and use of psychoactive substances', 'chronic hepatitis']","[0, 0, 1, 0, 69, 1, 1, 0]",9.0
149,433,Apalutamide,"['B18', 'C22', 'C24']","['chronic viral hepatitis', 'malignant neoplasm of liver and intrahepatic bile ducts', 'malignant neoplasm of parts of biliary tract']","[0, 9, 0]",3.0
150,402,Itraconazole,"['C34', 'C38', 'C71', 'D43', 'J82']","['malignant neoplasm of bronchus and lung', 'malignant neoplasm of heart, mediastinum and pleura', 'malignant neoplasm of brain', 'neoplasm of uncertain or unknown behaviour of brain and central nervous system', 'pulmonary eosinophilia']","[1258, 7, 29, 305, 36]",327.0
151,147,Meloxicam,"['J18', 'J96', 'J15']","['pneumonia, organism', 'respiratory failure', 'bacterial pneumonia']","[2, 4, 1]",2.3333333333333335
152,133,Droperidol,"['G40', 'G41', 'G81', 'J69', 'F70']","['epilepsy', 'status epilepticus', 'hemiplegia', 'pneumonitis due to solids and liquids', 'mild mental retardation']","[16, 3, 3, 45, 0]",13.4
153,244,Olmesartan,"['L71', 'K70', 'D53', 'F05', 'G31']","['rosacea', 'alcoholic liver disease', 'nutritional anaemias', 'delirium', 'degenerative diseases of nervous system']","[0, 0, 0, 1]",0.25
154,453,Norgestrel,"['I61', 'I62']","['intracerebral haemorrhage', 'nontraumatic intracranial haemorrhage']","[5, 0]",2.5
155,200,Menthol,"['F09', 'F63', 'F03', 'F10', 'G31', 'L21', 'D52', 'E51', 'E53', 'I62', 'J39', 'K02', 'K12', 'M46']","['organic or symptomatic mental disorder', 'habit and impulse disorders', 'dementia', 'mental and behavioural disorders due to use of alcohol', 'degenerative diseases of nervous system', 'seborrhoeic dermatitis', 'folate deficiency anaemia', 'thiamine deficiency', 'deficiency of b group vitamins', 'nontraumatic intracranial haemorrhage', 'diseases of upper respiratory tract', 'dental caries', 'stomatitis and related lesions', 'inflammatory spondylopathies']","[300, 39, 10, 137, 0, 3, 1, 0, 0, 0, 8, 9, 14, 1]",37.285714285714285
156,410,Olsalazine,"['I85', 'K70', 'K72', 'K74']","['oesophageal varices', 'alcoholic liver disease', 'hepatic failure', 'fibrosis and cirrhosis of liver']","[0, 0, 1, 2]",0.75
157,411,Dexchlorpheniramine maleate,"['G31', 'F10', 'F43']","['degenerative diseases of nervous system', 'mental and behavioural disorders due to use of alcohol', 'reaction to severe stress, and adjustment disorders']","[0, 0, 0]",0.0
158,348,Pilocarpine,"['N32', 'N40', 'N41', 'N21', 'N42']","['disorders of bladder', 'hyperplasia of prostate', 'inflammatory diseases of prostate', 'calculus of lower urinary tract', 'disorders of prostate']","[10, 1, 5, 0, 4]",4.0
159,408,Sertindole,"['K83', 'K85', 'K86', 'B18', 'C22', 'C24', 'C25', 'K80', 'K81', 'K82']","['diseases of biliary tract', 'acute pancreatitis', 'diseases of pancreas', 'chronic viral hepatitis', 'malignant neoplasm of liver and intrahepatic bile ducts', 'malignant neoplasm of parts of biliary tract', 'malignant neoplasm of pancreas', 'cholelithiasis', 'cholecystitis', 'diseases of gallbladder']","[0, 0, 0, 0, 0, 0, 0, 0, 0]",0.0
160,457,Cupric sulfate,"['M16', 'M41', 'M42', 'M43', 'M87']","['coxarthrosis [arthrosis of hip]', 'scoliosis', 'spinal osteochondrosis', 'deforming dorsopathies', 'osteonecrosis']","[3, 0, 0, 0, 0]",0.6
161,67,Chlorpromazine,"['B20', 'B24']","['human immunodeficiency virus [hiv] disease resulting in infectious and parasitic diseases', 'human immunodeficiency virus [hiv] disease']","[61, 26]",43.5
162,232,Minaprine,"['K20', 'K22', 'K21', 'K25', 'K26', 'K44']","['oesophagitis', 'diseases of oesophagus', 'gastro-oesophageal reflux disease', 'gastric ulcer', 'duodenal ulcer', 'diaphragmatic hernia']","[0, 0, 0, 0, 0, 0]",0.0
163,131,Busulfan,"['F11', 'F13', 'F33', 'F43', 'F60']","['mental and behavioural disorders due to use of opioids', 'mental and behavioural disorders due to use of sedatives or hypnotics', 'recurrent depressive disorder', 'reaction to severe stress, and adjustment disorders', 'specific personality disorders']","[0, 15, 0, 6, 0]",4.2
164,414,Nitric Oxide,"['K83', 'K85', 'K86', 'B18', 'C22', 'C24', 'C25']","['diseases of biliary tract', 'acute pancreatitis', 'diseases of pancreas', 'chronic viral hepatitis', 'malignant neoplasm of liver and intrahepatic bile ducts', 'malignant neoplasm of parts of biliary tract', 'malignant neoplasm of pancreas']","[400, 1033, 110, 730, 0, 289]",427.0
165,413,Apraclonidine,"['K83', 'B18', 'C22', 'C24']","['diseases of biliary tract', 'chronic viral hepatitis', 'malignant neoplasm of liver and intrahepatic bile ducts', 'malignant neoplasm of parts of biliary tract']","[0, 0, 0, 0]",0.0
166,334,Flurandrenolide,"['L28', 'K76', 'D73', 'E51', 'M89']","['lichen simplex chronicus and prurigo', 'diseases of liver', 'diseases of spleen', 'thiamine deficiency', 'disorders of bone']","[10, 0, 0, 0, 1]",2.2
167,448,Atenolol,"['F32', 'F33', 'F41', 'F43', 'F45']","['depressive episode', 'recurrent depressive disorder', 'anxiety disorders', 'reaction to severe stress, and adjustment disorders', 'somatoform disorders']","[21, 0, 44, 4, 3]",14.4
168,323,Hydrogen peroxide,"['K60', 'I84', 'D21']","['fissure and fistula of anal and rectal regions', 'haemorrhoids', 'benign neoplasms of connective and soft tissue']","[80, 61, 365]",168.66666666666666
169,64,Zaleplon,"['K76', 'K65']","['diseases of liver', 'peritonitis']","[4, 0]",2.0
170,410,Interferon beta-1b,"['I85', 'K70', 'K72', 'K74']","['oesophageal varices', 'alcoholic liver disease', 'hepatic failure', 'fibrosis and cirrhosis of liver']","[0, 1, 6, 35]",10.5
171,140,Amcinonide,"['I20', 'I21', 'I25']","['angina pectoris', 'acute myocardial infarction', 'chronic ischaemic heart disease']","[0, 0, 0]",0.0
172,257,Haloperidol,"['N03', 'A49', 'A69', 'E78', 'G46', 'H49', 'H81', 'I05', 'I66', 'I99', 'M15', 'F44', 'J03']","['chronic nephritic syndrome', 'bacterial infection of site', 'spirochaetal infections', 'disorders of lipoprotein metabolism and lipidaemias', 'vascular syndromes of brain in cerebrovascular diseases', 'paralytic strabismus', 'disorders of vestibular function', 'rheumatic mitral valve diseases', 'occlusion and stenosis of cerebral arteries', 'disorders of circulatory system', 'polyarthrosis', 'dissociative [conversion] disorders', 'acute tonsillitis']","[0, 0, 0, 14, 1, 0, 1, 1, 46, 71, 0, 8, 1]",11.0
173,11,Benzphetamine,"['C71', 'C79', 'H53']","['malignant neoplasm of brain', 'secondary malignant neoplasm of specified sites', 'visual disturbances']","[0, 0, 0]",0.0
174,55,Zonisamide,"['F11', 'F13', 'F19']","['mental and behavioural disorders due to use of opioids', 'mental and behavioural disorders due to use of sedatives or hypnotics', 'mental and behavioural disorders due to multiple drug use and use of psychoactive substances']","[3, 57, 19]",26.333333333333332
175,203,Tositumomab,"['F32', 'F48', 'B37', 'F51', 'K02', 'K04', 'K08']","['depressive episode', 'neurotic disorders', 'candidiasis', 'sleep disorders', 'dental caries', 'diseases of pulp and periapical tissues', 'disorders of teeth and supporting structures']","[0, 0, 0, 0, 0, 0, 5]",0.7142857142857143
176,205,Vismodegib,"['D52', 'J41', 'L71', 'F17', 'J42', 'J13', 'J39', 'K04', 'K08', 'K12', 'L08', 'N62']","['folate deficiency anaemia', 'simple and mucopurulent chronic bronchitis', 'rosacea', 'mental and behavioural disorders due to use of tobacco', 'chronic bronchitis', 'pneumonia due to streptococcus pneumoniae', 'diseases of upper respiratory tract', 'diseases of pulp and periapical tissues', 'disorders of teeth and supporting structures', 'stomatitis and related lesions', 'local infections of skin and subcutaneous tissue', 'hypertrophy of breast']","[0, 0, 0, 0, 0, 0, 1, 0, 38, 20, 7, 0]",5.5
177,79,Diclofenac,"['B16', 'B18', 'F11', 'F12', 'F13', 'F14', 'F19', 'K73']","['acute hepatitis b', 'chronic viral hepatitis', 'mental and behavioural disorders due to use of opioids', 'mental and behavioural disorders due to use of cannabinoids', 'mental and behavioural disorders due to use of sedatives or hypnotics', 'mental and behavioural disorders due to use of cocaine', 'mental and behavioural disorders due to multiple drug use and use of psychoactive substances', 'chronic hepatitis']","[2, 2, 5, 7, 172, 2, 9, 23]",27.75
178,459,Grepafloxacin,"['M41', 'M42', 'M43', 'M47', 'M48', 'M51']","['scoliosis', 'spinal osteochondrosis', 'deforming dorsopathies', 'spondylosis', 'spondylopathies', 'intervertebral disk disorders']","[0, 0, 0, 0, 0]",0.0
179,379,Tolmetin,"['F13', 'F33', 'F41', 'F43', 'F45', 'F32']","['mental and behavioural disorders due to use of sedatives or hypnotics', 'recurrent depressive disorder', 'anxiety disorders', 'reaction to severe stress, and adjustment disorders', 'somatoform disorders', 'depressive episode']","[26, 0, 1, 0, 0, 4]",5.166666666666667
180,72,Pyridostigmine,"['N18', 'D64', 'N19']","['chronic renal failure', 'anaemias', 'renal failure']","[6, 16, 14]",12.0
181,157_240,Dipyrithione,"['K80', 'K81', 'K82', 'K83']","['cholelithiasis', 'cholecystitis', 'diseases of gallbladder', 'diseases of biliary tract']","[0, 0, 0, 0]",0.0
182,190,Pentoxifylline,"['M54', 'G54', 'L50', 'M71', 'M76']","['dorsalgia', 'nerve root and plexus disorders', 'urticaria', 'bursopathies', 'enthesopathies of lower limb, excluding foot']","[7, 4, 5, 0, 0]",3.2
183,411,Dacarbazine,"['G31', 'F10', 'F43']","['degenerative diseases of nervous system', 'mental and behavioural disorders due to use of alcohol', 'reaction to severe stress, and adjustment disorders']","[0, 1]",0.5
184,384,Pentoxifylline,"['F01', 'G40', 'G41', 'I62']","['vascular dementia', 'epilepsy', 'status epilepticus', 'nontraumatic intracranial haemorrhage']","[21, 12, 3, 0]",9.0
185,253,Alfentanil,"['E79', 'M16', 'M87']","['disorders of purine and pyrimidine metabolism', 'coxarthrosis [arthrosis of hip]', 'osteonecrosis']","[28, 0, 0]",9.333333333333334
186,348,Fludeoxyglucose F-18,"['N32', 'N40', 'N41', 'N21', 'N42']","['disorders of bladder', 'hyperplasia of prostate', 'inflammatory diseases of prostate', 'calculus of lower urinary tract', 'disorders of prostate']","[138, 22, 1, 231]",98.0
187,431,Cabergoline,"['I65', 'N39']","['occlusion and stenosis of precerebral arteries', 'disorders of urinary system']","[8, 2]",5.0
188,119,Aprindine,"['F70', 'D75', 'D52', 'F10', 'F22', 'G31', 'L21', 'C10', 'C13', 'E53', 'H10', 'I86', 'N62']","['mild mental retardation', 'diseases of blood and blood-forming organs', 'folate deficiency anaemia', 'mental and behavioural disorders due to use of alcohol', 'persistent delusional disorders', 'degenerative diseases of nervous system', 'seborrhoeic dermatitis', 'malignant neoplasm of oropharynx', 'malignant neoplasm of hypopharynx', 'deficiency of b group vitamins', 'conjunctivitis', 'varicose veins of specified sites', 'hypertrophy of breast']","[0, 17, 0, 0, 0, 0, 0, 0, 0, 0, 0, 0, 0]",1.3076923076923077
189,64,Ramelteon,"['K76', 'K65']","['diseases of liver', 'peritonitis']","[4, 2]",3.0
190,379,Drotaverine,"['F13', 'F33', 'F41', 'F43', 'F45', 'F32']","['mental and behavioural disorders due to use of sedatives or hypnotics', 'recurrent depressive disorder', 'anxiety disorders', 'reaction to severe stress, and adjustment disorders', 'somatoform disorders', 'depressive episode']","[4, 0, 0, 0, 0]",0.8
191,217,Nalbuphine,"['I20', 'I21', 'I25', 'B00']","['angina pectoris', 'acute myocardial infarction', 'chronic ischaemic heart disease', 'herpesviral [herpes simplex] infections']","[2, 9, 0]",3.6666666666666665
192,85,Ergocalciferol,"['F41', 'F45']","['anxiety disorders', 'somatoform disorders']","[8, 1]",4.5
193,411,Vayarin,"['G31', 'F10', 'F43']","['degenerative diseases of nervous system', 'mental and behavioural disorders due to use of alcohol', 'reaction to severe stress, and adjustment disorders']","[0, 0]",0.0
194,76,Ouabain,"['F10', 'K70']","['mental and behavioural disorders due to use of alcohol', 'alcoholic liver disease']","[25, 4]",14.5
195,222_294,Alvimopan,"['G93', 'I46']","['disorders of brain', 'cardiac arrest']","[2, 0]",1.0
196,179,Diacerein,"['C61', 'N32', 'N40', 'D40']","['malignant neoplasm of prostate', 'disorders of bladder', 'hyperplasia of prostate', 'neoplasm of uncertain or unknown behaviour of male genital organs']","[0, 0, 2, 0]",0.5
197,427,Abemaciclib,"['N30', 'N43', 'D29', 'N10', 'N39', 'H10', 'N02', 'N40', 'N41', 'N42']","['cystitis', 'hydrocele and spermatocele', 'benign neoplasm of male genital organs', 'acute tubulo-interstitial nephritis', 'disorders of urinary system', 'conjunctivitis', 'recurrent and persistent haematuria', 'hyperplasia of prostate', 'inflammatory diseases of prostate', 'disorders of prostate']","[0, 0, 0, 0, 3, 0, 0, 0, 3]",0.6666666666666666
198,253,Nimesulide,"['E79', 'M16', 'M87']","['disorders of purine and pyrimidine metabolism', 'coxarthrosis [arthrosis of hip]', 'osteonecrosis']","[12, 12, 1]",8.333333333333334
199,448,Difluprednate,"['F32', 'F33', 'F41', 'F43', 'F45']","['depressive episode', 'recurrent depressive disorder', 'anxiety disorders', 'reaction to severe stress, and adjustment disorders', 'somatoform disorders']","[0, 0, 0, 0, 0]",0.0
200,238,Cetuximab,"['K25', 'K26', 'K70', 'D52', 'D62', 'F05']","['gastric ulcer', 'duodenal ulcer', 'alcoholic liver disease', 'folate deficiency anaemia', 'acute posthaemorrhagic anaemia', 'delirium']","[2, 4, 4, 1, 0, 0]",1.8333333333333333
201,67,Etonogestrel,"['B20', 'B24']","['human immunodeficiency virus [hiv] disease resulting in infectious and parasitic diseases', 'human immunodeficiency virus [hiv] disease']",[39],39.0
202,408,Tolfenamic Acid,"['K83', 'K85', 'K86', 'B18', 'C22', 'C24', 'C25', 'K80', 'K81', 'K82']","['diseases of biliary tract', 'acute pancreatitis', 'diseases of pancreas', 'chronic viral hepatitis', 'malignant neoplasm of liver and intrahepatic bile ducts', 'malignant neoplasm of parts of biliary tract', 'malignant neoplasm of pancreas', 'cholelithiasis', 'cholecystitis', 'diseases of gallbladder']","[0, 0, 10, 0, 3, 0, 16, 0, 0, 0]",2.9
203,47,Buserelin,"['N12', 'N39']","['tubulo-interstitial nephritis', 'disorders of urinary system']","[0, 0]",0.0
204,123,Glutathione,"['E13', 'H40', 'E11', 'G63', 'H25', 'H26', 'M86', 'N48', 'I79', 'L03']","['specified diabetes mellitus', 'glaucoma', 'non-insulin-dependent diabetes mellitus', 'polyneuropathy in diseases classified elsewhere', 'senile cataract', 'cataract', 'osteomyelitis', 'disorders of penis', 'disorders of arteries, arterioles and capillaries in diseases classified elsewhere', 'cellulitis']","[3, 223, 1554, 0, 113, 1186, 19, 19, 13, 2]",313.2
205,395,DL-Methylephedrine,"['I26', 'I80', 'I82']","['pulmonary embolism', 'phlebitis and thrombophlebitis', 'venous embolism and thrombosis']","[0, 0, 0]",0.0
206,421,Alemtuzumab,"['M66', 'M24', 'M65', 'M67', 'M71', 'M93', 'M94']","['spontaneous rupture of synovium and tendon', 'specific joint derangements', 'infective (teno)synovitis', 'disorders of synovium and tendon', 'bursopathies', 'osteochondropathies', 'disorders of cartilage']","[1, 0, 2, 0, 0, 0]",0.5
207,382,Indomethacin,"['F32', 'G20', 'G35', 'F48', 'K02', 'N48']","['depressive episode', ""parkinson's disease"", 'multiple sclerosis', 'neurotic disorders', 'dental caries', 'disorders of penis']","[8, 41, 40, 1, 5, 7]",17.0
208,129,Naphazoline,"['F17', 'G45', 'J15', 'J20', 'J93', 'L05']","['mental and behavioural disorders due to use of tobacco', 'transient cerebral ischaemic attacks and related syndromes', 'bacterial pneumonia', 'acute bronchitis', 'pneumothorax', 'pilonidal cyst']","[0, 1, 0, 0, 0, 0]",0.16666666666666666
209,110,Rizatriptan,"['N18', 'D64']","['chronic renal failure', 'anaemias']",[0],0.0
210,303,Methadyl Acetate,"['G40', 'G41', 'F01', 'F71']","['epilepsy', 'status epilepticus', 'vascular dementia', 'moderate mental retardation']","[0, 0, 0, 0]",0.0
211,397,Eplerenone,"['I48', 'A48', 'C76', 'H18', 'H61', 'I33', 'J30', 'K04']","['atrial fibrillation and flutter', 'bacterial diseases', 'malignant neoplasm of ill-defined sites', 'disorders of cornea', 'disorders of external ear', 'acute and subacute endocarditis', 'vasomotor and allergic rhinitis', 'diseases of pulp and periapical tissues']","[59, 7, 2, 0, 0, 3, 0]",10.142857142857142
212,21,Trimipramine,"['F41', 'K02', 'K05', 'K10', 'L03']","['anxiety disorders', 'dental caries', 'gingivitis and periodontal diseases', 'diseases of jaws', 'cellulitis']","[25, 0, 0, 0, 0]",5.0
213,442,Oxymetholone,"['D50', 'D62', 'K25', 'K26']","['iron deficiency anaemia', 'acute posthaemorrhagic anaemia', 'gastric ulcer', 'duodenal ulcer']","[1, 0, 1, 0]",0.5
214,458,Paclitaxel,"['M19', 'M25', 'M75']","['arthrosis', 'joint disorders', 'shoulder lesions']","[132, 141, 6]",93.0
215,366,Norethisterone,"['C91', 'C82', 'C83', 'C85', 'D72', 'D80']","['lymphoid leukaemia', ""follicular [nodular] non-hodgkin's lymphoma"", ""diffuse non-hodgkin's lymphoma"", ""specified types of non-hodgkin's lymphoma"", 'disorders of white blood cells', 'immunodeficiency with antibody defects']","[0, 0, 0, 0, 16, 0]",2.6666666666666665
216,160_422,Carbachol,"['M16', 'M87']","['coxarthrosis [arthrosis of hip]', 'osteonecrosis']","[0, 0]",0.0
217,297,Menthol,"['G35', 'N48']","['multiple sclerosis', 'disorders of penis']","[4, 1]",2.5
218,361,Risedronate,"['C25', 'C24']","['malignant neoplasm of pancreas', 'malignant neoplasm of parts of biliary tract']","[1, 0]",0.5
219,76,Fluocinolone Acetonide,"['F10', 'K70']","['mental and behavioural disorders due to use of alcohol', 'alcoholic liver disease']","[0, 0]",0.0
220,303,Tranylcypromine,"['G40', 'G41', 'F01', 'F71']","['epilepsy', 'status epilepticus', 'vascular dementia', 'moderate mental retardation']","[13, 2, 1, 0]",4.0
221,408,Diethylpropion,"['K83', 'K85', 'K86', 'B18', 'C22', 'C24', 'C25', 'K80', 'K81', 'K82']","['diseases of biliary tract', 'acute pancreatitis', 'diseases of pancreas', 'chronic viral hepatitis', 'malignant neoplasm of liver and intrahepatic bile ducts', 'malignant neoplasm of parts of biliary tract', 'malignant neoplasm of pancreas', 'cholelithiasis', 'cholecystitis', 'diseases of gallbladder']","[0, 0, 0, 0, 0, 0, 0, 0, 1, 0]",0.1
222,378,Ubidecarenone,"['F10', 'F13', 'F31', 'F60', 'G31', 'D53', 'E51', 'K08']","['mental and behavioural disorders due to use of alcohol', 'mental and behavioural disorders due to use of sedatives or hypnotics', 'bipolar affective disorder', 'specific personality disorders', 'degenerative diseases of nervous system', 'nutritional anaemias', 'thiamine deficiency', 'disorders of teeth and supporting structures']","[38, 52, 35, 0, 13, 5, 19, 1409]",196.375
223,77,Levothyroxine,"['F11', 'F13', 'F19', 'B18', 'B24', 'F14', 'F15']","['mental and behavioural disorders due to use of opioids', 'mental and behavioural disorders due to use of sedatives or hypnotics', 'mental and behavioural disorders due to multiple drug use and use of psychoactive substances', 'chronic viral hepatitis', 'human immunodeficiency virus [hiv] disease', 'mental and behavioural disorders due to use of cocaine', 'mental and behavioural disorders due to use of stimulants, including caffeine']","[21, 343, 42, 34, 88, 4, 0]",76.0
224,442,Codeine,"['D50', 'D62', 'K25', 'K26']","['iron deficiency anaemia', 'acute posthaemorrhagic anaemia', 'gastric ulcer', 'duodenal ulcer']","[2, 0, 4]",2.0
225,79,Hydroquinone,"['B16', 'B18', 'F11', 'F12', 'F13', 'F14', 'F19', 'K73']","['acute hepatitis b', 'chronic viral hepatitis', 'mental and behavioural disorders due to use of opioids', 'mental and behavioural disorders due to use of cannabinoids', 'mental and behavioural disorders due to use of sedatives or hypnotics', 'mental and behavioural disorders due to use of cocaine', 'mental and behavioural disorders due to multiple drug use and use of psychoactive substances', 'chronic hepatitis']","[0, 2, 0, 0, 56, 1, 4, 3]",8.25
226,157_240,Mecamylamine,"['K80', 'K81', 'K82', 'K83']","['cholelithiasis', 'cholecystitis', 'diseases of gallbladder', 'diseases of biliary tract']","[0, 0, 0, 0]",0.0
227,131,Homatropine,"['F11', 'F13', 'F33', 'F43', 'F60']","['mental and behavioural disorders due to use of opioids', 'mental and behavioural disorders due to use of sedatives or hypnotics', 'recurrent depressive disorder', 'reaction to severe stress, and adjustment disorders', 'specific personality disorders']","[1, 7, 0, 0, 0]",1.6
228,13,Hydrocortisone,"['D80', 'E61', 'G00', 'H02', 'H04', 'J01', 'K00', 'K76', 'M43', 'J35', 'J36']","['immunodeficiency with antibody defects', 'deficiency of nutrient elements', 'bacterial meningitis', 'disorders of eyelid', 'disorders of lachrymal system', 'acute sinusitis', 'disorders of tooth development and eruption', 'diseases of liver', 'deforming dorsopathies', 'chronic diseases of tonsils and adenoids', 'peritonsillar abscess']","[6, 143, 17, 0, 16, 229, 1165, 0, 14, 0]",159.0
229,122_194,Irinotecan,"['E10', 'E16', 'H36']","['insulin-dependent diabetes mellitus', 'disorders of pancreatic internal secretion', 'retinal disorders in diseases classified elsewhere']","[2, 23, 0]",8.333333333333334
230,374,Dapsone,"['L95', 'C45', 'D89', 'E01', 'E72', 'G90', 'I10', 'I22', 'I33', 'I60', 'I78', 'J04', 'J13', 'K27', 'L08', 'L20', 'L21', 'L23', 'L29', 'L50', 'L71', 'L85', 'M05', 'M31', 'M45', 'M85', 'M96', 'N62']","['vasculitis limited to skin', 'mesothelioma', 'disorders involving the immune mechanism', 'iodine-deficiency-related thyroid disorders and allied conditions', 'disorders of amino-acid metabolism', 'disorders of autonomic nervous system', 'essential (primary) hypertension', 'subsequent myocardial infarction', 'acute and subacute endocarditis', 'subarachnoid haemorrhage', 'diseases of capillaries', 'acute laryngitis and tracheitis', 'pneumonia due to streptococcus pneumoniae', 'acute with perforation', 'local infections of skin and subcutaneous tissue', 'atopic dermatitis', 'seborrhoeic dermatitis', 'allergic contact dermatitis', 'pruritus', 'urticaria', 'rosacea', 'epidermal thickening', 'seropositive rheumatoid arthritis', 'necrotising vasculopathies', 'ankylosing spondylitis', 'disorders of bone density and structure', 'postprocedural musculoskeletal disorders', 'hypertrophy of breast']","[29, 1, 9, 10, 17, 1, 0, 1, 0, 2, 11, 6, 4, 3, 84, 20, 3, 10, 87, 144, 28, 2, 8, 51, 4, 234, 0, 0]",27.464285714285715
231,443,Mimosine,"['D75', 'D64', 'D68', 'E21', 'E83']","['diseases of blood and blood-forming organs', 'anaemias', 'coagulation defects', 'hyperparathyroidism and disorders of parathyroid gland', 'disorders of mineral metabolism']","[11, 1, 0, 0, 1]",2.6
232,381,Moroctocog alfa,"['J04', 'F17', 'D51', 'H49', 'J82', 'K04', 'K12']","['acute laryngitis and tracheitis', 'mental and behavioural disorders due to use of tobacco', 'vitamin b12 deficiency anaemia', 'paralytic strabismus', 'pulmonary eosinophilia', 'diseases of pulp and periapical tissues', 'stomatitis and related lesions']","[0, 0, 0, 0, 0, 0, 0]",0.0
233,212,Ergoloid mesylate,"['F17', 'J01', 'J37', 'J38', 'J42', 'J43', 'J93', 'J02']","['mental and behavioural disorders due to use of tobacco', 'acute sinusitis', 'chronic laryngitis and laryngotracheitis', 'diseases of vocal cords and larynx', 'chronic bronchitis', 'emphysema', 'pneumothorax', 'acute pharyngitis']","[0, 1, 0, 2, 0, 0, 1, 0]",0.5
234,82_87,Perampanel,"['F20', 'F25']","['schizophrenia', 'schizoaffective disorders']","[6, 8]",7.0
235,158,Butorphanol,"['K92', 'D62']","['diseases of digestive system', 'acute posthaemorrhagic anaemia']","[8, 0]",4.0
236,433,Norfloxacin,"['B18', 'C22', 'C24']","['chronic viral hepatitis', 'malignant neoplasm of liver and intrahepatic bile ducts', 'malignant neoplasm of parts of biliary tract']","[0, 7, 0]",2.3333333333333335
237,445,Flavoxate,"['G91', 'I60', 'H04', 'H21', 'E11', 'E53', 'E55', 'G82', 'N08']","['hydrocephalus', 'subarachnoid haemorrhage', 'disorders of lachrymal system', 'disorders of iris and ciliary body', 'non-insulin-dependent diabetes mellitus', 'deficiency of b group vitamins', 'vitamin d deficiency', 'paraplegia and tetraplegia', 'glomerular disorders in diseases classified elsewhere']","[0, 0, 0, 0, 0, 0, 0, 0, 0]",0.0
238,57,Enprofylline,"['E87', 'F10', 'F12', 'F17', 'F20', 'F60', 'F63']","['disorders of fluid, electrolyte and acid-base balance', 'mental and behavioural disorders due to use of alcohol', 'mental and behavioural disorders due to use of cannabinoids', 'mental and behavioural disorders due to use of tobacco', 'schizophrenia', 'specific personality disorders', 'habit and impulse disorders']","[0, 0, 0, 0, 0, 0]",0.0
239,450,St. John's Wort,"['H36', 'E10', 'E13', 'E16', 'H26', 'H33', 'H35']","['retinal disorders in diseases classified elsewhere', 'insulin-dependent diabetes mellitus', 'specified diabetes mellitus', 'disorders of pancreatic internal secretion', 'cataract', 'retinal detachments and breaks', 'retinal disorders']","[0, 2, 0, 1, 5, 11, 2]",3.0
240,438,Vasopressin,"['B37', 'C34', 'C38', 'C79', 'C80', 'D48', 'D63', 'D70', 'J82', 'M84']","['candidiasis', 'malignant neoplasm of bronchus and lung', 'malignant neoplasm of heart, mediastinum and pleura', 'secondary malignant neoplasm of specified sites', 'malignant neoplasm', 'neoplasm of uncertain or unknown behaviour of sites', 'anaemia in chronic diseases classified elsewhere', 'agranulocytosis', 'pulmonary eosinophilia', 'disorders of continuity of bone']","[2, 1134, 2, 0, 2011, 22, 0, 1, 0, 12]",318.4
241,333_412,Benidipine,"['K80', 'K81', 'K82']","['cholelithiasis', 'cholecystitis', 'diseases of gallbladder']","[0, 0, 0]",0.0
242,374,Loperamide,"['L95', 'C45', 'D89', 'E01', 'E72', 'G90', 'I10', 'I22', 'I33', 'I60', 'I78', 'J04', 'J13', 'K27', 'L08', 'L20', 'L21', 'L23', 'L29', 'L50', 'L71', 'L85', 'M05', 'M31', 'M45', 'M85', 'M96', 'N62']","['vasculitis limited to skin', 'mesothelioma', 'disorders involving the immune mechanism', 'iodine-deficiency-related thyroid disorders and allied conditions', 'disorders of amino-acid metabolism', 'disorders of autonomic nervous system', 'essential (primary) hypertension', 'subsequent myocardial infarction', 'acute and subacute endocarditis', 'subarachnoid haemorrhage', 'diseases of capillaries', 'acute laryngitis and tracheitis', 'pneumonia due to streptococcus pneumoniae', 'acute with perforation', 'local infections of skin and subcutaneous tissue', 'atopic dermatitis', 'seborrhoeic dermatitis', 'allergic contact dermatitis', 'pruritus', 'urticaria', 'rosacea', 'epidermal thickening', 'seropositive rheumatoid arthritis', 'necrotising vasculopathies', 'ankylosing spondylitis', 'disorders of bone density and structure', 'postprocedural musculoskeletal disorders', 'hypertrophy of breast']","[0, 0, 5, 2, 21, 7, 0, 0, 0, 0, 4, 1, 0, 1, 10, 1, 0, 0, 1, 0, 0, 0, 3, 0, 186, 0, 0]",8.962962962962964
243,299,Carisoprodol,"['G47', 'J30', 'F51']","['sleep disorders', 'vasomotor and allergic rhinitis', 'sleep disorders']","[5, 5]",5.0
244,410,Udenafil,"['I85', 'K70', 'K72', 'K74']","['oesophageal varices', 'alcoholic liver disease', 'hepatic failure', 'fibrosis and cirrhosis of liver']","[0, 1, 2, 17]",5.0
245,129,Pranlukast,"['F17', 'G45', 'J15', 'J20', 'J93', 'L05']","['mental and behavioural disorders due to use of tobacco', 'transient cerebral ischaemic attacks and related syndromes', 'bacterial pneumonia', 'acute bronchitis', 'pneumothorax', 'pilonidal cyst']","[0, 9, 0, 0, 0, 0]",1.5
246,210_305,Mangafodipir,"['M43', 'M48', 'M51', 'M54', 'M96', 'G54', 'H61']","['deforming dorsopathies', 'spondylopathies', 'intervertebral disk disorders', 'dorsalgia', 'postprocedural musculoskeletal disorders', 'nerve root and plexus disorders', 'disorders of external ear']","[0, 0, 0, 0, 0, 1, 0]",0.14285714285714285
247,271,Ephedrine,"['B02', 'J18', 'J86', 'B00', 'C79', 'D72', 'D73', 'M84']","['zoster [herpes zoster]', 'pneumonia, organism', 'pyothorax', 'herpesviral [herpes simplex] infections', 'secondary malignant neoplasm of specified sites', 'disorders of white blood cells', 'diseases of spleen', 'disorders of continuity of bone']","[0, 2, 0, 0, 7, 0, 2]",1.5714285714285714
248,15_73,Human C1-esterase inhibitor,"['E10', 'E14', 'E16']","['insulin-dependent diabetes mellitus', 'diabetes mellitus', 'disorders of pancreatic internal secretion']","[1, 3, 1]",1.6666666666666667
249,190,gamma-Aminobutyric acid,"['M54', 'G54', 'L50', 'M71', 'M76']","['dorsalgia', 'nerve root and plexus disorders', 'urticaria', 'bursopathies', 'enthesopathies of lower limb, excluding foot']","[217, 321, 14, 0, 0]",110.4
250,67,Thiamine,"['B20', 'B24']","['human immunodeficiency virus [hiv] disease resulting in infectious and parasitic diseases', 'human immunodeficiency virus [hiv] disease']","[103, 57]",80.0
251,129,Sildenafil,"['F17', 'G45', 'J15', 'J20', 'J93', 'L05']","['mental and behavioural disorders due to use of tobacco', 'transient cerebral ischaemic attacks and related syndromes', 'bacterial pneumonia', 'acute bronchitis', 'pneumothorax', 'pilonidal cyst']","[3, 88, 5, 0, 8, 0]",17.333333333333332
252,57,Trabectedin,"['E87', 'F10', 'F12', 'F17', 'F20', 'F60', 'F63']","['disorders of fluid, electrolyte and acid-base balance', 'mental and behavioural disorders due to use of alcohol', 'mental and behavioural disorders due to use of cannabinoids', 'mental and behavioural disorders due to use of tobacco', 'schizophrenia', 'specific personality disorders', 'habit and impulse disorders']","[0, 0, 0, 0, 0, 0, 0]",0.0
253,77,Daunorubicin,"['F11', 'F13', 'F19', 'B18', 'B24', 'F14', 'F15']","['mental and behavioural disorders due to use of opioids', 'mental and behavioural disorders due to use of sedatives or hypnotics', 'mental and behavioural disorders due to multiple drug use and use of psychoactive substances', 'chronic viral hepatitis', 'human immunodeficiency virus [hiv] disease', 'mental and behavioural disorders due to use of cocaine', 'mental and behavioural disorders due to use of stimulants, including caffeine']","[4, 81, 17, 44, 534, 4, 1]",97.85714285714286
254,443,Zucapsaicin,"['D75', 'D64', 'D68', 'E21', 'E83']","['diseases of blood and blood-forming organs', 'anaemias', 'coagulation defects', 'hyperparathyroidism and disorders of parathyroid gland', 'disorders of mineral metabolism']","[1, 0, 0, 0, 0]",0.2
255,253,Fluciclovine (18F),"['E79', 'M16', 'M87']","['disorders of purine and pyrimidine metabolism', 'coxarthrosis [arthrosis of hip]', 'osteonecrosis']","[0, 0, 0]",0.0
256,225,Proguanil,"['D12', 'I84', 'K60', 'K64']","['benign neoplasm of colon, rectum, anus and anal canal', 'haemorrhoids', 'fissure and fistula of anal and rectal regions', 'haemorrhoids and perianal venous thrombosis']","[0, 0, 0, 0]",0.0
257,140,Amoxapine,"['I20', 'I21', 'I25']","['angina pectoris', 'acute myocardial infarction', 'chronic ischaemic heart disease']","[0, 1, 0]",0.3333333333333333
258,110,Trazodone,"['N18', 'D64']","['chronic renal failure', 'anaemias']",[4],4.0
259,410,Aripiprazole,"['I85', 'K70', 'K72', 'K74']","['oesophageal varices', 'alcoholic liver disease', 'hepatic failure', 'fibrosis and cirrhosis of liver']","[1, 5, 6, 6]",4.5
260,378,Sevoflurane,"['F10', 'F13', 'F31', 'F60', 'G31', 'D53', 'E51', 'K08']","['mental and behavioural disorders due to use of alcohol', 'mental and behavioural disorders due to use of sedatives or hypnotics', 'bipolar affective disorder', 'specific personality disorders', 'degenerative diseases of nervous system', 'nutritional anaemias', 'thiamine deficiency', 'disorders of teeth and supporting structures']","[20, 2495, 5, 0, 2, 2, 0, 143]",333.375
261,203,Menthyl salicylate,"['F32', 'F48', 'B37', 'F51', 'K02', 'K04', 'K08']","['depressive episode', 'neurotic disorders', 'candidiasis', 'sleep disorders', 'dental caries', 'diseases of pulp and periapical tissues', 'disorders of teeth and supporting structures']","[0, 0, 0, 0, 0, 1]",0.16666666666666666
262,270,Sulfasalazine,"['A49', 'K29', 'K50', 'K51', 'K75', 'D73', 'E61', 'L50', 'N62']","['bacterial infection of site', 'gastritis and duodenitis', ""crohn's disease [regional enteritis]"", 'ulcerative colitis', 'inflammatory liver diseases', 'diseases of spleen', 'deficiency of nutrient elements', 'urticaria', 'hypertrophy of breast']","[6, 65, 1074, 1929, 83, 19, 3, 37, 0]",357.3333333333333
263,334,Sildenafil,"['L28', 'K76', 'D73', 'E51', 'M89']","['lichen simplex chronicus and prurigo', 'diseases of liver', 'diseases of spleen', 'thiamine deficiency', 'disorders of bone']","[0, 125, 5, 1, 45]",35.2
264,299,Ritonavir,"['G47', 'J30', 'F51']","['sleep disorders', 'vasomotor and allergic rhinitis', 'sleep disorders']","[9, 18, 9]",12.0
265,55,Vilazodone,"['F11', 'F13', 'F19']","['mental and behavioural disorders due to use of opioids', 'mental and behavioural disorders due to use of sedatives or hypnotics', 'mental and behavioural disorders due to multiple drug use and use of psychoactive substances']","[2, 5, 10]",5.666666666666667
266,98,Eletriptan,"['K51', 'K25', 'K26', 'K29', 'K58', 'K59']","['ulcerative colitis', 'gastric ulcer', 'duodenal ulcer', 'gastritis and duodenitis', 'irritable bowel syndrome', 'functional intestinal disorders']","[0, 0, 0, 0, 0]",0.0
267,10,Insulin Detemir,"['J20', 'J30', 'J42', 'L30', 'D80']","['acute bronchitis', 'vasomotor and allergic rhinitis', 'chronic bronchitis', 'dermatitis', 'immunodeficiency with antibody defects']","[0, 0, 0, 6, 0]",1.2
268,222_294,Immune Globulin Human,"['G93', 'I46']","['disorders of brain', 'cardiac arrest']","[14637, 391]",7514.0
269,125,Dinoprostone,"['K29', 'K31', 'K51', 'K58', 'K59']","['gastritis and duodenitis', 'diseases of stomach and duodenum', 'ulcerative colitis', 'irritable bowel syndrome', 'functional intestinal disorders']","[443, 530, 140, 24, 1542]",535.8
270,178_435,Cobimetinib,"['C43', 'D22']","['malignant melanoma of skin', 'melanocytic naevi']","[26, 2]",14.0
271,315,Hydromorphone,"['I20', 'B00', 'K04']","['angina pectoris', 'herpesviral [herpes simplex] infections', 'diseases of pulp and periapical tissues']","[0, 0, 1]",0.3333333333333333
272,134,Carisoprodol,"['M42', 'M51', 'M54', 'G54', 'M62']","['spinal osteochondrosis', 'intervertebral disk disorders', 'dorsalgia', 'nerve root and plexus disorders', 'disorders of muscle']","[1, 0, 32, 0, 78]",22.2
273,437,Paclitaxel,"['C61', 'C64', 'D40', 'I89']","['malignant neoplasm of prostate', 'malignant neoplasm of kidney, except renal pelvis', 'neoplasm of uncertain or unknown behaviour of male genital organs', 'non-infective disorders of lymphatic vessels and lymph nodes']","[785, 1, 189, 1040]",503.75
274,425,Reboxetine,"['M54', 'B00', 'G43', 'G83', 'M76', 'M93']","['dorsalgia', 'herpesviral [herpes simplex] infections', 'migraine', 'paralytic syndromes', 'enthesopathies of lower limb, excluding foot', 'osteochondropathies']","[3, 0, 1, 0, 0, 0]",0.6666666666666666
275,397,Sertraline,"['I48', 'A48', 'C76', 'H18', 'H61', 'I33', 'J30', 'K04']","['atrial fibrillation and flutter', 'bacterial diseases', 'malignant neoplasm of ill-defined sites', 'disorders of cornea', 'disorders of external ear', 'acute and subacute endocarditis', 'vasomotor and allergic rhinitis', 'diseases of pulp and periapical tissues']","[9, 38, 0, 1, 0, 0, 9, 0]",7.125
276,57,Methotrexate,"['E87', 'F10', 'F12', 'F17', 'F20', 'F60', 'F63']","['disorders of fluid, electrolyte and acid-base balance', 'mental and behavioural disorders due to use of alcohol', 'mental and behavioural disorders due to use of cannabinoids', 'mental and behavioural disorders due to use of tobacco', 'schizophrenia', 'specific personality disorders', 'habit and impulse disorders']","[21, 19, 0, 3, 18, 0]",10.166666666666666
277,110,Maraviroc,"['N18', 'D64']","['chronic renal failure', 'anaemias']","[2, 0]",1.0
278,272,Methysergide,"['B16', 'K73', 'B18', 'C22', 'F19']","['acute hepatitis b', 'chronic hepatitis', 'chronic viral hepatitis', 'malignant neoplasm of liver and intrahepatic bile ducts', 'mental and behavioural disorders due to multiple drug use and use of psychoactive substances']","[0, 0, 0, 9, 2]",2.2
279,13,Talniflumate,"['D80', 'E61', 'G00', 'H02', 'H04', 'J01', 'K00', 'K76', 'M43', 'J35', 'J36']","['immunodeficiency with antibody defects', 'deficiency of nutrient elements', 'bacterial meningitis', 'disorders of eyelid', 'disorders of lachrymal system', 'acute sinusitis', 'disorders of tooth development and eruption', 'diseases of liver', 'deforming dorsopathies', 'chronic diseases of tonsils and adenoids', 'peritonsillar abscess']","[0, 0, 0, 0, 0, 0, 0, 0, 0, 0, 0]",0.0
280,244,Macitentan,"['L71', 'K70', 'D53', 'F05', 'G31']","['rosacea', 'alcoholic liver disease', 'nutritional anaemias', 'delirium', 'degenerative diseases of nervous system']","[0, 0, 0, 0, 0]",0.0
281,414,Terbinafine,"['K83', 'K85', 'K86', 'B18', 'C22', 'C24', 'C25']","['diseases of biliary tract', 'acute pancreatitis', 'diseases of pancreas', 'chronic viral hepatitis', 'malignant neoplasm of liver and intrahepatic bile ducts', 'malignant neoplasm of parts of biliary tract', 'malignant neoplasm of pancreas']","[1, 1, 9, 2, 9, 0, 2]",3.4285714285714284
282,356,Sucralfate,"['B18', 'C22', 'C24', 'K73']","['chronic viral hepatitis', 'malignant neoplasm of liver and intrahepatic bile ducts', 'malignant neoplasm of parts of biliary tract', 'chronic hepatitis']","[1, 4, 0, 2]",1.75
283,215,Octocrylene,"['H40', 'H25', 'H26']","['glaucoma', 'senile cataract', 'cataract']","[0, 0]",0.0
284,203,Nabilone,"['F32', 'F48', 'B37', 'F51', 'K02', 'K04', 'K08']","['depressive episode', 'neurotic disorders', 'candidiasis', 'sleep disorders', 'dental caries', 'diseases of pulp and periapical tissues', 'disorders of teeth and supporting structures']","[2, 0, 0, 24, 0, 0, 3]",4.142857142857143
285,379,Fomepizole,"['F13', 'F33', 'F41', 'F43', 'F45', 'F32']","['mental and behavioural disorders due to use of sedatives or hypnotics', 'recurrent depressive disorder', 'anxiety disorders', 'reaction to severe stress, and adjustment disorders', 'somatoform disorders', 'depressive episode']","[18, 0, 0, 0, 0, 0]",3.0
286,5,Interferon beta-1a,"['A49', 'B27', 'J03', 'J11', 'J38', 'L50']","['bacterial infection of site', 'infectious mononucleosis', 'acute tonsillitis', 'influenza virus', 'diseases of vocal cords and larynx', 'urticaria']","[0, 0, 0, 6, 0, 6]",2.0
287,401,Lisdexamfetamine,"['F09', 'J62', 'J44', 'J47', 'K20']","['organic or symptomatic mental disorder', 'pneumoconiosis due to dust containing silica', 'chronic obstructive pulmonary disease', 'bronchiectasis', 'oesophagitis']","[14, 0, 0, 0, 0]",2.8
288,161,Hydroflumethiazide,"['M17', 'M66', 'M71', 'M93']","['gonarthrosis [arthrosis of knee]', 'spontaneous rupture of synovium and tendon', 'bursopathies', 'osteochondropathies']","[0, 0, 0, 0]",0.0
289,290,Primaquine,"['K51', 'D73', 'J04', 'K29', 'A69', 'D16', 'D21', 'L50', 'N10', 'N62']","['ulcerative colitis', 'diseases of spleen', 'acute laryngitis and tracheitis', 'gastritis and duodenitis', 'spirochaetal infections', 'benign neoplasm of bone and articular cartilage', 'benign neoplasms of connective and soft tissue', 'urticaria', 'acute tubulo-interstitial nephritis', 'hypertrophy of breast']","[0, 16, 0, 1, 1, 3, 1, 2, 0]",2.6666666666666665
290,200,Chlorzoxazone,"['F09', 'F63', 'F03', 'F10', 'G31', 'L21', 'D52', 'E51', 'E53', 'I62', 'J39', 'K02', 'K12', 'M46']","['organic or symptomatic mental disorder', 'habit and impulse disorders', 'dementia', 'mental and behavioural disorders due to use of alcohol', 'degenerative diseases of nervous system', 'seborrhoeic dermatitis', 'folate deficiency anaemia', 'thiamine deficiency', 'deficiency of b group vitamins', 'nontraumatic intracranial haemorrhage', 'diseases of upper respiratory tract', 'dental caries', 'stomatitis and related lesions', 'inflammatory spondylopathies']","[28, 3, 1, 16, 1, 0, 0, 0, 0, 0, 0, 1, 0]",3.8461538461538463
291,27,Vemurafenib,"['G40', 'G41', 'G47', 'G81', 'G91']","['epilepsy', 'status epilepticus', 'sleep disorders', 'hemiplegia', 'hydrocephalus']","[3, 1, 2, 0]",1.5
292,266,Zonisamide,"['N39', 'I95']","['disorders of urinary system', 'hypotension']","[2, 23]",12.5
293,373,Dextrothyroxine,"['E10', 'E13', 'E16', 'I79']","['insulin-dependent diabetes mellitus', 'specified diabetes mellitus', 'disorders of pancreatic internal secretion', 'disorders of arteries, arterioles and capillaries in diseases classified elsewhere']","[0, 0, 0, 0]",0.0
294,11,NADH,"['C71', 'C79', 'H53']","['malignant neoplasm of brain', 'secondary malignant neoplasm of specified sites', 'visual disturbances']","[263, 0, 11]",91.33333333333333
295,248,Gefitinib,"['M11', 'M17', 'M21', 'M71', 'M93', 'M94']","['crystal arthropathies', 'gonarthrosis [arthrosis of knee]', 'acquired deformities of limbs', 'bursopathies', 'osteochondropathies', 'disorders of cartilage']","[0, 2, 0, 0, 0, 5]",1.1666666666666667
296,315,Pimozide,"['I20', 'B00', 'K04']","['angina pectoris', 'herpesviral [herpes simplex] infections', 'diseases of pulp and periapical tissues']","[0, 0]",0.0
297,13,Theobromine,"['D80', 'E61', 'G00', 'H02', 'H04', 'J01', 'K00', 'K76', 'M43', 'J35', 'J36']","['immunodeficiency with antibody defects', 'deficiency of nutrient elements', 'bacterial meningitis', 'disorders of eyelid', 'disorders of lachrymal system', 'acute sinusitis', 'disorders of tooth development and eruption', 'diseases of liver', 'deforming dorsopathies', 'chronic diseases of tonsils and adenoids', 'peritonsillar abscess']","[0, 0, 12, 5, 0, 0, 15, 325, 0, 0, 0]",32.45454545454545
298,333_412,Isoflurophate,"['K80', 'K81', 'K82']","['cholelithiasis', 'cholecystitis', 'diseases of gallbladder']","[0, 0, 0]",0.0
299,133,Ciprofloxacin,"['G40', 'G41', 'G81', 'J69', 'F70']","['epilepsy', 'status epilepticus', 'hemiplegia', 'pneumonitis due to solids and liquids', 'mild mental retardation']","[46, 5, 3, 0]",13.5
300,158,Ergonovine,"['K92', 'D62']","['diseases of digestive system', 'acute posthaemorrhagic anaemia']","[9, 0]",4.5
301,78,Levomethadyl Acetate,"['F20', 'F12', 'F15', 'F25', 'F31']","['schizophrenia', 'mental and behavioural disorders due to use of cannabinoids', 'mental and behavioural disorders due to use of stimulants, including caffeine', 'schizoaffective disorders', 'bipolar affective disorder']","[0, 0, 0, 1, 0]",0.2
302,72,Alectinib,"['N18', 'D64', 'N19']","['chronic renal failure', 'anaemias', 'renal failure']","[0, 25, 12]",12.333333333333334
303,103,Levodopa,"['K80', 'K81', 'K85']","['cholelithiasis', 'cholecystitis', 'acute pancreatitis']","[1, 3, 5]",3.0
304,244,Demecarium,"['L71', 'K70', 'D53', 'F05', 'G31']","['rosacea', 'alcoholic liver disease', 'nutritional anaemias', 'delirium', 'degenerative diseases of nervous system']","[0, 0, 0, 0]",0.0
305,448,Antrafenine,"['F32', 'F33', 'F41', 'F43', 'F45']","['depressive episode', 'recurrent depressive disorder', 'anxiety disorders', 'reaction to severe stress, and adjustment disorders', 'somatoform disorders']","[0, 0, 0, 0, 0]",0.0
306,238,Flunisolide,"['K25', 'K26', 'K70', 'D52', 'D62', 'F05']","['gastric ulcer', 'duodenal ulcer', 'alcoholic liver disease', 'folate deficiency anaemia', 'acute posthaemorrhagic anaemia', 'delirium']","[0, 0, 0, 0, 0, 0]",0.0
307,444,Tofacitinib,"['E10', 'E13', 'E16', 'H26', 'H33']","['insulin-dependent diabetes mellitus', 'specified diabetes mellitus', 'disorders of pancreatic internal secretion', 'cataract', 'retinal detachments and breaks']","[3, 0, 4, 9]",4.0
308,185,Apalutamide,"['D12', 'I84', 'K60', 'K62', 'K64', 'D21']","['benign neoplasm of colon, rectum, anus and anal canal', 'haemorrhoids', 'fissure and fistula of anal and rectal regions', 'diseases of anus and rectum', 'haemorrhoids and perianal venous thrombosis', 'benign neoplasms of connective and soft tissue']","[0, 1, 0, 1, 1, 3]",1.0
309,323,Captopril,"['K60', 'I84', 'D21']","['fissure and fistula of anal and rectal regions', 'haemorrhoids', 'benign neoplasms of connective and soft tissue']","[4, 7, 10]",7.0
310,18,Sucralfate,"['E66', 'E78', 'F17', 'I10', 'K76']","['obesity', 'disorders of lipoprotein metabolism and lipidaemias', 'mental and behavioural disorders due to use of tobacco', 'essential (primary) hypertension', 'diseases of liver']","[15, 1, 0, 0, 38]",10.8
311,291,Dexrazoxane,"['L89', 'N08', 'E11', 'E55', 'G61', 'I13', 'I33', 'L28']","['decubitus ulcer', 'glomerular disorders in diseases classified elsewhere', 'non-insulin-dependent diabetes mellitus', 'vitamin d deficiency', 'inflammatory polyneuropathy', 'hypertensive heart and renal disease', 'acute and subacute endocarditis', 'lichen simplex chronicus and prurigo']","[0, 0, 2, 0, 0, 39, 0, 0]",5.125
312,169,Estradiol,"['N39', 'N41']","['disorders of urinary system', 'inflammatory diseases of prostate']","[107, 117]",112.0
313,442,Megestrol acetate,"['D50', 'D62', 'K25', 'K26']","['iron deficiency anaemia', 'acute posthaemorrhagic anaemia', 'gastric ulcer', 'duodenal ulcer']","[1, 0, 1, 0]",0.5
314,356,Glucagon recombinant,"['B18', 'C22', 'C24', 'K73']","['chronic viral hepatitis', 'malignant neoplasm of liver and intrahepatic bile ducts', 'malignant neoplasm of parts of biliary tract', 'chronic hepatitis']","[0, 15, 0, 1]",4.0
315,27,Lenalidomide,"['G40', 'G41', 'G47', 'G81', 'G91']","['epilepsy', 'status epilepticus', 'sleep disorders', 'hemiplegia', 'hydrocephalus']","[3, 1, 3, 1, 0]",1.6
316,76,Testosterone cypionate,"['F10', 'K70']","['mental and behavioural disorders due to use of alcohol', 'alcoholic liver disease']","[3, 1]",2.0
317,346,Haloperidol,"['N10', 'N18', 'B02', 'B25', 'H10', 'I13', 'N05']","['acute tubulo-interstitial nephritis', 'chronic renal failure', 'zoster [herpes zoster]', 'cytomegaloviral disease', 'conjunctivitis', 'hypertensive heart and renal disease', 'minor glomerular abnormality']","[0, 12, 2, 2, 0, 138, 0]",22.0
318,77,Gestrinone,"['F11', 'F13', 'F19', 'B18', 'B24', 'F14', 'F15']","['mental and behavioural disorders due to use of opioids', 'mental and behavioural disorders due to use of sedatives or hypnotics', 'mental and behavioural disorders due to multiple drug use and use of psychoactive substances', 'chronic viral hepatitis', 'human immunodeficiency virus [hiv] disease', 'mental and behavioural disorders due to use of cocaine', 'mental and behavioural disorders due to use of stimulants, including caffeine']","[0, 0, 0, 0, 0, 0, 0]",0.0
319,203,Pitavastatin,"['F32', 'F48', 'B37', 'F51', 'K02', 'K04', 'K08']","['depressive episode', 'neurotic disorders', 'candidiasis', 'sleep disorders', 'dental caries', 'diseases of pulp and periapical tissues', 'disorders of teeth and supporting structures']","[0, 0, 0, 3, 0, 0, 24]",3.857142857142857
320,334,Liotrix,"['L28', 'K76', 'D73', 'E51', 'M89']","['lichen simplex chronicus and prurigo', 'diseases of liver', 'diseases of spleen', 'thiamine deficiency', 'disorders of bone']","[0, 0, 0, 0]",0.0
321,15_73,Hydrocodone,"['E10', 'E14', 'E16']","['insulin-dependent diabetes mellitus', 'diabetes mellitus', 'disorders of pancreatic internal secretion']","[0, 9, 0]",3.0
322,80,Netupitant,"['F17', 'J93']","['mental and behavioural disorders due to use of tobacco', 'pneumothorax']","[0, 0]",0.0
323,133,Vorinostat,"['G40', 'G41', 'G81', 'J69', 'F70']","['epilepsy', 'status epilepticus', 'hemiplegia', 'pneumonitis due to solids and liquids', 'mild mental retardation']","[19, 1, 0]",6.666666666666667
324,203,Solifenacin,"['F32', 'F48', 'B37', 'F51', 'K02', 'K04', 'K08']","['depressive episode', 'neurotic disorders', 'candidiasis', 'sleep disorders', 'dental caries', 'diseases of pulp and periapical tissues', 'disorders of teeth and supporting structures']","[2, 0, 0, 14, 0, 0, 8]",3.4285714285714284
325,233,Pantoprazole,"['K25', 'K26']","['gastric ulcer', 'duodenal ulcer']","[437, 146]",291.5
326,215,Ibritumomab tiuxetan,"['H40', 'H25', 'H26']","['glaucoma', 'senile cataract', 'cataract']","[0, 0, 0]",0.0
327,165,Thioproperazine,"['M43', 'M48', 'M54', 'G54', 'H61']","['deforming dorsopathies', 'spondylopathies', 'dorsalgia', 'nerve root and plexus disorders', 'disorders of external ear']","[0, 0, 0, 0, 0]",0.0
328,410,Niraparib,"['I85', 'K70', 'K72', 'K74']","['oesophageal varices', 'alcoholic liver disease', 'hepatic failure', 'fibrosis and cirrhosis of liver']","[0, 0, 2]",0.6666666666666666
329,376,Mirabegron,"['E79', 'L82', 'H61', 'L21', 'M54', 'M79']","['disorders of purine and pyrimidine metabolism', 'seborrhoeic keratosis', 'disorders of external ear', 'seborrhoeic dermatitis', 'dorsalgia', 'soft tissue disorders']","[11, 0, 0, 0, 0, 0]",1.8333333333333333
330,134,Dasabuvir,"['M42', 'M51', 'M54', 'G54', 'M62']","['spinal osteochondrosis', 'intervertebral disk disorders', 'dorsalgia', 'nerve root and plexus disorders', 'disorders of muscle']","[0, 0, 0, 0]",0.0
331,390,Benazepril,"['G91', 'I60', 'D73', 'F52', 'G30', 'L28', 'E11', 'E55', 'F00', 'F05', 'H49', 'A48', 'C76', 'D34', 'H60', 'L08', 'M00', 'N04']","['hydrocephalus', 'subarachnoid haemorrhage', 'diseases of spleen', 'sexual dysfunction', ""alzheimer's disease"", 'lichen simplex chronicus and prurigo', 'non-insulin-dependent diabetes mellitus', 'vitamin d deficiency', ""dementia in alzheimer's disease"", 'delirium', 'paralytic strabismus', 'bacterial diseases', 'malignant neoplasm of ill-defined sites', 'benign neoplasm of thyroid gland', 'otitis externa', 'local infections of skin and subcutaneous tissue', 'pyogenic arthritis', 'nephrotic syndrome']","[0, 1, 0, 1, 1, 0, 32, 0, 1, 0, 0, 1, 0, 0, 2, 0, 8]",2.764705882352941
332,108,Busulfan,"['N19', 'I10', 'I11', 'I34', 'I61', 'I67', 'I70', 'I71', 'L97']","['renal failure', 'essential (primary) hypertension', 'hypertensive heart disease', 'nonrheumatic mitral valve disorders', 'intracerebral haemorrhage', 'cerebrovascular diseases', 'atherosclerosis', 'aortic aneurysm and dissection', 'ulcer of lower limb']","[59, 2, 5, 0, 15, 24, 3, 12, 1]",13.444444444444445
333,253,Eplerenone,"['E79', 'M16', 'M87']","['disorders of purine and pyrimidine metabolism', 'coxarthrosis [arthrosis of hip]', 'osteonecrosis']","[13, 0, 0]",4.333333333333333
334,40,Naratriptan,"['J45', 'J46']","['asthma', 'status asthmaticus']","[0, 0]",0.0
335,182,Morphine,"['C82', 'C83', 'C85']","[""follicular [nodular] non-hodgkin's lymphoma"", ""diffuse non-hodgkin's lymphoma"", ""specified types of non-hodgkin's lymphoma""]","[1, 2, 0]",1.0
336,190,Dolutegravir,"['M54', 'G54', 'L50', 'M71', 'M76']","['dorsalgia', 'nerve root and plexus disorders', 'urticaria', 'bursopathies', 'enthesopathies of lower limb, excluding foot']","[1, 1, 1, 0, 0]",0.6
337,117,Capsaicin,"['I84', 'K62', 'D12']","['haemorrhoids', 'diseases of anus and rectum', 'benign neoplasm of colon, rectum, anus and anal canal']","[55, 54, 3]",37.333333333333336
338,448,Cyclobenzaprine,"['F32', 'F33', 'F41', 'F43', 'F45']","['depressive episode', 'recurrent depressive disorder', 'anxiety disorders', 'reaction to severe stress, and adjustment disorders', 'somatoform disorders']","[2, 0, 5, 0, 1]",1.6
339,15_73,Terfenadine,"['E10', 'E14', 'E16']","['insulin-dependent diabetes mellitus', 'diabetes mellitus', 'disorders of pancreatic internal secretion']","[2, 6, 0]",2.6666666666666665
340,77,Pentobarbital,"['F11', 'F13', 'F19', 'B18', 'B24', 'F14', 'F15']","['mental and behavioural disorders due to use of opioids', 'mental and behavioural disorders due to use of sedatives or hypnotics', 'mental and behavioural disorders due to multiple drug use and use of psychoactive substances', 'chronic viral hepatitis', 'human immunodeficiency virus [hiv] disease', 'mental and behavioural disorders due to use of cocaine', 'mental and behavioural disorders due to use of stimulants, including caffeine']","[117, 11134, 29, 1, 2, 37, 4]",1617.7142857142858
341,411,Polaprezinc,"['G31', 'F10', 'F43']","['degenerative diseases of nervous system', 'mental and behavioural disorders due to use of alcohol', 'reaction to severe stress, and adjustment disorders']","[0, 0, 0]",0.0
342,390,Clonazepam,"['G91', 'I60', 'D73', 'F52', 'G30', 'L28', 'E11', 'E55', 'F00', 'F05', 'H49', 'A48', 'C76', 'D34', 'H60', 'L08', 'M00', 'N04']","['hydrocephalus', 'subarachnoid haemorrhage', 'diseases of spleen', 'sexual dysfunction', ""alzheimer's disease"", 'lichen simplex chronicus and prurigo', 'non-insulin-dependent diabetes mellitus', 'vitamin d deficiency', ""dementia in alzheimer's disease"", 'delirium', 'paralytic strabismus', 'bacterial diseases', 'malignant neoplasm of ill-defined sites', 'benign neoplasm of thyroid gland', 'otitis externa', 'local infections of skin and subcutaneous tissue', 'pyogenic arthritis', 'nephrotic syndrome']","[9, 4, 0, 24, 34, 0, 9, 5, 22, 26, 0, 28, 0, 0, 0, 4, 0, 0]",9.166666666666666
343,299,Aminophylline,"['G47', 'J30', 'F51']","['sleep disorders', 'vasomotor and allergic rhinitis', 'sleep disorders']","[44, 37, 44]",41.666666666666664
344,67,Edoxaban,"['B20', 'B24']","['human immunodeficiency virus [hiv] disease resulting in infectious and parasitic diseases', 'human immunodeficiency virus [hiv] disease']","[0, 2]",1.0
345,374,Ulobetasol,"['L95', 'C45', 'D89', 'E01', 'E72', 'G90', 'I10', 'I22', 'I33', 'I60', 'I78', 'J04', 'J13', 'K27', 'L08', 'L20', 'L21', 'L23', 'L29', 'L50', 'L71', 'L85', 'M05', 'M31', 'M45', 'M85', 'M96', 'N62']","['vasculitis limited to skin', 'mesothelioma', 'disorders involving the immune mechanism', 'iodine-deficiency-related thyroid disorders and allied conditions', 'disorders of amino-acid metabolism', 'disorders of autonomic nervous system', 'essential (primary) hypertension', 'subsequent myocardial infarction', 'acute and subacute endocarditis', 'subarachnoid haemorrhage', 'diseases of capillaries', 'acute laryngitis and tracheitis', 'pneumonia due to streptococcus pneumoniae', 'acute with perforation', 'local infections of skin and subcutaneous tissue', 'atopic dermatitis', 'seborrhoeic dermatitis', 'allergic contact dermatitis', 'pruritus', 'urticaria', 'rosacea', 'epidermal thickening', 'seropositive rheumatoid arthritis', 'necrotising vasculopathies', 'ankylosing spondylitis', 'disorders of bone density and structure', 'postprocedural musculoskeletal disorders', 'hypertrophy of breast']","[0, 0, 1, 0, 0, 0, 0, 0, 0, 0, 0, 0, 0, 0, 2, 11, 0, 0, 21, 0, 0, 0, 0, 0, 3, 0, 0]",1.4074074074074074
346,168,Mifamurtide,"['N18', 'B99', 'N03', 'N25', 'N05']","['chronic renal failure', 'infectious diseases', 'chronic nephritic syndrome', 'disorders resulting from impaired renal tubular function', 'minor glomerular abnormality']","[7, 0, 0]",2.3333333333333335
347,85,Estrone,"['F41', 'F45']","['anxiety disorders', 'somatoform disorders']","[18, 0]",9.0
348,320,Marimastat,"['I50', 'J81', 'B99', 'G93', 'I46']","['heart failure', 'pulmonary oedema', 'infectious diseases', 'disorders of brain', 'cardiac arrest']","[2, 0, 3, 11, 1]",3.4
349,77,Ezogabine,"['F11', 'F13', 'F19', 'B18', 'B24', 'F14', 'F15']","['mental and behavioural disorders due to use of opioids', 'mental and behavioural disorders due to use of sedatives or hypnotics', 'mental and behavioural disorders due to multiple drug use and use of psychoactive substances', 'chronic viral hepatitis', 'human immunodeficiency virus [hiv] disease', 'mental and behavioural disorders due to use of cocaine', 'mental and behavioural disorders due to use of stimulants, including caffeine']","[0, 12, 2, 0, 0, 1, 0]",2.142857142857143
350,383,Isoprenaline,"['G60', 'H57', 'F09', 'I25', 'I99', 'J01', 'J41', 'M46']","['hereditary and idiopathic neuropathy', 'disorders of eye and adnexa', 'organic or symptomatic mental disorder', 'chronic ischaemic heart disease', 'disorders of circulatory system', 'acute sinusitis', 'simple and mucopurulent chronic bronchitis', 'inflammatory spondylopathies']","[55, 235, 169, 210, 2422, 1, 1, 0]",386.625
351,346,Phenprocoumon,"['N10', 'N18', 'B02', 'B25', 'H10', 'I13', 'N05']","['acute tubulo-interstitial nephritis', 'chronic renal failure', 'zoster [herpes zoster]', 'cytomegaloviral disease', 'conjunctivitis', 'hypertensive heart and renal disease', 'minor glomerular abnormality']","[0, 14, 0, 0, 0, 52, 0]",9.428571428571429
352,394,Trihexyphenidyl,"['B36', 'D34', 'E72', 'F09', 'G90', 'I10', 'I30', 'I33', 'I60', 'I78', 'J13', 'J30', 'K73', 'L08', 'L21', 'L23', 'L29', 'L71', 'L85', 'N02', 'N04', 'C74', 'E26', 'E29', 'G37', 'G96', 'H72', 'I68', 'J35', 'K09', 'L70', 'M14', 'N03', 'N49']","['superficial mycoses', 'benign neoplasm of thyroid gland', 'disorders of amino-acid metabolism', 'organic or symptomatic mental disorder', 'disorders of autonomic nervous system', 'essential (primary) hypertension', 'acute pericarditis', 'acute and subacute endocarditis', 'subarachnoid haemorrhage', 'diseases of capillaries', 'pneumonia due to streptococcus pneumoniae', 'vasomotor and allergic rhinitis', 'chronic hepatitis', 'local infections of skin and subcutaneous tissue', 'seborrhoeic dermatitis', 'allergic contact dermatitis', 'pruritus', 'rosacea', 'epidermal thickening', 'recurrent and persistent haematuria', 'nephrotic syndrome', 'malignant neoplasm of adrenal gland', 'hyperaldosteronism', 'testicular dysfunction', 'demyelinating diseases of central nervous system', 'disorders of central nervous system', 'perforation of tympanic membrane', 'cerebrovascular disorders in diseases classified elsewhere', 'chronic diseases of tonsils and adenoids', 'cysts of oral region', 'acne', 'arthropathies in diseases classified elsewhere', 'chronic nephritic syndrome', 'inflammatory disorders of male genital organs']","[0, 0, 46, 10, 8, 0, 0, 0, 0, 1, 0, 0, 1, 1, 1, 0, 0, 0, 0, 23, 0, 0, 0, 0, 3, 141, 0, 0, 0, 0, 0, 0, 1]",7.151515151515151
353,190,Insulin Detemir,"['M54', 'G54', 'L50', 'M71', 'M76']","['dorsalgia', 'nerve root and plexus disorders', 'urticaria', 'bursopathies', 'enthesopathies of lower limb, excluding foot']","[1, 1, 3, 0]",1.25
354,203,Nitrous acid,"['F32', 'F48', 'B37', 'F51', 'K02', 'K04', 'K08']","['depressive episode', 'neurotic disorders', 'candidiasis', 'sleep disorders', 'dental caries', 'diseases of pulp and periapical tissues', 'disorders of teeth and supporting structures']","[5, 1, 13, 35, 20, 5, 1807]",269.42857142857144
355,72,Celiprolol,"['N18', 'D64', 'N19']","['chronic renal failure', 'anaemias', 'renal failure']","[2, 1, 6]",3.0
356,118,Drotrecogin alfa,"['F70', 'D53', 'F10', 'F34', 'F05', 'G31', 'H10', 'K72', 'L21']","['mild mental retardation', 'nutritional anaemias', 'mental and behavioural disorders due to use of alcohol', 'persistent mood [affective] disorders', 'delirium', 'degenerative diseases of nervous system', 'conjunctivitis', 'hepatic failure', 'seborrhoeic dermatitis']","[0, 0, 0, 0, 0, 0, 0, 0]",0.0
357,411,Dexamethasone,"['G31', 'F10', 'F43']","['degenerative diseases of nervous system', 'mental and behavioural disorders due to use of alcohol', 'reaction to severe stress, and adjustment disorders']","[274, 103]",188.5
358,442,Rosiglitazone,"['D50', 'D62', 'K25', 'K26']","['iron deficiency anaemia', 'acute posthaemorrhagic anaemia', 'gastric ulcer', 'duodenal ulcer']","[1, 0, 4, 1]",1.5
359,79,Clomifene,"['B16', 'B18', 'F11', 'F12', 'F13', 'F14', 'F19', 'K73']","['acute hepatitis b', 'chronic viral hepatitis', 'mental and behavioural disorders due to use of opioids', 'mental and behavioural disorders due to use of cannabinoids', 'mental and behavioural disorders due to use of sedatives or hypnotics', 'mental and behavioural disorders due to use of cocaine', 'mental and behavioural disorders due to multiple drug use and use of psychoactive substances', 'chronic hepatitis']","[0, 1, 3, 1, 5, 0, 7, 3]",2.5
360,266,Sulfathiazole,"['N39', 'I95']","['disorders of urinary system', 'hypotension']","[1, 2]",1.5
361,205,Lercanidipine,"['D52', 'J41', 'L71', 'F17', 'J42', 'J13', 'J39', 'K04', 'K08', 'K12', 'L08', 'N62']","['folate deficiency anaemia', 'simple and mucopurulent chronic bronchitis', 'rosacea', 'mental and behavioural disorders due to use of tobacco', 'chronic bronchitis', 'pneumonia due to streptococcus pneumoniae', 'diseases of upper respiratory tract', 'diseases of pulp and periapical tissues', 'disorders of teeth and supporting structures', 'stomatitis and related lesions', 'local infections of skin and subcutaneous tissue', 'hypertrophy of breast']","[0, 0, 0, 0, 0, 0, 0, 0, 10, 2, 1, 0]",1.0833333333333333
362,79,Phenformin,"['B16', 'B18', 'F11', 'F12', 'F13', 'F14', 'F19', 'K73']","['acute hepatitis b', 'chronic viral hepatitis', 'mental and behavioural disorders due to use of opioids', 'mental and behavioural disorders due to use of cannabinoids', 'mental and behavioural disorders due to use of sedatives or hypnotics', 'mental and behavioural disorders due to use of cocaine', 'mental and behavioural disorders due to multiple drug use and use of psychoactive substances', 'chronic hepatitis']","[0, 0, 0, 12, 0, 0, 1]",1.8571428571428572
363,247,Dexmedetomidine,"['M11', 'M71', 'M93']","['crystal arthropathies', 'bursopathies', 'osteochondropathies']","[0, 0, 0]",0.0
364,56,Nicergoline,"['F32', 'F33', 'F41', 'F45']","['depressive episode', 'recurrent depressive disorder', 'anxiety disorders', 'somatoform disorders']","[0, 0, 2, 0]",0.5
365,238,Ketoprofen,"['K25', 'K26', 'K70', 'D52', 'D62', 'F05']","['gastric ulcer', 'duodenal ulcer', 'alcoholic liver disease', 'folate deficiency anaemia', 'acute posthaemorrhagic anaemia', 'delirium']","[69, 16, 3, 0, 1, 5]",15.666666666666666
366,261,Pioglitazone,"['N25', 'N18', 'A04', 'B02', 'N03']","['disorders resulting from impaired renal tubular function', 'chronic renal failure', 'bacterial intestinal infections', 'zoster [herpes zoster]', 'chronic nephritic syndrome']","[4, 36, 2, 0, 0]",8.4
367,190,Caspofungin,"['M54', 'G54', 'L50', 'M71', 'M76']","['dorsalgia', 'nerve root and plexus disorders', 'urticaria', 'bursopathies', 'enthesopathies of lower limb, excluding foot']","[6, 0, 0, 0]",1.5
368,76,Pentolinium,"['F10', 'K70']","['mental and behavioural disorders due to use of alcohol', 'alcoholic liver disease']","[1, 0]",0.5
369,414,Diazoxide,"['K83', 'K85', 'K86', 'B18', 'C22', 'C24', 'C25']","['diseases of biliary tract', 'acute pancreatitis', 'diseases of pancreas', 'chronic viral hepatitis', 'malignant neoplasm of liver and intrahepatic bile ducts', 'malignant neoplasm of parts of biliary tract', 'malignant neoplasm of pancreas']","[0, 12, 705, 0, 66, 0, 329]",158.85714285714286
370,299,Mesoridazine,"['G47', 'J30', 'F51']","['sleep disorders', 'vasomotor and allergic rhinitis', 'sleep disorders']","[2, 0, 2]",1.3333333333333333
371,72,Propericiazine,"['N18', 'D64', 'N19']","['chronic renal failure', 'anaemias', 'renal failure']","[0, 0, 1]",0.3333333333333333
372,5,Sacubitril,"['A49', 'B27', 'J03', 'J11', 'J38', 'L50']","['bacterial infection of site', 'infectious mononucleosis', 'acute tonsillitis', 'influenza virus', 'diseases of vocal cords and larynx', 'urticaria']","[0, 0, 0, 2, 0, 25]",4.5
373,212,Tetrabenazine,"['F17', 'J01', 'J37', 'J38', 'J42', 'J43', 'J93', 'J02']","['mental and behavioural disorders due to use of tobacco', 'acute sinusitis', 'chronic laryngitis and laryngotracheitis', 'diseases of vocal cords and larynx', 'chronic bronchitis', 'emphysema', 'pneumothorax', 'acute pharyngitis']","[1, 0, 1, 3, 0, 0, 0, 1]",0.75
374,351,Fluocinonide,"['A02', 'A48', 'A69', 'B07', 'B36', 'B44', 'B49', 'B86', 'C11', 'C26', 'C41', 'C45', 'C50', 'C60', 'C66', 'C69', 'C76', 'C84', 'C88', 'D03', 'D07', 'D31', 'D34', 'D51', 'D89', 'E07', 'E22', 'E23', 'E27', 'E46', 'E74', 'E85', 'F52', 'G24', 'G52', 'G90', 'G92', 'H21', 'H31', 'H55', 'H61', 'J02', 'J11', 'J12', 'J61', 'K11', 'K41', 'L25', 'L60', 'L80', 'L81', 'M12', 'M60', 'N11', 'N34', 'N36', 'N50']","['salmonella infections', 'bacterial diseases', 'spirochaetal infections', 'viral warts', 'superficial mycoses', 'aspergillosis', 'mycosis', 'scabies', 'malignant neoplasm of nasopharynx', 'malignant neoplasm of ill-defined digestive organs', 'malignant neoplasm of bone and articular cartilage of sites', 'mesothelioma', 'malignant neoplasm of breast', 'malignant neoplasm of penis', 'malignant neoplasm of ureter', 'malignant neoplasm of eye and adnexa', 'malignant neoplasm of ill-defined sites', 'peripheral and cutaneous t-cell lymphomas', 'malignant immunoproliferative diseases', 'melanoma in situ', 'carcinoma in situ of genital organs', 'benign neoplasm of eye and adnexa', 'benign neoplasm of thyroid gland', 'vitamin b12 deficiency anaemia', 'disorders involving the immune mechanism', 'disorders of thyroid', 'hyperfunction of pituitary gland', 'hypofunction and disorders of pituitary gland', 'disorders of adrenal gland', 'protein-energy malnutrition', 'disorders of carbohydrate metabolism', 'amyloidosis', 'sexual dysfunction', 'dystonia', 'disorders of cranial nerves', 'disorders of autonomic nervous system', 'toxic encephalopathy', 'disorders of iris and ciliary body', 'disorders of choroid', 'nystagmus and irregular eye movements', 'disorders of external ear', 'acute pharyngitis', 'influenza virus', 'viral pneumonia', 'pneumoconiosis due to asbestos and mineral fibres', 'diseases of salivary glands', 'femoral hernia', 'contact dermatitis', 'nail disorders', 'vitiligo', 'disorders of pigmentation', 'specific arthropathies', 'myositis', 'chronic tubulo-interstitial nephritis', 'urethritis and urethral syndrome', 'disorders of urethra', 'disorders of male genital organs']","[5, 0, 1, 1, 0, 8, 1, 0, 0, 0, 0, 0, 0, 0, 1, 0, 2, 3, 0, 0, 1, 0, 0, 0, 4, 0, 1, 2, 0, 0, 1, 0, 0, 0, 0, 0, 0, 0, 0, 0, 0, 0, 1, 0, 0, 0, 30, 2, 4, 2, 0, 0, 0, 0, 0, 1]",1.2678571428571428
375,373,Heptabarbital,"['E10', 'E13', 'E16', 'I79']","['insulin-dependent diabetes mellitus', 'specified diabetes mellitus', 'disorders of pancreatic internal secretion', 'disorders of arteries, arterioles and capillaries in diseases classified elsewhere']","[0, 0, 0, 0]",0.0
376,351,Flecainide,"['A02', 'A48', 'A69', 'B07', 'B36', 'B44', 'B49', 'B86', 'C11', 'C26', 'C41', 'C45', 'C50', 'C60', 'C66', 'C69', 'C76', 'C84', 'C88', 'D03', 'D07', 'D31', 'D34', 'D51', 'D89', 'E07', 'E22', 'E23', 'E27', 'E46', 'E74', 'E85', 'F52', 'G24', 'G52', 'G90', 'G92', 'H21', 'H31', 'H55', 'H61', 'J02', 'J11', 'J12', 'J61', 'K11', 'K41', 'L25', 'L60', 'L80', 'L81', 'M12', 'M60', 'N11', 'N34', 'N36', 'N50']","['salmonella infections', 'bacterial diseases', 'spirochaetal infections', 'viral warts', 'superficial mycoses', 'aspergillosis', 'mycosis', 'scabies', 'malignant neoplasm of nasopharynx', 'malignant neoplasm of ill-defined digestive organs', 'malignant neoplasm of bone and articular cartilage of sites', 'mesothelioma', 'malignant neoplasm of breast', 'malignant neoplasm of penis', 'malignant neoplasm of ureter', 'malignant neoplasm of eye and adnexa', 'malignant neoplasm of ill-defined sites', 'peripheral and cutaneous t-cell lymphomas', 'malignant immunoproliferative diseases', 'melanoma in situ', 'carcinoma in situ of genital organs', 'benign neoplasm of eye and adnexa', 'benign neoplasm of thyroid gland', 'vitamin b12 deficiency anaemia', 'disorders involving the immune mechanism', 'disorders of thyroid', 'hyperfunction of pituitary gland', 'hypofunction and disorders of pituitary gland', 'disorders of adrenal gland', 'protein-energy malnutrition', 'disorders of carbohydrate metabolism', 'amyloidosis', 'sexual dysfunction', 'dystonia', 'disorders of cranial nerves', 'disorders of autonomic nervous system', 'toxic encephalopathy', 'disorders of iris and ciliary body', 'disorders of choroid', 'nystagmus and irregular eye movements', 'disorders of external ear', 'acute pharyngitis', 'influenza virus', 'viral pneumonia', 'pneumoconiosis due to asbestos and mineral fibres', 'diseases of salivary glands', 'femoral hernia', 'contact dermatitis', 'nail disorders', 'vitiligo', 'disorders of pigmentation', 'specific arthropathies', 'myositis', 'chronic tubulo-interstitial nephritis', 'urethritis and urethral syndrome', 'disorders of urethra', 'disorders of male genital organs']","[0, 3, 0, 0, 0, 0, 0, 0, 0, 0, 1, 0, 0, 0, 0, 1, 0, 32, 1, 0, 0, 1, 0, 0, 3, 7, 0, 0, 0, 0, 0, 0, 0, 1, 3, 3, 0, 0, 0, 0, 0, 0, 2, 0, 1, 0, 0, 0, 0, 0, 0, 0, 0, 2, 0, 0]",1.0892857142857142
377,160_422,Clofibrate,"['M16', 'M87']","['coxarthrosis [arthrosis of hip]', 'osteonecrosis']","[0, 5]",2.5
378,383,Glutamic Acid,"['G60', 'H57', 'F09', 'I25', 'I99', 'J01', 'J41', 'M46']","['hereditary and idiopathic neuropathy', 'disorders of eye and adnexa', 'organic or symptomatic mental disorder', 'chronic ischaemic heart disease', 'disorders of circulatory system', 'acute sinusitis', 'simple and mucopurulent chronic bronchitis', 'inflammatory spondylopathies']","[196, 488, 1653, 17, 366, 0, 28]",392.57142857142856
379,118,"Interferon Alfa-2b, Recombinant","['F70', 'D53', 'F10', 'F34', 'F05', 'G31', 'H10', 'K72', 'L21']","['mild mental retardation', 'nutritional anaemias', 'mental and behavioural disorders due to use of alcohol', 'persistent mood [affective] disorders', 'delirium', 'degenerative diseases of nervous system', 'conjunctivitis', 'hepatic failure', 'seborrhoeic dermatitis']","[0, 4, 155, 4, 4, 0, 19, 290, 1]",53.0
380,408,Safinamide,"['K83', 'K85', 'K86', 'B18', 'C22', 'C24', 'C25', 'K80', 'K81', 'K82']","['diseases of biliary tract', 'acute pancreatitis', 'diseases of pancreas', 'chronic viral hepatitis', 'malignant neoplasm of liver and intrahepatic bile ducts', 'malignant neoplasm of parts of biliary tract', 'malignant neoplasm of pancreas', 'cholelithiasis', 'cholecystitis', 'diseases of gallbladder']","[0, 0, 0, 0, 1, 0, 0, 0, 0, 0]",0.1
381,441,Methysergide,"['N30', 'K63', 'C71', 'D36', 'D43']","['cystitis', 'diseases of intestine', 'malignant neoplasm of brain', 'benign neoplasm of sites', 'neoplasm of uncertain or unknown behaviour of brain and central nervous system']","[2, 14, 10, 9, 1162]",239.4
382,200,Epinastine,"['F09', 'F63', 'F03', 'F10', 'G31', 'L21', 'D52', 'E51', 'E53', 'I62', 'J39', 'K02', 'K12', 'M46']","['organic or symptomatic mental disorder', 'habit and impulse disorders', 'dementia', 'mental and behavioural disorders due to use of alcohol', 'degenerative diseases of nervous system', 'seborrhoeic dermatitis', 'folate deficiency anaemia', 'thiamine deficiency', 'deficiency of b group vitamins', 'nontraumatic intracranial haemorrhage', 'diseases of upper respiratory tract', 'dental caries', 'stomatitis and related lesions', 'inflammatory spondylopathies']","[4, 0, 0, 1, 0, 0, 0, 0, 0, 0, 1, 0, 3, 0]",0.6428571428571429
383,410,Resveratrol,"['I85', 'K70', 'K72', 'K74']","['oesophageal varices', 'alcoholic liver disease', 'hepatic failure', 'fibrosis and cirrhosis of liver']","[0, 237, 49, 566]",213.0
384,15_73,Chlorprothixene,"['E10', 'E14', 'E16']","['insulin-dependent diabetes mellitus', 'diabetes mellitus', 'disorders of pancreatic internal secretion']","[0, 1, 0]",0.3333333333333333
385,72,Apraclonidine,"['N18', 'D64', 'N19']","['chronic renal failure', 'anaemias', 'renal failure']","[0, 0, 0]",0.0
386,129,Methamphetamine,"['F17', 'G45', 'J15', 'J20', 'J93', 'L05']","['mental and behavioural disorders due to use of tobacco', 'transient cerebral ischaemic attacks and related syndromes', 'bacterial pneumonia', 'acute bronchitis', 'pneumothorax', 'pilonidal cyst']","[261, 503, 2, 0, 5, 0]",128.5
387,457,Ketobemidone,"['M16', 'M41', 'M42', 'M43', 'M87']","['coxarthrosis [arthrosis of hip]', 'scoliosis', 'spinal osteochondrosis', 'deforming dorsopathies', 'osteonecrosis']","[1, 0, 0, 0, 0]",0.2
388,389,Eprosartan,"['E10', 'E13', 'E16', 'H26', 'H33', 'H35', 'H36']","['insulin-dependent diabetes mellitus', 'specified diabetes mellitus', 'disorders of pancreatic internal secretion', 'cataract', 'retinal detachments and breaks', 'retinal disorders', 'retinal disorders in diseases classified elsewhere']","[1, 0, 0, 0, 0, 0]",0.16666666666666666
389,416,Clobetasol propionate,"['L82', 'M54', 'M79']","['seborrhoeic keratosis', 'dorsalgia', 'soft tissue disorders']","[1, 1, 4]",2.0
390,264,Clemastine,"['N39', 'A04', 'N30']","['disorders of urinary system', 'bacterial intestinal infections', 'cystitis']","[0, 0, 0]",0.0
391,200,Limaprost,"['F09', 'F63', 'F03', 'F10', 'G31', 'L21', 'D52', 'E51', 'E53', 'I62', 'J39', 'K02', 'K12', 'M46']","['organic or symptomatic mental disorder', 'habit and impulse disorders', 'dementia', 'mental and behavioural disorders due to use of alcohol', 'degenerative diseases of nervous system', 'seborrhoeic dermatitis', 'folate deficiency anaemia', 'thiamine deficiency', 'deficiency of b group vitamins', 'nontraumatic intracranial haemorrhage', 'diseases of upper respiratory tract', 'dental caries', 'stomatitis and related lesions', 'inflammatory spondylopathies']","[2, 0, 0, 0, 0, 0, 0, 0, 0, 0, 0, 0, 1, 6]",0.6428571428571429
392,11,Beclomethasone dipropionate,"['C71', 'C79', 'H53']","['malignant neoplasm of brain', 'secondary malignant neoplasm of specified sites', 'visual disturbances']","[1, 0, 2]",1.0
393,408,Certolizumab pegol,"['K83', 'K85', 'K86', 'B18', 'C22', 'C24', 'C25', 'K80', 'K81', 'K82']","['diseases of biliary tract', 'acute pancreatitis', 'diseases of pancreas', 'chronic viral hepatitis', 'malignant neoplasm of liver and intrahepatic bile ducts', 'malignant neoplasm of parts of biliary tract', 'malignant neoplasm of pancreas', 'cholelithiasis', 'cholecystitis', 'diseases of gallbladder']","[0, 2, 4, 1, 0, 0, 0, 0, 0]",0.7777777777777778
394,209,Glyburide,"['G46', 'I63', 'I64', 'I66']","['vascular syndromes of brain in cerebrovascular diseases', 'cerebral infarction', 'stroke', 'occlusion and stenosis of cerebral arteries']","[0, 38, 226, 302]",141.5
395,411,Zaleplon,"['G31', 'F10', 'F43']","['degenerative diseases of nervous system', 'mental and behavioural disorders due to use of alcohol', 'reaction to severe stress, and adjustment disorders']","[0, 16, 2]",6.0
396,373,Fostamatinib,"['E10', 'E13', 'E16', 'I79']","['insulin-dependent diabetes mellitus', 'specified diabetes mellitus', 'disorders of pancreatic internal secretion', 'disorders of arteries, arterioles and capillaries in diseases classified elsewhere']","[1, 0, 0, 0]",0.25
397,77,Estramustine,"['F11', 'F13', 'F19', 'B18', 'B24', 'F14', 'F15']","['mental and behavioural disorders due to use of opioids', 'mental and behavioural disorders due to use of sedatives or hypnotics', 'mental and behavioural disorders due to multiple drug use and use of psychoactive substances', 'chronic viral hepatitis', 'human immunodeficiency virus [hiv] disease', 'mental and behavioural disorders due to use of cocaine', 'mental and behavioural disorders due to use of stimulants, including caffeine']","[0, 0, 2, 0, 0, 0, 0]",0.2857142857142857
398,57,Sildenafil,"['E87', 'F10', 'F12', 'F17', 'F20', 'F60', 'F63']","['disorders of fluid, electrolyte and acid-base balance', 'mental and behavioural disorders due to use of alcohol', 'mental and behavioural disorders due to use of cannabinoids', 'mental and behavioural disorders due to use of tobacco', 'schizophrenia', 'specific personality disorders', 'habit and impulse disorders']","[6, 58, 3, 3, 21, 17]",18.0
399,289,Adinazolam,"['E83', 'D64', 'E03', 'E21', 'A49']","['disorders of mineral metabolism', 'anaemias', 'hypothyroidism', 'hyperparathyroidism and disorders of parathyroid gland', 'bacterial infection of site']","[0, 0, 0, 0, 0]",0.0
400,12,Probenecid,"['D61', 'D69', 'D70']","['aplastic anaemias', 'purpura and haemorrhagic conditions', 'agranulocytosis']","[1, 271, 3]",91.66666666666667
401,384,Foreskin keratinocyte (neonatal),"['F01', 'G40', 'G41', 'I62']","['vascular dementia', 'epilepsy', 'status epilepticus', 'nontraumatic intracranial haemorrhage']","[0, 0, 0, 0]",0.0
402,160_422,Zolpidem,"['M16', 'M87']","['coxarthrosis [arthrosis of hip]', 'osteonecrosis']",[0],0.0
403,378,Arbutin,"['F10', 'F13', 'F31', 'F60', 'G31', 'D53', 'E51', 'K08']","['mental and behavioural disorders due to use of alcohol', 'mental and behavioural disorders due to use of sedatives or hypnotics', 'bipolar affective disorder', 'specific personality disorders', 'degenerative diseases of nervous system', 'nutritional anaemias', 'thiamine deficiency', 'disorders of teeth and supporting structures']","[1, 0, 1, 0, 0, 0, 0, 133]",16.875
404,444,Astemizole,"['E10', 'E13', 'E16', 'H26', 'H33']","['insulin-dependent diabetes mellitus', 'specified diabetes mellitus', 'disorders of pancreatic internal secretion', 'cataract', 'retinal detachments and breaks']","[2, 0, 0, 0, 1]",0.6
405,334,Temsirolimus,"['L28', 'K76', 'D73', 'E51', 'M89']","['lichen simplex chronicus and prurigo', 'diseases of liver', 'diseases of spleen', 'thiamine deficiency', 'disorders of bone']","[0, 48, 1, 0, 38]",17.4
406,378,Efavirenz,"['F10', 'F13', 'F31', 'F60', 'G31', 'D53', 'E51', 'K08']","['mental and behavioural disorders due to use of alcohol', 'mental and behavioural disorders due to use of sedatives or hypnotics', 'bipolar affective disorder', 'specific personality disorders', 'degenerative diseases of nervous system', 'nutritional anaemias', 'thiamine deficiency', 'disorders of teeth and supporting structures']","[8, 31, 5, 0, 0, 1, 0, 182]",28.375
407,157_240,Neratinib,"['K80', 'K81', 'K82', 'K83']","['cholelithiasis', 'cholecystitis', 'diseases of gallbladder', 'diseases of biliary tract']","[0, 0, 0, 4]",1.0
408,85,Lopinavir,"['F41', 'F45']","['anxiety disorders', 'somatoform disorders']","[3, 0]",1.5
409,176,Racepinephrine,"['K74', 'I85', 'C22', 'K31', 'K72', 'B99']","['fibrosis and cirrhosis of liver', 'oesophageal varices', 'malignant neoplasm of liver and intrahepatic bile ducts', 'diseases of stomach and duodenum', 'hepatic failure', 'infectious diseases']","[1, 0, 0, 0, 0, 1]",0.3333333333333333
410,264,Milnacipran,"['N39', 'A04', 'N30']","['disorders of urinary system', 'bacterial intestinal infections', 'cystitis']","[1, 0, 1]",0.6666666666666666
411,266,Naloxone,"['N39', 'I95']","['disorders of urinary system', 'hypotension']","[17, 2907]",1462.0
412,445,Corticotropin,"['G91', 'I60', 'H04', 'H21', 'E11', 'E53', 'E55', 'G82', 'N08']","['hydrocephalus', 'subarachnoid haemorrhage', 'disorders of lachrymal system', 'disorders of iris and ciliary body', 'non-insulin-dependent diabetes mellitus', 'deficiency of b group vitamins', 'vitamin d deficiency', 'paraplegia and tetraplegia', 'glomerular disorders in diseases classified elsewhere']","[49, 49, 0, 11, 234, 0, 23, 0]",45.75
413,451,Vayarin,"['I31', 'I20', 'I21']","['diseases of pericardium', 'angina pectoris', 'acute myocardial infarction']","[0, 0, 0]",0.0
414,5,Pioglitazone,"['A49', 'B27', 'J03', 'J11', 'J38', 'L50']","['bacterial infection of site', 'infectious mononucleosis', 'acute tonsillitis', 'influenza virus', 'diseases of vocal cords and larynx', 'urticaria']","[0, 0, 0, 2, 2, 1]",0.8333333333333334
415,23,Diphenoxylate,"['E88', 'F79', 'G25', 'G41', 'I47', 'J69', 'G40', 'J96']","['metabolic disorders', 'mental retardation', 'extrapyramidal and movement disorders', 'status epilepticus', 'paroxysmal tachycardia', 'pneumonitis due to solids and liquids', 'epilepsy', 'respiratory failure']","[20, 0, 0, 0, 0, 29, 0, 11]",7.5
416,401,Safinamide,"['F09', 'J62', 'J44', 'J47', 'K20']","['organic or symptomatic mental disorder', 'pneumoconiosis due to dust containing silica', 'chronic obstructive pulmonary disease', 'bronchiectasis', 'oesophagitis']","[5, 0, 0, 0, 0]",1.0
417,158,Capsaicin,"['K92', 'D62']","['diseases of digestive system', 'acute posthaemorrhagic anaemia']","[402, 0]",201.0
418,356,Cabergoline,"['B18', 'C22', 'C24', 'K73']","['chronic viral hepatitis', 'malignant neoplasm of liver and intrahepatic bile ducts', 'malignant neoplasm of parts of biliary tract', 'chronic hepatitis']","[0, 6, 0, 0]",1.5
419,54,Caspofungin,"['E87', 'F10', 'F17']","['disorders of fluid, electrolyte and acid-base balance', 'mental and behavioural disorders due to use of alcohol', 'mental and behavioural disorders due to use of tobacco']","[0, 0, 0]",0.0
420,177,Tubocurarine,"['C32', 'J37', 'J38']","['malignant neoplasm of larynx', 'chronic laryngitis and laryngotracheitis', 'diseases of vocal cords and larynx']","[1, 0, 11]",4.0
421,74,Terlipressin,"['E11', 'E66', 'E78', 'E79', 'G47']","['non-insulin-dependent diabetes mellitus', 'obesity', 'disorders of lipoprotein metabolism and lipidaemias', 'disorders of purine and pyrimidine metabolism', 'sleep disorders']","[3, 4, 1, 2, 0]",2.0
422,200,Rosiglitazone,"['F09', 'F63', 'F03', 'F10', 'G31', 'L21', 'D52', 'E51', 'E53', 'I62', 'J39', 'K02', 'K12', 'M46']","['organic or symptomatic mental disorder', 'habit and impulse disorders', 'dementia', 'mental and behavioural disorders due to use of alcohol', 'degenerative diseases of nervous system', 'seborrhoeic dermatitis', 'folate deficiency anaemia', 'thiamine deficiency', 'deficiency of b group vitamins', 'nontraumatic intracranial haemorrhage', 'diseases of upper respiratory tract', 'dental caries', 'stomatitis and related lesions', 'inflammatory spondylopathies']","[74, 15, 111, 2, 2, 0, 0, 0, 0, 0, 5, 0, 30, 3]",17.285714285714285
423,217,Vorinostat,"['I20', 'I21', 'I25', 'B00']","['angina pectoris', 'acute myocardial infarction', 'chronic ischaemic heart disease', 'herpesviral [herpes simplex] infections']","[0, 0, 1, 0]",0.25
424,131,Glutathione,"['F11', 'F13', 'F33', 'F43', 'F60']","['mental and behavioural disorders due to use of opioids', 'mental and behavioural disorders due to use of sedatives or hypnotics', 'recurrent depressive disorder', 'reaction to severe stress, and adjustment disorders', 'specific personality disorders']","[48, 1198, 7, 429, 2]",336.8
425,119,gamma-Aminobutyric acid,"['F70', 'D75', 'D52', 'F10', 'F22', 'G31', 'L21', 'C10', 'C13', 'E53', 'H10', 'I86', 'N62']","['mild mental retardation', 'diseases of blood and blood-forming organs', 'folate deficiency anaemia', 'mental and behavioural disorders due to use of alcohol', 'persistent delusional disorders', 'degenerative diseases of nervous system', 'seborrhoeic dermatitis', 'malignant neoplasm of oropharynx', 'malignant neoplasm of hypopharynx', 'deficiency of b group vitamins', 'conjunctivitis', 'varicose veins of specified sites', 'hypertrophy of breast']","[29, 1233, 0, 1603, 0, 63, 0, 0, 0, 10, 1, 0, 0]",226.07692307692307
426,351,Amcinonide,"['A02', 'A48', 'A69', 'B07', 'B36', 'B44', 'B49', 'B86', 'C11', 'C26', 'C41', 'C45', 'C50', 'C60', 'C66', 'C69', 'C76', 'C84', 'C88', 'D03', 'D07', 'D31', 'D34', 'D51', 'D89', 'E07', 'E22', 'E23', 'E27', 'E46', 'E74', 'E85', 'F52', 'G24', 'G52', 'G90', 'G92', 'H21', 'H31', 'H55', 'H61', 'J02', 'J11', 'J12', 'J61', 'K11', 'K41', 'L25', 'L60', 'L80', 'L81', 'M12', 'M60', 'N11', 'N34', 'N36', 'N50']","['salmonella infections', 'bacterial diseases', 'spirochaetal infections', 'viral warts', 'superficial mycoses', 'aspergillosis', 'mycosis', 'scabies', 'malignant neoplasm of nasopharynx', 'malignant neoplasm of ill-defined digestive organs', 'malignant neoplasm of bone and articular cartilage of sites', 'mesothelioma', 'malignant neoplasm of breast', 'malignant neoplasm of penis', 'malignant neoplasm of ureter', 'malignant neoplasm of eye and adnexa', 'malignant neoplasm of ill-defined sites', 'peripheral and cutaneous t-cell lymphomas', 'malignant immunoproliferative diseases', 'melanoma in situ', 'carcinoma in situ of genital organs', 'benign neoplasm of eye and adnexa', 'benign neoplasm of thyroid gland', 'vitamin b12 deficiency anaemia', 'disorders involving the immune mechanism', 'disorders of thyroid', 'hyperfunction of pituitary gland', 'hypofunction and disorders of pituitary gland', 'disorders of adrenal gland', 'protein-energy malnutrition', 'disorders of carbohydrate metabolism', 'amyloidosis', 'sexual dysfunction', 'dystonia', 'disorders of cranial nerves', 'disorders of autonomic nervous system', 'toxic encephalopathy', 'disorders of iris and ciliary body', 'disorders of choroid', 'nystagmus and irregular eye movements', 'disorders of external ear', 'acute pharyngitis', 'influenza virus', 'viral pneumonia', 'pneumoconiosis due to asbestos and mineral fibres', 'diseases of salivary glands', 'femoral hernia', 'contact dermatitis', 'nail disorders', 'vitiligo', 'disorders of pigmentation', 'specific arthropathies', 'myositis', 'chronic tubulo-interstitial nephritis', 'urethritis and urethral syndrome', 'disorders of urethra', 'disorders of male genital organs']","[0, 0, 0, 0, 0, 0, 0, 0, 0, 0, 0, 0, 0, 0, 0, 0, 0, 0, 0, 0, 0, 0, 0, 0, 0, 0, 0, 0, 0, 0, 0, 0, 0, 0, 0, 0, 0, 0, 0, 0, 0, 1, 0, 0, 0, 24, 0, 0, 0, 0, 0, 0, 0, 0, 0]",0.45454545454545453
427,266,Thiotepa,"['N39', 'I95']","['disorders of urinary system', 'hypotension']","[5, 10]",7.5
428,122_194,Ezogabine,"['E10', 'E16', 'H36']","['insulin-dependent diabetes mellitus', 'disorders of pancreatic internal secretion', 'retinal disorders in diseases classified elsewhere']","[0, 0, 0]",0.0
429,410,Ifenprodil,"['I85', 'K70', 'K72', 'K74']","['oesophageal varices', 'alcoholic liver disease', 'hepatic failure', 'fibrosis and cirrhosis of liver']","[0, 0, 0, 4]",1.0
430,384,Aminophylline,"['F01', 'G40', 'G41', 'I62']","['vascular dementia', 'epilepsy', 'status epilepticus', 'nontraumatic intracranial haemorrhage']","[0, 52, 15, 0]",16.75
431,244,Eprosartan,"['L71', 'K70', 'D53', 'F05', 'G31']","['rosacea', 'alcoholic liver disease', 'nutritional anaemias', 'delirium', 'degenerative diseases of nervous system']","[0, 2, 0, 0, 0]",0.4
432,3,Propofol,"['H73', 'K92']","['disorders of tympanic membrane', 'diseases of digestive system']","[1, 157]",79.0
433,222_294,Belinostat,"['G93', 'I46']","['disorders of brain', 'cardiac arrest']","[7, 1]",4.0
434,334,Cupric sulfate,"['L28', 'K76', 'D73', 'E51', 'M89']","['lichen simplex chronicus and prurigo', 'diseases of liver', 'diseases of spleen', 'thiamine deficiency', 'disorders of bone']","[0, 180, 3, 0, 15]",39.6
435,405,Nesiritide,"['K83', 'B18', 'C22', 'C24', 'C25', 'K80', 'K81', 'K82', 'K85', 'K86']","['diseases of biliary tract', 'chronic viral hepatitis', 'malignant neoplasm of liver and intrahepatic bile ducts', 'malignant neoplasm of parts of biliary tract', 'malignant neoplasm of pancreas', 'cholelithiasis', 'cholecystitis', 'diseases of gallbladder', 'acute pancreatitis', 'diseases of pancreas']","[1, 9, 21, 0, 9, 2, 2, 2, 13, 19]",7.8
436,379,Hydrogen peroxide,"['F13', 'F33', 'F41', 'F43', 'F45', 'F32']","['mental and behavioural disorders due to use of sedatives or hypnotics', 'recurrent depressive disorder', 'anxiety disorders', 'reaction to severe stress, and adjustment disorders', 'somatoform disorders', 'depressive episode']","[230, 4, 23, 198, 0, 6]",76.83333333333333
437,274,Indacaterol,"['J47', 'J44', 'A16', 'B44', 'D52', 'J04', 'J39', 'L28', 'M00']","['bronchiectasis', 'chronic obstructive pulmonary disease', 'respiratory tuberculosis', 'aspergillosis', 'folate deficiency anaemia', 'acute laryngitis and tracheitis', 'diseases of upper respiratory tract', 'lichen simplex chronicus and prurigo', 'pyogenic arthritis']","[1, 455, 8, 0, 0, 0, 2, 0, 0]",51.77777777777778
438,394,Levorphanol,"['B36', 'D34', 'E72', 'F09', 'G90', 'I10', 'I30', 'I33', 'I60', 'I78', 'J13', 'J30', 'K73', 'L08', 'L21', 'L23', 'L29', 'L71', 'L85', 'N02', 'N04', 'C74', 'E26', 'E29', 'G37', 'G96', 'H72', 'I68', 'J35', 'K09', 'L70', 'M14', 'N03', 'N49']","['superficial mycoses', 'benign neoplasm of thyroid gland', 'disorders of amino-acid metabolism', 'organic or symptomatic mental disorder', 'disorders of autonomic nervous system', 'essential (primary) hypertension', 'acute pericarditis', 'acute and subacute endocarditis', 'subarachnoid haemorrhage', 'diseases of capillaries', 'pneumonia due to streptococcus pneumoniae', 'vasomotor and allergic rhinitis', 'chronic hepatitis', 'local infections of skin and subcutaneous tissue', 'seborrhoeic dermatitis', 'allergic contact dermatitis', 'pruritus', 'rosacea', 'epidermal thickening', 'recurrent and persistent haematuria', 'nephrotic syndrome', 'malignant neoplasm of adrenal gland', 'hyperaldosteronism', 'testicular dysfunction', 'demyelinating diseases of central nervous system', 'disorders of central nervous system', 'perforation of tympanic membrane', 'cerebrovascular disorders in diseases classified elsewhere', 'chronic diseases of tonsils and adenoids', 'cysts of oral region', 'acne', 'arthropathies in diseases classified elsewhere', 'chronic nephritic syndrome', 'inflammatory disorders of male genital organs']","[0, 0, 1, 7, 0, 0, 0, 0, 0, 0, 0, 0, 1, 1, 0, 0, 1, 0, 0, 0, 0, 0, 0, 0, 0, 13, 0, 0, 0, 0, 0, 0, 0, 0]",0.7058823529411765
439,315,Nifedipine,"['I20', 'B00', 'K04']","['angina pectoris', 'herpesviral [herpes simplex] infections', 'diseases of pulp and periapical tissues']","[1415, 0, 2]",472.3333333333333
440,131,Clofibrate,"['F11', 'F13', 'F33', 'F43', 'F60']","['mental and behavioural disorders due to use of opioids', 'mental and behavioural disorders due to use of sedatives or hypnotics', 'recurrent depressive disorder', 'reaction to severe stress, and adjustment disorders', 'specific personality disorders']","[0, 177, 0, 0, 0]",35.4
441,19_53,Technetium Tc-99m tetrofosmin,"['E84', 'K86']","['cystic fibrosis', 'diseases of pancreas']","[0, 1]",0.5
442,210_305,Sucralfate,"['M43', 'M48', 'M51', 'M54', 'M96', 'G54', 'H61']","['deforming dorsopathies', 'spondylopathies', 'intervertebral disk disorders', 'dorsalgia', 'postprocedural musculoskeletal disorders', 'nerve root and plexus disorders', 'disorders of external ear']","[0, 3, 2, 0, 1, 0]",1.0
443,222_294,Ipratropium,"['G93', 'I46']","['disorders of brain', 'cardiac arrest']","[17, 16]",16.5
444,402,Pseudoephedrine,"['C34', 'C38', 'C71', 'D43', 'J82']","['malignant neoplasm of bronchus and lung', 'malignant neoplasm of heart, mediastinum and pleura', 'malignant neoplasm of brain', 'neoplasm of uncertain or unknown behaviour of brain and central nervous system', 'pulmonary eosinophilia']","[21, 0, 1, 144, 3]",33.8
445,25,Fulvestrant,"['F90', 'F91']","['hyperkinetic disorders', 'conduct disorders']","[1, 1]",1.0
446,307,Sodium ferric gluconate complex,"['J31', 'K45', 'E66', 'G62', 'G61', 'H16', 'L71', 'M93']","['chronic rhinitis, nasopharyngitis and pharyngitis', 'abdominal hernia', 'obesity', 'polyneuropathies', 'inflammatory polyneuropathy', 'keratitis', 'rosacea', 'osteochondropathies']","[0, 0, 0, 0, 0, 0, 0, 0]",0.0
447,253,Formoterol,"['E79', 'M16', 'M87']","['disorders of purine and pyrimidine metabolism', 'coxarthrosis [arthrosis of hip]', 'osteonecrosis']","[42, 0, 0]",14.0
448,119,Carprofen,"['F70', 'D75', 'D52', 'F10', 'F22', 'G31', 'L21', 'C10', 'C13', 'E53', 'H10', 'I86', 'N62']","['mild mental retardation', 'diseases of blood and blood-forming organs', 'folate deficiency anaemia', 'mental and behavioural disorders due to use of alcohol', 'persistent delusional disorders', 'degenerative diseases of nervous system', 'seborrhoeic dermatitis', 'malignant neoplasm of oropharynx', 'malignant neoplasm of hypopharynx', 'deficiency of b group vitamins', 'conjunctivitis', 'varicose veins of specified sites', 'hypertrophy of breast']","[71, 0, 1, 0, 0, 0, 0, 0, 0, 0, 0, 0]",6.0
449,203,Rosiglitazone,"['F32', 'F48', 'B37', 'F51', 'K02', 'K04', 'K08']","['depressive episode', 'neurotic disorders', 'candidiasis', 'sleep disorders', 'dental caries', 'diseases of pulp and periapical tissues', 'disorders of teeth and supporting structures']","[1, 0, 2, 6, 0, 0, 318]",46.714285714285715
450,119,Modafinil,"['F70', 'D75', 'D52', 'F10', 'F22', 'G31', 'L21', 'C10', 'C13', 'E53', 'H10', 'I86', 'N62']","['mild mental retardation', 'diseases of blood and blood-forming organs', 'folate deficiency anaemia', 'mental and behavioural disorders due to use of alcohol', 'persistent delusional disorders', 'degenerative diseases of nervous system', 'seborrhoeic dermatitis', 'malignant neoplasm of oropharynx', 'malignant neoplasm of hypopharynx', 'deficiency of b group vitamins', 'conjunctivitis', 'varicose veins of specified sites', 'hypertrophy of breast']","[2, 33, 0, 93, 0, 2, 0, 0, 0, 0, 0, 0]",10.833333333333334
451,118,Arbutamine,"['F70', 'D53', 'F10', 'F34', 'F05', 'G31', 'H10', 'K72', 'L21']","['mild mental retardation', 'nutritional anaemias', 'mental and behavioural disorders due to use of alcohol', 'persistent mood [affective] disorders', 'delirium', 'degenerative diseases of nervous system', 'conjunctivitis', 'hepatic failure', 'seborrhoeic dermatitis']","[0, 0, 0, 0, 0, 0, 0, 0, 0]",0.0
452,4,Thiamine,"['A41', 'C91', 'N10']","['septicaemia', 'lymphoid leukaemia', 'acute tubulo-interstitial nephritis']","[318, 26, 0]",114.66666666666667
453,444,Pentamidine,"['E10', 'E13', 'E16', 'H26', 'H33']","['insulin-dependent diabetes mellitus', 'specified diabetes mellitus', 'disorders of pancreatic internal secretion', 'cataract', 'retinal detachments and breaks']","[17, 1, 1, 4, 12]",7.0
454,411,Glutethimide,"['G31', 'F10', 'F43']","['degenerative diseases of nervous system', 'mental and behavioural disorders due to use of alcohol', 'reaction to severe stress, and adjustment disorders']","[0, 1]",0.5
455,389,Pasireotide,"['E10', 'E13', 'E16', 'H26', 'H33', 'H35', 'H36']","['insulin-dependent diabetes mellitus', 'specified diabetes mellitus', 'disorders of pancreatic internal secretion', 'cataract', 'retinal detachments and breaks', 'retinal disorders', 'retinal disorders in diseases classified elsewhere']","[2, 0, 1, 0, 0, 0]",0.5
456,373,Dihydroergocristine,"['E10', 'E13', 'E16', 'I79']","['insulin-dependent diabetes mellitus', 'specified diabetes mellitus', 'disorders of pancreatic internal secretion', 'disorders of arteries, arterioles and capillaries in diseases classified elsewhere']","[0, 0, 0, 0]",0.0
457,408,Octocrylene,"['K83', 'K85', 'K86', 'B18', 'C22', 'C24', 'C25', 'K80', 'K81', 'K82']","['diseases of biliary tract', 'acute pancreatitis', 'diseases of pancreas', 'chronic viral hepatitis', 'malignant neoplasm of liver and intrahepatic bile ducts', 'malignant neoplasm of parts of biliary tract', 'malignant neoplasm of pancreas', 'cholelithiasis', 'cholecystitis', 'diseases of gallbladder']","[0, 0, 0, 0, 0, 0, 0, 0, 0, 0]",0.0
458,261,Halothane,"['N25', 'N18', 'A04', 'B02', 'N03']","['disorders resulting from impaired renal tubular function', 'chronic renal failure', 'bacterial intestinal infections', 'zoster [herpes zoster]', 'chronic nephritic syndrome']","[2, 39, 1, 0, 0]",8.4
459,61,Fluspirilene,"['I10', 'I15']","['essential (primary) hypertension', 'secondary hypertension']","[0, 0]",0.0
460,152,Diethylcarbamazine,"['K21', 'K25', 'K26', 'K31']","['gastro-oesophageal reflux disease', 'gastric ulcer', 'duodenal ulcer', 'diseases of stomach and duodenum']","[0, 1, 0, 5]",1.5
461,11,Daclatasvir,"['C71', 'C79', 'H53']","['malignant neoplasm of brain', 'secondary malignant neoplasm of specified sites', 'visual disturbances']","[0, 0, 0]",0.0
462,182,Fluocinonide,"['C82', 'C83', 'C85']","[""follicular [nodular] non-hodgkin's lymphoma"", ""diffuse non-hodgkin's lymphoma"", ""specified types of non-hodgkin's lymphoma""]","[0, 0, 0]",0.0
463,378,Omega-3 fatty acids,"['F10', 'F13', 'F31', 'F60', 'G31', 'D53', 'E51', 'K08']","['mental and behavioural disorders due to use of alcohol', 'mental and behavioural disorders due to use of sedatives or hypnotics', 'bipolar affective disorder', 'specific personality disorders', 'degenerative diseases of nervous system', 'nutritional anaemias', 'thiamine deficiency', 'disorders of teeth and supporting structures']","[149, 46, 258, 8, 30, 68, 8, 1428]",249.375
464,351,Diacerein,"['A02', 'A48', 'A69', 'B07', 'B36', 'B44', 'B49', 'B86', 'C11', 'C26', 'C41', 'C45', 'C50', 'C60', 'C66', 'C69', 'C76', 'C84', 'C88', 'D03', 'D07', 'D31', 'D34', 'D51', 'D89', 'E07', 'E22', 'E23', 'E27', 'E46', 'E74', 'E85', 'F52', 'G24', 'G52', 'G90', 'G92', 'H21', 'H31', 'H55', 'H61', 'J02', 'J11', 'J12', 'J61', 'K11', 'K41', 'L25', 'L60', 'L80', 'L81', 'M12', 'M60', 'N11', 'N34', 'N36', 'N50']","['salmonella infections', 'bacterial diseases', 'spirochaetal infections', 'viral warts', 'superficial mycoses', 'aspergillosis', 'mycosis', 'scabies', 'malignant neoplasm of nasopharynx', 'malignant neoplasm of ill-defined digestive organs', 'malignant neoplasm of bone and articular cartilage of sites', 'mesothelioma', 'malignant neoplasm of breast', 'malignant neoplasm of penis', 'malignant neoplasm of ureter', 'malignant neoplasm of eye and adnexa', 'malignant neoplasm of ill-defined sites', 'peripheral and cutaneous t-cell lymphomas', 'malignant immunoproliferative diseases', 'melanoma in situ', 'carcinoma in situ of genital organs', 'benign neoplasm of eye and adnexa', 'benign neoplasm of thyroid gland', 'vitamin b12 deficiency anaemia', 'disorders involving the immune mechanism', 'disorders of thyroid', 'hyperfunction of pituitary gland', 'hypofunction and disorders of pituitary gland', 'disorders of adrenal gland', 'protein-energy malnutrition', 'disorders of carbohydrate metabolism', 'amyloidosis', 'sexual dysfunction', 'dystonia', 'disorders of cranial nerves', 'disorders of autonomic nervous system', 'toxic encephalopathy', 'disorders of iris and ciliary body', 'disorders of choroid', 'nystagmus and irregular eye movements', 'disorders of external ear', 'acute pharyngitis', 'influenza virus', 'viral pneumonia', 'pneumoconiosis due to asbestos and mineral fibres', 'diseases of salivary glands', 'femoral hernia', 'contact dermatitis', 'nail disorders', 'vitiligo', 'disorders of pigmentation', 'specific arthropathies', 'myositis', 'chronic tubulo-interstitial nephritis', 'urethritis and urethral syndrome', 'disorders of urethra', 'disorders of male genital organs']","[0, 5, 0, 0, 0, 0, 0, 0, 0, 2, 0, 2, 0, 0, 1, 0, 13, 0, 0, 0, 1, 0, 0, 2, 1, 0, 0, 0, 0, 0, 0, 0, 0, 1, 0, 1, 1, 0, 0, 0, 1, 3, 0, 0, 0, 0, 0, 0, 2, 21, 0, 0, 2]",1.1132075471698113
465,289,Dolutegravir,"['E83', 'D64', 'E03', 'E21', 'A49']","['disorders of mineral metabolism', 'anaemias', 'hypothyroidism', 'hyperparathyroidism and disorders of parathyroid gland', 'bacterial infection of site']","[17, 3, 1, 9]",7.5
466,10,Tipranavir,"['J20', 'J30', 'J42', 'L30', 'D80']","['acute bronchitis', 'vasomotor and allergic rhinitis', 'chronic bronchitis', 'dermatitis', 'immunodeficiency with antibody defects']","[0, 0, 0, 1, 0]",0.2
467,167,Thrombin,"['M19', 'M24', 'M25', 'M65', 'M67', 'M75', 'M77', 'M66', 'M76']","['arthrosis', 'specific joint derangements', 'joint disorders', 'infective (teno)synovitis', 'disorders of synovium and tendon', 'shoulder lesions', 'enthesopathies', 'spontaneous rupture of synovium and tendon', 'enthesopathies of lower limb, excluding foot']","[288, 0, 308, 0, 94, 3, 0, 72, 0]",85.0
468,301_353,Turoctocog alfa,"['G20', 'F02', 'G21']","[""parkinson's disease"", 'dementia in diseases classified elsewhere', 'secondary parkinsonism']","[0, 0, 0]",0.0
469,244,Triamcinolone,"['L71', 'K70', 'D53', 'F05', 'G31']","['rosacea', 'alcoholic liver disease', 'nutritional anaemias', 'delirium', 'degenerative diseases of nervous system']","[18, 1, 1, 2, 2]",4.8
470,292,Chloroquine,"['E10', 'E13', 'E16']","['insulin-dependent diabetes mellitus', 'specified diabetes mellitus', 'disorders of pancreatic internal secretion']","[38, 1, 4]",14.333333333333334
471,264,Drostanolone,"['N39', 'A04', 'N30']","['disorders of urinary system', 'bacterial intestinal infections', 'cystitis']","[0, 0, 0]",0.0
472,11,Edoxaban,"['C71', 'C79', 'H53']","['malignant neoplasm of brain', 'secondary malignant neoplasm of specified sites', 'visual disturbances']","[9, 0, 2]",3.6666666666666665
473,131,Ethanol,"['F11', 'F13', 'F33', 'F43', 'F60']","['mental and behavioural disorders due to use of opioids', 'mental and behavioural disorders due to use of sedatives or hypnotics', 'recurrent depressive disorder', 'reaction to severe stress, and adjustment disorders', 'specific personality disorders']","[1192, 4330, 7, 115, 30]",1134.8
474,408,Eslicarbazepine acetate,"['K83', 'K85', 'K86', 'B18', 'C22', 'C24', 'C25', 'K80', 'K81', 'K82']","['diseases of biliary tract', 'acute pancreatitis', 'diseases of pancreas', 'chronic viral hepatitis', 'malignant neoplasm of liver and intrahepatic bile ducts', 'malignant neoplasm of parts of biliary tract', 'malignant neoplasm of pancreas', 'cholelithiasis', 'cholecystitis', 'diseases of gallbladder']","[0, 0, 0, 0, 0, 0, 0, 0, 0, 0]",0.0
475,149,Isocarboxazid,"['J44', 'J98']","['chronic obstructive pulmonary disease', 'respiratory disorders']","[0, 0]",0.0
476,176,Dronabinol,"['K74', 'I85', 'C22', 'K31', 'K72', 'B99']","['fibrosis and cirrhosis of liver', 'oesophageal varices', 'malignant neoplasm of liver and intrahepatic bile ducts', 'diseases of stomach and duodenum', 'hepatic failure', 'infectious diseases']","[26, 0, 12, 11, 2, 130]",30.166666666666668
477,238,Panobinostat,"['K25', 'K26', 'K70', 'D52', 'D62', 'F05']","['gastric ulcer', 'duodenal ulcer', 'alcoholic liver disease', 'folate deficiency anaemia', 'acute posthaemorrhagic anaemia', 'delirium']","[0, 0, 0, 0, 0, 0]",0.0
478,394,Dihomo-gamma-linolenic acid,"['B36', 'D34', 'E72', 'F09', 'G90', 'I10', 'I30', 'I33', 'I60', 'I78', 'J13', 'J30', 'K73', 'L08', 'L21', 'L23', 'L29', 'L71', 'L85', 'N02', 'N04', 'C74', 'E26', 'E29', 'G37', 'G96', 'H72', 'I68', 'J35', 'K09', 'L70', 'M14', 'N03', 'N49']","['superficial mycoses', 'benign neoplasm of thyroid gland', 'disorders of amino-acid metabolism', 'organic or symptomatic mental disorder', 'disorders of autonomic nervous system', 'essential (primary) hypertension', 'acute pericarditis', 'acute and subacute endocarditis', 'subarachnoid haemorrhage', 'diseases of capillaries', 'pneumonia due to streptococcus pneumoniae', 'vasomotor and allergic rhinitis', 'chronic hepatitis', 'local infections of skin and subcutaneous tissue', 'seborrhoeic dermatitis', 'allergic contact dermatitis', 'pruritus', 'rosacea', 'epidermal thickening', 'recurrent and persistent haematuria', 'nephrotic syndrome', 'malignant neoplasm of adrenal gland', 'hyperaldosteronism', 'testicular dysfunction', 'demyelinating diseases of central nervous system', 'disorders of central nervous system', 'perforation of tympanic membrane', 'cerebrovascular disorders in diseases classified elsewhere', 'chronic diseases of tonsils and adenoids', 'cysts of oral region', 'acne', 'arthropathies in diseases classified elsewhere', 'chronic nephritic syndrome', 'inflammatory disorders of male genital organs']","[0, 0, 22, 8, 0, 2, 0, 0, 4, 7, 4, 16, 0, 7, 0, 2, 4, 0, 0, 14, 0, 1, 2, 1, 1, 20, 0, 0, 0, 0, 3, 0, 0, 0]",3.4705882352941178
479,182,Carbachol,"['C82', 'C83', 'C85']","[""follicular [nodular] non-hodgkin's lymphoma"", ""diffuse non-hodgkin's lymphoma"", ""specified types of non-hodgkin's lymphoma""]","[0, 0, 0]",0.0
480,190,Technetium Tc-99m sestamibi,"['M54', 'G54', 'L50', 'M71', 'M76']","['dorsalgia', 'nerve root and plexus disorders', 'urticaria', 'bursopathies', 'enthesopathies of lower limb, excluding foot']","[6, 3, 1, 0, 0]",2.0
481,85,Oxcarbazepine,"['F41', 'F45']","['anxiety disorders', 'somatoform disorders']","[33, 1]",17.0
482,117,Dexchlorpheniramine maleate,"['I84', 'K62', 'D12']","['haemorrhoids', 'diseases of anus and rectum', 'benign neoplasm of colon, rectum, anus and anal canal']","[1, 0, 0]",0.3333333333333333
483,110,Lasofoxifene,"['N18', 'D64']","['chronic renal failure', 'anaemias']","[0, 0]",0.0
484,191,Nelfinavir,"['D68', 'I26', 'I80', 'I82']","['coagulation defects', 'pulmonary embolism', 'phlebitis and thrombophlebitis', 'venous embolism and thrombosis']","[6, 0, 0, 1]",1.75
485,160_422,Pentosan Polysulfate,"['M16', 'M87']","['coxarthrosis [arthrosis of hip]', 'osteonecrosis']",[1],1.0
486,431,Eugenol,"['I65', 'N39']","['occlusion and stenosis of precerebral arteries', 'disorders of urinary system']","[63, 1]",32.0
487,205,Primaquine,"['D52', 'J41', 'L71', 'F17', 'J42', 'J13', 'J39', 'K04', 'K08', 'K12', 'L08', 'N62']","['folate deficiency anaemia', 'simple and mucopurulent chronic bronchitis', 'rosacea', 'mental and behavioural disorders due to use of tobacco', 'chronic bronchitis', 'pneumonia due to streptococcus pneumoniae', 'diseases of upper respiratory tract', 'diseases of pulp and periapical tissues', 'disorders of teeth and supporting structures', 'stomatitis and related lesions', 'local infections of skin and subcutaneous tissue', 'hypertrophy of breast']","[0, 0, 0, 0, 0, 0, 0, 0, 153, 9, 0]",14.727272727272727
488,76,Temsirolimus,"['F10', 'K70']","['mental and behavioural disorders due to use of alcohol', 'alcoholic liver disease']","[0, 1]",0.5
489,94,Tiotropium,"['I26', 'I80', 'J18']","['pulmonary embolism', 'phlebitis and thrombophlebitis', 'pneumonia, organism']","[0, 2]",1.0
490,200,Glutathione,"['F09', 'F63', 'F03', 'F10', 'G31', 'L21', 'D52', 'E51', 'E53', 'I62', 'J39', 'K02', 'K12', 'M46']","['organic or symptomatic mental disorder', 'habit and impulse disorders', 'dementia', 'mental and behavioural disorders due to use of alcohol', 'degenerative diseases of nervous system', 'seborrhoeic dermatitis', 'folate deficiency anaemia', 'thiamine deficiency', 'deficiency of b group vitamins', 'nontraumatic intracranial haemorrhage', 'diseases of upper respiratory tract', 'dental caries', 'stomatitis and related lesions', 'inflammatory spondylopathies']","[5799, 469, 1782, 574, 120, 7, 25, 92, 139, 0, 27, 55, 1215, 72]",741.1428571428571
491,228,Nelfinavir,"['J41', 'J44', 'J47', 'G61', 'H10', 'J40', 'J82']","['simple and mucopurulent chronic bronchitis', 'chronic obstructive pulmonary disease', 'bronchiectasis', 'inflammatory polyneuropathy', 'conjunctivitis', 'bronchitis', 'pulmonary eosinophilia']","[0, 0, 0, 0, 0, 0, 0]",0.0
492,260_347_460,Etonogestrel,"['N13', 'N20', 'N21']","['obstructive and reflux uropathy', 'calculus of kidney and ureter', 'calculus of lower urinary tract']","[2, 0, 0]",0.6666666666666666
493,110,Pentosan Polysulfate,"['N18', 'D64']","['chronic renal failure', 'anaemias']","[0, 8]",4.0
494,389,Bupropion,"['E10', 'E13', 'E16', 'H26', 'H33', 'H35', 'H36']","['insulin-dependent diabetes mellitus', 'specified diabetes mellitus', 'disorders of pancreatic internal secretion', 'cataract', 'retinal detachments and breaks', 'retinal disorders', 'retinal disorders in diseases classified elsewhere']","[3, 0, 0, 4, 12, 1, 0]",2.857142857142857
495,79,Dihomo-gamma-linolenic acid,"['B16', 'B18', 'F11', 'F12', 'F13', 'F14', 'F19', 'K73']","['acute hepatitis b', 'chronic viral hepatitis', 'mental and behavioural disorders due to use of opioids', 'mental and behavioural disorders due to use of cannabinoids', 'mental and behavioural disorders due to use of sedatives or hypnotics', 'mental and behavioural disorders due to use of cocaine', 'mental and behavioural disorders due to multiple drug use and use of psychoactive substances', 'chronic hepatitis']","[1, 0, 1, 0, 6, 0, 1, 0]",1.125
496,394,Clomifene,"['B36', 'D34', 'E72', 'F09', 'G90', 'I10', 'I30', 'I33', 'I60', 'I78', 'J13', 'J30', 'K73', 'L08', 'L21', 'L23', 'L29', 'L71', 'L85', 'N02', 'N04', 'C74', 'E26', 'E29', 'G37', 'G96', 'H72', 'I68', 'J35', 'K09', 'L70', 'M14', 'N03', 'N49']","['superficial mycoses', 'benign neoplasm of thyroid gland', 'disorders of amino-acid metabolism', 'organic or symptomatic mental disorder', 'disorders of autonomic nervous system', 'essential (primary) hypertension', 'acute pericarditis', 'acute and subacute endocarditis', 'subarachnoid haemorrhage', 'diseases of capillaries', 'pneumonia due to streptococcus pneumoniae', 'vasomotor and allergic rhinitis', 'chronic hepatitis', 'local infections of skin and subcutaneous tissue', 'seborrhoeic dermatitis', 'allergic contact dermatitis', 'pruritus', 'rosacea', 'epidermal thickening', 'recurrent and persistent haematuria', 'nephrotic syndrome', 'malignant neoplasm of adrenal gland', 'hyperaldosteronism', 'testicular dysfunction', 'demyelinating diseases of central nervous system', 'disorders of central nervous system', 'perforation of tympanic membrane', 'cerebrovascular disorders in diseases classified elsewhere', 'chronic diseases of tonsils and adenoids', 'cysts of oral region', 'acne', 'arthropathies in diseases classified elsewhere', 'chronic nephritic syndrome', 'inflammatory disorders of male genital organs']","[0, 5, 19, 25, 2, 0, 0, 0, 0, 1, 1, 5, 3, 1, 0, 0, 1, 0, 0, 70, 0, 6, 2, 60, 0, 111, 0, 0, 0, 10, 51, 0, 0, 1]",11.0
497,408,Mirtazapine,"['K83', 'K85', 'K86', 'B18', 'C22', 'C24', 'C25', 'K80', 'K81', 'K82']","['diseases of biliary tract', 'acute pancreatitis', 'diseases of pancreas', 'chronic viral hepatitis', 'malignant neoplasm of liver and intrahepatic bile ducts', 'malignant neoplasm of parts of biliary tract', 'malignant neoplasm of pancreas', 'cholelithiasis', 'cholecystitis', 'diseases of gallbladder']","[1, 10, 15, 0, 3, 0, 5, 1, 0, 0]",3.5
498,140,Hydralazine,"['I20', 'I21', 'I25']","['angina pectoris', 'acute myocardial infarction', 'chronic ischaemic heart disease']","[36, 54, 72]",54.0
499,299,Technetium Tc-99m mebrofenin,"['G47', 'J30', 'F51']","['sleep disorders', 'vasomotor and allergic rhinitis', 'sleep disorders']","[0, 0, 0]",0.0
500,157_240,Foreskin keratinocyte (neonatal),"['K80', 'K81', 'K82', 'K83']","['cholelithiasis', 'cholecystitis', 'diseases of gallbladder', 'diseases of biliary tract']","[0, 0, 0, 0]",0.0
501,18,Alteplase,"['E66', 'E78', 'F17', 'I10', 'K76']","['obesity', 'disorders of lipoprotein metabolism and lipidaemias', 'mental and behavioural disorders due to use of tobacco', 'essential (primary) hypertension', 'diseases of liver']","[866, 469, 3, 8, 607]",390.6
502,351,Sapropterin,"['A02', 'A48', 'A69', 'B07', 'B36', 'B44', 'B49', 'B86', 'C11', 'C26', 'C41', 'C45', 'C50', 'C60', 'C66', 'C69', 'C76', 'C84', 'C88', 'D03', 'D07', 'D31', 'D34', 'D51', 'D89', 'E07', 'E22', 'E23', 'E27', 'E46', 'E74', 'E85', 'F52', 'G24', 'G52', 'G90', 'G92', 'H21', 'H31', 'H55', 'H61', 'J02', 'J11', 'J12', 'J61', 'K11', 'K41', 'L25', 'L60', 'L80', 'L81', 'M12', 'M60', 'N11', 'N34', 'N36', 'N50']","['salmonella infections', 'bacterial diseases', 'spirochaetal infections', 'viral warts', 'superficial mycoses', 'aspergillosis', 'mycosis', 'scabies', 'malignant neoplasm of nasopharynx', 'malignant neoplasm of ill-defined digestive organs', 'malignant neoplasm of bone and articular cartilage of sites', 'mesothelioma', 'malignant neoplasm of breast', 'malignant neoplasm of penis', 'malignant neoplasm of ureter', 'malignant neoplasm of eye and adnexa', 'malignant neoplasm of ill-defined sites', 'peripheral and cutaneous t-cell lymphomas', 'malignant immunoproliferative diseases', 'melanoma in situ', 'carcinoma in situ of genital organs', 'benign neoplasm of eye and adnexa', 'benign neoplasm of thyroid gland', 'vitamin b12 deficiency anaemia', 'disorders involving the immune mechanism', 'disorders of thyroid', 'hyperfunction of pituitary gland', 'hypofunction and disorders of pituitary gland', 'disorders of adrenal gland', 'protein-energy malnutrition', 'disorders of carbohydrate metabolism', 'amyloidosis', 'sexual dysfunction', 'dystonia', 'disorders of cranial nerves', 'disorders of autonomic nervous system', 'toxic encephalopathy', 'disorders of iris and ciliary body', 'disorders of choroid', 'nystagmus and irregular eye movements', 'disorders of external ear', 'acute pharyngitis', 'influenza virus', 'viral pneumonia', 'pneumoconiosis due to asbestos and mineral fibres', 'diseases of salivary glands', 'femoral hernia', 'contact dermatitis', 'nail disorders', 'vitiligo', 'disorders of pigmentation', 'specific arthropathies', 'myositis', 'chronic tubulo-interstitial nephritis', 'urethritis and urethral syndrome', 'disorders of urethra', 'disorders of male genital organs']","[0, 11, 1, 0, 0, 0, 1, 0, 0, 0, 0, 0, 6, 0, 0, 1, 0, 78, 5, 0, 0, 1, 0, 0, 3, 1, 0, 5, 2, 1, 1, 0, 4, 67, 0, 7, 8, 3, 0, 0, 0, 0, 0, 4, 0, 1, 0, 0, 0, 12, 4, 1, 0, 0, 0, 0, 2]",4.035087719298246
503,423,Imipramine,"['M16', 'M87', 'M41', 'M42', 'M43', 'M62', 'G54']","['coxarthrosis [arthrosis of hip]', 'osteonecrosis', 'scoliosis', 'spinal osteochondrosis', 'deforming dorsopathies', 'disorders of muscle', 'nerve root and plexus disorders']","[0, 1, 0, 0, 62, 11]",12.333333333333334
504,160_422,Nadolol,"['M16', 'M87']","['coxarthrosis [arthrosis of hip]', 'osteonecrosis']","[0, 0]",0.0
505,151,Aminocaproic Acid,"['K20', 'K21', 'K25', 'K26', 'D62']","['oesophagitis', 'gastro-oesophageal reflux disease', 'gastric ulcer', 'duodenal ulcer', 'acute posthaemorrhagic anaemia']","[8, 0, 48, 22, 0]",15.6
506,158,Hydrocortisone,"['K92', 'D62']","['diseases of digestive system', 'acute posthaemorrhagic anaemia']","[603, 0]",301.5
507,203,Tolfenamic Acid,"['F32', 'F48', 'B37', 'F51', 'K02', 'K04', 'K08']","['depressive episode', 'neurotic disorders', 'candidiasis', 'sleep disorders', 'dental caries', 'diseases of pulp and periapical tissues', 'disorders of teeth and supporting structures']","[0, 0, 0, 0, 0, 0, 39]",5.571428571428571
508,248,Lercanidipine,"['M11', 'M17', 'M21', 'M71', 'M93', 'M94']","['crystal arthropathies', 'gonarthrosis [arthrosis of knee]', 'acquired deformities of limbs', 'bursopathies', 'osteochondropathies', 'disorders of cartilage']","[0, 0, 0, 0, 0, 0]",0.0
509,122_194,Formoterol,"['E10', 'E16', 'H36']","['insulin-dependent diabetes mellitus', 'disorders of pancreatic internal secretion', 'retinal disorders in diseases classified elsewhere']","[4, 2, 0]",2.0
510,55,Zucapsaicin,"['F11', 'F13', 'F19']","['mental and behavioural disorders due to use of opioids', 'mental and behavioural disorders due to use of sedatives or hypnotics', 'mental and behavioural disorders due to multiple drug use and use of psychoactive substances']","[0, 0, 0]",0.0
511,77,Danazol,"['F11', 'F13', 'F19', 'B18', 'B24', 'F14', 'F15']","['mental and behavioural disorders due to use of opioids', 'mental and behavioural disorders due to use of sedatives or hypnotics', 'mental and behavioural disorders due to multiple drug use and use of psychoactive substances', 'chronic viral hepatitis', 'human immunodeficiency virus [hiv] disease', 'mental and behavioural disorders due to use of cocaine', 'mental and behavioural disorders due to use of stimulants, including caffeine']","[0, 8, 0, 4, 26, 0, 0]",5.428571428571429
512,414,Prazepam,"['K83', 'K85', 'K86', 'B18', 'C22', 'C24', 'C25']","['diseases of biliary tract', 'acute pancreatitis', 'diseases of pancreas', 'chronic viral hepatitis', 'malignant neoplasm of liver and intrahepatic bile ducts', 'malignant neoplasm of parts of biliary tract', 'malignant neoplasm of pancreas']","[0, 0, 0, 0, 0, 0, 0]",0.0
513,454,Immune Globulin Human,"['G40', 'G41', 'G81', 'I61', 'I62']","['epilepsy', 'status epilepticus', 'hemiplegia', 'intracerebral haemorrhage', 'nontraumatic intracranial haemorrhage']","[2103, 350, 143, 677, 2]",655.0
514,79,Orphenadrine,"['B16', 'B18', 'F11', 'F12', 'F13', 'F14', 'F19', 'K73']","['acute hepatitis b', 'chronic viral hepatitis', 'mental and behavioural disorders due to use of opioids', 'mental and behavioural disorders due to use of cannabinoids', 'mental and behavioural disorders due to use of sedatives or hypnotics', 'mental and behavioural disorders due to use of cocaine', 'mental and behavioural disorders due to multiple drug use and use of psychoactive substances', 'chronic hepatitis']","[0, 0, 4, 0, 109, 0, 1, 0]",14.25
515,203,Ifosfamide,"['F32', 'F48', 'B37', 'F51', 'K02', 'K04', 'K08']","['depressive episode', 'neurotic disorders', 'candidiasis', 'sleep disorders', 'dental caries', 'diseases of pulp and periapical tissues', 'disorders of teeth and supporting structures']","[1, 0, 2, 4, 0, 0, 89]",13.714285714285714
516,179,Inotuzumab ozogamicin,"['C61', 'N32', 'N40', 'D40']","['malignant neoplasm of prostate', 'disorders of bladder', 'hyperplasia of prostate', 'neoplasm of uncertain or unknown behaviour of male genital organs']","[0, 0, 0, 0]",0.0
517,265_429,Cupric oxide,"['N32', 'N35']","['disorders of bladder', 'urethral stricture']","[0, 0]",0.0
518,169,Olanzapine,"['N39', 'N41']","['disorders of urinary system', 'inflammatory diseases of prostate']","[7, 1]",4.0
519,405,Oxprenolol,"['K83', 'B18', 'C22', 'C24', 'C25', 'K80', 'K81', 'K82', 'K85', 'K86']","['diseases of biliary tract', 'chronic viral hepatitis', 'malignant neoplasm of liver and intrahepatic bile ducts', 'malignant neoplasm of parts of biliary tract', 'malignant neoplasm of pancreas', 'cholelithiasis', 'cholecystitis', 'diseases of gallbladder', 'acute pancreatitis', 'diseases of pancreas']","[1, 0, 3, 0, 0, 0, 0, 0, 0, 0]",0.4
520,378,Mefenamic acid,"['F10', 'F13', 'F31', 'F60', 'G31', 'D53', 'E51', 'K08']","['mental and behavioural disorders due to use of alcohol', 'mental and behavioural disorders due to use of sedatives or hypnotics', 'bipolar affective disorder', 'specific personality disorders', 'degenerative diseases of nervous system', 'nutritional anaemias', 'thiamine deficiency', 'disorders of teeth and supporting structures']","[2, 40, 2, 0, 0, 1, 0, 104]",18.625
521,320,Meprobamate,"['I50', 'J81', 'B99', 'G93', 'I46']","['heart failure', 'pulmonary oedema', 'infectious diseases', 'disorders of brain', 'cardiac arrest']","[4, 6, 4, 25, 8]",9.4
522,3,Pethidine,"['H73', 'K92']","['disorders of tympanic membrane', 'diseases of digestive system']","[0, 85]",42.5
523,454,Simvastatin,"['G40', 'G41', 'G81', 'I61', 'I62']","['epilepsy', 'status epilepticus', 'hemiplegia', 'intracerebral haemorrhage', 'nontraumatic intracranial haemorrhage']","[27, 4, 1, 80, 3]",23.0
524,40,Mangafodipir,"['J45', 'J46']","['asthma', 'status asthmaticus']","[0, 0]",0.0
525,54,Bisoprolol,"['E87', 'F10', 'F17']","['disorders of fluid, electrolyte and acid-base balance', 'mental and behavioural disorders due to use of alcohol', 'mental and behavioural disorders due to use of tobacco']","[24, 0]",12.0
526,203,Medrysone,"['F32', 'F48', 'B37', 'F51', 'K02', 'K04', 'K08']","['depressive episode', 'neurotic disorders', 'candidiasis', 'sleep disorders', 'dental caries', 'diseases of pulp and periapical tissues', 'disorders of teeth and supporting structures']","[0, 0, 0, 0, 0, 0]",0.0
527,270,Sevoflurane,"['A49', 'K29', 'K50', 'K51', 'K75', 'D73', 'E61', 'L50', 'N62']","['bacterial infection of site', 'gastritis and duodenitis', ""crohn's disease [regional enteritis]"", 'ulcerative colitis', 'inflammatory liver diseases', 'diseases of spleen', 'deficiency of nutrient elements', 'urticaria', 'hypertrophy of breast']","[2, 7, 0, 1, 13, 3, 0, 8, 0]",3.7777777777777777
528,118,Ibritumomab tiuxetan,"['F70', 'D53', 'F10', 'F34', 'F05', 'G31', 'H10', 'K72', 'L21']","['mild mental retardation', 'nutritional anaemias', 'mental and behavioural disorders due to use of alcohol', 'persistent mood [affective] disorders', 'delirium', 'degenerative diseases of nervous system', 'conjunctivitis', 'hepatic failure', 'seborrhoeic dermatitis']","[0, 0, 0, 0, 0, 0, 0, 0, 0]",0.0
529,255,Dezocine,"['M77', 'M76']","['enthesopathies', 'enthesopathies of lower limb, excluding foot']","[0, 0]",0.0
530,238,Fulvestrant,"['K25', 'K26', 'K70', 'D52', 'D62', 'F05']","['gastric ulcer', 'duodenal ulcer', 'alcoholic liver disease', 'folate deficiency anaemia', 'acute posthaemorrhagic anaemia', 'delirium']","[5, 2, 0, 0, 0, 0]",1.1666666666666667
531,291,Technetium Tc-99m mebrofenin,"['L89', 'N08', 'E11', 'E55', 'G61', 'I13', 'I33', 'L28']","['decubitus ulcer', 'glomerular disorders in diseases classified elsewhere', 'non-insulin-dependent diabetes mellitus', 'vitamin d deficiency', 'inflammatory polyneuropathy', 'hypertensive heart and renal disease', 'acute and subacute endocarditis', 'lichen simplex chronicus and prurigo']","[0, 0, 2, 0, 0, 3, 0, 0]",0.625
532,445,Fluspirilene,"['G91', 'I60', 'H04', 'H21', 'E11', 'E53', 'E55', 'G82', 'N08']","['hydrocephalus', 'subarachnoid haemorrhage', 'disorders of lachrymal system', 'disorders of iris and ciliary body', 'non-insulin-dependent diabetes mellitus', 'deficiency of b group vitamins', 'vitamin d deficiency', 'paraplegia and tetraplegia', 'glomerular disorders in diseases classified elsewhere']","[0, 0, 0, 0, 1, 0, 0, 1, 0]",0.2222222222222222
533,430,Propranolol,"['D29', 'N40', 'N50']","['benign neoplasm of male genital organs', 'hyperplasia of prostate', 'disorders of male genital organs']","[8, 4, 15]",9.0
534,140,Eluxadoline,"['I20', 'I21', 'I25']","['angina pectoris', 'acute myocardial infarction', 'chronic ischaemic heart disease']","[0, 0, 0]",0.0
535,163,Olmesartan,"['M25', 'M66', 'M87']","['joint disorders', 'spontaneous rupture of synovium and tendon', 'osteonecrosis']","[9, 1, 0]",3.3333333333333335
536,302,Metamizole,"['G30', 'F00']","[""alzheimer's disease"", ""dementia in alzheimer's disease""]","[1, 0]",0.5
537,3,Phenmetrazine,"['H73', 'K92']","['disorders of tympanic membrane', 'diseases of digestive system']","[0, 1]",0.5
538,262,Tamoxifen,"['I25', 'I13', 'I30', 'I33', 'K04']","['chronic ischaemic heart disease', 'hypertensive heart and renal disease', 'acute pericarditis', 'acute and subacute endocarditis', 'diseases of pulp and periapical tissues']","[25, 554, 0, 3]",145.5
539,149,Tenoxicam,"['J44', 'J98']","['chronic obstructive pulmonary disease', 'respiratory disorders']","[1, 2]",1.5
540,405,Pioglitazone,"['K83', 'B18', 'C22', 'C24', 'C25', 'K80', 'K81', 'K82', 'K85', 'K86']","['diseases of biliary tract', 'chronic viral hepatitis', 'malignant neoplasm of liver and intrahepatic bile ducts', 'malignant neoplasm of parts of biliary tract', 'malignant neoplasm of pancreas', 'cholelithiasis', 'cholecystitis', 'diseases of gallbladder', 'acute pancreatitis', 'diseases of pancreas']","[9, 14, 72, 0, 26, 5, 2, 5, 32, 56]",22.1
541,163,Primaquine,"['M25', 'M66', 'M87']","['joint disorders', 'spontaneous rupture of synovium and tendon', 'osteonecrosis']","[7, 0, 0]",2.3333333333333335
542,76,Coagulation factor VIIa Recombinant Human,"['F10', 'K70']","['mental and behavioural disorders due to use of alcohol', 'alcoholic liver disease']","[1, 4]",2.5
543,394,Candesartan cilexetil,"['B36', 'D34', 'E72', 'F09', 'G90', 'I10', 'I30', 'I33', 'I60', 'I78', 'J13', 'J30', 'K73', 'L08', 'L21', 'L23', 'L29', 'L71', 'L85', 'N02', 'N04', 'C74', 'E26', 'E29', 'G37', 'G96', 'H72', 'I68', 'J35', 'K09', 'L70', 'M14', 'N03', 'N49']","['superficial mycoses', 'benign neoplasm of thyroid gland', 'disorders of amino-acid metabolism', 'organic or symptomatic mental disorder', 'disorders of autonomic nervous system', 'essential (primary) hypertension', 'acute pericarditis', 'acute and subacute endocarditis', 'subarachnoid haemorrhage', 'diseases of capillaries', 'pneumonia due to streptococcus pneumoniae', 'vasomotor and allergic rhinitis', 'chronic hepatitis', 'local infections of skin and subcutaneous tissue', 'seborrhoeic dermatitis', 'allergic contact dermatitis', 'pruritus', 'rosacea', 'epidermal thickening', 'recurrent and persistent haematuria', 'nephrotic syndrome', 'malignant neoplasm of adrenal gland', 'hyperaldosteronism', 'testicular dysfunction', 'demyelinating diseases of central nervous system', 'disorders of central nervous system', 'perforation of tympanic membrane', 'cerebrovascular disorders in diseases classified elsewhere', 'chronic diseases of tonsils and adenoids', 'cysts of oral region', 'acne', 'arthropathies in diseases classified elsewhere', 'chronic nephritic syndrome', 'inflammatory disorders of male genital organs']","[0, 0, 8, 7, 0, 10, 0, 0, 0, 3, 1, 0, 5, 0, 0, 0, 0, 1, 3, 3, 0, 0, 0, 0, 11, 0, 0, 0, 0, 0, 0, 0, 0]",1.5757575757575757
544,239,Dicoumarol,"['K76', 'A04', 'D61', 'E55', 'K46', 'K55', 'K75']","['diseases of liver', 'bacterial intestinal infections', 'aplastic anaemias', 'vitamin d deficiency', 'abdominal hernia', 'vascular disorders of intestine', 'inflammatory liver diseases']","[74, 0, 2, 0, 1, 8, 2]",12.428571428571429
545,320,Eletriptan,"['I50', 'J81', 'B99', 'G93', 'I46']","['heart failure', 'pulmonary oedema', 'infectious diseases', 'disorders of brain', 'cardiac arrest']","[0, 0, 2, 16, 0]",3.6
546,425,Ulipristal,"['M54', 'B00', 'G43', 'G83', 'M76', 'M93']","['dorsalgia', 'herpesviral [herpes simplex] infections', 'migraine', 'paralytic syndromes', 'enthesopathies of lower limb, excluding foot', 'osteochondropathies']","[1, 0, 2, 0]",0.75
547,118,Oxygen,"['F70', 'D53', 'F10', 'F34', 'F05', 'G31', 'H10', 'K72', 'L21']","['mild mental retardation', 'nutritional anaemias', 'mental and behavioural disorders due to use of alcohol', 'persistent mood [affective] disorders', 'delirium', 'degenerative diseases of nervous system', 'conjunctivitis', 'hepatic failure', 'seborrhoeic dermatitis']","[77, 336, 1068, 49, 716, 421, 3352, 11]",753.75
548,72,Methamphetamine,"['N18', 'D64', 'N19']","['chronic renal failure', 'anaemias', 'renal failure']","[20, 7, 55]",27.333333333333332
549,334,Felodipine,"['L28', 'K76', 'D73', 'E51', 'M89']","['lichen simplex chronicus and prurigo', 'diseases of liver', 'diseases of spleen', 'thiamine deficiency', 'disorders of bone']","[0, 13, 1, 0, 1]",3.0
550,77,Oxybenzone,"['F11', 'F13', 'F19', 'B18', 'B24', 'F14', 'F15']","['mental and behavioural disorders due to use of opioids', 'mental and behavioural disorders due to use of sedatives or hypnotics', 'mental and behavioural disorders due to multiple drug use and use of psychoactive substances', 'chronic viral hepatitis', 'human immunodeficiency virus [hiv] disease', 'mental and behavioural disorders due to use of cocaine', 'mental and behavioural disorders due to use of stimulants, including caffeine']","[0, 2, 0, 0, 0, 0, 0]",0.2857142857142857
551,457,Capsaicin,"['M16', 'M41', 'M42', 'M43', 'M87']","['coxarthrosis [arthrosis of hip]', 'scoliosis', 'spinal osteochondrosis', 'deforming dorsopathies', 'osteonecrosis']","[17, 5, 0, 0, 1]",4.6
552,392,Dexrazoxane,"['I77', 'H57', 'I70', 'I73', 'I74', 'L03']","['disorders of arteries and arterioles', 'disorders of eye and adnexa', 'atherosclerosis', 'peripheral vascular diseases', 'arterial embolism and thrombosis', 'cellulitis']","[10, 4, 4, 0, 4, 0]",3.6666666666666665
553,129,Heparin,"['F17', 'G45', 'J15', 'J20', 'J93', 'L05']","['mental and behavioural disorders due to use of tobacco', 'transient cerebral ischaemic attacks and related syndromes', 'bacterial pneumonia', 'acute bronchitis', 'pneumothorax', 'pilonidal cyst']","[3, 1629, 149, 11, 69, 1]",310.3333333333333
554,448,Heparin,"['F32', 'F33', 'F41', 'F43', 'F45']","['depressive episode', 'recurrent depressive disorder', 'anxiety disorders', 'reaction to severe stress, and adjustment disorders', 'somatoform disorders']","[28, 0, 56, 5]",22.25
555,23,Dihydro-alpha-ergocryptine,"['E88', 'F79', 'G25', 'G41', 'I47', 'J69', 'G40', 'J96']","['metabolic disorders', 'mental retardation', 'extrapyramidal and movement disorders', 'status epilepticus', 'paroxysmal tachycardia', 'pneumonitis due to solids and liquids', 'epilepsy', 'respiratory failure']","[1, 0, 2, 0, 0, 3, 0, 0]",0.75
556,411,Tizanidine,"['G31', 'F10', 'F43']","['degenerative diseases of nervous system', 'mental and behavioural disorders due to use of alcohol', 'reaction to severe stress, and adjustment disorders']","[0, 7, 0]",2.3333333333333335
557,405,Prothrombin,"['K83', 'B18', 'C22', 'C24', 'C25', 'K80', 'K81', 'K82', 'K85', 'K86']","['diseases of biliary tract', 'chronic viral hepatitis', 'malignant neoplasm of liver and intrahepatic bile ducts', 'malignant neoplasm of parts of biliary tract', 'malignant neoplasm of pancreas', 'cholelithiasis', 'cholecystitis', 'diseases of gallbladder', 'acute pancreatitis', 'diseases of pancreas']","[97, 438, 1805, 0, 187, 50, 44, 40, 139, 269]",306.9
558,157_240,Amoxapine,"['K80', 'K81', 'K82', 'K83']","['cholelithiasis', 'cholecystitis', 'diseases of gallbladder', 'diseases of biliary tract']","[0, 0, 0, 0]",0.0
559,57,Pegvisomant,"['E87', 'F10', 'F12', 'F17', 'F20', 'F60', 'F63']","['disorders of fluid, electrolyte and acid-base balance', 'mental and behavioural disorders due to use of alcohol', 'mental and behavioural disorders due to use of cannabinoids', 'mental and behavioural disorders due to use of tobacco', 'schizophrenia', 'specific personality disorders', 'habit and impulse disorders']","[1, 0, 0, 0, 0, 0, 3]",0.5714285714285714
560,244,Glycol salicylate,"['L71', 'K70', 'D53', 'F05', 'G31']","['rosacea', 'alcoholic liver disease', 'nutritional anaemias', 'delirium', 'degenerative diseases of nervous system']","[0, 0, 0, 0]",0.0
561,410,Iloprost,"['I85', 'K70', 'K72', 'K74']","['oesophageal varices', 'alcoholic liver disease', 'hepatic failure', 'fibrosis and cirrhosis of liver']","[1, 2, 12, 105]",30.0
562,190,Thalidomide,"['M54', 'G54', 'L50', 'M71', 'M76']","['dorsalgia', 'nerve root and plexus disorders', 'urticaria', 'bursopathies', 'enthesopathies of lower limb, excluding foot']","[27, 21, 25, 0, 0]",14.6
563,5,Efonidipine,"['A49', 'B27', 'J03', 'J11', 'J38', 'L50']","['bacterial infection of site', 'infectious mononucleosis', 'acute tonsillitis', 'influenza virus', 'diseases of vocal cords and larynx', 'urticaria']","[0, 0, 0, 0, 0, 0]",0.0
564,55,Rilonacept,"['F11', 'F13', 'F19']","['mental and behavioural disorders due to use of opioids', 'mental and behavioural disorders due to use of sedatives or hypnotics', 'mental and behavioural disorders due to multiple drug use and use of psychoactive substances']","[0, 0, 0]",0.0
565,203,Sitaxentan,"['F32', 'F48', 'B37', 'F51', 'K02', 'K04', 'K08']","['depressive episode', 'neurotic disorders', 'candidiasis', 'sleep disorders', 'dental caries', 'diseases of pulp and periapical tissues', 'disorders of teeth and supporting structures']","[0, 0, 0, 0, 0, 0, 3]",0.42857142857142855
566,77,Roflumilast,"['F11', 'F13', 'F19', 'B18', 'B24', 'F14', 'F15']","['mental and behavioural disorders due to use of opioids', 'mental and behavioural disorders due to use of sedatives or hypnotics', 'mental and behavioural disorders due to multiple drug use and use of psychoactive substances', 'chronic viral hepatitis', 'human immunodeficiency virus [hiv] disease', 'mental and behavioural disorders due to use of cocaine', 'mental and behavioural disorders due to use of stimulants, including caffeine']","[0, 4, 4, 0, 3, 0, 0]",1.5714285714285714
567,23,Dabigatran etexilate,"['E88', 'F79', 'G25', 'G41', 'I47', 'J69', 'G40', 'J96']","['metabolic disorders', 'mental retardation', 'extrapyramidal and movement disorders', 'status epilepticus', 'paroxysmal tachycardia', 'pneumonitis due to solids and liquids', 'epilepsy', 'respiratory failure']","[98, 3, 0, 1, 137, 12, 19]",38.57142857142857
568,110,Sparfloxacin,"['N18', 'D64']","['chronic renal failure', 'anaemias']","[3, 2]",2.5
569,161,Crizotinib,"['M17', 'M66', 'M71', 'M93']","['gonarthrosis [arthrosis of knee]', 'spontaneous rupture of synovium and tendon', 'bursopathies', 'osteochondropathies']","[0, 1, 0, 0]",0.25
570,222_294,Ethotoin,"['G93', 'I46']","['disorders of brain', 'cardiac arrest']","[0, 0]",0.0
571,203,Fenofibrate,"['F32', 'F48', 'B37', 'F51', 'K02', 'K04', 'K08']","['depressive episode', 'neurotic disorders', 'candidiasis', 'sleep disorders', 'dental caries', 'diseases of pulp and periapical tissues', 'disorders of teeth and supporting structures']","[0, 0, 0, 5, 0, 1, 146]",21.714285714285715
572,72,Choline magnesium trisalicylate,"['N18', 'D64', 'N19']","['chronic renal failure', 'anaemias', 'renal failure']","[0, 0, 0]",0.0
573,301_353,Alteplase,"['G20', 'F02', 'G21']","[""parkinson's disease"", 'dementia in diseases classified elsewhere', 'secondary parkinsonism']","[31, 0, 3]",11.333333333333334
574,443,Estramustine,"['D75', 'D64', 'D68', 'E21', 'E83']","['diseases of blood and blood-forming organs', 'anaemias', 'coagulation defects', 'hyperparathyroidism and disorders of parathyroid gland', 'disorders of mineral metabolism']","[155, 45, 1, 2, 0]",40.6
575,79,Artemether,"['B16', 'B18', 'F11', 'F12', 'F13', 'F14', 'F19', 'K73']","['acute hepatitis b', 'chronic viral hepatitis', 'mental and behavioural disorders due to use of opioids', 'mental and behavioural disorders due to use of cannabinoids', 'mental and behavioural disorders due to use of sedatives or hypnotics', 'mental and behavioural disorders due to use of cocaine', 'mental and behavioural disorders due to multiple drug use and use of psychoactive substances', 'chronic hepatitis']","[0, 0, 0, 0, 2, 0, 2, 1]",0.625
576,161,Propranolol,"['M17', 'M66', 'M71', 'M93']","['gonarthrosis [arthrosis of knee]', 'spontaneous rupture of synovium and tendon', 'bursopathies', 'osteochondropathies']","[2, 22, 0, 0]",6.0
577,47,Liraglutide,"['N12', 'N39']","['tubulo-interstitial nephritis', 'disorders of urinary system']","[3, 9]",6.0
578,80,Pirbuterol,"['F17', 'J93']","['mental and behavioural disorders due to use of tobacco', 'pneumothorax']","[0, 0]",0.0
579,445,Bupropion,"['G91', 'I60', 'H04', 'H21', 'E11', 'E53', 'E55', 'G82', 'N08']","['hydrocephalus', 'subarachnoid haemorrhage', 'disorders of lachrymal system', 'disorders of iris and ciliary body', 'non-insulin-dependent diabetes mellitus', 'deficiency of b group vitamins', 'vitamin d deficiency', 'paraplegia and tetraplegia', 'glomerular disorders in diseases classified elsewhere']","[1, 4, 0, 10, 65, 0, 0, 0, 0]",8.88888888888889
580,190,Anisotropine Methylbromide,"['M54', 'G54', 'L50', 'M71', 'M76']","['dorsalgia', 'nerve root and plexus disorders', 'urticaria', 'bursopathies', 'enthesopathies of lower limb, excluding foot']","[0, 0, 0, 0, 0]",0.0
581,205,Fluorometholone,"['D52', 'J41', 'L71', 'F17', 'J42', 'J13', 'J39', 'K04', 'K08', 'K12', 'L08', 'N62']","['folate deficiency anaemia', 'simple and mucopurulent chronic bronchitis', 'rosacea', 'mental and behavioural disorders due to use of tobacco', 'chronic bronchitis', 'pneumonia due to streptococcus pneumoniae', 'diseases of upper respiratory tract', 'diseases of pulp and periapical tissues', 'disorders of teeth and supporting structures', 'stomatitis and related lesions', 'local infections of skin and subcutaneous tissue', 'hypertrophy of breast']","[0, 0, 5, 0, 0, 0, 0, 0, 5, 6, 0, 0]",1.3333333333333333
582,131,Desflurane,"['F11', 'F13', 'F33', 'F43', 'F60']","['mental and behavioural disorders due to use of opioids', 'mental and behavioural disorders due to use of sedatives or hypnotics', 'recurrent depressive disorder', 'reaction to severe stress, and adjustment disorders', 'specific personality disorders']","[12, 550, 0, 2, 0]",112.8
583,179,Perospirone,"['C61', 'N32', 'N40', 'D40']","['malignant neoplasm of prostate', 'disorders of bladder', 'hyperplasia of prostate', 'neoplasm of uncertain or unknown behaviour of male genital organs']","[0, 1, 0]",0.3333333333333333
584,408,Oxprenolol,"['K83', 'K85', 'K86', 'B18', 'C22', 'C24', 'C25', 'K80', 'K81', 'K82']","['diseases of biliary tract', 'acute pancreatitis', 'diseases of pancreas', 'chronic viral hepatitis', 'malignant neoplasm of liver and intrahepatic bile ducts', 'malignant neoplasm of parts of biliary tract', 'malignant neoplasm of pancreas', 'cholelithiasis', 'cholecystitis', 'diseases of gallbladder']","[1, 0, 0, 0, 3, 0, 0, 0, 0, 0]",0.4
585,216,Sitaxentan,"['H91', 'H93', 'H81', 'H90']","['hearing loss', 'disorders of ear', 'disorders of vestibular function', 'conductive and sensorineural hearing loss']","[1, 1, 0, 21]",5.75
586,82_87,Levomethadyl Acetate,"['F20', 'F25']","['schizophrenia', 'schizoaffective disorders']","[0, 1]",0.5
587,373,Fluphenazine,"['E10', 'E13', 'E16', 'I79']","['insulin-dependent diabetes mellitus', 'specified diabetes mellitus', 'disorders of pancreatic internal secretion', 'disorders of arteries, arterioles and capillaries in diseases classified elsewhere']","[1, 0, 0, 0]",0.25
588,356,Propranolol,"['B18', 'C22', 'C24', 'K73']","['chronic viral hepatitis', 'malignant neoplasm of liver and intrahepatic bile ducts', 'malignant neoplasm of parts of biliary tract', 'chronic hepatitis']","[6, 162, 0, 34]",50.5
589,149,Foreskin fibroblast (neonatal),"['J44', 'J98']","['chronic obstructive pulmonary disease', 'respiratory disorders']","[0, 0]",0.0
590,405,Corticotropin,"['K83', 'B18', 'C22', 'C24', 'C25', 'K80', 'K81', 'K82', 'K85', 'K86']","['diseases of biliary tract', 'chronic viral hepatitis', 'malignant neoplasm of liver and intrahepatic bile ducts', 'malignant neoplasm of parts of biliary tract', 'malignant neoplasm of pancreas', 'cholelithiasis', 'cholecystitis', 'diseases of gallbladder', 'acute pancreatitis', 'diseases of pancreas']","[13, 13, 298, 0, 330, 21, 8, 6, 75, 419]",118.3
591,118,Abiraterone,"['F70', 'D53', 'F10', 'F34', 'F05', 'G31', 'H10', 'K72', 'L21']","['mild mental retardation', 'nutritional anaemias', 'mental and behavioural disorders due to use of alcohol', 'persistent mood [affective] disorders', 'delirium', 'degenerative diseases of nervous system', 'conjunctivitis', 'hepatic failure', 'seborrhoeic dermatitis']","[0, 1, 0, 0, 1, 0, 0, 22, 0]",2.6666666666666665
592,39,Doxazosin,"['K21', 'K29', 'K44', 'K52']","['gastro-oesophageal reflux disease', 'gastritis and duodenitis', 'diaphragmatic hernia', 'non-infective gastro-enteritis and colitis']","[0, 0, 1]",0.3333333333333333
593,413,Deutetrabenazine,"['K83', 'B18', 'C22', 'C24']","['diseases of biliary tract', 'chronic viral hepatitis', 'malignant neoplasm of liver and intrahepatic bile ducts', 'malignant neoplasm of parts of biliary tract']","[0, 0, 0, 0]",0.0
594,394,Fluciclovine (18F),"['B36', 'D34', 'E72', 'F09', 'G90', 'I10', 'I30', 'I33', 'I60', 'I78', 'J13', 'J30', 'K73', 'L08', 'L21', 'L23', 'L29', 'L71', 'L85', 'N02', 'N04', 'C74', 'E26', 'E29', 'G37', 'G96', 'H72', 'I68', 'J35', 'K09', 'L70', 'M14', 'N03', 'N49']","['superficial mycoses', 'benign neoplasm of thyroid gland', 'disorders of amino-acid metabolism', 'organic or symptomatic mental disorder', 'disorders of autonomic nervous system', 'essential (primary) hypertension', 'acute pericarditis', 'acute and subacute endocarditis', 'subarachnoid haemorrhage', 'diseases of capillaries', 'pneumonia due to streptococcus pneumoniae', 'vasomotor and allergic rhinitis', 'chronic hepatitis', 'local infections of skin and subcutaneous tissue', 'seborrhoeic dermatitis', 'allergic contact dermatitis', 'pruritus', 'rosacea', 'epidermal thickening', 'recurrent and persistent haematuria', 'nephrotic syndrome', 'malignant neoplasm of adrenal gland', 'hyperaldosteronism', 'testicular dysfunction', 'demyelinating diseases of central nervous system', 'disorders of central nervous system', 'perforation of tympanic membrane', 'cerebrovascular disorders in diseases classified elsewhere', 'chronic diseases of tonsils and adenoids', 'cysts of oral region', 'acne', 'arthropathies in diseases classified elsewhere', 'chronic nephritic syndrome', 'inflammatory disorders of male genital organs']","[0, 0, 11, 2, 0, 0, 0, 0, 0, 0, 0, 0, 0, 0, 0, 0, 0, 0, 0, 147, 0, 0, 0, 0, 0, 4, 0, 0, 0, 0, 0, 0, 0, 0]",4.823529411764706
595,79,Moroctocog alfa,"['B16', 'B18', 'F11', 'F12', 'F13', 'F14', 'F19', 'K73']","['acute hepatitis b', 'chronic viral hepatitis', 'mental and behavioural disorders due to use of opioids', 'mental and behavioural disorders due to use of cannabinoids', 'mental and behavioural disorders due to use of sedatives or hypnotics', 'mental and behavioural disorders due to use of cocaine', 'mental and behavioural disorders due to multiple drug use and use of psychoactive substances', 'chronic hepatitis']","[0, 0, 0, 0, 0, 0, 1]",0.14285714285714285
596,394,Heparin,"['B36', 'D34', 'E72', 'F09', 'G90', 'I10', 'I30', 'I33', 'I60', 'I78', 'J13', 'J30', 'K73', 'L08', 'L21', 'L23', 'L29', 'L71', 'L85', 'N02', 'N04', 'C74', 'E26', 'E29', 'G37', 'G96', 'H72', 'I68', 'J35', 'K09', 'L70', 'M14', 'N03', 'N49']","['superficial mycoses', 'benign neoplasm of thyroid gland', 'disorders of amino-acid metabolism', 'organic or symptomatic mental disorder', 'disorders of autonomic nervous system', 'essential (primary) hypertension', 'acute pericarditis', 'acute and subacute endocarditis', 'subarachnoid haemorrhage', 'diseases of capillaries', 'pneumonia due to streptococcus pneumoniae', 'vasomotor and allergic rhinitis', 'chronic hepatitis', 'local infections of skin and subcutaneous tissue', 'seborrhoeic dermatitis', 'allergic contact dermatitis', 'pruritus', 'rosacea', 'epidermal thickening', 'recurrent and persistent haematuria', 'nephrotic syndrome', 'malignant neoplasm of adrenal gland', 'hyperaldosteronism', 'testicular dysfunction', 'demyelinating diseases of central nervous system', 'disorders of central nervous system', 'perforation of tympanic membrane', 'cerebrovascular disorders in diseases classified elsewhere', 'chronic diseases of tonsils and adenoids', 'cysts of oral region', 'acne', 'arthropathies in diseases classified elsewhere', 'chronic nephritic syndrome', 'inflammatory disorders of male genital organs']","[1, 9, 759, 525, 35, 12, 25, 24, 385, 349, 19, 120, 581, 2, 42, 50, 3, 25, 6223, 61, 23, 6, 32, 604, 13, 1, 11, 0, 17, 0, 3, 10]",311.5625
597,398,Tolfenamic Acid,"['I31', 'G60', 'H57', 'I50', 'D52', 'F09', 'I13', 'I25', 'I99', 'J01', 'J41', 'M46']","['diseases of pericardium', 'hereditary and idiopathic neuropathy', 'disorders of eye and adnexa', 'heart failure', 'folate deficiency anaemia', 'organic or symptomatic mental disorder', 'hypertensive heart and renal disease', 'chronic ischaemic heart disease', 'disorders of circulatory system', 'acute sinusitis', 'simple and mucopurulent chronic bronchitis', 'inflammatory spondylopathies']","[0, 0, 0, 0, 0, 21, 11, 0, 2, 0, 0, 1]",2.9166666666666665
598,450,Losartan,"['H36', 'E10', 'E13', 'E16', 'H26', 'H33', 'H35']","['retinal disorders in diseases classified elsewhere', 'insulin-dependent diabetes mellitus', 'specified diabetes mellitus', 'disorders of pancreatic internal secretion', 'cataract', 'retinal detachments and breaks', 'retinal disorders']","[0, 125, 2, 2, 4, 27, 38]",28.285714285714285
599,129,Hydrochlorothiazide,"['F17', 'G45', 'J15', 'J20', 'J93', 'L05']","['mental and behavioural disorders due to use of tobacco', 'transient cerebral ischaemic attacks and related syndromes', 'bacterial pneumonia', 'acute bronchitis', 'pneumothorax', 'pilonidal cyst']","[0, 86, 2, 0, 0, 0]",14.666666666666666
600,91,Dronabinol,"['I26', 'I80']","['pulmonary embolism', 'phlebitis and thrombophlebitis']","[2, 0]",1.0
601,79,Gestrinone,"['B16', 'B18', 'F11', 'F12', 'F13', 'F14', 'F19', 'K73']","['acute hepatitis b', 'chronic viral hepatitis', 'mental and behavioural disorders due to use of opioids', 'mental and behavioural disorders due to use of cannabinoids', 'mental and behavioural disorders due to use of sedatives or hypnotics', 'mental and behavioural disorders due to use of cocaine', 'mental and behavioural disorders due to multiple drug use and use of psychoactive substances', 'chronic hepatitis']","[0, 0, 0, 0, 0, 0, 0, 0]",0.0
602,408,Chlordiazepoxide,"['K83', 'K85', 'K86', 'B18', 'C22', 'C24', 'C25', 'K80', 'K81', 'K82']","['diseases of biliary tract', 'acute pancreatitis', 'diseases of pancreas', 'chronic viral hepatitis', 'malignant neoplasm of liver and intrahepatic bile ducts', 'malignant neoplasm of parts of biliary tract', 'malignant neoplasm of pancreas', 'cholelithiasis', 'cholecystitis', 'diseases of gallbladder']","[1, 1, 1, 0, 5, 0, 0, 2, 1, 2]",1.3
603,209,Temsirolimus,"['G46', 'I63', 'I64', 'I66']","['vascular syndromes of brain in cerebrovascular diseases', 'cerebral infarction', 'stroke', 'occlusion and stenosis of cerebral arteries']","[0, 0, 4, 2]",1.5
604,27,Aflibercept,"['G40', 'G41', 'G47', 'G81', 'G91']","['epilepsy', 'status epilepticus', 'sleep disorders', 'hemiplegia', 'hydrocephalus']","[1, 0, 0, 0, 0]",0.2
605,238,Hydroxyprogesterone caproate,"['K25', 'K26', 'K70', 'D52', 'D62', 'F05']","['gastric ulcer', 'duodenal ulcer', 'alcoholic liver disease', 'folate deficiency anaemia', 'acute posthaemorrhagic anaemia', 'delirium']","[0, 0, 0, 0, 0, 0]",0.0
606,239,Apalutamide,"['K76', 'A04', 'D61', 'E55', 'K46', 'K55', 'K75']","['diseases of liver', 'bacterial intestinal infections', 'aplastic anaemias', 'vitamin d deficiency', 'abdominal hernia', 'vascular disorders of intestine', 'inflammatory liver diseases']","[4, 0, 0, 0, 0, 0, 0]",0.5714285714285714
607,76,Streptozocin,"['F10', 'K70']","['mental and behavioural disorders due to use of alcohol', 'alcoholic liver disease']","[26, 61]",43.5
608,15_73,Golimumab,"['E10', 'E14', 'E16']","['insulin-dependent diabetes mellitus', 'diabetes mellitus', 'disorders of pancreatic internal secretion']","[25, 0]",12.5
609,414,Hydrocortamate,"['K83', 'K85', 'K86', 'B18', 'C22', 'C24', 'C25']","['diseases of biliary tract', 'acute pancreatitis', 'diseases of pancreas', 'chronic viral hepatitis', 'malignant neoplasm of liver and intrahepatic bile ducts', 'malignant neoplasm of parts of biliary tract', 'malignant neoplasm of pancreas']","[0, 0, 0, 0, 0, 0, 0]",0.0
610,410,Echothiophate,"['I85', 'K70', 'K72', 'K74']","['oesophageal varices', 'alcoholic liver disease', 'hepatic failure', 'fibrosis and cirrhosis of liver']","[0, 0, 1, 2]",0.75
611,76,Levosalbutamol,"['F10', 'K70']","['mental and behavioural disorders due to use of alcohol', 'alcoholic liver disease']","[1, 0]",0.5
612,408,Cobimetinib,"['K83', 'K85', 'K86', 'B18', 'C22', 'C24', 'C25', 'K80', 'K81', 'K82']","['diseases of biliary tract', 'acute pancreatitis', 'diseases of pancreas', 'chronic viral hepatitis', 'malignant neoplasm of liver and intrahepatic bile ducts', 'malignant neoplasm of parts of biliary tract', 'malignant neoplasm of pancreas', 'cholelithiasis', 'cholecystitis', 'diseases of gallbladder']","[2, 0, 11, 0, 16, 0, 12, 0, 0, 0]",4.1
613,408,Betamethasone,"['K83', 'K85', 'K86', 'B18', 'C22', 'C24', 'C25', 'K80', 'K81', 'K82']","['diseases of biliary tract', 'acute pancreatitis', 'diseases of pancreas', 'chronic viral hepatitis', 'malignant neoplasm of liver and intrahepatic bile ducts', 'malignant neoplasm of parts of biliary tract', 'malignant neoplasm of pancreas', 'cholelithiasis', 'cholecystitis', 'diseases of gallbladder']","[2, 9, 20, 2, 21, 0, 1, 0, 1, 0]",5.6
614,57,Methadone,"['E87', 'F10', 'F12', 'F17', 'F20', 'F60', 'F63']","['disorders of fluid, electrolyte and acid-base balance', 'mental and behavioural disorders due to use of alcohol', 'mental and behavioural disorders due to use of cannabinoids', 'mental and behavioural disorders due to use of tobacco', 'schizophrenia', 'specific personality disorders', 'habit and impulse disorders']","[6, 2738, 141, 198, 89, 35, 279]",498.0
615,119,Gallium nitrate,"['F70', 'D75', 'D52', 'F10', 'F22', 'G31', 'L21', 'C10', 'C13', 'E53', 'H10', 'I86', 'N62']","['mild mental retardation', 'diseases of blood and blood-forming organs', 'folate deficiency anaemia', 'mental and behavioural disorders due to use of alcohol', 'persistent delusional disorders', 'degenerative diseases of nervous system', 'seborrhoeic dermatitis', 'malignant neoplasm of oropharynx', 'malignant neoplasm of hypopharynx', 'deficiency of b group vitamins', 'conjunctivitis', 'varicose veins of specified sites', 'hypertrophy of breast']","[0, 42, 0, 0, 0, 0, 0, 0, 0, 0, 1, 0, 0]",3.3076923076923075
616,405,Moroctocog alfa,"['K83', 'B18', 'C22', 'C24', 'C25', 'K80', 'K81', 'K82', 'K85', 'K86']","['diseases of biliary tract', 'chronic viral hepatitis', 'malignant neoplasm of liver and intrahepatic bile ducts', 'malignant neoplasm of parts of biliary tract', 'malignant neoplasm of pancreas', 'cholelithiasis', 'cholecystitis', 'diseases of gallbladder', 'acute pancreatitis', 'diseases of pancreas']","[0, 0, 1, 0, 1, 2, 0, 0, 0]",0.4444444444444444
617,445,Vilazodone,"['G91', 'I60', 'H04', 'H21', 'E11', 'E53', 'E55', 'G82', 'N08']","['hydrocephalus', 'subarachnoid haemorrhage', 'disorders of lachrymal system', 'disorders of iris and ciliary body', 'non-insulin-dependent diabetes mellitus', 'deficiency of b group vitamins', 'vitamin d deficiency', 'paraplegia and tetraplegia', 'glomerular disorders in diseases classified elsewhere']","[0, 0, 0, 0, 3, 0, 0, 0, 0]",0.3333333333333333
618,443,Ziprasidone,"['D75', 'D64', 'D68', 'E21', 'E83']","['diseases of blood and blood-forming organs', 'anaemias', 'coagulation defects', 'hyperparathyroidism and disorders of parathyroid gland', 'disorders of mineral metabolism']","[59, 4, 0, 1]",16.0
619,379,Trihexyphenidyl,"['F13', 'F33', 'F41', 'F43', 'F45', 'F32']","['mental and behavioural disorders due to use of sedatives or hypnotics', 'recurrent depressive disorder', 'anxiety disorders', 'reaction to severe stress, and adjustment disorders', 'somatoform disorders', 'depressive episode']","[93, 3, 14, 3, 3, 2]",19.666666666666668
620,179,Ulobetasol,"['C61', 'N32', 'N40', 'D40']","['malignant neoplasm of prostate', 'disorders of bladder', 'hyperplasia of prostate', 'neoplasm of uncertain or unknown behaviour of male genital organs']","[0, 0, 0, 0]",0.0
621,133,Sulfamethoxazole,"['G40', 'G41', 'G81', 'J69', 'F70']","['epilepsy', 'status epilepticus', 'hemiplegia', 'pneumonitis due to solids and liquids', 'mild mental retardation']","[21, 3, 7, 1101, 1]",226.6
622,18,Pirbuterol,"['E66', 'E78', 'F17', 'I10', 'K76']","['obesity', 'disorders of lipoprotein metabolism and lipidaemias', 'mental and behavioural disorders due to use of tobacco', 'essential (primary) hypertension', 'diseases of liver']","[0, 0, 0, 0, 1]",0.2
623,398,Beclomethasone dipropionate,"['I31', 'G60', 'H57', 'I50', 'D52', 'F09', 'I13', 'I25', 'I99', 'J01', 'J41', 'M46']","['diseases of pericardium', 'hereditary and idiopathic neuropathy', 'disorders of eye and adnexa', 'heart failure', 'folate deficiency anaemia', 'organic or symptomatic mental disorder', 'hypertensive heart and renal disease', 'chronic ischaemic heart disease', 'disorders of circulatory system', 'acute sinusitis', 'simple and mucopurulent chronic bronchitis', 'inflammatory spondylopathies']","[0, 2, 9, 7, 0, 15, 10, 0, 5, 9, 0, 2]",4.916666666666667
624,222_294,Lopinavir,"['G93', 'I46']","['disorders of brain', 'cardiac arrest']","[29, 7]",18.0
625,147,Glipizide,"['J18', 'J96', 'J15']","['pneumonia, organism', 'respiratory failure', 'bacterial pneumonia']","[2, 1]",1.5
626,76,Icosapent,"['F10', 'K70']","['mental and behavioural disorders due to use of alcohol', 'alcoholic liver disease']","[36, 156]",96.0
627,158,Dasabuvir,"['K92', 'D62']","['diseases of digestive system', 'acute posthaemorrhagic anaemia']","[12, 0]",6.0
628,369,Ketoconazole,"['N43', 'D29', 'N02', 'N39', 'N40']","['hydrocele and spermatocele', 'benign neoplasm of male genital organs', 'recurrent and persistent haematuria', 'disorders of urinary system', 'hyperplasia of prostate']","[0, 19, 478, 8, 15]",104.0
629,18,Carbocisteine,"['E66', 'E78', 'F17', 'I10', 'K76']","['obesity', 'disorders of lipoprotein metabolism and lipidaemias', 'mental and behavioural disorders due to use of tobacco', 'essential (primary) hypertension', 'diseases of liver']","[0, 0, 0, 0, 14]",2.8
630,182,Vandetanib,"['C82', 'C83', 'C85']","[""follicular [nodular] non-hodgkin's lymphoma"", ""diffuse non-hodgkin's lymphoma"", ""specified types of non-hodgkin's lymphoma""]","[0, 0, 0]",0.0
631,384,Glimepiride,"['F01', 'G40', 'G41', 'I62']","['vascular dementia', 'epilepsy', 'status epilepticus', 'nontraumatic intracranial haemorrhage']","[0, 2, 0, 1]",0.75
632,79,Trabectedin,"['B16', 'B18', 'F11', 'F12', 'F13', 'F14', 'F19', 'K73']","['acute hepatitis b', 'chronic viral hepatitis', 'mental and behavioural disorders due to use of opioids', 'mental and behavioural disorders due to use of cannabinoids', 'mental and behavioural disorders due to use of sedatives or hypnotics', 'mental and behavioural disorders due to use of cocaine', 'mental and behavioural disorders due to multiple drug use and use of psychoactive substances', 'chronic hepatitis']","[0, 0, 0, 0, 1, 0, 0, 2]",0.375
633,238,Heparin,"['K25', 'K26', 'K70', 'D52', 'D62', 'F05']","['gastric ulcer', 'duodenal ulcer', 'alcoholic liver disease', 'folate deficiency anaemia', 'acute posthaemorrhagic anaemia', 'delirium']","[150, 41, 65, 4, 1, 30]",48.5
634,169,Granisetron,"['N39', 'N41']","['disorders of urinary system', 'inflammatory diseases of prostate']","[2, 0]",1.0
635,414,Dabigatran etexilate,"['K83', 'K85', 'K86', 'B18', 'C22', 'C24', 'C25']","['diseases of biliary tract', 'acute pancreatitis', 'diseases of pancreas', 'chronic viral hepatitis', 'malignant neoplasm of liver and intrahepatic bile ducts', 'malignant neoplasm of parts of biliary tract', 'malignant neoplasm of pancreas']","[0, 6, 7, 2, 10, 0, 3]",4.0
636,238,Rose bengal,"['K25', 'K26', 'K70', 'D52', 'D62', 'F05']","['gastric ulcer', 'duodenal ulcer', 'alcoholic liver disease', 'folate deficiency anaemia', 'acute posthaemorrhagic anaemia', 'delirium']","[10, 6, 3, 0, 0, 1]",3.3333333333333335
637,398,Parecoxib,"['I31', 'G60', 'H57', 'I50', 'D52', 'F09', 'I13', 'I25', 'I99', 'J01', 'J41', 'M46']","['diseases of pericardium', 'hereditary and idiopathic neuropathy', 'disorders of eye and adnexa', 'heart failure', 'folate deficiency anaemia', 'organic or symptomatic mental disorder', 'hypertensive heart and renal disease', 'chronic ischaemic heart disease', 'disorders of circulatory system', 'acute sinusitis', 'simple and mucopurulent chronic bronchitis', 'inflammatory spondylopathies']","[0, 1, 0, 5, 0, 25, 1, 5, 0, 0, 2]",3.5454545454545454
638,118,Trilostane,"['F70', 'D53', 'F10', 'F34', 'F05', 'G31', 'H10', 'K72', 'L21']","['mild mental retardation', 'nutritional anaemias', 'mental and behavioural disorders due to use of alcohol', 'persistent mood [affective] disorders', 'delirium', 'degenerative diseases of nervous system', 'conjunctivitis', 'hepatic failure', 'seborrhoeic dermatitis']","[0, 0, 1, 0, 0, 0, 0, 0, 0]",0.1111111111111111
639,176,Zotepine,"['K74', 'I85', 'C22', 'K31', 'K72', 'B99']","['fibrosis and cirrhosis of liver', 'oesophageal varices', 'malignant neoplasm of liver and intrahepatic bile ducts', 'diseases of stomach and duodenum', 'hepatic failure', 'infectious diseases']","[1, 0, 0, 0, 0]",0.2
640,427,Afatinib,"['N30', 'N43', 'D29', 'N10', 'N39', 'H10', 'N02', 'N40', 'N41', 'N42']","['cystitis', 'hydrocele and spermatocele', 'benign neoplasm of male genital organs', 'acute tubulo-interstitial nephritis', 'disorders of urinary system', 'conjunctivitis', 'recurrent and persistent haematuria', 'hyperplasia of prostate', 'inflammatory diseases of prostate', 'disorders of prostate']","[2, 0, 1, 2, 2, 181, 0, 0, 6]",21.555555555555557
641,229,Nicergoline,"['J43', 'J93']","['emphysema', 'pneumothorax']","[0, 0]",0.0
642,3,Hydrocodone,"['H73', 'K92']","['disorders of tympanic membrane', 'diseases of digestive system']","[0, 7]",3.5
643,110,Melatonin,"['N18', 'D64']","['chronic renal failure', 'anaemias']","[55, 38]",46.5
644,239,Histamine,"['K76', 'A04', 'D61', 'E55', 'K46', 'K55', 'K75']","['diseases of liver', 'bacterial intestinal infections', 'aplastic anaemias', 'vitamin d deficiency', 'abdominal hernia', 'vascular disorders of intestine', 'inflammatory liver diseases']","[879, 74, 16, 5, 5, 139, 95]",173.28571428571428
645,112,Benzophenone,"['B16', 'B18', 'K73', 'C22']","['acute hepatitis b', 'chronic viral hepatitis', 'chronic hepatitis', 'malignant neoplasm of liver and intrahepatic bile ducts']","[0, 1, 15]",5.333333333333333
646,389,Drotrecogin alfa,"['E10', 'E13', 'E16', 'H26', 'H33', 'H35', 'H36']","['insulin-dependent diabetes mellitus', 'specified diabetes mellitus', 'disorders of pancreatic internal secretion', 'cataract', 'retinal detachments and breaks', 'retinal disorders', 'retinal disorders in diseases classified elsewhere']","[1, 0, 0, 0, 2, 1, 0]",0.5714285714285714
647,163,Thiothixene,"['M25', 'M66', 'M87']","['joint disorders', 'spontaneous rupture of synovium and tendon', 'osteonecrosis']","[0, 0, 0]",0.0
648,140,Grazoprevir,"['I20', 'I21', 'I25']","['angina pectoris', 'acute myocardial infarction', 'chronic ischaemic heart disease']","[0, 1, 0]",0.3333333333333333
649,85,Temsirolimus,"['F41', 'F45']","['anxiety disorders', 'somatoform disorders']","[1, 0]",0.5
650,413,Bopindolol,"['K83', 'B18', 'C22', 'C24']","['diseases of biliary tract', 'chronic viral hepatitis', 'malignant neoplasm of liver and intrahepatic bile ducts', 'malignant neoplasm of parts of biliary tract']","[0, 0, 0, 0]",0.0
651,444,Praziquantel,"['E10', 'E13', 'E16', 'H26', 'H33']","['insulin-dependent diabetes mellitus', 'specified diabetes mellitus', 'disorders of pancreatic internal secretion', 'cataract', 'retinal detachments and breaks']","[0, 0, 0, 2, 27]",5.8
652,238,Mequitazine,"['K25', 'K26', 'K70', 'D52', 'D62', 'F05']","['gastric ulcer', 'duodenal ulcer', 'alcoholic liver disease', 'folate deficiency anaemia', 'acute posthaemorrhagic anaemia', 'delirium']","[1, 0, 0, 0, 0, 0]",0.16666666666666666
653,11,Rufinamide,"['C71', 'C79', 'H53']","['malignant neoplasm of brain', 'secondary malignant neoplasm of specified sites', 'visual disturbances']","[0, 0, 0]",0.0
654,461,"Antihemophilic factor, human recombinant","['N41', 'D40', 'N42', 'C61', 'C64']","['inflammatory diseases of prostate', 'neoplasm of uncertain or unknown behaviour of male genital organs', 'disorders of prostate', 'malignant neoplasm of prostate', 'malignant neoplasm of kidney, except renal pelvis']","[0, 1, 2, 0]",0.75
655,457,Flavoxate,"['M16', 'M41', 'M42', 'M43', 'M87']","['coxarthrosis [arthrosis of hip]', 'scoliosis', 'spinal osteochondrosis', 'deforming dorsopathies', 'osteonecrosis']","[0, 0, 0, 0, 0]",0.0
656,379,Linaclotide,"['F13', 'F33', 'F41', 'F43', 'F45', 'F32']","['mental and behavioural disorders due to use of sedatives or hypnotics', 'recurrent depressive disorder', 'anxiety disorders', 'reaction to severe stress, and adjustment disorders', 'somatoform disorders', 'depressive episode']","[2, 0, 1, 0, 0, 0]",0.5
657,168,Raloxifene,"['N18', 'B99', 'N03', 'N25', 'N05']","['chronic renal failure', 'infectious diseases', 'chronic nephritic syndrome', 'disorders resulting from impaired renal tubular function', 'minor glomerular abnormality']","[12, 28, 1, 0]",10.25
658,379,Vancomycin,"['F13', 'F33', 'F41', 'F43', 'F45', 'F32']","['mental and behavioural disorders due to use of sedatives or hypnotics', 'recurrent depressive disorder', 'anxiety disorders', 'reaction to severe stress, and adjustment disorders', 'somatoform disorders', 'depressive episode']","[46, 0, 7, 9, 1, 3]",11.0
659,176,Fenoldopam,"['K74', 'I85', 'C22', 'K31', 'K72', 'B99']","['fibrosis and cirrhosis of liver', 'oesophageal varices', 'malignant neoplasm of liver and intrahepatic bile ducts', 'diseases of stomach and duodenum', 'hepatic failure', 'infectious diseases']","[8, 0, 0, 3, 5, 2]",3.0
660,346,Mycophenolic acid,"['N10', 'N18', 'B02', 'B25', 'H10', 'I13', 'N05']","['acute tubulo-interstitial nephritis', 'chronic renal failure', 'zoster [herpes zoster]', 'cytomegaloviral disease', 'conjunctivitis', 'hypertensive heart and renal disease', 'minor glomerular abnormality']","[4, 505, 66, 299, 14, 2754, 1]",520.4285714285714
661,411,Ethylmorphine,"['G31', 'F10', 'F43']","['degenerative diseases of nervous system', 'mental and behavioural disorders due to use of alcohol', 'reaction to severe stress, and adjustment disorders']","[0, 8, 0]",2.6666666666666665
662,299,Technetium Tc-99m tetrofosmin,"['G47', 'J30', 'F51']","['sleep disorders', 'vasomotor and allergic rhinitis', 'sleep disorders']","[0, 1, 0]",0.3333333333333333
663,378,Tripelennamine,"['F10', 'F13', 'F31', 'F60', 'G31', 'D53', 'E51', 'K08']","['mental and behavioural disorders due to use of alcohol', 'mental and behavioural disorders due to use of sedatives or hypnotics', 'bipolar affective disorder', 'specific personality disorders', 'degenerative diseases of nervous system', 'nutritional anaemias', 'thiamine deficiency', 'disorders of teeth and supporting structures']","[11, 141, 0, 0, 0, 0, 0, 8]",20.0
664,15_73,Rilpivirine,"['E10', 'E14', 'E16']","['insulin-dependent diabetes mellitus', 'diabetes mellitus', 'disorders of pancreatic internal secretion']","[0, 6, 0]",2.0
665,379,Tocofersolan,"['F13', 'F33', 'F41', 'F43', 'F45', 'F32']","['mental and behavioural disorders due to use of sedatives or hypnotics', 'recurrent depressive disorder', 'anxiety disorders', 'reaction to severe stress, and adjustment disorders', 'somatoform disorders', 'depressive episode']","[2, 0, 0, 0, 0, 0]",0.3333333333333333
666,3,Cinnarizine,"['H73', 'K92']","['disorders of tympanic membrane', 'diseases of digestive system']","[1, 2]",1.5
667,411,Fospropofol,"['G31', 'F10', 'F43']","['degenerative diseases of nervous system', 'mental and behavioural disorders due to use of alcohol', 'reaction to severe stress, and adjustment disorders']","[0, 0, 0]",0.0
668,232,Chlorothiazide,"['K20', 'K22', 'K21', 'K25', 'K26', 'K44']","['oesophagitis', 'diseases of oesophagus', 'gastro-oesophageal reflux disease', 'gastric ulcer', 'duodenal ulcer', 'diaphragmatic hernia']","[2, 3, 1, 7, 3, 0]",2.6666666666666665
669,200,Azacitidine,"['F09', 'F63', 'F03', 'F10', 'G31', 'L21', 'D52', 'E51', 'E53', 'I62', 'J39', 'K02', 'K12', 'M46']","['organic or symptomatic mental disorder', 'habit and impulse disorders', 'dementia', 'mental and behavioural disorders due to use of alcohol', 'degenerative diseases of nervous system', 'seborrhoeic dermatitis', 'folate deficiency anaemia', 'thiamine deficiency', 'deficiency of b group vitamins', 'nontraumatic intracranial haemorrhage', 'diseases of upper respiratory tract', 'dental caries', 'stomatitis and related lesions', 'inflammatory spondylopathies']","[42, 1, 11, 5, 1, 0, 0, 0, 0, 0, 3, 1, 43, 0]",7.642857142857143
670,157_240,Naphazoline,"['K80', 'K81', 'K82', 'K83']","['cholelithiasis', 'cholecystitis', 'diseases of gallbladder', 'diseases of biliary tract']","[0, 0, 0, 0]",0.0
671,315,Ketamine,"['I20', 'B00', 'K04']","['angina pectoris', 'herpesviral [herpes simplex] infections', 'diseases of pulp and periapical tissues']","[6, 1, 4]",3.6666666666666665
672,405,Sodium Tetradecyl Sulfate,"['K83', 'B18', 'C22', 'C24', 'C25', 'K80', 'K81', 'K82', 'K85', 'K86']","['diseases of biliary tract', 'chronic viral hepatitis', 'malignant neoplasm of liver and intrahepatic bile ducts', 'malignant neoplasm of parts of biliary tract', 'malignant neoplasm of pancreas', 'cholelithiasis', 'cholecystitis', 'diseases of gallbladder', 'acute pancreatitis', 'diseases of pancreas']","[1, 0, 3, 0, 0, 4, 1, 2, 0, 0]",1.1
673,131,Gramicidin D,"['F11', 'F13', 'F33', 'F43', 'F60']","['mental and behavioural disorders due to use of opioids', 'mental and behavioural disorders due to use of sedatives or hypnotics', 'recurrent depressive disorder', 'reaction to severe stress, and adjustment disorders', 'specific personality disorders']","[1, 8, 0, 0, 0]",1.8
674,457,Rimexolone,"['M16', 'M41', 'M42', 'M43', 'M87']","['coxarthrosis [arthrosis of hip]', 'scoliosis', 'spinal osteochondrosis', 'deforming dorsopathies', 'osteonecrosis']","[0, 0, 0, 0, 0]",0.0
675,210_305,Ibritumomab tiuxetan,"['M43', 'M48', 'M51', 'M54', 'M96', 'G54', 'H61']","['deforming dorsopathies', 'spondylopathies', 'intervertebral disk disorders', 'dorsalgia', 'postprocedural musculoskeletal disorders', 'nerve root and plexus disorders', 'disorders of external ear']","[0, 0, 0, 0, 0, 0, 0]",0.0
676,19_53,Clobetasone,"['E84', 'K86']","['cystic fibrosis', 'diseases of pancreas']","[0, 0]",0.0
677,401,Caspofungin,"['F09', 'J62', 'J44', 'J47', 'K20']","['organic or symptomatic mental disorder', 'pneumoconiosis due to dust containing silica', 'chronic obstructive pulmonary disease', 'bronchiectasis', 'oesophagitis']","[0, 10, 3, 91]",26.0
678,61,Fondaparinux,"['I10', 'I15']","['essential (primary) hypertension', 'secondary hypertension']","[0, 7]",3.5
679,79,Bromazepam,"['B16', 'B18', 'F11', 'F12', 'F13', 'F14', 'F19', 'K73']","['acute hepatitis b', 'chronic viral hepatitis', 'mental and behavioural disorders due to use of opioids', 'mental and behavioural disorders due to use of cannabinoids', 'mental and behavioural disorders due to use of sedatives or hypnotics', 'mental and behavioural disorders due to use of cocaine', 'mental and behavioural disorders due to multiple drug use and use of psychoactive substances', 'chronic hepatitis']","[0, 0, 11, 4, 198, 19, 0]",33.142857142857146
680,167,Pentosan Polysulfate,"['M19', 'M24', 'M25', 'M65', 'M67', 'M75', 'M77', 'M66', 'M76']","['arthrosis', 'specific joint derangements', 'joint disorders', 'infective (teno)synovitis', 'disorders of synovium and tendon', 'shoulder lesions', 'enthesopathies', 'spontaneous rupture of synovium and tendon', 'enthesopathies of lower limb, excluding foot']","[63, 0, 63, 0, 7, 0, 3, 0]",17.0
681,303,Bazedoxifene,"['G40', 'G41', 'F01', 'F71']","['epilepsy', 'status epilepticus', 'vascular dementia', 'moderate mental retardation']","[0, 0, 0, 0]",0.0
682,161,Dalfampridine,"['M17', 'M66', 'M71', 'M93']","['gonarthrosis [arthrosis of knee]', 'spontaneous rupture of synovium and tendon', 'bursopathies', 'osteochondropathies']","[1, 6, 0, 0]",1.75
683,189,Levomenol,"['M45', 'E13', 'D35', 'I10', 'I12', 'I72', 'I77', 'K20', 'L98', 'N05', 'I13']","['ankylosing spondylitis', 'specified diabetes mellitus', 'benign neoplasm of endocrine glands', 'essential (primary) hypertension', 'hypertensive renal disease', 'aneurysm', 'disorders of arteries and arterioles', 'oesophagitis', 'disorders of skin and subcutaneous tissue', 'minor glomerular abnormality', 'hypertensive heart and renal disease']","[0, 0, 0, 0, 0, 0, 1, 1, 0, 6]",0.8
684,251,Gabapentin,"['M42', 'M47', 'M41', 'M43', 'M48']","['spinal osteochondrosis', 'spondylosis', 'scoliosis', 'deforming dorsopathies', 'spondylopathies']","[0, 6, 30, 0, 182]",43.6
685,81,Naloxegol,"['F19', 'F90']","['mental and behavioural disorders due to multiple drug use and use of psychoactive substances', 'hyperkinetic disorders']","[1, 0]",0.5
686,457,Terbutaline,"['M16', 'M41', 'M42', 'M43', 'M87']","['coxarthrosis [arthrosis of hip]', 'scoliosis', 'spinal osteochondrosis', 'deforming dorsopathies', 'osteonecrosis']","[0, 0, 0, 0]",0.0
687,398,Alclometasone,"['I31', 'G60', 'H57', 'I50', 'D52', 'F09', 'I13', 'I25', 'I99', 'J01', 'J41', 'M46']","['diseases of pericardium', 'hereditary and idiopathic neuropathy', 'disorders of eye and adnexa', 'heart failure', 'folate deficiency anaemia', 'organic or symptomatic mental disorder', 'hypertensive heart and renal disease', 'chronic ischaemic heart disease', 'disorders of circulatory system', 'acute sinusitis', 'simple and mucopurulent chronic bronchitis', 'inflammatory spondylopathies']","[0, 0, 0, 0, 0, 0, 0, 0, 0, 0, 0, 0]",0.0
688,157_240,Phentolamine,"['K80', 'K81', 'K82', 'K83']","['cholelithiasis', 'cholecystitis', 'diseases of gallbladder', 'diseases of biliary tract']","[2, 2, 0, 4]",2.0
689,238,Aminophenazone,"['K25', 'K26', 'K70', 'D52', 'D62', 'F05']","['gastric ulcer', 'duodenal ulcer', 'alcoholic liver disease', 'folate deficiency anaemia', 'acute posthaemorrhagic anaemia', 'delirium']","[100, 28, 69, 0, 0, 0]",32.833333333333336
690,332,Ketoprofen,"['K59', 'K56', 'K65']","['functional intestinal disorders', 'paralytic ileus and intestinal obstruction without hernia', 'peritonitis']","[44, 1, 25]",23.333333333333332
691,266,Dexmedetomidine,"['N39', 'I95']","['disorders of urinary system', 'hypotension']","[10, 1465]",737.5
692,238,Terfenadine,"['K25', 'K26', 'K70', 'D52', 'D62', 'F05']","['gastric ulcer', 'duodenal ulcer', 'alcoholic liver disease', 'folate deficiency anaemia', 'acute posthaemorrhagic anaemia', 'delirium']","[1, 0, 1, 0, 0, 0]",0.3333333333333333
693,426,Nabiximols,"['M66', 'M75', 'M77']","['spontaneous rupture of synovium and tendon', 'shoulder lesions', 'enthesopathies']","[0, 0, 0]",0.0
694,461,Dipivefrin,"['N41', 'D40', 'N42', 'C61', 'C64']","['inflammatory diseases of prostate', 'neoplasm of uncertain or unknown behaviour of male genital organs', 'disorders of prostate', 'malignant neoplasm of prostate', 'malignant neoplasm of kidney, except renal pelvis']","[0, 0, 0, 0]",0.0
695,131,Praziquantel,"['F11', 'F13', 'F33', 'F43', 'F60']","['mental and behavioural disorders due to use of opioids', 'mental and behavioural disorders due to use of sedatives or hypnotics', 'recurrent depressive disorder', 'reaction to severe stress, and adjustment disorders', 'specific personality disorders']","[0, 5, 0, 1, 0]",1.2
696,23,Pitavastatin,"['E88', 'F79', 'G25', 'G41', 'I47', 'J69', 'G40', 'J96']","['metabolic disorders', 'mental retardation', 'extrapyramidal and movement disorders', 'status epilepticus', 'paroxysmal tachycardia', 'pneumonitis due to solids and liquids', 'epilepsy', 'respiratory failure']","[374, 0, 3, 1, 0, 68, 2, 3]",56.375
697,13,Fostamatinib,"['D80', 'E61', 'G00', 'H02', 'H04', 'J01', 'K00', 'K76', 'M43', 'J35', 'J36']","['immunodeficiency with antibody defects', 'deficiency of nutrient elements', 'bacterial meningitis', 'disorders of eyelid', 'disorders of lachrymal system', 'acute sinusitis', 'disorders of tooth development and eruption', 'diseases of liver', 'deforming dorsopathies', 'chronic diseases of tonsils and adenoids', 'peritonsillar abscess']","[0, 0, 0, 0, 0, 0, 0, 10, 0, 0, 0]",0.9090909090909091
698,133,Enprofylline,"['G40', 'G41', 'G81', 'J69', 'F70']","['epilepsy', 'status epilepticus', 'hemiplegia', 'pneumonitis due to solids and liquids', 'mild mental retardation']","[4, 0, 0, 12, 0]",3.2
699,55,Nandrolone decanoate,"['F11', 'F13', 'F19']","['mental and behavioural disorders due to use of opioids', 'mental and behavioural disorders due to use of sedatives or hypnotics', 'mental and behavioural disorders due to multiple drug use and use of psychoactive substances']","[2, 1, 1]",1.3333333333333333
700,198,Atosiban,"['G47', 'G25', 'E66', 'H66', 'K46']","['sleep disorders', 'extrapyramidal and movement disorders', 'obesity', 'chronic suppurative otitis media', 'abdominal hernia']","[0, 0, 5, 0, 1]",1.2
701,257,Clobetasone,"['N03', 'A49', 'A69', 'E78', 'G46', 'H49', 'H81', 'I05', 'I66', 'I99', 'M15', 'F44', 'J03']","['chronic nephritic syndrome', 'bacterial infection of site', 'spirochaetal infections', 'disorders of lipoprotein metabolism and lipidaemias', 'vascular syndromes of brain in cerebrovascular diseases', 'paralytic strabismus', 'disorders of vestibular function', 'rheumatic mitral valve diseases', 'occlusion and stenosis of cerebral arteries', 'disorders of circulatory system', 'polyarthrosis', 'dissociative [conversion] disorders', 'acute tonsillitis']","[0, 0, 0, 0, 0, 0, 0, 0, 6, 2, 0, 0, 0]",0.6153846153846154
702,413,Hydromorphone,"['K83', 'B18', 'C22', 'C24']","['diseases of biliary tract', 'chronic viral hepatitis', 'malignant neoplasm of liver and intrahepatic bile ducts', 'malignant neoplasm of parts of biliary tract']","[0, 1, 11, 0]",3.0
703,394,Apixaban,"['B36', 'D34', 'E72', 'F09', 'G90', 'I10', 'I30', 'I33', 'I60', 'I78', 'J13', 'J30', 'K73', 'L08', 'L21', 'L23', 'L29', 'L71', 'L85', 'N02', 'N04', 'C74', 'E26', 'E29', 'G37', 'G96', 'H72', 'I68', 'J35', 'K09', 'L70', 'M14', 'N03', 'N49']","['superficial mycoses', 'benign neoplasm of thyroid gland', 'disorders of amino-acid metabolism', 'organic or symptomatic mental disorder', 'disorders of autonomic nervous system', 'essential (primary) hypertension', 'acute pericarditis', 'acute and subacute endocarditis', 'subarachnoid haemorrhage', 'diseases of capillaries', 'pneumonia due to streptococcus pneumoniae', 'vasomotor and allergic rhinitis', 'chronic hepatitis', 'local infections of skin and subcutaneous tissue', 'seborrhoeic dermatitis', 'allergic contact dermatitis', 'pruritus', 'rosacea', 'epidermal thickening', 'recurrent and persistent haematuria', 'nephrotic syndrome', 'malignant neoplasm of adrenal gland', 'hyperaldosteronism', 'testicular dysfunction', 'demyelinating diseases of central nervous system', 'disorders of central nervous system', 'perforation of tympanic membrane', 'cerebrovascular disorders in diseases classified elsewhere', 'chronic diseases of tonsils and adenoids', 'cysts of oral region', 'acne', 'arthropathies in diseases classified elsewhere', 'chronic nephritic syndrome', 'inflammatory disorders of male genital organs']","[0, 0, 13, 14, 0, 1, 1, 1, 27, 1, 0, 1, 7, 7, 0, 0, 0, 0, 795, 1, 0, 0, 0, 17, 0, 0, 0, 0, 0, 0, 0, 0]",27.6875
704,77,Oxaliplatin,"['F11', 'F13', 'F19', 'B18', 'B24', 'F14', 'F15']","['mental and behavioural disorders due to use of opioids', 'mental and behavioural disorders due to use of sedatives or hypnotics', 'mental and behavioural disorders due to multiple drug use and use of psychoactive substances', 'chronic viral hepatitis', 'human immunodeficiency virus [hiv] disease', 'mental and behavioural disorders due to use of cocaine', 'mental and behavioural disorders due to use of stimulants, including caffeine']","[1, 10, 3, 7, 5, 0, 0]",3.7142857142857144
705,57,Acamprosate,"['E87', 'F10', 'F12', 'F17', 'F20', 'F60', 'F63']","['disorders of fluid, electrolyte and acid-base balance', 'mental and behavioural disorders due to use of alcohol', 'mental and behavioural disorders due to use of cannabinoids', 'mental and behavioural disorders due to use of tobacco', 'schizophrenia', 'specific personality disorders', 'habit and impulse disorders']","[1, 801, 10, 19, 16, 1, 27]",125.0
706,410,Paclitaxel,"['I85', 'K70', 'K72', 'K74']","['oesophageal varices', 'alcoholic liver disease', 'hepatic failure', 'fibrosis and cirrhosis of liver']","[2, 2, 158, 227]",97.25
707,15_73,Levonorgestrel,"['E10', 'E14', 'E16']","['insulin-dependent diabetes mellitus', 'diabetes mellitus', 'disorders of pancreatic internal secretion']","[14, 69, 0]",27.666666666666668
708,323,Enalapril,"['K60', 'I84', 'D21']","['fissure and fistula of anal and rectal regions', 'haemorrhoids', 'benign neoplasms of connective and soft tissue']","[2, 0, 9]",3.6666666666666665
709,458,Tolterodine,"['M19', 'M25', 'M75']","['arthrosis', 'joint disorders', 'shoulder lesions']","[2, 2, 0]",1.3333333333333333
710,77,Foreskin fibroblast (neonatal),"['F11', 'F13', 'F19', 'B18', 'B24', 'F14', 'F15']","['mental and behavioural disorders due to use of opioids', 'mental and behavioural disorders due to use of sedatives or hypnotics', 'mental and behavioural disorders due to multiple drug use and use of psychoactive substances', 'chronic viral hepatitis', 'human immunodeficiency virus [hiv] disease', 'mental and behavioural disorders due to use of cocaine', 'mental and behavioural disorders due to use of stimulants, including caffeine']","[0, 0, 0, 0, 2, 0, 0]",0.2857142857142857
711,157_240,Olsalazine,"['K80', 'K81', 'K82', 'K83']","['cholelithiasis', 'cholecystitis', 'diseases of gallbladder', 'diseases of biliary tract']","[0, 0, 1, 0]",0.25
712,408,Dopamine,"['K83', 'K85', 'K86', 'B18', 'C22', 'C24', 'C25', 'K80', 'K81', 'K82']","['diseases of biliary tract', 'acute pancreatitis', 'diseases of pancreas', 'chronic viral hepatitis', 'malignant neoplasm of liver and intrahepatic bile ducts', 'malignant neoplasm of parts of biliary tract', 'malignant neoplasm of pancreas', 'cholelithiasis', 'cholecystitis', 'diseases of gallbladder']","[17, 55, 208, 11, 165, 0, 100, 12, 8, 13]",58.9
713,57,Phenylephrine,"['E87', 'F10', 'F12', 'F17', 'F20', 'F60', 'F63']","['disorders of fluid, electrolyte and acid-base balance', 'mental and behavioural disorders due to use of alcohol', 'mental and behavioural disorders due to use of cannabinoids', 'mental and behavioural disorders due to use of tobacco', 'schizophrenia', 'specific personality disorders', 'habit and impulse disorders']","[157, 0, 0, 10, 0, 13]",30.0
714,401,Bioallethrin,"['F09', 'J62', 'J44', 'J47', 'K20']","['organic or symptomatic mental disorder', 'pneumoconiosis due to dust containing silica', 'chronic obstructive pulmonary disease', 'bronchiectasis', 'oesophagitis']","[3, 0, 0]",1.0
715,25,Afatinib,"['F90', 'F91']","['hyperkinetic disorders', 'conduct disorders']","[0, 0]",0.0
716,389,Piroxicam,"['E10', 'E13', 'E16', 'H26', 'H33', 'H35', 'H36']","['insulin-dependent diabetes mellitus', 'specified diabetes mellitus', 'disorders of pancreatic internal secretion', 'cataract', 'retinal detachments and breaks', 'retinal disorders', 'retinal disorders in diseases classified elsewhere']","[2, 0, 0, 10, 13, 4, 0]",4.142857142857143
717,333_412,Technetium Tc-99m sestamibi,"['K80', 'K81', 'K82']","['cholelithiasis', 'cholecystitis', 'diseases of gallbladder']","[0, 4, 3]",2.3333333333333335
718,110,Ifenprodil,"['N18', 'D64']","['chronic renal failure', 'anaemias']","[0, 1]",0.5
719,118,Interferon alfa-n1,"['F70', 'D53', 'F10', 'F34', 'F05', 'G31', 'H10', 'K72', 'L21']","['mild mental retardation', 'nutritional anaemias', 'mental and behavioural disorders due to use of alcohol', 'persistent mood [affective] disorders', 'delirium', 'degenerative diseases of nervous system', 'conjunctivitis', 'hepatic failure', 'seborrhoeic dermatitis']","[0, 0, 0, 0, 0, 0, 0, 0, 0]",0.0
720,414,Risperidone,"['K83', 'K85', 'K86', 'B18', 'C22', 'C24', 'C25']","['diseases of biliary tract', 'acute pancreatitis', 'diseases of pancreas', 'chronic viral hepatitis', 'malignant neoplasm of liver and intrahepatic bile ducts', 'malignant neoplasm of parts of biliary tract', 'malignant neoplasm of pancreas']","[0, 21, 18, 2, 5, 0, 2]",6.857142857142857
721,398,Myrrh,"['I31', 'G60', 'H57', 'I50', 'D52', 'F09', 'I13', 'I25', 'I99', 'J01', 'J41', 'M46']","['diseases of pericardium', 'hereditary and idiopathic neuropathy', 'disorders of eye and adnexa', 'heart failure', 'folate deficiency anaemia', 'organic or symptomatic mental disorder', 'hypertensive heart and renal disease', 'chronic ischaemic heart disease', 'disorders of circulatory system', 'acute sinusitis', 'simple and mucopurulent chronic bronchitis', 'inflammatory spondylopathies']","[0, 0, 6, 2, 0, 27, 15, 1, 10, 0, 0, 1]",5.166666666666667
722,451,Digoxin,"['I31', 'I20', 'I21']","['diseases of pericardium', 'angina pectoris', 'acute myocardial infarction']","[4, 127, 259]",130.0
723,118,Dabrafenib,"['F70', 'D53', 'F10', 'F34', 'F05', 'G31', 'H10', 'K72', 'L21']","['mild mental retardation', 'nutritional anaemias', 'mental and behavioural disorders due to use of alcohol', 'persistent mood [affective] disorders', 'delirium', 'degenerative diseases of nervous system', 'conjunctivitis', 'hepatic failure', 'seborrhoeic dermatitis']","[0, 0, 0, 0, 1, 0, 0, 5, 3]",1.0
724,158,Protriptyline,"['K92', 'D62']","['diseases of digestive system', 'acute posthaemorrhagic anaemia']","[1, 0]",0.5
725,448,Sulindac,"['F32', 'F33', 'F41', 'F43', 'F45']","['depressive episode', 'recurrent depressive disorder', 'anxiety disorders', 'reaction to severe stress, and adjustment disorders', 'somatoform disorders']","[0, 1, 1, 1, 0]",0.6
726,397,Menadione,"['I48', 'A48', 'C76', 'H18', 'H61', 'I33', 'J30', 'K04']","['atrial fibrillation and flutter', 'bacterial diseases', 'malignant neoplasm of ill-defined sites', 'disorders of cornea', 'disorders of external ear', 'acute and subacute endocarditis', 'vasomotor and allergic rhinitis', 'diseases of pulp and periapical tissues']","[1, 115, 0, 7, 0, 0, 3, 4]",16.25
727,366,Fludrocortisone,"['C91', 'C82', 'C83', 'C85', 'D72', 'D80']","['lymphoid leukaemia', ""follicular [nodular] non-hodgkin's lymphoma"", ""diffuse non-hodgkin's lymphoma"", ""specified types of non-hodgkin's lymphoma"", 'disorders of white blood cells', 'immunodeficiency with antibody defects']","[3, 1, 3, 0, 2, 1]",1.6666666666666667
728,215,Vandetanib,"['H40', 'H25', 'H26']","['glaucoma', 'senile cataract', 'cataract']","[0, 0, 0]",0.0
729,382,Brimonidine,"['F32', 'G20', 'G35', 'F48', 'K02', 'N48']","['depressive episode', ""parkinson's disease"", 'multiple sclerosis', 'neurotic disorders', 'dental caries', 'disorders of penis']","[0, 2, 1, 0, 0, 0]",0.5
730,77,Piperaquine,"['F11', 'F13', 'F19', 'B18', 'B24', 'F14', 'F15']","['mental and behavioural disorders due to use of opioids', 'mental and behavioural disorders due to use of sedatives or hypnotics', 'mental and behavioural disorders due to multiple drug use and use of psychoactive substances', 'chronic viral hepatitis', 'human immunodeficiency virus [hiv] disease', 'mental and behavioural disorders due to use of cocaine', 'mental and behavioural disorders due to use of stimulants, including caffeine']","[0, 1, 0, 1, 32, 0, 0]",4.857142857142857
731,348,Triflupromazine,"['N32', 'N40', 'N41', 'N21', 'N42']","['disorders of bladder', 'hyperplasia of prostate', 'inflammatory diseases of prostate', 'calculus of lower urinary tract', 'disorders of prostate']","[0, 0, 0, 0, 0]",0.0
732,110,Quetiapine,"['N18', 'D64']","['chronic renal failure', 'anaemias']","[4, 7]",5.5
733,411,Bisoprolol,"['G31', 'F10', 'F43']","['degenerative diseases of nervous system', 'mental and behavioural disorders due to use of alcohol', 'reaction to severe stress, and adjustment disorders']","[0, 24, 0]",8.0
734,110,Acetyl sulfisoxazole,"['N18', 'D64']","['chronic renal failure', 'anaemias']","[0, 0]",0.0
735,390,Fluorouracil,"['G91', 'I60', 'D73', 'F52', 'G30', 'L28', 'E11', 'E55', 'F00', 'F05', 'H49', 'A48', 'C76', 'D34', 'H60', 'L08', 'M00', 'N04']","['hydrocephalus', 'subarachnoid haemorrhage', 'diseases of spleen', 'sexual dysfunction', ""alzheimer's disease"", 'lichen simplex chronicus and prurigo', 'non-insulin-dependent diabetes mellitus', 'vitamin d deficiency', ""dementia in alzheimer's disease"", 'delirium', 'paralytic strabismus', 'bacterial diseases', 'malignant neoplasm of ill-defined sites', 'benign neoplasm of thyroid gland', 'otitis externa', 'local infections of skin and subcutaneous tissue', 'pyogenic arthritis', 'nephrotic syndrome']","[4, 2, 75, 28, 19, 6, 33, 3, 5, 15, 0, 288, 0, 24, 0, 201, 2, 13]",39.888888888888886
736,342,Methylscopolamine bromide,"['M81', 'M80', 'M85']","['osteoporosis without pathological fracture', 'osteoporosis with pathological fracture', 'disorders of bone density and structure']","[0, 0, 157]",52.333333333333336
737,25,Temsirolimus,"['F90', 'F91']","['hyperkinetic disorders', 'conduct disorders']","[0, 0]",0.0
738,380,Ivacaftor,"['H26', 'H33']","['cataract', 'retinal detachments and breaks']",[8],8.0
739,446,Cyproheptadine,"['I73', 'I70', 'I74', 'I77']","['peripheral vascular diseases', 'atherosclerosis', 'arterial embolism and thrombosis', 'disorders of arteries and arterioles']","[6, 6, 17, 24]",13.25
740,457,Nadolol,"['M16', 'M41', 'M42', 'M43', 'M87']","['coxarthrosis [arthrosis of hip]', 'scoliosis', 'spinal osteochondrosis', 'deforming dorsopathies', 'osteonecrosis']","[0, 0, 0, 0, 0]",0.0
741,423,Cortisone acetate,"['M16', 'M87', 'M41', 'M42', 'M43', 'M62', 'G54']","['coxarthrosis [arthrosis of hip]', 'osteonecrosis', 'scoliosis', 'spinal osteochondrosis', 'deforming dorsopathies', 'disorders of muscle', 'nerve root and plexus disorders']","[31, 74, 2, 2, 0, 112, 11]",33.142857142857146
742,5,Reteplase,"['A49', 'B27', 'J03', 'J11', 'J38', 'L50']","['bacterial infection of site', 'infectious mononucleosis', 'acute tonsillitis', 'influenza virus', 'diseases of vocal cords and larynx', 'urticaria']","[0, 0, 0, 0, 0, 1]",0.16666666666666666
743,386,Dolutegravir,"['H90', 'H91', 'H93', 'H16', 'H81', 'K30', 'M40', 'E78', 'F34', 'G57', 'H10', 'I06']","['conductive and sensorineural hearing loss', 'hearing loss', 'disorders of ear', 'keratitis', 'disorders of vestibular function', 'dyspepsia', 'kyphosis and lordosis', 'disorders of lipoprotein metabolism and lipidaemias', 'persistent mood [affective] disorders', 'mononeuropathies of lower limb', 'conjunctivitis', 'rheumatic aortic valve diseases']","[700, 0, 1, 0, 0, 1, 0, 16, 0, 0, 0]",65.27272727272727
744,291,Pravastatin,"['L89', 'N08', 'E11', 'E55', 'G61', 'I13', 'I33', 'L28']","['decubitus ulcer', 'glomerular disorders in diseases classified elsewhere', 'non-insulin-dependent diabetes mellitus', 'vitamin d deficiency', 'inflammatory polyneuropathy', 'hypertensive heart and renal disease', 'acute and subacute endocarditis', 'lichen simplex chronicus and prurigo']","[1, 0, 184, 2, 1, 366, 0, 0]",69.25
745,54,Indigotindisulfonic Acid,"['E87', 'F10', 'F17']","['disorders of fluid, electrolyte and acid-base balance', 'mental and behavioural disorders due to use of alcohol', 'mental and behavioural disorders due to use of tobacco']","[0, 0, 0]",0.0
746,325,Guanfacine,"['B37', 'J18', 'J40', 'J86', 'J93', 'B02', 'L72']","['candidiasis', 'pneumonia, organism', 'bronchitis', 'pyothorax', 'pneumothorax', 'zoster [herpes zoster]', 'follicular cysts of skin and subcutaneous tissue']","[0, 0, 0, 0, 0, 1]",0.16666666666666666
747,76,Chondroitin sulfate,"['F10', 'K70']","['mental and behavioural disorders due to use of alcohol', 'alcoholic liver disease']","[12, 23]",17.5
748,411,Phenylephrine,"['G31', 'F10', 'F43']","['degenerative diseases of nervous system', 'mental and behavioural disorders due to use of alcohol', 'reaction to severe stress, and adjustment disorders']","[2, 157, 3]",54.0
749,110,Perospirone,"['N18', 'D64']","['chronic renal failure', 'anaemias']","[0, 0]",0.0
750,13,Pipecuronium,"['D80', 'E61', 'G00', 'H02', 'H04', 'J01', 'K00', 'K76', 'M43', 'J35', 'J36']","['immunodeficiency with antibody defects', 'deficiency of nutrient elements', 'bacterial meningitis', 'disorders of eyelid', 'disorders of lachrymal system', 'acute sinusitis', 'disorders of tooth development and eruption', 'diseases of liver', 'deforming dorsopathies', 'chronic diseases of tonsils and adenoids', 'peritonsillar abscess']","[0, 0, 0, 0, 0, 0, 0, 5, 0, 0, 0]",0.45454545454545453
751,217,Suramin,"['I20', 'I21', 'I25', 'B00']","['angina pectoris', 'acute myocardial infarction', 'chronic ischaemic heart disease', 'herpesviral [herpes simplex] infections']","[0, 0, 1, 1]",0.5
752,451,Pranlukast,"['I31', 'I20', 'I21']","['diseases of pericardium', 'angina pectoris', 'acute myocardial infarction']","[0, 1, 3]",1.3333333333333333
753,47,Acetophenazine,"['N12', 'N39']","['tubulo-interstitial nephritis', 'disorders of urinary system']","[0, 0]",0.0
754,125,Methylphenobarbital,"['K29', 'K31', 'K51', 'K58', 'K59']","['gastritis and duodenitis', 'diseases of stomach and duodenum', 'ulcerative colitis', 'irritable bowel syndrome', 'functional intestinal disorders']","[0, 1, 0, 0, 1]",0.4
755,405,Eplerenone,"['K83', 'B18', 'C22', 'C24', 'C25', 'K80', 'K81', 'K82', 'K85', 'K86']","['diseases of biliary tract', 'chronic viral hepatitis', 'malignant neoplasm of liver and intrahepatic bile ducts', 'malignant neoplasm of parts of biliary tract', 'malignant neoplasm of pancreas', 'cholelithiasis', 'cholecystitis', 'diseases of gallbladder', 'acute pancreatitis', 'diseases of pancreas']","[1, 1, 0, 0, 0, 0, 0, 0]",0.25
756,72,Maraviroc,"['N18', 'D64', 'N19']","['chronic renal failure', 'anaemias', 'renal failure']","[2, 0, 8]",3.3333333333333335
757,200,Pyrimethamine,"['F09', 'F63', 'F03', 'F10', 'G31', 'L21', 'D52', 'E51', 'E53', 'I62', 'J39', 'K02', 'K12', 'M46']","['organic or symptomatic mental disorder', 'habit and impulse disorders', 'dementia', 'mental and behavioural disorders due to use of alcohol', 'degenerative diseases of nervous system', 'seborrhoeic dermatitis', 'folate deficiency anaemia', 'thiamine deficiency', 'deficiency of b group vitamins', 'nontraumatic intracranial haemorrhage', 'diseases of upper respiratory tract', 'dental caries', 'stomatitis and related lesions', 'inflammatory spondylopathies']","[9, 8, 1, 0, 27, 3, 1, 0, 3, 1, 105, 0]",13.166666666666666
758,292,Propafenone,"['E10', 'E13', 'E16']","['insulin-dependent diabetes mellitus', 'specified diabetes mellitus', 'disorders of pancreatic internal secretion']","[0, 0, 0]",0.0
759,376,"Antihemophilic Factor (Recombinant), PEGylated","['E79', 'L82', 'H61', 'L21', 'M54', 'M79']","['disorders of purine and pyrimidine metabolism', 'seborrhoeic keratosis', 'disorders of external ear', 'seborrhoeic dermatitis', 'dorsalgia', 'soft tissue disorders']","[0, 0, 0, 0, 0]",0.0
760,152,Cetuximab,"['K21', 'K25', 'K26', 'K31']","['gastro-oesophageal reflux disease', 'gastric ulcer', 'duodenal ulcer', 'diseases of stomach and duodenum']","[2, 2, 4, 73]",20.25
761,77,Tofacitinib,"['F11', 'F13', 'F19', 'B18', 'B24', 'F14', 'F15']","['mental and behavioural disorders due to use of opioids', 'mental and behavioural disorders due to use of sedatives or hypnotics', 'mental and behavioural disorders due to multiple drug use and use of psychoactive substances', 'chronic viral hepatitis', 'human immunodeficiency virus [hiv] disease', 'mental and behavioural disorders due to use of cocaine', 'mental and behavioural disorders due to use of stimulants, including caffeine']","[0, 1, 2, 5, 12, 0, 0]",2.857142857142857
762,244,Levallorphan,"['L71', 'K70', 'D53', 'F05', 'G31']","['rosacea', 'alcoholic liver disease', 'nutritional anaemias', 'delirium', 'degenerative diseases of nervous system']","[0, 0, 0, 0]",0.0
763,72,Eluxadoline,"['N18', 'D64', 'N19']","['chronic renal failure', 'anaemias', 'renal failure']","[1, 0, 1]",0.6666666666666666
764,307,Cyanocobalamin,"['J31', 'K45', 'E66', 'G62', 'G61', 'H16', 'L71', 'M93']","['chronic rhinitis, nasopharyngitis and pharyngitis', 'abdominal hernia', 'obesity', 'polyneuropathies', 'inflammatory polyneuropathy', 'keratitis', 'rosacea', 'osteochondropathies']","[4, 9, 564, 190, 137, 1, 5, 0]",113.75
765,76,Pibrentasvir,"['F10', 'K70']","['mental and behavioural disorders due to use of alcohol', 'alcoholic liver disease']","[4, 3]",3.5
766,379,Bupivacaine,"['F13', 'F33', 'F41', 'F43', 'F45', 'F32']","['mental and behavioural disorders due to use of sedatives or hypnotics', 'recurrent depressive disorder', 'anxiety disorders', 'reaction to severe stress, and adjustment disorders', 'somatoform disorders', 'depressive episode']","[789, 0, 8, 3, 5, 23]",138.0
767,209,Fesoterodine,"['G46', 'I63', 'I64', 'I66']","['vascular syndromes of brain in cerebrovascular diseases', 'cerebral infarction', 'stroke', 'occlusion and stenosis of cerebral arteries']","[0, 4, 0]",1.3333333333333333
768,264,Eprosartan,"['N39', 'A04', 'N30']","['disorders of urinary system', 'bacterial intestinal infections', 'cystitis']","[4, 0, 0]",1.3333333333333333
769,410,Protriptyline,"['I85', 'K70', 'K72', 'K74']","['oesophageal varices', 'alcoholic liver disease', 'hepatic failure', 'fibrosis and cirrhosis of liver']","[0, 0, 0, 0]",0.0
770,81,Paramethasone,"['F19', 'F90']","['mental and behavioural disorders due to multiple drug use and use of psychoactive substances', 'hyperkinetic disorders']","[0, 0]",0.0
771,292,Miconazole,"['E10', 'E13', 'E16']","['insulin-dependent diabetes mellitus', 'specified diabetes mellitus', 'disorders of pancreatic internal secretion']","[2, 0, 0]",0.6666666666666666
772,82_87,Vilanterol,"['F20', 'F25']","['schizophrenia', 'schizoaffective disorders']","[0, 1]",0.5
773,397,Benzyl alcohol,"['I48', 'A48', 'C76', 'H18', 'H61', 'I33', 'J30', 'K04']","['atrial fibrillation and flutter', 'bacterial diseases', 'malignant neoplasm of ill-defined sites', 'disorders of cornea', 'disorders of external ear', 'acute and subacute endocarditis', 'vasomotor and allergic rhinitis', 'diseases of pulp and periapical tissues']","[2, 34, 0, 2, 0, 0, 1, 0]",4.875
774,72,Etonogestrel,"['N18', 'D64', 'N19']","['chronic renal failure', 'anaemias', 'renal failure']","[0, 10, 2]",4.0
775,91,Pentamidine,"['I26', 'I80']","['pulmonary embolism', 'phlebitis and thrombophlebitis']","[0, 2]",1.0
776,411,Estradiol dienanthate,"['G31', 'F10', 'F43']","['degenerative diseases of nervous system', 'mental and behavioural disorders due to use of alcohol', 'reaction to severe stress, and adjustment disorders']","[0, 0, 0]",0.0
777,13,Nortriptyline,"['D80', 'E61', 'G00', 'H02', 'H04', 'J01', 'K00', 'K76', 'M43', 'J35', 'J36']","['immunodeficiency with antibody defects', 'deficiency of nutrient elements', 'bacterial meningitis', 'disorders of eyelid', 'disorders of lachrymal system', 'acute sinusitis', 'disorders of tooth development and eruption', 'diseases of liver', 'deforming dorsopathies', 'chronic diseases of tonsils and adenoids', 'peritonsillar abscess']","[0, 0, 0, 0, 0, 0, 4, 19, 0, 0, 0]",2.090909090909091
778,392,Gallium nitrate,"['I77', 'H57', 'I70', 'I73', 'I74', 'L03']","['disorders of arteries and arterioles', 'disorders of eye and adnexa', 'atherosclerosis', 'peripheral vascular diseases', 'arterial embolism and thrombosis', 'cellulitis']","[5, 3, 2, 0, 0, 0]",1.6666666666666667
779,320,Amiodarone,"['I50', 'J81', 'B99', 'G93', 'I46']","['heart failure', 'pulmonary oedema', 'infectious diseases', 'disorders of brain', 'cardiac arrest']","[1766, 58, 106, 57, 1001]",597.6
780,443,Abciximab,"['D75', 'D64', 'D68', 'E21', 'E83']","['diseases of blood and blood-forming organs', 'anaemias', 'coagulation defects', 'hyperparathyroidism and disorders of parathyroid gland', 'disorders of mineral metabolism']","[467, 8, 47, 0, 0]",104.4
781,413,Flutamide,"['K83', 'B18', 'C22', 'C24']","['diseases of biliary tract', 'chronic viral hepatitis', 'malignant neoplasm of liver and intrahepatic bile ducts', 'malignant neoplasm of parts of biliary tract']","[0, 1, 116, 0]",29.25
782,351,Abemaciclib,"['A02', 'A48', 'A69', 'B07', 'B36', 'B44', 'B49', 'B86', 'C11', 'C26', 'C41', 'C45', 'C50', 'C60', 'C66', 'C69', 'C76', 'C84', 'C88', 'D03', 'D07', 'D31', 'D34', 'D51', 'D89', 'E07', 'E22', 'E23', 'E27', 'E46', 'E74', 'E85', 'F52', 'G24', 'G52', 'G90', 'G92', 'H21', 'H31', 'H55', 'H61', 'J02', 'J11', 'J12', 'J61', 'K11', 'K41', 'L25', 'L60', 'L80', 'L81', 'M12', 'M60', 'N11', 'N34', 'N36', 'N50']","['salmonella infections', 'bacterial diseases', 'spirochaetal infections', 'viral warts', 'superficial mycoses', 'aspergillosis', 'mycosis', 'scabies', 'malignant neoplasm of nasopharynx', 'malignant neoplasm of ill-defined digestive organs', 'malignant neoplasm of bone and articular cartilage of sites', 'mesothelioma', 'malignant neoplasm of breast', 'malignant neoplasm of penis', 'malignant neoplasm of ureter', 'malignant neoplasm of eye and adnexa', 'malignant neoplasm of ill-defined sites', 'peripheral and cutaneous t-cell lymphomas', 'malignant immunoproliferative diseases', 'melanoma in situ', 'carcinoma in situ of genital organs', 'benign neoplasm of eye and adnexa', 'benign neoplasm of thyroid gland', 'vitamin b12 deficiency anaemia', 'disorders involving the immune mechanism', 'disorders of thyroid', 'hyperfunction of pituitary gland', 'hypofunction and disorders of pituitary gland', 'disorders of adrenal gland', 'protein-energy malnutrition', 'disorders of carbohydrate metabolism', 'amyloidosis', 'sexual dysfunction', 'dystonia', 'disorders of cranial nerves', 'disorders of autonomic nervous system', 'toxic encephalopathy', 'disorders of iris and ciliary body', 'disorders of choroid', 'nystagmus and irregular eye movements', 'disorders of external ear', 'acute pharyngitis', 'influenza virus', 'viral pneumonia', 'pneumoconiosis due to asbestos and mineral fibres', 'diseases of salivary glands', 'femoral hernia', 'contact dermatitis', 'nail disorders', 'vitiligo', 'disorders of pigmentation', 'specific arthropathies', 'myositis', 'chronic tubulo-interstitial nephritis', 'urethritis and urethral syndrome', 'disorders of urethra', 'disorders of male genital organs']","[0, 0, 0, 0, 0, 0, 0, 1, 0, 0, 41, 10, 670, 0, 0, 8, 0, 18, 8, 1, 0, 4, 0, 0, 1, 10, 0, 0, 0, 0, 0, 0, 0, 0, 0, 0, 0, 0, 0, 0, 0, 0, 2, 0, 0, 0, 0, 7, 0, 0, 0, 1, 0, 0, 0]",14.218181818181819
783,54,Tetrabenazine,"['E87', 'F10', 'F17']","['disorders of fluid, electrolyte and acid-base balance', 'mental and behavioural disorders due to use of alcohol', 'mental and behavioural disorders due to use of tobacco']","[2, 21, 1]",8.0
784,378,Clonazepam,"['F10', 'F13', 'F31', 'F60', 'G31', 'D53', 'E51', 'K08']","['mental and behavioural disorders due to use of alcohol', 'mental and behavioural disorders due to use of sedatives or hypnotics', 'bipolar affective disorder', 'specific personality disorders', 'degenerative diseases of nervous system', 'nutritional anaemias', 'thiamine deficiency', 'disorders of teeth and supporting structures']","[108, 989, 160, 3, 6, 0, 3, 86]",169.375
785,402,Insulin Detemir,"['C34', 'C38', 'C71', 'D43', 'J82']","['malignant neoplasm of bronchus and lung', 'malignant neoplasm of heart, mediastinum and pleura', 'malignant neoplasm of brain', 'neoplasm of uncertain or unknown behaviour of brain and central nervous system', 'pulmonary eosinophilia']","[8, 0, 0, 26, 0]",6.8
786,23,Triflupromazine,"['E88', 'F79', 'G25', 'G41', 'I47', 'J69', 'G40', 'J96']","['metabolic disorders', 'mental retardation', 'extrapyramidal and movement disorders', 'status epilepticus', 'paroxysmal tachycardia', 'pneumonitis due to solids and liquids', 'epilepsy', 'respiratory failure']","[5, 3, 25, 0, 0, 11, 6, 3]",6.625
787,18,Eugenol,"['E66', 'E78', 'F17', 'I10', 'K76']","['obesity', 'disorders of lipoprotein metabolism and lipidaemias', 'mental and behavioural disorders due to use of tobacco', 'essential (primary) hypertension', 'diseases of liver']","[29, 8, 1, 1, 88]",25.4
788,451,Crizotinib,"['I31', 'I20', 'I21']","['diseases of pericardium', 'angina pectoris', 'acute myocardial infarction']","[2, 0, 0]",0.6666666666666666
789,129,Trolamine salicylate,"['F17', 'G45', 'J15', 'J20', 'J93', 'L05']","['mental and behavioural disorders due to use of tobacco', 'transient cerebral ischaemic attacks and related syndromes', 'bacterial pneumonia', 'acute bronchitis', 'pneumothorax', 'pilonidal cyst']","[0, 0, 0, 0, 0, 0]",0.0
790,411,Nesiritide,"['G31', 'F10', 'F43']","['degenerative diseases of nervous system', 'mental and behavioural disorders due to use of alcohol', 'reaction to severe stress, and adjustment disorders']","[0, 24, 44]",22.666666666666668
791,228,Aminophenazone,"['J41', 'J44', 'J47', 'G61', 'H10', 'J40', 'J82']","['simple and mucopurulent chronic bronchitis', 'chronic obstructive pulmonary disease', 'bronchiectasis', 'inflammatory polyneuropathy', 'conjunctivitis', 'bronchitis', 'pulmonary eosinophilia']","[0, 5, 0, 22, 8, 12, 2]",7.0
792,147,Levomilnacipran,"['J18', 'J96', 'J15']","['pneumonia, organism', 'respiratory failure', 'bacterial pneumonia']","[0, 0]",0.0
793,59,Fospropofol,"['F91', 'F90', 'F98']","['conduct disorders', 'hyperkinetic disorders', 'behavioural and emotional disorders with onset usually occurring in childhood and adolescence']","[0, 0, 18]",6.0
794,405,Valsartan,"['K83', 'B18', 'C22', 'C24', 'C25', 'K80', 'K81', 'K82', 'K85', 'K86']","['diseases of biliary tract', 'chronic viral hepatitis', 'malignant neoplasm of liver and intrahepatic bile ducts', 'malignant neoplasm of parts of biliary tract', 'malignant neoplasm of pancreas', 'cholelithiasis', 'cholecystitis', 'diseases of gallbladder', 'acute pancreatitis', 'diseases of pancreas']","[0, 2, 8, 0, 2, 0, 1, 0, 4, 7]",2.4
795,421,Cyclosporine,"['M66', 'M24', 'M65', 'M67', 'M71', 'M93', 'M94']","['spontaneous rupture of synovium and tendon', 'specific joint derangements', 'infective (teno)synovitis', 'disorders of synovium and tendon', 'bursopathies', 'osteochondropathies', 'disorders of cartilage']","[26, 0, 0, 56, 0, 0, 60]",20.285714285714285
796,438,Bosutinib,"['B37', 'C34', 'C38', 'C79', 'C80', 'D48', 'D63', 'D70', 'J82', 'M84']","['candidiasis', 'malignant neoplasm of bronchus and lung', 'malignant neoplasm of heart, mediastinum and pleura', 'secondary malignant neoplasm of specified sites', 'malignant neoplasm', 'neoplasm of uncertain or unknown behaviour of sites', 'anaemia in chronic diseases classified elsewhere', 'agranulocytosis', 'pulmonary eosinophilia', 'disorders of continuity of bone']","[0, 53, 0, 0, 531, 2, 0, 0, 1, 4]",59.1
797,266,Mangafodipir,"['N39', 'I95']","['disorders of urinary system', 'hypotension']","[0, 0]",0.0
798,430,Fluorescein,"['D29', 'N40', 'N50']","['benign neoplasm of male genital organs', 'hyperplasia of prostate', 'disorders of male genital organs']","[53, 32, 32]",39.0
799,64,Terazosin,"['K76', 'K65']","['diseases of liver', 'peritonitis']","[4, 1]",2.5
800,410,Methyclothiazide,"['I85', 'K70', 'K72', 'K74']","['oesophageal varices', 'alcoholic liver disease', 'hepatic failure', 'fibrosis and cirrhosis of liver']","[0, 0, 4, 4]",2.0
801,13,Gramicidin D,"['D80', 'E61', 'G00', 'H02', 'H04', 'J01', 'K00', 'K76', 'M43', 'J35', 'J36']","['immunodeficiency with antibody defects', 'deficiency of nutrient elements', 'bacterial meningitis', 'disorders of eyelid', 'disorders of lachrymal system', 'acute sinusitis', 'disorders of tooth development and eruption', 'diseases of liver', 'deforming dorsopathies', 'chronic diseases of tonsils and adenoids', 'peritonsillar abscess']","[0, 1, 0, 0, 0, 2, 6, 0, 0]",1.0
802,348,Antihemophilic factor human,"['N32', 'N40', 'N41', 'N21', 'N42']","['disorders of bladder', 'hyperplasia of prostate', 'inflammatory diseases of prostate', 'calculus of lower urinary tract', 'disorders of prostate']","[0, 0, 0, 0, 2]",0.4
803,266,Deoxycholic Acid,"['N39', 'I95']","['disorders of urinary system', 'hypotension']","[9, 116]",62.5
804,217,Ferrous sulfate,"['I20', 'I21', 'I25', 'B00']","['angina pectoris', 'acute myocardial infarction', 'chronic ischaemic heart disease', 'herpesviral [herpes simplex] infections']","[0, 1, 2, 0]",0.75
805,176,Trastuzumab emtansine,"['K74', 'I85', 'C22', 'K31', 'K72', 'B99']","['fibrosis and cirrhosis of liver', 'oesophageal varices', 'malignant neoplasm of liver and intrahepatic bile ducts', 'diseases of stomach and duodenum', 'hepatic failure', 'infectious diseases']","[6, 1, 46, 9, 8, 2]",12.0
806,299,Thimerosal,"['G47', 'J30', 'F51']","['sleep disorders', 'vasomotor and allergic rhinitis', 'sleep disorders']","[2, 7, 2]",3.6666666666666665
807,223,Sulfaphenazole,"['G91', 'I60', 'I61']","['hydrocephalus', 'subarachnoid haemorrhage', 'intracerebral haemorrhage']","[0, 0, 2]",0.6666666666666666
808,442,Vorinostat,"['D50', 'D62', 'K25', 'K26']","['iron deficiency anaemia', 'acute posthaemorrhagic anaemia', 'gastric ulcer', 'duodenal ulcer']","[1, 0, 1]",0.6666666666666666
809,184,Trimethadione,"['C92', 'D46']","['myeloid leukaemia', 'myelodysplastic syndromes']","[0, 0]",0.0
810,72,Halofantrine,"['N18', 'D64', 'N19']","['chronic renal failure', 'anaemias', 'renal failure']","[3, 18, 13]",11.333333333333334
811,72,Olsalazine,"['N18', 'D64', 'N19']","['chronic renal failure', 'anaemias', 'renal failure']","[0, 2, 2]",1.3333333333333333
812,323,Azathioprine,"['K60', 'I84', 'D21']","['fissure and fistula of anal and rectal regions', 'haemorrhoids', 'benign neoplasms of connective and soft tissue']","[69, 129, 83]",93.66666666666667
813,382,Clofazimine,"['F32', 'G20', 'G35', 'F48', 'K02', 'N48']","['depressive episode', ""parkinson's disease"", 'multiple sclerosis', 'neurotic disorders', 'dental caries', 'disorders of penis']","[0, 3, 3, 0, 0, 0]",1.0
814,136,Buclizine,"['H33', 'H35', 'H36', 'H34', 'H26']","['retinal detachments and breaks', 'retinal disorders', 'retinal disorders in diseases classified elsewhere', 'retinal vascular occlusions', 'cataract']","[0, 0, 0, 0, 0]",0.0
815,13,Calcium Citrate,"['D80', 'E61', 'G00', 'H02', 'H04', 'J01', 'K00', 'K76', 'M43', 'J35', 'J36']","['immunodeficiency with antibody defects', 'deficiency of nutrient elements', 'bacterial meningitis', 'disorders of eyelid', 'disorders of lachrymal system', 'acute sinusitis', 'disorders of tooth development and eruption', 'diseases of liver', 'deforming dorsopathies', 'chronic diseases of tonsils and adenoids', 'peritonsillar abscess']","[0, 14, 0, 1, 0, 0, 1, 69, 0, 0, 0]",7.7272727272727275
816,457,Flunarizine,"['M16', 'M41', 'M42', 'M43', 'M87']","['coxarthrosis [arthrosis of hip]', 'scoliosis', 'spinal osteochondrosis', 'deforming dorsopathies', 'osteonecrosis']","[0, 0, 0, 0, 0]",0.0
817,76,Estradiol dienanthate,"['F10', 'K70']","['mental and behavioural disorders due to use of alcohol', 'alcoholic liver disease']","[0, 0]",0.0
818,430,Glycol salicylate,"['D29', 'N40', 'N50']","['benign neoplasm of male genital organs', 'hyperplasia of prostate', 'disorders of male genital organs']","[0, 0, 0]",0.0
819,200,Bortezomib,"['F09', 'F63', 'F03', 'F10', 'G31', 'L21', 'D52', 'E51', 'E53', 'I62', 'J39', 'K02', 'K12', 'M46']","['organic or symptomatic mental disorder', 'habit and impulse disorders', 'dementia', 'mental and behavioural disorders due to use of alcohol', 'degenerative diseases of nervous system', 'seborrhoeic dermatitis', 'folate deficiency anaemia', 'thiamine deficiency', 'deficiency of b group vitamins', 'nontraumatic intracranial haemorrhage', 'diseases of upper respiratory tract', 'dental caries', 'stomatitis and related lesions', 'inflammatory spondylopathies']","[48, 2, 9, 3, 1, 0, 0, 0, 0, 0, 7, 0, 98, 7]",12.5
820,448,Zafirlukast,"['F32', 'F33', 'F41', 'F43', 'F45']","['depressive episode', 'recurrent depressive disorder', 'anxiety disorders', 'reaction to severe stress, and adjustment disorders', 'somatoform disorders']","[0, 0, 0, 0, 0]",0.0
821,176,Bupropion,"['K74', 'I85', 'C22', 'K31', 'K72', 'B99']","['fibrosis and cirrhosis of liver', 'oesophageal varices', 'malignant neoplasm of liver and intrahepatic bile ducts', 'diseases of stomach and duodenum', 'hepatic failure', 'infectious diseases']","[14, 0, 6, 4, 14, 56]",15.666666666666666
822,430,Natalizumab,"['D29', 'N40', 'N50']","['benign neoplasm of male genital organs', 'hyperplasia of prostate', 'disorders of male genital organs']","[0, 0, 0]",0.0
823,351,Niflumic Acid,"['A02', 'A48', 'A69', 'B07', 'B36', 'B44', 'B49', 'B86', 'C11', 'C26', 'C41', 'C45', 'C50', 'C60', 'C66', 'C69', 'C76', 'C84', 'C88', 'D03', 'D07', 'D31', 'D34', 'D51', 'D89', 'E07', 'E22', 'E23', 'E27', 'E46', 'E74', 'E85', 'F52', 'G24', 'G52', 'G90', 'G92', 'H21', 'H31', 'H55', 'H61', 'J02', 'J11', 'J12', 'J61', 'K11', 'K41', 'L25', 'L60', 'L80', 'L81', 'M12', 'M60', 'N11', 'N34', 'N36', 'N50']","['salmonella infections', 'bacterial diseases', 'spirochaetal infections', 'viral warts', 'superficial mycoses', 'aspergillosis', 'mycosis', 'scabies', 'malignant neoplasm of nasopharynx', 'malignant neoplasm of ill-defined digestive organs', 'malignant neoplasm of bone and articular cartilage of sites', 'mesothelioma', 'malignant neoplasm of breast', 'malignant neoplasm of penis', 'malignant neoplasm of ureter', 'malignant neoplasm of eye and adnexa', 'malignant neoplasm of ill-defined sites', 'peripheral and cutaneous t-cell lymphomas', 'malignant immunoproliferative diseases', 'melanoma in situ', 'carcinoma in situ of genital organs', 'benign neoplasm of eye and adnexa', 'benign neoplasm of thyroid gland', 'vitamin b12 deficiency anaemia', 'disorders involving the immune mechanism', 'disorders of thyroid', 'hyperfunction of pituitary gland', 'hypofunction and disorders of pituitary gland', 'disorders of adrenal gland', 'protein-energy malnutrition', 'disorders of carbohydrate metabolism', 'amyloidosis', 'sexual dysfunction', 'dystonia', 'disorders of cranial nerves', 'disorders of autonomic nervous system', 'toxic encephalopathy', 'disorders of iris and ciliary body', 'disorders of choroid', 'nystagmus and irregular eye movements', 'disorders of external ear', 'acute pharyngitis', 'influenza virus', 'viral pneumonia', 'pneumoconiosis due to asbestos and mineral fibres', 'diseases of salivary glands', 'femoral hernia', 'contact dermatitis', 'nail disorders', 'vitiligo', 'disorders of pigmentation', 'specific arthropathies', 'myositis', 'chronic tubulo-interstitial nephritis', 'urethritis and urethral syndrome', 'disorders of urethra', 'disorders of male genital organs']","[0, 10, 0, 0, 0, 0, 0, 0, 1, 0, 1, 1, 6, 0, 0, 2, 0, 23, 0, 0, 0, 2, 0, 0, 1, 0, 1, 0, 0, 1, 1, 1, 0, 0, 0, 0, 12, 1, 0, 0, 2, 0, 0, 0, 2, 0, 1, 0, 0, 1, 1, 2, 0, 7, 0, 0]",1.4285714285714286
824,3,Cilazapril,"['H73', 'K92']","['disorders of tympanic membrane', 'diseases of digestive system']",[0],0.0
825,379,Sodium ferric gluconate complex,"['F13', 'F33', 'F41', 'F43', 'F45', 'F32']","['mental and behavioural disorders due to use of sedatives or hypnotics', 'recurrent depressive disorder', 'anxiety disorders', 'reaction to severe stress, and adjustment disorders', 'somatoform disorders', 'depressive episode']","[0, 0, 0, 0, 0, 0]",0.0
826,351,Tegaserod,"['A02', 'A48', 'A69', 'B07', 'B36', 'B44', 'B49', 'B86', 'C11', 'C26', 'C41', 'C45', 'C50', 'C60', 'C66', 'C69', 'C76', 'C84', 'C88', 'D03', 'D07', 'D31', 'D34', 'D51', 'D89', 'E07', 'E22', 'E23', 'E27', 'E46', 'E74', 'E85', 'F52', 'G24', 'G52', 'G90', 'G92', 'H21', 'H31', 'H55', 'H61', 'J02', 'J11', 'J12', 'J61', 'K11', 'K41', 'L25', 'L60', 'L80', 'L81', 'M12', 'M60', 'N11', 'N34', 'N36', 'N50']","['salmonella infections', 'bacterial diseases', 'spirochaetal infections', 'viral warts', 'superficial mycoses', 'aspergillosis', 'mycosis', 'scabies', 'malignant neoplasm of nasopharynx', 'malignant neoplasm of ill-defined digestive organs', 'malignant neoplasm of bone and articular cartilage of sites', 'mesothelioma', 'malignant neoplasm of breast', 'malignant neoplasm of penis', 'malignant neoplasm of ureter', 'malignant neoplasm of eye and adnexa', 'malignant neoplasm of ill-defined sites', 'peripheral and cutaneous t-cell lymphomas', 'malignant immunoproliferative diseases', 'melanoma in situ', 'carcinoma in situ of genital organs', 'benign neoplasm of eye and adnexa', 'benign neoplasm of thyroid gland', 'vitamin b12 deficiency anaemia', 'disorders involving the immune mechanism', 'disorders of thyroid', 'hyperfunction of pituitary gland', 'hypofunction and disorders of pituitary gland', 'disorders of adrenal gland', 'protein-energy malnutrition', 'disorders of carbohydrate metabolism', 'amyloidosis', 'sexual dysfunction', 'dystonia', 'disorders of cranial nerves', 'disorders of autonomic nervous system', 'toxic encephalopathy', 'disorders of iris and ciliary body', 'disorders of choroid', 'nystagmus and irregular eye movements', 'disorders of external ear', 'acute pharyngitis', 'influenza virus', 'viral pneumonia', 'pneumoconiosis due to asbestos and mineral fibres', 'diseases of salivary glands', 'femoral hernia', 'contact dermatitis', 'nail disorders', 'vitiligo', 'disorders of pigmentation', 'specific arthropathies', 'myositis', 'chronic tubulo-interstitial nephritis', 'urethritis and urethral syndrome', 'disorders of urethra', 'disorders of male genital organs']","[0, 9, 0, 0, 0, 0, 0, 0, 0, 0, 1, 0, 0, 0, 0, 0, 0, 15, 0, 0, 0, 0, 0, 0, 0, 1, 0, 0, 0, 0, 0, 0, 1, 1, 0, 5, 1, 0, 0, 0, 0, 0, 1, 0, 0, 1, 0, 0, 0, 0, 0, 0, 0, 0, 0, 0, 0]",0.631578947368421
827,136,Zolpidem,"['H33', 'H35', 'H36', 'H34', 'H26']","['retinal detachments and breaks', 'retinal disorders', 'retinal disorders in diseases classified elsewhere', 'retinal vascular occlusions', 'cataract']","[6, 2, 0, 0, 0]",1.6
828,411,Racepinephrine,"['G31', 'F10', 'F43']","['degenerative diseases of nervous system', 'mental and behavioural disorders due to use of alcohol', 'reaction to severe stress, and adjustment disorders']","[0, 1, 0]",0.3333333333333333
829,15_73,Zolmitriptan,"['E10', 'E14', 'E16']","['insulin-dependent diabetes mellitus', 'diabetes mellitus', 'disorders of pancreatic internal secretion']","[0, 1, 0]",0.3333333333333333
830,334,Zinc,"['L28', 'K76', 'D73', 'E51', 'M89']","['lichen simplex chronicus and prurigo', 'diseases of liver', 'diseases of spleen', 'thiamine deficiency', 'disorders of bone']","[14, 4202, 224, 131, 1188]",1151.8
831,410,Raloxifene,"['I85', 'K70', 'K72', 'K74']","['oesophageal varices', 'alcoholic liver disease', 'hepatic failure', 'fibrosis and cirrhosis of liver']","[0, 5, 4, 31]",10.0
832,118,Voxilaprevir,"['F70', 'D53', 'F10', 'F34', 'F05', 'G31', 'H10', 'K72', 'L21']","['mild mental retardation', 'nutritional anaemias', 'mental and behavioural disorders due to use of alcohol', 'persistent mood [affective] disorders', 'delirium', 'degenerative diseases of nervous system', 'conjunctivitis', 'hepatic failure', 'seborrhoeic dermatitis']","[0, 0, 1, 0, 0, 0, 0, 37, 0]",4.222222222222222
833,414,Indinavir,"['K83', 'K85', 'K86', 'B18', 'C22', 'C24', 'C25']","['diseases of biliary tract', 'acute pancreatitis', 'diseases of pancreas', 'chronic viral hepatitis', 'malignant neoplasm of liver and intrahepatic bile ducts', 'malignant neoplasm of parts of biliary tract', 'malignant neoplasm of pancreas']","[0, 13, 12, 17, 5, 0, 1]",6.857142857142857
834,273,Chlorzoxazone,"['B37', 'C34', 'C38', 'C71', 'D43', 'J82', 'J93']","['candidiasis', 'malignant neoplasm of bronchus and lung', 'malignant neoplasm of heart, mediastinum and pleura', 'malignant neoplasm of brain', 'neoplasm of uncertain or unknown behaviour of brain and central nervous system', 'pulmonary eosinophilia', 'pneumothorax']","[0, 31, 0, 1, 45, 0, 0]",11.0
835,76,Edrophonium,"['F10', 'K70']","['mental and behavioural disorders due to use of alcohol', 'alcoholic liver disease']","[1, 0]",0.5
836,15_73,Pethidine,"['E10', 'E14', 'E16']","['insulin-dependent diabetes mellitus', 'diabetes mellitus', 'disorders of pancreatic internal secretion']","[1, 1]",1.0
837,373,Diphenylpyraline,"['E10', 'E13', 'E16', 'I79']","['insulin-dependent diabetes mellitus', 'specified diabetes mellitus', 'disorders of pancreatic internal secretion', 'disorders of arteries, arterioles and capillaries in diseases classified elsewhere']","[0, 0, 0, 0]",0.0
838,443,Dronedarone,"['D75', 'D64', 'D68', 'E21', 'E83']","['diseases of blood and blood-forming organs', 'anaemias', 'coagulation defects', 'hyperparathyroidism and disorders of parathyroid gland', 'disorders of mineral metabolism']","[25, 1, 0, 0]",6.5
839,179,Isavuconazonium,"['C61', 'N32', 'N40', 'D40']","['malignant neoplasm of prostate', 'disorders of bladder', 'hyperplasia of prostate', 'neoplasm of uncertain or unknown behaviour of male genital organs']","[0, 1, 0, 0]",0.25
840,72,Human C1-esterase inhibitor,"['N18', 'D64', 'N19']","['chronic renal failure', 'anaemias', 'renal failure']","[1, 3]",2.0
841,54,Ursodeoxycholic acid,"['E87', 'F10', 'F17']","['disorders of fluid, electrolyte and acid-base balance', 'mental and behavioural disorders due to use of alcohol', 'mental and behavioural disorders due to use of tobacco']","[7, 4, 0]",3.6666666666666665
842,200,Furosemide,"['F09', 'F63', 'F03', 'F10', 'G31', 'L21', 'D52', 'E51', 'E53', 'I62', 'J39', 'K02', 'K12', 'M46']","['organic or symptomatic mental disorder', 'habit and impulse disorders', 'dementia', 'mental and behavioural disorders due to use of alcohol', 'degenerative diseases of nervous system', 'seborrhoeic dermatitis', 'folate deficiency anaemia', 'thiamine deficiency', 'deficiency of b group vitamins', 'nontraumatic intracranial haemorrhage', 'diseases of upper respiratory tract', 'dental caries', 'stomatitis and related lesions', 'inflammatory spondylopathies']","[318, 24, 25, 26, 0, 0, 0, 40, 4, 0, 13, 1, 68, 3]",37.285714285714285
843,98,Bromocriptine,"['K51', 'K25', 'K26', 'K29', 'K58', 'K59']","['ulcerative colitis', 'gastric ulcer', 'duodenal ulcer', 'gastritis and duodenitis', 'irritable bowel syndrome', 'functional intestinal disorders']","[0, 28, 17, 31, 0, 30]",17.666666666666668
844,253,Parecoxib,"['E79', 'M16', 'M87']","['disorders of purine and pyrimidine metabolism', 'coxarthrosis [arthrosis of hip]', 'osteonecrosis']","[0, 0, 1]",0.3333333333333333
845,273,Hydroxyzine,"['B37', 'C34', 'C38', 'C71', 'D43', 'J82', 'J93']","['candidiasis', 'malignant neoplasm of bronchus and lung', 'malignant neoplasm of heart, mediastinum and pleura', 'malignant neoplasm of brain', 'neoplasm of uncertain or unknown behaviour of brain and central nervous system', 'pulmonary eosinophilia', 'pneumothorax']","[2, 77, 0, 3, 182, 2, 1]",38.142857142857146
846,348,Rotigotine,"['N32', 'N40', 'N41', 'N21', 'N42']","['disorders of bladder', 'hyperplasia of prostate', 'inflammatory diseases of prostate', 'calculus of lower urinary tract', 'disorders of prostate']","[3, 0, 0, 0, 1]",0.8
847,98,Hydroflumethiazide,"['K51', 'K25', 'K26', 'K29', 'K58', 'K59']","['ulcerative colitis', 'gastric ulcer', 'duodenal ulcer', 'gastritis and duodenitis', 'irritable bowel syndrome', 'functional intestinal disorders']","[0, 0, 0, 0, 0, 1]",0.16666666666666666
848,94,Paclitaxel,"['I26', 'I80', 'J18']","['pulmonary embolism', 'phlebitis and thrombophlebitis', 'pneumonia, organism']","[73, 17, 18]",36.0
849,13,Methylphenobarbital,"['D80', 'E61', 'G00', 'H02', 'H04', 'J01', 'K00', 'K76', 'M43', 'J35', 'J36']","['immunodeficiency with antibody defects', 'deficiency of nutrient elements', 'bacterial meningitis', 'disorders of eyelid', 'disorders of lachrymal system', 'acute sinusitis', 'disorders of tooth development and eruption', 'diseases of liver', 'deforming dorsopathies', 'chronic diseases of tonsils and adenoids', 'peritonsillar abscess']","[0, 0, 0, 0, 0, 0, 0, 1, 0, 0]",0.1
850,106,Glycyrrhizic acid,"['M42', 'M51', 'M54']","['spinal osteochondrosis', 'intervertebral disk disorders', 'dorsalgia']","[0, 0, 1]",0.3333333333333333
851,261,Methoxyflurane,"['N25', 'N18', 'A04', 'B02', 'N03']","['disorders resulting from impaired renal tubular function', 'chronic renal failure', 'bacterial intestinal infections', 'zoster [herpes zoster]', 'chronic nephritic syndrome']","[1, 18, 0, 0, 0]",3.8
852,299,Mersalyl,"['G47', 'J30', 'F51']","['sleep disorders', 'vasomotor and allergic rhinitis', 'sleep disorders']","[0, 0, 0]",0.0
853,356,Methyldopa,"['B18', 'C22', 'C24', 'K73']","['chronic viral hepatitis', 'malignant neoplasm of liver and intrahepatic bile ducts', 'malignant neoplasm of parts of biliary tract', 'chronic hepatitis']","[7, 21, 0, 45]",18.25
854,244,Nalmefene,"['L71', 'K70', 'D53', 'F05', 'G31']","['rosacea', 'alcoholic liver disease', 'nutritional anaemias', 'delirium', 'degenerative diseases of nervous system']","[0, 6, 0, 3, 0]",1.8
855,80,Scopolamine,"['F17', 'J93']","['mental and behavioural disorders due to use of tobacco', 'pneumothorax']","[7, 0]",3.5
856,423,L-Citrulline,"['M16', 'M87', 'M41', 'M42', 'M43', 'M62', 'G54']","['coxarthrosis [arthrosis of hip]', 'osteonecrosis', 'scoliosis', 'spinal osteochondrosis', 'deforming dorsopathies', 'disorders of muscle', 'nerve root and plexus disorders']","[0, 1, 1, 0, 0, 8]",1.6666666666666667
857,374,Nefazodone,"['L95', 'C45', 'D89', 'E01', 'E72', 'G90', 'I10', 'I22', 'I33', 'I60', 'I78', 'J04', 'J13', 'K27', 'L08', 'L20', 'L21', 'L23', 'L29', 'L50', 'L71', 'L85', 'M05', 'M31', 'M45', 'M85', 'M96', 'N62']","['vasculitis limited to skin', 'mesothelioma', 'disorders involving the immune mechanism', 'iodine-deficiency-related thyroid disorders and allied conditions', 'disorders of amino-acid metabolism', 'disorders of autonomic nervous system', 'essential (primary) hypertension', 'subsequent myocardial infarction', 'acute and subacute endocarditis', 'subarachnoid haemorrhage', 'diseases of capillaries', 'acute laryngitis and tracheitis', 'pneumonia due to streptococcus pneumoniae', 'acute with perforation', 'local infections of skin and subcutaneous tissue', 'atopic dermatitis', 'seborrhoeic dermatitis', 'allergic contact dermatitis', 'pruritus', 'urticaria', 'rosacea', 'epidermal thickening', 'seropositive rheumatoid arthritis', 'necrotising vasculopathies', 'ankylosing spondylitis', 'disorders of bone density and structure', 'postprocedural musculoskeletal disorders', 'hypertrophy of breast']","[0, 0, 0, 0, 4, 0, 0, 0, 0, 0, 0, 0, 0, 1, 0, 0, 0, 0, 0, 0, 0, 0, 1, 0, 59, 0, 0]",2.4074074074074074
858,57,Prednisone,"['E87', 'F10', 'F12', 'F17', 'F20', 'F60', 'F63']","['disorders of fluid, electrolyte and acid-base balance', 'mental and behavioural disorders due to use of alcohol', 'mental and behavioural disorders due to use of cannabinoids', 'mental and behavioural disorders due to use of tobacco', 'schizophrenia', 'specific personality disorders', 'habit and impulse disorders']","[31, 38, 4, 28, 1, 48]",25.0
859,414,Diflorasone,"['K83', 'K85', 'K86', 'B18', 'C22', 'C24', 'C25']","['diseases of biliary tract', 'acute pancreatitis', 'diseases of pancreas', 'chronic viral hepatitis', 'malignant neoplasm of liver and intrahepatic bile ducts', 'malignant neoplasm of parts of biliary tract', 'malignant neoplasm of pancreas']","[0, 0, 0, 0, 0, 0, 0]",0.0
860,40,Fluoxymesterone,"['J45', 'J46']","['asthma', 'status asthmaticus']","[0, 0]",0.0
861,76,Crisaborole,"['F10', 'K70']","['mental and behavioural disorders due to use of alcohol', 'alcoholic liver disease']","[0, 0]",0.0
862,310,Naphazoline,"['H40', 'H47']","['glaucoma', 'disorders of optic [2nd] nerve and visual pathways']","[7, 0]",3.5
863,21,Ambenonium,"['F41', 'K02', 'K05', 'K10', 'L03']","['anxiety disorders', 'dental caries', 'gingivitis and periodontal diseases', 'diseases of jaws', 'cellulitis']","[0, 0, 0, 0, 0]",0.0
864,451,Resveratrol,"['I31', 'I20', 'I21']","['diseases of pericardium', 'angina pectoris', 'acute myocardial infarction']","[2, 5, 27]",11.333333333333334
865,290,Norelgestromin,"['K51', 'D73', 'J04', 'K29', 'A69', 'D16', 'D21', 'L50', 'N10', 'N62']","['ulcerative colitis', 'diseases of spleen', 'acute laryngitis and tracheitis', 'gastritis and duodenitis', 'spirochaetal infections', 'benign neoplasm of bone and articular cartilage', 'benign neoplasms of connective and soft tissue', 'urticaria', 'acute tubulo-interstitial nephritis', 'hypertrophy of breast']","[0, 0, 0, 0, 0, 0, 1, 0, 0, 0]",0.1
866,270,Edrophonium,"['A49', 'K29', 'K50', 'K51', 'K75', 'D73', 'E61', 'L50', 'N62']","['bacterial infection of site', 'gastritis and duodenitis', ""crohn's disease [regional enteritis]"", 'ulcerative colitis', 'inflammatory liver diseases', 'diseases of spleen', 'deficiency of nutrient elements', 'urticaria', 'hypertrophy of breast']","[0, 4, 0, 0, 0, 0, 0, 0, 0]",0.4444444444444444
867,378,Levothyroxine,"['F10', 'F13', 'F31', 'F60', 'G31', 'D53', 'E51', 'K08']","['mental and behavioural disorders due to use of alcohol', 'mental and behavioural disorders due to use of sedatives or hypnotics', 'bipolar affective disorder', 'specific personality disorders', 'degenerative diseases of nervous system', 'nutritional anaemias', 'thiamine deficiency', 'disorders of teeth and supporting structures']","[164, 343, 318, 5, 9, 43, 17, 1394]",286.625
868,454,Nilotinib,"['G40', 'G41', 'G81', 'I61', 'I62']","['epilepsy', 'status epilepticus', 'hemiplegia', 'intracerebral haemorrhage', 'nontraumatic intracranial haemorrhage']","[2, 0, 0, 0, 0]",0.4
869,165,Astemizole,"['M43', 'M48', 'M54', 'G54', 'H61']","['deforming dorsopathies', 'spondylopathies', 'dorsalgia', 'nerve root and plexus disorders', 'disorders of external ear']","[0, 0, 0, 0, 0]",0.0
870,454,Lasofoxifene,"['G40', 'G41', 'G81', 'I61', 'I62']","['epilepsy', 'status epilepticus', 'hemiplegia', 'intracerebral haemorrhage', 'nontraumatic intracranial haemorrhage']","[0, 0, 0, 0, 0]",0.0
871,47,Osimertinib,"['N12', 'N39']","['tubulo-interstitial nephritis', 'disorders of urinary system']","[0, 1]",0.5
872,394,Glycyrrhizic acid,"['B36', 'D34', 'E72', 'F09', 'G90', 'I10', 'I30', 'I33', 'I60', 'I78', 'J13', 'J30', 'K73', 'L08', 'L21', 'L23', 'L29', 'L71', 'L85', 'N02', 'N04', 'C74', 'E26', 'E29', 'G37', 'G96', 'H72', 'I68', 'J35', 'K09', 'L70', 'M14', 'N03', 'N49']","['superficial mycoses', 'benign neoplasm of thyroid gland', 'disorders of amino-acid metabolism', 'organic or symptomatic mental disorder', 'disorders of autonomic nervous system', 'essential (primary) hypertension', 'acute pericarditis', 'acute and subacute endocarditis', 'subarachnoid haemorrhage', 'diseases of capillaries', 'pneumonia due to streptococcus pneumoniae', 'vasomotor and allergic rhinitis', 'chronic hepatitis', 'local infections of skin and subcutaneous tissue', 'seborrhoeic dermatitis', 'allergic contact dermatitis', 'pruritus', 'rosacea', 'epidermal thickening', 'recurrent and persistent haematuria', 'nephrotic syndrome', 'malignant neoplasm of adrenal gland', 'hyperaldosteronism', 'testicular dysfunction', 'demyelinating diseases of central nervous system', 'disorders of central nervous system', 'perforation of tympanic membrane', 'cerebrovascular disorders in diseases classified elsewhere', 'chronic diseases of tonsils and adenoids', 'cysts of oral region', 'acne', 'arthropathies in diseases classified elsewhere', 'chronic nephritic syndrome', 'inflammatory disorders of male genital organs']","[0, 0, 24, 118, 2, 0, 0, 0, 7, 6, 139, 16, 0, 6, 3, 3, 0, 24, 2, 5, 51, 0, 1, 44, 0, 0, 0, 0, 5, 0, 0, 1]",14.28125
873,110,Mecamylamine,"['N18', 'D64']","['chronic renal failure', 'anaemias']","[0, 0]",0.0
874,205,Rufinamide,"['D52', 'J41', 'L71', 'F17', 'J42', 'J13', 'J39', 'K04', 'K08', 'K12', 'L08', 'N62']","['folate deficiency anaemia', 'simple and mucopurulent chronic bronchitis', 'rosacea', 'mental and behavioural disorders due to use of tobacco', 'chronic bronchitis', 'pneumonia due to streptococcus pneumoniae', 'diseases of upper respiratory tract', 'diseases of pulp and periapical tissues', 'disorders of teeth and supporting structures', 'stomatitis and related lesions', 'local infections of skin and subcutaneous tissue', 'hypertrophy of breast']","[0, 0, 0, 0, 0, 0, 0, 0, 15, 2, 0, 0]",1.4166666666666667
875,333_412,Aminosalicylic Acid,"['K80', 'K81', 'K82']","['cholelithiasis', 'cholecystitis', 'diseases of gallbladder']","[2, 1, 3]",2.0
876,417,Fluticasone furoate,"['L84', 'N25', 'N18']","['corns and callosities', 'disorders resulting from impaired renal tubular function', 'chronic renal failure']","[0, 0, 0]",0.0
877,413,Olodaterol,"['K83', 'B18', 'C22', 'C24']","['diseases of biliary tract', 'chronic viral hepatitis', 'malignant neoplasm of liver and intrahepatic bile ducts', 'malignant neoplasm of parts of biliary tract']","[0, 0, 0]",0.0
878,18,Enasidenib,"['E66', 'E78', 'F17', 'I10', 'K76']","['obesity', 'disorders of lipoprotein metabolism and lipidaemias', 'mental and behavioural disorders due to use of tobacco', 'essential (primary) hypertension', 'diseases of liver']","[0, 0, 0, 0, 1]",0.2
879,56,Aminophylline,"['F32', 'F33', 'F41', 'F45']","['depressive episode', 'recurrent depressive disorder', 'anxiety disorders', 'somatoform disorders']","[5, 0, 2, 2]",2.25
880,346,Troleandomycin,"['N10', 'N18', 'B02', 'B25', 'H10', 'I13', 'N05']","['acute tubulo-interstitial nephritis', 'chronic renal failure', 'zoster [herpes zoster]', 'cytomegaloviral disease', 'conjunctivitis', 'hypertensive heart and renal disease', 'minor glomerular abnormality']","[0, 0, 1, 0, 0, 8, 0]",1.2857142857142858
881,122_194,Safinamide,"['E10', 'E16', 'H36']","['insulin-dependent diabetes mellitus', 'disorders of pancreatic internal secretion', 'retinal disorders in diseases classified elsewhere']","[0, 0, 0]",0.0
882,461,Tetrabenazine,"['N41', 'D40', 'N42', 'C61', 'C64']","['inflammatory diseases of prostate', 'neoplasm of uncertain or unknown behaviour of male genital organs', 'disorders of prostate', 'malignant neoplasm of prostate', 'malignant neoplasm of kidney, except renal pelvis']","[0, 0, 0, 0, 0]",0.0
883,27,Tolbutamide,"['G40', 'G41', 'G47', 'G81', 'G91']","['epilepsy', 'status epilepticus', 'sleep disorders', 'hemiplegia', 'hydrocephalus']","[23, 0, 3, 5, 1]",6.4
884,389,Diphenoxylate,"['E10', 'E13', 'E16', 'H26', 'H33', 'H35', 'H36']","['insulin-dependent diabetes mellitus', 'specified diabetes mellitus', 'disorders of pancreatic internal secretion', 'cataract', 'retinal detachments and breaks', 'retinal disorders', 'retinal disorders in diseases classified elsewhere']","[1, 0, 0, 0, 1, 0, 0]",0.2857142857142857
885,410,Dinoprostone,"['I85', 'K70', 'K72', 'K74']","['oesophageal varices', 'alcoholic liver disease', 'hepatic failure', 'fibrosis and cirrhosis of liver']","[2, 44, 61, 540]",161.75
886,290,St. John's Wort,"['K51', 'D73', 'J04', 'K29', 'A69', 'D16', 'D21', 'L50', 'N10', 'N62']","['ulcerative colitis', 'diseases of spleen', 'acute laryngitis and tracheitis', 'gastritis and duodenitis', 'spirochaetal infections', 'benign neoplasm of bone and articular cartilage', 'benign neoplasms of connective and soft tissue', 'urticaria', 'acute tubulo-interstitial nephritis', 'hypertrophy of breast']","[5, 1, 0, 6, 0, 9, 5, 0, 0]",2.888888888888889
887,77,Tiotropium,"['F11', 'F13', 'F19', 'B18', 'B24', 'F14', 'F15']","['mental and behavioural disorders due to use of opioids', 'mental and behavioural disorders due to use of sedatives or hypnotics', 'mental and behavioural disorders due to multiple drug use and use of psychoactive substances', 'chronic viral hepatitis', 'human immunodeficiency virus [hiv] disease', 'mental and behavioural disorders due to use of cocaine', 'mental and behavioural disorders due to use of stimulants, including caffeine']","[0, 1, 1, 2, 1, 0]",0.8333333333333334
888,157_240,Topiroxostat,"['K80', 'K81', 'K82', 'K83']","['cholelithiasis', 'cholecystitis', 'diseases of gallbladder', 'diseases of biliary tract']","[0, 0, 0]",0.0
889,408,Alefacept,"['K83', 'K85', 'K86', 'B18', 'C22', 'C24', 'C25', 'K80', 'K81', 'K82']","['diseases of biliary tract', 'acute pancreatitis', 'diseases of pancreas', 'chronic viral hepatitis', 'malignant neoplasm of liver and intrahepatic bile ducts', 'malignant neoplasm of parts of biliary tract', 'malignant neoplasm of pancreas', 'cholelithiasis', 'cholecystitis', 'diseases of gallbladder']","[0, 0, 1, 2, 0, 1, 1, 0, 0]",0.5555555555555556
890,59,Cyclosporine,"['F91', 'F90', 'F98']","['conduct disorders', 'hyperkinetic disorders', 'behavioural and emotional disorders with onset usually occurring in childhood and adolescence']","[11, 0, 9531]",3180.6666666666665
891,454,Dienogest,"['G40', 'G41', 'G81', 'I61', 'I62']","['epilepsy', 'status epilepticus', 'hemiplegia', 'intracerebral haemorrhage', 'nontraumatic intracranial haemorrhage']","[0, 0, 0, 0, 0]",0.0
892,134,Menadione,"['M42', 'M51', 'M54', 'G54', 'M62']","['spinal osteochondrosis', 'intervertebral disk disorders', 'dorsalgia', 'nerve root and plexus disorders', 'disorders of muscle']","[0, 0, 0, 0, 23]",4.6
893,443,Salicylic acid,"['D75', 'D64', 'D68', 'E21', 'E83']","['diseases of blood and blood-forming organs', 'anaemias', 'coagulation defects', 'hyperparathyroidism and disorders of parathyroid gland', 'disorders of mineral metabolism']","[448, 36, 38, 2, 14]",107.6
894,266,Menthol,"['N39', 'I95']","['disorders of urinary system', 'hypotension']","[5, 54]",29.5
895,414,Caspofungin,"['K83', 'K85', 'K86', 'B18', 'C22', 'C24', 'C25']","['diseases of biliary tract', 'acute pancreatitis', 'diseases of pancreas', 'chronic viral hepatitis', 'malignant neoplasm of liver and intrahepatic bile ducts', 'malignant neoplasm of parts of biliary tract', 'malignant neoplasm of pancreas']","[6, 23, 0, 9, 0, 1]",6.5
896,55,Disulfiram,"['F11', 'F13', 'F19']","['mental and behavioural disorders due to use of opioids', 'mental and behavioural disorders due to use of sedatives or hypnotics', 'mental and behavioural disorders due to multiple drug use and use of psychoactive substances']","[133, 191, 52]",125.33333333333333
897,266,Bupropion,"['N39', 'I95']","['disorders of urinary system', 'hypotension']","[4, 199]",101.5
898,448,Chlorpromazine,"['F32', 'F33', 'F41', 'F43', 'F45']","['depressive episode', 'recurrent depressive disorder', 'anxiety disorders', 'reaction to severe stress, and adjustment disorders', 'somatoform disorders']","[33, 4, 250, 56, 10]",70.6
899,333_412,Ofloxacin,"['K80', 'K81', 'K82']","['cholelithiasis', 'cholecystitis', 'diseases of gallbladder']","[7, 25, 10]",14.0
900,307,Betaxolol,"['J31', 'K45', 'E66', 'G62', 'G61', 'H16', 'L71', 'M93']","['chronic rhinitis, nasopharyngitis and pharyngitis', 'abdominal hernia', 'obesity', 'polyneuropathies', 'inflammatory polyneuropathy', 'keratitis', 'rosacea', 'osteochondropathies']","[0, 0, 3, 0, 0, 6, 0, 0]",1.125
901,395,Fludeoxyglucose F-18,"['I26', 'I80', 'I82']","['pulmonary embolism', 'phlebitis and thrombophlebitis', 'venous embolism and thrombosis']","[87, 16, 218]",107.0
902,315,Reserpine,"['I20', 'B00', 'K04']","['angina pectoris', 'herpesviral [herpes simplex] infections', 'diseases of pulp and periapical tissues']","[28, 0, 1]",9.666666666666666
903,413,Dihydroergocristine,"['K83', 'B18', 'C22', 'C24']","['diseases of biliary tract', 'chronic viral hepatitis', 'malignant neoplasm of liver and intrahepatic bile ducts', 'malignant neoplasm of parts of biliary tract']","[0, 0, 0, 0]",0.0
904,445,Miconazole,"['G91', 'I60', 'H04', 'H21', 'E11', 'E53', 'E55', 'G82', 'N08']","['hydrocephalus', 'subarachnoid haemorrhage', 'disorders of lachrymal system', 'disorders of iris and ciliary body', 'non-insulin-dependent diabetes mellitus', 'deficiency of b group vitamins', 'vitamin d deficiency', 'paraplegia and tetraplegia', 'glomerular disorders in diseases classified elsewhere']","[8, 3, 0, 0, 7, 0, 0, 1, 0]",2.111111111111111
905,279,Bosentan,"['C18', 'C19', 'C20', 'C48', 'K36']","['malignant neoplasm of colon', 'malignant neoplasm of rectosigmoid junction', 'malignant neoplasm of rectum', 'malignant neoplasm of retroperitoneum and peritoneum', 'appendicitis']","[5, 0, 1, 6, 1]",2.6
906,333_412,Ethynodiol diacetate,"['K80', 'K81', 'K82']","['cholelithiasis', 'cholecystitis', 'diseases of gallbladder']","[1, 2, 2]",1.6666666666666667
907,405,Insulin Glargine,"['K83', 'B18', 'C22', 'C24', 'C25', 'K80', 'K81', 'K82', 'K85', 'K86']","['diseases of biliary tract', 'chronic viral hepatitis', 'malignant neoplasm of liver and intrahepatic bile ducts', 'malignant neoplasm of parts of biliary tract', 'malignant neoplasm of pancreas', 'cholelithiasis', 'cholecystitis', 'diseases of gallbladder', 'acute pancreatitis', 'diseases of pancreas']","[1, 0, 6, 0, 20, 1, 4, 2, 25, 43]",10.2
908,79,Norelgestromin,"['B16', 'B18', 'F11', 'F12', 'F13', 'F14', 'F19', 'K73']","['acute hepatitis b', 'chronic viral hepatitis', 'mental and behavioural disorders due to use of opioids', 'mental and behavioural disorders due to use of cannabinoids', 'mental and behavioural disorders due to use of sedatives or hypnotics', 'mental and behavioural disorders due to use of cocaine', 'mental and behavioural disorders due to multiple drug use and use of psychoactive substances', 'chronic hepatitis']","[0, 0, 0, 0, 0, 0, 0, 1]",0.125
909,244,Rifampicin,"['L71', 'K70', 'D53', 'F05', 'G31']","['rosacea', 'alcoholic liver disease', 'nutritional anaemias', 'delirium', 'degenerative diseases of nervous system']","[3, 23, 4, 4, 0]",6.8
910,389,Arformoterol,"['E10', 'E13', 'E16', 'H26', 'H33', 'H35', 'H36']","['insulin-dependent diabetes mellitus', 'specified diabetes mellitus', 'disorders of pancreatic internal secretion', 'cataract', 'retinal detachments and breaks', 'retinal disorders', 'retinal disorders in diseases classified elsewhere']","[3, 0, 2, 3, 3, 1, 0]",1.7142857142857142
911,76,Semaglutide,"['F10', 'K70']","['mental and behavioural disorders due to use of alcohol', 'alcoholic liver disease']","[45, 167]",106.0
912,427,Umeclidinium,"['N30', 'N43', 'D29', 'N10', 'N39', 'H10', 'N02', 'N40', 'N41', 'N42']","['cystitis', 'hydrocele and spermatocele', 'benign neoplasm of male genital organs', 'acute tubulo-interstitial nephritis', 'disorders of urinary system', 'conjunctivitis', 'recurrent and persistent haematuria', 'hyperplasia of prostate', 'inflammatory diseases of prostate', 'disorders of prostate']","[0, 0, 0, 0, 2, 0, 5, 0, 0, 0]",0.7
913,67,Icotinib,"['B20', 'B24']","['human immunodeficiency virus [hiv] disease resulting in infectious and parasitic diseases', 'human immunodeficiency virus [hiv] disease']","[0, 1]",0.5
914,445,Fludiazepam,"['G91', 'I60', 'H04', 'H21', 'E11', 'E53', 'E55', 'G82', 'N08']","['hydrocephalus', 'subarachnoid haemorrhage', 'disorders of lachrymal system', 'disorders of iris and ciliary body', 'non-insulin-dependent diabetes mellitus', 'deficiency of b group vitamins', 'vitamin d deficiency', 'paraplegia and tetraplegia', 'glomerular disorders in diseases classified elsewhere']","[0, 0, 0, 0, 4, 0, 0, 0, 0]",0.4444444444444444
915,3,Desvenlafaxine,"['H73', 'K92']","['disorders of tympanic membrane', 'diseases of digestive system']","[0, 4]",2.0
916,212,Nisoldipine,"['F17', 'J01', 'J37', 'J38', 'J42', 'J43', 'J93', 'J02']","['mental and behavioural disorders due to use of tobacco', 'acute sinusitis', 'chronic laryngitis and laryngotracheitis', 'diseases of vocal cords and larynx', 'chronic bronchitis', 'emphysema', 'pneumothorax', 'acute pharyngitis']","[0, 0, 0, 0, 0, 0, 0, 0]",0.0
917,281,Norethynodrel,"['C67', 'C68', 'N30', 'C65']","['malignant neoplasm of bladder', 'malignant neoplasm of urinary organs', 'cystitis', 'malignant neoplasm of renal pelvis']","[2, 1, 0, 0]",0.75
918,410,Roflumilast,"['I85', 'K70', 'K72', 'K74']","['oesophageal varices', 'alcoholic liver disease', 'hepatic failure', 'fibrosis and cirrhosis of liver']","[0, 6, 2, 58]",16.5
919,315,Anisotropine Methylbromide,"['I20', 'B00', 'K04']","['angina pectoris', 'herpesviral [herpes simplex] infections', 'diseases of pulp and periapical tissues']","[0, 0, 0]",0.0
920,401,Oxybutynin,"['F09', 'J62', 'J44', 'J47', 'K20']","['organic or symptomatic mental disorder', 'pneumoconiosis due to dust containing silica', 'chronic obstructive pulmonary disease', 'bronchiectasis', 'oesophagitis']","[17, 0, 1, 0, 4]",4.4
921,179,Trastuzumab emtansine,"['C61', 'N32', 'N40', 'D40']","['malignant neoplasm of prostate', 'disorders of bladder', 'hyperplasia of prostate', 'neoplasm of uncertain or unknown behaviour of male genital organs']","[1, 4, 0, 14]",4.75
922,444,Lisdexamfetamine,"['E10', 'E13', 'E16', 'H26', 'H33']","['insulin-dependent diabetes mellitus', 'specified diabetes mellitus', 'disorders of pancreatic internal secretion', 'cataract', 'retinal detachments and breaks']","[1, 0, 0, 0, 0]",0.2
923,364,Tiaprofenic acid,"['C65', 'C67', 'C68', 'N30', 'C66']","['malignant neoplasm of renal pelvis', 'malignant neoplasm of bladder', 'malignant neoplasm of urinary organs', 'cystitis', 'malignant neoplasm of ureter']","[0, 2, 0, 28, 0]",6.0
924,394,Abemaciclib,"['B36', 'D34', 'E72', 'F09', 'G90', 'I10', 'I30', 'I33', 'I60', 'I78', 'J13', 'J30', 'K73', 'L08', 'L21', 'L23', 'L29', 'L71', 'L85', 'N02', 'N04', 'C74', 'E26', 'E29', 'G37', 'G96', 'H72', 'I68', 'J35', 'K09', 'L70', 'M14', 'N03', 'N49']","['superficial mycoses', 'benign neoplasm of thyroid gland', 'disorders of amino-acid metabolism', 'organic or symptomatic mental disorder', 'disorders of autonomic nervous system', 'essential (primary) hypertension', 'acute pericarditis', 'acute and subacute endocarditis', 'subarachnoid haemorrhage', 'diseases of capillaries', 'pneumonia due to streptococcus pneumoniae', 'vasomotor and allergic rhinitis', 'chronic hepatitis', 'local infections of skin and subcutaneous tissue', 'seborrhoeic dermatitis', 'allergic contact dermatitis', 'pruritus', 'rosacea', 'epidermal thickening', 'recurrent and persistent haematuria', 'nephrotic syndrome', 'malignant neoplasm of adrenal gland', 'hyperaldosteronism', 'testicular dysfunction', 'demyelinating diseases of central nervous system', 'disorders of central nervous system', 'perforation of tympanic membrane', 'cerebrovascular disorders in diseases classified elsewhere', 'chronic diseases of tonsils and adenoids', 'cysts of oral region', 'acne', 'arthropathies in diseases classified elsewhere', 'chronic nephritic syndrome', 'inflammatory disorders of male genital organs']","[0, 0, 1, 12, 0, 0, 0, 0, 0, 0, 0, 0, 6, 0, 0, 4, 0, 0, 0, 0, 0, 0, 0, 8, 0, 0, 0, 0, 0, 0, 0, 0]",0.96875
925,410,Disopyramide,"['I85', 'K70', 'K72', 'K74']","['oesophageal varices', 'alcoholic liver disease', 'hepatic failure', 'fibrosis and cirrhosis of liver']","[0, 1, 23, 15]",9.75
926,15_73,Alectinib,"['E10', 'E14', 'E16']","['insulin-dependent diabetes mellitus', 'diabetes mellitus', 'disorders of pancreatic internal secretion']","[0, 1, 1]",0.6666666666666666
927,411,Salmeterol,"['G31', 'F10', 'F43']","['degenerative diseases of nervous system', 'mental and behavioural disorders due to use of alcohol', 'reaction to severe stress, and adjustment disorders']","[0, 22, 0]",7.333333333333333
928,334,Oxaprozin,"['L28', 'K76', 'D73', 'E51', 'M89']","['lichen simplex chronicus and prurigo', 'diseases of liver', 'diseases of spleen', 'thiamine deficiency', 'disorders of bone']","[0, 6, 1, 0, 1]",1.6
929,205,Vilazodone,"['D52', 'J41', 'L71', 'F17', 'J42', 'J13', 'J39', 'K04', 'K08', 'K12', 'L08', 'N62']","['folate deficiency anaemia', 'simple and mucopurulent chronic bronchitis', 'rosacea', 'mental and behavioural disorders due to use of tobacco', 'chronic bronchitis', 'pneumonia due to streptococcus pneumoniae', 'diseases of upper respiratory tract', 'diseases of pulp and periapical tissues', 'disorders of teeth and supporting structures', 'stomatitis and related lesions', 'local infections of skin and subcutaneous tissue', 'hypertrophy of breast']","[0, 0, 0, 0, 0, 0, 0, 8, 1, 0, 0]",0.8181818181818182
930,55,Hydroxocobalamin,"['F11', 'F13', 'F19']","['mental and behavioural disorders due to use of opioids', 'mental and behavioural disorders due to use of sedatives or hypnotics', 'mental and behavioural disorders due to multiple drug use and use of psychoactive substances']","[1, 6, 4]",3.6666666666666665
931,238,Denileukin diftitox,"['K25', 'K26', 'K70', 'D52', 'D62', 'F05']","['gastric ulcer', 'duodenal ulcer', 'alcoholic liver disease', 'folate deficiency anaemia', 'acute posthaemorrhagic anaemia', 'delirium']","[0, 0, 0, 0, 0, 0]",0.0
932,222_294,Somatostatin,"['G93', 'I46']","['disorders of brain', 'cardiac arrest']","[1851, 12]",931.5
933,67,Amoxapine,"['B20', 'B24']","['human immunodeficiency virus [hiv] disease resulting in infectious and parasitic diseases', 'human immunodeficiency virus [hiv] disease']","[0, 0]",0.0
934,118,Deoxycholic Acid,"['F70', 'D53', 'F10', 'F34', 'F05', 'G31', 'H10', 'K72', 'L21']","['mild mental retardation', 'nutritional anaemias', 'mental and behavioural disorders due to use of alcohol', 'persistent mood [affective] disorders', 'delirium', 'degenerative diseases of nervous system', 'conjunctivitis', 'hepatic failure', 'seborrhoeic dermatitis']","[3, 3, 8, 0, 1, 7, 6, 348, 0]",41.77777777777778
935,119,Dacarbazine,"['F70', 'D75', 'D52', 'F10', 'F22', 'G31', 'L21', 'C10', 'C13', 'E53', 'H10', 'I86', 'N62']","['mild mental retardation', 'diseases of blood and blood-forming organs', 'folate deficiency anaemia', 'mental and behavioural disorders due to use of alcohol', 'persistent delusional disorders', 'degenerative diseases of nervous system', 'seborrhoeic dermatitis', 'malignant neoplasm of oropharynx', 'malignant neoplasm of hypopharynx', 'deficiency of b group vitamins', 'conjunctivitis', 'varicose veins of specified sites', 'hypertrophy of breast']","[0, 1388, 0, 0, 0, 4, 0, 0, 4, 0, 0]",126.9090909090909
936,238,Ixazomib,"['K25', 'K26', 'K70', 'D52', 'D62', 'F05']","['gastric ulcer', 'duodenal ulcer', 'alcoholic liver disease', 'folate deficiency anaemia', 'acute posthaemorrhagic anaemia', 'delirium']","[0, 1, 0, 0, 0]",0.2
937,394,Triflusal,"['B36', 'D34', 'E72', 'F09', 'G90', 'I10', 'I30', 'I33', 'I60', 'I78', 'J13', 'J30', 'K73', 'L08', 'L21', 'L23', 'L29', 'L71', 'L85', 'N02', 'N04', 'C74', 'E26', 'E29', 'G37', 'G96', 'H72', 'I68', 'J35', 'K09', 'L70', 'M14', 'N03', 'N49']","['superficial mycoses', 'benign neoplasm of thyroid gland', 'disorders of amino-acid metabolism', 'organic or symptomatic mental disorder', 'disorders of autonomic nervous system', 'essential (primary) hypertension', 'acute pericarditis', 'acute and subacute endocarditis', 'subarachnoid haemorrhage', 'diseases of capillaries', 'pneumonia due to streptococcus pneumoniae', 'vasomotor and allergic rhinitis', 'chronic hepatitis', 'local infections of skin and subcutaneous tissue', 'seborrhoeic dermatitis', 'allergic contact dermatitis', 'pruritus', 'rosacea', 'epidermal thickening', 'recurrent and persistent haematuria', 'nephrotic syndrome', 'malignant neoplasm of adrenal gland', 'hyperaldosteronism', 'testicular dysfunction', 'demyelinating diseases of central nervous system', 'disorders of central nervous system', 'perforation of tympanic membrane', 'cerebrovascular disorders in diseases classified elsewhere', 'chronic diseases of tonsils and adenoids', 'cysts of oral region', 'acne', 'arthropathies in diseases classified elsewhere', 'chronic nephritic syndrome', 'inflammatory disorders of male genital organs']","[0, 0, 1, 1, 0, 0, 0, 0, 0, 0, 0, 0, 0, 0, 0, 2, 0, 0, 0, 17, 0, 0, 0, 0, 12, 0, 0, 0, 0, 0, 0, 0, 0]",1.0
938,210_305,Malathion,"['M43', 'M48', 'M51', 'M54', 'M96', 'G54', 'H61']","['deforming dorsopathies', 'spondylopathies', 'intervertebral disk disorders', 'dorsalgia', 'postprocedural musculoskeletal disorders', 'nerve root and plexus disorders', 'disorders of external ear']","[0, 3, 0, 0, 0, 2, 0]",0.7142857142857143
939,451,Linaclotide,"['I31', 'I20', 'I21']","['diseases of pericardium', 'angina pectoris', 'acute myocardial infarction']","[0, 0, 0]",0.0
940,390,Ingenol Mebutate,"['G91', 'I60', 'D73', 'F52', 'G30', 'L28', 'E11', 'E55', 'F00', 'F05', 'H49', 'A48', 'C76', 'D34', 'H60', 'L08', 'M00', 'N04']","['hydrocephalus', 'subarachnoid haemorrhage', 'diseases of spleen', 'sexual dysfunction', ""alzheimer's disease"", 'lichen simplex chronicus and prurigo', 'non-insulin-dependent diabetes mellitus', 'vitamin d deficiency', ""dementia in alzheimer's disease"", 'delirium', 'paralytic strabismus', 'bacterial diseases', 'malignant neoplasm of ill-defined sites', 'benign neoplasm of thyroid gland', 'otitis externa', 'local infections of skin and subcutaneous tissue', 'pyogenic arthritis', 'nephrotic syndrome']","[0, 0, 0, 0, 0, 0, 0, 0, 0, 1, 0, 0, 0, 3, 0, 0]",0.25
941,163,Risedronate,"['M25', 'M66', 'M87']","['joint disorders', 'spontaneous rupture of synovium and tendon', 'osteonecrosis']","[79, 3, 135]",72.33333333333333
942,443,Primidone,"['D75', 'D64', 'D68', 'E21', 'E83']","['diseases of blood and blood-forming organs', 'anaemias', 'coagulation defects', 'hyperparathyroidism and disorders of parathyroid gland', 'disorders of mineral metabolism']","[72, 43, 10, 3, 5]",26.6
943,217,Fluphenazine,"['I20', 'I21', 'I25', 'B00']","['angina pectoris', 'acute myocardial infarction', 'chronic ischaemic heart disease', 'herpesviral [herpes simplex] infections']","[0, 0, 0, 0]",0.0
944,291,Chloroprocaine,"['L89', 'N08', 'E11', 'E55', 'G61', 'I13', 'I33', 'L28']","['decubitus ulcer', 'glomerular disorders in diseases classified elsewhere', 'non-insulin-dependent diabetes mellitus', 'vitamin d deficiency', 'inflammatory polyneuropathy', 'hypertensive heart and renal disease', 'acute and subacute endocarditis', 'lichen simplex chronicus and prurigo']","[0, 0, 0, 0, 0, 2, 0, 0]",0.25
945,414,Protriptyline,"['K83', 'K85', 'K86', 'B18', 'C22', 'C24', 'C25']","['diseases of biliary tract', 'acute pancreatitis', 'diseases of pancreas', 'chronic viral hepatitis', 'malignant neoplasm of liver and intrahepatic bile ducts', 'malignant neoplasm of parts of biliary tract', 'malignant neoplasm of pancreas']","[0, 0, 0, 0, 0, 0, 0]",0.0
946,149,Defibrotide,"['J44', 'J98']","['chronic obstructive pulmonary disease', 'respiratory disorders']","[0, 14]",7.0
947,57,Reteplase,"['E87', 'F10', 'F12', 'F17', 'F20', 'F60', 'F63']","['disorders of fluid, electrolyte and acid-base balance', 'mental and behavioural disorders due to use of alcohol', 'mental and behavioural disorders due to use of cannabinoids', 'mental and behavioural disorders due to use of tobacco', 'schizophrenia', 'specific personality disorders', 'habit and impulse disorders']","[0, 0, 0, 0, 0, 0, 0]",0.0
948,76,Dexchlorpheniramine maleate,"['F10', 'K70']","['mental and behavioural disorders due to use of alcohol', 'alcoholic liver disease']","[0, 0]",0.0
949,161,Diphenoxylate,"['M17', 'M66', 'M71', 'M93']","['gonarthrosis [arthrosis of knee]', 'spontaneous rupture of synovium and tendon', 'bursopathies', 'osteochondropathies']","[0, 0, 0, 0]",0.0
950,5,Rizatriptan,"['A49', 'B27', 'J03', 'J11', 'J38', 'L50']","['bacterial infection of site', 'infectious mononucleosis', 'acute tonsillitis', 'influenza virus', 'diseases of vocal cords and larynx', 'urticaria']","[0, 0, 0, 0, 0, 0]",0.0
951,131,Eplerenone,"['F11', 'F13', 'F33', 'F43', 'F60']","['mental and behavioural disorders due to use of opioids', 'mental and behavioural disorders due to use of sedatives or hypnotics', 'recurrent depressive disorder', 'reaction to severe stress, and adjustment disorders', 'specific personality disorders']","[0, 0, 2, 0]",0.5
952,351,Zopiclone,"['A02', 'A48', 'A69', 'B07', 'B36', 'B44', 'B49', 'B86', 'C11', 'C26', 'C41', 'C45', 'C50', 'C60', 'C66', 'C69', 'C76', 'C84', 'C88', 'D03', 'D07', 'D31', 'D34', 'D51', 'D89', 'E07', 'E22', 'E23', 'E27', 'E46', 'E74', 'E85', 'F52', 'G24', 'G52', 'G90', 'G92', 'H21', 'H31', 'H55', 'H61', 'J02', 'J11', 'J12', 'J61', 'K11', 'K41', 'L25', 'L60', 'L80', 'L81', 'M12', 'M60', 'N11', 'N34', 'N36', 'N50']","['salmonella infections', 'bacterial diseases', 'spirochaetal infections', 'viral warts', 'superficial mycoses', 'aspergillosis', 'mycosis', 'scabies', 'malignant neoplasm of nasopharynx', 'malignant neoplasm of ill-defined digestive organs', 'malignant neoplasm of bone and articular cartilage of sites', 'mesothelioma', 'malignant neoplasm of breast', 'malignant neoplasm of penis', 'malignant neoplasm of ureter', 'malignant neoplasm of eye and adnexa', 'malignant neoplasm of ill-defined sites', 'peripheral and cutaneous t-cell lymphomas', 'malignant immunoproliferative diseases', 'melanoma in situ', 'carcinoma in situ of genital organs', 'benign neoplasm of eye and adnexa', 'benign neoplasm of thyroid gland', 'vitamin b12 deficiency anaemia', 'disorders involving the immune mechanism', 'disorders of thyroid', 'hyperfunction of pituitary gland', 'hypofunction and disorders of pituitary gland', 'disorders of adrenal gland', 'protein-energy malnutrition', 'disorders of carbohydrate metabolism', 'amyloidosis', 'sexual dysfunction', 'dystonia', 'disorders of cranial nerves', 'disorders of autonomic nervous system', 'toxic encephalopathy', 'disorders of iris and ciliary body', 'disorders of choroid', 'nystagmus and irregular eye movements', 'disorders of external ear', 'acute pharyngitis', 'influenza virus', 'viral pneumonia', 'pneumoconiosis due to asbestos and mineral fibres', 'diseases of salivary glands', 'femoral hernia', 'contact dermatitis', 'nail disorders', 'vitiligo', 'disorders of pigmentation', 'specific arthropathies', 'myositis', 'chronic tubulo-interstitial nephritis', 'urethritis and urethral syndrome', 'disorders of urethra', 'disorders of male genital organs']","[0, 6, 0, 0, 0, 0, 0, 0, 0, 0, 0, 0, 0, 0, 0, 2, 0, 21, 0, 0, 0, 2, 0, 0, 0, 1, 0, 0, 0, 0, 0, 0, 3, 2, 0, 1, 5, 0, 0, 1, 0, 0, 2, 5, 0, 0, 0, 0, 0, 0, 1, 0, 0, 0, 0, 0]",0.9285714285714286
953,225,Pirbuterol,"['D12', 'I84', 'K60', 'K64']","['benign neoplasm of colon, rectum, anus and anal canal', 'haemorrhoids', 'fissure and fistula of anal and rectal regions', 'haemorrhoids and perianal venous thrombosis']","[0, 0, 0, 0]",0.0
954,3,Lisuride,"['H73', 'K92']","['disorders of tympanic membrane', 'diseases of digestive system']","[0, 3]",1.5
955,351,Amisulpride,"['A02', 'A48', 'A69', 'B07', 'B36', 'B44', 'B49', 'B86', 'C11', 'C26', 'C41', 'C45', 'C50', 'C60', 'C66', 'C69', 'C76', 'C84', 'C88', 'D03', 'D07', 'D31', 'D34', 'D51', 'D89', 'E07', 'E22', 'E23', 'E27', 'E46', 'E74', 'E85', 'F52', 'G24', 'G52', 'G90', 'G92', 'H21', 'H31', 'H55', 'H61', 'J02', 'J11', 'J12', 'J61', 'K11', 'K41', 'L25', 'L60', 'L80', 'L81', 'M12', 'M60', 'N11', 'N34', 'N36', 'N50']","['salmonella infections', 'bacterial diseases', 'spirochaetal infections', 'viral warts', 'superficial mycoses', 'aspergillosis', 'mycosis', 'scabies', 'malignant neoplasm of nasopharynx', 'malignant neoplasm of ill-defined digestive organs', 'malignant neoplasm of bone and articular cartilage of sites', 'mesothelioma', 'malignant neoplasm of breast', 'malignant neoplasm of penis', 'malignant neoplasm of ureter', 'malignant neoplasm of eye and adnexa', 'malignant neoplasm of ill-defined sites', 'peripheral and cutaneous t-cell lymphomas', 'malignant immunoproliferative diseases', 'melanoma in situ', 'carcinoma in situ of genital organs', 'benign neoplasm of eye and adnexa', 'benign neoplasm of thyroid gland', 'vitamin b12 deficiency anaemia', 'disorders involving the immune mechanism', 'disorders of thyroid', 'hyperfunction of pituitary gland', 'hypofunction and disorders of pituitary gland', 'disorders of adrenal gland', 'protein-energy malnutrition', 'disorders of carbohydrate metabolism', 'amyloidosis', 'sexual dysfunction', 'dystonia', 'disorders of cranial nerves', 'disorders of autonomic nervous system', 'toxic encephalopathy', 'disorders of iris and ciliary body', 'disorders of choroid', 'nystagmus and irregular eye movements', 'disorders of external ear', 'acute pharyngitis', 'influenza virus', 'viral pneumonia', 'pneumoconiosis due to asbestos and mineral fibres', 'diseases of salivary glands', 'femoral hernia', 'contact dermatitis', 'nail disorders', 'vitiligo', 'disorders of pigmentation', 'specific arthropathies', 'myositis', 'chronic tubulo-interstitial nephritis', 'urethritis and urethral syndrome', 'disorders of urethra', 'disorders of male genital organs']","[0, 0, 0, 0, 0, 0, 1, 0, 0, 0, 0, 0, 4, 0, 0, 0, 0, 16, 1, 0, 0, 0, 0, 0, 1, 2, 0, 6, 0, 0, 1, 29, 26, 0, 1, 72, 0, 0, 1, 0, 0, 0, 2, 0, 11, 0, 0, 0, 0, 0, 0, 1, 0, 0, 0, 0]",3.125
956,272,Dosulepin,"['B16', 'K73', 'B18', 'C22', 'F19']","['acute hepatitis b', 'chronic hepatitis', 'chronic viral hepatitis', 'malignant neoplasm of liver and intrahepatic bile ducts', 'mental and behavioural disorders due to multiple drug use and use of psychoactive substances']","[0, 0, 0, 0, 3]",0.6
957,239,Tretinoin,"['K76', 'A04', 'D61', 'E55', 'K46', 'K55', 'K75']","['diseases of liver', 'bacterial intestinal infections', 'aplastic anaemias', 'vitamin d deficiency', 'abdominal hernia', 'vascular disorders of intestine', 'inflammatory liver diseases']","[531, 18, 10, 5, 7, 6, 28]",86.42857142857143
958,179,Ketorolac,"['C61', 'N32', 'N40', 'D40']","['malignant neoplasm of prostate', 'disorders of bladder', 'hyperplasia of prostate', 'neoplasm of uncertain or unknown behaviour of male genital organs']","[13, 4, 6, 2]",6.25
959,411,Methotrexate,"['G31', 'F10', 'F43']","['degenerative diseases of nervous system', 'mental and behavioural disorders due to use of alcohol', 'reaction to severe stress, and adjustment disorders']","[10, 19, 22]",17.0
960,77,L-Arginine,"['F11', 'F13', 'F19', 'B18', 'B24', 'F14', 'F15']","['mental and behavioural disorders due to use of opioids', 'mental and behavioural disorders due to use of sedatives or hypnotics', 'mental and behavioural disorders due to multiple drug use and use of psychoactive substances', 'chronic viral hepatitis', 'human immunodeficiency virus [hiv] disease', 'mental and behavioural disorders due to use of cocaine', 'mental and behavioural disorders due to use of stimulants, including caffeine']","[131, 499, 66, 83, 312, 26, 2]",159.85714285714286
961,334,Norgestimate,"['L28', 'K76', 'D73', 'E51', 'M89']","['lichen simplex chronicus and prurigo', 'diseases of liver', 'diseases of spleen', 'thiamine deficiency', 'disorders of bone']","[0, 6, 0, 0, 4]",2.0
962,119,Prednisone,"['F70', 'D75', 'D52', 'F10', 'F22', 'G31', 'L21', 'C10', 'C13', 'E53', 'H10', 'I86', 'N62']","['mild mental retardation', 'diseases of blood and blood-forming organs', 'folate deficiency anaemia', 'mental and behavioural disorders due to use of alcohol', 'persistent delusional disorders', 'degenerative diseases of nervous system', 'seborrhoeic dermatitis', 'malignant neoplasm of oropharynx', 'malignant neoplasm of hypopharynx', 'deficiency of b group vitamins', 'conjunctivitis', 'varicose veins of specified sites', 'hypertrophy of breast']","[4, 10712, 6, 38, 0, 2, 19, 19, 3, 3, 133, 0, 6]",841.9230769230769
963,266,Copanlisib,"['N39', 'I95']","['disorders of urinary system', 'hypotension']","[0, 0]",0.0
964,76,Voacamine,"['F10', 'K70']","['mental and behavioural disorders due to use of alcohol', 'alcoholic liver disease']","[0, 0]",0.0
965,64,Dienestrol,"['K76', 'K65']","['diseases of liver', 'peritonitis']",[1],1.0
966,11,Mangafodipir,"['C71', 'C79', 'H53']","['malignant neoplasm of brain', 'secondary malignant neoplasm of specified sites', 'visual disturbances']","[2, 0, 0]",0.6666666666666666
967,405,Pentaerythritol Tetranitrate,"['K83', 'B18', 'C22', 'C24', 'C25', 'K80', 'K81', 'K82', 'K85', 'K86']","['diseases of biliary tract', 'chronic viral hepatitis', 'malignant neoplasm of liver and intrahepatic bile ducts', 'malignant neoplasm of parts of biliary tract', 'malignant neoplasm of pancreas', 'cholelithiasis', 'cholecystitis', 'diseases of gallbladder', 'acute pancreatitis', 'diseases of pancreas']","[2, 0, 2, 0, 0, 0, 0, 0, 1, 1]",0.6
968,40,Gestrinone,"['J45', 'J46']","['asthma', 'status asthmaticus']","[0, 0]",0.0
969,13,Indacaterol,"['D80', 'E61', 'G00', 'H02', 'H04', 'J01', 'K00', 'K76', 'M43', 'J35', 'J36']","['immunodeficiency with antibody defects', 'deficiency of nutrient elements', 'bacterial meningitis', 'disorders of eyelid', 'disorders of lachrymal system', 'acute sinusitis', 'disorders of tooth development and eruption', 'diseases of liver', 'deforming dorsopathies', 'chronic diseases of tonsils and adenoids', 'peritonsillar abscess']","[0, 0, 0, 0, 0, 0, 0, 1, 0, 0, 0]",0.09090909090909091
970,133,Orphenadrine,"['G40', 'G41', 'G81', 'J69', 'F70']","['epilepsy', 'status epilepticus', 'hemiplegia', 'pneumonitis due to solids and liquids', 'mild mental retardation']","[5, 3, 0, 47, 1]",11.2
971,450,Chlorambucil,"['H36', 'E10', 'E13', 'E16', 'H26', 'H33', 'H35']","['retinal disorders in diseases classified elsewhere', 'insulin-dependent diabetes mellitus', 'specified diabetes mellitus', 'disorders of pancreatic internal secretion', 'cataract', 'retinal detachments and breaks', 'retinal disorders']","[0, 2, 0, 0, 15, 48, 20]",12.142857142857142
972,333_412,Ambenonium,"['K80', 'K81', 'K82']","['cholelithiasis', 'cholecystitis', 'diseases of gallbladder']","[0, 0, 0]",0.0
973,79,Dexchlorpheniramine maleate,"['B16', 'B18', 'F11', 'F12', 'F13', 'F14', 'F19', 'K73']","['acute hepatitis b', 'chronic viral hepatitis', 'mental and behavioural disorders due to use of opioids', 'mental and behavioural disorders due to use of cannabinoids', 'mental and behavioural disorders due to use of sedatives or hypnotics', 'mental and behavioural disorders due to use of cocaine', 'mental and behavioural disorders due to multiple drug use and use of psychoactive substances', 'chronic hepatitis']","[0, 0, 0, 0, 10, 0, 1, 0]",1.375
974,410,Nicergoline,"['I85', 'K70', 'K72', 'K74']","['oesophageal varices', 'alcoholic liver disease', 'hepatic failure', 'fibrosis and cirrhosis of liver']","[0, 0, 0, 3]",0.75
975,446,Nebivolol,"['I73', 'I70', 'I74', 'I77']","['peripheral vascular diseases', 'atherosclerosis', 'arterial embolism and thrombosis', 'disorders of arteries and arterioles']","[16, 46, 8, 136]",51.5
976,198,Topiroxostat,"['G47', 'G25', 'E66', 'H66', 'K46']","['sleep disorders', 'extrapyramidal and movement disorders', 'obesity', 'chronic suppurative otitis media', 'abdominal hernia']","[0, 0, 4, 0, 0]",0.8
977,110,L-Citrulline,"['N18', 'D64']","['chronic renal failure', 'anaemias']","[96, 50]",73.0
978,323,Propranolol,"['K60', 'I84', 'D21']","['fissure and fistula of anal and rectal regions', 'haemorrhoids', 'benign neoplasms of connective and soft tissue']","[11, 92, 90]",64.33333333333333
979,392,Rocuronium,"['I77', 'H57', 'I70', 'I73', 'I74', 'L03']","['disorders of arteries and arterioles', 'disorders of eye and adnexa', 'atherosclerosis', 'peripheral vascular diseases', 'arterial embolism and thrombosis', 'cellulitis']","[45, 13, 2, 3, 13, 1]",12.833333333333334
980,405,Rivastigmine,"['K83', 'B18', 'C22', 'C24', 'C25', 'K80', 'K81', 'K82', 'K85', 'K86']","['diseases of biliary tract', 'chronic viral hepatitis', 'malignant neoplasm of liver and intrahepatic bile ducts', 'malignant neoplasm of parts of biliary tract', 'malignant neoplasm of pancreas', 'cholelithiasis', 'cholecystitis', 'diseases of gallbladder', 'acute pancreatitis', 'diseases of pancreas']","[0, 0, 0, 0, 0, 0, 0, 0, 1, 1]",0.2
981,85,Reserpine,"['F41', 'F45']","['anxiety disorders', 'somatoform disorders']","[110, 6]",58.0
982,351,Infliximab,"['A02', 'A48', 'A69', 'B07', 'B36', 'B44', 'B49', 'B86', 'C11', 'C26', 'C41', 'C45', 'C50', 'C60', 'C66', 'C69', 'C76', 'C84', 'C88', 'D03', 'D07', 'D31', 'D34', 'D51', 'D89', 'E07', 'E22', 'E23', 'E27', 'E46', 'E74', 'E85', 'F52', 'G24', 'G52', 'G90', 'G92', 'H21', 'H31', 'H55', 'H61', 'J02', 'J11', 'J12', 'J61', 'K11', 'K41', 'L25', 'L60', 'L80', 'L81', 'M12', 'M60', 'N11', 'N34', 'N36', 'N50']","['salmonella infections', 'bacterial diseases', 'spirochaetal infections', 'viral warts', 'superficial mycoses', 'aspergillosis', 'mycosis', 'scabies', 'malignant neoplasm of nasopharynx', 'malignant neoplasm of ill-defined digestive organs', 'malignant neoplasm of bone and articular cartilage of sites', 'mesothelioma', 'malignant neoplasm of breast', 'malignant neoplasm of penis', 'malignant neoplasm of ureter', 'malignant neoplasm of eye and adnexa', 'malignant neoplasm of ill-defined sites', 'peripheral and cutaneous t-cell lymphomas', 'malignant immunoproliferative diseases', 'melanoma in situ', 'carcinoma in situ of genital organs', 'benign neoplasm of eye and adnexa', 'benign neoplasm of thyroid gland', 'vitamin b12 deficiency anaemia', 'disorders involving the immune mechanism', 'disorders of thyroid', 'hyperfunction of pituitary gland', 'hypofunction and disorders of pituitary gland', 'disorders of adrenal gland', 'protein-energy malnutrition', 'disorders of carbohydrate metabolism', 'amyloidosis', 'sexual dysfunction', 'dystonia', 'disorders of cranial nerves', 'disorders of autonomic nervous system', 'toxic encephalopathy', 'disorders of iris and ciliary body', 'disorders of choroid', 'nystagmus and irregular eye movements', 'disorders of external ear', 'acute pharyngitis', 'influenza virus', 'viral pneumonia', 'pneumoconiosis due to asbestos and mineral fibres', 'diseases of salivary glands', 'femoral hernia', 'contact dermatitis', 'nail disorders', 'vitiligo', 'disorders of pigmentation', 'specific arthropathies', 'myositis', 'chronic tubulo-interstitial nephritis', 'urethritis and urethral syndrome', 'disorders of urethra', 'disorders of male genital organs']","[19, 1110, 3, 5, 3, 33, 180, 1, 1, 0, 30, 2, 33, 0, 0, 11, 0, 712, 200, 0, 0, 13, 2, 0, 74, 53, 0, 4, 4, 1, 6, 72, 6, 1, 14, 14, 1, 16, 29, 5, 5, 2, 26, 141, 1, 47, 0, 10, 46, 24, 23, 528, 6, 2, 17]",64.2909090909091
983,270,Mometasone,"['A49', 'K29', 'K50', 'K51', 'K75', 'D73', 'E61', 'L50', 'N62']","['bacterial infection of site', 'gastritis and duodenitis', ""crohn's disease [regional enteritis]"", 'ulcerative colitis', 'inflammatory liver diseases', 'diseases of spleen', 'deficiency of nutrient elements', 'urticaria', 'hypertrophy of breast']","[0, 0, 0, 5, 2, 0, 0]",1.0
984,451,Colchicine,"['I31', 'I20', 'I21']","['diseases of pericardium', 'angina pectoris', 'acute myocardial infarction']","[83, 13, 214]",103.33333333333333
985,441,Mirabegron,"['N30', 'K63', 'C71', 'D36', 'D43']","['cystitis', 'diseases of intestine', 'malignant neoplasm of brain', 'benign neoplasm of sites', 'neoplasm of uncertain or unknown behaviour of brain and central nervous system']","[11, 3, 1, 0, 25]",8.0
986,77,Dexrazoxane,"['F11', 'F13', 'F19', 'B18', 'B24', 'F14', 'F15']","['mental and behavioural disorders due to use of opioids', 'mental and behavioural disorders due to use of sedatives or hypnotics', 'mental and behavioural disorders due to multiple drug use and use of psychoactive substances', 'chronic viral hepatitis', 'human immunodeficiency virus [hiv] disease', 'mental and behavioural disorders due to use of cocaine', 'mental and behavioural disorders due to use of stimulants, including caffeine']","[0, 2, 1, 0, 1, 0, 0]",0.5714285714285714
987,430,Hyaluronidase,"['D29', 'N40', 'N50']","['benign neoplasm of male genital organs', 'hyperplasia of prostate', 'disorders of male genital organs']","[22, 13, 21]",18.666666666666668
988,222_294,Cytisine,"['G93', 'I46']","['disorders of brain', 'cardiac arrest']","[80, 1]",40.5
989,426,Mesoridazine,"['M66', 'M75', 'M77']","['spontaneous rupture of synovium and tendon', 'shoulder lesions', 'enthesopathies']","[0, 0, 0]",0.0
990,61,Dimethyl sulfoxide,"['I10', 'I15']","['essential (primary) hypertension', 'secondary hypertension']","[1, 6]",3.5
991,374,Camphor,"['L95', 'C45', 'D89', 'E01', 'E72', 'G90', 'I10', 'I22', 'I33', 'I60', 'I78', 'J04', 'J13', 'K27', 'L08', 'L20', 'L21', 'L23', 'L29', 'L50', 'L71', 'L85', 'M05', 'M31', 'M45', 'M85', 'M96', 'N62']","['vasculitis limited to skin', 'mesothelioma', 'disorders involving the immune mechanism', 'iodine-deficiency-related thyroid disorders and allied conditions', 'disorders of amino-acid metabolism', 'disorders of autonomic nervous system', 'essential (primary) hypertension', 'subsequent myocardial infarction', 'acute and subacute endocarditis', 'subarachnoid haemorrhage', 'diseases of capillaries', 'acute laryngitis and tracheitis', 'pneumonia due to streptococcus pneumoniae', 'acute with perforation', 'local infections of skin and subcutaneous tissue', 'atopic dermatitis', 'seborrhoeic dermatitis', 'allergic contact dermatitis', 'pruritus', 'urticaria', 'rosacea', 'epidermal thickening', 'seropositive rheumatoid arthritis', 'necrotising vasculopathies', 'ankylosing spondylitis', 'disorders of bone density and structure', 'postprocedural musculoskeletal disorders', 'hypertrophy of breast']","[0, 0, 1, 1, 12, 5, 0, 0, 0, 4, 1, 3, 0, 12, 4, 0, 18, 20, 3, 3, 1, 0, 8, 0, 907, 0]",38.57692307692308
992,232,Quinethazone,"['K20', 'K22', 'K21', 'K25', 'K26', 'K44']","['oesophagitis', 'diseases of oesophagus', 'gastro-oesophageal reflux disease', 'gastric ulcer', 'duodenal ulcer', 'diaphragmatic hernia']","[0, 0, 0, 0, 0, 0]",0.0
993,77,Ranolazine,"['F11', 'F13', 'F19', 'B18', 'B24', 'F14', 'F15']","['mental and behavioural disorders due to use of opioids', 'mental and behavioural disorders due to use of sedatives or hypnotics', 'mental and behavioural disorders due to multiple drug use and use of psychoactive substances', 'chronic viral hepatitis', 'human immunodeficiency virus [hiv] disease', 'mental and behavioural disorders due to use of cocaine', 'mental and behavioural disorders due to use of stimulants, including caffeine']","[1, 3, 1, 0, 1, 0, 0]",0.8571428571428571
994,15_73,Ziprasidone,"['E10', 'E14', 'E16']","['insulin-dependent diabetes mellitus', 'diabetes mellitus', 'disorders of pancreatic internal secretion']","[3, 82, 0]",28.333333333333332
995,291,Marimastat,"['L89', 'N08', 'E11', 'E55', 'G61', 'I13', 'I33', 'L28']","['decubitus ulcer', 'glomerular disorders in diseases classified elsewhere', 'non-insulin-dependent diabetes mellitus', 'vitamin d deficiency', 'inflammatory polyneuropathy', 'hypertensive heart and renal disease', 'acute and subacute endocarditis', 'lichen simplex chronicus and prurigo']","[0, 0, 0, 0, 0, 8, 0, 0]",1.0
996,433,Gallamine Triethiodide,"['B18', 'C22', 'C24']","['chronic viral hepatitis', 'malignant neoplasm of liver and intrahepatic bile ducts', 'malignant neoplasm of parts of biliary tract']","[0, 1, 0]",0.3333333333333333
997,379,Pasireotide,"['F13', 'F33', 'F41', 'F43', 'F45', 'F32']","['mental and behavioural disorders due to use of sedatives or hypnotics', 'recurrent depressive disorder', 'anxiety disorders', 'reaction to severe stress, and adjustment disorders', 'somatoform disorders', 'depressive episode']","[5, 0, 0, 0, 0]",1.0
998,47,Temazepam,"['N12', 'N39']","['tubulo-interstitial nephritis', 'disorders of urinary system']","[0, 1]",0.5
999,200,Butethal,"['F09', 'F63', 'F03', 'F10', 'G31', 'L21', 'D52', 'E51', 'E53', 'I62', 'J39', 'K02', 'K12', 'M46']","['organic or symptomatic mental disorder', 'habit and impulse disorders', 'dementia', 'mental and behavioural disorders due to use of alcohol', 'degenerative diseases of nervous system', 'seborrhoeic dermatitis', 'folate deficiency anaemia', 'thiamine deficiency', 'deficiency of b group vitamins', 'nontraumatic intracranial haemorrhage', 'diseases of upper respiratory tract', 'dental caries', 'stomatitis and related lesions', 'inflammatory spondylopathies']","[2, 0, 0, 0, 0, 0, 0, 0, 0, 0, 0, 0]",0.16666666666666666
1000,333_412,Penbutolol,"['K80', 'K81', 'K82']","['cholelithiasis', 'cholecystitis', 'diseases of gallbladder']","[0, 0, 0]",0.0
1001,405,Scopolamine,"['K83', 'B18', 'C22', 'C24', 'C25', 'K80', 'K81', 'K82', 'K85', 'K86']","['diseases of biliary tract', 'chronic viral hepatitis', 'malignant neoplasm of liver and intrahepatic bile ducts', 'malignant neoplasm of parts of biliary tract', 'malignant neoplasm of pancreas', 'cholelithiasis', 'cholecystitis', 'diseases of gallbladder', 'acute pancreatitis', 'diseases of pancreas']","[22, 0, 11, 0, 16, 20, 8, 7, 17, 32]",13.3
1002,390,Natalizumab,"['G91', 'I60', 'D73', 'F52', 'G30', 'L28', 'E11', 'E55', 'F00', 'F05', 'H49', 'A48', 'C76', 'D34', 'H60', 'L08', 'M00', 'N04']","['hydrocephalus', 'subarachnoid haemorrhage', 'diseases of spleen', 'sexual dysfunction', ""alzheimer's disease"", 'lichen simplex chronicus and prurigo', 'non-insulin-dependent diabetes mellitus', 'vitamin d deficiency', ""dementia in alzheimer's disease"", 'delirium', 'paralytic strabismus', 'bacterial diseases', 'malignant neoplasm of ill-defined sites', 'benign neoplasm of thyroid gland', 'otitis externa', 'local infections of skin and subcutaneous tissue', 'pyogenic arthritis', 'nephrotic syndrome']","[2, 1, 3, 3, 12, 0, 0, 5, 5, 0, 0, 26, 0, 0, 0, 2, 2, 0]",3.388888888888889
1003,126,Chloroquine,"['G35', 'E78', 'E87', 'G45', 'H81', 'M42', 'M47']","['multiple sclerosis', 'disorders of lipoprotein metabolism and lipidaemias', 'disorders of fluid, electrolyte and acid-base balance', 'transient cerebral ischaemic attacks and related syndromes', 'disorders of vestibular function', 'spinal osteochondrosis', 'spondylosis']","[43, 67, 16, 441, 10, 0, 1]",82.57142857142857
1004,405,Amiodarone,"['K83', 'B18', 'C22', 'C24', 'C25', 'K80', 'K81', 'K82', 'K85', 'K86']","['diseases of biliary tract', 'chronic viral hepatitis', 'malignant neoplasm of liver and intrahepatic bile ducts', 'malignant neoplasm of parts of biliary tract', 'malignant neoplasm of pancreas', 'cholelithiasis', 'cholecystitis', 'diseases of gallbladder', 'acute pancreatitis', 'diseases of pancreas']","[2, 7, 48, 0, 2, 2, 1, 1, 20, 19]",10.2
1005,149,Demecarium,"['J44', 'J98']","['chronic obstructive pulmonary disease', 'respiratory disorders']","[0, 0]",0.0
1006,129,Tretinoin,"['F17', 'G45', 'J15', 'J20', 'J93', 'L05']","['mental and behavioural disorders due to use of tobacco', 'transient cerebral ischaemic attacks and related syndromes', 'bacterial pneumonia', 'acute bronchitis', 'pneumothorax', 'pilonidal cyst']","[2, 199, 5, 1, 1, 0]",34.666666666666664
1007,271,Telotristat ethyl,"['B02', 'J18', 'J86', 'B00', 'C79', 'D72', 'D73', 'M84']","['zoster [herpes zoster]', 'pneumonia, organism', 'pyothorax', 'herpesviral [herpes simplex] infections', 'secondary malignant neoplasm of specified sites', 'disorders of white blood cells', 'diseases of spleen', 'disorders of continuity of bone']","[0, 0, 0, 0, 0, 0, 0, 0]",0.0
1008,374,Malathion,"['L95', 'C45', 'D89', 'E01', 'E72', 'G90', 'I10', 'I22', 'I33', 'I60', 'I78', 'J04', 'J13', 'K27', 'L08', 'L20', 'L21', 'L23', 'L29', 'L50', 'L71', 'L85', 'M05', 'M31', 'M45', 'M85', 'M96', 'N62']","['vasculitis limited to skin', 'mesothelioma', 'disorders involving the immune mechanism', 'iodine-deficiency-related thyroid disorders and allied conditions', 'disorders of amino-acid metabolism', 'disorders of autonomic nervous system', 'essential (primary) hypertension', 'subsequent myocardial infarction', 'acute and subacute endocarditis', 'subarachnoid haemorrhage', 'diseases of capillaries', 'acute laryngitis and tracheitis', 'pneumonia due to streptococcus pneumoniae', 'acute with perforation', 'local infections of skin and subcutaneous tissue', 'atopic dermatitis', 'seborrhoeic dermatitis', 'allergic contact dermatitis', 'pruritus', 'urticaria', 'rosacea', 'epidermal thickening', 'seropositive rheumatoid arthritis', 'necrotising vasculopathies', 'ankylosing spondylitis', 'disorders of bone density and structure', 'postprocedural musculoskeletal disorders', 'hypertrophy of breast']","[0, 0, 0, 0, 8, 4, 0, 1, 0, 0, 0, 0, 0, 0, 11, 3, 1, 2, 10, 3, 1, 0, 0, 2, 0, 274, 0, 0]",11.428571428571429
1009,451,Nicotine,"['I31', 'I20', 'I21']","['diseases of pericardium', 'angina pectoris', 'acute myocardial infarction']","[1, 58, 111]",56.666666666666664
1010,79,Midazolam,"['B16', 'B18', 'F11', 'F12', 'F13', 'F14', 'F19', 'K73']","['acute hepatitis b', 'chronic viral hepatitis', 'mental and behavioural disorders due to use of opioids', 'mental and behavioural disorders due to use of cannabinoids', 'mental and behavioural disorders due to use of sedatives or hypnotics', 'mental and behavioural disorders due to use of cocaine', 'mental and behavioural disorders due to multiple drug use and use of psychoactive substances', 'chronic hepatitis']","[2, 5, 223, 9, 11932, 22, 70, 20]",1535.375
1011,108,Iloprost,"['N19', 'I10', 'I11', 'I34', 'I61', 'I67', 'I70', 'I71', 'L97']","['renal failure', 'essential (primary) hypertension', 'hypertensive heart disease', 'nonrheumatic mitral valve disorders', 'intracerebral haemorrhage', 'cerebrovascular diseases', 'atherosclerosis', 'aortic aneurysm and dissection', 'ulcer of lower limb']","[50, 1, 259, 0, 5, 34, 73, 13, 55]",54.44444444444444
1012,238,Difluocortolone,"['K25', 'K26', 'K70', 'D52', 'D62', 'F05']","['gastric ulcer', 'duodenal ulcer', 'alcoholic liver disease', 'folate deficiency anaemia', 'acute posthaemorrhagic anaemia', 'delirium']","[0, 0, 0, 0, 0, 0]",0.0
1013,351,Hydrochlorothiazide,"['A02', 'A48', 'A69', 'B07', 'B36', 'B44', 'B49', 'B86', 'C11', 'C26', 'C41', 'C45', 'C50', 'C60', 'C66', 'C69', 'C76', 'C84', 'C88', 'D03', 'D07', 'D31', 'D34', 'D51', 'D89', 'E07', 'E22', 'E23', 'E27', 'E46', 'E74', 'E85', 'F52', 'G24', 'G52', 'G90', 'G92', 'H21', 'H31', 'H55', 'H61', 'J02', 'J11', 'J12', 'J61', 'K11', 'K41', 'L25', 'L60', 'L80', 'L81', 'M12', 'M60', 'N11', 'N34', 'N36', 'N50']","['salmonella infections', 'bacterial diseases', 'spirochaetal infections', 'viral warts', 'superficial mycoses', 'aspergillosis', 'mycosis', 'scabies', 'malignant neoplasm of nasopharynx', 'malignant neoplasm of ill-defined digestive organs', 'malignant neoplasm of bone and articular cartilage of sites', 'mesothelioma', 'malignant neoplasm of breast', 'malignant neoplasm of penis', 'malignant neoplasm of ureter', 'malignant neoplasm of eye and adnexa', 'malignant neoplasm of ill-defined sites', 'peripheral and cutaneous t-cell lymphomas', 'malignant immunoproliferative diseases', 'melanoma in situ', 'carcinoma in situ of genital organs', 'benign neoplasm of eye and adnexa', 'benign neoplasm of thyroid gland', 'vitamin b12 deficiency anaemia', 'disorders involving the immune mechanism', 'disorders of thyroid', 'hyperfunction of pituitary gland', 'hypofunction and disorders of pituitary gland', 'disorders of adrenal gland', 'protein-energy malnutrition', 'disorders of carbohydrate metabolism', 'amyloidosis', 'sexual dysfunction', 'dystonia', 'disorders of cranial nerves', 'disorders of autonomic nervous system', 'toxic encephalopathy', 'disorders of iris and ciliary body', 'disorders of choroid', 'nystagmus and irregular eye movements', 'disorders of external ear', 'acute pharyngitis', 'influenza virus', 'viral pneumonia', 'pneumoconiosis due to asbestos and mineral fibres', 'diseases of salivary glands', 'femoral hernia', 'contact dermatitis', 'nail disorders', 'vitiligo', 'disorders of pigmentation', 'specific arthropathies', 'myositis', 'chronic tubulo-interstitial nephritis', 'urethritis and urethral syndrome', 'disorders of urethra', 'disorders of male genital organs']","[0, 33, 0, 0, 0, 0, 7, 2, 0, 0, 8, 1, 8, 0, 0, 3, 0, 246, 16, 0, 0, 3, 2, 0, 3, 15, 2, 6, 7, 0, 21, 3, 0, 1, 23, 2, 3, 2, 2, 0, 0, 2, 6, 1, 5, 0, 35, 1, 4, 8, 4, 1, 8, 6, 0, 1]",8.946428571428571
1014,346,Diethylcarbamazine,"['N10', 'N18', 'B02', 'B25', 'H10', 'I13', 'N05']","['acute tubulo-interstitial nephritis', 'chronic renal failure', 'zoster [herpes zoster]', 'cytomegaloviral disease', 'conjunctivitis', 'hypertensive heart and renal disease', 'minor glomerular abnormality']","[0, 0, 0, 7, 36, 0]",7.166666666666667
1015,210_305,Clobetasone,"['M43', 'M48', 'M51', 'M54', 'M96', 'G54', 'H61']","['deforming dorsopathies', 'spondylopathies', 'intervertebral disk disorders', 'dorsalgia', 'postprocedural musculoskeletal disorders', 'nerve root and plexus disorders', 'disorders of external ear']","[0, 0, 0, 1, 0, 0, 1]",0.2857142857142857
1016,366,Enzacamene,"['C91', 'C82', 'C83', 'C85', 'D72', 'D80']","['lymphoid leukaemia', ""follicular [nodular] non-hodgkin's lymphoma"", ""diffuse non-hodgkin's lymphoma"", ""specified types of non-hodgkin's lymphoma"", 'disorders of white blood cells', 'immunodeficiency with antibody defects']","[0, 0, 0, 0, 0, 0]",0.0
1017,205,Vinflunine,"['D52', 'J41', 'L71', 'F17', 'J42', 'J13', 'J39', 'K04', 'K08', 'K12', 'L08', 'N62']","['folate deficiency anaemia', 'simple and mucopurulent chronic bronchitis', 'rosacea', 'mental and behavioural disorders due to use of tobacco', 'chronic bronchitis', 'pneumonia due to streptococcus pneumoniae', 'diseases of upper respiratory tract', 'diseases of pulp and periapical tissues', 'disorders of teeth and supporting structures', 'stomatitis and related lesions', 'local infections of skin and subcutaneous tissue', 'hypertrophy of breast']","[0, 0, 0, 0, 0, 0, 0, 0, 13, 3, 0, 0]",1.3333333333333333
1018,380,Testosterone propionate,"['H26', 'H33']","['cataract', 'retinal detachments and breaks']","[0, 4]",2.0
1019,119,Ergoloid mesylate,"['F70', 'D75', 'D52', 'F10', 'F22', 'G31', 'L21', 'C10', 'C13', 'E53', 'H10', 'I86', 'N62']","['mild mental retardation', 'diseases of blood and blood-forming organs', 'folate deficiency anaemia', 'mental and behavioural disorders due to use of alcohol', 'persistent delusional disorders', 'degenerative diseases of nervous system', 'seborrhoeic dermatitis', 'malignant neoplasm of oropharynx', 'malignant neoplasm of hypopharynx', 'deficiency of b group vitamins', 'conjunctivitis', 'varicose veins of specified sites', 'hypertrophy of breast']","[0, 34, 0, 6, 0, 0, 0, 0, 0, 0, 0, 0, 0]",3.076923076923077
1020,3,Risperidone,"['H73', 'K92']","['disorders of tympanic membrane', 'diseases of digestive system']","[0, 25]",12.5
1021,47,Interferon alfa-n1,"['N12', 'N39']","['tubulo-interstitial nephritis', 'disorders of urinary system']","[0, 0]",0.0
1022,158,Doxazosin,"['K92', 'D62']","['diseases of digestive system', 'acute posthaemorrhagic anaemia']","[8, 0]",4.0
1023,346,Amodiaquine,"['N10', 'N18', 'B02', 'B25', 'H10', 'I13', 'N05']","['acute tubulo-interstitial nephritis', 'chronic renal failure', 'zoster [herpes zoster]', 'cytomegaloviral disease', 'conjunctivitis', 'hypertensive heart and renal disease', 'minor glomerular abnormality']","[0, 2, 0, 1, 1, 10, 0]",2.0
1024,67,Sacubitril,"['B20', 'B24']","['human immunodeficiency virus [hiv] disease resulting in infectious and parasitic diseases', 'human immunodeficiency virus [hiv] disease']","[5, 2]",3.5
1025,244,Nitrous acid,"['L71', 'K70', 'D53', 'F05', 'G31']","['rosacea', 'alcoholic liver disease', 'nutritional anaemias', 'delirium', 'degenerative diseases of nervous system']","[0, 7, 3, 13]",5.75
1026,440,Antipyrine,"['H44', 'D31', 'H04', 'H25', 'H34', 'H50']","['disorders of globe', 'benign neoplasm of eye and adnexa', 'disorders of lachrymal system', 'senile cataract', 'retinal vascular occlusions', 'strabismus']","[39, 11, 0, 0, 3, 0]",8.833333333333334
1027,379,Gadoxetic acid,"['F13', 'F33', 'F41', 'F43', 'F45', 'F32']","['mental and behavioural disorders due to use of sedatives or hypnotics', 'recurrent depressive disorder', 'anxiety disorders', 'reaction to severe stress, and adjustment disorders', 'somatoform disorders', 'depressive episode']","[0, 0, 0, 0, 0, 0]",0.0
1028,272,Parachlorophenol,"['B16', 'K73', 'B18', 'C22', 'F19']","['acute hepatitis b', 'chronic hepatitis', 'chronic viral hepatitis', 'malignant neoplasm of liver and intrahepatic bile ducts', 'mental and behavioural disorders due to multiple drug use and use of psychoactive substances']","[0, 0, 0, 2, 0]",0.4
1029,225,Mitiglinide,"['D12', 'I84', 'K60', 'K64']","['benign neoplasm of colon, rectum, anus and anal canal', 'haemorrhoids', 'fissure and fistula of anal and rectal regions', 'haemorrhoids and perianal venous thrombosis']","[0, 0, 0, 0]",0.0
1030,18,Methacholine,"['E66', 'E78', 'F17', 'I10', 'K76']","['obesity', 'disorders of lipoprotein metabolism and lipidaemias', 'mental and behavioural disorders due to use of tobacco', 'essential (primary) hypertension', 'diseases of liver']","[175, 12, 5, 0, 28]",44.0
1031,348,Chlorothiazide,"['N32', 'N40', 'N41', 'N21', 'N42']","['disorders of bladder', 'hyperplasia of prostate', 'inflammatory diseases of prostate', 'calculus of lower urinary tract', 'disorders of prostate']","[9, 7, 0, 2, 6]",4.8
1032,443,Astemizole,"['D75', 'D64', 'D68', 'E21', 'E83']","['diseases of blood and blood-forming organs', 'anaemias', 'coagulation defects', 'hyperparathyroidism and disorders of parathyroid gland', 'disorders of mineral metabolism']","[28, 0, 0, 0, 0]",5.6
1033,118,Drotaverine,"['F70', 'D53', 'F10', 'F34', 'F05', 'G31', 'H10', 'K72', 'L21']","['mild mental retardation', 'nutritional anaemias', 'mental and behavioural disorders due to use of alcohol', 'persistent mood [affective] disorders', 'delirium', 'degenerative diseases of nervous system', 'conjunctivitis', 'hepatic failure', 'seborrhoeic dermatitis']","[0, 0, 0, 0, 0, 0, 0, 0, 0]",0.0
1034,228,Adenosine,"['J41', 'J44', 'J47', 'G61', 'H10', 'J40', 'J82']","['simple and mucopurulent chronic bronchitis', 'chronic obstructive pulmonary disease', 'bronchiectasis', 'inflammatory polyneuropathy', 'conjunctivitis', 'bronchitis', 'pulmonary eosinophilia']","[0, 455, 35, 48, 41, 96, 25]",100.0
1035,303,Abemaciclib,"['G40', 'G41', 'F01', 'F71']","['epilepsy', 'status epilepticus', 'vascular dementia', 'moderate mental retardation']","[1, 1, 0, 0]",0.5
1036,172,Loteprednol,"['B37', 'J18', 'J86']","['candidiasis', 'pneumonia, organism', 'pyothorax']","[0, 0]",0.0
1037,79,Desmopressin,"['B16', 'B18', 'F11', 'F12', 'F13', 'F14', 'F19', 'K73']","['acute hepatitis b', 'chronic viral hepatitis', 'mental and behavioural disorders due to use of opioids', 'mental and behavioural disorders due to use of cannabinoids', 'mental and behavioural disorders due to use of sedatives or hypnotics', 'mental and behavioural disorders due to use of cocaine', 'mental and behavioural disorders due to multiple drug use and use of psychoactive substances', 'chronic hepatitis']","[0, 2, 6, 0, 30, 1, 15, 8]",7.75
1038,54,Testosterone,"['E87', 'F10', 'F17']","['disorders of fluid, electrolyte and acid-base balance', 'mental and behavioural disorders due to use of alcohol', 'mental and behavioural disorders due to use of tobacco']","[33, 486, 40]",186.33333333333334
1039,239,Antithymocyte immunoglobulin (rabbit),"['K76', 'A04', 'D61', 'E55', 'K46', 'K55', 'K75']","['diseases of liver', 'bacterial intestinal infections', 'aplastic anaemias', 'vitamin d deficiency', 'abdominal hernia', 'vascular disorders of intestine', 'inflammatory liver diseases']","[39, 0, 195, 0, 0, 1, 0]",33.57142857142857
1040,134,Darifenacin,"['M42', 'M51', 'M54', 'G54', 'M62']","['spinal osteochondrosis', 'intervertebral disk disorders', 'dorsalgia', 'nerve root and plexus disorders', 'disorders of muscle']","[0, 0, 0, 18]",4.5
1041,413,Metipranolol,"['K83', 'B18', 'C22', 'C24']","['diseases of biliary tract', 'chronic viral hepatitis', 'malignant neoplasm of liver and intrahepatic bile ducts', 'malignant neoplasm of parts of biliary tract']","[0, 0, 0, 0]",0.0
1042,411,Danthron,"['G31', 'F10', 'F43']","['degenerative diseases of nervous system', 'mental and behavioural disorders due to use of alcohol', 'reaction to severe stress, and adjustment disorders']","[0, 0, 0]",0.0
1043,379,Mephentermine,"['F13', 'F33', 'F41', 'F43', 'F45', 'F32']","['mental and behavioural disorders due to use of sedatives or hypnotics', 'recurrent depressive disorder', 'anxiety disorders', 'reaction to severe stress, and adjustment disorders', 'somatoform disorders', 'depressive episode']","[16, 0, 0, 0, 0, 0]",2.6666666666666665
1044,13,Phenylpropanolamine,"['D80', 'E61', 'G00', 'H02', 'H04', 'J01', 'K00', 'K76', 'M43', 'J35', 'J36']","['immunodeficiency with antibody defects', 'deficiency of nutrient elements', 'bacterial meningitis', 'disorders of eyelid', 'disorders of lachrymal system', 'acute sinusitis', 'disorders of tooth development and eruption', 'diseases of liver', 'deforming dorsopathies', 'chronic diseases of tonsils and adenoids', 'peritonsillar abscess']","[0, 0, 0, 0, 0, 4, 5, 37, 0, 1, 0]",4.2727272727272725
1045,80,Zolpidem,"['F17', 'J93']","['mental and behavioural disorders due to use of tobacco', 'pneumothorax']","[2, 1]",1.5
1046,334,Estriol,"['L28', 'K76', 'D73', 'E51', 'M89']","['lichen simplex chronicus and prurigo', 'diseases of liver', 'diseases of spleen', 'thiamine deficiency', 'disorders of bone']","[0, 99, 2, 0, 38]",27.8
1047,448,Fludrocortisone,"['F32', 'F33', 'F41', 'F43', 'F45']","['depressive episode', 'recurrent depressive disorder', 'anxiety disorders', 'reaction to severe stress, and adjustment disorders', 'somatoform disorders']","[5, 0, 11, 2, 0]",3.6
1048,291,Urokinase,"['L89', 'N08', 'E11', 'E55', 'G61', 'I13', 'I33', 'L28']","['decubitus ulcer', 'glomerular disorders in diseases classified elsewhere', 'non-insulin-dependent diabetes mellitus', 'vitamin d deficiency', 'inflammatory polyneuropathy', 'hypertensive heart and renal disease', 'acute and subacute endocarditis', 'lichen simplex chronicus and prurigo']","[4, 0, 62, 4, 2, 979, 1, 0]",131.5
1049,307,Esomeprazole,"['J31', 'K45', 'E66', 'G62', 'G61', 'H16', 'L71', 'M93']","['chronic rhinitis, nasopharyngitis and pharyngitis', 'abdominal hernia', 'obesity', 'polyneuropathies', 'inflammatory polyneuropathy', 'keratitis', 'rosacea', 'osteochondropathies']","[3, 1, 17, 0, 2, 0, 0, 0]",2.875
1050,410,Phenylbutazone,"['I85', 'K70', 'K72', 'K74']","['oesophageal varices', 'alcoholic liver disease', 'hepatic failure', 'fibrosis and cirrhosis of liver']","[3, 2, 20, 54]",19.75
1051,129,Thiopental,"['F17', 'G45', 'J15', 'J20', 'J93', 'L05']","['mental and behavioural disorders due to use of tobacco', 'transient cerebral ischaemic attacks and related syndromes', 'bacterial pneumonia', 'acute bronchitis', 'pneumothorax', 'pilonidal cyst']","[0, 66, 1, 0, 16, 2]",14.166666666666666
1052,217,Nimesulide,"['I20', 'I21', 'I25', 'B00']","['angina pectoris', 'acute myocardial infarction', 'chronic ischaemic heart disease', 'herpesviral [herpes simplex] infections']","[1, 4, 2, 0]",1.75
1053,118,Brentuximab vedotin,"['F70', 'D53', 'F10', 'F34', 'F05', 'G31', 'H10', 'K72', 'L21']","['mild mental retardation', 'nutritional anaemias', 'mental and behavioural disorders due to use of alcohol', 'persistent mood [affective] disorders', 'delirium', 'degenerative diseases of nervous system', 'conjunctivitis', 'hepatic failure', 'seborrhoeic dermatitis']","[0, 1, 0, 0, 1, 0, 0, 11, 0]",1.4444444444444444
1054,457,Norethynodrel,"['M16', 'M41', 'M42', 'M43', 'M87']","['coxarthrosis [arthrosis of hip]', 'scoliosis', 'spinal osteochondrosis', 'deforming dorsopathies', 'osteonecrosis']","[0, 0, 0, 0, 0]",0.0
1055,95_150,Flumazenil,"['K07', 'K09']","['dentofacial anomalies [including malocclusion]', 'cysts of oral region']","[0, 0]",0.0
1056,405,Lamotrigine,"['K83', 'B18', 'C22', 'C24', 'C25', 'K80', 'K81', 'K82', 'K85', 'K86']","['diseases of biliary tract', 'chronic viral hepatitis', 'malignant neoplasm of liver and intrahepatic bile ducts', 'malignant neoplasm of parts of biliary tract', 'malignant neoplasm of pancreas', 'cholelithiasis', 'cholecystitis', 'diseases of gallbladder', 'acute pancreatitis', 'diseases of pancreas']","[1, 1, 1, 0, 1, 0, 2, 0, 13, 7]",2.6
1057,11,Fluorometholone,"['C71', 'C79', 'H53']","['malignant neoplasm of brain', 'secondary malignant neoplasm of specified sites', 'visual disturbances']","[0, 0, 1]",0.3333333333333333
1058,299,Guanidine,"['G47', 'J30', 'F51']","['sleep disorders', 'vasomotor and allergic rhinitis', 'sleep disorders']","[164, 246, 164]",191.33333333333334
1059,397,Heparin,"['I48', 'A48', 'C76', 'H18', 'H61', 'I33', 'J30', 'K04']","['atrial fibrillation and flutter', 'bacterial diseases', 'malignant neoplasm of ill-defined sites', 'disorders of cornea', 'disorders of external ear', 'acute and subacute endocarditis', 'vasomotor and allergic rhinitis', 'diseases of pulp and periapical tissues']","[1801, 2323, 0, 38, 13, 24, 9]",601.1428571428571
1060,390,Azathioprine,"['G91', 'I60', 'D73', 'F52', 'G30', 'L28', 'E11', 'E55', 'F00', 'F05', 'H49', 'A48', 'C76', 'D34', 'H60', 'L08', 'M00', 'N04']","['hydrocephalus', 'subarachnoid haemorrhage', 'diseases of spleen', 'sexual dysfunction', ""alzheimer's disease"", 'lichen simplex chronicus and prurigo', 'non-insulin-dependent diabetes mellitus', 'vitamin d deficiency', ""dementia in alzheimer's disease"", 'delirium', 'paralytic strabismus', 'bacterial diseases', 'malignant neoplasm of ill-defined sites', 'benign neoplasm of thyroid gland', 'otitis externa', 'local infections of skin and subcutaneous tissue', 'pyogenic arthritis', 'nephrotic syndrome']","[15, 9, 78, 5, 24, 48, 24, 2, 8, 0, 820, 0, 5, 0, 83, 76, 388]",93.23529411764706
1061,413,Nalbuphine,"['K83', 'B18', 'C22', 'C24']","['diseases of biliary tract', 'chronic viral hepatitis', 'malignant neoplasm of liver and intrahepatic bile ducts', 'malignant neoplasm of parts of biliary tract']","[7, 0, 1, 0]",2.0
1062,238,Metixene,"['K25', 'K26', 'K70', 'D52', 'D62', 'F05']","['gastric ulcer', 'duodenal ulcer', 'alcoholic liver disease', 'folate deficiency anaemia', 'acute posthaemorrhagic anaemia', 'delirium']","[0, 0, 0, 0, 0, 0]",0.0
1063,80,Icotinib,"['F17', 'J93']","['mental and behavioural disorders due to use of tobacco', 'pneumothorax']","[0, 0]",0.0
1064,346,Epinastine,"['N10', 'N18', 'B02', 'B25', 'H10', 'I13', 'N05']","['acute tubulo-interstitial nephritis', 'chronic renal failure', 'zoster [herpes zoster]', 'cytomegaloviral disease', 'conjunctivitis', 'hypertensive heart and renal disease', 'minor glomerular abnormality']","[0, 0, 0, 0, 51, 2, 0]",7.571428571428571
1065,421,Tramadol,"['M66', 'M24', 'M65', 'M67', 'M71', 'M93', 'M94']","['spontaneous rupture of synovium and tendon', 'specific joint derangements', 'infective (teno)synovitis', 'disorders of synovium and tendon', 'bursopathies', 'osteochondropathies', 'disorders of cartilage']","[26, 0, 0, 28, 0, 0, 15]",9.857142857142858
1066,438,Midodrine,"['B37', 'C34', 'C38', 'C79', 'C80', 'D48', 'D63', 'D70', 'J82', 'M84']","['candidiasis', 'malignant neoplasm of bronchus and lung', 'malignant neoplasm of heart, mediastinum and pleura', 'secondary malignant neoplasm of specified sites', 'malignant neoplasm', 'neoplasm of uncertain or unknown behaviour of sites', 'anaemia in chronic diseases classified elsewhere', 'agranulocytosis', 'pulmonary eosinophilia', 'disorders of continuity of bone']","[0, 9, 0, 0, 17, 0, 0, 0, 0, 0]",2.6
1067,131,Glycerol Phenylbutyrate,"['F11', 'F13', 'F33', 'F43', 'F60']","['mental and behavioural disorders due to use of opioids', 'mental and behavioural disorders due to use of sedatives or hypnotics', 'recurrent depressive disorder', 'reaction to severe stress, and adjustment disorders', 'specific personality disorders']","[0, 0, 0, 3, 0]",0.6
1068,405,Allylestrenol,"['K83', 'B18', 'C22', 'C24', 'C25', 'K80', 'K81', 'K82', 'K85', 'K86']","['diseases of biliary tract', 'chronic viral hepatitis', 'malignant neoplasm of liver and intrahepatic bile ducts', 'malignant neoplasm of parts of biliary tract', 'malignant neoplasm of pancreas', 'cholelithiasis', 'cholecystitis', 'diseases of gallbladder', 'acute pancreatitis', 'diseases of pancreas']","[0, 0, 0, 0, 0, 0, 0, 0, 0, 0]",0.0
1069,85,Alitretinoin,"['F41', 'F45']","['anxiety disorders', 'somatoform disorders']","[0, 0]",0.0
1070,329,Ospemifene,"['C44', 'L57', 'D23']","['malignant neoplasms of skin', 'skin changes due to chronic exposure to nonionising radiation', 'benign neoplasms of skin']","[0, 0, 0]",0.0
1071,373,Menadione,"['E10', 'E13', 'E16', 'I79']","['insulin-dependent diabetes mellitus', 'specified diabetes mellitus', 'disorders of pancreatic internal secretion', 'disorders of arteries, arterioles and capillaries in diseases classified elsewhere']","[3, 0, 2, 0]",1.25
1072,389,Carmustine,"['E10', 'E13', 'E16', 'H26', 'H33', 'H35', 'H36']","['insulin-dependent diabetes mellitus', 'specified diabetes mellitus', 'disorders of pancreatic internal secretion', 'cataract', 'retinal detachments and breaks', 'retinal disorders', 'retinal disorders in diseases classified elsewhere']","[1, 0, 0, 3, 68, 17, 0]",12.714285714285714
1073,77,Calcipotriol,"['F11', 'F13', 'F19', 'B18', 'B24', 'F14', 'F15']","['mental and behavioural disorders due to use of opioids', 'mental and behavioural disorders due to use of sedatives or hypnotics', 'mental and behavioural disorders due to multiple drug use and use of psychoactive substances', 'chronic viral hepatitis', 'human immunodeficiency virus [hiv] disease', 'mental and behavioural disorders due to use of cocaine', 'mental and behavioural disorders due to use of stimulants, including caffeine']","[0, 1, 1, 3, 0, 0]",0.8333333333333334
1074,200,Heparin,"['F09', 'F63', 'F03', 'F10', 'G31', 'L21', 'D52', 'E51', 'E53', 'I62', 'J39', 'K02', 'K12', 'M46']","['organic or symptomatic mental disorder', 'habit and impulse disorders', 'dementia', 'mental and behavioural disorders due to use of alcohol', 'degenerative diseases of nervous system', 'seborrhoeic dermatitis', 'folate deficiency anaemia', 'thiamine deficiency', 'deficiency of b group vitamins', 'nontraumatic intracranial haemorrhage', 'diseases of upper respiratory tract', 'dental caries', 'stomatitis and related lesions', 'inflammatory spondylopathies']","[525, 89, 355, 57, 11, 2, 4, 0, 4, 12, 32, 7, 579, 19]",121.14285714285714
1075,291,Suramin,"['L89', 'N08', 'E11', 'E55', 'G61', 'I13', 'I33', 'L28']","['decubitus ulcer', 'glomerular disorders in diseases classified elsewhere', 'non-insulin-dependent diabetes mellitus', 'vitamin d deficiency', 'inflammatory polyneuropathy', 'hypertensive heart and renal disease', 'acute and subacute endocarditis', 'lichen simplex chronicus and prurigo']","[0, 0, 9, 1, 3, 89, 0, 0]",12.75
1076,379,Imidafenacin,"['F13', 'F33', 'F41', 'F43', 'F45', 'F32']","['mental and behavioural disorders due to use of sedatives or hypnotics', 'recurrent depressive disorder', 'anxiety disorders', 'reaction to severe stress, and adjustment disorders', 'somatoform disorders', 'depressive episode']","[0, 0, 0, 0, 0, 0]",0.0
1077,11,Interferon beta-1a,"['C71', 'C79', 'H53']","['malignant neoplasm of brain', 'secondary malignant neoplasm of specified sites', 'visual disturbances']","[14, 0, 2]",5.333333333333333
1078,57,Sodium carbonate,"['E87', 'F10', 'F12', 'F17', 'F20', 'F60', 'F63']","['disorders of fluid, electrolyte and acid-base balance', 'mental and behavioural disorders due to use of alcohol', 'mental and behavioural disorders due to use of cannabinoids', 'mental and behavioural disorders due to use of tobacco', 'schizophrenia', 'specific personality disorders', 'habit and impulse disorders']","[18, 0, 0, 0, 2, 0, 5]",3.5714285714285716
1079,378,Norepinephrine,"['F10', 'F13', 'F31', 'F60', 'G31', 'D53', 'E51', 'K08']","['mental and behavioural disorders due to use of alcohol', 'mental and behavioural disorders due to use of sedatives or hypnotics', 'bipolar affective disorder', 'specific personality disorders', 'degenerative diseases of nervous system', 'nutritional anaemias', 'thiamine deficiency', 'disorders of teeth and supporting structures']","[5250, 2464, 597, 34, 87, 13, 30, 3586]",1507.625
1080,289,Canagliflozin,"['E83', 'D64', 'E03', 'E21', 'A49']","['disorders of mineral metabolism', 'anaemias', 'hypothyroidism', 'hyperparathyroidism and disorders of parathyroid gland', 'bacterial infection of site']","[10, 9, 2, 2, 0]",4.6
1081,378,Acenocoumarol,"['F10', 'F13', 'F31', 'F60', 'G31', 'D53', 'E51', 'K08']","['mental and behavioural disorders due to use of alcohol', 'mental and behavioural disorders due to use of sedatives or hypnotics', 'bipolar affective disorder', 'specific personality disorders', 'degenerative diseases of nervous system', 'nutritional anaemias', 'thiamine deficiency', 'disorders of teeth and supporting structures']","[2, 10, 1, 0, 0, 0, 0]",1.8571428571428572
1082,351,Rizatriptan,"['A02', 'A48', 'A69', 'B07', 'B36', 'B44', 'B49', 'B86', 'C11', 'C26', 'C41', 'C45', 'C50', 'C60', 'C66', 'C69', 'C76', 'C84', 'C88', 'D03', 'D07', 'D31', 'D34', 'D51', 'D89', 'E07', 'E22', 'E23', 'E27', 'E46', 'E74', 'E85', 'F52', 'G24', 'G52', 'G90', 'G92', 'H21', 'H31', 'H55', 'H61', 'J02', 'J11', 'J12', 'J61', 'K11', 'K41', 'L25', 'L60', 'L80', 'L81', 'M12', 'M60', 'N11', 'N34', 'N36', 'N50']","['salmonella infections', 'bacterial diseases', 'spirochaetal infections', 'viral warts', 'superficial mycoses', 'aspergillosis', 'mycosis', 'scabies', 'malignant neoplasm of nasopharynx', 'malignant neoplasm of ill-defined digestive organs', 'malignant neoplasm of bone and articular cartilage of sites', 'mesothelioma', 'malignant neoplasm of breast', 'malignant neoplasm of penis', 'malignant neoplasm of ureter', 'malignant neoplasm of eye and adnexa', 'malignant neoplasm of ill-defined sites', 'peripheral and cutaneous t-cell lymphomas', 'malignant immunoproliferative diseases', 'melanoma in situ', 'carcinoma in situ of genital organs', 'benign neoplasm of eye and adnexa', 'benign neoplasm of thyroid gland', 'vitamin b12 deficiency anaemia', 'disorders involving the immune mechanism', 'disorders of thyroid', 'hyperfunction of pituitary gland', 'hypofunction and disorders of pituitary gland', 'disorders of adrenal gland', 'protein-energy malnutrition', 'disorders of carbohydrate metabolism', 'amyloidosis', 'sexual dysfunction', 'dystonia', 'disorders of cranial nerves', 'disorders of autonomic nervous system', 'toxic encephalopathy', 'disorders of iris and ciliary body', 'disorders of choroid', 'nystagmus and irregular eye movements', 'disorders of external ear', 'acute pharyngitis', 'influenza virus', 'viral pneumonia', 'pneumoconiosis due to asbestos and mineral fibres', 'diseases of salivary glands', 'femoral hernia', 'contact dermatitis', 'nail disorders', 'vitiligo', 'disorders of pigmentation', 'specific arthropathies', 'myositis', 'chronic tubulo-interstitial nephritis', 'urethritis and urethral syndrome', 'disorders of urethra', 'disorders of male genital organs']","[0, 0, 0, 0, 0, 0, 0, 0, 0, 0, 0, 1, 0, 0, 0, 0, 9, 0, 0, 0, 0, 0, 0, 0, 0, 0, 0, 0, 0, 0, 0, 0, 8, 4, 0, 0, 0, 0, 0, 0, 0, 0, 0, 0, 0, 0, 0, 0, 0, 0, 0, 0, 1, 0, 0]",0.41818181818181815
1083,15_73,Isoetarine,"['E10', 'E14', 'E16']","['insulin-dependent diabetes mellitus', 'diabetes mellitus', 'disorders of pancreatic internal secretion']","[0, 1, 0]",0.3333333333333333
1084,244,Fluoxymesterone,"['L71', 'K70', 'D53', 'F05', 'G31']","['rosacea', 'alcoholic liver disease', 'nutritional anaemias', 'delirium', 'degenerative diseases of nervous system']","[0, 1, 0, 0, 0]",0.2
1085,380,Rosiglitazone,"['H26', 'H33']","['cataract', 'retinal detachments and breaks']","[3, 8]",5.5
1086,375,Pentosan Polysulfate,"['E61', 'G57', 'E78', 'F34', 'G43', 'G44', 'G83', 'H49', 'I22', 'I99', 'C75', 'F40', 'G71', 'K13']","['deficiency of nutrient elements', 'mononeuropathies of lower limb', 'disorders of lipoprotein metabolism and lipidaemias', 'persistent mood [affective] disorders', 'migraine', 'headache syndromes', 'paralytic syndromes', 'paralytic strabismus', 'subsequent myocardial infarction', 'disorders of circulatory system', 'malignant neoplasm of endocrine glands and related structures', 'phobic anxiety disorders', 'primary disorders of muscles', 'diseases of lip and oral mucosa']","[0, 0, 3, 0, 2, 3, 0, 0, 0, 9, 22, 0, 0, 4]",3.0714285714285716
1087,189,Ethinyl Estradiol,"['M45', 'E13', 'D35', 'I10', 'I12', 'I72', 'I77', 'K20', 'L98', 'N05', 'I13']","['ankylosing spondylitis', 'specified diabetes mellitus', 'benign neoplasm of endocrine glands', 'essential (primary) hypertension', 'hypertensive renal disease', 'aneurysm', 'disorders of arteries and arterioles', 'oesophagitis', 'disorders of skin and subcutaneous tissue', 'minor glomerular abnormality', 'hypertensive heart and renal disease']","[0, 0, 121, 0, 0, 7, 149, 12, 112, 1, 169]",51.90909090909091
1088,308,Artenimol,"['H02', 'H25', 'H26', 'H27', 'H34']","['disorders of eyelid', 'senile cataract', 'cataract', 'disorders of lens', 'retinal vascular occlusions']","[1, 0, 0, 0, 0]",0.2
1089,72,Clofazimine,"['N18', 'D64', 'N19']","['chronic renal failure', 'anaemias', 'renal failure']","[0, 39, 5]",14.666666666666666
1090,158,Nintedanib,"['K92', 'D62']","['diseases of digestive system', 'acute posthaemorrhagic anaemia']","[16, 0]",8.0
1091,11,Isavuconazole,"['C71', 'C79', 'H53']","['malignant neoplasm of brain', 'secondary malignant neoplasm of specified sites', 'visual disturbances']","[0, 0, 2]",0.6666666666666666
1092,59,Desogestrel,"['F91', 'F90', 'F98']","['conduct disorders', 'hyperkinetic disorders', 'behavioural and emotional disorders with onset usually occurring in childhood and adolescence']","[2, 0, 921]",307.6666666666667
1093,461,Dexmethylphenidate,"['N41', 'D40', 'N42', 'C61', 'C64']","['inflammatory diseases of prostate', 'neoplasm of uncertain or unknown behaviour of male genital organs', 'disorders of prostate', 'malignant neoplasm of prostate', 'malignant neoplasm of kidney, except renal pelvis']","[0, 0, 0, 0]",0.0
1094,25,Hexocyclium,"['F90', 'F91']","['hyperkinetic disorders', 'conduct disorders']","[0, 0]",0.0
1095,320,Vancomycin,"['I50', 'J81', 'B99', 'G93', 'I46']","['heart failure', 'pulmonary oedema', 'infectious diseases', 'disorders of brain', 'cardiac arrest']","[26, 6980, 237, 57]",1825.0
1096,117,Topiramate,"['I84', 'K62', 'D12']","['haemorrhoids', 'diseases of anus and rectum', 'benign neoplasm of colon, rectum, anus and anal canal']",[0],0.0
1097,414,Moroctocog alfa,"['K83', 'K85', 'K86', 'B18', 'C22', 'C24', 'C25']","['diseases of biliary tract', 'acute pancreatitis', 'diseases of pancreas', 'chronic viral hepatitis', 'malignant neoplasm of liver and intrahepatic bile ducts', 'malignant neoplasm of parts of biliary tract', 'malignant neoplasm of pancreas']","[0, 0, 0, 0, 1, 0]",0.16666666666666666
1098,414,Phentolamine,"['K83', 'K85', 'K86', 'B18', 'C22', 'C24', 'C25']","['diseases of biliary tract', 'acute pancreatitis', 'diseases of pancreas', 'chronic viral hepatitis', 'malignant neoplasm of liver and intrahepatic bile ducts', 'malignant neoplasm of parts of biliary tract', 'malignant neoplasm of pancreas']","[4, 2, 19, 0, 19, 0, 7]",7.285714285714286
1099,163,Prasterone,"['M25', 'M66', 'M87']","['joint disorders', 'spontaneous rupture of synovium and tendon', 'osteonecrosis']","[7, 0]",3.5
1100,397,Nitroprusside,"['I48', 'A48', 'C76', 'H18', 'H61', 'I33', 'J30', 'K04']","['atrial fibrillation and flutter', 'bacterial diseases', 'malignant neoplasm of ill-defined sites', 'disorders of cornea', 'disorders of external ear', 'acute and subacute endocarditis', 'vasomotor and allergic rhinitis', 'diseases of pulp and periapical tissues']","[31, 96, 0, 0, 2, 601, 0]",104.28571428571429
1101,292,Dienogest,"['E10', 'E13', 'E16']","['insulin-dependent diabetes mellitus', 'specified diabetes mellitus', 'disorders of pancreatic internal secretion']","[0, 0, 0]",0.0
1102,122_194,Insulin Glargine,"['E10', 'E16', 'H36']","['insulin-dependent diabetes mellitus', 'disorders of pancreatic internal secretion', 'retinal disorders in diseases classified elsewhere']","[918, 5, 0]",307.6666666666667
1103,289,Etomidate,"['E83', 'D64', 'E03', 'E21', 'A49']","['disorders of mineral metabolism', 'anaemias', 'hypothyroidism', 'hyperparathyroidism and disorders of parathyroid gland', 'bacterial infection of site']","[0, 6, 2, 0, 0]",1.6
1104,149,Haloperidol,"['J44', 'J98']","['chronic obstructive pulmonary disease', 'respiratory disorders']","[4, 78]",41.0
1105,212,Estriol,"['F17', 'J01', 'J37', 'J38', 'J42', 'J43', 'J93', 'J02']","['mental and behavioural disorders due to use of tobacco', 'acute sinusitis', 'chronic laryngitis and laryngotracheitis', 'diseases of vocal cords and larynx', 'chronic bronchitis', 'emphysema', 'pneumothorax', 'acute pharyngitis']","[0, 0, 0, 0, 0, 2, 0, 0]",0.25
1106,18,Xylometazoline,"['E66', 'E78', 'F17', 'I10', 'K76']","['obesity', 'disorders of lipoprotein metabolism and lipidaemias', 'mental and behavioural disorders due to use of tobacco', 'essential (primary) hypertension', 'diseases of liver']","[0, 0, 0, 1, 1]",0.4
1107,410,Trilostane,"['I85', 'K70', 'K72', 'K74']","['oesophageal varices', 'alcoholic liver disease', 'hepatic failure', 'fibrosis and cirrhosis of liver']","[0, 0, 0, 2]",0.5
1108,168,Alvimopan,"['N18', 'B99', 'N03', 'N25', 'N05']","['chronic renal failure', 'infectious diseases', 'chronic nephritic syndrome', 'disorders resulting from impaired renal tubular function', 'minor glomerular abnormality']","[2, 0, 0, 0]",0.5
1109,411,Daunorubicin,"['G31', 'F10', 'F43']","['degenerative diseases of nervous system', 'mental and behavioural disorders due to use of alcohol', 'reaction to severe stress, and adjustment disorders']","[3, 13, 27]",14.333333333333334
1110,23,Tixocortol,"['E88', 'F79', 'G25', 'G41', 'I47', 'J69', 'G40', 'J96']","['metabolic disorders', 'mental retardation', 'extrapyramidal and movement disorders', 'status epilepticus', 'paroxysmal tachycardia', 'pneumonitis due to solids and liquids', 'epilepsy', 'respiratory failure']","[1, 0, 0, 0, 0, 4, 0, 0]",0.625
1111,310,Alvimopan,"['H40', 'H47']","['glaucoma', 'disorders of optic [2nd] nerve and visual pathways']","[0, 0]",0.0
1112,431,Irinotecan,"['I65', 'N39']","['occlusion and stenosis of precerebral arteries', 'disorders of urinary system']","[39, 2]",20.5
1113,106,Blonanserin,"['M42', 'M51', 'M54']","['spinal osteochondrosis', 'intervertebral disk disorders', 'dorsalgia']","[0, 0, 0]",0.0
1114,72,Pipecuronium,"['N18', 'D64', 'N19']","['chronic renal failure', 'anaemias', 'renal failure']","[4, 0, 7]",3.6666666666666665
1115,333_412,Anistreplase,"['K80', 'K81', 'K82']","['cholelithiasis', 'cholecystitis', 'diseases of gallbladder']","[0, 0, 0]",0.0
1116,220,Triflupromazine,"['I35', 'I71', 'I72']","['nonrheumatic aortic valve disorders', 'aortic aneurysm and dissection', 'aneurysm']","[0, 0, 0]",0.0
1117,24,Idarubicin,"['F80', 'F82']","['specific developmental disorders of speech and language', 'specific developmental disorder of motor function']","[3, 0]",1.5
1118,238,Pipecuronium,"['K25', 'K26', 'K70', 'D52', 'D62', 'F05']","['gastric ulcer', 'duodenal ulcer', 'alcoholic liver disease', 'folate deficiency anaemia', 'acute posthaemorrhagic anaemia', 'delirium']","[0, 0, 1, 0, 0, 0]",0.16666666666666666
1119,261,Marimastat,"['N25', 'N18', 'A04', 'B02', 'N03']","['disorders resulting from impaired renal tubular function', 'chronic renal failure', 'bacterial intestinal infections', 'zoster [herpes zoster]', 'chronic nephritic syndrome']","[0, 1, 1, 0, 0]",0.4
1120,72,Denosumab,"['N18', 'D64', 'N19']","['chronic renal failure', 'anaemias', 'renal failure']","[34, 38, 190]",87.33333333333333
1121,200,Trifluoperazine,"['F09', 'F63', 'F03', 'F10', 'G31', 'L21', 'D52', 'E51', 'E53', 'I62', 'J39', 'K02', 'K12', 'M46']","['organic or symptomatic mental disorder', 'habit and impulse disorders', 'dementia', 'mental and behavioural disorders due to use of alcohol', 'degenerative diseases of nervous system', 'seborrhoeic dermatitis', 'folate deficiency anaemia', 'thiamine deficiency', 'deficiency of b group vitamins', 'nontraumatic intracranial haemorrhage', 'diseases of upper respiratory tract', 'dental caries', 'stomatitis and related lesions', 'inflammatory spondylopathies']","[60, 8, 32, 25, 0, 0, 0, 1, 0, 0, 0, 0, 4, 0]",9.285714285714286
1122,441,Bevacizumab,"['N30', 'K63', 'C71', 'D36', 'D43']","['cystitis', 'diseases of intestine', 'malignant neoplasm of brain', 'benign neoplasm of sites', 'neoplasm of uncertain or unknown behaviour of brain and central nervous system']","[7, 201, 1917, 281, 723]",625.8
1123,438,Ciprofloxacin,"['B37', 'C34', 'C38', 'C79', 'C80', 'D48', 'D63', 'D70', 'J82', 'M84']","['candidiasis', 'malignant neoplasm of bronchus and lung', 'malignant neoplasm of heart, mediastinum and pleura', 'secondary malignant neoplasm of specified sites', 'malignant neoplasm', 'neoplasm of uncertain or unknown behaviour of sites', 'anaemia in chronic diseases classified elsewhere', 'agranulocytosis', 'pulmonary eosinophilia', 'disorders of continuity of bone']","[73, 1041, 9, 0, 903, 6, 0, 330, 4, 15]",238.1
1124,451,Bevacizumab,"['I31', 'I20', 'I21']","['diseases of pericardium', 'angina pectoris', 'acute myocardial infarction']","[6, 19]",12.5
1125,253,Somatostatin,"['E79', 'M16', 'M87']","['disorders of purine and pyrimidine metabolism', 'coxarthrosis [arthrosis of hip]', 'osteonecrosis']","[385, 2, 2]",129.66666666666666
1126,222_294,Entacapone,"['G93', 'I46']","['disorders of brain', 'cardiac arrest']",[145],145.0
1127,205,Aminophenazone,"['D52', 'J41', 'L71', 'F17', 'J42', 'J13', 'J39', 'K04', 'K08', 'K12', 'L08', 'N62']","['folate deficiency anaemia', 'simple and mucopurulent chronic bronchitis', 'rosacea', 'mental and behavioural disorders due to use of tobacco', 'chronic bronchitis', 'pneumonia due to streptococcus pneumoniae', 'diseases of upper respiratory tract', 'diseases of pulp and periapical tissues', 'disorders of teeth and supporting structures', 'stomatitis and related lesions', 'local infections of skin and subcutaneous tissue', 'hypertrophy of breast']","[0, 0, 1, 0, 3, 1, 1, 0, 138, 55, 10, 0]",17.416666666666668
1128,392,Lumacaftor,"['I77', 'H57', 'I70', 'I73', 'I74', 'L03']","['disorders of arteries and arterioles', 'disorders of eye and adnexa', 'atherosclerosis', 'peripheral vascular diseases', 'arterial embolism and thrombosis', 'cellulitis']","[5, 2, 1, 0, 0, 0]",1.3333333333333333
1129,190,Itraconazole,"['M54', 'G54', 'L50', 'M71', 'M76']","['dorsalgia', 'nerve root and plexus disorders', 'urticaria', 'bursopathies', 'enthesopathies of lower limb, excluding foot']","[27, 1, 10, 0, 0]",7.6
1130,457,Camphor,"['M16', 'M41', 'M42', 'M43', 'M87']","['coxarthrosis [arthrosis of hip]', 'scoliosis', 'spinal osteochondrosis', 'deforming dorsopathies', 'osteonecrosis']","[0, 1, 0, 0, 1]",0.4
1131,110,Rolapitant,"['N18', 'D64']","['chronic renal failure', 'anaemias']","[0, 1]",0.5
1132,3,Methyldopa,"['H73', 'K92']","['disorders of tympanic membrane', 'diseases of digestive system']","[0, 164]",82.0
1133,414,Nalbuphine,"['K83', 'K85', 'K86', 'B18', 'C22', 'C24', 'C25']","['diseases of biliary tract', 'acute pancreatitis', 'diseases of pancreas', 'chronic viral hepatitis', 'malignant neoplasm of liver and intrahepatic bile ducts', 'malignant neoplasm of parts of biliary tract', 'malignant neoplasm of pancreas']","[7, 3, 2, 0, 1, 0, 0]",1.8571428571428572
1134,125,Infliximab,"['K29', 'K31', 'K51', 'K58', 'K59']","['gastritis and duodenitis', 'diseases of stomach and duodenum', 'ulcerative colitis', 'irritable bowel syndrome', 'functional intestinal disorders']","[98, 72, 3598, 16, 2595]",1275.8
1135,398,Sumatriptan,"['I31', 'G60', 'H57', 'I50', 'D52', 'F09', 'I13', 'I25', 'I99', 'J01', 'J41', 'M46']","['diseases of pericardium', 'hereditary and idiopathic neuropathy', 'disorders of eye and adnexa', 'heart failure', 'folate deficiency anaemia', 'organic or symptomatic mental disorder', 'hypertensive heart and renal disease', 'chronic ischaemic heart disease', 'disorders of circulatory system', 'acute sinusitis', 'simple and mucopurulent chronic bronchitis', 'inflammatory spondylopathies']","[0, 2, 16, 4, 0, 38, 20, 2, 136, 9, 0, 4]",19.25
1136,270,L-Citrulline,"['A49', 'K29', 'K50', 'K51', 'K75', 'D73', 'E61', 'L50', 'N62']","['bacterial infection of site', 'gastritis and duodenitis', ""crohn's disease [regional enteritis]"", 'ulcerative colitis', 'inflammatory liver diseases', 'diseases of spleen', 'deficiency of nutrient elements', 'urticaria', 'hypertrophy of breast']","[10, 58, 24, 32, 30, 7, 3, 1, 0]",18.333333333333332
1137,443,Tasosartan,"['D75', 'D64', 'D68', 'E21', 'E83']","['diseases of blood and blood-forming organs', 'anaemias', 'coagulation defects', 'hyperparathyroidism and disorders of parathyroid gland', 'disorders of mineral metabolism']","[2, 0, 0, 0]",0.5
1138,299,Glycerol Phenylbutyrate,"['G47', 'J30', 'F51']","['sleep disorders', 'vasomotor and allergic rhinitis', 'sleep disorders']","[0, 0, 0]",0.0
1139,228,Doxercalciferol,"['J41', 'J44', 'J47', 'G61', 'H10', 'J40', 'J82']","['simple and mucopurulent chronic bronchitis', 'chronic obstructive pulmonary disease', 'bronchiectasis', 'inflammatory polyneuropathy', 'conjunctivitis', 'bronchitis', 'pulmonary eosinophilia']","[0, 0, 0, 0, 0, 0, 0]",0.0
1140,451,Benzatropine,"['I31', 'I20', 'I21']","['diseases of pericardium', 'angina pectoris', 'acute myocardial infarction']",[0],0.0
1141,200,Antithrombin Alfa,"['F09', 'F63', 'F03', 'F10', 'G31', 'L21', 'D52', 'E51', 'E53', 'I62', 'J39', 'K02', 'K12', 'M46']","['organic or symptomatic mental disorder', 'habit and impulse disorders', 'dementia', 'mental and behavioural disorders due to use of alcohol', 'degenerative diseases of nervous system', 'seborrhoeic dermatitis', 'folate deficiency anaemia', 'thiamine deficiency', 'deficiency of b group vitamins', 'nontraumatic intracranial haemorrhage', 'diseases of upper respiratory tract', 'dental caries', 'stomatitis and related lesions', 'inflammatory spondylopathies']","[0, 0, 0, 1, 0, 0, 0, 0, 0, 2, 0, 0, 0, 0]",0.21428571428571427
1142,239,Certolizumab pegol,"['K76', 'A04', 'D61', 'E55', 'K46', 'K55', 'K75']","['diseases of liver', 'bacterial intestinal infections', 'aplastic anaemias', 'vitamin d deficiency', 'abdominal hernia', 'vascular disorders of intestine', 'inflammatory liver diseases']","[0, 0, 0, 0, 2, 19]",3.5
1143,47,Dasabuvir,"['N12', 'N39']","['tubulo-interstitial nephritis', 'disorders of urinary system']","[0, 0]",0.0
1144,55,Hydroquinone,"['F11', 'F13', 'F19']","['mental and behavioural disorders due to use of opioids', 'mental and behavioural disorders due to use of sedatives or hypnotics', 'mental and behavioural disorders due to multiple drug use and use of psychoactive substances']","[0, 56, 4]",20.0
1145,10,Sulconazole,"['J20', 'J30', 'J42', 'L30', 'D80']","['acute bronchitis', 'vasomotor and allergic rhinitis', 'chronic bronchitis', 'dermatitis', 'immunodeficiency with antibody defects']","[0, 0, 0, 8, 0]",1.6
1146,351,Ibudilast,"['A02', 'A48', 'A69', 'B07', 'B36', 'B44', 'B49', 'B86', 'C11', 'C26', 'C41', 'C45', 'C50', 'C60', 'C66', 'C69', 'C76', 'C84', 'C88', 'D03', 'D07', 'D31', 'D34', 'D51', 'D89', 'E07', 'E22', 'E23', 'E27', 'E46', 'E74', 'E85', 'F52', 'G24', 'G52', 'G90', 'G92', 'H21', 'H31', 'H55', 'H61', 'J02', 'J11', 'J12', 'J61', 'K11', 'K41', 'L25', 'L60', 'L80', 'L81', 'M12', 'M60', 'N11', 'N34', 'N36', 'N50']","['salmonella infections', 'bacterial diseases', 'spirochaetal infections', 'viral warts', 'superficial mycoses', 'aspergillosis', 'mycosis', 'scabies', 'malignant neoplasm of nasopharynx', 'malignant neoplasm of ill-defined digestive organs', 'malignant neoplasm of bone and articular cartilage of sites', 'mesothelioma', 'malignant neoplasm of breast', 'malignant neoplasm of penis', 'malignant neoplasm of ureter', 'malignant neoplasm of eye and adnexa', 'malignant neoplasm of ill-defined sites', 'peripheral and cutaneous t-cell lymphomas', 'malignant immunoproliferative diseases', 'melanoma in situ', 'carcinoma in situ of genital organs', 'benign neoplasm of eye and adnexa', 'benign neoplasm of thyroid gland', 'vitamin b12 deficiency anaemia', 'disorders involving the immune mechanism', 'disorders of thyroid', 'hyperfunction of pituitary gland', 'hypofunction and disorders of pituitary gland', 'disorders of adrenal gland', 'protein-energy malnutrition', 'disorders of carbohydrate metabolism', 'amyloidosis', 'sexual dysfunction', 'dystonia', 'disorders of cranial nerves', 'disorders of autonomic nervous system', 'toxic encephalopathy', 'disorders of iris and ciliary body', 'disorders of choroid', 'nystagmus and irregular eye movements', 'disorders of external ear', 'acute pharyngitis', 'influenza virus', 'viral pneumonia', 'pneumoconiosis due to asbestos and mineral fibres', 'diseases of salivary glands', 'femoral hernia', 'contact dermatitis', 'nail disorders', 'vitiligo', 'disorders of pigmentation', 'specific arthropathies', 'myositis', 'chronic tubulo-interstitial nephritis', 'urethritis and urethral syndrome', 'disorders of urethra', 'disorders of male genital organs']","[0, 2, 0, 0, 0, 0, 1, 0, 0, 0, 1, 0, 0, 0, 0, 0, 0, 30, 0, 0, 0, 0, 0, 0, 2, 0, 0, 0, 0, 0, 0, 0, 0, 0, 2, 0, 3, 1, 0, 0, 0, 0, 0, 0, 0, 0, 0, 0, 0, 1, 1, 0, 0, 0, 0, 0]",0.7857142857142857
1147,291,Promazine,"['L89', 'N08', 'E11', 'E55', 'G61', 'I13', 'I33', 'L28']","['decubitus ulcer', 'glomerular disorders in diseases classified elsewhere', 'non-insulin-dependent diabetes mellitus', 'vitamin d deficiency', 'inflammatory polyneuropathy', 'hypertensive heart and renal disease', 'acute and subacute endocarditis', 'lichen simplex chronicus and prurigo']","[0, 0, 0, 0, 0, 3, 0, 0]",0.375
1148,394,Hyaluronidase (Human Recombinant),"['B36', 'D34', 'E72', 'F09', 'G90', 'I10', 'I30', 'I33', 'I60', 'I78', 'J13', 'J30', 'K73', 'L08', 'L21', 'L23', 'L29', 'L71', 'L85', 'N02', 'N04', 'C74', 'E26', 'E29', 'G37', 'G96', 'H72', 'I68', 'J35', 'K09', 'L70', 'M14', 'N03', 'N49']","['superficial mycoses', 'benign neoplasm of thyroid gland', 'disorders of amino-acid metabolism', 'organic or symptomatic mental disorder', 'disorders of autonomic nervous system', 'essential (primary) hypertension', 'acute pericarditis', 'acute and subacute endocarditis', 'subarachnoid haemorrhage', 'diseases of capillaries', 'pneumonia due to streptococcus pneumoniae', 'vasomotor and allergic rhinitis', 'chronic hepatitis', 'local infections of skin and subcutaneous tissue', 'seborrhoeic dermatitis', 'allergic contact dermatitis', 'pruritus', 'rosacea', 'epidermal thickening', 'recurrent and persistent haematuria', 'nephrotic syndrome', 'malignant neoplasm of adrenal gland', 'hyperaldosteronism', 'testicular dysfunction', 'demyelinating diseases of central nervous system', 'disorders of central nervous system', 'perforation of tympanic membrane', 'cerebrovascular disorders in diseases classified elsewhere', 'chronic diseases of tonsils and adenoids', 'cysts of oral region', 'acne', 'arthropathies in diseases classified elsewhere', 'chronic nephritic syndrome', 'inflammatory disorders of male genital organs']","[0, 1, 3, 1, 0, 0, 0, 0, 0, 1, 0, 0, 0, 25, 0, 0, 2, 0, 0, 15, 0, 0, 0, 0, 0, 2, 0, 0, 0, 0, 0, 0, 0, 0]",1.4705882352941178
1149,383,Lomitapide,"['G60', 'H57', 'F09', 'I25', 'I99', 'J01', 'J41', 'M46']","['hereditary and idiopathic neuropathy', 'disorders of eye and adnexa', 'organic or symptomatic mental disorder', 'chronic ischaemic heart disease', 'disorders of circulatory system', 'acute sinusitis', 'simple and mucopurulent chronic bronchitis', 'inflammatory spondylopathies']","[4, 4, 1, 1, 10, 0, 0, 0]",2.5
1150,119,Phenformin,"['F70', 'D75', 'D52', 'F10', 'F22', 'G31', 'L21', 'C10', 'C13', 'E53', 'H10', 'I86', 'N62']","['mild mental retardation', 'diseases of blood and blood-forming organs', 'folate deficiency anaemia', 'mental and behavioural disorders due to use of alcohol', 'persistent delusional disorders', 'degenerative diseases of nervous system', 'seborrhoeic dermatitis', 'malignant neoplasm of oropharynx', 'malignant neoplasm of hypopharynx', 'deficiency of b group vitamins', 'conjunctivitis', 'varicose veins of specified sites', 'hypertrophy of breast']","[0, 145, 0, 6, 0, 0, 0, 0, 0, 1, 0, 0, 0]",11.692307692307692
1151,54,Zafirlukast,"['E87', 'F10', 'F17']","['disorders of fluid, electrolyte and acid-base balance', 'mental and behavioural disorders due to use of alcohol', 'mental and behavioural disorders due to use of tobacco']","[2, 1, 0]",1.0
1152,72,Buspirone,"['N18', 'D64', 'N19']","['chronic renal failure', 'anaemias', 'renal failure']","[2, 0, 3]",1.6666666666666667
1153,411,Bosentan,"['G31', 'F10', 'F43']","['degenerative diseases of nervous system', 'mental and behavioural disorders due to use of alcohol', 'reaction to severe stress, and adjustment disorders']","[1, 0, 1]",0.6666666666666666
1154,413,Guanfacine,"['K83', 'B18', 'C22', 'C24']","['diseases of biliary tract', 'chronic viral hepatitis', 'malignant neoplasm of liver and intrahepatic bile ducts', 'malignant neoplasm of parts of biliary tract']","[0, 0, 0, 0]",0.0
1155,394,Blinatumomab,"['B36', 'D34', 'E72', 'F09', 'G90', 'I10', 'I30', 'I33', 'I60', 'I78', 'J13', 'J30', 'K73', 'L08', 'L21', 'L23', 'L29', 'L71', 'L85', 'N02', 'N04', 'C74', 'E26', 'E29', 'G37', 'G96', 'H72', 'I68', 'J35', 'K09', 'L70', 'M14', 'N03', 'N49']","['superficial mycoses', 'benign neoplasm of thyroid gland', 'disorders of amino-acid metabolism', 'organic or symptomatic mental disorder', 'disorders of autonomic nervous system', 'essential (primary) hypertension', 'acute pericarditis', 'acute and subacute endocarditis', 'subarachnoid haemorrhage', 'diseases of capillaries', 'pneumonia due to streptococcus pneumoniae', 'vasomotor and allergic rhinitis', 'chronic hepatitis', 'local infections of skin and subcutaneous tissue', 'seborrhoeic dermatitis', 'allergic contact dermatitis', 'pruritus', 'rosacea', 'epidermal thickening', 'recurrent and persistent haematuria', 'nephrotic syndrome', 'malignant neoplasm of adrenal gland', 'hyperaldosteronism', 'testicular dysfunction', 'demyelinating diseases of central nervous system', 'disorders of central nervous system', 'perforation of tympanic membrane', 'cerebrovascular disorders in diseases classified elsewhere', 'chronic diseases of tonsils and adenoids', 'cysts of oral region', 'acne', 'arthropathies in diseases classified elsewhere', 'chronic nephritic syndrome', 'inflammatory disorders of male genital organs']","[0, 0, 1, 2, 0, 0, 0, 0, 3, 0, 0, 1, 0, 0, 0, 0, 0, 0, 240, 1, 0, 0, 0, 0, 34, 0, 0, 0, 0, 0, 0, 0, 0]",8.545454545454545
1156,255,Eltrombopag,"['M77', 'M76']","['enthesopathies', 'enthesopathies of lower limb, excluding foot']","[0, 0]",0.0
1157,307,Olsalazine,"['J31', 'K45', 'E66', 'G62', 'G61', 'H16', 'L71', 'M93']","['chronic rhinitis, nasopharyngitis and pharyngitis', 'abdominal hernia', 'obesity', 'polyneuropathies', 'inflammatory polyneuropathy', 'keratitis', 'rosacea', 'osteochondropathies']","[0, 0, 0, 0, 0, 0, 0, 0]",0.0
1158,222_294,Dextropropoxyphene,"['G93', 'I46']","['disorders of brain', 'cardiac arrest']","[13, 12]",12.5
1159,222_294,Mersalyl,"['G93', 'I46']","['disorders of brain', 'cardiac arrest']","[1, 0]",0.5
1160,82_87,Dacarbazine,"['F20', 'F25']","['schizophrenia', 'schizoaffective disorders']","[0, 5]",2.5
1161,366,Miconazole,"['C91', 'C82', 'C83', 'C85', 'D72', 'D80']","['lymphoid leukaemia', ""follicular [nodular] non-hodgkin's lymphoma"", ""diffuse non-hodgkin's lymphoma"", ""specified types of non-hodgkin's lymphoma"", 'disorders of white blood cells', 'immunodeficiency with antibody defects']","[0, 0, 0, 8, 0]",1.6
1162,161,Phenytoin,"['M17', 'M66', 'M71', 'M93']","['gonarthrosis [arthrosis of knee]', 'spontaneous rupture of synovium and tendon', 'bursopathies', 'osteochondropathies']","[1, 14, 0, 0]",3.75
1163,163,Folic Acid,"['M25', 'M66', 'M87']","['joint disorders', 'spontaneous rupture of synovium and tendon', 'osteonecrosis']","[726, 20, 7]",251.0
1164,232,Desogestrel,"['K20', 'K22', 'K21', 'K25', 'K26', 'K44']","['oesophagitis', 'diseases of oesophagus', 'gastro-oesophageal reflux disease', 'gastric ulcer', 'duodenal ulcer', 'diaphragmatic hernia']","[1, 1, 0, 0, 0]",0.4
1165,458,Chlorambucil,"['M19', 'M25', 'M75']","['arthrosis', 'joint disorders', 'shoulder lesions']","[256, 258, 1]",171.66666666666666
1166,436,Lovastatin,"['H02', 'C44', 'D22', 'D23', 'L57', 'L82']","['disorders of eyelid', 'malignant neoplasms of skin', 'melanocytic naevi', 'benign neoplasms of skin', 'skin changes due to chronic exposure to nonionising radiation', 'seborrhoeic keratosis']","[4, 55, 0, 37, 0, 0]",16.0
1167,329,Vilazodone,"['C44', 'L57', 'D23']","['malignant neoplasms of skin', 'skin changes due to chronic exposure to nonionising radiation', 'benign neoplasms of skin']","[0, 0, 0]",0.0
1168,119,Ketoconazole,"['F70', 'D75', 'D52', 'F10', 'F22', 'G31', 'L21', 'C10', 'C13', 'E53', 'H10', 'I86', 'N62']","['mild mental retardation', 'diseases of blood and blood-forming organs', 'folate deficiency anaemia', 'mental and behavioural disorders due to use of alcohol', 'persistent delusional disorders', 'degenerative diseases of nervous system', 'seborrhoeic dermatitis', 'malignant neoplasm of oropharynx', 'malignant neoplasm of hypopharynx', 'deficiency of b group vitamins', 'conjunctivitis', 'varicose veins of specified sites', 'hypertrophy of breast']","[0, 439, 0, 7, 0, 0, 201, 6, 0, 0, 14, 0, 0]",51.30769230769231
1169,233,Guanfacine,"['K25', 'K26']","['gastric ulcer', 'duodenal ulcer']","[1, 0]",0.5
1170,303,Homatropine Methylbromide,"['G40', 'G41', 'F01', 'F71']","['epilepsy', 'status epilepticus', 'vascular dementia', 'moderate mental retardation']","[1, 0, 0, 0]",0.25
1171,85,Prasterone,"['F41', 'F45']","['anxiety disorders', 'somatoform disorders']","[159, 3]",81.0
1172,417,Glutathione,"['L84', 'N25', 'N18']","['corns and callosities', 'disorders resulting from impaired renal tubular function', 'chronic renal failure']","[4, 23, 521]",182.66666666666666
1173,23,Chlorambucil,"['E88', 'F79', 'G25', 'G41', 'I47', 'J69', 'G40', 'J96']","['metabolic disorders', 'mental retardation', 'extrapyramidal and movement disorders', 'status epilepticus', 'paroxysmal tachycardia', 'pneumonitis due to solids and liquids', 'epilepsy', 'respiratory failure']","[130, 0, 4, 0, 0, 83, 15, 12]",30.5
1174,129,Melperone,"['F17', 'G45', 'J15', 'J20', 'J93', 'L05']","['mental and behavioural disorders due to use of tobacco', 'transient cerebral ischaemic attacks and related syndromes', 'bacterial pneumonia', 'acute bronchitis', 'pneumothorax', 'pilonidal cyst']","[0, 5, 0, 0, 0, 0]",0.8333333333333334
1175,457,Chlorphenamine,"['M16', 'M41', 'M42', 'M43', 'M87']","['coxarthrosis [arthrosis of hip]', 'scoliosis', 'spinal osteochondrosis', 'deforming dorsopathies', 'osteonecrosis']","[0, 0, 0, 0]",0.0
1176,261,Fenoldopam,"['N25', 'N18', 'A04', 'B02', 'N03']","['disorders resulting from impaired renal tubular function', 'chronic renal failure', 'bacterial intestinal infections', 'zoster [herpes zoster]', 'chronic nephritic syndrome']","[1, 37, 0, 0, 0]",7.6
1177,112,Nevirapine,"['B16', 'B18', 'K73', 'C22']","['acute hepatitis b', 'chronic viral hepatitis', 'chronic hepatitis', 'malignant neoplasm of liver and intrahepatic bile ducts']","[2, 30, 58, 6]",24.0
1178,56,Fluconazole,"['F32', 'F33', 'F41', 'F45']","['depressive episode', 'recurrent depressive disorder', 'anxiety disorders', 'somatoform disorders']","[2, 0, 4, 1]",1.75
1179,54,Lornoxicam,"['E87', 'F10', 'F17']","['disorders of fluid, electrolyte and acid-base balance', 'mental and behavioural disorders due to use of alcohol', 'mental and behavioural disorders due to use of tobacco']","[0, 0, 0]",0.0
1180,244,Glimepiride,"['L71', 'K70', 'D53', 'F05', 'G31']","['rosacea', 'alcoholic liver disease', 'nutritional anaemias', 'delirium', 'degenerative diseases of nervous system']","[0, 8, 0, 0, 0]",1.6
1181,411,Gadoxetic acid,"['G31', 'F10', 'F43']","['degenerative diseases of nervous system', 'mental and behavioural disorders due to use of alcohol', 'reaction to severe stress, and adjustment disorders']","[0, 0, 0]",0.0
1182,334,Hydrochlorothiazide,"['L28', 'K76', 'D73', 'E51', 'M89']","['lichen simplex chronicus and prurigo', 'diseases of liver', 'diseases of spleen', 'thiamine deficiency', 'disorders of bone']","[141, 1, 1, 42]",46.25
1183,110,Bexarotene,"['N18', 'D64']","['chronic renal failure', 'anaemias']","[1, 8]",4.5
1184,373,Olmesartan,"['E10', 'E13', 'E16', 'I79']","['insulin-dependent diabetes mellitus', 'specified diabetes mellitus', 'disorders of pancreatic internal secretion', 'disorders of arteries, arterioles and capillaries in diseases classified elsewhere']","[6, 1, 0, 3]",2.5
1185,134,Repaglinide,"['M42', 'M51', 'M54', 'G54', 'M62']","['spinal osteochondrosis', 'intervertebral disk disorders', 'dorsalgia', 'nerve root and plexus disorders', 'disorders of muscle']","[0, 0, 0, 0, 11]",2.2
1186,10,Ferrous sulfate,"['J20', 'J30', 'J42', 'L30', 'D80']","['acute bronchitis', 'vasomotor and allergic rhinitis', 'chronic bronchitis', 'dermatitis', 'immunodeficiency with antibody defects']","[1, 3, 0, 26, 0]",6.0
1187,2,Terlipressin,"['A04', 'A08', 'F50']","['bacterial intestinal infections', 'viral and specified intestinal infections', 'eating disorders']","[7, 9, 0]",5.333333333333333
1188,373,Alclometasone,"['E10', 'E13', 'E16', 'I79']","['insulin-dependent diabetes mellitus', 'specified diabetes mellitus', 'disorders of pancreatic internal secretion', 'disorders of arteries, arterioles and capillaries in diseases classified elsewhere']","[0, 0, 0, 0]",0.0
1189,379,Digoxin,"['F13', 'F33', 'F41', 'F43', 'F45', 'F32']","['mental and behavioural disorders due to use of sedatives or hypnotics', 'recurrent depressive disorder', 'anxiety disorders', 'reaction to severe stress, and adjustment disorders', 'somatoform disorders', 'depressive episode']","[259, 4, 10, 7, 1, 13]",49.0
1190,77,Aprobarbital,"['F11', 'F13', 'F19', 'B18', 'B24', 'F14', 'F15']","['mental and behavioural disorders due to use of opioids', 'mental and behavioural disorders due to use of sedatives or hypnotics', 'mental and behavioural disorders due to multiple drug use and use of psychoactive substances', 'chronic viral hepatitis', 'human immunodeficiency virus [hiv] disease', 'mental and behavioural disorders due to use of cocaine', 'mental and behavioural disorders due to use of stimulants, including caffeine']","[0, 13, 0, 0, 0, 0, 0]",1.8571428571428572
1191,82_87,Aminophenazone,"['F20', 'F25']","['schizophrenia', 'schizoaffective disorders']","[4, 4]",4.0
1192,77,Vandetanib,"['F11', 'F13', 'F19', 'B18', 'B24', 'F14', 'F15']","['mental and behavioural disorders due to use of opioids', 'mental and behavioural disorders due to use of sedatives or hypnotics', 'mental and behavioural disorders due to multiple drug use and use of psychoactive substances', 'chronic viral hepatitis', 'human immunodeficiency virus [hiv] disease', 'mental and behavioural disorders due to use of cocaine', 'mental and behavioural disorders due to use of stimulants, including caffeine']","[0, 2, 0, 0, 0, 0, 0]",0.2857142857142857
1193,299,Memantine,"['G47', 'J30', 'F51']","['sleep disorders', 'vasomotor and allergic rhinitis', 'sleep disorders']","[57, 1, 57]",38.333333333333336
1194,176,Bromazepam,"['K74', 'I85', 'C22', 'K31', 'K72', 'B99']","['fibrosis and cirrhosis of liver', 'oesophageal varices', 'malignant neoplasm of liver and intrahepatic bile ducts', 'diseases of stomach and duodenum', 'hepatic failure', 'infectious diseases']","[2, 0, 2, 3, 1, 0]",1.3333333333333333
1195,75,Ginseng,"['E78', 'E79']","['disorders of lipoprotein metabolism and lipidaemias', 'disorders of purine and pyrimidine metabolism']","[59, 157]",108.0
1196,392,Romidepsin,"['I77', 'H57', 'I70', 'I73', 'I74', 'L03']","['disorders of arteries and arterioles', 'disorders of eye and adnexa', 'atherosclerosis', 'peripheral vascular diseases', 'arterial embolism and thrombosis', 'cellulitis']","[2, 1, 2, 1, 2, 1]",1.5
1197,238,Phenelzine,"['K25', 'K26', 'K70', 'D52', 'D62', 'F05']","['gastric ulcer', 'duodenal ulcer', 'alcoholic liver disease', 'folate deficiency anaemia', 'acute posthaemorrhagic anaemia', 'delirium']","[0, 0, 1, 0, 0, 9]",1.6666666666666667
1198,291,Bosutinib,"['L89', 'N08', 'E11', 'E55', 'G61', 'I13', 'I33', 'L28']","['decubitus ulcer', 'glomerular disorders in diseases classified elsewhere', 'non-insulin-dependent diabetes mellitus', 'vitamin d deficiency', 'inflammatory polyneuropathy', 'hypertensive heart and renal disease', 'acute and subacute endocarditis', 'lichen simplex chronicus and prurigo']","[0, 0, 0, 0, 0, 38, 0, 0]",4.75
1199,119,Paramethasone,"['F70', 'D75', 'D52', 'F10', 'F22', 'G31', 'L21', 'C10', 'C13', 'E53', 'H10', 'I86', 'N62']","['mild mental retardation', 'diseases of blood and blood-forming organs', 'folate deficiency anaemia', 'mental and behavioural disorders due to use of alcohol', 'persistent delusional disorders', 'degenerative diseases of nervous system', 'seborrhoeic dermatitis', 'malignant neoplasm of oropharynx', 'malignant neoplasm of hypopharynx', 'deficiency of b group vitamins', 'conjunctivitis', 'varicose veins of specified sites', 'hypertrophy of breast']","[0, 16, 0, 0, 0, 0, 0, 0, 0, 2, 0, 0]",1.5
1200,382,Perhexiline,"['F32', 'G20', 'G35', 'F48', 'K02', 'N48']","['depressive episode', ""parkinson's disease"", 'multiple sclerosis', 'neurotic disorders', 'dental caries', 'disorders of penis']","[0, 3, 0, 0, 0, 0]",0.5
1201,299,Acetyl sulfisoxazole,"['G47', 'J30', 'F51']","['sleep disorders', 'vasomotor and allergic rhinitis', 'sleep disorders']","[0, 0, 0]",0.0
1202,72,Etizolam,"['N18', 'D64', 'N19']","['chronic renal failure', 'anaemias', 'renal failure']","[0, 0, 1]",0.3333333333333333
1203,410,Quazepam,"['I85', 'K70', 'K72', 'K74']","['oesophageal varices', 'alcoholic liver disease', 'hepatic failure', 'fibrosis and cirrhosis of liver']","[0, 0, 0, 0]",0.0
1204,3,Diethylstilbestrol,"['H73', 'K92']","['disorders of tympanic membrane', 'diseases of digestive system']","[0, 39]",19.5
1205,200,Delafloxacin,"['F09', 'F63', 'F03', 'F10', 'G31', 'L21', 'D52', 'E51', 'E53', 'I62', 'J39', 'K02', 'K12', 'M46']","['organic or symptomatic mental disorder', 'habit and impulse disorders', 'dementia', 'mental and behavioural disorders due to use of alcohol', 'degenerative diseases of nervous system', 'seborrhoeic dermatitis', 'folate deficiency anaemia', 'thiamine deficiency', 'deficiency of b group vitamins', 'nontraumatic intracranial haemorrhage', 'diseases of upper respiratory tract', 'dental caries', 'stomatitis and related lesions', 'inflammatory spondylopathies']","[3, 0, 0, 0, 0, 0, 0, 0, 0, 0, 0, 0, 0]",0.23076923076923078
1206,18,Atomoxetine,"['E66', 'E78', 'F17', 'I10', 'K76']","['obesity', 'disorders of lipoprotein metabolism and lipidaemias', 'mental and behavioural disorders due to use of tobacco', 'essential (primary) hypertension', 'diseases of liver']","[25, 1, 10, 0, 17]",10.6
1207,272,Antithrombin Alfa,"['B16', 'K73', 'B18', 'C22', 'F19']","['acute hepatitis b', 'chronic hepatitis', 'chronic viral hepatitis', 'malignant neoplasm of liver and intrahepatic bile ducts', 'mental and behavioural disorders due to multiple drug use and use of psychoactive substances']","[0, 2, 2, 1, 1]",1.2
1208,394,Tegaserod,"['B36', 'D34', 'E72', 'F09', 'G90', 'I10', 'I30', 'I33', 'I60', 'I78', 'J13', 'J30', 'K73', 'L08', 'L21', 'L23', 'L29', 'L71', 'L85', 'N02', 'N04', 'C74', 'E26', 'E29', 'G37', 'G96', 'H72', 'I68', 'J35', 'K09', 'L70', 'M14', 'N03', 'N49']","['superficial mycoses', 'benign neoplasm of thyroid gland', 'disorders of amino-acid metabolism', 'organic or symptomatic mental disorder', 'disorders of autonomic nervous system', 'essential (primary) hypertension', 'acute pericarditis', 'acute and subacute endocarditis', 'subarachnoid haemorrhage', 'diseases of capillaries', 'pneumonia due to streptococcus pneumoniae', 'vasomotor and allergic rhinitis', 'chronic hepatitis', 'local infections of skin and subcutaneous tissue', 'seborrhoeic dermatitis', 'allergic contact dermatitis', 'pruritus', 'rosacea', 'epidermal thickening', 'recurrent and persistent haematuria', 'nephrotic syndrome', 'malignant neoplasm of adrenal gland', 'hyperaldosteronism', 'testicular dysfunction', 'demyelinating diseases of central nervous system', 'disorders of central nervous system', 'perforation of tympanic membrane', 'cerebrovascular disorders in diseases classified elsewhere', 'chronic diseases of tonsils and adenoids', 'cysts of oral region', 'acne', 'arthropathies in diseases classified elsewhere', 'chronic nephritic syndrome', 'inflammatory disorders of male genital organs']","[0, 0, 3, 13, 5, 0, 0, 0, 0, 0, 0, 0, 0, 0, 1, 0, 0, 0, 12, 0, 1, 0, 0, 0, 16, 0, 0, 0, 0, 0, 0, 0, 0]",1.5454545454545454
1209,364,Macitentan,"['C65', 'C67', 'C68', 'N30', 'C66']","['malignant neoplasm of renal pelvis', 'malignant neoplasm of bladder', 'malignant neoplasm of urinary organs', 'cystitis', 'malignant neoplasm of ureter']","[0, 0, 0, 0, 0]",0.0
1210,378,Collagenase clostridium histolyticum,"['F10', 'F13', 'F31', 'F60', 'G31', 'D53', 'E51', 'K08']","['mental and behavioural disorders due to use of alcohol', 'mental and behavioural disorders due to use of sedatives or hypnotics', 'bipolar affective disorder', 'specific personality disorders', 'degenerative diseases of nervous system', 'nutritional anaemias', 'thiamine deficiency', 'disorders of teeth and supporting structures']","[2, 9, 0, 0, 1, 0, 0, 362]",46.75
1211,217,Reboxetine,"['I20', 'I21', 'I25', 'B00']","['angina pectoris', 'acute myocardial infarction', 'chronic ischaemic heart disease', 'herpesviral [herpes simplex] infections']","[0, 0, 0, 0]",0.0
1212,85,Ethinyl Estradiol,"['F41', 'F45']","['anxiety disorders', 'somatoform disorders']",[1],1.0
1213,136,Temazepam,"['H33', 'H35', 'H36', 'H34', 'H26']","['retinal detachments and breaks', 'retinal disorders', 'retinal disorders in diseases classified elsewhere', 'retinal vascular occlusions', 'cataract']","[3, 2, 0, 0, 0]",1.0
1214,310,Oxamniquine,"['H40', 'H47']","['glaucoma', 'disorders of optic [2nd] nerve and visual pathways']","[1, 0]",0.5
1215,110,Thrombin Alfa,"['N18', 'D64']","['chronic renal failure', 'anaemias']","[0, 2]",1.0
1216,394,Telaprevir,"['B36', 'D34', 'E72', 'F09', 'G90', 'I10', 'I30', 'I33', 'I60', 'I78', 'J13', 'J30', 'K73', 'L08', 'L21', 'L23', 'L29', 'L71', 'L85', 'N02', 'N04', 'C74', 'E26', 'E29', 'G37', 'G96', 'H72', 'I68', 'J35', 'K09', 'L70', 'M14', 'N03', 'N49']","['superficial mycoses', 'benign neoplasm of thyroid gland', 'disorders of amino-acid metabolism', 'organic or symptomatic mental disorder', 'disorders of autonomic nervous system', 'essential (primary) hypertension', 'acute pericarditis', 'acute and subacute endocarditis', 'subarachnoid haemorrhage', 'diseases of capillaries', 'pneumonia due to streptococcus pneumoniae', 'vasomotor and allergic rhinitis', 'chronic hepatitis', 'local infections of skin and subcutaneous tissue', 'seborrhoeic dermatitis', 'allergic contact dermatitis', 'pruritus', 'rosacea', 'epidermal thickening', 'recurrent and persistent haematuria', 'nephrotic syndrome', 'malignant neoplasm of adrenal gland', 'hyperaldosteronism', 'testicular dysfunction', 'demyelinating diseases of central nervous system', 'disorders of central nervous system', 'perforation of tympanic membrane', 'cerebrovascular disorders in diseases classified elsewhere', 'chronic diseases of tonsils and adenoids', 'cysts of oral region', 'acne', 'arthropathies in diseases classified elsewhere', 'chronic nephritic syndrome', 'inflammatory disorders of male genital organs']","[0, 0, 34, 19, 0, 0, 0, 0, 0, 0, 0, 1041, 1, 1, 0, 31, 0, 0, 102, 1, 0, 0, 0, 0, 0, 0, 0, 0, 0, 0, 1, 0]",38.46875
1217,410,Glucagon recombinant,"['I85', 'K70', 'K72', 'K74']","['oesophageal varices', 'alcoholic liver disease', 'hepatic failure', 'fibrosis and cirrhosis of liver']","[0, 15, 8, 20]",10.75
1218,76,Liraglutide,"['F10', 'K70']","['mental and behavioural disorders due to use of alcohol', 'alcoholic liver disease']","[21, 218]",119.5
1219,54,Salicylic acid,"['E87', 'F10', 'F17']","['disorders of fluid, electrolyte and acid-base balance', 'mental and behavioural disorders due to use of alcohol', 'mental and behavioural disorders due to use of tobacco']","[33, 17, 1]",17.0
1220,200,Bopindolol,"['F09', 'F63', 'F03', 'F10', 'G31', 'L21', 'D52', 'E51', 'E53', 'I62', 'J39', 'K02', 'K12', 'M46']","['organic or symptomatic mental disorder', 'habit and impulse disorders', 'dementia', 'mental and behavioural disorders due to use of alcohol', 'degenerative diseases of nervous system', 'seborrhoeic dermatitis', 'folate deficiency anaemia', 'thiamine deficiency', 'deficiency of b group vitamins', 'nontraumatic intracranial haemorrhage', 'diseases of upper respiratory tract', 'dental caries', 'stomatitis and related lesions', 'inflammatory spondylopathies']","[1, 0, 0, 3, 0, 0, 0, 0, 0, 0, 0, 0, 0, 0]",0.2857142857142857
1221,205,Chlorothiazide,"['D52', 'J41', 'L71', 'F17', 'J42', 'J13', 'J39', 'K04', 'K08', 'K12', 'L08', 'N62']","['folate deficiency anaemia', 'simple and mucopurulent chronic bronchitis', 'rosacea', 'mental and behavioural disorders due to use of tobacco', 'chronic bronchitis', 'pneumonia due to streptococcus pneumoniae', 'diseases of upper respiratory tract', 'diseases of pulp and periapical tissues', 'disorders of teeth and supporting structures', 'stomatitis and related lesions', 'local infections of skin and subcutaneous tissue', 'hypertrophy of breast']","[3, 0, 1, 0, 2, 0, 0, 0, 18, 6, 1]",2.8181818181818183
1222,303,Fluvoxamine,"['G40', 'G41', 'F01', 'F71']","['epilepsy', 'status epilepticus', 'vascular dementia', 'moderate mental retardation']","[32, 4, 3]",13.0
1223,457,Halothane,"['M16', 'M41', 'M42', 'M43', 'M87']","['coxarthrosis [arthrosis of hip]', 'scoliosis', 'spinal osteochondrosis', 'deforming dorsopathies', 'osteonecrosis']","[0, 29, 0, 0, 0]",5.8
1224,427,Acetylsalicylic acid,"['N30', 'N43', 'D29', 'N10', 'N39', 'H10', 'N02', 'N40', 'N41', 'N42']","['cystitis', 'hydrocele and spermatocele', 'benign neoplasm of male genital organs', 'acute tubulo-interstitial nephritis', 'disorders of urinary system', 'conjunctivitis', 'recurrent and persistent haematuria', 'hyperplasia of prostate', 'inflammatory diseases of prostate', 'disorders of prostate']","[14, 2, 30, 3, 66, 151, 6446, 62, 24]",755.3333333333334
1225,55,Acetylcholine,"['F11', 'F13', 'F19']","['mental and behavioural disorders due to use of opioids', 'mental and behavioural disorders due to use of sedatives or hypnotics', 'mental and behavioural disorders due to multiple drug use and use of psychoactive substances']","[262, 1325, 372]",653.0
1226,200,Chlorpropamide,"['F09', 'F63', 'F03', 'F10', 'G31', 'L21', 'D52', 'E51', 'E53', 'I62', 'J39', 'K02', 'K12', 'M46']","['organic or symptomatic mental disorder', 'habit and impulse disorders', 'dementia', 'mental and behavioural disorders due to use of alcohol', 'degenerative diseases of nervous system', 'seborrhoeic dermatitis', 'folate deficiency anaemia', 'thiamine deficiency', 'deficiency of b group vitamins', 'nontraumatic intracranial haemorrhage', 'diseases of upper respiratory tract', 'dental caries', 'stomatitis and related lesions', 'inflammatory spondylopathies']","[12, 6, 0, 7, 2, 1, 0, 0, 0, 0, 0, 0, 5, 0]",2.357142857142857
1227,414,Vecuronium,"['K83', 'K85', 'K86', 'B18', 'C22', 'C24', 'C25']","['diseases of biliary tract', 'acute pancreatitis', 'diseases of pancreas', 'chronic viral hepatitis', 'malignant neoplasm of liver and intrahepatic bile ducts', 'malignant neoplasm of parts of biliary tract', 'malignant neoplasm of pancreas']","[0, 1, 0, 7, 0, 3]",1.8333333333333333
1228,79,Cerivastatin,"['B16', 'B18', 'F11', 'F12', 'F13', 'F14', 'F19', 'K73']","['acute hepatitis b', 'chronic viral hepatitis', 'mental and behavioural disorders due to use of opioids', 'mental and behavioural disorders due to use of cannabinoids', 'mental and behavioural disorders due to use of sedatives or hypnotics', 'mental and behavioural disorders due to use of cocaine', 'mental and behavioural disorders due to multiple drug use and use of psychoactive substances', 'chronic hepatitis']","[0, 0, 0, 0, 0, 1, 1]",0.2857142857142857
1229,190,Quinidine barbiturate,"['M54', 'G54', 'L50', 'M71', 'M76']","['dorsalgia', 'nerve root and plexus disorders', 'urticaria', 'bursopathies', 'enthesopathies of lower limb, excluding foot']","[0, 0, 1, 0, 0]",0.2
1230,271,Linaclotide,"['B02', 'J18', 'J86', 'B00', 'C79', 'D72', 'D73', 'M84']","['zoster [herpes zoster]', 'pneumonia, organism', 'pyothorax', 'herpesviral [herpes simplex] infections', 'secondary malignant neoplasm of specified sites', 'disorders of white blood cells', 'diseases of spleen', 'disorders of continuity of bone']","[0, 0, 0, 0, 0, 0, 0, 0]",0.0
1231,379,Ifosfamide,"['F13', 'F33', 'F41', 'F43', 'F45', 'F32']","['mental and behavioural disorders due to use of sedatives or hypnotics', 'recurrent depressive disorder', 'anxiety disorders', 'reaction to severe stress, and adjustment disorders', 'somatoform disorders', 'depressive episode']","[30, 0, 5, 1, 1]",7.4
1232,67,Demecarium,"['B20', 'B24']","['human immunodeficiency virus [hiv] disease resulting in infectious and parasitic diseases', 'human immunodeficiency virus [hiv] disease']","[0, 0]",0.0
1233,389,Sumatriptan,"['E10', 'E13', 'E16', 'H26', 'H33', 'H35', 'H36']","['insulin-dependent diabetes mellitus', 'specified diabetes mellitus', 'disorders of pancreatic internal secretion', 'cataract', 'retinal detachments and breaks', 'retinal disorders', 'retinal disorders in diseases classified elsewhere']","[0, 0, 0, 2, 7, 5, 0]",2.0
1234,451,Brigatinib,"['I31', 'I20', 'I21']","['diseases of pericardium', 'angina pectoris', 'acute myocardial infarction']","[0, 0, 0]",0.0
1235,176,Guanabenz,"['K74', 'I85', 'C22', 'K31', 'K72', 'B99']","['fibrosis and cirrhosis of liver', 'oesophageal varices', 'malignant neoplasm of liver and intrahepatic bile ducts', 'diseases of stomach and duodenum', 'hepatic failure', 'infectious diseases']","[6, 0, 1, 0, 2, 8]",2.8333333333333335
1236,129,Tropicamide,"['F17', 'G45', 'J15', 'J20', 'J93', 'L05']","['mental and behavioural disorders due to use of tobacco', 'transient cerebral ischaemic attacks and related syndromes', 'bacterial pneumonia', 'acute bronchitis', 'pneumothorax', 'pilonidal cyst']","[0, 12, 0, 0, 0]",2.4
1237,221,Hydrocortamate,"['I42', 'I50', 'I44', 'I51']","['cardiomyopathy', 'heart failure', 'atrioventricular and left bundle-branch block', 'complications and ill-defined descriptions of heart disease']","[0, 0, 0, 0]",0.0
1238,413,Technetium Tc-99m tetrofosmin,"['K83', 'B18', 'C22', 'C24']","['diseases of biliary tract', 'chronic viral hepatitis', 'malignant neoplasm of liver and intrahepatic bile ducts', 'malignant neoplasm of parts of biliary tract']","[2, 0, 8, 0]",2.5
1239,25,Dexrazoxane,"['F90', 'F91']","['hyperkinetic disorders', 'conduct disorders']","[0, 1]",0.5
1240,261,Remoxipride,"['N25', 'N18', 'A04', 'B02', 'N03']","['disorders resulting from impaired renal tubular function', 'chronic renal failure', 'bacterial intestinal infections', 'zoster [herpes zoster]', 'chronic nephritic syndrome']","[0, 0, 0, 0]",0.0
1241,228,Drospirenone,"['J41', 'J44', 'J47', 'G61', 'H10', 'J40', 'J82']","['simple and mucopurulent chronic bronchitis', 'chronic obstructive pulmonary disease', 'bronchiectasis', 'inflammatory polyneuropathy', 'conjunctivitis', 'bronchitis', 'pulmonary eosinophilia']","[0, 0, 0, 1, 0, 0, 0]",0.14285714285714285
1242,346,Aripiprazole,"['N10', 'N18', 'B02', 'B25', 'H10', 'I13', 'N05']","['acute tubulo-interstitial nephritis', 'chronic renal failure', 'zoster [herpes zoster]', 'cytomegaloviral disease', 'conjunctivitis', 'hypertensive heart and renal disease', 'minor glomerular abnormality']","[0, 7, 0, 0, 0, 31, 0]",5.428571428571429
1243,290,Estrone sulfate,"['K51', 'D73', 'J04', 'K29', 'A69', 'D16', 'D21', 'L50', 'N10', 'N62']","['ulcerative colitis', 'diseases of spleen', 'acute laryngitis and tracheitis', 'gastritis and duodenitis', 'spirochaetal infections', 'benign neoplasm of bone and articular cartilage', 'benign neoplasms of connective and soft tissue', 'urticaria', 'acute tubulo-interstitial nephritis', 'hypertrophy of breast']","[0, 0, 0, 7, 0, 9, 6, 0, 0]",2.4444444444444446
1244,72,Aprotinin,"['N18', 'D64', 'N19']","['chronic renal failure', 'anaemias', 'renal failure']","[32, 43, 208]",94.33333333333333
1245,190,Budesonide,"['M54', 'G54', 'L50', 'M71', 'M76']","['dorsalgia', 'nerve root and plexus disorders', 'urticaria', 'bursopathies', 'enthesopathies of lower limb, excluding foot']","[7, 2, 20, 0, 0]",5.8
1246,167,Memantine,"['M19', 'M24', 'M25', 'M65', 'M67', 'M75', 'M77', 'M66', 'M76']","['arthrosis', 'specific joint derangements', 'joint disorders', 'infective (teno)synovitis', 'disorders of synovium and tendon', 'shoulder lesions', 'enthesopathies', 'spontaneous rupture of synovium and tendon', 'enthesopathies of lower limb, excluding foot']","[12, 0, 17, 0, 1, 0, 0, 1, 0]",3.4444444444444446
1247,77,Omega-3 fatty acids,"['F11', 'F13', 'F19', 'B18', 'B24', 'F14', 'F15']","['mental and behavioural disorders due to use of opioids', 'mental and behavioural disorders due to use of sedatives or hypnotics', 'mental and behavioural disorders due to multiple drug use and use of psychoactive substances', 'chronic viral hepatitis', 'human immunodeficiency virus [hiv] disease', 'mental and behavioural disorders due to use of cocaine', 'mental and behavioural disorders due to use of stimulants, including caffeine']","[5, 46, 68, 13, 82, 5, 3]",31.714285714285715
1248,18,Copanlisib,"['E66', 'E78', 'F17', 'I10', 'K76']","['obesity', 'disorders of lipoprotein metabolism and lipidaemias', 'mental and behavioural disorders due to use of tobacco', 'essential (primary) hypertension', 'diseases of liver']","[0, 0, 0, 0, 3]",0.6
1249,85,Isoprenaline,"['F41', 'F45']","['anxiety disorders', 'somatoform disorders']","[67, 1]",34.0
1250,272,Chlordiazepoxide,"['B16', 'K73', 'B18', 'C22', 'F19']","['acute hepatitis b', 'chronic hepatitis', 'chronic viral hepatitis', 'malignant neoplasm of liver and intrahepatic bile ducts', 'mental and behavioural disorders due to multiple drug use and use of psychoactive substances']","[0, 0, 0, 5, 36]",8.2
1251,47,Desonide,"['N12', 'N39']","['tubulo-interstitial nephritis', 'disorders of urinary system']","[0, 0]",0.0
1252,253,Meprobamate,"['E79', 'M16', 'M87']","['disorders of purine and pyrimidine metabolism', 'coxarthrosis [arthrosis of hip]', 'osteonecrosis']","[150, 0, 0]",50.0
1253,244,Nitrazepam,"['L71', 'K70', 'D53', 'F05', 'G31']","['rosacea', 'alcoholic liver disease', 'nutritional anaemias', 'delirium', 'degenerative diseases of nervous system']","[0, 1, 0, 9, 0]",2.0
1254,310,Nonoxynol-9,"['H40', 'H47']","['glaucoma', 'disorders of optic [2nd] nerve and visual pathways']","[1, 0]",0.5
1255,54,Ketorolac,"['E87', 'F10', 'F17']","['disorders of fluid, electrolyte and acid-base balance', 'mental and behavioural disorders due to use of alcohol', 'mental and behavioural disorders due to use of tobacco']","[0, 6, 0]",2.0
1256,457,Butalbital,"['M16', 'M41', 'M42', 'M43', 'M87']","['coxarthrosis [arthrosis of hip]', 'scoliosis', 'spinal osteochondrosis', 'deforming dorsopathies', 'osteonecrosis']","[0, 0, 0, 0]",0.0
1257,190,Fluphenazine,"['M54', 'G54', 'L50', 'M71', 'M76']","['dorsalgia', 'nerve root and plexus disorders', 'urticaria', 'bursopathies', 'enthesopathies of lower limb, excluding foot']","[1, 3, 1, 0, 0]",1.0
1258,376,Itraconazole,"['E79', 'L82', 'H61', 'L21', 'M54', 'M79']","['disorders of purine and pyrimidine metabolism', 'seborrhoeic keratosis', 'disorders of external ear', 'seborrhoeic dermatitis', 'dorsalgia', 'soft tissue disorders']","[256, 3, 12, 56, 27, 49]",67.16666666666667
1259,78,Nelfinavir,"['F20', 'F12', 'F15', 'F25', 'F31']","['schizophrenia', 'mental and behavioural disorders due to use of cannabinoids', 'mental and behavioural disorders due to use of stimulants, including caffeine', 'schizoaffective disorders', 'bipolar affective disorder']","[1, 0, 0, 0, 0]",0.2
1260,272,Teriflunomide,"['B16', 'K73', 'B18', 'C22', 'F19']","['acute hepatitis b', 'chronic hepatitis', 'chronic viral hepatitis', 'malignant neoplasm of liver and intrahepatic bile ducts', 'mental and behavioural disorders due to multiple drug use and use of psychoactive substances']","[1, 0, 0, 1, 14]",3.2
1261,342,Bacitracin,"['M81', 'M80', 'M85']","['osteoporosis without pathological fracture', 'osteoporosis with pathological fracture', 'disorders of bone density and structure']","[0, 0, 342]",114.0
1262,386,Doconexent,"['H90', 'H91', 'H93', 'H16', 'H81', 'K30', 'M40', 'E78', 'F34', 'G57', 'H10', 'I06']","['conductive and sensorineural hearing loss', 'hearing loss', 'disorders of ear', 'keratitis', 'disorders of vestibular function', 'dyspepsia', 'kyphosis and lordosis', 'disorders of lipoprotein metabolism and lipidaemias', 'persistent mood [affective] disorders', 'mononeuropathies of lower limb', 'conjunctivitis', 'rheumatic aortic valve diseases']","[2, 0, 0, 0, 0, 0, 0, 0, 0, 0]",0.2
1263,57,Benzyl alcohol,"['E87', 'F10', 'F12', 'F17', 'F20', 'F60', 'F63']","['disorders of fluid, electrolyte and acid-base balance', 'mental and behavioural disorders due to use of alcohol', 'mental and behavioural disorders due to use of cannabinoids', 'mental and behavioural disorders due to use of tobacco', 'schizophrenia', 'specific personality disorders', 'habit and impulse disorders']","[4, 32, 1, 1, 1, 0, 4]",6.142857142857143
1264,247,Methylprednisolone,"['M11', 'M71', 'M93']","['crystal arthropathies', 'bursopathies', 'osteochondropathies']","[26, 0, 0]",8.666666666666666
1265,303,Nandrolone phenpropionate,"['G40', 'G41', 'F01', 'F71']","['epilepsy', 'status epilepticus', 'vascular dementia', 'moderate mental retardation']","[0, 0, 0, 0]",0.0
1266,457,Tezacaftor,"['M16', 'M41', 'M42', 'M43', 'M87']","['coxarthrosis [arthrosis of hip]', 'scoliosis', 'spinal osteochondrosis', 'deforming dorsopathies', 'osteonecrosis']","[0, 0, 0, 0, 0]",0.0
1267,367,Thiamine,"['C91', 'D80']","['lymphoid leukaemia', 'immunodeficiency with antibody defects']","[26, 0]",13.0
1268,190,Lonoctocog alfa,"['M54', 'G54', 'L50', 'M71', 'M76']","['dorsalgia', 'nerve root and plexus disorders', 'urticaria', 'bursopathies', 'enthesopathies of lower limb, excluding foot']","[0, 0, 0, 0, 0]",0.0
1269,21,Pralidoxime,"['F41', 'K02', 'K05', 'K10', 'L03']","['anxiety disorders', 'dental caries', 'gingivitis and periodontal diseases', 'diseases of jaws', 'cellulitis']","[3, 0, 0, 0, 0]",0.6
1270,438,Golimumab,"['B37', 'C34', 'C38', 'C79', 'C80', 'D48', 'D63', 'D70', 'J82', 'M84']","['candidiasis', 'malignant neoplasm of bronchus and lung', 'malignant neoplasm of heart, mediastinum and pleura', 'secondary malignant neoplasm of specified sites', 'malignant neoplasm', 'neoplasm of uncertain or unknown behaviour of sites', 'anaemia in chronic diseases classified elsewhere', 'agranulocytosis', 'pulmonary eosinophilia', 'disorders of continuity of bone']","[0, 24, 0, 50, 1, 0, 0, 1, 4]",8.88888888888889
1271,76,Celiprolol,"['F10', 'K70']","['mental and behavioural disorders due to use of alcohol', 'alcoholic liver disease']","[2, 0]",1.0
1272,225,Ledipasvir,"['D12', 'I84', 'K60', 'K64']","['benign neoplasm of colon, rectum, anus and anal canal', 'haemorrhoids', 'fissure and fistula of anal and rectal regions', 'haemorrhoids and perianal venous thrombosis']","[0, 0, 0, 0]",0.0
1273,315,Alclometasone,"['I20', 'B00', 'K04']","['angina pectoris', 'herpesviral [herpes simplex] infections', 'diseases of pulp and periapical tissues']","[0, 0, 0]",0.0
1274,191,L-Arginine,"['D68', 'I26', 'I80', 'I82']","['coagulation defects', 'pulmonary embolism', 'phlebitis and thrombophlebitis', 'venous embolism and thrombosis']","[1512, 116, 75, 1601]",826.0
1275,167,Letermovir,"['M19', 'M24', 'M25', 'M65', 'M67', 'M75', 'M77', 'M66', 'M76']","['arthrosis', 'specific joint derangements', 'joint disorders', 'infective (teno)synovitis', 'disorders of synovium and tendon', 'shoulder lesions', 'enthesopathies', 'spontaneous rupture of synovium and tendon', 'enthesopathies of lower limb, excluding foot']","[0, 0, 0, 0, 0, 0, 0]",0.0
1276,351,Paricalcitol,"['A02', 'A48', 'A69', 'B07', 'B36', 'B44', 'B49', 'B86', 'C11', 'C26', 'C41', 'C45', 'C50', 'C60', 'C66', 'C69', 'C76', 'C84', 'C88', 'D03', 'D07', 'D31', 'D34', 'D51', 'D89', 'E07', 'E22', 'E23', 'E27', 'E46', 'E74', 'E85', 'F52', 'G24', 'G52', 'G90', 'G92', 'H21', 'H31', 'H55', 'H61', 'J02', 'J11', 'J12', 'J61', 'K11', 'K41', 'L25', 'L60', 'L80', 'L81', 'M12', 'M60', 'N11', 'N34', 'N36', 'N50']","['salmonella infections', 'bacterial diseases', 'spirochaetal infections', 'viral warts', 'superficial mycoses', 'aspergillosis', 'mycosis', 'scabies', 'malignant neoplasm of nasopharynx', 'malignant neoplasm of ill-defined digestive organs', 'malignant neoplasm of bone and articular cartilage of sites', 'mesothelioma', 'malignant neoplasm of breast', 'malignant neoplasm of penis', 'malignant neoplasm of ureter', 'malignant neoplasm of eye and adnexa', 'malignant neoplasm of ill-defined sites', 'peripheral and cutaneous t-cell lymphomas', 'malignant immunoproliferative diseases', 'melanoma in situ', 'carcinoma in situ of genital organs', 'benign neoplasm of eye and adnexa', 'benign neoplasm of thyroid gland', 'vitamin b12 deficiency anaemia', 'disorders involving the immune mechanism', 'disorders of thyroid', 'hyperfunction of pituitary gland', 'hypofunction and disorders of pituitary gland', 'disorders of adrenal gland', 'protein-energy malnutrition', 'disorders of carbohydrate metabolism', 'amyloidosis', 'sexual dysfunction', 'dystonia', 'disorders of cranial nerves', 'disorders of autonomic nervous system', 'toxic encephalopathy', 'disorders of iris and ciliary body', 'disorders of choroid', 'nystagmus and irregular eye movements', 'disorders of external ear', 'acute pharyngitis', 'influenza virus', 'viral pneumonia', 'pneumoconiosis due to asbestos and mineral fibres', 'diseases of salivary glands', 'femoral hernia', 'contact dermatitis', 'nail disorders', 'vitiligo', 'disorders of pigmentation', 'specific arthropathies', 'myositis', 'chronic tubulo-interstitial nephritis', 'urethritis and urethral syndrome', 'disorders of urethra', 'disorders of male genital organs']","[0, 5, 0, 0, 0, 0, 0, 0, 0, 0, 7, 0, 8, 0, 0, 0, 0, 22, 2, 1, 0, 0, 0, 0, 4, 4, 0, 0, 1, 0, 1, 1, 0, 0, 0, 0, 0, 0, 0, 0, 0, 2, 0, 0, 0, 0, 0, 1, 0, 1, 0, 2, 0, 0, 1]",1.1454545454545455
1277,129,Oxybutynin,"['F17', 'G45', 'J15', 'J20', 'J93', 'L05']","['mental and behavioural disorders due to use of tobacco', 'transient cerebral ischaemic attacks and related syndromes', 'bacterial pneumonia', 'acute bronchitis', 'pneumothorax', 'pilonidal cyst']","[0, 28, 0, 0, 1, 0]",4.833333333333333
1278,72,Trimethadione,"['N18', 'D64', 'N19']","['chronic renal failure', 'anaemias', 'renal failure']","[2, 9, 3]",4.666666666666667
1279,373,Pranlukast,"['E10', 'E13', 'E16', 'I79']","['insulin-dependent diabetes mellitus', 'specified diabetes mellitus', 'disorders of pancreatic internal secretion', 'disorders of arteries, arterioles and capillaries in diseases classified elsewhere']","[0, 0, 0, 0]",0.0
1280,410,Phenprocoumon,"['I85', 'K70', 'K72', 'K74']","['oesophageal varices', 'alcoholic liver disease', 'hepatic failure', 'fibrosis and cirrhosis of liver']","[0, 2, 31, 14]",11.75
1281,413,Guanidine,"['K83', 'B18', 'C22', 'C24']","['diseases of biliary tract', 'chronic viral hepatitis', 'malignant neoplasm of liver and intrahepatic bile ducts', 'malignant neoplasm of parts of biliary tract']","[50, 48, 894, 0]",248.0
1282,23,Nitroprusside,"['E88', 'F79', 'G25', 'G41', 'I47', 'J69', 'G40', 'J96']","['metabolic disorders', 'mental retardation', 'extrapyramidal and movement disorders', 'status epilepticus', 'paroxysmal tachycardia', 'pneumonitis due to solids and liquids', 'epilepsy', 'respiratory failure']","[1385, 2, 22, 1, 3, 220, 27, 42]",212.75
1283,397,Levomenol,"['I48', 'A48', 'C76', 'H18', 'H61', 'I33', 'J30', 'K04']","['atrial fibrillation and flutter', 'bacterial diseases', 'malignant neoplasm of ill-defined sites', 'disorders of cornea', 'disorders of external ear', 'acute and subacute endocarditis', 'vasomotor and allergic rhinitis', 'diseases of pulp and periapical tissues']","[0, 11, 0, 1, 0, 0, 0, 0]",1.5
1284,182,Brexpiprazole,"['C82', 'C83', 'C85']","[""follicular [nodular] non-hodgkin's lymphoma"", ""diffuse non-hodgkin's lymphoma"", ""specified types of non-hodgkin's lymphoma""]","[0, 0, 0]",0.0
1285,382,Dimetindene,"['F32', 'G20', 'G35', 'F48', 'K02', 'N48']","['depressive episode', ""parkinson's disease"", 'multiple sclerosis', 'neurotic disorders', 'dental caries', 'disorders of penis']","[0, 0, 0, 0, 0, 0]",0.0
1286,247,Triflusal,"['M11', 'M71', 'M93']","['crystal arthropathies', 'bursopathies', 'osteochondropathies']","[0, 0, 0]",0.0
1287,383,Heptabarbital,"['G60', 'H57', 'F09', 'I25', 'I99', 'J01', 'J41', 'M46']","['hereditary and idiopathic neuropathy', 'disorders of eye and adnexa', 'organic or symptomatic mental disorder', 'chronic ischaemic heart disease', 'disorders of circulatory system', 'acute sinusitis', 'simple and mucopurulent chronic bronchitis', 'inflammatory spondylopathies']","[0, 0, 2, 0, 0, 0, 0, 0]",0.25
1288,55,Somatostatin,"['F11', 'F13', 'F19']","['mental and behavioural disorders due to use of opioids', 'mental and behavioural disorders due to use of sedatives or hypnotics', 'mental and behavioural disorders due to multiple drug use and use of psychoactive substances']","[118, 26]",72.0
1289,158,Norelgestromin,"['K92', 'D62']","['diseases of digestive system', 'acute posthaemorrhagic anaemia']","[0, 0]",0.0
1290,457,Oleic Acid,"['M16', 'M41', 'M42', 'M43', 'M87']","['coxarthrosis [arthrosis of hip]', 'scoliosis', 'spinal osteochondrosis', 'deforming dorsopathies', 'osteonecrosis']","[3, 0, 0, 1]",1.0
1291,410,Cholecystokinin,"['I85', 'K70', 'K72', 'K74']","['oesophageal varices', 'alcoholic liver disease', 'hepatic failure', 'fibrosis and cirrhosis of liver']","[3, 41, 28, 210]",70.5
1292,356,Mazindol,"['B18', 'C22', 'C24', 'K73']","['chronic viral hepatitis', 'malignant neoplasm of liver and intrahepatic bile ducts', 'malignant neoplasm of parts of biliary tract', 'chronic hepatitis']","[0, 0, 0]",0.0
1293,363,Drospirenone,"['C65', 'C66', 'C67', 'C68']","['malignant neoplasm of renal pelvis', 'malignant neoplasm of ureter', 'malignant neoplasm of bladder', 'malignant neoplasm of urinary organs']","[0, 0, 0, 0]",0.0
1294,253,Axitinib,"['E79', 'M16', 'M87']","['disorders of purine and pyrimidine metabolism', 'coxarthrosis [arthrosis of hip]', 'osteonecrosis']","[50, 0, 8]",19.333333333333332
1295,157_240,Flunisolide,"['K80', 'K81', 'K82', 'K83']","['cholelithiasis', 'cholecystitis', 'diseases of gallbladder', 'diseases of biliary tract']","[0, 0, 0, 0]",0.0
1296,190,Pentazocine,"['M54', 'G54', 'L50', 'M71', 'M76']","['dorsalgia', 'nerve root and plexus disorders', 'urticaria', 'bursopathies', 'enthesopathies of lower limb, excluding foot']","[16, 4, 0, 0, 0]",4.0
1297,398,Ajmaline,"['I31', 'G60', 'H57', 'I50', 'D52', 'F09', 'I13', 'I25', 'I99', 'J01', 'J41', 'M46']","['diseases of pericardium', 'hereditary and idiopathic neuropathy', 'disorders of eye and adnexa', 'heart failure', 'folate deficiency anaemia', 'organic or symptomatic mental disorder', 'hypertensive heart and renal disease', 'chronic ischaemic heart disease', 'disorders of circulatory system', 'acute sinusitis', 'simple and mucopurulent chronic bronchitis', 'inflammatory spondylopathies']","[3, 11, 0, 34, 0, 24, 10, 89, 0, 0, 0]",15.545454545454545
1298,290,Enoxaparin,"['K51', 'D73', 'J04', 'K29', 'A69', 'D16', 'D21', 'L50', 'N10', 'N62']","['ulcerative colitis', 'diseases of spleen', 'acute laryngitis and tracheitis', 'gastritis and duodenitis', 'spirochaetal infections', 'benign neoplasm of bone and articular cartilage', 'benign neoplasms of connective and soft tissue', 'urticaria', 'acute tubulo-interstitial nephritis', 'hypertrophy of breast']","[27, 15, 0, 11, 1, 23, 36, 13, 1, 0]",12.7
1299,379,Quinapril,"['F13', 'F33', 'F41', 'F43', 'F45', 'F32']","['mental and behavioural disorders due to use of sedatives or hypnotics', 'recurrent depressive disorder', 'anxiety disorders', 'reaction to severe stress, and adjustment disorders', 'somatoform disorders', 'depressive episode']","[1, 0, 0, 0, 0, 1]",0.3333333333333333
1300,147,Nafamostat,"['J18', 'J96', 'J15']","['pneumonia, organism', 'respiratory failure', 'bacterial pneumonia']","[4, 1]",2.5
1301,264,Dexibuprofen,"['N39', 'A04', 'N30']","['disorders of urinary system', 'bacterial intestinal infections', 'cystitis']","[1, 0, 0]",0.3333333333333333
1302,381,Nisoldipine,"['J04', 'F17', 'D51', 'H49', 'J82', 'K04', 'K12']","['acute laryngitis and tracheitis', 'mental and behavioural disorders due to use of tobacco', 'vitamin b12 deficiency anaemia', 'paralytic strabismus', 'pulmonary eosinophilia', 'diseases of pulp and periapical tissues', 'stomatitis and related lesions']","[0, 0, 0, 0, 0, 1]",0.16666666666666666
1303,158,Naloxone,"['K92', 'D62']","['diseases of digestive system', 'acute posthaemorrhagic anaemia']","[200, 0]",100.0
1304,444,Acetylcysteine,"['E10', 'E13', 'E16', 'H26', 'H33']","['insulin-dependent diabetes mellitus', 'specified diabetes mellitus', 'disorders of pancreatic internal secretion', 'cataract', 'retinal detachments and breaks']","[59, 1, 5, 49, 282]",79.2
1305,441,Capsaicin,"['N30', 'K63', 'C71', 'D36', 'D43']","['cystitis', 'diseases of intestine', 'malignant neoplasm of brain', 'benign neoplasm of sites', 'neoplasm of uncertain or unknown behaviour of brain and central nervous system']","[102, 250, 23, 12, 2717]",620.8
1306,125,Methotrimeprazine,"['K29', 'K31', 'K51', 'K58', 'K59']","['gastritis and duodenitis', 'diseases of stomach and duodenum', 'ulcerative colitis', 'irritable bowel syndrome', 'functional intestinal disorders']","[3, 2, 1, 1]",1.75
1307,72,Pralidoxime,"['N18', 'D64', 'N19']","['chronic renal failure', 'anaemias', 'renal failure']","[2, 2, 10]",4.666666666666667
1308,374,Artenimol,"['L95', 'C45', 'D89', 'E01', 'E72', 'G90', 'I10', 'I22', 'I33', 'I60', 'I78', 'J04', 'J13', 'K27', 'L08', 'L20', 'L21', 'L23', 'L29', 'L50', 'L71', 'L85', 'M05', 'M31', 'M45', 'M85', 'M96', 'N62']","['vasculitis limited to skin', 'mesothelioma', 'disorders involving the immune mechanism', 'iodine-deficiency-related thyroid disorders and allied conditions', 'disorders of amino-acid metabolism', 'disorders of autonomic nervous system', 'essential (primary) hypertension', 'subsequent myocardial infarction', 'acute and subacute endocarditis', 'subarachnoid haemorrhage', 'diseases of capillaries', 'acute laryngitis and tracheitis', 'pneumonia due to streptococcus pneumoniae', 'acute with perforation', 'local infections of skin and subcutaneous tissue', 'atopic dermatitis', 'seborrhoeic dermatitis', 'allergic contact dermatitis', 'pruritus', 'urticaria', 'rosacea', 'epidermal thickening', 'seropositive rheumatoid arthritis', 'necrotising vasculopathies', 'ankylosing spondylitis', 'disorders of bone density and structure', 'postprocedural musculoskeletal disorders', 'hypertrophy of breast']","[0, 1, 2, 5, 7, 0, 0, 0, 0, 0, 4, 0, 1, 0, 1, 1, 0, 0, 2, 1, 0, 0, 0, 0, 139, 0, 0]",6.074074074074074
1309,443,Ketobemidone,"['D75', 'D64', 'D68', 'E21', 'E83']","['diseases of blood and blood-forming organs', 'anaemias', 'coagulation defects', 'hyperparathyroidism and disorders of parathyroid gland', 'disorders of mineral metabolism']","[2, 0, 0, 0, 0]",0.4
1310,77,Iron saccharate,"['F11', 'F13', 'F19', 'B18', 'B24', 'F14', 'F15']","['mental and behavioural disorders due to use of opioids', 'mental and behavioural disorders due to use of sedatives or hypnotics', 'mental and behavioural disorders due to multiple drug use and use of psychoactive substances', 'chronic viral hepatitis', 'human immunodeficiency virus [hiv] disease', 'mental and behavioural disorders due to use of cocaine', 'mental and behavioural disorders due to use of stimulants, including caffeine']","[0, 1, 1, 0, 0, 0, 0]",0.2857142857142857
1311,356,Isoprenaline,"['B18', 'C22', 'C24', 'K73']","['chronic viral hepatitis', 'malignant neoplasm of liver and intrahepatic bile ducts', 'malignant neoplasm of parts of biliary tract', 'chronic hepatitis']","[0, 76, 0, 1]",19.25
1312,23,Flutamide,"['E88', 'F79', 'G25', 'G41', 'I47', 'J69', 'G40', 'J96']","['metabolic disorders', 'mental retardation', 'extrapyramidal and movement disorders', 'status epilepticus', 'paroxysmal tachycardia', 'pneumonitis due to solids and liquids', 'epilepsy', 'respiratory failure']","[138, 0, 3, 0, 0, 73, 6, 1]",27.625
1313,157_240,Tolterodine,"['K80', 'K81', 'K82', 'K83']","['cholelithiasis', 'cholecystitis', 'diseases of gallbladder', 'diseases of biliary tract']","[0, 0, 0]",0.0
1314,239,Trichlormethiazide,"['K76', 'A04', 'D61', 'E55', 'K46', 'K55', 'K75']","['diseases of liver', 'bacterial intestinal infections', 'aplastic anaemias', 'vitamin d deficiency', 'abdominal hernia', 'vascular disorders of intestine', 'inflammatory liver diseases']","[3, 0, 0, 0, 0, 0, 0]",0.42857142857142855
1315,303,Teniposide,"['G40', 'G41', 'F01', 'F71']","['epilepsy', 'status epilepticus', 'vascular dementia', 'moderate mental retardation']","[4, 0, 0, 0]",1.0
1316,384,Trimebutine,"['F01', 'G40', 'G41', 'I62']","['vascular dementia', 'epilepsy', 'status epilepticus', 'nontraumatic intracranial haemorrhage']","[0, 0, 0, 0]",0.0
1317,333_412,Ajmaline,"['K80', 'K81', 'K82']","['cholelithiasis', 'cholecystitis', 'diseases of gallbladder']","[0, 1, 0]",0.3333333333333333
1318,414,Ipecac,"['K83', 'K85', 'K86', 'B18', 'C22', 'C24', 'C25']","['diseases of biliary tract', 'acute pancreatitis', 'diseases of pancreas', 'chronic viral hepatitis', 'malignant neoplasm of liver and intrahepatic bile ducts', 'malignant neoplasm of parts of biliary tract', 'malignant neoplasm of pancreas']","[0, 1, 1, 0, 0, 0]",0.3333333333333333
1319,79,Salmeterol,"['B16', 'B18', 'F11', 'F12', 'F13', 'F14', 'F19', 'K73']","['acute hepatitis b', 'chronic viral hepatitis', 'mental and behavioural disorders due to use of opioids', 'mental and behavioural disorders due to use of cannabinoids', 'mental and behavioural disorders due to use of sedatives or hypnotics', 'mental and behavioural disorders due to use of cocaine', 'mental and behavioural disorders due to multiple drug use and use of psychoactive substances', 'chronic hepatitis']","[0, 0, 0, 0, 2, 0, 0, 2]",0.5
1320,301_353,Teniposide,"['G20', 'F02', 'G21']","[""parkinson's disease"", 'dementia in diseases classified elsewhere', 'secondary parkinsonism']","[0, 0, 0]",0.0
1321,2,Telmisartan,"['A04', 'A08', 'F50']","['bacterial intestinal infections', 'viral and specified intestinal infections', 'eating disorders']","[0, 40, 2]",14.0
1322,379,Desvenlafaxine,"['F13', 'F33', 'F41', 'F43', 'F45', 'F32']","['mental and behavioural disorders due to use of sedatives or hypnotics', 'recurrent depressive disorder', 'anxiety disorders', 'reaction to severe stress, and adjustment disorders', 'somatoform disorders', 'depressive episode']","[14, 2, 31, 3, 1, 11]",10.333333333333334
1323,61,Ritonavir,"['I10', 'I15']","['essential (primary) hypertension', 'secondary hypertension']","[1, 13]",7.0
1324,290,Amsacrine,"['K51', 'D73', 'J04', 'K29', 'A69', 'D16', 'D21', 'L50', 'N10', 'N62']","['ulcerative colitis', 'diseases of spleen', 'acute laryngitis and tracheitis', 'gastritis and duodenitis', 'spirochaetal infections', 'benign neoplasm of bone and articular cartilage', 'benign neoplasms of connective and soft tissue', 'urticaria', 'acute tubulo-interstitial nephritis', 'hypertrophy of breast']","[0, 0, 0, 0, 0, 173, 4, 0, 0, 0]",17.7
1325,209,Sulfathiazole,"['G46', 'I63', 'I64', 'I66']","['vascular syndromes of brain in cerebrovascular diseases', 'cerebral infarction', 'stroke', 'occlusion and stenosis of cerebral arteries']","[0, 0, 0, 2]",0.5
1326,307,Lercanidipine,"['J31', 'K45', 'E66', 'G62', 'G61', 'H16', 'L71', 'M93']","['chronic rhinitis, nasopharyngitis and pharyngitis', 'abdominal hernia', 'obesity', 'polyneuropathies', 'inflammatory polyneuropathy', 'keratitis', 'rosacea', 'osteochondropathies']","[0, 0, 0, 0, 0, 0, 0]",0.0
1327,379,Alfuzosin,"['F13', 'F33', 'F41', 'F43', 'F45', 'F32']","['mental and behavioural disorders due to use of sedatives or hypnotics', 'recurrent depressive disorder', 'anxiety disorders', 'reaction to severe stress, and adjustment disorders', 'somatoform disorders', 'depressive episode']","[3, 0, 3, 0, 0, 0]",1.0
1328,268,Esomeprazole,"['A08', 'I25', 'I99', 'B34', 'C75', 'F51', 'F52', 'G12', 'G98', 'K02']","['viral and specified intestinal infections', 'chronic ischaemic heart disease', 'disorders of circulatory system', 'viral infection of site', 'malignant neoplasm of endocrine glands and related structures', 'sleep disorders', 'sexual dysfunction', 'spinal muscular atrophy and related syndromes', 'disorders of nervous system', 'dental caries']","[11, 3, 9, 0, 27, 16, 3, 27, 10, 0]",10.6
1329,238,Ulipristal,"['K25', 'K26', 'K70', 'D52', 'D62', 'F05']","['gastric ulcer', 'duodenal ulcer', 'alcoholic liver disease', 'folate deficiency anaemia', 'acute posthaemorrhagic anaemia', 'delirium']","[0, 0, 0, 0, 0, 0]",0.0
1330,56,Interferon alfa-n1,"['F32', 'F33', 'F41', 'F45']","['depressive episode', 'recurrent depressive disorder', 'anxiety disorders', 'somatoform disorders']","[0, 0, 0, 0]",0.0
1331,67,Thiabendazole,"['B20', 'B24']","['human immunodeficiency virus [hiv] disease resulting in infectious and parasitic diseases', 'human immunodeficiency virus [hiv] disease']","[1484, 19]",751.5
1332,55,Valbenazine,"['F11', 'F13', 'F19']","['mental and behavioural disorders due to use of opioids', 'mental and behavioural disorders due to use of sedatives or hypnotics', 'mental and behavioural disorders due to multiple drug use and use of psychoactive substances']","[0, 1, 2]",1.0
1333,76,Hesperetin,"['F10', 'K70']","['mental and behavioural disorders due to use of alcohol', 'alcoholic liver disease']","[0, 14]",7.0
1334,238,Golimumab,"['K25', 'K26', 'K70', 'D52', 'D62', 'F05']","['gastric ulcer', 'duodenal ulcer', 'alcoholic liver disease', 'folate deficiency anaemia', 'acute posthaemorrhagic anaemia', 'delirium']","[0, 0, 3, 0, 0, 0]",0.5
1335,61,Zucapsaicin,"['I10', 'I15']","['essential (primary) hypertension', 'secondary hypertension']","[0, 0]",0.0
1336,72,Sufentanil,"['N18', 'D64', 'N19']","['chronic renal failure', 'anaemias', 'renal failure']","[16, 6]",11.0
1337,261,Metixene,"['N25', 'N18', 'A04', 'B02', 'N03']","['disorders resulting from impaired renal tubular function', 'chronic renal failure', 'bacterial intestinal infections', 'zoster [herpes zoster]', 'chronic nephritic syndrome']","[0, 0, 0, 0, 0]",0.0
1338,334,Fluconazole,"['L28', 'K76', 'D73', 'E51', 'M89']","['lichen simplex chronicus and prurigo', 'diseases of liver', 'diseases of spleen', 'thiamine deficiency', 'disorders of bone']","[3, 358, 62, 1, 216]",128.0
1339,103,Dronedarone,"['K80', 'K81', 'K85']","['cholelithiasis', 'cholecystitis', 'acute pancreatitis']","[0, 0, 0]",0.0
1340,76,Clotrimazole,"['F10', 'K70']","['mental and behavioural disorders due to use of alcohol', 'alcoholic liver disease']","[0, 0]",0.0
1341,72,Dexibuprofen,"['N18', 'D64', 'N19']","['chronic renal failure', 'anaemias', 'renal failure']","[0, 0, 0]",0.0
1342,190,L-Tryptophan,"['M54', 'G54', 'L50', 'M71', 'M76']","['dorsalgia', 'nerve root and plexus disorders', 'urticaria', 'bursopathies', 'enthesopathies of lower limb, excluding foot']","[20, 39, 18, 0, 0]",15.4
1343,134,Dapsone,"['M42', 'M51', 'M54', 'G54', 'M62']","['spinal osteochondrosis', 'intervertebral disk disorders', 'dorsalgia', 'nerve root and plexus disorders', 'disorders of muscle']","[0, 0, 5, 2, 18]",5.0
1344,108,Sirolimus,"['N19', 'I10', 'I11', 'I34', 'I61', 'I67', 'I70', 'I71', 'L97']","['renal failure', 'essential (primary) hypertension', 'hypertensive heart disease', 'nonrheumatic mitral valve disorders', 'intracerebral haemorrhage', 'cerebrovascular diseases', 'atherosclerosis', 'aortic aneurysm and dissection', 'ulcer of lower limb']","[1132, 3, 180, 0, 40, 276, 410, 258, 9]",256.44444444444446
1345,451,Opium,"['I31', 'I20', 'I21']","['diseases of pericardium', 'angina pectoris', 'acute myocardial infarction']","[0, 5, 19]",8.0
1346,154,Trichlormethiazide,"['D50', 'K50', 'K56']","['iron deficiency anaemia', ""crohn's disease [regional enteritis]"", 'paralytic ileus and intestinal obstruction without hernia']","[0, 0, 0]",0.0
1347,348,Tolmetin,"['N32', 'N40', 'N41', 'N21', 'N42']","['disorders of bladder', 'hyperplasia of prostate', 'inflammatory diseases of prostate', 'calculus of lower urinary tract', 'disorders of prostate']","[1, 1, 0, 0, 1]",0.6
1348,149,Acitretin,"['J44', 'J98']","['chronic obstructive pulmonary disease', 'respiratory disorders']","[0, 20]",10.0
1349,454,Scopolamine,"['G40', 'G41', 'G81', 'I61', 'I62']","['epilepsy', 'status epilepticus', 'hemiplegia', 'intracerebral haemorrhage', 'nontraumatic intracranial haemorrhage']","[118, 49, 2, 4, 0]",34.6
1350,356,Nilotinib,"['B18', 'C22', 'C24', 'K73']","['chronic viral hepatitis', 'malignant neoplasm of liver and intrahepatic bile ducts', 'malignant neoplasm of parts of biliary tract', 'chronic hepatitis']","[5, 25, 0, 13]",10.75
1351,72,Racepinephrine,"['N18', 'D64', 'N19']","['chronic renal failure', 'anaemias', 'renal failure']","[0, 0, 3]",1.0
1352,203,Efalizumab,"['F32', 'F48', 'B37', 'F51', 'K02', 'K04', 'K08']","['depressive episode', 'neurotic disorders', 'candidiasis', 'sleep disorders', 'dental caries', 'diseases of pulp and periapical tissues', 'disorders of teeth and supporting structures']","[0, 0, 1, 0, 0, 0, 6]",1.0
1353,157_240,Vitamin C,"['K80', 'K81', 'K82', 'K83']","['cholelithiasis', 'cholecystitis', 'diseases of gallbladder', 'diseases of biliary tract']","[54, 23, 22, 20]",29.75
1354,394,Tasonermin,"['B36', 'D34', 'E72', 'F09', 'G90', 'I10', 'I30', 'I33', 'I60', 'I78', 'J13', 'J30', 'K73', 'L08', 'L21', 'L23', 'L29', 'L71', 'L85', 'N02', 'N04', 'C74', 'E26', 'E29', 'G37', 'G96', 'H72', 'I68', 'J35', 'K09', 'L70', 'M14', 'N03', 'N49']","['superficial mycoses', 'benign neoplasm of thyroid gland', 'disorders of amino-acid metabolism', 'organic or symptomatic mental disorder', 'disorders of autonomic nervous system', 'essential (primary) hypertension', 'acute pericarditis', 'acute and subacute endocarditis', 'subarachnoid haemorrhage', 'diseases of capillaries', 'pneumonia due to streptococcus pneumoniae', 'vasomotor and allergic rhinitis', 'chronic hepatitis', 'local infections of skin and subcutaneous tissue', 'seborrhoeic dermatitis', 'allergic contact dermatitis', 'pruritus', 'rosacea', 'epidermal thickening', 'recurrent and persistent haematuria', 'nephrotic syndrome', 'malignant neoplasm of adrenal gland', 'hyperaldosteronism', 'testicular dysfunction', 'demyelinating diseases of central nervous system', 'disorders of central nervous system', 'perforation of tympanic membrane', 'cerebrovascular disorders in diseases classified elsewhere', 'chronic diseases of tonsils and adenoids', 'cysts of oral region', 'acne', 'arthropathies in diseases classified elsewhere', 'chronic nephritic syndrome', 'inflammatory disorders of male genital organs']","[0, 0, 0, 0, 0, 0, 0, 0, 0, 0, 0, 0, 0, 0, 0, 0, 0, 1, 0, 0, 0, 0, 0, 0, 0, 0, 0, 0, 0, 0, 0, 0]",0.03125
1355,160_422,Etonogestrel,"['M16', 'M87']","['coxarthrosis [arthrosis of hip]', 'osteonecrosis']","[0, 0]",0.0
1356,351,Thiabendazole,"['A02', 'A48', 'A69', 'B07', 'B36', 'B44', 'B49', 'B86', 'C11', 'C26', 'C41', 'C45', 'C50', 'C60', 'C66', 'C69', 'C76', 'C84', 'C88', 'D03', 'D07', 'D31', 'D34', 'D51', 'D89', 'E07', 'E22', 'E23', 'E27', 'E46', 'E74', 'E85', 'F52', 'G24', 'G52', 'G90', 'G92', 'H21', 'H31', 'H55', 'H61', 'J02', 'J11', 'J12', 'J61', 'K11', 'K41', 'L25', 'L60', 'L80', 'L81', 'M12', 'M60', 'N11', 'N34', 'N36', 'N50']","['salmonella infections', 'bacterial diseases', 'spirochaetal infections', 'viral warts', 'superficial mycoses', 'aspergillosis', 'mycosis', 'scabies', 'malignant neoplasm of nasopharynx', 'malignant neoplasm of ill-defined digestive organs', 'malignant neoplasm of bone and articular cartilage of sites', 'mesothelioma', 'malignant neoplasm of breast', 'malignant neoplasm of penis', 'malignant neoplasm of ureter', 'malignant neoplasm of eye and adnexa', 'malignant neoplasm of ill-defined sites', 'peripheral and cutaneous t-cell lymphomas', 'malignant immunoproliferative diseases', 'melanoma in situ', 'carcinoma in situ of genital organs', 'benign neoplasm of eye and adnexa', 'benign neoplasm of thyroid gland', 'vitamin b12 deficiency anaemia', 'disorders involving the immune mechanism', 'disorders of thyroid', 'hyperfunction of pituitary gland', 'hypofunction and disorders of pituitary gland', 'disorders of adrenal gland', 'protein-energy malnutrition', 'disorders of carbohydrate metabolism', 'amyloidosis', 'sexual dysfunction', 'dystonia', 'disorders of cranial nerves', 'disorders of autonomic nervous system', 'toxic encephalopathy', 'disorders of iris and ciliary body', 'disorders of choroid', 'nystagmus and irregular eye movements', 'disorders of external ear', 'acute pharyngitis', 'influenza virus', 'viral pneumonia', 'pneumoconiosis due to asbestos and mineral fibres', 'diseases of salivary glands', 'femoral hernia', 'contact dermatitis', 'nail disorders', 'vitiligo', 'disorders of pigmentation', 'specific arthropathies', 'myositis', 'chronic tubulo-interstitial nephritis', 'urethritis and urethral syndrome', 'disorders of urethra', 'disorders of male genital organs']","[4, 54, 1, 0, 1, 7, 61, 13, 0, 0, 0, 0, 2, 0, 0, 2, 0, 32, 22, 0, 0, 2, 0, 0, 0, 0, 0, 1, 1, 0, 0, 0, 0, 0, 0, 1, 0, 0, 0, 0, 1, 1, 4, 0, 10, 3, 0, 4, 1, 8, 0, 0, 0, 0]",4.37037037037037
1357,129,Sodium ferric gluconate complex,"['F17', 'G45', 'J15', 'J20', 'J93', 'L05']","['mental and behavioural disorders due to use of tobacco', 'transient cerebral ischaemic attacks and related syndromes', 'bacterial pneumonia', 'acute bronchitis', 'pneumothorax', 'pilonidal cyst']","[0, 1, 0, 0, 0, 0]",0.16666666666666666
1358,454,Atenolol,"['G40', 'G41', 'G81', 'I61', 'I62']","['epilepsy', 'status epilepticus', 'hemiplegia', 'intracerebral haemorrhage', 'nontraumatic intracranial haemorrhage']","[14, 5, 1, 7, 0]",5.4
1359,255,Paritaprevir,"['M77', 'M76']","['enthesopathies', 'enthesopathies of lower limb, excluding foot']","[0, 0]",0.0
1360,408,Sildenafil,"['K83', 'K85', 'K86', 'B18', 'C22', 'C24', 'C25', 'K80', 'K81', 'K82']","['diseases of biliary tract', 'acute pancreatitis', 'diseases of pancreas', 'chronic viral hepatitis', 'malignant neoplasm of liver and intrahepatic bile ducts', 'malignant neoplasm of parts of biliary tract', 'malignant neoplasm of pancreas', 'cholelithiasis', 'cholecystitis', 'diseases of gallbladder']","[0, 28, 3, 6, 0, 3, 0, 1, 1]",4.666666666666667
1361,433,Acetophenazine,"['B18', 'C22', 'C24']","['chronic viral hepatitis', 'malignant neoplasm of liver and intrahepatic bile ducts', 'malignant neoplasm of parts of biliary tract']","[0, 0, 0]",0.0
1362,205,Paramethasone,"['D52', 'J41', 'L71', 'F17', 'J42', 'J13', 'J39', 'K04', 'K08', 'K12', 'L08', 'N62']","['folate deficiency anaemia', 'simple and mucopurulent chronic bronchitis', 'rosacea', 'mental and behavioural disorders due to use of tobacco', 'chronic bronchitis', 'pneumonia due to streptococcus pneumoniae', 'diseases of upper respiratory tract', 'diseases of pulp and periapical tissues', 'disorders of teeth and supporting structures', 'stomatitis and related lesions', 'local infections of skin and subcutaneous tissue', 'hypertrophy of breast']","[0, 0, 0, 0, 1, 0, 0, 0, 1, 0, 0, 0]",0.16666666666666666
1363,461,Clonazepam,"['N41', 'D40', 'N42', 'C61', 'C64']","['inflammatory diseases of prostate', 'neoplasm of uncertain or unknown behaviour of male genital organs', 'disorders of prostate', 'malignant neoplasm of prostate', 'malignant neoplasm of kidney, except renal pelvis']","[0, 1, 0, 3, 0]",0.8
1364,72,Diphenoxylate,"['N18', 'D64', 'N19']","['chronic renal failure', 'anaemias', 'renal failure']","[1, 1, 1]",1.0
1365,67,Sulfathiazole,"['B20', 'B24']","['human immunodeficiency virus [hiv] disease resulting in infectious and parasitic diseases', 'human immunodeficiency virus [hiv] disease']","[15, 1]",8.0
1366,290,Obeticholic acid,"['K51', 'D73', 'J04', 'K29', 'A69', 'D16', 'D21', 'L50', 'N10', 'N62']","['ulcerative colitis', 'diseases of spleen', 'acute laryngitis and tracheitis', 'gastritis and duodenitis', 'spirochaetal infections', 'benign neoplasm of bone and articular cartilage', 'benign neoplasms of connective and soft tissue', 'urticaria', 'acute tubulo-interstitial nephritis', 'hypertrophy of breast']","[3, 2, 0, 2, 0, 0, 1, 0, 0, 0]",0.8
1367,408,Doxepin,"['K83', 'K85', 'K86', 'B18', 'C22', 'C24', 'C25', 'K80', 'K81', 'K82']","['diseases of biliary tract', 'acute pancreatitis', 'diseases of pancreas', 'chronic viral hepatitis', 'malignant neoplasm of liver and intrahepatic bile ducts', 'malignant neoplasm of parts of biliary tract', 'malignant neoplasm of pancreas', 'cholelithiasis', 'cholecystitis', 'diseases of gallbladder']","[0, 1, 1, 0, 0, 0, 0, 0, 0, 0]",0.2
1368,11,Acamprosate,"['C71', 'C79', 'H53']","['malignant neoplasm of brain', 'secondary malignant neoplasm of specified sites', 'visual disturbances']","[0, 0, 0]",0.0
1369,200,Gestrinone,"['F09', 'F63', 'F03', 'F10', 'G31', 'L21', 'D52', 'E51', 'E53', 'I62', 'J39', 'K02', 'K12', 'M46']","['organic or symptomatic mental disorder', 'habit and impulse disorders', 'dementia', 'mental and behavioural disorders due to use of alcohol', 'degenerative diseases of nervous system', 'seborrhoeic dermatitis', 'folate deficiency anaemia', 'thiamine deficiency', 'deficiency of b group vitamins', 'nontraumatic intracranial haemorrhage', 'diseases of upper respiratory tract', 'dental caries', 'stomatitis and related lesions', 'inflammatory spondylopathies']","[2, 0, 0, 0, 0, 1, 0, 0, 0, 0, 0, 8, 0]",0.8461538461538461
1370,443,Bevantolol,"['D75', 'D64', 'D68', 'E21', 'E83']","['diseases of blood and blood-forming organs', 'anaemias', 'coagulation defects', 'hyperparathyroidism and disorders of parathyroid gland', 'disorders of mineral metabolism']","[11, 0, 0, 0, 0]",2.2
1371,47,Valbenazine,"['N12', 'N39']","['tubulo-interstitial nephritis', 'disorders of urinary system']","[0, 0]",0.0
1372,378,Hydrogen peroxide,"['F10', 'F13', 'F31', 'F60', 'G31', 'D53', 'E51', 'K08']","['mental and behavioural disorders due to use of alcohol', 'mental and behavioural disorders due to use of sedatives or hypnotics', 'bipolar affective disorder', 'specific personality disorders', 'degenerative diseases of nervous system', 'nutritional anaemias', 'thiamine deficiency', 'disorders of teeth and supporting structures']","[83, 230, 16, 0, 75, 13, 4, 8103]",1065.5
1373,212,Muromonab,"['F17', 'J01', 'J37', 'J38', 'J42', 'J43', 'J93', 'J02']","['mental and behavioural disorders due to use of tobacco', 'acute sinusitis', 'chronic laryngitis and laryngotracheitis', 'diseases of vocal cords and larynx', 'chronic bronchitis', 'emphysema', 'pneumothorax', 'acute pharyngitis']","[0, 0, 0, 0, 0, 0, 0, 0]",0.0
1374,382,Histamine,"['F32', 'G20', 'G35', 'F48', 'K02', 'N48']","['depressive episode', ""parkinson's disease"", 'multiple sclerosis', 'neurotic disorders', 'dental caries', 'disorders of penis']","[24, 313, 146, 25, 18, 13]",89.83333333333333
1375,72,Rifapentine,"['N18', 'D64', 'N19']","['chronic renal failure', 'anaemias', 'renal failure']","[1, 9]",5.0
1376,157_240,Conivaptan,"['K80', 'K81', 'K82', 'K83']","['cholelithiasis', 'cholecystitis', 'diseases of gallbladder', 'diseases of biliary tract']","[0, 0, 0]",0.0
1377,457,Indigotindisulfonic Acid,"['M16', 'M41', 'M42', 'M43', 'M87']","['coxarthrosis [arthrosis of hip]', 'scoliosis', 'spinal osteochondrosis', 'deforming dorsopathies', 'osteonecrosis']","[0, 0, 0, 0, 1]",0.2
1378,131,Marimastat,"['F11', 'F13', 'F33', 'F43', 'F60']","['mental and behavioural disorders due to use of opioids', 'mental and behavioural disorders due to use of sedatives or hypnotics', 'recurrent depressive disorder', 'reaction to severe stress, and adjustment disorders', 'specific personality disorders']","[0, 0, 0, 0]",0.0
1379,445,Vitamin C,"['G91', 'I60', 'H04', 'H21', 'E11', 'E53', 'E55', 'G82', 'N08']","['hydrocephalus', 'subarachnoid haemorrhage', 'disorders of lachrymal system', 'disorders of iris and ciliary body', 'non-insulin-dependent diabetes mellitus', 'deficiency of b group vitamins', 'vitamin d deficiency', 'paraplegia and tetraplegia', 'glomerular disorders in diseases classified elsewhere']","[13, 30, 0, 58, 489, 250, 261, 20, 0]",124.55555555555556
1380,260_347_460,Verapamil,"['N13', 'N20', 'N21']","['obstructive and reflux uropathy', 'calculus of kidney and ureter', 'calculus of lower urinary tract']","[48, 1]",24.5
1381,80,Procyclidine,"['F17', 'J93']","['mental and behavioural disorders due to use of tobacco', 'pneumothorax']","[0, 0]",0.0
1382,448,Estradiol benzoate,"['F32', 'F33', 'F41', 'F43', 'F45']","['depressive episode', 'recurrent depressive disorder', 'anxiety disorders', 'reaction to severe stress, and adjustment disorders', 'somatoform disorders']","[3, 0, 8, 0, 0]",2.2
1383,64,Atenolol,"['K76', 'K65']","['diseases of liver', 'peritonitis']","[54, 29]",41.5
1384,76,Aflibercept,"['F10', 'K70']","['mental and behavioural disorders due to use of alcohol', 'alcoholic liver disease']","[0, 0]",0.0
1385,57,Thimerosal,"['E87', 'F10', 'F12', 'F17', 'F20', 'F60', 'F63']","['disorders of fluid, electrolyte and acid-base balance', 'mental and behavioural disorders due to use of alcohol', 'mental and behavioural disorders due to use of cannabinoids', 'mental and behavioural disorders due to use of tobacco', 'schizophrenia', 'specific personality disorders', 'habit and impulse disorders']","[1, 1, 0, 1, 1, 0, 4]",1.1428571428571428
1386,161,Cabozantinib,"['M17', 'M66', 'M71', 'M93']","['gonarthrosis [arthrosis of knee]', 'spontaneous rupture of synovium and tendon', 'bursopathies', 'osteochondropathies']","[0, 0, 0, 0]",0.0
1387,205,Carprofen,"['D52', 'J41', 'L71', 'F17', 'J42', 'J13', 'J39', 'K04', 'K08', 'K12', 'L08', 'N62']","['folate deficiency anaemia', 'simple and mucopurulent chronic bronchitis', 'rosacea', 'mental and behavioural disorders due to use of tobacco', 'chronic bronchitis', 'pneumonia due to streptococcus pneumoniae', 'diseases of upper respiratory tract', 'diseases of pulp and periapical tissues', 'disorders of teeth and supporting structures', 'stomatitis and related lesions', 'local infections of skin and subcutaneous tissue', 'hypertrophy of breast']","[0, 0, 0, 0, 0, 0, 1, 0, 31, 6, 9, 0]",3.9166666666666665
1388,394,Trimethoprim,"['B36', 'D34', 'E72', 'F09', 'G90', 'I10', 'I30', 'I33', 'I60', 'I78', 'J13', 'J30', 'K73', 'L08', 'L21', 'L23', 'L29', 'L71', 'L85', 'N02', 'N04', 'C74', 'E26', 'E29', 'G37', 'G96', 'H72', 'I68', 'J35', 'K09', 'L70', 'M14', 'N03', 'N49']","['superficial mycoses', 'benign neoplasm of thyroid gland', 'disorders of amino-acid metabolism', 'organic or symptomatic mental disorder', 'disorders of autonomic nervous system', 'essential (primary) hypertension', 'acute pericarditis', 'acute and subacute endocarditis', 'subarachnoid haemorrhage', 'diseases of capillaries', 'pneumonia due to streptococcus pneumoniae', 'vasomotor and allergic rhinitis', 'chronic hepatitis', 'local infections of skin and subcutaneous tissue', 'seborrhoeic dermatitis', 'allergic contact dermatitis', 'pruritus', 'rosacea', 'epidermal thickening', 'recurrent and persistent haematuria', 'nephrotic syndrome', 'malignant neoplasm of adrenal gland', 'hyperaldosteronism', 'testicular dysfunction', 'demyelinating diseases of central nervous system', 'disorders of central nervous system', 'perforation of tympanic membrane', 'cerebrovascular disorders in diseases classified elsewhere', 'chronic diseases of tonsils and adenoids', 'cysts of oral region', 'acne', 'arthropathies in diseases classified elsewhere', 'chronic nephritic syndrome', 'inflammatory disorders of male genital organs']","[4, 0, 35, 8, 2, 2, 9, 5, 204, 7, 30, 4, 9, 41, 4, 1, 1504, 33, 1, 0, 0, 4, 205, 10, 0, 6, 0, 84, 0, 0, 3]",71.45161290322581
1389,411,Zucapsaicin,"['G31', 'F10', 'F43']","['degenerative diseases of nervous system', 'mental and behavioural disorders due to use of alcohol', 'reaction to severe stress, and adjustment disorders']","[0, 0, 0]",0.0
1390,218,Vancomycin,"['I12', 'I13', 'N25', 'E72', 'G61', 'I10', 'I30', 'I62', 'I99', 'L23', 'L73', 'M35', 'M46', 'M80', 'N05', 'E26', 'L05', 'N12']","['hypertensive renal disease', 'hypertensive heart and renal disease', 'disorders resulting from impaired renal tubular function', 'disorders of amino-acid metabolism', 'inflammatory polyneuropathy', 'essential (primary) hypertension', 'acute pericarditis', 'nontraumatic intracranial haemorrhage', 'disorders of circulatory system', 'allergic contact dermatitis', 'follicular disorders', 'systemic involvement of connective tissue', 'inflammatory spondylopathies', 'osteoporosis with pathological fracture', 'minor glomerular abnormality', 'hyperaldosteronism', 'pilonidal cyst', 'tubulo-interstitial nephritis']","[0, 2120, 3, 49, 5, 1, 15, 1, 125, 5, 4, 14, 3, 1, 0, 1, 93]",143.52941176470588
1391,291,Varenicline,"['L89', 'N08', 'E11', 'E55', 'G61', 'I13', 'I33', 'L28']","['decubitus ulcer', 'glomerular disorders in diseases classified elsewhere', 'non-insulin-dependent diabetes mellitus', 'vitamin d deficiency', 'inflammatory polyneuropathy', 'hypertensive heart and renal disease', 'acute and subacute endocarditis', 'lichen simplex chronicus and prurigo']","[0, 0, 12, 0, 0, 19, 0, 0]",3.875
1392,200,Cerivastatin,"['F09', 'F63', 'F03', 'F10', 'G31', 'L21', 'D52', 'E51', 'E53', 'I62', 'J39', 'K02', 'K12', 'M46']","['organic or symptomatic mental disorder', 'habit and impulse disorders', 'dementia', 'mental and behavioural disorders due to use of alcohol', 'degenerative diseases of nervous system', 'seborrhoeic dermatitis', 'folate deficiency anaemia', 'thiamine deficiency', 'deficiency of b group vitamins', 'nontraumatic intracranial haemorrhage', 'diseases of upper respiratory tract', 'dental caries', 'stomatitis and related lesions', 'inflammatory spondylopathies']","[2, 0, 0, 0, 0, 0, 0, 0, 0, 0, 0, 1, 0]",0.23076923076923078
1393,348,Prasterone,"['N32', 'N40', 'N41', 'N21', 'N42']","['disorders of bladder', 'hyperplasia of prostate', 'inflammatory diseases of prostate', 'calculus of lower urinary tract', 'disorders of prostate']","[9, 82, 3, 0, 163]",51.4
1394,268,Pirlindole,"['A08', 'I25', 'I99', 'B34', 'C75', 'F51', 'F52', 'G12', 'G98', 'K02']","['viral and specified intestinal infections', 'chronic ischaemic heart disease', 'disorders of circulatory system', 'viral infection of site', 'malignant neoplasm of endocrine glands and related structures', 'sleep disorders', 'sexual dysfunction', 'spinal muscular atrophy and related syndromes', 'disorders of nervous system', 'dental caries']","[1, 1, 1, 0, 1, 0, 0, 1, 3, 0]",0.8
1395,417,Lamivudine,"['L84', 'N25', 'N18']","['corns and callosities', 'disorders resulting from impaired renal tubular function', 'chronic renal failure']","[0, 1, 105]",35.333333333333336
1396,266,Amlodipine,"['N39', 'I95']","['disorders of urinary system', 'hypotension']","[33, 5374]",2703.5
1397,433,Ibrutinib,"['B18', 'C22', 'C24']","['chronic viral hepatitis', 'malignant neoplasm of liver and intrahepatic bile ducts', 'malignant neoplasm of parts of biliary tract']","[11, 8, 0]",6.333333333333333
1398,408,Tenoxicam,"['K83', 'K85', 'K86', 'B18', 'C22', 'C24', 'C25', 'K80', 'K81', 'K82']","['diseases of biliary tract', 'acute pancreatitis', 'diseases of pancreas', 'chronic viral hepatitis', 'malignant neoplasm of liver and intrahepatic bile ducts', 'malignant neoplasm of parts of biliary tract', 'malignant neoplasm of pancreas', 'cholelithiasis', 'cholecystitis', 'diseases of gallbladder']","[2, 0, 1, 0, 1, 0, 0, 3, 1, 0]",0.8
1399,176,Ethanol,"['K74', 'I85', 'C22', 'K31', 'K72', 'B99']","['fibrosis and cirrhosis of liver', 'oesophageal varices', 'malignant neoplasm of liver and intrahepatic bile ducts', 'diseases of stomach and duodenum', 'hepatic failure', 'infectious diseases']","[3941, 139, 3004, 1835, 629, 2328]",1979.3333333333333
1400,334,Sitagliptin,"['L28', 'K76', 'D73', 'E51', 'M89']","['lichen simplex chronicus and prurigo', 'diseases of liver', 'diseases of spleen', 'thiamine deficiency', 'disorders of bone']","[1, 120, 3, 0, 21]",29.0
1401,379,Calcitriol,"['F13', 'F33', 'F41', 'F43', 'F45', 'F32']","['mental and behavioural disorders due to use of sedatives or hypnotics', 'recurrent depressive disorder', 'anxiety disorders', 'reaction to severe stress, and adjustment disorders', 'somatoform disorders', 'depressive episode']","[25, 1, 16, 15, 1, 1]",9.833333333333334
1402,77,Procyclidine,"['F11', 'F13', 'F19', 'B18', 'B24', 'F14', 'F15']","['mental and behavioural disorders due to use of opioids', 'mental and behavioural disorders due to use of sedatives or hypnotics', 'mental and behavioural disorders due to multiple drug use and use of psychoactive substances', 'chronic viral hepatitis', 'human immunodeficiency virus [hiv] disease', 'mental and behavioural disorders due to use of cocaine', 'mental and behavioural disorders due to use of stimulants, including caffeine']","[0, 23, 4, 0, 0, 0, 0]",3.857142857142857
1403,291,Fluorescein,"['L89', 'N08', 'E11', 'E55', 'G61', 'I13', 'I33', 'L28']","['decubitus ulcer', 'glomerular disorders in diseases classified elsewhere', 'non-insulin-dependent diabetes mellitus', 'vitamin d deficiency', 'inflammatory polyneuropathy', 'hypertensive heart and renal disease', 'acute and subacute endocarditis', 'lichen simplex chronicus and prurigo']","[23, 0, 748, 19, 368, 1249, 4, 1]",301.5
1404,56,Sildenafil,"['F32', 'F33', 'F41', 'F45']","['depressive episode', 'recurrent depressive disorder', 'anxiety disorders', 'somatoform disorders']","[5, 0, 33, 2]",10.0
1405,411,Hyoscyamine,"['G31', 'F10', 'F43']","['degenerative diseases of nervous system', 'mental and behavioural disorders due to use of alcohol', 'reaction to severe stress, and adjustment disorders']","[0, 0, 1]",0.3333333333333333
1406,461,Ephedra,"['N41', 'D40', 'N42', 'C61', 'C64']","['inflammatory diseases of prostate', 'neoplasm of uncertain or unknown behaviour of male genital organs', 'disorders of prostate', 'malignant neoplasm of prostate', 'malignant neoplasm of kidney, except renal pelvis']","[0, 0, 0, 0, 0]",0.0
1407,23,Bupivacaine,"['E88', 'F79', 'G25', 'G41', 'I47', 'J69', 'G40', 'J96']","['metabolic disorders', 'mental retardation', 'extrapyramidal and movement disorders', 'status epilepticus', 'paroxysmal tachycardia', 'pneumonitis due to solids and liquids', 'epilepsy', 'respiratory failure']","[163, 12, 38, 3, 348, 28]",98.66666666666667
1408,205,Zucapsaicin,"['D52', 'J41', 'L71', 'F17', 'J42', 'J13', 'J39', 'K04', 'K08', 'K12', 'L08', 'N62']","['folate deficiency anaemia', 'simple and mucopurulent chronic bronchitis', 'rosacea', 'mental and behavioural disorders due to use of tobacco', 'chronic bronchitis', 'pneumonia due to streptococcus pneumoniae', 'diseases of upper respiratory tract', 'diseases of pulp and periapical tissues', 'disorders of teeth and supporting structures', 'stomatitis and related lesions', 'local infections of skin and subcutaneous tissue', 'hypertrophy of breast']","[0, 0, 0, 0, 0, 0, 0, 2, 0, 0, 0]",0.18181818181818182
1409,408,Turoctocog alfa,"['K83', 'K85', 'K86', 'B18', 'C22', 'C24', 'C25', 'K80', 'K81', 'K82']","['diseases of biliary tract', 'acute pancreatitis', 'diseases of pancreas', 'chronic viral hepatitis', 'malignant neoplasm of liver and intrahepatic bile ducts', 'malignant neoplasm of parts of biliary tract', 'malignant neoplasm of pancreas', 'cholelithiasis', 'cholecystitis', 'diseases of gallbladder']","[0, 0, 0, 0, 0, 0, 0, 0, 0]",0.0
1410,203,Mesalazine,"['F32', 'F48', 'B37', 'F51', 'K02', 'K04', 'K08']","['depressive episode', 'neurotic disorders', 'candidiasis', 'sleep disorders', 'dental caries', 'diseases of pulp and periapical tissues', 'disorders of teeth and supporting structures']","[0, 0, 3, 4, 0, 2, 72]",11.571428571428571
1411,398,Salsalate,"['I31', 'G60', 'H57', 'I50', 'D52', 'F09', 'I13', 'I25', 'I99', 'J01', 'J41', 'M46']","['diseases of pericardium', 'hereditary and idiopathic neuropathy', 'disorders of eye and adnexa', 'heart failure', 'folate deficiency anaemia', 'organic or symptomatic mental disorder', 'hypertensive heart and renal disease', 'chronic ischaemic heart disease', 'disorders of circulatory system', 'acute sinusitis', 'simple and mucopurulent chronic bronchitis', 'inflammatory spondylopathies']","[0, 2, 1, 2, 0, 5, 20, 1, 10, 0, 0, 0]",3.4166666666666665
1412,411,Romidepsin,"['G31', 'F10', 'F43']","['degenerative diseases of nervous system', 'mental and behavioural disorders due to use of alcohol', 'reaction to severe stress, and adjustment disorders']","[0, 1, 0]",0.3333333333333333
1413,169,Ranolazine,"['N39', 'N41']","['disorders of urinary system', 'inflammatory diseases of prostate']","[0, 0]",0.0
1414,433,Quinapril,"['B18', 'C22', 'C24']","['chronic viral hepatitis', 'malignant neoplasm of liver and intrahepatic bile ducts', 'malignant neoplasm of parts of biliary tract']","[0, 0, 0]",0.0
1415,351,Auranofin,"['A02', 'A48', 'A69', 'B07', 'B36', 'B44', 'B49', 'B86', 'C11', 'C26', 'C41', 'C45', 'C50', 'C60', 'C66', 'C69', 'C76', 'C84', 'C88', 'D03', 'D07', 'D31', 'D34', 'D51', 'D89', 'E07', 'E22', 'E23', 'E27', 'E46', 'E74', 'E85', 'F52', 'G24', 'G52', 'G90', 'G92', 'H21', 'H31', 'H55', 'H61', 'J02', 'J11', 'J12', 'J61', 'K11', 'K41', 'L25', 'L60', 'L80', 'L81', 'M12', 'M60', 'N11', 'N34', 'N36', 'N50']","['salmonella infections', 'bacterial diseases', 'spirochaetal infections', 'viral warts', 'superficial mycoses', 'aspergillosis', 'mycosis', 'scabies', 'malignant neoplasm of nasopharynx', 'malignant neoplasm of ill-defined digestive organs', 'malignant neoplasm of bone and articular cartilage of sites', 'mesothelioma', 'malignant neoplasm of breast', 'malignant neoplasm of penis', 'malignant neoplasm of ureter', 'malignant neoplasm of eye and adnexa', 'malignant neoplasm of ill-defined sites', 'peripheral and cutaneous t-cell lymphomas', 'malignant immunoproliferative diseases', 'melanoma in situ', 'carcinoma in situ of genital organs', 'benign neoplasm of eye and adnexa', 'benign neoplasm of thyroid gland', 'vitamin b12 deficiency anaemia', 'disorders involving the immune mechanism', 'disorders of thyroid', 'hyperfunction of pituitary gland', 'hypofunction and disorders of pituitary gland', 'disorders of adrenal gland', 'protein-energy malnutrition', 'disorders of carbohydrate metabolism', 'amyloidosis', 'sexual dysfunction', 'dystonia', 'disorders of cranial nerves', 'disorders of autonomic nervous system', 'toxic encephalopathy', 'disorders of iris and ciliary body', 'disorders of choroid', 'nystagmus and irregular eye movements', 'disorders of external ear', 'acute pharyngitis', 'influenza virus', 'viral pneumonia', 'pneumoconiosis due to asbestos and mineral fibres', 'diseases of salivary glands', 'femoral hernia', 'contact dermatitis', 'nail disorders', 'vitiligo', 'disorders of pigmentation', 'specific arthropathies', 'myositis', 'chronic tubulo-interstitial nephritis', 'urethritis and urethral syndrome', 'disorders of urethra', 'disorders of male genital organs']","[1, 86, 1, 0, 0, 1, 8, 0, 0, 0, 6, 2, 42, 0, 0, 2, 0, 56, 30, 1, 0, 2, 0, 0, 3, 0, 0, 0, 0, 0, 3, 2, 0, 0, 0, 0, 0, 0, 0, 0, 0, 0, 1, 8, 0, 2, 0, 5, 0, 0, 1, 26, 1, 0, 0, 0]",5.178571428571429
1416,209,Limaprost,"['G46', 'I63', 'I64', 'I66']","['vascular syndromes of brain in cerebrovascular diseases', 'cerebral infarction', 'stroke', 'occlusion and stenosis of cerebral arteries']","[0, 1, 1, 0]",0.5
1417,74,Copper,"['E11', 'E66', 'E78', 'E79', 'G47']","['non-insulin-dependent diabetes mellitus', 'obesity', 'disorders of lipoprotein metabolism and lipidaemias', 'disorders of purine and pyrimidine metabolism', 'sleep disorders']","[396, 782, 561, 1083]",705.5
1418,210_305,Nilotinib,"['M43', 'M48', 'M51', 'M54', 'M96', 'G54', 'H61']","['deforming dorsopathies', 'spondylopathies', 'intervertebral disk disorders', 'dorsalgia', 'postprocedural musculoskeletal disorders', 'nerve root and plexus disorders', 'disorders of external ear']","[0, 7, 0, 3, 0, 1, 0]",1.5714285714285714
1419,248,Lovastatin,"['M11', 'M17', 'M21', 'M71', 'M93', 'M94']","['crystal arthropathies', 'gonarthrosis [arthrosis of knee]', 'acquired deformities of limbs', 'bursopathies', 'osteochondropathies', 'disorders of cartilage']","[4, 9, 0, 0, 0, 21]",5.666666666666667
1420,244,Ulobetasol,"['L71', 'K70', 'D53', 'F05', 'G31']","['rosacea', 'alcoholic liver disease', 'nutritional anaemias', 'delirium', 'degenerative diseases of nervous system']","[0, 0, 0, 0, 0]",0.0
1421,436,Romidepsin,"['H02', 'C44', 'D22', 'D23', 'L57', 'L82']","['disorders of eyelid', 'malignant neoplasms of skin', 'melanocytic naevi', 'benign neoplasms of skin', 'skin changes due to chronic exposure to nonionising radiation', 'seborrhoeic keratosis']","[0, 68, 0, 72, 0, 0]",23.333333333333332
1422,5,Oxaprozin,"['A49', 'B27', 'J03', 'J11', 'J38', 'L50']","['bacterial infection of site', 'infectious mononucleosis', 'acute tonsillitis', 'influenza virus', 'diseases of vocal cords and larynx', 'urticaria']","[0, 0, 0, 0, 0, 0]",0.0
1423,27,Proguanil,"['G40', 'G41', 'G47', 'G81', 'G91']","['epilepsy', 'status epilepticus', 'sleep disorders', 'hemiplegia', 'hydrocephalus']","[9, 0, 2, 0, 0]",2.2
1424,290,Flunisolide,"['K51', 'D73', 'J04', 'K29', 'A69', 'D16', 'D21', 'L50', 'N10', 'N62']","['ulcerative colitis', 'diseases of spleen', 'acute laryngitis and tracheitis', 'gastritis and duodenitis', 'spirochaetal infections', 'benign neoplasm of bone and articular cartilage', 'benign neoplasms of connective and soft tissue', 'urticaria', 'acute tubulo-interstitial nephritis', 'hypertrophy of breast']","[0, 0, 0, 0, 0, 0, 1, 0, 0, 0]",0.1
1425,346,Technetium Tc-99m tetrofosmin,"['N10', 'N18', 'B02', 'B25', 'H10', 'I13', 'N05']","['acute tubulo-interstitial nephritis', 'chronic renal failure', 'zoster [herpes zoster]', 'cytomegaloviral disease', 'conjunctivitis', 'hypertensive heart and renal disease', 'minor glomerular abnormality']","[0, 8, 0, 0, 0, 24, 0]",4.571428571428571
1426,408,Dimethyl sulfoxide,"['K83', 'K85', 'K86', 'B18', 'C22', 'C24', 'C25', 'K80', 'K81', 'K82']","['diseases of biliary tract', 'acute pancreatitis', 'diseases of pancreas', 'chronic viral hepatitis', 'malignant neoplasm of liver and intrahepatic bile ducts', 'malignant neoplasm of parts of biliary tract', 'malignant neoplasm of pancreas', 'cholelithiasis', 'cholecystitis', 'diseases of gallbladder']","[9, 37, 77, 9, 217, 0, 32, 23, 1, 5]",41.0
1427,74,Ixazomib,"['E11', 'E66', 'E78', 'E79', 'G47']","['non-insulin-dependent diabetes mellitus', 'obesity', 'disorders of lipoprotein metabolism and lipidaemias', 'disorders of purine and pyrimidine metabolism', 'sleep disorders']","[0, 1, 1, 9, 1]",2.4
1428,416,Oxymetazoline,"['L82', 'M54', 'M79']","['seborrhoeic keratosis', 'dorsalgia', 'soft tissue disorders']","[0, 0, 0]",0.0
1429,131,Aclidinium,"['F11', 'F13', 'F33', 'F43', 'F60']","['mental and behavioural disorders due to use of opioids', 'mental and behavioural disorders due to use of sedatives or hypnotics', 'recurrent depressive disorder', 'reaction to severe stress, and adjustment disorders', 'specific personality disorders']","[0, 0, 0, 0, 0]",0.0
1430,274,Conestat alfa,"['J47', 'J44', 'A16', 'B44', 'D52', 'J04', 'J39', 'L28', 'M00']","['bronchiectasis', 'chronic obstructive pulmonary disease', 'respiratory tuberculosis', 'aspergillosis', 'folate deficiency anaemia', 'acute laryngitis and tracheitis', 'diseases of upper respiratory tract', 'lichen simplex chronicus and prurigo', 'pyogenic arthritis']","[0, 0, 0, 0, 0, 0, 0, 0, 0]",0.0
1431,346,Ergocalciferol,"['N10', 'N18', 'B02', 'B25', 'H10', 'I13', 'N05']","['acute tubulo-interstitial nephritis', 'chronic renal failure', 'zoster [herpes zoster]', 'cytomegaloviral disease', 'conjunctivitis', 'hypertensive heart and renal disease', 'minor glomerular abnormality']","[0, 298, 0, 0, 0, 922, 0]",174.28571428571428
1432,343,Tiapride,"['M89', 'F32', 'F60', 'G83']","['disorders of bone', 'depressive episode', 'specific personality disorders', 'paralytic syndromes']","[0, 1, 0, 0]",0.25
1433,72,Melperone,"['N18', 'D64', 'N19']","['chronic renal failure', 'anaemias', 'renal failure']","[0, 0, 0]",0.0
1434,394,Etonogestrel,"['B36', 'D34', 'E72', 'F09', 'G90', 'I10', 'I30', 'I33', 'I60', 'I78', 'J13', 'J30', 'K73', 'L08', 'L21', 'L23', 'L29', 'L71', 'L85', 'N02', 'N04', 'C74', 'E26', 'E29', 'G37', 'G96', 'H72', 'I68', 'J35', 'K09', 'L70', 'M14', 'N03', 'N49']","['superficial mycoses', 'benign neoplasm of thyroid gland', 'disorders of amino-acid metabolism', 'organic or symptomatic mental disorder', 'disorders of autonomic nervous system', 'essential (primary) hypertension', 'acute pericarditis', 'acute and subacute endocarditis', 'subarachnoid haemorrhage', 'diseases of capillaries', 'pneumonia due to streptococcus pneumoniae', 'vasomotor and allergic rhinitis', 'chronic hepatitis', 'local infections of skin and subcutaneous tissue', 'seborrhoeic dermatitis', 'allergic contact dermatitis', 'pruritus', 'rosacea', 'epidermal thickening', 'recurrent and persistent haematuria', 'nephrotic syndrome', 'malignant neoplasm of adrenal gland', 'hyperaldosteronism', 'testicular dysfunction', 'demyelinating diseases of central nervous system', 'disorders of central nervous system', 'perforation of tympanic membrane', 'cerebrovascular disorders in diseases classified elsewhere', 'chronic diseases of tonsils and adenoids', 'cysts of oral region', 'acne', 'arthropathies in diseases classified elsewhere', 'chronic nephritic syndrome', 'inflammatory disorders of male genital organs']","[0, 0, 1, 4, 0, 0, 1, 1, 0, 0, 0, 2, 0, 12, 0, 0, 3, 0, 0, 11, 0, 0, 1, 0, 0, 4, 0, 0, 0, 1, 25, 0, 0, 0]",1.9411764705882353
1435,392,Nilotinib,"['I77', 'H57', 'I70', 'I73', 'I74', 'L03']","['disorders of arteries and arterioles', 'disorders of eye and adnexa', 'atherosclerosis', 'peripheral vascular diseases', 'arterial embolism and thrombosis', 'cellulitis']","[104, 12, 37, 37, 40, 1]",38.5
1436,408,Repaglinide,"['K83', 'K85', 'K86', 'B18', 'C22', 'C24', 'C25', 'K80', 'K81', 'K82']","['diseases of biliary tract', 'acute pancreatitis', 'diseases of pancreas', 'chronic viral hepatitis', 'malignant neoplasm of liver and intrahepatic bile ducts', 'malignant neoplasm of parts of biliary tract', 'malignant neoplasm of pancreas', 'cholelithiasis', 'cholecystitis', 'diseases of gallbladder']","[0, 2, 1, 3, 0, 1, 0, 0, 0]",0.7777777777777778
1437,80,Bosentan,"['F17', 'J93']","['mental and behavioural disorders due to use of tobacco', 'pneumothorax']","[0, 2]",1.0
1438,299,Clomifene,"['G47', 'J30', 'F51']","['sleep disorders', 'vasomotor and allergic rhinitis', 'sleep disorders']","[7, 5, 7]",6.333333333333333
1439,67,Lenvatinib,"['B20', 'B24']","['human immunodeficiency virus [hiv] disease resulting in infectious and parasitic diseases', 'human immunodeficiency virus [hiv] disease']","[0, 0]",0.0
1440,203,Oxazepam,"['F32', 'F48', 'B37', 'F51', 'K02', 'K04', 'K08']","['depressive episode', 'neurotic disorders', 'candidiasis', 'sleep disorders', 'dental caries', 'diseases of pulp and periapical tissues', 'disorders of teeth and supporting structures']","[5, 41, 0, 79, 1, 0, 36]",23.142857142857142
1441,437,Dexfenfluramine,"['C61', 'C64', 'D40', 'I89']","['malignant neoplasm of prostate', 'malignant neoplasm of kidney, except renal pelvis', 'neoplasm of uncertain or unknown behaviour of male genital organs', 'non-infective disorders of lymphatic vessels and lymph nodes']","[0, 0, 0]",0.0
1442,133,Prednisolone,"['G40', 'G41', 'G81', 'J69', 'F70']","['epilepsy', 'status epilepticus', 'hemiplegia', 'pneumonitis due to solids and liquids', 'mild mental retardation']","[445, 86, 72, 922]",381.25
1443,64,Doxercalciferol,"['K76', 'K65']","['diseases of liver', 'peritonitis']","[4, 7]",5.5
1444,444,Tacrolimus,"['E10', 'E13', 'E16', 'H26', 'H33']","['insulin-dependent diabetes mellitus', 'specified diabetes mellitus', 'disorders of pancreatic internal secretion', 'cataract', 'retinal detachments and breaks']","[381, 2, 22, 43, 74]",104.4
1445,244,Vemurafenib,"['L71', 'K70', 'D53', 'F05', 'G31']","['rosacea', 'alcoholic liver disease', 'nutritional anaemias', 'delirium', 'degenerative diseases of nervous system']","[1, 0, 0, 1, 0]",0.4
1446,394,Suramin,"['B36', 'D34', 'E72', 'F09', 'G90', 'I10', 'I30', 'I33', 'I60', 'I78', 'J13', 'J30', 'K73', 'L08', 'L21', 'L23', 'L29', 'L71', 'L85', 'N02', 'N04', 'C74', 'E26', 'E29', 'G37', 'G96', 'H72', 'I68', 'J35', 'K09', 'L70', 'M14', 'N03', 'N49']","['superficial mycoses', 'benign neoplasm of thyroid gland', 'disorders of amino-acid metabolism', 'organic or symptomatic mental disorder', 'disorders of autonomic nervous system', 'essential (primary) hypertension', 'acute pericarditis', 'acute and subacute endocarditis', 'subarachnoid haemorrhage', 'diseases of capillaries', 'pneumonia due to streptococcus pneumoniae', 'vasomotor and allergic rhinitis', 'chronic hepatitis', 'local infections of skin and subcutaneous tissue', 'seborrhoeic dermatitis', 'allergic contact dermatitis', 'pruritus', 'rosacea', 'epidermal thickening', 'recurrent and persistent haematuria', 'nephrotic syndrome', 'malignant neoplasm of adrenal gland', 'hyperaldosteronism', 'testicular dysfunction', 'demyelinating diseases of central nervous system', 'disorders of central nervous system', 'perforation of tympanic membrane', 'cerebrovascular disorders in diseases classified elsewhere', 'chronic diseases of tonsils and adenoids', 'cysts of oral region', 'acne', 'arthropathies in diseases classified elsewhere', 'chronic nephritic syndrome', 'inflammatory disorders of male genital organs']","[0, 4, 42, 52, 4, 0, 0, 0, 6, 10, 0, 14, 5, 7, 0, 0, 3, 1, 50, 0, 27, 0, 1, 0, 75, 0, 0, 0, 0, 0, 0, 1]",9.4375
1447,238,Coccidioides immitis spherule,"['K25', 'K26', 'K70', 'D52', 'D62', 'F05']","['gastric ulcer', 'duodenal ulcer', 'alcoholic liver disease', 'folate deficiency anaemia', 'acute posthaemorrhagic anaemia', 'delirium']","[1, 1, 0, 0, 0]",0.4
1448,54,Tripelennamine,"['E87', 'F10', 'F17']","['disorders of fluid, electrolyte and acid-base balance', 'mental and behavioural disorders due to use of alcohol', 'mental and behavioural disorders due to use of tobacco']","[0, 11, 1]",4.0
1449,15_73,Nesiritide,"['E10', 'E14', 'E16']","['insulin-dependent diabetes mellitus', 'diabetes mellitus', 'disorders of pancreatic internal secretion']","[79, 1272, 2]",451.0
1450,374,Propacetamol,"['L95', 'C45', 'D89', 'E01', 'E72', 'G90', 'I10', 'I22', 'I33', 'I60', 'I78', 'J04', 'J13', 'K27', 'L08', 'L20', 'L21', 'L23', 'L29', 'L50', 'L71', 'L85', 'M05', 'M31', 'M45', 'M85', 'M96', 'N62']","['vasculitis limited to skin', 'mesothelioma', 'disorders involving the immune mechanism', 'iodine-deficiency-related thyroid disorders and allied conditions', 'disorders of amino-acid metabolism', 'disorders of autonomic nervous system', 'essential (primary) hypertension', 'subsequent myocardial infarction', 'acute and subacute endocarditis', 'subarachnoid haemorrhage', 'diseases of capillaries', 'acute laryngitis and tracheitis', 'pneumonia due to streptococcus pneumoniae', 'acute with perforation', 'local infections of skin and subcutaneous tissue', 'atopic dermatitis', 'seborrhoeic dermatitis', 'allergic contact dermatitis', 'pruritus', 'urticaria', 'rosacea', 'epidermal thickening', 'seropositive rheumatoid arthritis', 'necrotising vasculopathies', 'ankylosing spondylitis', 'disorders of bone density and structure', 'postprocedural musculoskeletal disorders', 'hypertrophy of breast']","[0, 0, 0, 0, 1, 0, 0, 0, 0, 0, 0, 0, 0, 0, 0, 2, 0, 6, 3, 1, 0, 0, 0, 1, 0, 6, 0, 0]",0.7142857142857143
1451,76,Salicylic acid,"['F10', 'K70']","['mental and behavioural disorders due to use of alcohol', 'alcoholic liver disease']","[17, 5]",11.0
1452,364,Hexylresorcinol,"['C65', 'C67', 'C68', 'N30', 'C66']","['malignant neoplasm of renal pelvis', 'malignant neoplasm of bladder', 'malignant neoplasm of urinary organs', 'cystitis', 'malignant neoplasm of ureter']","[0, 0, 0, 0, 0]",0.0
1453,76,Nifedipine,"['F10', 'K70']","['mental and behavioural disorders due to use of alcohol', 'alcoholic liver disease']","[62, 14]",38.0
1454,438,Belinostat,"['B37', 'C34', 'C38', 'C79', 'C80', 'D48', 'D63', 'D70', 'J82', 'M84']","['candidiasis', 'malignant neoplasm of bronchus and lung', 'malignant neoplasm of heart, mediastinum and pleura', 'secondary malignant neoplasm of specified sites', 'malignant neoplasm', 'neoplasm of uncertain or unknown behaviour of sites', 'anaemia in chronic diseases classified elsewhere', 'agranulocytosis', 'pulmonary eosinophilia', 'disorders of continuity of bone']","[0, 26, 1, 0, 232, 2, 0, 0, 0, 0]",26.1
1455,55,Mercaptopurine,"['F11', 'F13', 'F19']","['mental and behavioural disorders due to use of opioids', 'mental and behavioural disorders due to use of sedatives or hypnotics', 'mental and behavioural disorders due to multiple drug use and use of psychoactive substances']","[0, 49, 11]",20.0
1456,140,Entacapone,"['I20', 'I21', 'I25']","['angina pectoris', 'acute myocardial infarction', 'chronic ischaemic heart disease']","[0, 1, 1]",0.6666666666666666
1457,378,Diltiazem,"['F10', 'F13', 'F31', 'F60', 'G31', 'D53', 'E51', 'K08']","['mental and behavioural disorders due to use of alcohol', 'mental and behavioural disorders due to use of sedatives or hypnotics', 'bipolar affective disorder', 'specific personality disorders', 'degenerative diseases of nervous system', 'nutritional anaemias', 'thiamine deficiency', 'disorders of teeth and supporting structures']","[35, 142, 21, 1, 2, 0, 0, 295]",62.0
1458,411,Estradiol benzoate,"['G31', 'F10', 'F43']","['degenerative diseases of nervous system', 'mental and behavioural disorders due to use of alcohol', 'reaction to severe stress, and adjustment disorders']","[2, 3, 0]",1.6666666666666667
1459,351,Dipyrithione,"['A02', 'A48', 'A69', 'B07', 'B36', 'B44', 'B49', 'B86', 'C11', 'C26', 'C41', 'C45', 'C50', 'C60', 'C66', 'C69', 'C76', 'C84', 'C88', 'D03', 'D07', 'D31', 'D34', 'D51', 'D89', 'E07', 'E22', 'E23', 'E27', 'E46', 'E74', 'E85', 'F52', 'G24', 'G52', 'G90', 'G92', 'H21', 'H31', 'H55', 'H61', 'J02', 'J11', 'J12', 'J61', 'K11', 'K41', 'L25', 'L60', 'L80', 'L81', 'M12', 'M60', 'N11', 'N34', 'N36', 'N50']","['salmonella infections', 'bacterial diseases', 'spirochaetal infections', 'viral warts', 'superficial mycoses', 'aspergillosis', 'mycosis', 'scabies', 'malignant neoplasm of nasopharynx', 'malignant neoplasm of ill-defined digestive organs', 'malignant neoplasm of bone and articular cartilage of sites', 'mesothelioma', 'malignant neoplasm of breast', 'malignant neoplasm of penis', 'malignant neoplasm of ureter', 'malignant neoplasm of eye and adnexa', 'malignant neoplasm of ill-defined sites', 'peripheral and cutaneous t-cell lymphomas', 'malignant immunoproliferative diseases', 'melanoma in situ', 'carcinoma in situ of genital organs', 'benign neoplasm of eye and adnexa', 'benign neoplasm of thyroid gland', 'vitamin b12 deficiency anaemia', 'disorders involving the immune mechanism', 'disorders of thyroid', 'hyperfunction of pituitary gland', 'hypofunction and disorders of pituitary gland', 'disorders of adrenal gland', 'protein-energy malnutrition', 'disorders of carbohydrate metabolism', 'amyloidosis', 'sexual dysfunction', 'dystonia', 'disorders of cranial nerves', 'disorders of autonomic nervous system', 'toxic encephalopathy', 'disorders of iris and ciliary body', 'disorders of choroid', 'nystagmus and irregular eye movements', 'disorders of external ear', 'acute pharyngitis', 'influenza virus', 'viral pneumonia', 'pneumoconiosis due to asbestos and mineral fibres', 'diseases of salivary glands', 'femoral hernia', 'contact dermatitis', 'nail disorders', 'vitiligo', 'disorders of pigmentation', 'specific arthropathies', 'myositis', 'chronic tubulo-interstitial nephritis', 'urethritis and urethral syndrome', 'disorders of urethra', 'disorders of male genital organs']","[0, 1, 0, 0, 0, 0, 1, 0, 0, 0, 0, 0, 0, 0, 0, 0, 0, 0, 0, 0, 0, 0, 0, 0, 0, 0, 0, 0, 0, 0, 0, 0, 0, 0, 0, 0, 0, 0, 0, 0, 0, 0, 0, 0, 0, 0, 0, 0, 0, 0, 0, 0, 0, 0]",0.037037037037037035
1460,212,Conjugated estrogens,"['F17', 'J01', 'J37', 'J38', 'J42', 'J43', 'J93', 'J02']","['mental and behavioural disorders due to use of tobacco', 'acute sinusitis', 'chronic laryngitis and laryngotracheitis', 'diseases of vocal cords and larynx', 'chronic bronchitis', 'emphysema', 'pneumothorax', 'acute pharyngitis']","[0, 0, 0, 3, 0, 0, 1, 0]",0.5
1461,414,Ospemifene,"['K83', 'K85', 'K86', 'B18', 'C22', 'C24', 'C25']","['diseases of biliary tract', 'acute pancreatitis', 'diseases of pancreas', 'chronic viral hepatitis', 'malignant neoplasm of liver and intrahepatic bile ducts', 'malignant neoplasm of parts of biliary tract', 'malignant neoplasm of pancreas']","[0, 0, 1, 0, 5, 0, 0]",0.8571428571428571
1462,442,Droxidopa,"['D50', 'D62', 'K25', 'K26']","['iron deficiency anaemia', 'acute posthaemorrhagic anaemia', 'gastric ulcer', 'duodenal ulcer']","[0, 0, 0, 0]",0.0
1463,11,Nadolol,"['C71', 'C79', 'H53']","['malignant neoplasm of brain', 'secondary malignant neoplasm of specified sites', 'visual disturbances']","[10, 0, 0]",3.3333333333333335
1464,271,Sapropterin,"['B02', 'J18', 'J86', 'B00', 'C79', 'D72', 'D73', 'M84']","['zoster [herpes zoster]', 'pneumonia, organism', 'pyothorax', 'herpesviral [herpes simplex] infections', 'secondary malignant neoplasm of specified sites', 'disorders of white blood cells', 'diseases of spleen', 'disorders of continuity of bone']","[0, 0, 0, 0, 0, 12, 2, 2]",2.0
1465,125,Hexylresorcinol,"['K29', 'K31', 'K51', 'K58', 'K59']","['gastritis and duodenitis', 'diseases of stomach and duodenum', 'ulcerative colitis', 'irritable bowel syndrome', 'functional intestinal disorders']","[4, 4, 0, 0, 1]",1.8
1466,238,Reboxetine,"['K25', 'K26', 'K70', 'D52', 'D62', 'F05']","['gastric ulcer', 'duodenal ulcer', 'alcoholic liver disease', 'folate deficiency anaemia', 'acute posthaemorrhagic anaemia', 'delirium']","[0, 0, 0, 0, 2]",0.4
1467,178_435,Flumazenil,"['C43', 'D22']","['malignant melanoma of skin', 'melanocytic naevi']","[0, 0]",0.0
1468,76,Calcipotriol,"['F10', 'K70']","['mental and behavioural disorders due to use of alcohol', 'alcoholic liver disease']","[0, 5]",2.5
1469,411,Nadolol,"['G31', 'F10', 'F43']","['degenerative diseases of nervous system', 'mental and behavioural disorders due to use of alcohol', 'reaction to severe stress, and adjustment disorders']","[0, 43, 1]",14.666666666666666
1470,406,Amitriptyline,"['C19', 'C20', 'K36']","['malignant neoplasm of rectosigmoid junction', 'malignant neoplasm of rectum', 'appendicitis']","[0, 1, 0]",0.3333333333333333
1471,401,Ixazomib,"['F09', 'J62', 'J44', 'J47', 'K20']","['organic or symptomatic mental disorder', 'pneumoconiosis due to dust containing silica', 'chronic obstructive pulmonary disease', 'bronchiectasis', 'oesophagitis']","[5, 0, 0, 0, 2]",1.4
1472,133,Lisuride,"['G40', 'G41', 'G81', 'J69', 'F70']","['epilepsy', 'status epilepticus', 'hemiplegia', 'pneumonitis due to solids and liquids', 'mild mental retardation']","[17, 0, 0, 12, 0]",5.8
1473,117,Baricitinib,"['I84', 'K62', 'D12']","['haemorrhoids', 'diseases of anus and rectum', 'benign neoplasm of colon, rectum, anus and anal canal']","[0, 0, 0]",0.0
1474,179,Daclatasvir,"['C61', 'N32', 'N40', 'D40']","['malignant neoplasm of prostate', 'disorders of bladder', 'hyperplasia of prostate', 'neoplasm of uncertain or unknown behaviour of male genital organs']","[1, 0, 0]",0.3333333333333333
1475,55,Sulfaphenazole,"['F11', 'F13', 'F19']","['mental and behavioural disorders due to use of opioids', 'mental and behavioural disorders due to use of sedatives or hypnotics', 'mental and behavioural disorders due to multiple drug use and use of psychoactive substances']","[0, 21, 1]",7.333333333333333
1476,111,Vilanterol,"['B16', 'K73', 'B18', 'C22']","['acute hepatitis b', 'chronic hepatitis', 'chronic viral hepatitis', 'malignant neoplasm of liver and intrahepatic bile ducts']","[2, 0, 1]",1.0
1477,248,Octreotide,"['M11', 'M17', 'M21', 'M71', 'M93', 'M94']","['crystal arthropathies', 'gonarthrosis [arthrosis of knee]', 'acquired deformities of limbs', 'bursopathies', 'osteochondropathies', 'disorders of cartilage']","[1, 0, 1, 0, 3]",1.0
1478,401,Dextropropoxyphene,"['F09', 'J62', 'J44', 'J47', 'K20']","['organic or symptomatic mental disorder', 'pneumoconiosis due to dust containing silica', 'chronic obstructive pulmonary disease', 'bronchiectasis', 'oesophagitis']","[0, 0, 0, 2]",0.5
1479,411,Omega-3 fatty acids,"['G31', 'F10', 'F43']","['degenerative diseases of nervous system', 'mental and behavioural disorders due to use of alcohol', 'reaction to severe stress, and adjustment disorders']","[30, 149, 70]",83.0
1480,29_105,Quinethazone,"['M24', 'M25', 'M65', 'M67']","['specific joint derangements', 'joint disorders', 'infective (teno)synovitis', 'disorders of synovium and tendon']","[0, 1, 0, 0]",0.25
1481,119,Terazosin,"['F70', 'D75', 'D52', 'F10', 'F22', 'G31', 'L21', 'C10', 'C13', 'E53', 'H10', 'I86', 'N62']","['mild mental retardation', 'diseases of blood and blood-forming organs', 'folate deficiency anaemia', 'mental and behavioural disorders due to use of alcohol', 'persistent delusional disorders', 'degenerative diseases of nervous system', 'seborrhoeic dermatitis', 'malignant neoplasm of oropharynx', 'malignant neoplasm of hypopharynx', 'deficiency of b group vitamins', 'conjunctivitis', 'varicose veins of specified sites', 'hypertrophy of breast']","[0, 63, 0, 4, 0, 0, 0, 0, 0, 0, 0, 0, 0]",5.153846153846154
1482,411,Dalteparin,"['G31', 'F10', 'F43']","['degenerative diseases of nervous system', 'mental and behavioural disorders due to use of alcohol', 'reaction to severe stress, and adjustment disorders']","[0, 1, 3]",1.3333333333333333
1483,76,Fluticasone furoate,"['F10', 'K70']","['mental and behavioural disorders due to use of alcohol', 'alcoholic liver disease']","[3, 0]",1.5
1484,203,Clobetasol propionate,"['F32', 'F48', 'B37', 'F51', 'K02', 'K04', 'K08']","['depressive episode', 'neurotic disorders', 'candidiasis', 'sleep disorders', 'dental caries', 'diseases of pulp and periapical tissues', 'disorders of teeth and supporting structures']","[2, 0, 24, 3, 0, 1, 24]",7.714285714285714
1485,56,Clomifene,"['F32', 'F33', 'F41', 'F45']","['depressive episode', 'recurrent depressive disorder', 'anxiety disorders', 'somatoform disorders']","[3, 4, 7, 1]",3.75
1486,176,Disulfiram,"['K74', 'I85', 'C22', 'K31', 'K72', 'B99']","['fibrosis and cirrhosis of liver', 'oesophageal varices', 'malignant neoplasm of liver and intrahepatic bile ducts', 'diseases of stomach and duodenum', 'hepatic failure', 'infectious diseases']","[81, 1, 75, 9, 33, 95]",49.0
1487,3,Busulfan,"['H73', 'K92']","['disorders of tympanic membrane', 'diseases of digestive system']","[0, 90]",45.0
1488,129,Bivalirudin,"['F17', 'G45', 'J15', 'J20', 'J93', 'L05']","['mental and behavioural disorders due to use of tobacco', 'transient cerebral ischaemic attacks and related syndromes', 'bacterial pneumonia', 'acute bronchitis', 'pneumothorax', 'pilonidal cyst']","[0, 1, 0, 1, 0]",0.4
1489,264,Amoxapine,"['N39', 'A04', 'N30']","['disorders of urinary system', 'bacterial intestinal infections', 'cystitis']","[0, 0, 0]",0.0
1490,427,Terbutaline,"['N30', 'N43', 'D29', 'N10', 'N39', 'H10', 'N02', 'N40', 'N41', 'N42']","['cystitis', 'hydrocele and spermatocele', 'benign neoplasm of male genital organs', 'acute tubulo-interstitial nephritis', 'disorders of urinary system', 'conjunctivitis', 'recurrent and persistent haematuria', 'hyperplasia of prostate', 'inflammatory diseases of prostate', 'disorders of prostate']","[0, 0, 1, 0, 2, 2, 74, 2, 0, 1]",8.2
1491,167,Diphenylpyraline,"['M19', 'M24', 'M25', 'M65', 'M67', 'M75', 'M77', 'M66', 'M76']","['arthrosis', 'specific joint derangements', 'joint disorders', 'infective (teno)synovitis', 'disorders of synovium and tendon', 'shoulder lesions', 'enthesopathies', 'spontaneous rupture of synovium and tendon', 'enthesopathies of lower limb, excluding foot']","[0, 0, 0, 0, 1, 0, 0, 1, 0]",0.2222222222222222
1492,442,Mequitazine,"['D50', 'D62', 'K25', 'K26']","['iron deficiency anaemia', 'acute posthaemorrhagic anaemia', 'gastric ulcer', 'duodenal ulcer']","[0, 0, 1, 0]",0.25
1493,244,Cyproterone acetate,"['L71', 'K70', 'D53', 'F05', 'G31']","['rosacea', 'alcoholic liver disease', 'nutritional anaemias', 'delirium', 'degenerative diseases of nervous system']","[1, 0, 0, 0]",0.25
1494,445,Reboxetine,"['G91', 'I60', 'H04', 'H21', 'E11', 'E53', 'E55', 'G82', 'N08']","['hydrocephalus', 'subarachnoid haemorrhage', 'disorders of lachrymal system', 'disorders of iris and ciliary body', 'non-insulin-dependent diabetes mellitus', 'deficiency of b group vitamins', 'vitamin d deficiency', 'paraplegia and tetraplegia', 'glomerular disorders in diseases classified elsewhere']","[1, 0, 1, 0, 0, 0, 0, 0]",0.25
1495,64,Tolbutamide,"['K76', 'K65']","['diseases of liver', 'peritonitis']","[243, 11]",127.0
1496,222_294,Oxymorphone,"['G93', 'I46']","['disorders of brain', 'cardiac arrest']","[12, 1]",6.5
1497,381,Glycyrrhizic acid,"['J04', 'F17', 'D51', 'H49', 'J82', 'K04', 'K12']","['acute laryngitis and tracheitis', 'mental and behavioural disorders due to use of tobacco', 'vitamin b12 deficiency anaemia', 'paralytic strabismus', 'pulmonary eosinophilia', 'diseases of pulp and periapical tissues', 'stomatitis and related lesions']","[0, 0, 0, 0, 0, 0, 20]",2.857142857142857
1498,110,Luliconazole,"['N18', 'D64']","['chronic renal failure', 'anaemias']","[0, 0]",0.0
1499,291,Oxprenolol,"['L89', 'N08', 'E11', 'E55', 'G61', 'I13', 'I33', 'L28']","['decubitus ulcer', 'glomerular disorders in diseases classified elsewhere', 'non-insulin-dependent diabetes mellitus', 'vitamin d deficiency', 'inflammatory polyneuropathy', 'hypertensive heart and renal disease', 'acute and subacute endocarditis', 'lichen simplex chronicus and prurigo']","[0, 0, 2, 0, 0, 189, 0, 0]",23.875
1500,189,Moroctocog alfa,"['M45', 'E13', 'D35', 'I10', 'I12', 'I72', 'I77', 'K20', 'L98', 'N05', 'I13']","['ankylosing spondylitis', 'specified diabetes mellitus', 'benign neoplasm of endocrine glands', 'essential (primary) hypertension', 'hypertensive renal disease', 'aneurysm', 'disorders of arteries and arterioles', 'oesophagitis', 'disorders of skin and subcutaneous tissue', 'minor glomerular abnormality', 'hypertensive heart and renal disease']","[0, 0, 0, 0, 0, 0, 2, 1, 2, 0, 3]",0.7272727272727273
1501,13,Memantine,"['D80', 'E61', 'G00', 'H02', 'H04', 'J01', 'K00', 'K76', 'M43', 'J35', 'J36']","['immunodeficiency with antibody defects', 'deficiency of nutrient elements', 'bacterial meningitis', 'disorders of eyelid', 'disorders of lachrymal system', 'acute sinusitis', 'disorders of tooth development and eruption', 'diseases of liver', 'deforming dorsopathies', 'chronic diseases of tonsils and adenoids', 'peritonsillar abscess']","[0, 0, 6, 2, 0, 0, 2, 21, 0, 0, 0]",2.8181818181818183
1502,55,Doconexent,"['F11', 'F13', 'F19']","['mental and behavioural disorders due to use of opioids', 'mental and behavioural disorders due to use of sedatives or hypnotics', 'mental and behavioural disorders due to multiple drug use and use of psychoactive substances']","[0, 0, 0]",0.0
1503,3,Diethylpropion,"['H73', 'K92']","['disorders of tympanic membrane', 'diseases of digestive system']","[0, 4]",2.0
1504,129,Carmustine,"['F17', 'G45', 'J15', 'J20', 'J93', 'L05']","['mental and behavioural disorders due to use of tobacco', 'transient cerebral ischaemic attacks and related syndromes', 'bacterial pneumonia', 'acute bronchitis', 'pneumothorax', 'pilonidal cyst']","[0, 30, 6, 0, 6, 0]",7.0
1505,401,Fexofenadine,"['F09', 'J62', 'J44', 'J47', 'K20']","['organic or symptomatic mental disorder', 'pneumoconiosis due to dust containing silica', 'chronic obstructive pulmonary disease', 'bronchiectasis', 'oesophagitis']","[136, 0, 2, 0, 1]",27.8
1506,10,Cyproterone acetate,"['J20', 'J30', 'J42', 'L30', 'D80']","['acute bronchitis', 'vasomotor and allergic rhinitis', 'chronic bronchitis', 'dermatitis', 'immunodeficiency with antibody defects']","[0, 12, 0, 62, 0]",14.8
1507,5,Micafungin,"['A49', 'B27', 'J03', 'J11', 'J38', 'L50']","['bacterial infection of site', 'infectious mononucleosis', 'acute tonsillitis', 'influenza virus', 'diseases of vocal cords and larynx', 'urticaria']","[5, 0, 0, 2, 3, 0]",1.6666666666666667
1508,454,Menthyl salicylate,"['G40', 'G41', 'G81', 'I61', 'I62']","['epilepsy', 'status epilepticus', 'hemiplegia', 'intracerebral haemorrhage', 'nontraumatic intracranial haemorrhage']","[0, 0, 0, 0, 0]",0.0
1509,161,Prednisone,"['M17', 'M66', 'M71', 'M93']","['gonarthrosis [arthrosis of knee]', 'spontaneous rupture of synovium and tendon', 'bursopathies', 'osteochondropathies']","[20, 117, 0, 0]",34.25
1510,118,Ethotoin,"['F70', 'D53', 'F10', 'F34', 'F05', 'G31', 'H10', 'K72', 'L21']","['mild mental retardation', 'nutritional anaemias', 'mental and behavioural disorders due to use of alcohol', 'persistent mood [affective] disorders', 'delirium', 'degenerative diseases of nervous system', 'conjunctivitis', 'hepatic failure', 'seborrhoeic dermatitis']","[0, 0, 0, 0, 0, 0, 0, 0, 0]",0.0
1511,247,Nandrolone phenpropionate,"['M11', 'M71', 'M93']","['crystal arthropathies', 'bursopathies', 'osteochondropathies']","[0, 0, 0]",0.0
1512,411,Mycophenolic acid,"['G31', 'F10', 'F43']","['degenerative diseases of nervous system', 'mental and behavioural disorders due to use of alcohol', 'reaction to severe stress, and adjustment disorders']","[2, 5]",3.5
1513,176,Neostigmine,"['K74', 'I85', 'C22', 'K31', 'K72', 'B99']","['fibrosis and cirrhosis of liver', 'oesophageal varices', 'malignant neoplasm of liver and intrahepatic bile ducts', 'diseases of stomach and duodenum', 'hepatic failure', 'infectious diseases']","[19, 2, 5, 109, 13, 19]",27.833333333333332
1514,233,Droperidol,"['K25', 'K26']","['gastric ulcer', 'duodenal ulcer']","[3, 1]",2.0
1515,266,Lomitapide,"['N39', 'I95']","['disorders of urinary system', 'hypotension']","[0, 1]",0.5
1516,244,Corticotropin,"['L71', 'K70', 'D53', 'F05', 'G31']","['rosacea', 'alcoholic liver disease', 'nutritional anaemias', 'delirium', 'degenerative diseases of nervous system']","[2, 30, 12, 58, 33]",27.0
1517,140,Zalcitabine,"['I20', 'I21', 'I25']","['angina pectoris', 'acute myocardial infarction', 'chronic ischaemic heart disease']","[1, 4, 1]",2.0
1518,133,Furosemide,"['G40', 'G41', 'G81', 'J69', 'F70']","['epilepsy', 'status epilepticus', 'hemiplegia', 'pneumonitis due to solids and liquids', 'mild mental retardation']","[67, 8, 12, 0]",21.75
1519,47,Etomidate,"['N12', 'N39']","['tubulo-interstitial nephritis', 'disorders of urinary system']","[0, 1]",0.5
1520,40,Natalizumab,"['J45', 'J46']","['asthma', 'status asthmaticus']","[9, 0]",4.5
1521,438,Acetophenazine,"['B37', 'C34', 'C38', 'C79', 'C80', 'D48', 'D63', 'D70', 'J82', 'M84']","['candidiasis', 'malignant neoplasm of bronchus and lung', 'malignant neoplasm of heart, mediastinum and pleura', 'secondary malignant neoplasm of specified sites', 'malignant neoplasm', 'neoplasm of uncertain or unknown behaviour of sites', 'anaemia in chronic diseases classified elsewhere', 'agranulocytosis', 'pulmonary eosinophilia', 'disorders of continuity of bone']","[0, 0, 0, 0, 0, 0, 0, 0]",0.0
1522,190,Anileridine,"['M54', 'G54', 'L50', 'M71', 'M76']","['dorsalgia', 'nerve root and plexus disorders', 'urticaria', 'bursopathies', 'enthesopathies of lower limb, excluding foot']","[0, 0, 0, 0, 0]",0.0
1523,397,Halothane,"['I48', 'A48', 'C76', 'H18', 'H61', 'I33', 'J30', 'K04']","['atrial fibrillation and flutter', 'bacterial diseases', 'malignant neoplasm of ill-defined sites', 'disorders of cornea', 'disorders of external ear', 'acute and subacute endocarditis', 'vasomotor and allergic rhinitis', 'diseases of pulp and periapical tissues']","[31, 80, 0, 1, 2, 1, 87, 2]",25.5
1524,425,Linagliptin,"['M54', 'B00', 'G43', 'G83', 'M76', 'M93']","['dorsalgia', 'herpesviral [herpes simplex] infections', 'migraine', 'paralytic syndromes', 'enthesopathies of lower limb, excluding foot', 'osteochondropathies']","[3, 2, 0, 0, 0]",1.0
1525,303,Doxepin,"['G40', 'G41', 'F01', 'F71']","['epilepsy', 'status epilepticus', 'vascular dementia', 'moderate mental retardation']","[9, 1, 1, 0]",2.75
1526,239,Bisoprolol,"['K76', 'A04', 'D61', 'E55', 'K46', 'K55', 'K75']","['diseases of liver', 'bacterial intestinal infections', 'aplastic anaemias', 'vitamin d deficiency', 'abdominal hernia', 'vascular disorders of intestine', 'inflammatory liver diseases']","[22, 0, 0, 0, 0, 1, 0]",3.2857142857142856
1527,81,Dexmedetomidine,"['F19', 'F90']","['mental and behavioural disorders due to multiple drug use and use of psychoactive substances', 'hyperkinetic disorders']","[31, 0]",15.5
1528,272,Celecoxib,"['B16', 'K73', 'B18', 'C22', 'F19']","['acute hepatitis b', 'chronic hepatitis', 'chronic viral hepatitis', 'malignant neoplasm of liver and intrahepatic bile ducts', 'mental and behavioural disorders due to multiple drug use and use of psychoactive substances']","[0, 9, 2, 136, 19]",33.2
1529,225,Remoxipride,"['D12', 'I84', 'K60', 'K64']","['benign neoplasm of colon, rectum, anus and anal canal', 'haemorrhoids', 'fissure and fistula of anal and rectal regions', 'haemorrhoids and perianal venous thrombosis']","[0, 0, 1, 0]",0.25
1530,421,Trimethadione,"['M66', 'M24', 'M65', 'M67', 'M71', 'M93', 'M94']","['spontaneous rupture of synovium and tendon', 'specific joint derangements', 'infective (teno)synovitis', 'disorders of synovium and tendon', 'bursopathies', 'osteochondropathies', 'disorders of cartilage']","[0, 0, 0, 0, 0, 0, 0]",0.0
1531,98,Danazol,"['K51', 'K25', 'K26', 'K29', 'K58', 'K59']","['ulcerative colitis', 'gastric ulcer', 'duodenal ulcer', 'gastritis and duodenitis', 'irritable bowel syndrome', 'functional intestinal disorders']","[2, 0, 0, 10, 11]",4.6
1532,382,Fulvestrant,"['F32', 'G20', 'G35', 'F48', 'K02', 'N48']","['depressive episode', ""parkinson's disease"", 'multiple sclerosis', 'neurotic disorders', 'dental caries', 'disorders of penis']","[1, 5, 6, 0, 0, 0]",2.0
1533,110,Levobunolol,"['N18', 'D64']","['chronic renal failure', 'anaemias']","[0, 0]",0.0
1534,405,Isoflurane,"['K83', 'B18', 'C22', 'C24', 'C25', 'K80', 'K81', 'K82', 'K85', 'K86']","['diseases of biliary tract', 'chronic viral hepatitis', 'malignant neoplasm of liver and intrahepatic bile ducts', 'malignant neoplasm of parts of biliary tract', 'malignant neoplasm of pancreas', 'cholelithiasis', 'cholecystitis', 'diseases of gallbladder', 'acute pancreatitis', 'diseases of pancreas']","[4, 0, 41, 0, 6, 9, 8, 2, 7, 19]",9.6
1535,23,Voxilaprevir,"['E88', 'F79', 'G25', 'G41', 'I47', 'J69', 'G40', 'J96']","['metabolic disorders', 'mental retardation', 'extrapyramidal and movement disorders', 'status epilepticus', 'paroxysmal tachycardia', 'pneumonitis due to solids and liquids', 'epilepsy', 'respiratory failure']","[3, 0, 0, 0, 0, 0, 0, 0]",0.375
1536,190,Proguanil,"['M54', 'G54', 'L50', 'M71', 'M76']","['dorsalgia', 'nerve root and plexus disorders', 'urticaria', 'bursopathies', 'enthesopathies of lower limb, excluding foot']","[1, 0, 2, 0, 0]",0.6
1537,448,Norfloxacin,"['F32', 'F33', 'F41', 'F43', 'F45']","['depressive episode', 'recurrent depressive disorder', 'anxiety disorders', 'reaction to severe stress, and adjustment disorders', 'somatoform disorders']","[0, 0, 0, 1, 0]",0.2
1538,302,Alfuzosin,"['G30', 'F00']","[""alzheimer's disease"", ""dementia in alzheimer's disease""]","[5, 5]",5.0
1539,59,Nitric Oxide,"['F91', 'F90', 'F98']","['conduct disorders', 'hyperkinetic disorders', 'behavioural and emotional disorders with onset usually occurring in childhood and adolescence']","[35, 17, 19211]",6421.0
1540,149,Levamlodipine,"['J44', 'J98']","['chronic obstructive pulmonary disease', 'respiratory disorders']","[0, 0]",0.0
1541,379,Alfacalcidol,"['F13', 'F33', 'F41', 'F43', 'F45', 'F32']","['mental and behavioural disorders due to use of sedatives or hypnotics', 'recurrent depressive disorder', 'anxiety disorders', 'reaction to severe stress, and adjustment disorders', 'somatoform disorders', 'depressive episode']","[2, 0, 0, 1, 1]",0.8
1542,131,Sodium ferric gluconate complex,"['F11', 'F13', 'F33', 'F43', 'F60']","['mental and behavioural disorders due to use of opioids', 'mental and behavioural disorders due to use of sedatives or hypnotics', 'recurrent depressive disorder', 'reaction to severe stress, and adjustment disorders', 'specific personality disorders']","[0, 0, 0, 0, 0]",0.0
1543,3,Fluocinonide,"['H73', 'K92']","['disorders of tympanic membrane', 'diseases of digestive system']","[0, 1]",0.5
1544,410,Sulfasalazine,"['I85', 'K70', 'K72', 'K74']","['oesophageal varices', 'alcoholic liver disease', 'hepatic failure', 'fibrosis and cirrhosis of liver']","[1, 3, 39, 107]",37.5
1545,195,Bortezomib,"['E78', 'G45', 'G51', 'H81', 'I72', 'I77', 'K75']","['disorders of lipoprotein metabolism and lipidaemias', 'transient cerebral ischaemic attacks and related syndromes', 'facial nerve disorders', 'disorders of vestibular function', 'aneurysm', 'disorders of arteries and arterioles', 'inflammatory liver diseases']","[8, 137, 2, 1, 7, 62, 10]",32.42857142857143
1546,443,Ipecac,"['D75', 'D64', 'D68', 'E21', 'E83']","['diseases of blood and blood-forming organs', 'anaemias', 'coagulation defects', 'hyperparathyroidism and disorders of parathyroid gland', 'disorders of mineral metabolism']","[8, 2, 3, 0, 0]",2.6
1547,239,Nicergoline,"['K76', 'A04', 'D61', 'E55', 'K46', 'K55', 'K75']","['diseases of liver', 'bacterial intestinal infections', 'aplastic anaemias', 'vitamin d deficiency', 'abdominal hernia', 'vascular disorders of intestine', 'inflammatory liver diseases']","[1, 0, 0, 0, 0, 0, 0]",0.14285714285714285
1548,378,Homatropine Methylbromide,"['F10', 'F13', 'F31', 'F60', 'G31', 'D53', 'E51', 'K08']","['mental and behavioural disorders due to use of alcohol', 'mental and behavioural disorders due to use of sedatives or hypnotics', 'bipolar affective disorder', 'specific personality disorders', 'degenerative diseases of nervous system', 'nutritional anaemias', 'thiamine deficiency', 'disorders of teeth and supporting structures']","[0, 0, 0, 0, 0, 2]",0.3333333333333333
1549,405,Acetyl sulfisoxazole,"['K83', 'B18', 'C22', 'C24', 'C25', 'K80', 'K81', 'K82', 'K85', 'K86']","['diseases of biliary tract', 'chronic viral hepatitis', 'malignant neoplasm of liver and intrahepatic bile ducts', 'malignant neoplasm of parts of biliary tract', 'malignant neoplasm of pancreas', 'cholelithiasis', 'cholecystitis', 'diseases of gallbladder', 'acute pancreatitis', 'diseases of pancreas']","[0, 0, 0, 0, 0, 0, 0, 0, 0, 0]",0.0
1550,369,Docetaxel,"['N43', 'D29', 'N02', 'N39', 'N40']","['hydrocele and spermatocele', 'benign neoplasm of male genital organs', 'recurrent and persistent haematuria', 'disorders of urinary system', 'hyperplasia of prostate']","[0, 2781, 17, 15]",703.25
1551,408,Phenoxybenzamine,"['K83', 'K85', 'K86', 'B18', 'C22', 'C24', 'C25', 'K80', 'K81', 'K82']","['diseases of biliary tract', 'acute pancreatitis', 'diseases of pancreas', 'chronic viral hepatitis', 'malignant neoplasm of liver and intrahepatic bile ducts', 'malignant neoplasm of parts of biliary tract', 'malignant neoplasm of pancreas', 'cholelithiasis', 'cholecystitis', 'diseases of gallbladder']","[0, 6, 10, 0, 0, 3, 0, 0, 0]",2.111111111111111
1552,92,Permethrin,"['I42', 'I50']","['cardiomyopathy', 'heart failure']","[1, 3]",2.0
1553,411,Torasemide,"['G31', 'F10', 'F43']","['degenerative diseases of nervous system', 'mental and behavioural disorders due to use of alcohol', 'reaction to severe stress, and adjustment disorders']","[0, 1, 2]",1.0
1554,19_53,Phenylbutyric acid,"['E84', 'K86']","['cystic fibrosis', 'diseases of pancreas']","[34, 34]",34.0
1555,189,Rubidium Rb-82,"['M45', 'E13', 'D35', 'I10', 'I12', 'I72', 'I77', 'K20', 'L98', 'N05', 'I13']","['ankylosing spondylitis', 'specified diabetes mellitus', 'benign neoplasm of endocrine glands', 'essential (primary) hypertension', 'hypertensive renal disease', 'aneurysm', 'disorders of arteries and arterioles', 'oesophagitis', 'disorders of skin and subcutaneous tissue', 'minor glomerular abnormality', 'hypertensive heart and renal disease']","[0, 0, 0, 0, 0, 1, 0, 0, 0, 11]",1.2
1556,247,Rabeprazole,"['M11', 'M71', 'M93']","['crystal arthropathies', 'bursopathies', 'osteochondropathies']","[0, 0, 0]",0.0
1557,423,Sunitinib,"['M16', 'M87', 'M41', 'M42', 'M43', 'M62', 'G54']","['coxarthrosis [arthrosis of hip]', 'osteonecrosis', 'scoliosis', 'spinal osteochondrosis', 'deforming dorsopathies', 'disorders of muscle', 'nerve root and plexus disorders']","[0, 56, 0, 0, 0, 57, 6]",17.0
1558,268,Beclomethasone dipropionate,"['A08', 'I25', 'I99', 'B34', 'C75', 'F51', 'F52', 'G12', 'G98', 'K02']","['viral and specified intestinal infections', 'chronic ischaemic heart disease', 'disorders of circulatory system', 'viral infection of site', 'malignant neoplasm of endocrine glands and related structures', 'sleep disorders', 'sexual dysfunction', 'spinal muscular atrophy and related syndromes', 'disorders of nervous system', 'dental caries']","[33, 0, 5, 1, 19, 3, 0, 17, 26, 2]",10.6
1559,248,Coagulation factor VIIa Recombinant Human,"['M11', 'M17', 'M21', 'M71', 'M93', 'M94']","['crystal arthropathies', 'gonarthrosis [arthrosis of knee]', 'acquired deformities of limbs', 'bursopathies', 'osteochondropathies', 'disorders of cartilage']","[0, 2, 1, 0, 0, 1]",0.6666666666666666
1560,398,Idarubicin,"['I31', 'G60', 'H57', 'I50', 'D52', 'F09', 'I13', 'I25', 'I99', 'J01', 'J41', 'M46']","['diseases of pericardium', 'hereditary and idiopathic neuropathy', 'disorders of eye and adnexa', 'heart failure', 'folate deficiency anaemia', 'organic or symptomatic mental disorder', 'hypertensive heart and renal disease', 'chronic ischaemic heart disease', 'disorders of circulatory system', 'acute sinusitis', 'simple and mucopurulent chronic bronchitis', 'inflammatory spondylopathies']","[1, 2, 7, 45, 0, 14, 45, 2, 14, 7, 0, 0]",11.416666666666666
1561,333_412,Fluocinolone Acetonide,"['K80', 'K81', 'K82']","['cholelithiasis', 'cholecystitis', 'diseases of gallbladder']","[0, 0, 0]",0.0
1562,152,Fish oil,"['K21', 'K25', 'K26', 'K31']","['gastro-oesophageal reflux disease', 'gastric ulcer', 'duodenal ulcer', 'diseases of stomach and duodenum']","[21, 5, 126]",50.666666666666664
1563,18,Clopidogrel,"['E66', 'E78', 'F17', 'I10', 'K76']","['obesity', 'disorders of lipoprotein metabolism and lipidaemias', 'mental and behavioural disorders due to use of tobacco', 'essential (primary) hypertension', 'diseases of liver']","[180, 80, 1, 169]",107.5
1564,421,Flibanserin,"['M66', 'M24', 'M65', 'M67', 'M71', 'M93', 'M94']","['spontaneous rupture of synovium and tendon', 'specific joint derangements', 'infective (teno)synovitis', 'disorders of synovium and tendon', 'bursopathies', 'osteochondropathies', 'disorders of cartilage']","[0, 0, 0, 0, 0, 0, 0]",0.0
1565,239,Eribulin,"['K76', 'A04', 'D61', 'E55', 'K46', 'K55', 'K75']","['diseases of liver', 'bacterial intestinal infections', 'aplastic anaemias', 'vitamin d deficiency', 'abdominal hernia', 'vascular disorders of intestine', 'inflammatory liver diseases']","[29, 0, 0, 0, 1, 0, 0]",4.285714285714286
1566,244,Risedronate,"['L71', 'K70', 'D53', 'F05', 'G31']","['rosacea', 'alcoholic liver disease', 'nutritional anaemias', 'delirium', 'degenerative diseases of nervous system']","[0, 1, 0, 0, 0]",0.2
1567,3,Gestodene,"['H73', 'K92']","['disorders of tympanic membrane', 'diseases of digestive system']","[0, 2]",1.0
1568,299,Desflurane,"['G47', 'J30', 'F51']","['sleep disorders', 'vasomotor and allergic rhinitis', 'sleep disorders']","[13, 3, 13]",9.666666666666666
1569,5,Bosentan,"['A49', 'B27', 'J03', 'J11', 'J38', 'L50']","['bacterial infection of site', 'infectious mononucleosis', 'acute tonsillitis', 'influenza virus', 'diseases of vocal cords and larynx', 'urticaria']","[0, 1, 0, 1, 0, 1]",0.5
1570,413,Idarubicin,"['K83', 'B18', 'C22', 'C24']","['diseases of biliary tract', 'chronic viral hepatitis', 'malignant neoplasm of liver and intrahepatic bile ducts', 'malignant neoplasm of parts of biliary tract']","[1, 0, 63, 0]",16.0
1571,179,Tiapride,"['C61', 'N32', 'N40', 'D40']","['malignant neoplasm of prostate', 'disorders of bladder', 'hyperplasia of prostate', 'neoplasm of uncertain or unknown behaviour of male genital organs']","[0, 1, 0, 0]",0.25
1572,156,Valbenazine,"['K63', 'D12', 'I84', 'K60', 'K62', 'K64', 'D21']","['diseases of intestine', 'benign neoplasm of colon, rectum, anus and anal canal', 'haemorrhoids', 'fissure and fistula of anal and rectal regions', 'diseases of anus and rectum', 'haemorrhoids and perianal venous thrombosis', 'benign neoplasms of connective and soft tissue']","[0, 0, 0, 0, 0, 0, 0]",0.0
1573,244,Boceprevir,"['L71', 'K70', 'D53', 'F05', 'G31']","['rosacea', 'alcoholic liver disease', 'nutritional anaemias', 'delirium', 'degenerative diseases of nervous system']","[0, 1, 2, 0, 0]",0.6
1574,342,Nabilone,"['M81', 'M80', 'M85']","['osteoporosis without pathological fracture', 'osteoporosis with pathological fracture', 'disorders of bone density and structure']","[0, 0, 16]",5.333333333333333
1575,54,Ciclesonide,"['E87', 'F10', 'F17']","['disorders of fluid, electrolyte and acid-base balance', 'mental and behavioural disorders due to use of alcohol', 'mental and behavioural disorders due to use of tobacco']","[0, 0, 0]",0.0
1576,122_194,Vernakalant,"['E10', 'E16', 'H36']","['insulin-dependent diabetes mellitus', 'disorders of pancreatic internal secretion', 'retinal disorders in diseases classified elsewhere']","[0, 0, 0]",0.0
1577,200,Lamivudine,"['F09', 'F63', 'F03', 'F10', 'G31', 'L21', 'D52', 'E51', 'E53', 'I62', 'J39', 'K02', 'K12', 'M46']","['organic or symptomatic mental disorder', 'habit and impulse disorders', 'dementia', 'mental and behavioural disorders due to use of alcohol', 'degenerative diseases of nervous system', 'seborrhoeic dermatitis', 'folate deficiency anaemia', 'thiamine deficiency', 'deficiency of b group vitamins', 'nontraumatic intracranial haemorrhage', 'diseases of upper respiratory tract', 'dental caries', 'stomatitis and related lesions', 'inflammatory spondylopathies']","[72, 4, 44, 8, 0, 0, 2, 0, 2, 0, 4, 1, 59, 4]",14.285714285714286
1578,209,Letrozole,"['G46', 'I63', 'I64', 'I66']","['vascular syndromes of brain in cerebrovascular diseases', 'cerebral infarction', 'stroke', 'occlusion and stenosis of cerebral arteries']","[0, 4, 18, 10]",8.0
1579,55,Nevirapine,"['F11', 'F13', 'F19']","['mental and behavioural disorders due to use of opioids', 'mental and behavioural disorders due to use of sedatives or hypnotics', 'mental and behavioural disorders due to multiple drug use and use of psychoactive substances']","[22, 5, 5]",10.666666666666666
1580,253,Vayarin,"['E79', 'M16', 'M87']","['disorders of purine and pyrimidine metabolism', 'coxarthrosis [arthrosis of hip]', 'osteonecrosis']","[0, 0, 0]",0.0
1581,411,Atorvastatin,"['G31', 'F10', 'F43']","['degenerative diseases of nervous system', 'mental and behavioural disorders due to use of alcohol', 'reaction to severe stress, and adjustment disorders']","[2, 13, 4]",6.333333333333333
1582,22,Dobutamine,"['F43', 'F81', 'F70', 'F90']","['reaction to severe stress, and adjustment disorders', 'specific developmental disorders of scholastic skills', 'mild mental retardation', 'hyperkinetic disorders']","[28, 0, 0, 6]",8.5
1583,228,Trabectedin,"['J41', 'J44', 'J47', 'G61', 'H10', 'J40', 'J82']","['simple and mucopurulent chronic bronchitis', 'chronic obstructive pulmonary disease', 'bronchiectasis', 'inflammatory polyneuropathy', 'conjunctivitis', 'bronchitis', 'pulmonary eosinophilia']","[0, 0, 0, 0, 0]",0.0
1584,361,Tirofiban,"['C25', 'C24']","['malignant neoplasm of pancreas', 'malignant neoplasm of parts of biliary tract']",[0],0.0
1585,123,Terazosin,"['E13', 'H40', 'E11', 'G63', 'H25', 'H26', 'M86', 'N48', 'I79', 'L03']","['specified diabetes mellitus', 'glaucoma', 'non-insulin-dependent diabetes mellitus', 'polyneuropathy in diseases classified elsewhere', 'senile cataract', 'cataract', 'osteomyelitis', 'disorders of penis', 'disorders of arteries, arterioles and capillaries in diseases classified elsewhere', 'cellulitis']","[0, 3, 7, 0, 0, 10, 0, 5, 0, 0]",2.5
1586,343,Perphenazine,"['M89', 'F32', 'F60', 'G83']","['disorders of bone', 'depressive episode', 'specific personality disorders', 'paralytic syndromes']","[2, 13, 2, 0]",4.25
1587,110,Felbamate,"['N18', 'D64']","['chronic renal failure', 'anaemias']","[2, 62]",32.0
1588,351,Bemiparin,"['A02', 'A48', 'A69', 'B07', 'B36', 'B44', 'B49', 'B86', 'C11', 'C26', 'C41', 'C45', 'C50', 'C60', 'C66', 'C69', 'C76', 'C84', 'C88', 'D03', 'D07', 'D31', 'D34', 'D51', 'D89', 'E07', 'E22', 'E23', 'E27', 'E46', 'E74', 'E85', 'F52', 'G24', 'G52', 'G90', 'G92', 'H21', 'H31', 'H55', 'H61', 'J02', 'J11', 'J12', 'J61', 'K11', 'K41', 'L25', 'L60', 'L80', 'L81', 'M12', 'M60', 'N11', 'N34', 'N36', 'N50']","['salmonella infections', 'bacterial diseases', 'spirochaetal infections', 'viral warts', 'superficial mycoses', 'aspergillosis', 'mycosis', 'scabies', 'malignant neoplasm of nasopharynx', 'malignant neoplasm of ill-defined digestive organs', 'malignant neoplasm of bone and articular cartilage of sites', 'mesothelioma', 'malignant neoplasm of breast', 'malignant neoplasm of penis', 'malignant neoplasm of ureter', 'malignant neoplasm of eye and adnexa', 'malignant neoplasm of ill-defined sites', 'peripheral and cutaneous t-cell lymphomas', 'malignant immunoproliferative diseases', 'melanoma in situ', 'carcinoma in situ of genital organs', 'benign neoplasm of eye and adnexa', 'benign neoplasm of thyroid gland', 'vitamin b12 deficiency anaemia', 'disorders involving the immune mechanism', 'disorders of thyroid', 'hyperfunction of pituitary gland', 'hypofunction and disorders of pituitary gland', 'disorders of adrenal gland', 'protein-energy malnutrition', 'disorders of carbohydrate metabolism', 'amyloidosis', 'sexual dysfunction', 'dystonia', 'disorders of cranial nerves', 'disorders of autonomic nervous system', 'toxic encephalopathy', 'disorders of iris and ciliary body', 'disorders of choroid', 'nystagmus and irregular eye movements', 'disorders of external ear', 'acute pharyngitis', 'influenza virus', 'viral pneumonia', 'pneumoconiosis due to asbestos and mineral fibres', 'diseases of salivary glands', 'femoral hernia', 'contact dermatitis', 'nail disorders', 'vitiligo', 'disorders of pigmentation', 'specific arthropathies', 'myositis', 'chronic tubulo-interstitial nephritis', 'urethritis and urethral syndrome', 'disorders of urethra', 'disorders of male genital organs']","[0, 1, 0, 0, 0, 0, 0, 0, 0, 0, 0, 1, 0, 0, 0, 0, 1, 0, 0, 0, 0, 0, 0, 0, 0, 0, 0, 0, 0, 0, 0, 0, 0, 0, 0, 0, 0, 0, 0, 0, 0, 0, 6, 0, 0, 1, 0, 0, 0, 0, 0, 0, 0, 0, 0]",0.18181818181818182
1589,402,Nabumetone,"['C34', 'C38', 'C71', 'D43', 'J82']","['malignant neoplasm of bronchus and lung', 'malignant neoplasm of heart, mediastinum and pleura', 'malignant neoplasm of brain', 'neoplasm of uncertain or unknown behaviour of brain and central nervous system', 'pulmonary eosinophilia']","[3, 0, 0, 4, 0]",1.4
1590,310,Amiloride,"['H40', 'H47']","['glaucoma', 'disorders of optic [2nd] nerve and visual pathways']","[9, 4]",6.5
1591,67,Doxazosin,"['B20', 'B24']","['human immunodeficiency virus [hiv] disease resulting in infectious and parasitic diseases', 'human immunodeficiency virus [hiv] disease']","[3, 2]",2.5
1592,79,Propafenone,"['B16', 'B18', 'F11', 'F12', 'F13', 'F14', 'F19', 'K73']","['acute hepatitis b', 'chronic viral hepatitis', 'mental and behavioural disorders due to use of opioids', 'mental and behavioural disorders due to use of cannabinoids', 'mental and behavioural disorders due to use of sedatives or hypnotics', 'mental and behavioural disorders due to use of cocaine', 'mental and behavioural disorders due to multiple drug use and use of psychoactive substances', 'chronic hepatitis']","[0, 0, 1, 0, 16, 0, 1, 0]",2.25
1593,310,Progesterone,"['H40', 'H47']","['glaucoma', 'disorders of optic [2nd] nerve and visual pathways']","[61, 32]",46.5
1594,118,Bupranolol,"['F70', 'D53', 'F10', 'F34', 'F05', 'G31', 'H10', 'K72', 'L21']","['mild mental retardation', 'nutritional anaemias', 'mental and behavioural disorders due to use of alcohol', 'persistent mood [affective] disorders', 'delirium', 'degenerative diseases of nervous system', 'conjunctivitis', 'hepatic failure', 'seborrhoeic dermatitis']","[0, 0, 3, 0, 0, 0, 0, 0, 0]",0.3333333333333333
1595,410,Icosapent,"['I85', 'K70', 'K72', 'K74']","['oesophageal varices', 'alcoholic liver disease', 'hepatic failure', 'fibrosis and cirrhosis of liver']","[0, 156, 38, 206]",100.0
1596,454,Brimonidine,"['G40', 'G41', 'G81', 'I61', 'I62']","['epilepsy', 'status epilepticus', 'hemiplegia', 'intracerebral haemorrhage', 'nontraumatic intracranial haemorrhage']","[2, 0, 0, 0, 0]",0.4
1597,414,Butalbital,"['K83', 'K85', 'K86', 'B18', 'C22', 'C24', 'C25']","['diseases of biliary tract', 'acute pancreatitis', 'diseases of pancreas', 'chronic viral hepatitis', 'malignant neoplasm of liver and intrahepatic bile ducts', 'malignant neoplasm of parts of biliary tract', 'malignant neoplasm of pancreas']","[0, 0, 0, 0, 0, 0, 0]",0.0
1598,401,Olsalazine,"['F09', 'J62', 'J44', 'J47', 'K20']","['organic or symptomatic mental disorder', 'pneumoconiosis due to dust containing silica', 'chronic obstructive pulmonary disease', 'bronchiectasis', 'oesophagitis']","[10, 0, 0, 0, 0]",2.0
1599,109,Liraglutide,"['N13', 'N20']","['obstructive and reflux uropathy', 'calculus of kidney and ureter']","[72, 0]",36.0
1600,144,Ropivacaine,"['I73', 'I74']","['peripheral vascular diseases', 'arterial embolism and thrombosis']","[12, 38]",25.0
1601,386,Carbocisteine,"['H90', 'H91', 'H93', 'H16', 'H81', 'K30', 'M40', 'E78', 'F34', 'G57', 'H10', 'I06']","['conductive and sensorineural hearing loss', 'hearing loss', 'disorders of ear', 'keratitis', 'disorders of vestibular function', 'dyspepsia', 'kyphosis and lordosis', 'disorders of lipoprotein metabolism and lipidaemias', 'persistent mood [affective] disorders', 'mononeuropathies of lower limb', 'conjunctivitis', 'rheumatic aortic valve diseases']","[54, 3, 6, 0, 0, 0, 0, 0, 0, 0, 0, 0]",5.25
1602,405,Clobazam,"['K83', 'B18', 'C22', 'C24', 'C25', 'K80', 'K81', 'K82', 'K85', 'K86']","['diseases of biliary tract', 'chronic viral hepatitis', 'malignant neoplasm of liver and intrahepatic bile ducts', 'malignant neoplasm of parts of biliary tract', 'malignant neoplasm of pancreas', 'cholelithiasis', 'cholecystitis', 'diseases of gallbladder', 'acute pancreatitis', 'diseases of pancreas']","[0, 0, 1, 0, 0, 0, 0, 0, 0, 0]",0.1
1603,163,Methylphenidate,"['M25', 'M66', 'M87']","['joint disorders', 'spontaneous rupture of synovium and tendon', 'osteonecrosis']","[24, 1, 0]",8.333333333333334
1604,457,Edoxaban,"['M16', 'M41', 'M42', 'M43', 'M87']","['coxarthrosis [arthrosis of hip]', 'scoliosis', 'spinal osteochondrosis', 'deforming dorsopathies', 'osteonecrosis']","[0, 0, 0, 0, 1]",0.2
1605,370,Moroctocog alfa,"['D72', 'C83', 'C85', 'C91']","['disorders of white blood cells', ""diffuse non-hodgkin's lymphoma"", ""specified types of non-hodgkin's lymphoma"", 'lymphoid leukaemia']","[1, 0, 0, 0]",0.25
1606,110,Etravirine,"['N18', 'D64']","['chronic renal failure', 'anaemias']","[3, 6]",4.5
1607,423,Fluvoxamine,"['M16', 'M87', 'M41', 'M42', 'M43', 'M62', 'G54']","['coxarthrosis [arthrosis of hip]', 'osteonecrosis', 'scoliosis', 'spinal osteochondrosis', 'deforming dorsopathies', 'disorders of muscle', 'nerve root and plexus disorders']","[1, 0, 0, 0, 0, 21, 0]",3.142857142857143
1608,5,Flibanserin,"['A49', 'B27', 'J03', 'J11', 'J38', 'L50']","['bacterial infection of site', 'infectious mononucleosis', 'acute tonsillitis', 'influenza virus', 'diseases of vocal cords and larynx', 'urticaria']","[0, 0, 0, 0, 0, 0]",0.0
1609,77,Safinamide,"['F11', 'F13', 'F19', 'B18', 'B24', 'F14', 'F15']","['mental and behavioural disorders due to use of opioids', 'mental and behavioural disorders due to use of sedatives or hypnotics', 'mental and behavioural disorders due to multiple drug use and use of psychoactive substances', 'chronic viral hepatitis', 'human immunodeficiency virus [hiv] disease', 'mental and behavioural disorders due to use of cocaine', 'mental and behavioural disorders due to use of stimulants, including caffeine']","[1, 1, 0, 0, 0, 0]",0.3333333333333333
1610,56,Ephedrine,"['F32', 'F33', 'F41', 'F45']","['depressive episode', 'recurrent depressive disorder', 'anxiety disorders', 'somatoform disorders']","[5, 1, 20, 4]",7.5
1611,176,Gallamine Triethiodide,"['K74', 'I85', 'C22', 'K31', 'K72', 'B99']","['fibrosis and cirrhosis of liver', 'oesophageal varices', 'malignant neoplasm of liver and intrahepatic bile ducts', 'diseases of stomach and duodenum', 'hepatic failure', 'infectious diseases']","[1, 0, 1, 0, 1, 3]",1.0
1612,167,Terbutaline,"['M19', 'M24', 'M25', 'M65', 'M67', 'M75', 'M77', 'M66', 'M76']","['arthrosis', 'specific joint derangements', 'joint disorders', 'infective (teno)synovitis', 'disorders of synovium and tendon', 'shoulder lesions', 'enthesopathies', 'spontaneous rupture of synovium and tendon', 'enthesopathies of lower limb, excluding foot']","[19, 0, 19, 0, 2, 1, 0, 2, 0]",4.777777777777778
1613,77,Chlordiazepoxide,"['F11', 'F13', 'F19', 'B18', 'B24', 'F14', 'F15']","['mental and behavioural disorders due to use of opioids', 'mental and behavioural disorders due to use of sedatives or hypnotics', 'mental and behavioural disorders due to multiple drug use and use of psychoactive substances', 'chronic viral hepatitis', 'human immunodeficiency virus [hiv] disease', 'mental and behavioural disorders due to use of cocaine', 'mental and behavioural disorders due to use of stimulants, including caffeine']","[58, 4105, 36, 0, 0, 22, 1]",603.1428571428571
1614,11,Hydroquinone,"['C71', 'C79', 'H53']","['malignant neoplasm of brain', 'secondary malignant neoplasm of specified sites', 'visual disturbances']","[12, 0, 0]",4.0
1615,18,Thrombomodulin Alfa,"['E66', 'E78', 'F17', 'I10', 'K76']","['obesity', 'disorders of lipoprotein metabolism and lipidaemias', 'mental and behavioural disorders due to use of tobacco', 'essential (primary) hypertension', 'diseases of liver']","[0, 1, 0, 0, 4]",1.0
1616,386,Chondroitin sulfate,"['H90', 'H91', 'H93', 'H16', 'H81', 'K30', 'M40', 'E78', 'F34', 'G57', 'H10', 'I06']","['conductive and sensorineural hearing loss', 'hearing loss', 'disorders of ear', 'keratitis', 'disorders of vestibular function', 'dyspepsia', 'kyphosis and lordosis', 'disorders of lipoprotein metabolism and lipidaemias', 'persistent mood [affective] disorders', 'mononeuropathies of lower limb', 'conjunctivitis', 'rheumatic aortic valve diseases']","[1387, 20, 15, 29, 1, 1, 10, 55, 0, 5, 1]",138.54545454545453
1617,272,Sevoflurane,"['B16', 'K73', 'B18', 'C22', 'F19']","['acute hepatitis b', 'chronic hepatitis', 'chronic viral hepatitis', 'malignant neoplasm of liver and intrahepatic bile ducts', 'mental and behavioural disorders due to multiple drug use and use of psychoactive substances']","[0, 4, 0, 41, 38]",16.6
1618,13,Triazolam,"['D80', 'E61', 'G00', 'H02', 'H04', 'J01', 'K00', 'K76', 'M43', 'J35', 'J36']","['immunodeficiency with antibody defects', 'deficiency of nutrient elements', 'bacterial meningitis', 'disorders of eyelid', 'disorders of lachrymal system', 'acute sinusitis', 'disorders of tooth development and eruption', 'diseases of liver', 'deforming dorsopathies', 'chronic diseases of tonsils and adenoids', 'peritonsillar abscess']","[0, 0, 0, 0, 0, 0, 22, 0, 0, 0]",2.2
1619,228,Sulconazole,"['J41', 'J44', 'J47', 'G61', 'H10', 'J40', 'J82']","['simple and mucopurulent chronic bronchitis', 'chronic obstructive pulmonary disease', 'bronchiectasis', 'inflammatory polyneuropathy', 'conjunctivitis', 'bronchitis', 'pulmonary eosinophilia']","[0, 0, 0, 0, 0, 0, 0]",0.0
1620,440,Tolazoline,"['H44', 'D31', 'H04', 'H25', 'H34', 'H50']","['disorders of globe', 'benign neoplasm of eye and adnexa', 'disorders of lachrymal system', 'senile cataract', 'retinal vascular occlusions', 'strabismus']","[59, 4, 0, 1, 5, 1]",11.666666666666666
1621,118,Glucosamine,"['F70', 'D53', 'F10', 'F34', 'F05', 'G31', 'H10', 'K72', 'L21']","['mild mental retardation', 'nutritional anaemias', 'mental and behavioural disorders due to use of alcohol', 'persistent mood [affective] disorders', 'delirium', 'degenerative diseases of nervous system', 'conjunctivitis', 'hepatic failure', 'seborrhoeic dermatitis']","[6, 3, 18, 0, 2, 0, 6, 19, 2]",6.222222222222222
1622,299,Clomipramine,"['G47', 'J30', 'F51']","['sleep disorders', 'vasomotor and allergic rhinitis', 'sleep disorders']","[153, 1, 153]",102.33333333333333
1623,67,Lorpiprazole,"['B20', 'B24']","['human immunodeficiency virus [hiv] disease resulting in infectious and parasitic diseases', 'human immunodeficiency virus [hiv] disease']","[0, 0]",0.0
1624,426,Vitamin E,"['M66', 'M75', 'M77']","['spontaneous rupture of synovium and tendon', 'shoulder lesions', 'enthesopathies']","[44, 3, 0]",15.666666666666666
1625,292,Nitrous acid,"['E10', 'E13', 'E16']","['insulin-dependent diabetes mellitus', 'specified diabetes mellitus', 'disorders of pancreatic internal secretion']","[101, 2]",51.5
1626,222_294,Thiotepa,"['G93', 'I46']","['disorders of brain', 'cardiac arrest']","[181, 2]",91.5
1627,446,Semaglutide,"['I73', 'I70', 'I74', 'I77']","['peripheral vascular diseases', 'atherosclerosis', 'arterial embolism and thrombosis', 'disorders of arteries and arterioles']","[20, 81, 18, 112]",57.75
1628,82_87,Abemaciclib,"['F20', 'F25']","['schizophrenia', 'schizoaffective disorders']","[0, 0]",0.0
1629,405,Dihydroergotamine,"['K83', 'B18', 'C22', 'C24', 'C25', 'K80', 'K81', 'K82', 'K85', 'K86']","['diseases of biliary tract', 'chronic viral hepatitis', 'malignant neoplasm of liver and intrahepatic bile ducts', 'malignant neoplasm of parts of biliary tract', 'malignant neoplasm of pancreas', 'cholelithiasis', 'cholecystitis', 'diseases of gallbladder', 'acute pancreatitis', 'diseases of pancreas']","[3, 0, 3, 0, 0, 0, 0, 1, 2, 3]",1.2
1630,378,Isosorbide,"['F10', 'F13', 'F31', 'F60', 'G31', 'D53', 'E51', 'K08']","['mental and behavioural disorders due to use of alcohol', 'mental and behavioural disorders due to use of sedatives or hypnotics', 'bipolar affective disorder', 'specific personality disorders', 'degenerative diseases of nervous system', 'nutritional anaemias', 'thiamine deficiency', 'disorders of teeth and supporting structures']","[47, 36, 0, 1, 0, 66]",25.0
1631,423,Lamivudine,"['M16', 'M87', 'M41', 'M42', 'M43', 'M62', 'G54']","['coxarthrosis [arthrosis of hip]', 'osteonecrosis', 'scoliosis', 'spinal osteochondrosis', 'deforming dorsopathies', 'disorders of muscle', 'nerve root and plexus disorders']","[0, 2, 0, 0, 0, 20, 1]",3.2857142857142856
1632,364,Prucalopride,"['C65', 'C67', 'C68', 'N30', 'C66']","['malignant neoplasm of renal pelvis', 'malignant neoplasm of bladder', 'malignant neoplasm of urinary organs', 'cystitis', 'malignant neoplasm of ureter']","[0, 0, 0, 0, 0]",0.0
1633,109,Triamterene,"['N13', 'N20']","['obstructive and reflux uropathy', 'calculus of kidney and ureter']","[9, 47]",28.0
1634,152,Clomipramine,"['K21', 'K25', 'K26', 'K31']","['gastro-oesophageal reflux disease', 'gastric ulcer', 'duodenal ulcer', 'diseases of stomach and duodenum']","[1, 0, 0, 2]",0.75
1635,13,Methamphetamine,"['D80', 'E61', 'G00', 'H02', 'H04', 'J01', 'K00', 'K76', 'M43', 'J35', 'J36']","['immunodeficiency with antibody defects', 'deficiency of nutrient elements', 'bacterial meningitis', 'disorders of eyelid', 'disorders of lachrymal system', 'acute sinusitis', 'disorders of tooth development and eruption', 'diseases of liver', 'deforming dorsopathies', 'chronic diseases of tonsils and adenoids', 'peritonsillar abscess']","[0, 0, 6, 3, 0, 0, 8, 199, 0, 0, 0]",19.636363636363637
1636,444,Cobicistat,"['E10', 'E13', 'E16', 'H26', 'H33']","['insulin-dependent diabetes mellitus', 'specified diabetes mellitus', 'disorders of pancreatic internal secretion', 'cataract', 'retinal detachments and breaks']","[1, 0, 0, 2]",0.75
1637,67,Technetium Tc-99m tetrofosmin,"['B20', 'B24']","['human immunodeficiency virus [hiv] disease resulting in infectious and parasitic diseases', 'human immunodeficiency virus [hiv] disease']","[0, 0]",0.0
1638,55,Oxtriphylline,"['F11', 'F13', 'F19']","['mental and behavioural disorders due to use of opioids', 'mental and behavioural disorders due to use of sedatives or hypnotics', 'mental and behavioural disorders due to multiple drug use and use of psychoactive substances']","[0, 1, 0]",0.3333333333333333
1639,410,Budesonide,"['I85', 'K70', 'K72', 'K74']","['oesophageal varices', 'alcoholic liver disease', 'hepatic failure', 'fibrosis and cirrhosis of liver']","[1, 0, 59, 245]",76.25
1640,13,Nandrolone decanoate,"['D80', 'E61', 'G00', 'H02', 'H04', 'J01', 'K00', 'K76', 'M43', 'J35', 'J36']","['immunodeficiency with antibody defects', 'deficiency of nutrient elements', 'bacterial meningitis', 'disorders of eyelid', 'disorders of lachrymal system', 'acute sinusitis', 'disorders of tooth development and eruption', 'diseases of liver', 'deforming dorsopathies', 'chronic diseases of tonsils and adenoids', 'peritonsillar abscess']","[0, 0, 0, 0, 0, 0, 1, 16, 0, 0, 0]",1.5454545454545454
1641,373,Propafenone,"['E10', 'E13', 'E16', 'I79']","['insulin-dependent diabetes mellitus', 'specified diabetes mellitus', 'disorders of pancreatic internal secretion', 'disorders of arteries, arterioles and capillaries in diseases classified elsewhere']","[0, 0, 0, 0]",0.0
1642,79,Proguanil,"['B16', 'B18', 'F11', 'F12', 'F13', 'F14', 'F19', 'K73']","['acute hepatitis b', 'chronic viral hepatitis', 'mental and behavioural disorders due to use of opioids', 'mental and behavioural disorders due to use of cannabinoids', 'mental and behavioural disorders due to use of sedatives or hypnotics', 'mental and behavioural disorders due to use of cocaine', 'mental and behavioural disorders due to multiple drug use and use of psychoactive substances', 'chronic hepatitis']","[0, 0, 0, 3, 0, 1, 0]",0.5714285714285714
1643,374,Parecoxib,"['L95', 'C45', 'D89', 'E01', 'E72', 'G90', 'I10', 'I22', 'I33', 'I60', 'I78', 'J04', 'J13', 'K27', 'L08', 'L20', 'L21', 'L23', 'L29', 'L50', 'L71', 'L85', 'M05', 'M31', 'M45', 'M85', 'M96', 'N62']","['vasculitis limited to skin', 'mesothelioma', 'disorders involving the immune mechanism', 'iodine-deficiency-related thyroid disorders and allied conditions', 'disorders of amino-acid metabolism', 'disorders of autonomic nervous system', 'essential (primary) hypertension', 'subsequent myocardial infarction', 'acute and subacute endocarditis', 'subarachnoid haemorrhage', 'diseases of capillaries', 'acute laryngitis and tracheitis', 'pneumonia due to streptococcus pneumoniae', 'acute with perforation', 'local infections of skin and subcutaneous tissue', 'atopic dermatitis', 'seborrhoeic dermatitis', 'allergic contact dermatitis', 'pruritus', 'urticaria', 'rosacea', 'epidermal thickening', 'seropositive rheumatoid arthritis', 'necrotising vasculopathies', 'ankylosing spondylitis', 'disorders of bone density and structure', 'postprocedural musculoskeletal disorders', 'hypertrophy of breast']","[0, 0, 0, 0, 4, 2, 0, 2, 0, 1, 0, 1, 1, 1, 2, 0, 0, 0, 8, 1, 0, 0, 0, 11, 2, 16, 0, 0]",1.8571428571428572
1644,77,Dicoumarol,"['F11', 'F13', 'F19', 'B18', 'B24', 'F14', 'F15']","['mental and behavioural disorders due to use of opioids', 'mental and behavioural disorders due to use of sedatives or hypnotics', 'mental and behavioural disorders due to multiple drug use and use of psychoactive substances', 'chronic viral hepatitis', 'human immunodeficiency virus [hiv] disease', 'mental and behavioural disorders due to use of cocaine', 'mental and behavioural disorders due to use of stimulants, including caffeine']","[1, 100, 0, 3, 2, 0, 0]",15.142857142857142
1645,292,Estradiol acetate,"['E10', 'E13', 'E16']","['insulin-dependent diabetes mellitus', 'specified diabetes mellitus', 'disorders of pancreatic internal secretion']","[10, 1, 0]",3.6666666666666665
1646,411,Tipranavir,"['G31', 'F10', 'F43']","['degenerative diseases of nervous system', 'mental and behavioural disorders due to use of alcohol', 'reaction to severe stress, and adjustment disorders']","[0, 2, 1]",1.0
1647,18,Sulpiride,"['E66', 'E78', 'F17', 'I10', 'K76']","['obesity', 'disorders of lipoprotein metabolism and lipidaemias', 'mental and behavioural disorders due to use of tobacco', 'essential (primary) hypertension', 'diseases of liver']","[44, 1, 3, 0, 21]",13.8
1648,10,Methylphenidate,"['J20', 'J30', 'J42', 'L30', 'D80']","['acute bronchitis', 'vasomotor and allergic rhinitis', 'chronic bronchitis', 'dermatitis', 'immunodeficiency with antibody defects']","[0, 14, 0, 20, 1]",7.0
1649,392,Pirlindole,"['I77', 'H57', 'I70', 'I73', 'I74', 'L03']","['disorders of arteries and arterioles', 'disorders of eye and adnexa', 'atherosclerosis', 'peripheral vascular diseases', 'arterial embolism and thrombosis', 'cellulitis']","[2, 0, 0, 0, 0]",0.4
1650,119,Apraclonidine,"['F70', 'D75', 'D52', 'F10', 'F22', 'G31', 'L21', 'C10', 'C13', 'E53', 'H10', 'I86', 'N62']","['mild mental retardation', 'diseases of blood and blood-forming organs', 'folate deficiency anaemia', 'mental and behavioural disorders due to use of alcohol', 'persistent delusional disorders', 'degenerative diseases of nervous system', 'seborrhoeic dermatitis', 'malignant neoplasm of oropharynx', 'malignant neoplasm of hypopharynx', 'deficiency of b group vitamins', 'conjunctivitis', 'varicose veins of specified sites', 'hypertrophy of breast']","[0, 10, 0, 1, 0, 0, 0, 0, 0, 0, 5, 0, 0]",1.2307692307692308
1651,205,Furosemide,"['D52', 'J41', 'L71', 'F17', 'J42', 'J13', 'J39', 'K04', 'K08', 'K12', 'L08', 'N62']","['folate deficiency anaemia', 'simple and mucopurulent chronic bronchitis', 'rosacea', 'mental and behavioural disorders due to use of tobacco', 'chronic bronchitis', 'pneumonia due to streptococcus pneumoniae', 'diseases of upper respiratory tract', 'diseases of pulp and periapical tissues', 'disorders of teeth and supporting structures', 'stomatitis and related lesions', 'local infections of skin and subcutaneous tissue', 'hypertrophy of breast']","[0, 0, 2, 0, 13, 2, 13, 0, 295, 68, 21, 1]",34.583333333333336
1652,401,Oxymetazoline,"['F09', 'J62', 'J44', 'J47', 'K20']","['organic or symptomatic mental disorder', 'pneumoconiosis due to dust containing silica', 'chronic obstructive pulmonary disease', 'bronchiectasis', 'oesophagitis']","[3, 0, 0, 0, 1]",0.8
1653,80,Ticagrelor,"['F17', 'J93']","['mental and behavioural disorders due to use of tobacco', 'pneumothorax']","[0, 0]",0.0
1654,443,Acetylcysteine,"['D75', 'D64', 'D68', 'E21', 'E83']","['diseases of blood and blood-forming organs', 'anaemias', 'coagulation defects', 'hyperparathyroidism and disorders of parathyroid gland', 'disorders of mineral metabolism']","[1732, 155, 65, 4, 61]",403.4
1655,218,Dipivefrin,"['I12', 'I13', 'N25', 'E72', 'G61', 'I10', 'I30', 'I62', 'I99', 'L23', 'L73', 'M35', 'M46', 'M80', 'N05', 'E26', 'L05', 'N12']","['hypertensive renal disease', 'hypertensive heart and renal disease', 'disorders resulting from impaired renal tubular function', 'disorders of amino-acid metabolism', 'inflammatory polyneuropathy', 'essential (primary) hypertension', 'acute pericarditis', 'nontraumatic intracranial haemorrhage', 'disorders of circulatory system', 'allergic contact dermatitis', 'follicular disorders', 'systemic involvement of connective tissue', 'inflammatory spondylopathies', 'osteoporosis with pathological fracture', 'minor glomerular abnormality', 'hyperaldosteronism', 'pilonidal cyst', 'tubulo-interstitial nephritis']","[0, 4, 0, 0, 0, 0, 0, 0, 1, 5, 1, 0, 0, 0, 0, 0, 0, 0]",0.6111111111111112
1656,405,Pancuronium,"['K83', 'B18', 'C22', 'C24', 'C25', 'K80', 'K81', 'K82', 'K85', 'K86']","['diseases of biliary tract', 'chronic viral hepatitis', 'malignant neoplasm of liver and intrahepatic bile ducts', 'malignant neoplasm of parts of biliary tract', 'malignant neoplasm of pancreas', 'cholelithiasis', 'cholecystitis', 'diseases of gallbladder', 'acute pancreatitis', 'diseases of pancreas']","[0, 0, 3, 0, 1, 3, 0, 0, 2, 7]",1.6
1657,165,Dapagliflozin,"['M43', 'M48', 'M54', 'G54', 'H61']","['deforming dorsopathies', 'spondylopathies', 'dorsalgia', 'nerve root and plexus disorders', 'disorders of external ear']","[0, 2, 0, 0]",0.5
1658,244,Semaglutide,"['L71', 'K70', 'D53', 'F05', 'G31']","['rosacea', 'alcoholic liver disease', 'nutritional anaemias', 'delirium', 'degenerative diseases of nervous system']","[0, 167, 1, 0, 0]",33.6
1659,76,Tezacaftor,"['F10', 'K70']","['mental and behavioural disorders due to use of alcohol', 'alcoholic liver disease']","[0, 0]",0.0
1660,131,Testosterone enanthate,"['F11', 'F13', 'F33', 'F43', 'F60']","['mental and behavioural disorders due to use of opioids', 'mental and behavioural disorders due to use of sedatives or hypnotics', 'recurrent depressive disorder', 'reaction to severe stress, and adjustment disorders', 'specific personality disorders']","[0, 1, 0, 1, 1]",0.6
1661,232,Adinazolam,"['K20', 'K22', 'K21', 'K25', 'K26', 'K44']","['oesophagitis', 'diseases of oesophagus', 'gastro-oesophageal reflux disease', 'gastric ulcer', 'duodenal ulcer', 'diaphragmatic hernia']","[0, 0, 0, 0, 0, 0]",0.0
1662,291,"Antihemophilic Factor (Recombinant), PEGylated","['L89', 'N08', 'E11', 'E55', 'G61', 'I13', 'I33', 'L28']","['decubitus ulcer', 'glomerular disorders in diseases classified elsewhere', 'non-insulin-dependent diabetes mellitus', 'vitamin d deficiency', 'inflammatory polyneuropathy', 'hypertensive heart and renal disease', 'acute and subacute endocarditis', 'lichen simplex chronicus and prurigo']","[0, 0, 0, 0, 0, 0, 0, 0]",0.0
1663,15_73,Mitoxantrone,"['E10', 'E14', 'E16']","['insulin-dependent diabetes mellitus', 'diabetes mellitus', 'disorders of pancreatic internal secretion']","[0, 3, 0]",1.0
1664,209,Tizanidine,"['G46', 'I63', 'I64', 'I66']","['vascular syndromes of brain in cerebrovascular diseases', 'cerebral infarction', 'stroke', 'occlusion and stenosis of cerebral arteries']","[0, 3, 41, 2]",11.5
1665,444,Fluorescein,"['E10', 'E13', 'E16', 'H26', 'H33']","['insulin-dependent diabetes mellitus', 'specified diabetes mellitus', 'disorders of pancreatic internal secretion', 'cataract', 'retinal detachments and breaks']","[673, 14, 14, 1666, 6428]",1759.0
1666,253,Repaglinide,"['E79', 'M16', 'M87']","['disorders of purine and pyrimidine metabolism', 'coxarthrosis [arthrosis of hip]', 'osteonecrosis']","[30, 0, 0]",10.0
1667,189,Dimetindene,"['M45', 'E13', 'D35', 'I10', 'I12', 'I72', 'I77', 'K20', 'L98', 'N05', 'I13']","['ankylosing spondylitis', 'specified diabetes mellitus', 'benign neoplasm of endocrine glands', 'essential (primary) hypertension', 'hypertensive renal disease', 'aneurysm', 'disorders of arteries and arterioles', 'oesophagitis', 'disorders of skin and subcutaneous tissue', 'minor glomerular abnormality', 'hypertensive heart and renal disease']","[0, 0, 0, 0, 0, 2, 1, 0, 10, 0, 1]",1.2727272727272727
1668,106,Levosalbutamol,"['M42', 'M51', 'M54']","['spinal osteochondrosis', 'intervertebral disk disorders', 'dorsalgia']","[0, 0, 0]",0.0
1669,291,Protein S human,"['L89', 'N08', 'E11', 'E55', 'G61', 'I13', 'I33', 'L28']","['decubitus ulcer', 'glomerular disorders in diseases classified elsewhere', 'non-insulin-dependent diabetes mellitus', 'vitamin d deficiency', 'inflammatory polyneuropathy', 'hypertensive heart and renal disease', 'acute and subacute endocarditis', 'lichen simplex chronicus and prurigo']","[3, 0, 9, 6, 462, 2, 0]",68.85714285714286
1670,303,Aminohippuric acid,"['G40', 'G41', 'F01', 'F71']","['epilepsy', 'status epilepticus', 'vascular dementia', 'moderate mental retardation']","[4, 0, 0, 0]",1.0
1671,203,Omeprazole,"['F32', 'F48', 'B37', 'F51', 'K02', 'K04', 'K08']","['depressive episode', 'neurotic disorders', 'candidiasis', 'sleep disorders', 'dental caries', 'diseases of pulp and periapical tissues', 'disorders of teeth and supporting structures']","[5, 1, 28, 49, 2, 2, 204]",41.57142857142857
1672,72,Delafloxacin,"['N18', 'D64', 'N19']","['chronic renal failure', 'anaemias', 'renal failure']","[2, 0, 6]",2.6666666666666665
1673,200,Cabozantinib,"['F09', 'F63', 'F03', 'F10', 'G31', 'L21', 'D52', 'E51', 'E53', 'I62', 'J39', 'K02', 'K12', 'M46']","['organic or symptomatic mental disorder', 'habit and impulse disorders', 'dementia', 'mental and behavioural disorders due to use of alcohol', 'degenerative diseases of nervous system', 'seborrhoeic dermatitis', 'folate deficiency anaemia', 'thiamine deficiency', 'deficiency of b group vitamins', 'nontraumatic intracranial haemorrhage', 'diseases of upper respiratory tract', 'dental caries', 'stomatitis and related lesions', 'inflammatory spondylopathies']","[11, 2, 5, 0, 0, 0, 0, 0, 0, 0, 0, 0, 26, 0]",3.142857142857143
1674,160_422,Eslicarbazepine acetate,"['M16', 'M87']","['coxarthrosis [arthrosis of hip]', 'osteonecrosis']","[0, 0]",0.0
1675,299,Simvastatin,"['G47', 'J30', 'F51']","['sleep disorders', 'vasomotor and allergic rhinitis', 'sleep disorders']","[18, 22, 18]",19.333333333333332
1676,433,Enzalutamide,"['B18', 'C22', 'C24']","['chronic viral hepatitis', 'malignant neoplasm of liver and intrahepatic bile ducts', 'malignant neoplasm of parts of biliary tract']","[0, 61, 0]",20.333333333333332
1677,264,Methamphetamine,"['N39', 'A04', 'N30']","['disorders of urinary system', 'bacterial intestinal infections', 'cystitis']","[17, 4, 1]",7.333333333333333
1678,437,Nabumetone,"['C61', 'C64', 'D40', 'I89']","['malignant neoplasm of prostate', 'malignant neoplasm of kidney, except renal pelvis', 'neoplasm of uncertain or unknown behaviour of male genital organs', 'non-infective disorders of lymphatic vessels and lymph nodes']","[0, 0, 0, 0]",0.0
1679,416,Ethosuximide,"['L82', 'M54', 'M79']","['seborrhoeic keratosis', 'dorsalgia', 'soft tissue disorders']","[0, 2, 0]",0.6666666666666666
1680,343,Olaparib,"['M89', 'F32', 'F60', 'G83']","['disorders of bone', 'depressive episode', 'specific personality disorders', 'paralytic syndromes']","[44, 0, 0, 0]",11.0
1681,72,Hyoscyamine,"['N18', 'D64', 'N19']","['chronic renal failure', 'anaemias', 'renal failure']","[0, 1, 1]",0.6666666666666666
1682,133,Epinephrine,"['G40', 'G41', 'G81', 'J69', 'F70']","['epilepsy', 'status epilepticus', 'hemiplegia', 'pneumonitis due to solids and liquids', 'mild mental retardation']","[145, 21, 11, 2368, 3]",509.6
1683,421,Oxygen,"['M66', 'M24', 'M65', 'M67', 'M71', 'M93', 'M94']","['spontaneous rupture of synovium and tendon', 'specific joint derangements', 'infective (teno)synovitis', 'disorders of synovium and tendon', 'bursopathies', 'osteochondropathies', 'disorders of cartilage']","[611, 2, 0, 886, 0, 0, 981]",354.2857142857143
1684,315,Propiomazine,"['I20', 'B00', 'K04']","['angina pectoris', 'herpesviral [herpes simplex] infections', 'diseases of pulp and periapical tissues']","[0, 0, 0]",0.0
1685,72,Chlorphenesin,"['N18', 'D64', 'N19']","['chronic renal failure', 'anaemias', 'renal failure']","[0, 0, 0]",0.0
1686,238,Cyclosporine,"['K25', 'K26', 'K70', 'D52', 'D62', 'F05']","['gastric ulcer', 'duodenal ulcer', 'alcoholic liver disease', 'folate deficiency anaemia', 'acute posthaemorrhagic anaemia', 'delirium']","[39, 18, 110, 3, 0, 23]",32.166666666666664
1687,261,Pergolide,"['N25', 'N18', 'A04', 'B02', 'N03']","['disorders resulting from impaired renal tubular function', 'chronic renal failure', 'bacterial intestinal infections', 'zoster [herpes zoster]', 'chronic nephritic syndrome']","[0, 3, 0, 0, 0]",0.6
1688,334,Cyproheptadine,"['L28', 'K76', 'D73', 'E51', 'M89']","['lichen simplex chronicus and prurigo', 'diseases of liver', 'diseases of spleen', 'thiamine deficiency', 'disorders of bone']","[6, 39, 1, 1, 16]",12.6
1689,229,Amoxapine,"['J43', 'J93']","['emphysema', 'pneumothorax']","[0, 0]",0.0
1690,5,Methyclothiazide,"['A49', 'B27', 'J03', 'J11', 'J38', 'L50']","['bacterial infection of site', 'infectious mononucleosis', 'acute tonsillitis', 'influenza virus', 'diseases of vocal cords and larynx', 'urticaria']","[0, 0, 0, 0, 0, 0]",0.0
1691,25,Propacetamol,"['F90', 'F91']","['hyperkinetic disorders', 'conduct disorders']","[0, 0]",0.0
1692,67,Alosetron,"['B20', 'B24']","['human immunodeficiency virus [hiv] disease resulting in infectious and parasitic diseases', 'human immunodeficiency virus [hiv] disease']","[0, 0]",0.0
1693,423,Tenecteplase,"['M16', 'M87', 'M41', 'M42', 'M43', 'M62', 'G54']","['coxarthrosis [arthrosis of hip]', 'osteonecrosis', 'scoliosis', 'spinal osteochondrosis', 'deforming dorsopathies', 'disorders of muscle', 'nerve root and plexus disorders']","[0, 0, 0, 0, 0, 6, 0]",0.8571428571428571
1694,411,Toloxatone,"['G31', 'F10', 'F43']","['degenerative diseases of nervous system', 'mental and behavioural disorders due to use of alcohol', 'reaction to severe stress, and adjustment disorders']","[0, 0, 0]",0.0
1695,158,Docetaxel,"['K92', 'D62']","['diseases of digestive system', 'acute posthaemorrhagic anaemia']","[172, 0]",86.0
1696,119,Telithromycin,"['F70', 'D75', 'D52', 'F10', 'F22', 'G31', 'L21', 'C10', 'C13', 'E53', 'H10', 'I86', 'N62']","['mild mental retardation', 'diseases of blood and blood-forming organs', 'folate deficiency anaemia', 'mental and behavioural disorders due to use of alcohol', 'persistent delusional disorders', 'degenerative diseases of nervous system', 'seborrhoeic dermatitis', 'malignant neoplasm of oropharynx', 'malignant neoplasm of hypopharynx', 'deficiency of b group vitamins', 'conjunctivitis', 'varicose veins of specified sites', 'hypertrophy of breast']","[0, 27, 0, 0, 0, 0, 0, 0, 0, 0, 2, 0, 0]",2.230769230769231
1697,157_240,Fenoprofen,"['K80', 'K81', 'K82', 'K83']","['cholelithiasis', 'cholecystitis', 'diseases of gallbladder', 'diseases of biliary tract']","[0, 0, 0, 0]",0.0
1698,238,Clinofibrate,"['K25', 'K26', 'K70', 'D52', 'D62', 'F05']","['gastric ulcer', 'duodenal ulcer', 'alcoholic liver disease', 'folate deficiency anaemia', 'acute posthaemorrhagic anaemia', 'delirium']","[0, 0, 0, 0, 0, 0]",0.0
1699,215,Nonoxynol-9,"['H40', 'H25', 'H26']","['glaucoma', 'senile cataract', 'cataract']","[1, 0, 0]",0.3333333333333333
1700,112,Icosapent,"['B16', 'B18', 'K73', 'C22']","['acute hepatitis b', 'chronic viral hepatitis', 'chronic hepatitis', 'malignant neoplasm of liver and intrahepatic bile ducts']","[1, 8, 28, 98]",33.75
1701,384,Drospirenone,"['F01', 'G40', 'G41', 'I62']","['vascular dementia', 'epilepsy', 'status epilepticus', 'nontraumatic intracranial haemorrhage']","[2, 0, 0]",0.6666666666666666
1702,111,Zonisamide,"['B16', 'K73', 'B18', 'C22']","['acute hepatitis b', 'chronic hepatitis', 'chronic viral hepatitis', 'malignant neoplasm of liver and intrahepatic bile ducts']","[0, 2, 0, 3]",1.25
1703,390,Iron,"['G91', 'I60', 'D73', 'F52', 'G30', 'L28', 'E11', 'E55', 'F00', 'F05', 'H49', 'A48', 'C76', 'D34', 'H60', 'L08', 'M00', 'N04']","['hydrocephalus', 'subarachnoid haemorrhage', 'diseases of spleen', 'sexual dysfunction', ""alzheimer's disease"", 'lichen simplex chronicus and prurigo', 'non-insulin-dependent diabetes mellitus', 'vitamin d deficiency', ""dementia in alzheimer's disease"", 'delirium', 'paralytic strabismus', 'bacterial diseases', 'malignant neoplasm of ill-defined sites', 'benign neoplasm of thyroid gland', 'otitis externa', 'local infections of skin and subcutaneous tissue', 'pyogenic arthritis', 'nephrotic syndrome']","[82, 238, 820, 84, 2654, 8, 1082, 724, 1522, 37, 0, 8204, 0, 56, 5, 418, 73, 94]",894.5
1704,57,Cinacalcet,"['E87', 'F10', 'F12', 'F17', 'F20', 'F60', 'F63']","['disorders of fluid, electrolyte and acid-base balance', 'mental and behavioural disorders due to use of alcohol', 'mental and behavioural disorders due to use of cannabinoids', 'mental and behavioural disorders due to use of tobacco', 'schizophrenia', 'specific personality disorders', 'habit and impulse disorders']","[5, 1, 0, 0, 0, 0, 1]",1.0
1705,119,Methylprednisolone,"['F70', 'D75', 'D52', 'F10', 'F22', 'G31', 'L21', 'C10', 'C13', 'E53', 'H10', 'I86', 'N62']","['mild mental retardation', 'diseases of blood and blood-forming organs', 'folate deficiency anaemia', 'mental and behavioural disorders due to use of alcohol', 'persistent delusional disorders', 'degenerative diseases of nervous system', 'seborrhoeic dermatitis', 'malignant neoplasm of oropharynx', 'malignant neoplasm of hypopharynx', 'deficiency of b group vitamins', 'conjunctivitis', 'varicose veins of specified sites', 'hypertrophy of breast']","[1, 5462, 2, 25, 0, 18, 11, 1, 4, 0, 97, 0, 2]",432.53846153846155
1706,333_412,Rosuvastatin,"['K80', 'K81', 'K82']","['cholelithiasis', 'cholecystitis', 'diseases of gallbladder']","[0, 0]",0.0
1707,346,Propericiazine,"['N10', 'N18', 'B02', 'B25', 'H10', 'I13', 'N05']","['acute tubulo-interstitial nephritis', 'chronic renal failure', 'zoster [herpes zoster]', 'cytomegaloviral disease', 'conjunctivitis', 'hypertensive heart and renal disease', 'minor glomerular abnormality']","[0, 0, 0, 0, 0, 1, 0]",0.14285714285714285
1708,264,Corticotropin,"['N39', 'A04', 'N30']","['disorders of urinary system', 'bacterial intestinal infections', 'cystitis']","[173, 21, 34]",76.0
1709,133,Tolazoline,"['G40', 'G41', 'G81', 'J69', 'F70']","['epilepsy', 'status epilepticus', 'hemiplegia', 'pneumonitis due to solids and liquids', 'mild mental retardation']","[1, 0, 15, 0]",4.0
1710,373,Orphenadrine,"['E10', 'E13', 'E16', 'I79']","['insulin-dependent diabetes mellitus', 'specified diabetes mellitus', 'disorders of pancreatic internal secretion', 'disorders of arteries, arterioles and capillaries in diseases classified elsewhere']","[1, 0, 0]",0.3333333333333333
1711,77,Pentolinium,"['F11', 'F13', 'F19', 'B18', 'B24', 'F14', 'F15']","['mental and behavioural disorders due to use of opioids', 'mental and behavioural disorders due to use of sedatives or hypnotics', 'mental and behavioural disorders due to multiple drug use and use of psychoactive substances', 'chronic viral hepatitis', 'human immunodeficiency virus [hiv] disease', 'mental and behavioural disorders due to use of cocaine', 'mental and behavioural disorders due to use of stimulants, including caffeine']","[1, 35, 0, 0, 0, 0, 0]",5.142857142857143
1712,203,Alectinib,"['F32', 'F48', 'B37', 'F51', 'K02', 'K04', 'K08']","['depressive episode', 'neurotic disorders', 'candidiasis', 'sleep disorders', 'dental caries', 'diseases of pulp and periapical tissues', 'disorders of teeth and supporting structures']","[0, 0, 0, 0, 0, 0, 26]",3.7142857142857144
1713,346,Olaparib,"['N10', 'N18', 'B02', 'B25', 'H10', 'I13', 'N05']","['acute tubulo-interstitial nephritis', 'chronic renal failure', 'zoster [herpes zoster]', 'cytomegaloviral disease', 'conjunctivitis', 'hypertensive heart and renal disease', 'minor glomerular abnormality']","[0, 1, 0, 0, 0, 41, 0]",6.0
1714,67,Folic Acid,"['B20', 'B24']","['human immunodeficiency virus [hiv] disease resulting in infectious and parasitic diseases', 'human immunodeficiency virus [hiv] disease']","[929, 277]",603.0
1715,410,Clenbuterol,"['I85', 'K70', 'K72', 'K74']","['oesophageal varices', 'alcoholic liver disease', 'hepatic failure', 'fibrosis and cirrhosis of liver']","[0, 2, 3, 7]",3.0
1716,11,Ibudilast,"['C71', 'C79', 'H53']","['malignant neoplasm of brain', 'secondary malignant neoplasm of specified sites', 'visual disturbances']","[3, 0, 0]",1.0
1717,384,Dasabuvir,"['F01', 'G40', 'G41', 'I62']","['vascular dementia', 'epilepsy', 'status epilepticus', 'nontraumatic intracranial haemorrhage']","[0, 0, 0, 0]",0.0
1718,163,Cisapride,"['M25', 'M66', 'M87']","['joint disorders', 'spontaneous rupture of synovium and tendon', 'osteonecrosis']","[3, 0, 0]",1.0
1719,248,Silver,"['M11', 'M17', 'M21', 'M71', 'M93', 'M94']","['crystal arthropathies', 'gonarthrosis [arthrosis of knee]', 'acquired deformities of limbs', 'bursopathies', 'osteochondropathies', 'disorders of cartilage']","[20, 78, 7, 0, 0, 57]",27.0
1720,348,Olmesartan,"['N32', 'N40', 'N41', 'N21', 'N42']","['disorders of bladder', 'hyperplasia of prostate', 'inflammatory diseases of prostate', 'calculus of lower urinary tract', 'disorders of prostate']","[1, 0, 0, 0, 2]",0.6
1721,382,Rufinamide,"['F32', 'G20', 'G35', 'F48', 'K02', 'N48']","['depressive episode', ""parkinson's disease"", 'multiple sclerosis', 'neurotic disorders', 'dental caries', 'disorders of penis']","[0, 1, 2, 0, 0, 0]",0.5
1722,15_73,Abciximab,"['E10', 'E14', 'E16']","['insulin-dependent diabetes mellitus', 'diabetes mellitus', 'disorders of pancreatic internal secretion']","[3, 0]",1.5
1723,451,Insulin Pork,"['I31', 'I20', 'I21']","['diseases of pericardium', 'angina pectoris', 'acute myocardial infarction']","[0, 0, 2]",0.6666666666666666
1724,239,Mefloquine,"['K76', 'A04', 'D61', 'E55', 'K46', 'K55', 'K75']","['diseases of liver', 'bacterial intestinal infections', 'aplastic anaemias', 'vitamin d deficiency', 'abdominal hernia', 'vascular disorders of intestine', 'inflammatory liver diseases']","[72, 2, 2, 0, 0, 0, 3]",11.285714285714286
1725,21,Docetaxel,"['F41', 'K02', 'K05', 'K10', 'L03']","['anxiety disorders', 'dental caries', 'gingivitis and periodontal diseases', 'diseases of jaws', 'cellulitis']","[4, 0, 15, 13, 11]",8.6
1726,176,Sertindole,"['K74', 'I85', 'C22', 'K31', 'K72', 'B99']","['fibrosis and cirrhosis of liver', 'oesophageal varices', 'malignant neoplasm of liver and intrahepatic bile ducts', 'diseases of stomach and duodenum', 'hepatic failure', 'infectious diseases']","[0, 0, 0, 1, 1]",0.4
1727,411,Eletriptan,"['G31', 'F10', 'F43']","['degenerative diseases of nervous system', 'mental and behavioural disorders due to use of alcohol', 'reaction to severe stress, and adjustment disorders']","[0, 0, 0]",0.0
1728,373,Timolol,"['E10', 'E13', 'E16', 'I79']","['insulin-dependent diabetes mellitus', 'specified diabetes mellitus', 'disorders of pancreatic internal secretion', 'disorders of arteries, arterioles and capillaries in diseases classified elsewhere']","[3, 1, 0, 2]",1.5
1729,225,Halazepam,"['D12', 'I84', 'K60', 'K64']","['benign neoplasm of colon, rectum, anus and anal canal', 'haemorrhoids', 'fissure and fistula of anal and rectal regions', 'haemorrhoids and perianal venous thrombosis']","[0, 0, 0, 0]",0.0
1730,191,"Interferon Alfa-2b, Recombinant","['D68', 'I26', 'I80', 'I82']","['coagulation defects', 'pulmonary embolism', 'phlebitis and thrombophlebitis', 'venous embolism and thrombosis']","[175, 5, 2, 80]",65.5
1731,212,Indomethacin,"['F17', 'J01', 'J37', 'J38', 'J42', 'J43', 'J93', 'J02']","['mental and behavioural disorders due to use of tobacco', 'acute sinusitis', 'chronic laryngitis and laryngotracheitis', 'diseases of vocal cords and larynx', 'chronic bronchitis', 'emphysema', 'pneumothorax', 'acute pharyngitis']","[1, 4, 1, 20, 22, 15, 35, 3]",12.625
1732,292,Sulfisoxazole,"['E10', 'E13', 'E16']","['insulin-dependent diabetes mellitus', 'specified diabetes mellitus', 'disorders of pancreatic internal secretion']","[0, 0, 0]",0.0
1733,54,Domperidone,"['E87', 'F10', 'F17']","['disorders of fluid, electrolyte and acid-base balance', 'mental and behavioural disorders due to use of alcohol', 'mental and behavioural disorders due to use of tobacco']","[1, 6, 0]",2.3333333333333335
1734,149,Pirlindole,"['J44', 'J98']","['chronic obstructive pulmonary disease', 'respiratory disorders']","[0, 0]",0.0
1735,378,Conivaptan,"['F10', 'F13', 'F31', 'F60', 'G31', 'D53', 'E51', 'K08']","['mental and behavioural disorders due to use of alcohol', 'mental and behavioural disorders due to use of sedatives or hypnotics', 'bipolar affective disorder', 'specific personality disorders', 'degenerative diseases of nervous system', 'nutritional anaemias', 'thiamine deficiency', 'disorders of teeth and supporting structures']","[0, 0, 0, 0, 0, 0, 12]",1.7142857142857142
1736,414,Carmustine,"['K83', 'K85', 'K86', 'B18', 'C22', 'C24', 'C25']","['diseases of biliary tract', 'acute pancreatitis', 'diseases of pancreas', 'chronic viral hepatitis', 'malignant neoplasm of liver and intrahepatic bile ducts', 'malignant neoplasm of parts of biliary tract', 'malignant neoplasm of pancreas']","[1, 32, 1, 121, 0, 32]",31.166666666666668
1737,76,Midodrine,"['F10', 'K70']","['mental and behavioural disorders due to use of alcohol', 'alcoholic liver disease']","[15, 8]",11.5
1738,76,Vitamin C,"['F10', 'K70']","['mental and behavioural disorders due to use of alcohol', 'alcoholic liver disease']","[152, 182]",167.0
1739,149,Calcium Citrate,"['J44', 'J98']","['chronic obstructive pulmonary disease', 'respiratory disorders']","[3, 27]",15.0
1740,374,Rizatriptan,"['L95', 'C45', 'D89', 'E01', 'E72', 'G90', 'I10', 'I22', 'I33', 'I60', 'I78', 'J04', 'J13', 'K27', 'L08', 'L20', 'L21', 'L23', 'L29', 'L50', 'L71', 'L85', 'M05', 'M31', 'M45', 'M85', 'M96', 'N62']","['vasculitis limited to skin', 'mesothelioma', 'disorders involving the immune mechanism', 'iodine-deficiency-related thyroid disorders and allied conditions', 'disorders of amino-acid metabolism', 'disorders of autonomic nervous system', 'essential (primary) hypertension', 'subsequent myocardial infarction', 'acute and subacute endocarditis', 'subarachnoid haemorrhage', 'diseases of capillaries', 'acute laryngitis and tracheitis', 'pneumonia due to streptococcus pneumoniae', 'acute with perforation', 'local infections of skin and subcutaneous tissue', 'atopic dermatitis', 'seborrhoeic dermatitis', 'allergic contact dermatitis', 'pruritus', 'urticaria', 'rosacea', 'epidermal thickening', 'seropositive rheumatoid arthritis', 'necrotising vasculopathies', 'ankylosing spondylitis', 'disorders of bone density and structure', 'postprocedural musculoskeletal disorders', 'hypertrophy of breast']","[0, 0, 0, 0, 1, 4, 0, 1, 0, 1, 0, 0, 0, 0, 0, 0, 0, 0, 0, 0, 0, 0, 0, 2, 0, 27, 0]",1.3333333333333333
1741,85,Procyclidine,"['F41', 'F45']","['anxiety disorders', 'somatoform disorders']","[6, 0]",3.0
1742,79,Theophylline,"['B16', 'B18', 'F11', 'F12', 'F13', 'F14', 'F19', 'K73']","['acute hepatitis b', 'chronic viral hepatitis', 'mental and behavioural disorders due to use of opioids', 'mental and behavioural disorders due to use of cannabinoids', 'mental and behavioural disorders due to use of sedatives or hypnotics', 'mental and behavioural disorders due to use of cocaine', 'mental and behavioural disorders due to multiple drug use and use of psychoactive substances', 'chronic hepatitis']","[5, 10, 40, 3, 935, 11, 21, 25]",131.25
1743,334,Prasugrel,"['L28', 'K76', 'D73', 'E51', 'M89']","['lichen simplex chronicus and prurigo', 'diseases of liver', 'diseases of spleen', 'thiamine deficiency', 'disorders of bone']","[0, 14, 1, 0, 4]",3.8
1744,76,Delavirdine,"['F10', 'K70']","['mental and behavioural disorders due to use of alcohol', 'alcoholic liver disease']","[0, 0]",0.0
1745,12,Metformin,"['D61', 'D69', 'D70']","['aplastic anaemias', 'purpura and haemorrhagic conditions', 'agranulocytosis']","[10, 3908, 2]",1306.6666666666667
1746,157_240,Lurasidone,"['K80', 'K81', 'K82', 'K83']","['cholelithiasis', 'cholecystitis', 'diseases of gallbladder', 'diseases of biliary tract']","[0, 0, 0, 0]",0.0
1747,389,Thrombin,"['E10', 'E13', 'E16', 'H26', 'H33', 'H35', 'H36']","['insulin-dependent diabetes mellitus', 'specified diabetes mellitus', 'disorders of pancreatic internal secretion', 'cataract', 'retinal detachments and breaks', 'retinal disorders', 'retinal disorders in diseases classified elsewhere']","[2, 5, 23, 141, 147, 0]",53.0
1748,244,NADH,"['L71', 'K70', 'D53', 'F05', 'G31']","['rosacea', 'alcoholic liver disease', 'nutritional anaemias', 'delirium', 'degenerative diseases of nervous system']","[6, 399, 8, 7, 65]",97.0
1749,378,Lovastatin,"['F10', 'F13', 'F31', 'F60', 'G31', 'D53', 'E51', 'K08']","['mental and behavioural disorders due to use of alcohol', 'mental and behavioural disorders due to use of sedatives or hypnotics', 'bipolar affective disorder', 'specific personality disorders', 'degenerative diseases of nervous system', 'nutritional anaemias', 'thiamine deficiency', 'disorders of teeth and supporting structures']","[16, 43, 7, 0, 9, 2, 1, 410]",61.0
1750,110,Zolpidem,"['N18', 'D64']","['chronic renal failure', 'anaemias']","[6, 2]",4.0
1751,443,Quazepam,"['D75', 'D64', 'D68', 'E21', 'E83']","['diseases of blood and blood-forming organs', 'anaemias', 'coagulation defects', 'hyperparathyroidism and disorders of parathyroid gland', 'disorders of mineral metabolism']","[0, 0, 0, 0, 0]",0.0
1752,144,Ouabain,"['I73', 'I74']","['peripheral vascular diseases', 'arterial embolism and thrombosis']","[7, 10]",8.5
1753,369,Emicizumab,"['N43', 'D29', 'N02', 'N39', 'N40']","['hydrocele and spermatocele', 'benign neoplasm of male genital organs', 'recurrent and persistent haematuria', 'disorders of urinary system', 'hyperplasia of prostate']","[0, 0, 37, 0, 0]",7.4
1754,222_294,Pralidoxime,"['G93', 'I46']","['disorders of brain', 'cardiac arrest']","[33, 12]",22.5
1755,332,Diltiazem,"['K59', 'K56', 'K65']","['functional intestinal disorders', 'paralytic ileus and intestinal obstruction without hernia', 'peritonitis']","[6, 40]",23.0
1756,133,Digoxin,"['G40', 'G41', 'G81', 'J69', 'F70']","['epilepsy', 'status epilepticus', 'hemiplegia', 'pneumonitis due to solids and liquids', 'mild mental retardation']","[48, 2, 3, 521, 1]",115.0
1757,374,Pipamperone,"['L95', 'C45', 'D89', 'E01', 'E72', 'G90', 'I10', 'I22', 'I33', 'I60', 'I78', 'J04', 'J13', 'K27', 'L08', 'L20', 'L21', 'L23', 'L29', 'L50', 'L71', 'L85', 'M05', 'M31', 'M45', 'M85', 'M96', 'N62']","['vasculitis limited to skin', 'mesothelioma', 'disorders involving the immune mechanism', 'iodine-deficiency-related thyroid disorders and allied conditions', 'disorders of amino-acid metabolism', 'disorders of autonomic nervous system', 'essential (primary) hypertension', 'subsequent myocardial infarction', 'acute and subacute endocarditis', 'subarachnoid haemorrhage', 'diseases of capillaries', 'acute laryngitis and tracheitis', 'pneumonia due to streptococcus pneumoniae', 'acute with perforation', 'local infections of skin and subcutaneous tissue', 'atopic dermatitis', 'seborrhoeic dermatitis', 'allergic contact dermatitis', 'pruritus', 'urticaria', 'rosacea', 'epidermal thickening', 'seropositive rheumatoid arthritis', 'necrotising vasculopathies', 'ankylosing spondylitis', 'disorders of bone density and structure', 'postprocedural musculoskeletal disorders', 'hypertrophy of breast']","[0, 0, 0, 0, 2, 0, 0, 0, 0, 0, 0, 0, 0, 0, 0, 0, 0, 0, 0, 0, 0, 0, 0, 0, 0, 5, 0, 0]",0.25
1758,238,Oxyphencyclimine,"['K25', 'K26', 'K70', 'D52', 'D62', 'F05']","['gastric ulcer', 'duodenal ulcer', 'alcoholic liver disease', 'folate deficiency anaemia', 'acute posthaemorrhagic anaemia', 'delirium']","[9, 6, 0, 0, 0, 0]",2.5
1759,369,Boceprevir,"['N43', 'D29', 'N02', 'N39', 'N40']","['hydrocele and spermatocele', 'benign neoplasm of male genital organs', 'recurrent and persistent haematuria', 'disorders of urinary system', 'hyperplasia of prostate']","[0, 0, 62, 0, 0]",12.4
1760,77,Nesiritide,"['F11', 'F13', 'F19', 'B18', 'B24', 'F14', 'F15']","['mental and behavioural disorders due to use of opioids', 'mental and behavioural disorders due to use of sedatives or hypnotics', 'mental and behavioural disorders due to multiple drug use and use of psychoactive substances', 'chronic viral hepatitis', 'human immunodeficiency virus [hiv] disease', 'mental and behavioural disorders due to use of cocaine', 'mental and behavioural disorders due to use of stimulants, including caffeine']","[5, 37, 0, 9, 41, 3, 0]",13.571428571428571
1761,108,Butorphanol,"['N19', 'I10', 'I11', 'I34', 'I61', 'I67', 'I70', 'I71', 'L97']","['renal failure', 'essential (primary) hypertension', 'hypertensive heart disease', 'nonrheumatic mitral valve disorders', 'intracerebral haemorrhage', 'cerebrovascular diseases', 'atherosclerosis', 'aortic aneurysm and dissection', 'ulcer of lower limb']","[1, 0, 6, 0, 2, 5, 0, 2, 0]",1.7777777777777777
1762,119,Suprofen,"['F70', 'D75', 'D52', 'F10', 'F22', 'G31', 'L21', 'C10', 'C13', 'E53', 'H10', 'I86', 'N62']","['mild mental retardation', 'diseases of blood and blood-forming organs', 'folate deficiency anaemia', 'mental and behavioural disorders due to use of alcohol', 'persistent delusional disorders', 'degenerative diseases of nervous system', 'seborrhoeic dermatitis', 'malignant neoplasm of oropharynx', 'malignant neoplasm of hypopharynx', 'deficiency of b group vitamins', 'conjunctivitis', 'varicose veins of specified sites', 'hypertrophy of breast']","[0, 9, 0, 0, 0, 0, 0, 0, 0, 0, 3, 0]",1.0
1763,272,Edoxaban,"['B16', 'K73', 'B18', 'C22', 'F19']","['acute hepatitis b', 'chronic hepatitis', 'chronic viral hepatitis', 'malignant neoplasm of liver and intrahepatic bile ducts', 'mental and behavioural disorders due to multiple drug use and use of psychoactive substances']","[0, 2, 0, 8, 3]",2.6
1764,308,Vorinostat,"['H02', 'H25', 'H26', 'H27', 'H34']","['disorders of eyelid', 'senile cataract', 'cataract', 'disorders of lens', 'retinal vascular occlusions']","[1, 0, 4, 1, 0]",1.2
1765,110,Rocuronium,"['N18', 'D64']","['chronic renal failure', 'anaemias']","[38, 5]",21.5
1766,200,Debrisoquin,"['F09', 'F63', 'F03', 'F10', 'G31', 'L21', 'D52', 'E51', 'E53', 'I62', 'J39', 'K02', 'K12', 'M46']","['organic or symptomatic mental disorder', 'habit and impulse disorders', 'dementia', 'mental and behavioural disorders due to use of alcohol', 'degenerative diseases of nervous system', 'seborrhoeic dermatitis', 'folate deficiency anaemia', 'thiamine deficiency', 'deficiency of b group vitamins', 'nontraumatic intracranial haemorrhage', 'diseases of upper respiratory tract', 'dental caries', 'stomatitis and related lesions', 'inflammatory spondylopathies']","[12, 10, 13, 12, 0, 0, 0, 0, 0, 0, 0, 0, 2, 0]",3.5
1767,269,D-glucose,"['A41', 'J80', 'K65']","['septicaemia', 'adult respiratory distress syndrome', 'peritonitis']","[4199, 752, 6359]",3770.0
1768,244,Vilanterol,"['L71', 'K70', 'D53', 'F05', 'G31']","['rosacea', 'alcoholic liver disease', 'nutritional anaemias', 'delirium', 'degenerative diseases of nervous system']","[0, 0, 0, 0, 0]",0.0
1769,454,Malathion,"['G40', 'G41', 'G81', 'I61', 'I62']","['epilepsy', 'status epilepticus', 'hemiplegia', 'intracerebral haemorrhage', 'nontraumatic intracranial haemorrhage']","[0, 0, 0, 0]",0.0
1770,57,Cholesterol,"['E87', 'F10', 'F12', 'F17', 'F20', 'F60', 'F63']","['disorders of fluid, electrolyte and acid-base balance', 'mental and behavioural disorders due to use of alcohol', 'mental and behavioural disorders due to use of cannabinoids', 'mental and behavioural disorders due to use of tobacco', 'schizophrenia', 'specific personality disorders', 'habit and impulse disorders']","[159, 1025, 16, 128, 1254, 16, 4763]",1051.5714285714287
1771,57,Lonoctocog alfa,"['E87', 'F10', 'F12', 'F17', 'F20', 'F60', 'F63']","['disorders of fluid, electrolyte and acid-base balance', 'mental and behavioural disorders due to use of alcohol', 'mental and behavioural disorders due to use of cannabinoids', 'mental and behavioural disorders due to use of tobacco', 'schizophrenia', 'specific personality disorders', 'habit and impulse disorders']","[0, 0, 0, 0, 0, 0, 0]",0.0
1772,427,Captodiame,"['N30', 'N43', 'D29', 'N10', 'N39', 'H10', 'N02', 'N40', 'N41', 'N42']","['cystitis', 'hydrocele and spermatocele', 'benign neoplasm of male genital organs', 'acute tubulo-interstitial nephritis', 'disorders of urinary system', 'conjunctivitis', 'recurrent and persistent haematuria', 'hyperplasia of prostate', 'inflammatory diseases of prostate', 'disorders of prostate']","[0, 0, 0, 0, 0, 0, 0, 0, 0, 0]",0.0
1773,55,Escitalopram,"['F11', 'F13', 'F19']","['mental and behavioural disorders due to use of opioids', 'mental and behavioural disorders due to use of sedatives or hypnotics', 'mental and behavioural disorders due to multiple drug use and use of psychoactive substances']","[28, 95, 110]",77.66666666666667
1774,168,Zucapsaicin,"['N18', 'B99', 'N03', 'N25', 'N05']","['chronic renal failure', 'infectious diseases', 'chronic nephritic syndrome', 'disorders resulting from impaired renal tubular function', 'minor glomerular abnormality']","[0, 1, 0, 0, 0]",0.2
1775,129,Apalutamide,"['F17', 'G45', 'J15', 'J20', 'J93', 'L05']","['mental and behavioural disorders due to use of tobacco', 'transient cerebral ischaemic attacks and related syndromes', 'bacterial pneumonia', 'acute bronchitis', 'pneumothorax', 'pilonidal cyst']","[0, 9, 1, 0, 0, 0]",1.6666666666666667
1776,21,Repaglinide,"['F41', 'K02', 'K05', 'K10', 'L03']","['anxiety disorders', 'dental caries', 'gingivitis and periodontal diseases', 'diseases of jaws', 'cellulitis']","[1, 0, 0, 0, 0]",0.2
1777,118,Octreotide,"['F70', 'D53', 'F10', 'F34', 'F05', 'G31', 'H10', 'K72', 'L21']","['mild mental retardation', 'nutritional anaemias', 'mental and behavioural disorders due to use of alcohol', 'persistent mood [affective] disorders', 'delirium', 'degenerative diseases of nervous system', 'conjunctivitis', 'hepatic failure', 'seborrhoeic dermatitis']","[1, 7, 8, 0, 7, 1, 2, 193, 0]",24.333333333333332
1778,4,Reboxetine,"['A41', 'C91', 'N10']","['septicaemia', 'lymphoid leukaemia', 'acute tubulo-interstitial nephritis']","[0, 0, 0]",0.0
1779,408,Trimebutine,"['K83', 'K85', 'K86', 'B18', 'C22', 'C24', 'C25', 'K80', 'K81', 'K82']","['diseases of biliary tract', 'acute pancreatitis', 'diseases of pancreas', 'chronic viral hepatitis', 'malignant neoplasm of liver and intrahepatic bile ducts', 'malignant neoplasm of parts of biliary tract', 'malignant neoplasm of pancreas', 'cholelithiasis', 'cholecystitis', 'diseases of gallbladder']","[5, 2, 3, 0, 0, 0, 0, 3, 2, 1]",1.6
1780,131,Insulin Lispro,"['F11', 'F13', 'F33', 'F43', 'F60']","['mental and behavioural disorders due to use of opioids', 'mental and behavioural disorders due to use of sedatives or hypnotics', 'recurrent depressive disorder', 'reaction to severe stress, and adjustment disorders', 'specific personality disorders']","[0, 0, 0, 2, 0]",0.4
1781,122_194,Menthyl salicylate,"['E10', 'E16', 'H36']","['insulin-dependent diabetes mellitus', 'disorders of pancreatic internal secretion', 'retinal disorders in diseases classified elsewhere']","[0, 0, 0]",0.0
1782,299,Nitrazepam,"['G47', 'J30', 'F51']","['sleep disorders', 'vasomotor and allergic rhinitis', 'sleep disorders']","[151, 0, 151]",100.66666666666667
1783,5,Trihexyphenidyl,"['A49', 'B27', 'J03', 'J11', 'J38', 'L50']","['bacterial infection of site', 'infectious mononucleosis', 'acute tonsillitis', 'influenza virus', 'diseases of vocal cords and larynx', 'urticaria']","[0, 0, 0, 1, 5, 0]",1.0
1784,421,Valbenazine,"['M66', 'M24', 'M65', 'M67', 'M71', 'M93', 'M94']","['spontaneous rupture of synovium and tendon', 'specific joint derangements', 'infective (teno)synovitis', 'disorders of synovium and tendon', 'bursopathies', 'osteochondropathies', 'disorders of cartilage']","[0, 0, 0, 0, 0, 0, 0]",0.0
1785,134,Telmisartan,"['M42', 'M51', 'M54', 'G54', 'M62']","['spinal osteochondrosis', 'intervertebral disk disorders', 'dorsalgia', 'nerve root and plexus disorders', 'disorders of muscle']","[0, 0, 4, 2, 77]",16.6
1786,134,Thonzylamine,"['M42', 'M51', 'M54', 'G54', 'M62']","['spinal osteochondrosis', 'intervertebral disk disorders', 'dorsalgia', 'nerve root and plexus disorders', 'disorders of muscle']","[0, 0, 0, 0, 0]",0.0
1787,47,Cyclophosphamide,"['N12', 'N39']","['tubulo-interstitial nephritis', 'disorders of urinary system']","[192, 184]",188.0
1788,438,Antithymocyte immunoglobulin (rabbit),"['B37', 'C34', 'C38', 'C79', 'C80', 'D48', 'D63', 'D70', 'J82', 'M84']","['candidiasis', 'malignant neoplasm of bronchus and lung', 'malignant neoplasm of heart, mediastinum and pleura', 'secondary malignant neoplasm of specified sites', 'malignant neoplasm', 'neoplasm of uncertain or unknown behaviour of sites', 'anaemia in chronic diseases classified elsewhere', 'agranulocytosis', 'pulmonary eosinophilia', 'disorders of continuity of bone']","[4, 97, 3, 0, 401, 0, 0, 7, 0, 3]",51.5
1789,10,Collagenase clostridium histolyticum,"['J20', 'J30', 'J42', 'L30', 'D80']","['acute bronchitis', 'vasomotor and allergic rhinitis', 'chronic bronchitis', 'dermatitis', 'immunodeficiency with antibody defects']","[0, 3, 3, 19, 0]",5.0
1790,379,Trimebutine,"['F13', 'F33', 'F41', 'F43', 'F45', 'F32']","['mental and behavioural disorders due to use of sedatives or hypnotics', 'recurrent depressive disorder', 'anxiety disorders', 'reaction to severe stress, and adjustment disorders', 'somatoform disorders', 'depressive episode']","[6, 0, 1, 0, 2, 0]",1.5
1791,410,Homatropine,"['I85', 'K70', 'K72', 'K74']","['oesophageal varices', 'alcoholic liver disease', 'hepatic failure', 'fibrosis and cirrhosis of liver']","[0, 0, 0, 0]",0.0
1792,451,Yohimbine,"['I31', 'I20', 'I21']","['diseases of pericardium', 'angina pectoris', 'acute myocardial infarction']","[0, 34, 18]",17.333333333333332
1793,56,Levetiracetam,"['F32', 'F33', 'F41', 'F45']","['depressive episode', 'recurrent depressive disorder', 'anxiety disorders', 'somatoform disorders']","[17, 1, 96, 4]",29.5
1794,356,Fluorometholone,"['B18', 'C22', 'C24', 'K73']","['chronic viral hepatitis', 'malignant neoplasm of liver and intrahepatic bile ducts', 'malignant neoplasm of parts of biliary tract', 'chronic hepatitis']","[0, 0, 0, 0]",0.0
1795,15_73,Antihemophilic factor human,"['E10', 'E14', 'E16']","['insulin-dependent diabetes mellitus', 'diabetes mellitus', 'disorders of pancreatic internal secretion']","[0, 3, 0]",1.0
1796,54,Malathion,"['E87', 'F10', 'F17']","['disorders of fluid, electrolyte and acid-base balance', 'mental and behavioural disorders due to use of alcohol', 'mental and behavioural disorders due to use of tobacco']","[2, 3, 0]",1.6666666666666667
1797,411,Troleandomycin,"['G31', 'F10', 'F43']","['degenerative diseases of nervous system', 'mental and behavioural disorders due to use of alcohol', 'reaction to severe stress, and adjustment disorders']","[0, 1, 0]",0.3333333333333333
1798,5,Pirlindole,"['A49', 'B27', 'J03', 'J11', 'J38', 'L50']","['bacterial infection of site', 'infectious mononucleosis', 'acute tonsillitis', 'influenza virus', 'diseases of vocal cords and larynx', 'urticaria']","[0, 0, 0, 0, 0, 0]",0.0
1799,405,Felodipine,"['K83', 'B18', 'C22', 'C24', 'C25', 'K80', 'K81', 'K82', 'K85', 'K86']","['diseases of biliary tract', 'chronic viral hepatitis', 'malignant neoplasm of liver and intrahepatic bile ducts', 'malignant neoplasm of parts of biliary tract', 'malignant neoplasm of pancreas', 'cholelithiasis', 'cholecystitis', 'diseases of gallbladder', 'acute pancreatitis', 'diseases of pancreas']","[1, 0, 2, 0, 0, 0, 0, 0, 0, 2]",0.5
1800,176,Hydroxocobalamin,"['K74', 'I85', 'C22', 'K31', 'K72', 'B99']","['fibrosis and cirrhosis of liver', 'oesophageal varices', 'malignant neoplasm of liver and intrahepatic bile ducts', 'diseases of stomach and duodenum', 'hepatic failure', 'infectious diseases']","[14, 0, 1, 10, 13, 11]",8.166666666666666
1801,346,Cyanocobalamin,"['N10', 'N18', 'B02', 'B25', 'H10', 'I13', 'N05']","['acute tubulo-interstitial nephritis', 'chronic renal failure', 'zoster [herpes zoster]', 'cytomegaloviral disease', 'conjunctivitis', 'hypertensive heart and renal disease', 'minor glomerular abnormality']","[0, 275, 60, 4, 2, 937, 0]",182.57142857142858
1802,79,Conjugated estrogens,"['B16', 'B18', 'F11', 'F12', 'F13', 'F14', 'F19', 'K73']","['acute hepatitis b', 'chronic viral hepatitis', 'mental and behavioural disorders due to use of opioids', 'mental and behavioural disorders due to use of cannabinoids', 'mental and behavioural disorders due to use of sedatives or hypnotics', 'mental and behavioural disorders due to use of cocaine', 'mental and behavioural disorders due to multiple drug use and use of psychoactive substances', 'chronic hepatitis']","[1, 1, 0, 0, 27, 0, 5, 2]",4.5
1803,454,Tocofersolan,"['G40', 'G41', 'G81', 'I61', 'I62']","['epilepsy', 'status epilepticus', 'hemiplegia', 'intracerebral haemorrhage', 'nontraumatic intracranial haemorrhage']","[1, 0, 0, 0, 0]",0.2
1804,76,Hyoscyamine,"['F10', 'K70']","['mental and behavioural disorders due to use of alcohol', 'alcoholic liver disease']","[0, 0]",0.0
1805,301_353,Flumethasone,"['G20', 'F02', 'G21']","[""parkinson's disease"", 'dementia in diseases classified elsewhere', 'secondary parkinsonism']","[0, 0, 0]",0.0
1806,411,Verapamil,"['G31', 'F10', 'F43']","['degenerative diseases of nervous system', 'mental and behavioural disorders due to use of alcohol', 'reaction to severe stress, and adjustment disorders']","[1, 61, 6]",22.666666666666668
1807,205,Enzacamene,"['D52', 'J41', 'L71', 'F17', 'J42', 'J13', 'J39', 'K04', 'K08', 'K12', 'L08', 'N62']","['folate deficiency anaemia', 'simple and mucopurulent chronic bronchitis', 'rosacea', 'mental and behavioural disorders due to use of tobacco', 'chronic bronchitis', 'pneumonia due to streptococcus pneumoniae', 'diseases of upper respiratory tract', 'diseases of pulp and periapical tissues', 'disorders of teeth and supporting structures', 'stomatitis and related lesions', 'local infections of skin and subcutaneous tissue', 'hypertrophy of breast']","[0, 0, 0, 0, 0, 0, 0, 0, 5, 0, 0, 0]",0.4166666666666667
1808,238,Pasireotide,"['K25', 'K26', 'K70', 'D52', 'D62', 'F05']","['gastric ulcer', 'duodenal ulcer', 'alcoholic liver disease', 'folate deficiency anaemia', 'acute posthaemorrhagic anaemia', 'delirium']","[0, 0, 0, 0, 0, 0]",0.0
1809,392,Norgestrel,"['I77', 'H57', 'I70', 'I73', 'I74', 'L03']","['disorders of arteries and arterioles', 'disorders of eye and adnexa', 'atherosclerosis', 'peripheral vascular diseases', 'arterial embolism and thrombosis', 'cellulitis']","[76, 283, 27, 189, 1]",115.2
1810,427,Irinotecan,"['N30', 'N43', 'D29', 'N10', 'N39', 'H10', 'N02', 'N40', 'N41', 'N42']","['cystitis', 'hydrocele and spermatocele', 'benign neoplasm of male genital organs', 'acute tubulo-interstitial nephritis', 'disorders of urinary system', 'conjunctivitis', 'recurrent and persistent haematuria', 'hyperplasia of prostate', 'inflammatory diseases of prostate', 'disorders of prostate']","[8, 0, 4, 0, 2, 1, 1900, 1, 0, 26]",194.2
1811,110,Becaplermin,"['N18', 'D64']","['chronic renal failure', 'anaemias']","[12, 10]",11.0
1812,81,Butabarbital,"['F19', 'F90']","['mental and behavioural disorders due to multiple drug use and use of psychoactive substances', 'hyperkinetic disorders']","[1, 0]",0.5
1813,205,Folic Acid,"['D52', 'J41', 'L71', 'F17', 'J42', 'J13', 'J39', 'K04', 'K08', 'K12', 'L08', 'N62']","['folate deficiency anaemia', 'simple and mucopurulent chronic bronchitis', 'rosacea', 'mental and behavioural disorders due to use of tobacco', 'chronic bronchitis', 'pneumonia due to streptococcus pneumoniae', 'diseases of upper respiratory tract', 'diseases of pulp and periapical tissues', 'disorders of teeth and supporting structures', 'stomatitis and related lesions', 'local infections of skin and subcutaneous tissue', 'hypertrophy of breast']","[3450, 0, 6, 28, 34, 10, 5, 5, 2355, 789, 68, 1]",562.5833333333334
1814,438,Dexamethasone,"['B37', 'C34', 'C38', 'C79', 'C80', 'D48', 'D63', 'D70', 'J82', 'M84']","['candidiasis', 'malignant neoplasm of bronchus and lung', 'malignant neoplasm of heart, mediastinum and pleura', 'secondary malignant neoplasm of specified sites', 'malignant neoplasm', 'neoplasm of uncertain or unknown behaviour of sites', 'anaemia in chronic diseases classified elsewhere', 'agranulocytosis', 'pulmonary eosinophilia', 'disorders of continuity of bone']","[88, 6009, 42, 0, 17696, 91, 0, 280, 73, 195]",2447.4
1815,351,Doconexent,"['A02', 'A48', 'A69', 'B07', 'B36', 'B44', 'B49', 'B86', 'C11', 'C26', 'C41', 'C45', 'C50', 'C60', 'C66', 'C69', 'C76', 'C84', 'C88', 'D03', 'D07', 'D31', 'D34', 'D51', 'D89', 'E07', 'E22', 'E23', 'E27', 'E46', 'E74', 'E85', 'F52', 'G24', 'G52', 'G90', 'G92', 'H21', 'H31', 'H55', 'H61', 'J02', 'J11', 'J12', 'J61', 'K11', 'K41', 'L25', 'L60', 'L80', 'L81', 'M12', 'M60', 'N11', 'N34', 'N36', 'N50']","['salmonella infections', 'bacterial diseases', 'spirochaetal infections', 'viral warts', 'superficial mycoses', 'aspergillosis', 'mycosis', 'scabies', 'malignant neoplasm of nasopharynx', 'malignant neoplasm of ill-defined digestive organs', 'malignant neoplasm of bone and articular cartilage of sites', 'mesothelioma', 'malignant neoplasm of breast', 'malignant neoplasm of penis', 'malignant neoplasm of ureter', 'malignant neoplasm of eye and adnexa', 'malignant neoplasm of ill-defined sites', 'peripheral and cutaneous t-cell lymphomas', 'malignant immunoproliferative diseases', 'melanoma in situ', 'carcinoma in situ of genital organs', 'benign neoplasm of eye and adnexa', 'benign neoplasm of thyroid gland', 'vitamin b12 deficiency anaemia', 'disorders involving the immune mechanism', 'disorders of thyroid', 'hyperfunction of pituitary gland', 'hypofunction and disorders of pituitary gland', 'disorders of adrenal gland', 'protein-energy malnutrition', 'disorders of carbohydrate metabolism', 'amyloidosis', 'sexual dysfunction', 'dystonia', 'disorders of cranial nerves', 'disorders of autonomic nervous system', 'toxic encephalopathy', 'disorders of iris and ciliary body', 'disorders of choroid', 'nystagmus and irregular eye movements', 'disorders of external ear', 'acute pharyngitis', 'influenza virus', 'viral pneumonia', 'pneumoconiosis due to asbestos and mineral fibres', 'diseases of salivary glands', 'femoral hernia', 'contact dermatitis', 'nail disorders', 'vitiligo', 'disorders of pigmentation', 'specific arthropathies', 'myositis', 'chronic tubulo-interstitial nephritis', 'urethritis and urethral syndrome', 'disorders of urethra', 'disorders of male genital organs']","[0, 0, 0, 0, 0, 0, 0, 0, 0, 0, 0, 0, 0, 0, 0, 0, 0, 0, 0, 0, 0, 0, 0, 0, 0, 0, 0, 0, 0, 0, 0, 0, 0, 0, 0, 0, 0, 0, 0, 0, 0, 0, 0, 0, 0, 0, 0, 0, 0, 0, 0, 0, 0, 0, 0, 0, 0]",0.0
1816,110,Sulfaphenazole,"['N18', 'D64']","['chronic renal failure', 'anaemias']","[2, 4]",3.0
1817,77,Gemfibrozil,"['F11', 'F13', 'F19', 'B18', 'B24', 'F14', 'F15']","['mental and behavioural disorders due to use of opioids', 'mental and behavioural disorders due to use of sedatives or hypnotics', 'mental and behavioural disorders due to multiple drug use and use of psychoactive substances', 'chronic viral hepatitis', 'human immunodeficiency virus [hiv] disease', 'mental and behavioural disorders due to use of cocaine', 'mental and behavioural disorders due to use of stimulants, including caffeine']","[0, 18, 2, 1, 20, 0, 0]",5.857142857142857
1818,27,Coagulation factor VIIa Recombinant Human,"['G40', 'G41', 'G47', 'G81', 'G91']","['epilepsy', 'status epilepticus', 'sleep disorders', 'hemiplegia', 'hydrocephalus']","[3, 0, 1, 6]",2.5
1819,253,Bisoprolol,"['E79', 'M16', 'M87']","['disorders of purine and pyrimidine metabolism', 'coxarthrosis [arthrosis of hip]', 'osteonecrosis']","[10, 0, 0]",3.3333333333333335
1820,131,Hydroflumethiazide,"['F11', 'F13', 'F33', 'F43', 'F60']","['mental and behavioural disorders due to use of opioids', 'mental and behavioural disorders due to use of sedatives or hypnotics', 'recurrent depressive disorder', 'reaction to severe stress, and adjustment disorders', 'specific personality disorders']","[0, 8, 0, 0, 0]",1.6
1821,444,Tianeptine,"['E10', 'E13', 'E16', 'H26', 'H33']","['insulin-dependent diabetes mellitus', 'specified diabetes mellitus', 'disorders of pancreatic internal secretion', 'cataract', 'retinal detachments and breaks']","[0, 0, 0, 0, 1]",0.2
1822,291,Prazosin,"['L89', 'N08', 'E11', 'E55', 'G61', 'I13', 'I33', 'L28']","['decubitus ulcer', 'glomerular disorders in diseases classified elsewhere', 'non-insulin-dependent diabetes mellitus', 'vitamin d deficiency', 'inflammatory polyneuropathy', 'hypertensive heart and renal disease', 'acute and subacute endocarditis', 'lichen simplex chronicus and prurigo']","[1, 0, 62, 0, 1173, 0, 0]",176.57142857142858
1823,264,Methyltestosterone,"['N39', 'A04', 'N30']","['disorders of urinary system', 'bacterial intestinal infections', 'cystitis']","[0, 0, 1]",0.3333333333333333
1824,228,Levomenol,"['J41', 'J44', 'J47', 'G61', 'H10', 'J40', 'J82']","['simple and mucopurulent chronic bronchitis', 'chronic obstructive pulmonary disease', 'bronchiectasis', 'inflammatory polyneuropathy', 'conjunctivitis', 'bronchitis', 'pulmonary eosinophilia']","[0, 0, 0, 0, 0, 1, 0]",0.14285714285714285
1825,356,Allylestrenol,"['B18', 'C22', 'C24', 'K73']","['chronic viral hepatitis', 'malignant neoplasm of liver and intrahepatic bile ducts', 'malignant neoplasm of parts of biliary tract', 'chronic hepatitis']","[0, 0, 0, 0]",0.0
1826,333_412,Phenmetrazine,"['K80', 'K81', 'K82']","['cholelithiasis', 'cholecystitis', 'diseases of gallbladder']","[0, 0, 0]",0.0
1827,401,Itraconazole,"['F09', 'J62', 'J44', 'J47', 'K20']","['organic or symptomatic mental disorder', 'pneumoconiosis due to dust containing silica', 'chronic obstructive pulmonary disease', 'bronchiectasis', 'oesophagitis']","[162, 1, 68, 94, 97]",84.4
1828,291,Muromonab,"['L89', 'N08', 'E11', 'E55', 'G61', 'I13', 'I33', 'L28']","['decubitus ulcer', 'glomerular disorders in diseases classified elsewhere', 'non-insulin-dependent diabetes mellitus', 'vitamin d deficiency', 'inflammatory polyneuropathy', 'hypertensive heart and renal disease', 'acute and subacute endocarditis', 'lichen simplex chronicus and prurigo']","[0, 0, 5, 0, 0, 278, 0, 0]",35.375
1829,79,Desvenlafaxine,"['B16', 'B18', 'F11', 'F12', 'F13', 'F14', 'F19', 'K73']","['acute hepatitis b', 'chronic viral hepatitis', 'mental and behavioural disorders due to use of opioids', 'mental and behavioural disorders due to use of cannabinoids', 'mental and behavioural disorders due to use of sedatives or hypnotics', 'mental and behavioural disorders due to use of cocaine', 'mental and behavioural disorders due to multiple drug use and use of psychoactive substances', 'chronic hepatitis']","[0, 0, 8, 14, 0, 14, 1]",5.285714285714286
1830,411,Iron,"['G31', 'F10', 'F43']","['degenerative diseases of nervous system', 'mental and behavioural disorders due to use of alcohol', 'reaction to severe stress, and adjustment disorders']","[172, 447, 269]",296.0
1831,140,Paricalcitol,"['I20', 'I21', 'I25']","['angina pectoris', 'acute myocardial infarction', 'chronic ischaemic heart disease']","[1, 1, 16]",6.0
1832,110,Clotiazepam,"['N18', 'D64']","['chronic renal failure', 'anaemias']","[1, 0]",0.5
1833,179,Testolactone,"['C61', 'N32', 'N40', 'D40']","['malignant neoplasm of prostate', 'disorders of bladder', 'hyperplasia of prostate', 'neoplasm of uncertain or unknown behaviour of male genital organs']","[1, 0, 5, 0]",1.5
1834,405,Rabeprazole,"['K83', 'B18', 'C22', 'C24', 'C25', 'K80', 'K81', 'K82', 'K85', 'K86']","['diseases of biliary tract', 'chronic viral hepatitis', 'malignant neoplasm of liver and intrahepatic bile ducts', 'malignant neoplasm of parts of biliary tract', 'malignant neoplasm of pancreas', 'cholelithiasis', 'cholecystitis', 'diseases of gallbladder', 'acute pancreatitis', 'diseases of pancreas']","[0, 1, 5, 0, 2, 0, 1, 1, 9, 8]",2.7
1835,430,Defibrotide,"['D29', 'N40', 'N50']","['benign neoplasm of male genital organs', 'hyperplasia of prostate', 'disorders of male genital organs']","[0, 0, 0]",0.0
1836,398,Tolbutamide,"['I31', 'G60', 'H57', 'I50', 'D52', 'F09', 'I13', 'I25', 'I99', 'J01', 'J41', 'M46']","['diseases of pericardium', 'hereditary and idiopathic neuropathy', 'disorders of eye and adnexa', 'heart failure', 'folate deficiency anaemia', 'organic or symptomatic mental disorder', 'hypertensive heart and renal disease', 'chronic ischaemic heart disease', 'disorders of circulatory system', 'acute sinusitis', 'simple and mucopurulent chronic bronchitis', 'inflammatory spondylopathies']","[0, 12, 22, 1, 71, 155, 5, 29, 0, 0, 0]",26.818181818181817
1837,405,Megestrol acetate,"['K83', 'B18', 'C22', 'C24', 'C25', 'K80', 'K81', 'K82', 'K85', 'K86']","['diseases of biliary tract', 'chronic viral hepatitis', 'malignant neoplasm of liver and intrahepatic bile ducts', 'malignant neoplasm of parts of biliary tract', 'malignant neoplasm of pancreas', 'cholelithiasis', 'cholecystitis', 'diseases of gallbladder', 'acute pancreatitis', 'diseases of pancreas']","[1, 1, 26, 0, 10, 0, 0, 0, 3, 26]",6.7
1838,140,Ephedrine,"['I20', 'I21', 'I25']","['angina pectoris', 'acute myocardial infarction', 'chronic ischaemic heart disease']","[27, 11]",19.0
1839,77,Liraglutide,"['F11', 'F13', 'F19', 'B18', 'B24', 'F14', 'F15']","['mental and behavioural disorders due to use of opioids', 'mental and behavioural disorders due to use of sedatives or hypnotics', 'mental and behavioural disorders due to multiple drug use and use of psychoactive substances', 'chronic viral hepatitis', 'human immunodeficiency virus [hiv] disease', 'mental and behavioural disorders due to use of cocaine', 'mental and behavioural disorders due to use of stimulants, including caffeine']","[9, 1, 15, 1, 3, 5, 0]",4.857142857142857
1840,131,Ursodeoxycholic acid,"['F11', 'F13', 'F33', 'F43', 'F60']","['mental and behavioural disorders due to use of opioids', 'mental and behavioural disorders due to use of sedatives or hypnotics', 'recurrent depressive disorder', 'reaction to severe stress, and adjustment disorders', 'specific personality disorders']","[1, 32, 0, 2, 0]",7.0
1841,79,Pirbuterol,"['B16', 'B18', 'F11', 'F12', 'F13', 'F14', 'F19', 'K73']","['acute hepatitis b', 'chronic viral hepatitis', 'mental and behavioural disorders due to use of opioids', 'mental and behavioural disorders due to use of cannabinoids', 'mental and behavioural disorders due to use of sedatives or hypnotics', 'mental and behavioural disorders due to use of cocaine', 'mental and behavioural disorders due to multiple drug use and use of psychoactive substances', 'chronic hepatitis']","[0, 0, 0, 0, 1, 0, 0, 0]",0.125
1842,81,Ouabain,"['F19', 'F90']","['mental and behavioural disorders due to multiple drug use and use of psychoactive substances', 'hyperkinetic disorders']",[0],0.0
1843,417,Metoclopramide,"['L84', 'N25', 'N18']","['corns and callosities', 'disorders resulting from impaired renal tubular function', 'chronic renal failure']","[0, 0, 31]",10.333333333333334
1844,248,Estradiol,"['M11', 'M17', 'M21', 'M71', 'M93', 'M94']","['crystal arthropathies', 'gonarthrosis [arthrosis of knee]', 'acquired deformities of limbs', 'bursopathies', 'osteochondropathies', 'disorders of cartilage']","[12, 64, 0, 0, 0, 95]",28.5
1845,413,Diflunisal,"['K83', 'B18', 'C22', 'C24']","['diseases of biliary tract', 'chronic viral hepatitis', 'malignant neoplasm of liver and intrahepatic bile ducts', 'malignant neoplasm of parts of biliary tract']","[3, 1, 3, 0]",1.75
1846,384,Risperidone,"['F01', 'G40', 'G41', 'I62']","['vascular dementia', 'epilepsy', 'status epilepticus', 'nontraumatic intracranial haemorrhage']","[60, 122, 0]",60.666666666666664
1847,129,Safinamide,"['F17', 'G45', 'J15', 'J20', 'J93', 'L05']","['mental and behavioural disorders due to use of tobacco', 'transient cerebral ischaemic attacks and related syndromes', 'bacterial pneumonia', 'acute bronchitis', 'pneumothorax', 'pilonidal cyst']","[0, 2, 0, 0, 0, 0]",0.3333333333333333
1848,448,Desogestrel,"['F32', 'F33', 'F41', 'F43', 'F45']","['depressive episode', 'recurrent depressive disorder', 'anxiety disorders', 'reaction to severe stress, and adjustment disorders', 'somatoform disorders']","[2, 0, 6, 1, 1]",2.0
1849,222_294,Fluvastatin,"['G93', 'I46']","['disorders of brain', 'cardiac arrest']","[33, 7]",20.0
1850,384,Chlorphenamine,"['F01', 'G40', 'G41', 'I62']","['vascular dementia', 'epilepsy', 'status epilepticus', 'nontraumatic intracranial haemorrhage']","[0, 11, 0, 0]",2.75
1851,13,Bifonazole,"['D80', 'E61', 'G00', 'H02', 'H04', 'J01', 'K00', 'K76', 'M43', 'J35', 'J36']","['immunodeficiency with antibody defects', 'deficiency of nutrient elements', 'bacterial meningitis', 'disorders of eyelid', 'disorders of lachrymal system', 'acute sinusitis', 'disorders of tooth development and eruption', 'diseases of liver', 'deforming dorsopathies', 'chronic diseases of tonsils and adenoids', 'peritonsillar abscess']","[0, 0, 0, 0, 0, 0, 4, 0, 0, 0, 0]",0.36363636363636365
1852,54,Glycerol Phenylbutyrate,"['E87', 'F10', 'F17']","['disorders of fluid, electrolyte and acid-base balance', 'mental and behavioural disorders due to use of alcohol', 'mental and behavioural disorders due to use of tobacco']","[0, 3, 0]",1.0
1853,54,Valproic Acid,"['E87', 'F10', 'F17']","['disorders of fluid, electrolyte and acid-base balance', 'mental and behavioural disorders due to use of alcohol', 'mental and behavioural disorders due to use of tobacco']","[12, 215, 7]",78.0
1854,200,Digitoxin,"['F09', 'F63', 'F03', 'F10', 'G31', 'L21', 'D52', 'E51', 'E53', 'I62', 'J39', 'K02', 'K12', 'M46']","['organic or symptomatic mental disorder', 'habit and impulse disorders', 'dementia', 'mental and behavioural disorders due to use of alcohol', 'degenerative diseases of nervous system', 'seborrhoeic dermatitis', 'folate deficiency anaemia', 'thiamine deficiency', 'deficiency of b group vitamins', 'nontraumatic intracranial haemorrhage', 'diseases of upper respiratory tract', 'dental caries', 'stomatitis and related lesions', 'inflammatory spondylopathies']","[35, 1, 5, 0, 0, 0, 1, 0, 0, 0, 0, 6, 1]",3.769230769230769
1855,408,Norelgestromin,"['K83', 'K85', 'K86', 'B18', 'C22', 'C24', 'C25', 'K80', 'K81', 'K82']","['diseases of biliary tract', 'acute pancreatitis', 'diseases of pancreas', 'chronic viral hepatitis', 'malignant neoplasm of liver and intrahepatic bile ducts', 'malignant neoplasm of parts of biliary tract', 'malignant neoplasm of pancreas', 'cholelithiasis', 'cholecystitis', 'diseases of gallbladder']","[0, 0, 0, 0, 0, 0, 0, 0, 0, 0]",0.0
1856,118,Coagulation Factor IX Human,"['F70', 'D53', 'F10', 'F34', 'F05', 'G31', 'H10', 'K72', 'L21']","['mild mental retardation', 'nutritional anaemias', 'mental and behavioural disorders due to use of alcohol', 'persistent mood [affective] disorders', 'delirium', 'degenerative diseases of nervous system', 'conjunctivitis', 'hepatic failure', 'seborrhoeic dermatitis']","[1, 1, 3, 0, 1, 1, 0, 44, 0]",5.666666666666667
1857,264,Clonazepam,"['N39', 'A04', 'N30']","['disorders of urinary system', 'bacterial intestinal infections', 'cystitis']","[3, 0, 2]",1.6666666666666667
1858,410,Antrafenine,"['I85', 'K70', 'K72', 'K74']","['oesophageal varices', 'alcoholic liver disease', 'hepatic failure', 'fibrosis and cirrhosis of liver']","[0, 0, 1, 0]",0.25
1859,413,Fenoprofen,"['K83', 'B18', 'C22', 'C24']","['diseases of biliary tract', 'chronic viral hepatitis', 'malignant neoplasm of liver and intrahepatic bile ducts', 'malignant neoplasm of parts of biliary tract']","[0, 0, 0, 0]",0.0
1860,310,Tiapride,"['H40', 'H47']","['glaucoma', 'disorders of optic [2nd] nerve and visual pathways']","[2, 0]",1.0
1861,203,Norelgestromin,"['F32', 'F48', 'B37', 'F51', 'K02', 'K04', 'K08']","['depressive episode', 'neurotic disorders', 'candidiasis', 'sleep disorders', 'dental caries', 'diseases of pulp and periapical tissues', 'disorders of teeth and supporting structures']","[0, 0, 0, 0, 0, 0, 1]",0.14285714285714285
1862,163,Isavuconazonium,"['M25', 'M66', 'M87']","['joint disorders', 'spontaneous rupture of synovium and tendon', 'osteonecrosis']","[0, 0]",0.0
1863,401,Butalbital,"['F09', 'J62', 'J44', 'J47', 'K20']","['organic or symptomatic mental disorder', 'pneumoconiosis due to dust containing silica', 'chronic obstructive pulmonary disease', 'bronchiectasis', 'oesophagitis']","[8, 0, 0, 0, 1]",1.8
1864,443,Silodosin,"['D75', 'D64', 'D68', 'E21', 'E83']","['diseases of blood and blood-forming organs', 'anaemias', 'coagulation defects', 'hyperparathyroidism and disorders of parathyroid gland', 'disorders of mineral metabolism']","[13, 0, 0, 0, 0]",2.6
1865,161,Buspirone,"['M17', 'M66', 'M71', 'M93']","['gonarthrosis [arthrosis of knee]', 'spontaneous rupture of synovium and tendon', 'bursopathies', 'osteochondropathies']","[0, 1, 0, 0]",0.25
1866,461,Vancomycin,"['N41', 'D40', 'N42', 'C61', 'C64']","['inflammatory diseases of prostate', 'neoplasm of uncertain or unknown behaviour of male genital organs', 'disorders of prostate', 'malignant neoplasm of prostate', 'malignant neoplasm of kidney, except renal pelvis']","[21, 4, 28, 8, 0]",12.2
1867,125,Norgestrel,"['K29', 'K31', 'K51', 'K58', 'K59']","['gastritis and duodenitis', 'diseases of stomach and duodenum', 'ulcerative colitis', 'irritable bowel syndrome', 'functional intestinal disorders']","[3, 1, 4, 2, 16]",5.2
1868,222_294,Estrone,"['G93', 'I46']","['disorders of brain', 'cardiac arrest']",[1],1.0
1869,210_305,Amiodarone,"['M43', 'M48', 'M51', 'M54', 'M96', 'G54', 'H61']","['deforming dorsopathies', 'spondylopathies', 'intervertebral disk disorders', 'dorsalgia', 'postprocedural musculoskeletal disorders', 'nerve root and plexus disorders', 'disorders of external ear']","[0, 8, 0, 15, 0, 5, 1]",4.142857142857143
1870,13,Lercanidipine,"['D80', 'E61', 'G00', 'H02', 'H04', 'J01', 'K00', 'K76', 'M43', 'J35', 'J36']","['immunodeficiency with antibody defects', 'deficiency of nutrient elements', 'bacterial meningitis', 'disorders of eyelid', 'disorders of lachrymal system', 'acute sinusitis', 'disorders of tooth development and eruption', 'diseases of liver', 'deforming dorsopathies', 'chronic diseases of tonsils and adenoids', 'peritonsillar abscess']","[0, 0, 0, 0, 0, 0, 1, 0, 0, 0, 0]",0.09090909090909091
1871,157_240,Methylphenobarbital,"['K80', 'K81', 'K82', 'K83']","['cholelithiasis', 'cholecystitis', 'diseases of gallbladder', 'diseases of biliary tract']","[0, 0, 0, 0]",0.0
1872,64,Lornoxicam,"['K76', 'K65']","['diseases of liver', 'peritonitis']","[2, 4]",3.0
1873,173_360_400,Vilanterol,"['C15', 'C16']","['malignant neoplasm of oesophagus', 'malignant neoplasm of stomach']","[0, 0]",0.0
1874,291,Efonidipine,"['L89', 'N08', 'E11', 'E55', 'G61', 'I13', 'I33', 'L28']","['decubitus ulcer', 'glomerular disorders in diseases classified elsewhere', 'non-insulin-dependent diabetes mellitus', 'vitamin d deficiency', 'inflammatory polyneuropathy', 'hypertensive heart and renal disease', 'acute and subacute endocarditis', 'lichen simplex chronicus and prurigo']","[0, 0, 2, 0, 0, 49, 0, 0]",6.375
1875,47,Methylprednisolone,"['N12', 'N39']","['tubulo-interstitial nephritis', 'disorders of urinary system']",[93],93.0
1876,411,Alfentanil,"['G31', 'F10', 'F43']","['degenerative diseases of nervous system', 'mental and behavioural disorders due to use of alcohol', 'reaction to severe stress, and adjustment disorders']","[0, 4, 0]",1.3333333333333333
1877,219,Clobazam,"['I25', 'I27', 'I31', 'A04']","['chronic ischaemic heart disease', 'pulmonary heart diseases', 'diseases of pericardium', 'bacterial intestinal infections']","[0, 0, 0, 0]",0.0
1878,144,Apalutamide,"['I73', 'I74']","['peripheral vascular diseases', 'arterial embolism and thrombosis']","[0, 5]",2.5
1879,270,Lornoxicam,"['A49', 'K29', 'K50', 'K51', 'K75', 'D73', 'E61', 'L50', 'N62']","['bacterial infection of site', 'gastritis and duodenitis', ""crohn's disease [regional enteritis]"", 'ulcerative colitis', 'inflammatory liver diseases', 'diseases of spleen', 'deficiency of nutrient elements', 'urticaria', 'hypertrophy of breast']","[0, 7, 0, 1, 1, 0, 0, 1, 0]",1.1111111111111112
1880,190,Candesartan cilexetil,"['M54', 'G54', 'L50', 'M71', 'M76']","['dorsalgia', 'nerve root and plexus disorders', 'urticaria', 'bursopathies', 'enthesopathies of lower limb, excluding foot']","[3, 1, 1, 0, 0]",1.0
1881,106,Escitalopram,"['M42', 'M51', 'M54']","['spinal osteochondrosis', 'intervertebral disk disorders', 'dorsalgia']","[0, 0, 12]",4.0
1882,332,Dosulepin,"['K59', 'K56', 'K65']","['functional intestinal disorders', 'paralytic ileus and intestinal obstruction without hernia', 'peritonitis']","[2, 0, 1]",1.0
1883,244,Vitamin C,"['L71', 'K70', 'D53', 'F05', 'G31']","['rosacea', 'alcoholic liver disease', 'nutritional anaemias', 'delirium', 'degenerative diseases of nervous system']","[13, 182, 526, 21, 22]",152.8
1884,59,Atosiban,"['F91', 'F90', 'F98']","['conduct disorders', 'hyperkinetic disorders', 'behavioural and emotional disorders with onset usually occurring in childhood and adolescence']","[0, 0, 114]",38.0
1885,209,Imatinib,"['G46', 'I63', 'I64', 'I66']","['vascular syndromes of brain in cerebrovascular diseases', 'cerebral infarction', 'stroke', 'occlusion and stenosis of cerebral arteries']","[0, 14, 68, 99]",45.25
1886,411,Insulin Glargine,"['G31', 'F10', 'F43']","['degenerative diseases of nervous system', 'mental and behavioural disorders due to use of alcohol', 'reaction to severe stress, and adjustment disorders']","[0, 2]",1.0
1887,261,Procainamide,"['N25', 'N18', 'A04', 'B02', 'N03']","['disorders resulting from impaired renal tubular function', 'chronic renal failure', 'bacterial intestinal infections', 'zoster [herpes zoster]', 'chronic nephritic syndrome']","[0, 32, 0, 0, 0]",6.4
1888,248,Lumefantrine,"['M11', 'M17', 'M21', 'M71', 'M93', 'M94']","['crystal arthropathies', 'gonarthrosis [arthrosis of knee]', 'acquired deformities of limbs', 'bursopathies', 'osteochondropathies', 'disorders of cartilage']","[0, 0, 0, 0, 0, 0]",0.0
1889,157_240,Silodosin,"['K80', 'K81', 'K82', 'K83']","['cholelithiasis', 'cholecystitis', 'diseases of gallbladder', 'diseases of biliary tract']","[0, 0, 0, 0]",0.0
1890,110,Natalizumab,"['N18', 'D64']","['chronic renal failure', 'anaemias']","[1, 20]",10.5
1891,270,Drotaverine,"['A49', 'K29', 'K50', 'K51', 'K75', 'D73', 'E61', 'L50', 'N62']","['bacterial infection of site', 'gastritis and duodenitis', ""crohn's disease [regional enteritis]"", 'ulcerative colitis', 'inflammatory liver diseases', 'diseases of spleen', 'deficiency of nutrient elements', 'urticaria', 'hypertrophy of breast']","[0, 9, 0, 0, 0, 0, 0, 0, 0]",1.0
1892,190,Ambrisentan,"['M54', 'G54', 'L50', 'M71', 'M76']","['dorsalgia', 'nerve root and plexus disorders', 'urticaria', 'bursopathies', 'enthesopathies of lower limb, excluding foot']","[0, 0, 1, 0, 0]",0.2
1893,3,Isocarboxazid,"['H73', 'K92']","['disorders of tympanic membrane', 'diseases of digestive system']","[0, 2]",1.0
1894,157_240,Rotigotine,"['K80', 'K81', 'K82', 'K83']","['cholelithiasis', 'cholecystitis', 'diseases of gallbladder', 'diseases of biliary tract']","[0, 0, 0, 0]",0.0
1895,401,Silver,"['F09', 'J62', 'J44', 'J47', 'K20']","['organic or symptomatic mental disorder', 'pneumoconiosis due to dust containing silica', 'chronic obstructive pulmonary disease', 'bronchiectasis', 'oesophagitis']","[6876, 20, 176, 14, 304]",1478.0
1896,200,Aprepitant,"['F09', 'F63', 'F03', 'F10', 'G31', 'L21', 'D52', 'E51', 'E53', 'I62', 'J39', 'K02', 'K12', 'M46']","['organic or symptomatic mental disorder', 'habit and impulse disorders', 'dementia', 'mental and behavioural disorders due to use of alcohol', 'degenerative diseases of nervous system', 'seborrhoeic dermatitis', 'folate deficiency anaemia', 'thiamine deficiency', 'deficiency of b group vitamins', 'nontraumatic intracranial haemorrhage', 'diseases of upper respiratory tract', 'dental caries', 'stomatitis and related lesions', 'inflammatory spondylopathies']","[2, 4, 4, 10, 0, 1, 0, 0, 0, 0, 1, 0, 0]",1.6923076923076923
1897,398,Thiabendazole,"['I31', 'G60', 'H57', 'I50', 'D52', 'F09', 'I13', 'I25', 'I99', 'J01', 'J41', 'M46']","['diseases of pericardium', 'hereditary and idiopathic neuropathy', 'disorders of eye and adnexa', 'heart failure', 'folate deficiency anaemia', 'organic or symptomatic mental disorder', 'hypertensive heart and renal disease', 'chronic ischaemic heart disease', 'disorders of circulatory system', 'acute sinusitis', 'simple and mucopurulent chronic bronchitis', 'inflammatory spondylopathies']","[0, 0, 20, 3, 0, 84, 31, 0, 0, 0, 0]",12.545454545454545
1898,55,gamma-Aminobutyric acid,"['F11', 'F13', 'F19']","['mental and behavioural disorders due to use of opioids', 'mental and behavioural disorders due to use of sedatives or hypnotics', 'mental and behavioural disorders due to multiple drug use and use of psychoactive substances']","[583, 4365, 393]",1780.3333333333333
1899,216,Seratrodast,"['H91', 'H93', 'H81', 'H90']","['hearing loss', 'disorders of ear', 'disorders of vestibular function', 'conductive and sensorineural hearing loss']","[0, 0, 0, 10]",2.5
1900,401,Prucalopride,"['F09', 'J62', 'J44', 'J47', 'K20']","['organic or symptomatic mental disorder', 'pneumoconiosis due to dust containing silica', 'chronic obstructive pulmonary disease', 'bronchiectasis', 'oesophagitis']","[11, 0, 1, 0, 18]",6.0
1901,5,Heroin,"['A49', 'B27', 'J03', 'J11', 'J38', 'L50']","['bacterial infection of site', 'infectious mononucleosis', 'acute tonsillitis', 'influenza virus', 'diseases of vocal cords and larynx', 'urticaria']","[30, 2, 0, 2, 6, 9]",8.166666666666666
1902,416,Trilostane,"['L82', 'M54', 'M79']","['seborrhoeic keratosis', 'dorsalgia', 'soft tissue disorders']","[0, 0, 0]",0.0
1903,110,Nepafenac,"['N18', 'D64']","['chronic renal failure', 'anaemias']","[0, 0]",0.0
1904,221,Amoxapine,"['I42', 'I50', 'I44', 'I51']","['cardiomyopathy', 'heart failure', 'atrioventricular and left bundle-branch block', 'complications and ill-defined descriptions of heart disease']","[1, 3, 3, 36]",10.75
1905,190,Norgestimate,"['M54', 'G54', 'L50', 'M71', 'M76']","['dorsalgia', 'nerve root and plexus disorders', 'urticaria', 'bursopathies', 'enthesopathies of lower limb, excluding foot']","[1, 0, 0, 0, 0]",0.2
1906,80,Amiodarone,"['F17', 'J93']","['mental and behavioural disorders due to use of tobacco', 'pneumothorax']","[2, 9]",5.5
1907,394,Chloroprocaine,"['B36', 'D34', 'E72', 'F09', 'G90', 'I10', 'I30', 'I33', 'I60', 'I78', 'J13', 'J30', 'K73', 'L08', 'L21', 'L23', 'L29', 'L71', 'L85', 'N02', 'N04', 'C74', 'E26', 'E29', 'G37', 'G96', 'H72', 'I68', 'J35', 'K09', 'L70', 'M14', 'N03', 'N49']","['superficial mycoses', 'benign neoplasm of thyroid gland', 'disorders of amino-acid metabolism', 'organic or symptomatic mental disorder', 'disorders of autonomic nervous system', 'essential (primary) hypertension', 'acute pericarditis', 'acute and subacute endocarditis', 'subarachnoid haemorrhage', 'diseases of capillaries', 'pneumonia due to streptococcus pneumoniae', 'vasomotor and allergic rhinitis', 'chronic hepatitis', 'local infections of skin and subcutaneous tissue', 'seborrhoeic dermatitis', 'allergic contact dermatitis', 'pruritus', 'rosacea', 'epidermal thickening', 'recurrent and persistent haematuria', 'nephrotic syndrome', 'malignant neoplasm of adrenal gland', 'hyperaldosteronism', 'testicular dysfunction', 'demyelinating diseases of central nervous system', 'disorders of central nervous system', 'perforation of tympanic membrane', 'cerebrovascular disorders in diseases classified elsewhere', 'chronic diseases of tonsils and adenoids', 'cysts of oral region', 'acne', 'arthropathies in diseases classified elsewhere', 'chronic nephritic syndrome', 'inflammatory disorders of male genital organs']","[0, 0, 0, 3, 3, 0, 0, 0, 0, 0, 0, 0, 0, 1, 0, 7, 0, 0, 2, 0, 0, 0, 0, 2, 0, 0, 0, 0, 0, 0, 0, 0, 0]",0.5454545454545454
1908,131,Technetium Tc-99m mebrofenin,"['F11', 'F13', 'F33', 'F43', 'F60']","['mental and behavioural disorders due to use of opioids', 'mental and behavioural disorders due to use of sedatives or hypnotics', 'recurrent depressive disorder', 'reaction to severe stress, and adjustment disorders', 'specific personality disorders']","[0, 1, 0, 0, 0]",0.2
1909,290,Digitoxin,"['K51', 'D73', 'J04', 'K29', 'A69', 'D16', 'D21', 'L50', 'N10', 'N62']","['ulcerative colitis', 'diseases of spleen', 'acute laryngitis and tracheitis', 'gastritis and duodenitis', 'spirochaetal infections', 'benign neoplasm of bone and articular cartilage', 'benign neoplasms of connective and soft tissue', 'urticaria', 'acute tubulo-interstitial nephritis', 'hypertrophy of breast']","[1, 1, 0, 12, 0, 1, 3, 2, 0, 0]",2.0
1910,253,Gestrinone,"['E79', 'M16', 'M87']","['disorders of purine and pyrimidine metabolism', 'coxarthrosis [arthrosis of hip]', 'osteonecrosis']","[2, 0, 0]",0.6666666666666666
1911,158,Glycopyrronium,"['K92', 'D62']","['diseases of digestive system', 'acute posthaemorrhagic anaemia']","[17, 0]",8.5
1912,217,Menadione,"['I20', 'I21', 'I25', 'B00']","['angina pectoris', 'acute myocardial infarction', 'chronic ischaemic heart disease', 'herpesviral [herpes simplex] infections']","[0, 1, 0, 0]",0.25
1913,299,Nafamostat,"['G47', 'J30', 'F51']","['sleep disorders', 'vasomotor and allergic rhinitis', 'sleep disorders']","[0, 0, 0]",0.0
1914,200,Troleandomycin,"['F09', 'F63', 'F03', 'F10', 'G31', 'L21', 'D52', 'E51', 'E53', 'I62', 'J39', 'K02', 'K12', 'M46']","['organic or symptomatic mental disorder', 'habit and impulse disorders', 'dementia', 'mental and behavioural disorders due to use of alcohol', 'degenerative diseases of nervous system', 'seborrhoeic dermatitis', 'folate deficiency anaemia', 'thiamine deficiency', 'deficiency of b group vitamins', 'nontraumatic intracranial haemorrhage', 'diseases of upper respiratory tract', 'dental caries', 'stomatitis and related lesions', 'inflammatory spondylopathies']","[7, 0, 1, 0, 0, 0, 0, 0, 0, 0, 0, 2, 0]",0.7692307692307693
1915,80,Isavuconazole,"['F17', 'J93']","['mental and behavioural disorders due to use of tobacco', 'pneumothorax']","[0, 2]",1.0
1916,289,Celiprolol,"['E83', 'D64', 'E03', 'E21', 'A49']","['disorders of mineral metabolism', 'anaemias', 'hypothyroidism', 'hyperparathyroidism and disorders of parathyroid gland', 'bacterial infection of site']","[0, 1, 0, 0, 0]",0.2
1917,332,Tezacaftor,"['K59', 'K56', 'K65']","['functional intestinal disorders', 'paralytic ileus and intestinal obstruction without hernia', 'peritonitis']","[12, 0, 1]",4.333333333333333
1918,131,Acetophenazine,"['F11', 'F13', 'F33', 'F43', 'F60']","['mental and behavioural disorders due to use of opioids', 'mental and behavioural disorders due to use of sedatives or hypnotics', 'recurrent depressive disorder', 'reaction to severe stress, and adjustment disorders', 'specific personality disorders']","[0, 1, 0, 0, 0]",0.2
1919,382,Insulin Glargine,"['F32', 'G20', 'G35', 'F48', 'K02', 'N48']","['depressive episode', ""parkinson's disease"", 'multiple sclerosis', 'neurotic disorders', 'dental caries', 'disorders of penis']","[1, 0, 1, 0, 0, 0]",0.3333333333333333
1920,270,Manidipine,"['A49', 'K29', 'K50', 'K51', 'K75', 'D73', 'E61', 'L50', 'N62']","['bacterial infection of site', 'gastritis and duodenitis', ""crohn's disease [regional enteritis]"", 'ulcerative colitis', 'inflammatory liver diseases', 'diseases of spleen', 'deficiency of nutrient elements', 'urticaria', 'hypertrophy of breast']","[0, 0, 0, 0, 0, 1, 0, 0]",0.125
1921,247,Nalbuphine,"['M11', 'M71', 'M93']","['crystal arthropathies', 'bursopathies', 'osteochondropathies']","[0, 0, 0]",0.0
1922,165,Basiliximab,"['M43', 'M48', 'M54', 'G54', 'H61']","['deforming dorsopathies', 'spondylopathies', 'dorsalgia', 'nerve root and plexus disorders', 'disorders of external ear']","[0, 1, 0, 0, 0]",0.2
1923,366,Bethanechol,"['C91', 'C82', 'C83', 'C85', 'D72', 'D80']","['lymphoid leukaemia', ""follicular [nodular] non-hodgkin's lymphoma"", ""diffuse non-hodgkin's lymphoma"", ""specified types of non-hodgkin's lymphoma"", 'disorders of white blood cells', 'immunodeficiency with antibody defects']","[0, 0, 0, 0, 5, 0]",0.8333333333333334
1924,448,Naldemedine,"['F32', 'F33', 'F41', 'F43', 'F45']","['depressive episode', 'recurrent depressive disorder', 'anxiety disorders', 'reaction to severe stress, and adjustment disorders', 'somatoform disorders']","[0, 0, 0, 1, 0]",0.2
1925,379,Norepinephrine,"['F13', 'F33', 'F41', 'F43', 'F45', 'F32']","['mental and behavioural disorders due to use of sedatives or hypnotics', 'recurrent depressive disorder', 'anxiety disorders', 'reaction to severe stress, and adjustment disorders', 'somatoform disorders', 'depressive episode']","[2464, 133, 1913, 144, 51, 385]",848.3333333333334
1926,200,Pitolisant,"['F09', 'F63', 'F03', 'F10', 'G31', 'L21', 'D52', 'E51', 'E53', 'I62', 'J39', 'K02', 'K12', 'M46']","['organic or symptomatic mental disorder', 'habit and impulse disorders', 'dementia', 'mental and behavioural disorders due to use of alcohol', 'degenerative diseases of nervous system', 'seborrhoeic dermatitis', 'folate deficiency anaemia', 'thiamine deficiency', 'deficiency of b group vitamins', 'nontraumatic intracranial haemorrhage', 'diseases of upper respiratory tract', 'dental caries', 'stomatitis and related lesions', 'inflammatory spondylopathies']","[17, 4, 11, 6, 1, 0, 0, 0, 0, 0, 0, 0, 0, 0]",2.7857142857142856
1927,244,Levobunolol,"['L71', 'K70', 'D53', 'F05', 'G31']","['rosacea', 'alcoholic liver disease', 'nutritional anaemias', 'delirium', 'degenerative diseases of nervous system']","[0, 0, 0, 0, 0]",0.0
1928,253,Vitamin C,"['E79', 'M16', 'M87']","['disorders of purine and pyrimidine metabolism', 'coxarthrosis [arthrosis of hip]', 'osteonecrosis']","[1715, 13, 12]",580.0
1929,76,Mepyramine,"['F10', 'K70']","['mental and behavioural disorders due to use of alcohol', 'alcoholic liver disease']","[4, 0]",2.0
1930,40,Thiamine,"['J45', 'J46']","['asthma', 'status asthmaticus']","[21, 0]",10.5
1931,80,Oxybutynin,"['F17', 'J93']","['mental and behavioural disorders due to use of tobacco', 'pneumothorax']","[0, 1]",0.5
1932,414,Flupentixol,"['K83', 'K85', 'K86', 'B18', 'C22', 'C24', 'C25']","['diseases of biliary tract', 'acute pancreatitis', 'diseases of pancreas', 'chronic viral hepatitis', 'malignant neoplasm of liver and intrahepatic bile ducts', 'malignant neoplasm of parts of biliary tract', 'malignant neoplasm of pancreas']","[0, 0, 0, 0, 2, 0, 0]",0.2857142857142857
1933,147,Zafirlukast,"['J18', 'J96', 'J15']","['pneumonia, organism', 'respiratory failure', 'bacterial pneumonia']","[1, 1]",1.0
1934,54,Topiramate,"['E87', 'F10', 'F17']","['disorders of fluid, electrolyte and acid-base balance', 'mental and behavioural disorders due to use of alcohol', 'mental and behavioural disorders due to use of tobacco']","[15, 316, 22]",117.66666666666667
1935,56,Rivastigmine,"['F32', 'F33', 'F41', 'F45']","['depressive episode', 'recurrent depressive disorder', 'anxiety disorders', 'somatoform disorders']","[5, 3, 33, 2]",10.75
1936,239,Permethrin,"['K76', 'A04', 'D61', 'E55', 'K46', 'K55', 'K75']","['diseases of liver', 'bacterial intestinal infections', 'aplastic anaemias', 'vitamin d deficiency', 'abdominal hernia', 'vascular disorders of intestine', 'inflammatory liver diseases']","[1, 0, 0, 0, 1, 1]",0.5
1937,390,Tositumomab,"['G91', 'I60', 'D73', 'F52', 'G30', 'L28', 'E11', 'E55', 'F00', 'F05', 'H49', 'A48', 'C76', 'D34', 'H60', 'L08', 'M00', 'N04']","['hydrocephalus', 'subarachnoid haemorrhage', 'diseases of spleen', 'sexual dysfunction', ""alzheimer's disease"", 'lichen simplex chronicus and prurigo', 'non-insulin-dependent diabetes mellitus', 'vitamin d deficiency', ""dementia in alzheimer's disease"", 'delirium', 'paralytic strabismus', 'bacterial diseases', 'malignant neoplasm of ill-defined sites', 'benign neoplasm of thyroid gland', 'otitis externa', 'local infections of skin and subcutaneous tissue', 'pyogenic arthritis', 'nephrotic syndrome']","[0, 0, 1, 0, 0, 0, 0, 1, 0, 0, 0, 2, 0, 0, 0, 0, 0, 0]",0.2222222222222222
1938,424,Rubidium Rb-82,"['M41', 'M42', 'M43', 'M62', 'G54', 'M47', 'M48', 'M51']","['scoliosis', 'spinal osteochondrosis', 'deforming dorsopathies', 'disorders of muscle', 'nerve root and plexus disorders', 'spondylosis', 'spondylopathies', 'intervertebral disk disorders']","[0, 0, 0, 38, 0, 0, 0, 0]",4.75
1939,384,Etoricoxib,"['F01', 'G40', 'G41', 'I62']","['vascular dementia', 'epilepsy', 'status epilepticus', 'nontraumatic intracranial haemorrhage']","[0, 7, 0, 0]",1.75
1940,18,Lithium,"['E66', 'E78', 'F17', 'I10', 'K76']","['obesity', 'disorders of lipoprotein metabolism and lipidaemias', 'mental and behavioural disorders due to use of tobacco', 'essential (primary) hypertension', 'diseases of liver']","[328, 51, 14, 24, 242]",131.8
1941,3,Argatroban,"['H73', 'K92']","['disorders of tympanic membrane', 'diseases of digestive system']",[6],6.0
1942,13,Glutethimide,"['D80', 'E61', 'G00', 'H02', 'H04', 'J01', 'K00', 'K76', 'M43', 'J35', 'J36']","['immunodeficiency with antibody defects', 'deficiency of nutrient elements', 'bacterial meningitis', 'disorders of eyelid', 'disorders of lachrymal system', 'acute sinusitis', 'disorders of tooth development and eruption', 'diseases of liver', 'deforming dorsopathies', 'chronic diseases of tonsils and adenoids', 'peritonsillar abscess']","[0, 0, 0, 0, 0, 0, 6, 30, 0, 0, 0]",3.272727272727273
1943,78,Metamizole,"['F20', 'F12', 'F15', 'F25', 'F31']","['schizophrenia', 'mental and behavioural disorders due to use of cannabinoids', 'mental and behavioural disorders due to use of stimulants, including caffeine', 'schizoaffective disorders', 'bipolar affective disorder']","[1, 1, 0, 0, 0]",0.4
1944,98,Ethynodiol diacetate,"['K51', 'K25', 'K26', 'K29', 'K58', 'K59']","['ulcerative colitis', 'gastric ulcer', 'duodenal ulcer', 'gastritis and duodenitis', 'irritable bowel syndrome', 'functional intestinal disorders']","[0, 0, 0, 0, 0]",0.0
1945,118,Anisotropine Methylbromide,"['F70', 'D53', 'F10', 'F34', 'F05', 'G31', 'H10', 'K72', 'L21']","['mild mental retardation', 'nutritional anaemias', 'mental and behavioural disorders due to use of alcohol', 'persistent mood [affective] disorders', 'delirium', 'degenerative diseases of nervous system', 'conjunctivitis', 'hepatic failure', 'seborrhoeic dermatitis']","[0, 0, 0, 0, 0, 0, 0, 0]",0.0
1946,457,Blinatumomab,"['M16', 'M41', 'M42', 'M43', 'M87']","['coxarthrosis [arthrosis of hip]', 'scoliosis', 'spinal osteochondrosis', 'deforming dorsopathies', 'osteonecrosis']","[0, 0, 0, 0, 0]",0.0
1947,266,Opicapone,"['N39', 'I95']","['disorders of urinary system', 'hypotension']","[0, 4]",2.0
1948,266,Methyldopa,"['N39', 'I95']","['disorders of urinary system', 'hypotension']","[15, 4264]",2139.5
1949,79,Cisapride,"['B16', 'B18', 'F11', 'F12', 'F13', 'F14', 'F19', 'K73']","['acute hepatitis b', 'chronic viral hepatitis', 'mental and behavioural disorders due to use of opioids', 'mental and behavioural disorders due to use of cannabinoids', 'mental and behavioural disorders due to use of sedatives or hypnotics', 'mental and behavioural disorders due to use of cocaine', 'mental and behavioural disorders due to multiple drug use and use of psychoactive substances', 'chronic hepatitis']","[0, 0, 1, 0, 16, 1, 1, 4]",2.875
1950,110,Clofibrate,"['N18', 'D64']","['chronic renal failure', 'anaemias']","[51, 18]",34.5
1951,228,Nimesulide,"['J41', 'J44', 'J47', 'G61', 'H10', 'J40', 'J82']","['simple and mucopurulent chronic bronchitis', 'chronic obstructive pulmonary disease', 'bronchiectasis', 'inflammatory polyneuropathy', 'conjunctivitis', 'bronchitis', 'pulmonary eosinophilia']","[0, 1, 0, 4, 1, 9, 3]",2.5714285714285716
1952,408,Norgestimate,"['K83', 'K85', 'K86', 'B18', 'C22', 'C24', 'C25', 'K80', 'K81', 'K82']","['diseases of biliary tract', 'acute pancreatitis', 'diseases of pancreas', 'chronic viral hepatitis', 'malignant neoplasm of liver and intrahepatic bile ducts', 'malignant neoplasm of parts of biliary tract', 'malignant neoplasm of pancreas', 'cholelithiasis', 'cholecystitis', 'diseases of gallbladder']","[0, 0, 0, 1, 1, 0, 0, 0, 0, 3]",0.5
1953,11,Bromazepam,"['C71', 'C79', 'H53']","['malignant neoplasm of brain', 'secondary malignant neoplasm of specified sites', 'visual disturbances']","[1, 0, 0]",0.3333333333333333
1954,417,Cyclothiazide,"['L84', 'N25', 'N18']","['corns and callosities', 'disorders resulting from impaired renal tubular function', 'chronic renal failure']","[0, 0]",0.0
1955,410,Enoxaparin,"['I85', 'K70', 'K72', 'K74']","['oesophageal varices', 'alcoholic liver disease', 'hepatic failure', 'fibrosis and cirrhosis of liver']","[11, 4, 45, 82]",35.5
1956,307,Entacapone,"['J31', 'K45', 'E66', 'G62', 'G61', 'H16', 'L71', 'M93']","['chronic rhinitis, nasopharyngitis and pharyngitis', 'abdominal hernia', 'obesity', 'polyneuropathies', 'inflammatory polyneuropathy', 'keratitis', 'rosacea', 'osteochondropathies']","[0, 0, 9, 1, 0, 0, 1, 0]",1.375
1957,81,Terlipressin,"['F19', 'F90']","['mental and behavioural disorders due to multiple drug use and use of psychoactive substances', 'hyperkinetic disorders']","[1, 0]",0.5
1958,55,Lumiracoxib,"['F11', 'F13', 'F19']","['mental and behavioural disorders due to use of opioids', 'mental and behavioural disorders due to use of sedatives or hypnotics', 'mental and behavioural disorders due to multiple drug use and use of psychoactive substances']","[0, 0, 0]",0.0
1959,217,Busulfan,"['I20', 'I21', 'I25', 'B00']","['angina pectoris', 'acute myocardial infarction', 'chronic ischaemic heart disease', 'herpesviral [herpes simplex] infections']","[1, 4, 3, 0]",2.0
1960,157_240,Aminocaproic Acid,"['K80', 'K81', 'K82', 'K83']","['cholelithiasis', 'cholecystitis', 'diseases of gallbladder', 'diseases of biliary tract']","[0, 3, 1, 4]",2.0
1961,332,Oxazepam,"['K59', 'K56', 'K65']","['functional intestinal disorders', 'paralytic ileus and intestinal obstruction without hernia', 'peritonitis']","[5, 0, 3]",2.6666666666666665
1962,451,Interferon beta-1b,"['I31', 'I20', 'I21']","['diseases of pericardium', 'angina pectoris', 'acute myocardial infarction']","[0, 0, 0]",0.0
1963,209,Astemizole,"['G46', 'I63', 'I64', 'I66']","['vascular syndromes of brain in cerebrovascular diseases', 'cerebral infarction', 'stroke', 'occlusion and stenosis of cerebral arteries']","[0, 0, 3, 1]",1.0
1964,290,Nitrous acid,"['K51', 'D73', 'J04', 'K29', 'A69', 'D16', 'D21', 'L50', 'N10', 'N62']","['ulcerative colitis', 'diseases of spleen', 'acute laryngitis and tracheitis', 'gastritis and duodenitis', 'spirochaetal infections', 'benign neoplasm of bone and articular cartilage', 'benign neoplasms of connective and soft tissue', 'urticaria', 'acute tubulo-interstitial nephritis', 'hypertrophy of breast']","[32, 32, 3, 120, 4, 100, 36, 5, 0, 0]",33.2
1965,3,Dipyrithione,"['H73', 'K92']","['disorders of tympanic membrane', 'diseases of digestive system']","[0, 0]",0.0
1966,299,Mifamurtide,"['G47', 'J30', 'F51']","['sleep disorders', 'vasomotor and allergic rhinitis', 'sleep disorders']","[0, 0, 0]",0.0
1967,219,Prednisolone,"['I25', 'I27', 'I31', 'A04']","['chronic ischaemic heart disease', 'pulmonary heart diseases', 'diseases of pericardium', 'bacterial intestinal infections']","[56, 196, 47]",99.66666666666667
1968,154,Dicoumarol,"['D50', 'K50', 'K56']","['iron deficiency anaemia', ""crohn's disease [regional enteritis]"", 'paralytic ileus and intestinal obstruction without hernia']","[1, 0, 2]",1.0
1969,134,Medroxyprogesterone acetate,"['M42', 'M51', 'M54', 'G54', 'M62']","['spinal osteochondrosis', 'intervertebral disk disorders', 'dorsalgia', 'nerve root and plexus disorders', 'disorders of muscle']","[0, 0, 17, 3, 28]",9.6
1970,40,Daclatasvir,"['J45', 'J46']","['asthma', 'status asthmaticus']","[1, 0]",0.5
1971,119,Indigotindisulfonic Acid,"['F70', 'D75', 'D52', 'F10', 'F22', 'G31', 'L21', 'C10', 'C13', 'E53', 'H10', 'I86', 'N62']","['mild mental retardation', 'diseases of blood and blood-forming organs', 'folate deficiency anaemia', 'mental and behavioural disorders due to use of alcohol', 'persistent delusional disorders', 'degenerative diseases of nervous system', 'seborrhoeic dermatitis', 'malignant neoplasm of oropharynx', 'malignant neoplasm of hypopharynx', 'deficiency of b group vitamins', 'conjunctivitis', 'varicose veins of specified sites', 'hypertrophy of breast']","[0, 47, 0, 0, 0, 0, 0, 0, 0, 0, 0, 0, 0]",3.6153846153846154
