,Unnamed: 0.1,Unnamed: 0,ICD,Drug,Consensus Name,Disease Name,PubMed_query_name,PubMed count
0,0,0,G20,Rabeprazole,parkinson's disease,parkinson's disease,parkinson's disease,2.0
1,1,1,E79,Moclobemide,disorders of purine and pyrimidine metabolism,"disorders of purine and pyrimidine metabolism;hyperuricaemia without signs of inflammatory arthritis and tophaceous disease;lesch-nyhan syndrome;other disorders of purine and pyrimidine metabolism;disorder of purine and pyrimidine metabolism, unspecified",disorders of purine and pyrimidine metabolism,7.0
2,2,2,N05,Remifentanil,minor glomerular abnormality,unspecified nephritic syndrome;minor glomerular abnormality;focal and segmental glomerular lesions;diffuse membranous glomerulonephritis;diffuse mesangial proliferative glomerulonephritis;diffuse endocapillary proliferative glomerulonephritis;diffuse mesangiocapillary glomerulonephritis;dense deposit disease;diffuse crescentic glomerulonephritis;other;unspecified,minor glomerular abnormality,0.0
3,3,3,I48,Technetium Tc-99m tetrofosmin,atrial fibrillation and flutter,"atrial fibrillation and flutter;paroxysmal atrial fibrillation;persistent atrial fibrillation;chronic atrial fibrillation;typical atrial flutter;atypical atrial flutter;atrial fibrillation and atrial flutter,  unspecified",atrial fibrillation and flutter,3.0
4,4,4,E46,Acetylcysteine,unspecified protein-energy malnutrition,unspecified protein-energy malnutrition,protein-energy malnutrition,4.0
5,5,5,D05,Fospropofol,carcinoma in situ of breast,"carcinoma in situ of breast;lobular carcinoma in situ;intraductal carcinoma in situ;other carcinoma in situ of breast;carcinoma in situ of breast, unspecified",carcinoma in situ of breast,0.0
6,6,6,B27,Bioallethrin,infectious mononucleosis,"infectious mononucleosis;gammaherpesviral mononucleosis;cytomegaloviral mononucleosis;other infectious mononucleosis;infectious mononucleosis, unspecified",infectious mononucleosis,0.0
7,7,7,E73,Halothane,lactose intolerance,"lactose intolerance;congenital lactase deficiency;secondary lactase deficiency;other lactose intolerance;lactose intolerance, unspecified",lactose intolerance,0.0
8,8,8,M35,Clozapine,systemic involvement of connective tissue,"other systemic involvement of connective tissue;sicca syndrome [sjogren];other overlap syndromes;behcet's disease;polymyalgia rheumatica;diffuse (eosinophilic) fasciitis;multifocal fibrosclerosis;relapsing panniculitis [weber-christian];hypermobility syndrome;other specified systemic involvement of connective tissue;systemic involvement of connective tissue, unspecified",systemic involvement of connective tissue,0.0
9,9,9,M00,Thiothixene,pyogenic arthritis,"pyogenic arthritis;staphylococcal arthritis and polyarthritis;pneumococcal arthritis and polyarthritis;other streptococcal arthritis and polyarthritis;arthritis and polyarthritis due to other specified bacterial agents;pyogenic arthritis, unspecified",pyogenic arthritis,0.0
10,10,10,G25,Risedronate,extrapyramidal and movement disorders,"other extrapyramidal and movement disorders;essential tremor;drug-induced tremor;other specified forms of tremor;myoclonus;drug-induced chorea;other chorea;drug-induced tics and other tics of organic origin;other specified extrapyramidal and movement disorders;extrapyramidal and movement disorder, unspecified",extrapyramidal and movement disorders,6.0
11,11,11,J61,Tezacaftor,pneumoconiosis due to asbestos and mineral fibres,pneumoconiosis due to asbestos and other mineral fibres,pneumoconiosis due to asbestos and mineral fibres,0.0
12,12,12,E78,Carteolol,disorders of lipoprotein metabolism and lipidaemias,"disorders of lipoprotein metabolism and other lipidaemias;pure hypercholesterolaemia;pure hyperglyceridaemia;mixed hyperlipidaemia;hyperchylomicronaemia;other hyperlipidaemia;hyperlipidaemia, unspecified;lipoprotein deficiency;other disorders of lipoprotein metabolism;disorder of lipoprotein metabolism, unspecified",disorders of lipoprotein metabolism and lipidaemias,2.0
13,13,13,N12,Panitumumab,"tubulo-interstitial nephritis, not specified as acute or chronic","tubulo-interstitial nephritis, not specified as acute or chronic",tubulo-interstitial nephritis,0.0
14,14,14,F99,Amifampridine,"mental disorder, not otherwise specified","mental disorder, not otherwise specified",mental disorder,4.0
15,15,15,H40,Flurazepam,glaucoma,"glaucoma;glaucoma suspect;primary open-angle glaucoma;primary angle-closure glaucoma;glaucoma secondary to eye trauma;glaucoma secondary to eye inflammation;glaucoma secondary to other eye disorders;glaucoma secondary to drugs;other glaucoma;glaucoma, unspecified",glaucoma,0.0
16,16,16,K20,Acetylcholine,oesophagitis,oesophagitis,oesophagitis,326.0
17,17,17,G73,Gabapentin,disorders of myoneural junction and muscle in diseases classified elsewhere,disorders of myoneural junction and muscle in diseases classified elsewhere;myasthenic syndromes in endocrine diseases;eaton-lambert syndrome;other myasthenic syndromes in neoplastic disease;myasthenic syndromes in other diseases classified elsewhere;myopathy in infectious and parasitic diseases classified elsewhere;myopathy in endocrine diseases;myopathy in metabolic diseases;myopathy other diseases classified elsewhere,disorders of myoneural junction and muscle in diseases classified elsewhere,2.0
18,18,18,C32,Oxandrolone,malignant neoplasm of larynx,"malignant neoplasm of larynx;glottis;supraglottis;subglottis;laryngeal cartilage;overlapping lesion of larynx;larynx, unspecified",malignant neoplasm of larynx,0.0
19,19,19,J46,Dextromethorphan,status asthmaticus,status asthmaticus,status asthmaticus,0.0
20,20,20,L63,Interferon alfa-n1,alopecia areata,"alopecia areata;alopecia (capitis) totalis;alopecia universalis;ophiasis;other alopecia areata;alopecia areata, unspecified",alopecia areata,0.0
21,21,21,J62,"Antihemophilic Factor (Recombinant), PEGylated",pneumoconiosis due to dust containing silica,pneumoconiosis due to dust containing silica;pneumoconiosis due to talc dust;pneumoconiosis due to other dust containing silica,pneumoconiosis due to dust containing silica,0.0
22,22,22,E85,Raloxifene,amyloidosis,"amyloidosis;nonneuropathic heredofamilial amyloidosis;neuropathic heredofamilial amyloidosis;heredofamilial amyloidosis, unspecified;secondary systemic amyloidosis;organ-limited amyloidosis;other amyloidosis;amyloidosis, unspecified",amyloidosis,0.0
23,23,23,K80,Raloxifene,cholelithiasis,cholelithiasis;calculus of gallbladder with acute cholecystitis;calculus of gallbladder with other cholecystitis;calculus of gallbladder without cholecystitis;calculus of bile duct with cholangitis;calculus of bile duct with cholecystitis;calculus of bile duct without cholangitis or cholecystitis;other cholelithiasis,cholelithiasis,0.0
24,24,24,D46,Risperidone,myelodysplastic syndromes,"myelodysplastic syndromes;refractory anaemia without sideroblasts, so stated;refractory anaemia with sideroblasts;refractory anaemia with excess of blasts;refractory anaemia with excess of blasts with transformation;refractory anaemia, unspecified;refractory anaemia with multi-lineage dysplasia;myelodysplastic syndrome with isolated del(5q) chromosomal abnormality;other myelodysplastic syndromes;myelodysplastic syndrome, unspecified",myelodysplastic syndromes,0.0
25,25,25,M87,Tolvaptan,osteonecrosis,"osteonecrosis;idiopathic aseptic necrosis of bone;osteonecrosis due to drugs;osteonecrosis due to previous trauma;other secondary osteonecrosis;other osteonecrosis;osteonecrosis, unspecified",osteonecrosis,0.0
26,26,26,L91,Diflorasone,hypertrophic disorders of skin,"hypertrophic disorders of skin;keloid scar;other hypertrophic disorders of skin;hypertrophic disorder of skin, unspecified",hypertrophic disorders of skin,0.0
27,27,27,K52,Nefazodone,non-infective gastro-enteritis and colitis,"other non-infective gastro-enteritis and colitis;gastro-enteritis and colitis due to radiation;toxic gastro-enteritis and colitis;allergic and dietetic gastro-enteritis and colitis;indeterminate colitis;other specified non-infective gastro-enteritis and colitis;non-infective gastro-enteritis and colitis, unspecified",non-infective gastro-enteritis and colitis,0.0
28,28,28,B02,Crisaborole,zoster [herpes zoster],zoster [herpes zoster];zoster encephalitis;zoster meningitis;zoster with other nervous system involvement;zoster ocular disease;disseminated zoster;zoster with other complications;zoster without complication,zoster [herpes zoster],0.0
29,29,29,E50,Pentoxifylline,vitamin a deficiency,"vitamin a deficiency;vitamin a deficiency with conjunctival xerosis;vitamin a deficiency with bitot's spot and conjunctival xerosis;vitamin a deficiency with corneal xerosis;vitamin a deficiency with corneal ulceration and xerosis;vitamin a deficiency with keratomalacia;vitamin a deficiency with night blindness;vitamin a deficiency with xerophthalmic scars of cornea;other ocular manifestations of vitamin a deficiency;other manifestations of vitamin a deficiency;vitamin a deficiency, unspecified",vitamin a deficiency,0.0
30,30,30,B18,Chlorphenamine,chronic viral hepatitis,"chronic viral hepatitis;chronic viral hepatitis b with delta-agent;chronic viral hepatitis b without delta-agent;chronic viral hepatitis c;other chronic viral hepatitis;chronic viral hepatitis, unspecified",chronic viral hepatitis,1.0
31,31,31,J41,Dimetacrine,simple and mucopurulent chronic bronchitis,simple and mucopurulent chronic bronchitis;simple chronic bronchitis;mucopurulent chronic bronchitis;mixed simple and mucopurulent chronic bronchitis,simple and mucopurulent chronic bronchitis,0.0
32,32,32,A02,Dextroamphetamine,salmonella infections,"other salmonella infections;salmonella gastro-enteritis;salmonella septicaemia;localised salmonella infections;other specified salmonella infections;salmonella infection, unspecified",salmonella infections,0.0
33,33,33,I61,Delamanid,intracerebral haemorrhage,"intracerebral haemorrhage;intracerebral haemorrhage in hemisphere, subcortical;intracerebral haemorrhage in hemisphere, cortical;intracerebral haemorrhage in hemisphere, unspecified;intracerebral haemorrhage in brain stem;intracerebral haemorrhage in cerebellum;intracerebral haemorrhage, intraventricular;intracerebral haemorrhage, multiple localised;other intracerebral haemorrhage;intracerebral haemorrhage, unspecified",intracerebral haemorrhage,0.0
34,34,34,F24,Sulfanilamide,induced delusional disorder,induced delusional disorder,induced delusional disorder,0.0
35,35,35,J80,Iloperidone,adult respiratory distress syndrome,adult respiratory distress syndrome,adult respiratory distress syndrome,0.0
36,36,36,L13,Ephedra,bullous disorders,"other bullous disorders;dermatitis herpetiformis;subcorneal pustular dermatitis;other specified bullous disorders;bullous disorder, unspecified",bullous disorders,0.0
37,37,37,C82,Isosorbide,follicular [nodular] non-hodgkin's lymphoma,"follicular [nodular] non-hodgkin's lymphoma;small cleaved cell, follicular;mixed small cleaved and large cell, follicular;large cell, follicular;follicular lymphoma grade iiia;follicular lymphoma grade iiib;diffuse follicle centre lymphoma;cutaneous follicle centre lymphoma;other types of follicular non-hodgkin's lymphoma;follicular non-hodgkin's lymphoma, unspecified",follicular [nodular] non-hodgkin's lymphoma,
38,38,38,G12,Lumacaftor,spinal muscular atrophy and related syndromes,"spinal muscular atrophy and related syndromes;infantile spinal muscular atrophy, type i [werdnig-hoffman];other inherited spinal muscular atrophy;motor neuron disease;other spinal muscular atrophies and related syndromes;spinal muscular atrophy, unspecified",spinal muscular atrophy and related syndromes,6.0
39,39,39,C02,Delamanid,malignant neoplasm of parts of tongue,"malignant neoplasm of other and unspecified parts of tongue;dorsal surface of tongue;border of tongue;ventral surface of tongue;anterior two-thirds of tongue, part unspecified;lingual tonsil;overlapping lesion of tongue;tongue, unspecified",malignant neoplasm of parts of tongue,0.0
40,40,40,I84,Testosterone enanthate,haemorrhoids,haemorrhoids;internal thrombosed haemorrhoids;internal haemorrhoids with other complications;internal haemorrhoids without complication;external thrombosed haemorrhoids;external haemorrhoids with other complications;external haemorrhoids without complication;residual haemorrhoidal skin tags;unspecified thrombosed haemorrhoids;unspecified haemorrhoids with other complications;unspecified haemorrhoids without complication,haemorrhoids,2.0
41,41,41,G70,Liraglutide,myasthenia gravis and myoneural disorders,"myasthenia gravis and other myoneural disorders;myasthenia gravis;toxic myoneural disorders;congenital and developmental myasthenia;other specified myoneural disorders;myoneural disorder, unspecified",myasthenia gravis and myoneural disorders,26.0
42,42,42,E53,Aminophenazone,deficiency of b group vitamins,"deficiency of other b group vitamins;riboflavin deficiency;pyridoxine deficiency;deficiency of other specified b group vitamins;vitamin b deficiency, unspecified",deficiency of b group vitamins,3.0
43,43,43,F99,Dutasteride,"mental disorder, not otherwise specified","mental disorder, not otherwise specified",mental disorder,77.0
44,44,44,E46,Irbesartan,unspecified protein-energy malnutrition,unspecified protein-energy malnutrition,protein-energy malnutrition,0.0
45,45,45,B41,Difluprednate,paracoccidioidomycosis,"paracoccidioidomycosis;pulmonary paracoccidioidomycosis;disseminated paracoccidioidomycosis;other forms of paracoccidioidomycosis;paracoccidioidomycosis, unspecified",paracoccidioidomycosis,0.0
46,46,46,J15,Bupropion,"bacterial pneumonia, not elsewhere classified","bacterial pneumonia, not elsewhere classified;pneumonia due to klebsiella pneumoniae;pneumonia due to pseudomonas;pneumonia due to staphylococcus;pneumonia due to streptococcus, group b;pneumonia due to other streptococci;pneumonia due to escherichia coli;pneumonia due to other aerobic gram-negative bacteria;pneumonia due to mycoplasma pneumoniae;other bacterial pneumonia;bacterial pneumonia, unspecified",bacterial pneumonia,0.0
47,47,47,F99,Denileukin diftitox,"mental disorder, not otherwise specified","mental disorder, not otherwise specified",mental disorder,0.0
48,48,48,M16,Beclomethasone dipropionate,coxarthrosis [arthrosis of hip],"coxarthrosis [arthrosis of hip];primary coxarthrosis, bilateral;other primary coxarthrosis;coxarthrosis resulting from dysplasia, bilateral;other dysplastic coxarthrosis;posttraumatic coxarthrosis, bilateral;other posttraumatic coxarthrosis;other secondary coxarthrosis, bilateral;other secondary coxarthrosis;coxarthrosis, unspecified",coxarthrosis [arthrosis of hip],0.0
49,49,49,E78,Cobimetinib,disorders of lipoprotein metabolism and lipidaemias,"disorders of lipoprotein metabolism and other lipidaemias;pure hypercholesterolaemia;pure hyperglyceridaemia;mixed hyperlipidaemia;hyperchylomicronaemia;other hyperlipidaemia;hyperlipidaemia, unspecified;lipoprotein deficiency;other disorders of lipoprotein metabolism;disorder of lipoprotein metabolism, unspecified",disorders of lipoprotein metabolism and lipidaemias,0.0
50,50,50,M10,Triflusal,gout,"gout;idiopathic gout;lead-induced gout;drug-induced gout;gout due to impairment of renal function;other secondary gout;gout, unspecified",gout,
51,51,51,A01,Rituximab,typhoid and paratyphoid fevers,"typhoid and paratyphoid fevers;typhoid fever;paratyphoid fever a;paratyphoid fever b;paratyphoid fever c;paratyphoid fever, unspecified",typhoid and paratyphoid fevers,2.0
52,52,52,C83,Phendimetrazine,diffuse non-hodgkin's lymphoma,"diffuse non-hodgkin's lymphoma;small cell (diffuse);small cleaved cell (diffuse);mixed small and large cell (diffuse);large cell (diffuse);immunoblastic (diffuse);lymphoblastic (diffuse);undifferentiated (diffuse);burkitt's tumour;other types of diffuse non-hodgkin's lymphoma;diffuse non-hodgkin's lymphoma, unspecified",diffuse non-hodgkin's lymphoma,0.0
53,53,53,B67,Mirabegron,echinococcosis,"echinococcosis;echinococcus granulosus infection of liver;echinococcus granulosus infection of lung;echinococcus granulosus infection of bone;echinococcus granulosus infection, other and multiple sites;echinococcus granulosus infection, unspecified;echinococcus multilocularis infection of liver;echinococcus multilocularis infection, other and multiple sites;echinococcus multilocularis infection, unspecified;echinococcosis, unspecified, of liver;echinococcosis, other and unspecified",echinococcosis,0.0
54,54,54,L91,Vinorelbine,hypertrophic disorders of skin,"hypertrophic disorders of skin;keloid scar;other hypertrophic disorders of skin;hypertrophic disorder of skin, unspecified",hypertrophic disorders of skin,0.0
55,55,55,K44,Sorafenib,diaphragmatic hernia,"diaphragmatic hernia;diaphragmatic hernia with obstruction, without gangrene;diaphragmatic hernia with gangrene;diaphragmatic hernia without obstruction or gangrene",diaphragmatic hernia,0.0
56,56,56,F19,Dactinomycin,mental and behavioural disorders due to multiple drug use and use of psychoactive substances,mental and behavioural disorders due to multiple drug use and use of other psychoactive substances;acute intoxication;harmful use;dependence syndrome;withdrawal state;withdrawal state with delirium;psychotic disorder;amnesic syndrome;residual and late-onset psychotic disorder;other mental and behavioural disorders;unspecified mental and behavioural disorder,mental and behavioural disorders due to multiple drug use and use of psychoactive substances,1.0
57,57,57,C43,Desflurane,malignant melanoma of skin,"malignant melanoma of skin;malignant melanoma of lip;malignant melanoma of eyelid, including canthus;malignant melanoma of ear and external auricular canal;malignant melanoma of other and unspecified parts of face;malignant melanoma of scalp and neck;malignant melanoma of trunk;malignant melanoma of upper limb, including shoulder;malignant melanoma of lower limb, including hip;overlapping malignant melanoma of skin;malignant melanoma of skin, unspecified",malignant melanoma of skin,0.0
58,58,58,G24,Clotrimazole,dystonia,"dystonia;drug-induced dystonia;idiopathic familial dystonia;idiopathic nonfamilial dystonia;spasmodic torticollis;idiopathic orofacial dystonia;blepharospasm;other dystonia;dystonia, unspecified",dystonia,0.0
59,59,59,J80,Levomenol,adult respiratory distress syndrome,adult respiratory distress syndrome,adult respiratory distress syndrome,1.0
60,60,60,E23,Homosalate,hypofunction and disorders of pituitary gland,"hypofunction and other disorders of pituitary gland;hypopituitarism;drug-induced hypopituitarism;diabetes insipidus;hypothalamic dysfunction, not elsewhere classified;other disorders of pituitary gland;disorder of pituitary gland, unspecified",hypofunction and disorders of pituitary gland,1.0
61,61,61,G45,Huperzine-A,transient cerebral ischaemic attacks and related syndromes,"transient cerebral ischaemic attacks and related syndromes;vertebro-basilar artery syndrome;carotid artery syndrome (hemispheric);multiple and bilateral precerebral artery syndromes;amaurosis fugax;transient global amnesia;other transient cerebral ischaemic attacks and related syndromes;transient cerebral ischaemic attack, unspecified",transient cerebral ischaemic attacks and related syndromes,7.0
62,62,62,I26,Mercaptopurine,pulmonary embolism,pulmonary embolism;pulmonary embolism with mention of acute cor pulmonale;pulmonary embolism without mention of acute cor pulmonale,pulmonary embolism,30.0
63,63,63,G57,Spermine,mononeuropathies of lower limb,"mononeuropathies of lower limb;lesion of sciatic nerve;meralgia paraesthetica;lesion of femoral nerve;lesion of lateral popliteal nerve;lesion of medial popliteal nerve;tarsal tunnel syndrome;lesion of plantar nerve;other mononeuropathies of lower limb;mononeuropathy of lower limb, unspecified",mononeuropathies of lower limb,0.0
64,64,64,L40,Micafungin,psoriasis,"asthma;predominantly allergic asthma;nonallergic asthma;mixed asthma;asthma, unspecified",asthma,7.0
65,65,64,L40,Micafungin,psoriasis,"psoriasis;psoriasis vulgaris;generalised pustular psoriasis;acrodermatitis continua;pustulosis palmaris et plantaris;guttate psoriasis;arthropathic psoriasis;other psoriasis;psoriasis, unspecified",psoriasis,0.0
66,66,64,L40,Micafungin,psoriasis,"asthma;predominantly allergic asthma;nonallergic asthma;mixed asthma;asthma, unspecified",asthma,7.0
67,67,64,L40,Micafungin,psoriasis,"psoriasis;psoriasis vulgaris;generalised pustular psoriasis;acrodermatitis continua;pustulosis palmaris et plantaris;guttate psoriasis;arthropathic psoriasis;other psoriasis;psoriasis, unspecified",psoriasis,0.0
68,68,65,M19,Midostaurin,arthrosis,"other arthrosis;primary arthrosis of other joints;posttraumatic arthrosis of other joints;other secondary arthrosis;other specified arthrosis;arthrosis, unspecified",arthrosis,1.0
69,69,66,N94,Risperidone,pain and conditions associated with female genital organs and menstrual cycle,"pain and other conditions associated with female genital organs and menstrual cycle;mittelschmerz;dyspareunia;vaginismus;premenstrual tension syndrome;primary dysmenorrhoea;secondary dysmenorrhoea;dysmenorrhoea, unspecified;other specified conditions associated with female genital organs and menstrual cycle;unspecified condition associated with female genital organs and menstrual cycle",pain and conditions associated with female genital organs and menstrual cycle,17.0
70,70,67,M13,Ingenol Mebutate,arthritis,"other arthritis;polyarthritis, unspecified;monoarthritis, not elsewhere classified;other specified arthritis;arthritis, unspecified",arthritis,3.0
71,71,68,E40,Reboxetine,kwashiorkor,kwashiorkor,kwashiorkor,0.0
72,72,69,I50,Propranolol,heart failure,"heart failure;congestive heart failure;left ventricular failure;heart failure, unspecified",heart failure,1102.0
73,73,70,L28,Cabozantinib,lichen simplex chronicus and prurigo,lichen simplex chronicus and prurigo;lichen simplex chronicus;prurigo nodularis;other prurigo,lichen simplex chronicus and prurigo,0.0
74,74,71,G95,Oxaprozin,diseases of spinal cord,"other diseases of spinal cord;syringomyelia and syringobulbia;vascular myelopathies;cord compression, unspecified;other specified diseases of spinal cord;disease of spinal cord, unspecified",diseases of spinal cord,0.0
75,75,72,K44,Regorafenib,diaphragmatic hernia,"diaphragmatic hernia;diaphragmatic hernia with obstruction, without gangrene;diaphragmatic hernia with gangrene;diaphragmatic hernia without obstruction or gangrene",diaphragmatic hernia,0.0
76,76,73,N04,Liraglutide,nephrotic syndrome,nephrotic syndrome;minor glomerular abnormality;focal and segmental glomerular lesions;diffuse membranous glomerulonephritis;diffuse mesangial proliferative glomerulonephritis;diffuse endocapillary proliferative glomerulonephritis;diffuse mesangiocapillary glomerulonephritis;dense deposit disease;diffuse crescentic glomerulonephritis;other;unspecified,nephrotic syndrome,0.0
77,77,74,K92,Immune Globulin Human,diseases of digestive system,"other diseases of digestive system;haematemesis;melaena;gastro-intestinal haemorrhage, unspecified;other specified diseases of digestive system;disease of digestive system, unspecified",diseases of digestive system,14940.0
78,78,75,D66,Levonorgestrel,hereditary factor viii deficiency,hereditary factor viii deficiency,hereditary factor viii deficiency,2.0
79,79,76,K81,Lacidipine,cholecystitis,"cholecystitis;acute cholecystitis;chronic cholecystitis;other cholecystitis;cholecystitis, unspecified",cholecystitis,0.0
80,80,77,L89,Ibuprofen,decubitus ulcer,"decubitus ulcer;stage i decubitus ulcer and pressure area;stage ii decubitus ulcer;stage iii decubitus ulcer;stage iv decubitus ulcer;decubitus ulcer and pressure area, unspecified",decubitus ulcer,12.0
81,81,78,C84,Tafamidis,peripheral and cutaneous t-cell lymphomas,"peripheral and cutaneous t-cell lymphomas;mycosis fungoides;sezary's diease;t-zone lymphoma;lymphoepithelioid lymphoma;peripheral t-cell lymphoma;other and unspecified t-cell lymphomas;anaplastic large cell lymphoma, alk-positive;anaplastic large cell lymphoma, alk-negative;cutaneous t-cell lymphoma, unspecified;mature t/nk-cell lymphoma, unspecified",peripheral and cutaneous t-cell lymphomas,77.0
82,82,79,F31,Fenoprofen,bipolar affective disorder,"bipolar affective disorder;bipolar affective disorder, current episode hypomanic;bipolar affective disorder, current episode manic without psychotic symptoms;bipolar affective disorder, current episode manic with psychotic symptoms;bipolar affective disorder, current episode mild or moderate depression;bipolar affective disorder, current episode severe depression without psychotic symptoms;bipolar affective disorder, current episode severe depression with psychotic symptoms;bipolar affective disorder, current episode mixed;bipolar affective disorder, currently in remission;other bipolar affective disorders;bipolar affective disorder, unspecified",bipolar affective disorder,0.0
83,83,80,I61,Erlotinib,intracerebral haemorrhage,"intracerebral haemorrhage;intracerebral haemorrhage in hemisphere, subcortical;intracerebral haemorrhage in hemisphere, cortical;intracerebral haemorrhage in hemisphere, unspecified;intracerebral haemorrhage in brain stem;intracerebral haemorrhage in cerebellum;intracerebral haemorrhage, intraventricular;intracerebral haemorrhage, multiple localised;other intracerebral haemorrhage;intracerebral haemorrhage, unspecified",intracerebral haemorrhage,0.0
84,84,81,E23,Carbamazepine,hypofunction and disorders of pituitary gland,"hypofunction and other disorders of pituitary gland;hypopituitarism;drug-induced hypopituitarism;diabetes insipidus;hypothalamic dysfunction, not elsewhere classified;other disorders of pituitary gland;disorder of pituitary gland, unspecified",hypofunction and disorders of pituitary gland,11.0
85,85,82,A78,Fexofenadine,q fever,q fever,q fever,0.0
86,86,83,D65,NADH,disseminated intravascular coagulation [defibrination syndrome],disseminated intravascular coagulation [defibrination syndrome],disseminated intravascular coagulation [defibrination syndrome],3.0
87,87,84,C04,St. John's Wort,malignant neoplasm of floor of mouth,"malignant neoplasm of floor of mouth;anterior floor of mouth;lateral floor of mouth;overlapping lesion of floor of mouth;floor of mouth, unspecified",malignant neoplasm of floor of mouth,0.0
88,88,85,L26,Nitric Oxide,exfoliative dermatitis,exfoliative dermatitis,exfoliative dermatitis,1.0
89,89,86,E23,Limaprost,hypofunction and disorders of pituitary gland,"hypofunction and other disorders of pituitary gland;hypopituitarism;drug-induced hypopituitarism;diabetes insipidus;hypothalamic dysfunction, not elsewhere classified;other disorders of pituitary gland;disorder of pituitary gland, unspecified",hypofunction and disorders of pituitary gland,0.0
90,90,87,M87,Leflunomide,osteonecrosis,"osteonecrosis;idiopathic aseptic necrosis of bone;osteonecrosis due to drugs;osteonecrosis due to previous trauma;other secondary osteonecrosis;other osteonecrosis;osteonecrosis, unspecified",osteonecrosis,2.0
91,91,88,D56,Alemtuzumab,thalassaemia,"thalassaemia;alpha thalassaemia;beta thalassaemia;delta-beta thalassaemia;thalassaemia trait;hereditary persistence of foetal haemoglobin [hpfh];other thalassaemias;thalassaemia, unspecified",thalassaemia,14.0
92,92,89,K50,Butorphanol,crohn's disease [regional enteritis],"crohn's disease [regional enteritis];crohn's disease of small intestine;crohn's disease of large intestine;other crohn's disease;crohn's disease, unspecified",crohn's disease [regional enteritis],0.0
93,93,90,I84,Carbinoxamine,haemorrhoids,haemorrhoids;internal thrombosed haemorrhoids;internal haemorrhoids with other complications;internal haemorrhoids without complication;external thrombosed haemorrhoids;external haemorrhoids with other complications;external haemorrhoids without complication;residual haemorrhoidal skin tags;unspecified thrombosed haemorrhoids;unspecified haemorrhoids with other complications;unspecified haemorrhoids without complication,haemorrhoids,0.0
94,94,91,K25,Ranitidine,gastric ulcer,"gastric ulcer;acute with haemorrhage;acute with perforation;acute with both haemorrhage and perforation;acute without haemorrhage or perforation;chronic or unspecified with haemorrhage;chronic or unspecified with perforation;chronic or unspecified with both haemorrhage and perforation;chronic without haemorrhage or perforation;unspecified as acute or chronic, without haemorrhage or perforation",gastric ulcer,1724.0
95,95,92,J41,Trimipramine,simple and mucopurulent chronic bronchitis,simple and mucopurulent chronic bronchitis;simple chronic bronchitis;mucopurulent chronic bronchitis;mixed simple and mucopurulent chronic bronchitis,simple and mucopurulent chronic bronchitis,0.0
96,96,93,E13,Nalbuphine,specified diabetes mellitus,other specified diabetes mellitus;with coma;with ketoacidosis;with renal complications;with ophthalmic complications;with neurological complications;with peripheral circulatory complications;with other specified complications;with multiple complications;with unspecified complications;without complications,specified diabetes mellitus,0.0
97,97,94,M35,Clinofibrate,systemic involvement of connective tissue,"other systemic involvement of connective tissue;sicca syndrome [sjogren];other overlap syndromes;behcet's disease;polymyalgia rheumatica;diffuse (eosinophilic) fasciitis;multifocal fibrosclerosis;relapsing panniculitis [weber-christian];hypermobility syndrome;other specified systemic involvement of connective tissue;systemic involvement of connective tissue, unspecified",systemic involvement of connective tissue,0.0
98,98,95,C66,Chlordiazepoxide,malignant neoplasm of ureter,malignant neoplasm of ureter,malignant neoplasm of ureter,0.0
99,99,96,B19,Liraglutide,unspecified viral hepatitis,unspecified viral hepatitis;unspecified viral hepatitis with coma;unspecified viral hepatitis without coma,viral hepatitis,1.0
100,100,97,K20,Lorcaserin,oesophagitis,oesophagitis,oesophagitis,1.0
101,101,98,K82,Phenelzine,diseases of gallbladder,"other diseases of gallbladder;obstruction of gallbladder;hydrops of gallbladder;perforation of gallbladder;fistula of gallbladder;cholesterolosis of gallbladder;other specified diseases of gallbladder;disease of gallbladder, unspecified",diseases of gallbladder,0.0
102,102,99,D59,Guanabenz,acquired haemolytic anaemia,"acquired haemolytic anaemia;drug-induced autoimmune haemolytic anaemia;other autoimmune haemolytic anaemias;drug-induced nonautoimmune haemolytic anaemia;haemolytic-uraemic syndrome;other nonautoimmune haemolytic anaemias;paroxysmal nocturnal haemoglobinuria [marchiafava-micheli];haemoglobinuria due to haemolysis from other external causes;other acquired haemolytic anaemias;acquired haemolytic anaemia, unspecified",acquired haemolytic anaemia,0.0
103,103,100,F31,Halazepam,bipolar affective disorder,"bipolar affective disorder;bipolar affective disorder, current episode hypomanic;bipolar affective disorder, current episode manic without psychotic symptoms;bipolar affective disorder, current episode manic with psychotic symptoms;bipolar affective disorder, current episode mild or moderate depression;bipolar affective disorder, current episode severe depression without psychotic symptoms;bipolar affective disorder, current episode severe depression with psychotic symptoms;bipolar affective disorder, current episode mixed;bipolar affective disorder, currently in remission;other bipolar affective disorders;bipolar affective disorder, unspecified",bipolar affective disorder,0.0
104,104,101,L25,Thiamylal,unspecified contact dermatitis,"unspecified contact dermatitis;unspecified contact dermatitis due to cosmetics;unspecified contact dermatitis due to drugs in contact with the skin;unspecified contact dermatitis due to dyes;unspecified contact dermatitis due to other chemical products;unspecified contact dermatitis due to food in contact with the skin;unspecified contact dermatitis due to plants, except food;unspecified contact dermatitis due to other agents;unspecified contact dermatitis, unspecified cause",contact dermatitis,0.0
105,105,102,F20,Atosiban,schizophrenia,"schizophrenia;paranoid schizophrenia;hebephrenic schizophrenia;catatonic schizophrenia;undifferentiated schizophrenia;postschizophrenic depression;residual schizophrenia;simple schizophrenia;other schizophrenia;schizophrenia, unspecified",schizophrenia,1.0
106,106,103,F16,Carbamazepine,mental and behavioural disorders due to use of hallucinogens,mental and behavioural disorders due to use of hallucinogens;acute intoxication;harmful use;dependence syndrome;withdrawal state;withdrawal state with delirium;psychotic disorder;amnesic syndrome;residual and late-onset psychotic disorder;other mental and behavioural disorders;unspecified mental and behavioural disorder,mental and behavioural disorders due to use of hallucinogens,3.0
107,107,104,H25,Ethosuximide,senile cataract,"senile cataract;senile incipient cataract;senile nuclear cataract;senile cataract, morgagnian type;other senile cataract;senile cataract, unspecified",senile cataract,0.0
108,108,105,E66,Dasabuvir,obesity,"obesity;obesity due to excess calories;drug-induced obesity;extreme obesity with alveolar hypoventilation;other obesity;obesity, unspecified",obesity,8.0
109,109,106,L51,Prazosin,erythema multiforme,"erythema multiforme;nonbullous erythema multiforme;bullous erythema multiforme;toxic epidermal necrolysis [lyell];other erythema multiforme;erythema multiforme, unspecified",erythema multiforme,0.0
110,110,107,K72,Alprostadil,"hepatic failure, not elsewhere classified","hepatic failure, not elsewhere classified;acute and subacute hepatic failure;chronic hepatic failure;hepatic failure, unspecified",hepatic failure,69.0
111,111,108,L52,Hydroxyzine,erythema nodosum,erythema nodosum,erythema nodosum,0.0
112,112,109,I74,Tositumomab,arterial embolism and thrombosis,"arterial embolism and thrombosis;embolism and thrombosis of abdominal aorta;embolism and thrombosis of other and unspecified parts of aorta;embolism and thrombosis of arteries of the upper extremities;embolism and thrombosis of arteries of the lower extremities;embolism and thrombosis of arteries of extremities, unspecified;embolism and thrombosis of iliac artery;embolism and thrombosis of other arteries;embolism and thrombosis of unspecified artery",arterial embolism and thrombosis,0.0
113,113,110,G21,Tolmetin,secondary parkinsonism,"secondary parkinsonism;malignant neuroleptic syndrome;other drug-induced secondary parkinsonism;secondary parkinsonism due to other external agents;postencephalitic parkinsonism;vascular parkinsonism;other secondary parkinsonism;secondary parkinsonism, unspecified",secondary parkinsonism,0.0
114,114,111,N08,Quinidine barbiturate,glomerular disorders in diseases classified elsewhere,"glomerular disorders in diseases classified elsewhere;glomerular disorders in infectious and parasitic diseases classified elsewhere;glomerular disorders in neoplastic diseases;glomerular disorders in blood diseases and disorders involving the immune mechanism;glomerular disorders in diabetes mellitus;glomerular disorders in other endocrine, nutritional and metabolic diseases;glomerular disorders in systemic connective tissue disorders;glomerular disorders in other diseases classified elsewhere",glomerular disorders in diseases classified elsewhere,0.0
115,115,112,M35,Metipranolol,systemic involvement of connective tissue,"other systemic involvement of connective tissue;sicca syndrome [sjogren];other overlap syndromes;behcet's disease;polymyalgia rheumatica;diffuse (eosinophilic) fasciitis;multifocal fibrosclerosis;relapsing panniculitis [weber-christian];hypermobility syndrome;other specified systemic involvement of connective tissue;systemic involvement of connective tissue, unspecified",systemic involvement of connective tissue,0.0
116,116,113,D64,Trimethadione,anaemias,"other anaemias;hereditary sideroblastic anaemia;secondary sideroblastic anaemia due to disease;secondary sideroblastic anaemia due to drugs and toxins;other sideroblastic anaemias;congenital dyserythropoietic anaemia;other specified anaemias;anaemia, unspecified",anaemias,9.0
117,117,114,C56,Methoxyflurane,malignant neoplasm of ovary,malignant neoplasm of ovary,malignant neoplasm of ovary,0.0
118,118,115,F24,Anisotropine Methylbromide,induced delusional disorder,induced delusional disorder,induced delusional disorder,0.0
119,119,116,A02,Dihydroergocornine,salmonella infections,"other salmonella infections;salmonella gastro-enteritis;salmonella septicaemia;localised salmonella infections;other specified salmonella infections;salmonella infection, unspecified",salmonella infections,0.0
120,120,117,L29,Desogestrel,pruritus,"pruritus;pruritus ani;pruritus scroti;pruritus vulvae;anogenital pruritus, unspecified;other pruritus;pruritus, unspecified",pruritus,2.0
121,121,118,N03,Polaprezinc,chronic nephritic syndrome,chronic nephritic syndrome;minor glomerular abnormality;focal and segmental glomerular lesions;diffuse membranous glomerulonephritis;diffuse mesangial proliferative glomerulonephritis;diffuse endocapillary proliferative glomerulonephritis;diffuse mesangiocapillary glomerulonephritis;dense deposit disease;diffuse crescentic glomerulonephritis;other;unspecified,chronic nephritic syndrome,0.0
122,122,119,C37,Apixaban,malignant neoplasm of thymus,malignant neoplasm of thymus,malignant neoplasm of thymus,0.0
123,123,120,E63,Nebivolol,nutritional deficiencies,"other nutritional deficiencies;essential fatty acid [efa] deficiency;imbalance of constituents of food intake;other specified nutritional deficiencies;nutritional deficiency, unspecified",nutritional deficiencies,1.0
124,124,121,G21,Phenylpropanolamine,secondary parkinsonism,"secondary parkinsonism;malignant neuroleptic syndrome;other drug-induced secondary parkinsonism;secondary parkinsonism due to other external agents;postencephalitic parkinsonism;vascular parkinsonism;other secondary parkinsonism;secondary parkinsonism, unspecified",secondary parkinsonism,1.0
125,125,122,I05,Promethazine,rheumatic mitral valve diseases,"rheumatic mitral valve diseases;mitral stenosis;rheumatic mitral insufficiency;mitral stenosis with insufficiency;other mitral valve diseases;mitral valve disease, unspecified",rheumatic mitral valve diseases,0.0
126,126,123,N41,Atomoxetine,inflammatory diseases of prostate,"inflammatory diseases of prostate;acute prostatitis;chronic prostatitis;abscess of prostate;prostatocystitis;other inflammatory diseases of prostate;inflammatory disease of prostate, unspecified",inflammatory diseases of prostate,0.0
127,127,124,C85,Linezolid,specified types of non-hodgkin's lymphoma,"other and unspecified types of non-hodgkin's lymphoma;lymphosarcoma;b-cell lymphoma, unspecified;mediastinal (thymic) large b-cell lymphoma;other specified types of non-hodgkin's lymphoma;non-hodgkin's lymphoma, unspecified type",specified types of non-hodgkin's lymphoma,0.0
128,128,125,B20,Pantoprazole,human immunodeficiency virus [hiv] disease resulting in infectious and parasitic diseases,human immunodeficiency virus [hiv] disease resulting in infectious and parasitic diseases;hiv disease resulting in mycobacterial infection;hiv disease resulting in other bacterial infections;hiv disease resulting in cytomegaloviral disease;hiv disease resulting in other viral infections;hiv disease resulting in candidiasis;hiv disease resulting in other mycoses;hiv disease resulting in pneumocystis carinii pneumonia;hiv disease resulting in multiple infections;hiv disease resulting in other infectious and parasitic diseases;hiv disease resulting in unspecified infectious or parasitic disease,human immunodeficiency virus [hiv] disease resulting in infectious and parasitic diseases,8.0
129,129,126,F10,Enalaprilat,mental and behavioural disorders due to use of alcohol,mental and behavioural disorders due to use of alcohol;acute intoxication;harmful use;dependence syndrome;withdrawal state;withdrawal state with delirium;psychotic disorder;amnesic syndrome;residual and late-onset psychotic disorder;other mental and behavioural disorders;unspecified mental and behavioural disorder,mental and behavioural disorders due to use of alcohol,0.0
130,130,127,C92,Adalimumab,myeloid leukaemia,"myeloid leukaemia;acute myeloid leukaemia;chronic myeloid leukaemia;subacute myeloid leukaemia;myeloid sarcoma;acute promyelocytic leukaemia;acute myelomonocytic leukaemia;acute myeloid leukaemia with 11q23-abnormality;other myeloid leukaemia;acute myeloid leukaemia with multilineage dysplasia;myeloid leukaemia, unspecified",myeloid leukaemia,9.0
131,131,128,M79,Pethidine,"soft tissue disorders, not elsewhere classified","other soft tissue disorders, not elsewhere classified;rheumatism, unspecified;myalgia;neuralgia and neuritis, unspecified;panniculitis, unspecified;hypertrophy of (infrapatellar) fat pad;residual foreign body in soft tissue;pain in limb;fibromyalgia;other specified soft tissue disorders;soft tissue disorder, unspecified",soft tissue disorders,3.0
132,132,129,H18,Loxapine,disorders of cornea,"other disorders of cornea;corneal pigmentations and deposits;bullous keratopathy;other corneal oedema;changes in corneal membranes;corneal degeneration;hereditary corneal dystrophies;keratoconus;other corneal deformities;other specified disorders of cornea;disorder of cornea, unspecified",disorders of cornea,0.0
133,133,130,B20,Pipotiazine,human immunodeficiency virus [hiv] disease resulting in infectious and parasitic diseases,human immunodeficiency virus [hiv] disease resulting in infectious and parasitic diseases;hiv disease resulting in mycobacterial infection;hiv disease resulting in other bacterial infections;hiv disease resulting in cytomegaloviral disease;hiv disease resulting in other viral infections;hiv disease resulting in candidiasis;hiv disease resulting in other mycoses;hiv disease resulting in pneumocystis carinii pneumonia;hiv disease resulting in multiple infections;hiv disease resulting in other infectious and parasitic diseases;hiv disease resulting in unspecified infectious or parasitic disease,human immunodeficiency virus [hiv] disease resulting in infectious and parasitic diseases,0.0
134,134,131,N94,Methylphenidate,pain and conditions associated with female genital organs and menstrual cycle,"pain and other conditions associated with female genital organs and menstrual cycle;mittelschmerz;dyspareunia;vaginismus;premenstrual tension syndrome;primary dysmenorrhoea;secondary dysmenorrhoea;dysmenorrhoea, unspecified;other specified conditions associated with female genital organs and menstrual cycle;unspecified condition associated with female genital organs and menstrual cycle",pain and conditions associated with female genital organs and menstrual cycle,6.0
135,135,132,A05,Collagenase clostridium histolyticum,bacterial foodborne intoxications,"other bacterial foodborne intoxications;foodborne staphylococcal intoxication;botulism;foodborne clostridium perfringens [clostridium welchii] intoxication;foodborne vibrio parahaemolyticus intoxication;foodborne bacillus cereus intoxication;other specified bacterial foodborne intoxications;bacterial foodborne intoxication, unspecified",bacterial foodborne intoxications,0.0
136,136,133,N80,Cysteamine,endometriosis,"endometriosis;endometriosis of uterus;endometriosis of ovary;endometriosis of fallopian tube;endometriosis of pelvic peritoneum;endometriosis of rectovaginal septum and vagina;endometriosis of intestine;endometriosis in cutaneous scar;other endometriosis;endometriosis, unspecified",endometriosis,4.0
137,137,134,F42,Hycanthone,obsessive-compulsive disorder,"obsessive-compulsive disorder;predominantly obsessional thoughts or ruminations;predominantly compulsive acts [obsessional rituals];mixed obsessional thoughts and acts;other obsessive-compulsive disorders;obsessive-compulsive disorder, unspecified",obsessive-compulsive disorder,0.0
138,138,135,E85,Tenoxicam,amyloidosis,"amyloidosis;nonneuropathic heredofamilial amyloidosis;neuropathic heredofamilial amyloidosis;heredofamilial amyloidosis, unspecified;secondary systemic amyloidosis;organ-limited amyloidosis;other amyloidosis;amyloidosis, unspecified",amyloidosis,1.0
139,139,136,F15,Phenylbutazone,"mental and behavioural disorders due to use of stimulants, including caffeine","mental and behavioural disorders due to use of other stimulants, including caffeine;acute intoxication;harmful use;dependence syndrome;withdrawal state;withdrawal state with delirium;psychotic disorder;amnesic syndrome;residual and late-onset psychotic disorder;other mental and behavioural disorders;unspecified mental and behavioural disorder","mental and behavioural disorders due to use of stimulants, including caffeine",0.0
140,140,137,K26,Ketorolac,duodenal ulcer,"duodenal ulcer;acute with haemorrhage;acute with perforation;acute with both haemorrhage and perforation;acute without haemorrhage or perforation;chronic or unspecified with haemorrhage;chronic or unspecified with perforation;chronic or unspecified with both haemorrhage and perforation;chronic without haemorrhage or perforation;unspecified as acute or chronic, without haemorrhage or perforation",duodenal ulcer,7.0
141,141,138,I11,Dasabuvir,hypertensive heart disease,hypertensive heart disease;hypertensive heart disease with (congestive) heart failure;hypertensive heart disease without (congestive) heart failure,hypertensive heart disease,1.0
142,142,139,F48,Acebutolol,neurotic disorders,"other neurotic disorders;neurasthenia;depersonalisation-derealisation syndrome;other specified neurotic disorders;neurotic disorder, unspecified",neurotic disorders,0.0
143,143,140,E16,Haloperidol,disorders of pancreatic internal secretion,"other disorders of pancreatic internal secretion;drug-induced hypoglycaemia without coma;other hypoglycaemia;hypoglycaemia, unspecified;increased secretion of glucagon;abnormal secretion of gastrin;other specified disorders of pancreatic internal secretion;disorder of pancreatic internal secretion, unspecified",disorders of pancreatic internal secretion,1.0
144,144,141,F31,Danazol,bipolar affective disorder,"bipolar affective disorder;bipolar affective disorder, current episode hypomanic;bipolar affective disorder, current episode manic without psychotic symptoms;bipolar affective disorder, current episode manic with psychotic symptoms;bipolar affective disorder, current episode mild or moderate depression;bipolar affective disorder, current episode severe depression without psychotic symptoms;bipolar affective disorder, current episode severe depression with psychotic symptoms;bipolar affective disorder, current episode mixed;bipolar affective disorder, currently in remission;other bipolar affective disorders;bipolar affective disorder, unspecified",bipolar affective disorder,2.0
145,145,142,K26,Acepromazine,duodenal ulcer,"duodenal ulcer;acute with haemorrhage;acute with perforation;acute with both haemorrhage and perforation;acute without haemorrhage or perforation;chronic or unspecified with haemorrhage;chronic or unspecified with perforation;chronic or unspecified with both haemorrhage and perforation;chronic without haemorrhage or perforation;unspecified as acute or chronic, without haemorrhage or perforation",duodenal ulcer,0.0
146,146,143,A78,Selegiline,q fever,q fever,q fever,0.0
147,147,144,L25,Solifenacin,unspecified contact dermatitis,"unspecified contact dermatitis;unspecified contact dermatitis due to cosmetics;unspecified contact dermatitis due to drugs in contact with the skin;unspecified contact dermatitis due to dyes;unspecified contact dermatitis due to other chemical products;unspecified contact dermatitis due to food in contact with the skin;unspecified contact dermatitis due to plants, except food;unspecified contact dermatitis due to other agents;unspecified contact dermatitis, unspecified cause",contact dermatitis,0.0
148,148,145,M00,Regorafenib,pyogenic arthritis,"pyogenic arthritis;staphylococcal arthritis and polyarthritis;pneumococcal arthritis and polyarthritis;other streptococcal arthritis and polyarthritis;arthritis and polyarthritis due to other specified bacterial agents;pyogenic arthritis, unspecified",pyogenic arthritis,0.0
149,149,146,J60,Rucaparib,coalworker's pneumoconiosis,coalworker's pneumoconiosis,coalworker's pneumoconiosis,0.0
150,150,147,M34,Benzyl alcohol,systemic sclerosis,"systemic sclerosis;progressive systemic sclerosis;cr(e)st syndrome;systemic sclerosis induced by drugs and chemicals;other forms of systemic sclerosis;systemic sclerosis, unspecified",systemic sclerosis,0.0
151,151,148,M81,Methylphenidate,osteoporosis without pathological fracture,"osteoporosis without pathological fracture;postmenopausal osteoporosis;postoophorectomy osteoporosis;osteoporosis of disuse;postsurgical malabsorption osteoporosis;drug-induced osteoporosis;idiopathic osteoporosis;localised osteoporosis [lequesne];other osteoporosis;osteoporosis, unspecified",osteoporosis without pathological fracture,0.0
152,152,149,C96,Diphenoxylate,"specified malignant neoplasms of lymphoid, haematopoietic and related tissue","other and unspecified malignant neoplasms of lymphoid, haematopoietic and related tissue;letterer-siwe disease;malignant histiocytosis;malignant mast cell tumour;true histiocytic lymphoma;sarcoma of dendritic cells (accessory cells);multifocal and unisystemic langerhans-cell histiocytosis;unifocal langerhans-cell histiocytosis;other specified malignant neoplasms of lymphoid, haematopoietic and related tissue;histiocytic sarcoma;malignant neoplasms of lymphoid, haematopoietic and related tissue, unspecified","specified malignant neoplasms of lymphoid, haematopoietic and related tissue",22.0
153,153,150,C45,Decamethonium,mesothelioma,"mesothelioma;mesothelioma of pleura;mesothelioma of peritoneum;mesothelioma of pericardium;mesothelioma of other sites;mesothelioma, unspecified",mesothelioma,0.0
154,154,151,F50,Dalteparin,eating disorders,"eating disorders;anorexia nervosa;atypical anorexia nervosa;bulimia nervosa;atypical bulimia nervosa;overeating associated with other psychological disturbances;vomiting associated with other psychological disturbances;other eating disorders;eating disorder, unspecified",eating disorders,0.0
155,155,152,M45,Fludeoxyglucose F-18,ankylosing spondylitis,ankylosing spondylitis,ankylosing spondylitis,14.0
156,156,153,B18,Flibanserin,chronic viral hepatitis,"chronic viral hepatitis;chronic viral hepatitis b with delta-agent;chronic viral hepatitis b without delta-agent;chronic viral hepatitis c;other chronic viral hepatitis;chronic viral hepatitis, unspecified",chronic viral hepatitis,0.0
157,157,154,I26,Amiloride,pulmonary embolism,pulmonary embolism;pulmonary embolism with mention of acute cor pulmonale;pulmonary embolism without mention of acute cor pulmonale,pulmonary embolism,1.0
158,158,155,F34,Fluvastatin,persistent mood [affective] disorders,"persistent mood [affective] disorders;cyclothymia;dysthymia;other persistent mood [affective] disorders;persistent mood [affective] disorder, unspecified",persistent mood [affective] disorders,0.0
159,159,156,C03,Nylidrin,malignant neoplasm of gum,"malignant neoplasm of gum;upper gum;lower gum;gum, unspecified",malignant neoplasm of gum,0.0
160,160,157,M87,Doxazosin,osteonecrosis,"osteonecrosis;idiopathic aseptic necrosis of bone;osteonecrosis due to drugs;osteonecrosis due to previous trauma;other secondary osteonecrosis;other osteonecrosis;osteonecrosis, unspecified",osteonecrosis,0.0
161,161,158,A75,Alclometasone,typhus fever,"typhus fever;epidemic louse-borne typhus fever due to rickettsia prowazekii;recrudescent typhus [brill's disease];typhus fever due to rickettsia typhi;typhus fever due to rickettsia tsutsugamushi;typhus fever, unspecified",typhus fever,0.0
162,162,159,K92,Estradiol dienanthate,diseases of digestive system,"other diseases of digestive system;haematemesis;melaena;gastro-intestinal haemorrhage, unspecified;other specified diseases of digestive system;disease of digestive system, unspecified",diseases of digestive system,0.0
163,163,160,C54,Sarilumab,malignant neoplasm of corpus uteri,"malignant neoplasm of corpus uteri;isthmus uteri;endometrium;myometrium;fundus uteri;overlapping lesion of corpus uteri;corpus uteri, unspecified",malignant neoplasm of corpus uteri,0.0
164,164,161,I47,Pentaerythritol Tetranitrate,paroxysmal tachycardia,"paroxysmal tachycardia;reentry ventricular arrhythmia;supraventricular tachycardia;ventricular tachycardia;paroxysmal tachycardia, unspecified",paroxysmal tachycardia,0.0
165,165,162,F30,Fluocinolone Acetonide,manic episode,"manic episode;hypomania;mania without psychotic symptoms;mania with psychotic symptoms;other manic episodes;manic episode, unspecified",manic episode,0.0
166,166,163,H30,Pargyline,chorioretinal inflammation,"chorioretinal inflammation;focal chorioretinal inflammation;disseminated chorioretinal inflammation;posterior cyclitis;other chorioretinal inflammations;chorioretinal inflammation, unspecified",chorioretinal inflammation,0.0
167,167,164,I80,Fluorouracil,phlebitis and thrombophlebitis,"phlebitis and thrombophlebitis;phlebitis and thrombophlebitis of superficial vessels of lower extremities;phlebitis and thrombophlebitis of femoral vein;phlebitis and thrombophlebitis of other deep vessels of lower extremities;phlebitis and thrombophlebitis of lower extremities, unspecified;phlebitis and thrombophlebitis of other sites;phlebitis and thrombophlebitis of unspecified site",phlebitis and thrombophlebitis,63.0
168,168,165,N91,Dienogest,"absent, scanty and rare menstruation","absent, scanty and rare menstruation;primary amenorrhoea;secondary amenorrhoea;amenorrhoea, unspecified;primary oligomenorrhoea;secondary oligomenorrhoea;oligomenorrhoea, unspecified","absent, scanty and rare menstruation",6.0
169,169,166,G25,Menthol,extrapyramidal and movement disorders,"other extrapyramidal and movement disorders;essential tremor;drug-induced tremor;other specified forms of tremor;myoclonus;drug-induced chorea;other chorea;drug-induced tics and other tics of organic origin;other specified extrapyramidal and movement disorders;extrapyramidal and movement disorder, unspecified",extrapyramidal and movement disorders,4.0
170,170,167,E50,Ribociclib,vitamin a deficiency,"vitamin a deficiency;vitamin a deficiency with conjunctival xerosis;vitamin a deficiency with bitot's spot and conjunctival xerosis;vitamin a deficiency with corneal xerosis;vitamin a deficiency with corneal ulceration and xerosis;vitamin a deficiency with keratomalacia;vitamin a deficiency with night blindness;vitamin a deficiency with xerophthalmic scars of cornea;other ocular manifestations of vitamin a deficiency;other manifestations of vitamin a deficiency;vitamin a deficiency, unspecified",vitamin a deficiency,0.0
171,171,168,F43,Peginterferon alfa-2a,"reaction to severe stress, and adjustment disorders","reaction to severe stress, and adjustment disorders;acute stress reaction;posttraumatic stress disorder;adjustment disorders;other reactions to severe stress;reaction to severe stress, unspecified","reaction to severe stress, and adjustment disorders",7.0
172,172,169,L81,DL-Methylephedrine,disorders of pigmentation,"other disorders of pigmentation;postinflammatory hyperpigmentation;chloasma;freckles;cafe au lait spots;other melanin hyperpigmentation;leukoderma, not elsewhere classified;other disorders of diminished melanin formation;pigmented purpuric dermatosis;other specified disorders of pigmentation;disorder of pigmentation, unspecified",disorders of pigmentation,0.0
173,173,170,C95,Hycanthone,leukaemia of cell type,"leukaemia of unspecified cell type;acute leukaemia of unspecified cell type;chronic leukaemia of unspecified cell type;subacute leukaemia of unspecified cell type;other leukaemia of unspecified cell type;leukaemia, unspecified",leukaemia of cell type,10.0
174,174,171,A17,Clofazimine,tuberculosis of nervous system,"tuberculosis of nervous system;tuberculous meningitis;meningeal tuberculoma;other tuberculosis of nervous system;tuberculosis of nervous system, unspecified",tuberculosis of nervous system,10.0
175,175,172,N95,Desoximetasone,menopausal and perimenopausal disorders,"menopausal and other perimenopausal disorders;postmenopausal bleeding;menopausal and female climacteric states;postmenopausal atrophic vaginitis;states associated with artificial menopause;other specified menopausal and perimenopausal disorders;menopausal and perimenopausal disorder, unspecified",menopausal and perimenopausal disorders,0.0
176,176,173,C73,Isavuconazole,malignant neoplasm of thyroid gland,malignant neoplasm of thyroid gland,malignant neoplasm of thyroid gland,1.0
177,177,174,G50,Sulfadimethoxine,disorders of trigeminal nerve,"disorders of trigeminal nerve;trigeminal neuralgia;atypical facial pain;other disorders of trigeminal nerve;disorder of trigeminal nerve, unspecified",disorders of trigeminal nerve,0.0
178,178,175,C32,Suprofen,malignant neoplasm of larynx,"malignant neoplasm of larynx;glottis;supraglottis;subglottis;laryngeal cartilage;overlapping lesion of larynx;larynx, unspecified",malignant neoplasm of larynx,0.0
179,179,176,A78,Formoterol,q fever,q fever,q fever,0.0
180,180,177,F50,Menthyl salicylate,eating disorders,"eating disorders;anorexia nervosa;atypical anorexia nervosa;bulimia nervosa;atypical bulimia nervosa;overeating associated with other psychological disturbances;vomiting associated with other psychological disturbances;other eating disorders;eating disorder, unspecified",eating disorders,0.0
181,181,178,A81,Tramadol,atypical virus infections of central nervous system,"atypical virus infections of central nervous system;creutzfeldt-jakob disease;subacute sclerosing panencephalitis;progressive multifocal leukoencephalopathy;other atypical virus infections of central nervous system;atypical virus infection of central nervous system, unspecified",atypical virus infections of central nervous system,0.0
182,182,179,F14,Aclidinium,mental and behavioural disorders due to use of cocaine,mental and behavioural disorders due to use of cocaine;acute intoxication;harmful use;dependence syndrome;withdrawal state;withdrawal state with delirium;psychotic disorder;amnesic syndrome;residual and late-onset psychotic disorder;other mental and behavioural disorders;unspecified mental and behavioural disorder,mental and behavioural disorders due to use of cocaine,0.0
183,183,180,D66,Pasireotide,hereditary factor viii deficiency,hereditary factor viii deficiency,hereditary factor viii deficiency,1.0
184,184,181,E74,Yohimbine,disorders of carbohydrate metabolism,"other disorders of carbohydrate metabolism;glycogen storage disease;disorders of fructose metabolism;disorders of galactose metabolism;other disorders of intestinal carbohydrate absorption;disorders of pyruvate metabolism and gluconeogenesis;other specified disorders of carbohydrate metabolism;disorder of carbohydrate metabolism, unspecified",disorders of carbohydrate metabolism,7.0
185,185,182,E14,L-Phenylalanine,unspecified diabetes mellitus,unspecified diabetes mellitus;with coma;with ketoacidosis;withrenal complications;with ophthalmic complications;with neurological complications;with peripheral circulatory complications;with other specified complications;with multiple complications;with unspecified complications;without complications,diabetes mellitus,1018.0
186,186,183,M35,Dextroamphetamine,systemic involvement of connective tissue,"other systemic involvement of connective tissue;sicca syndrome [sjogren];other overlap syndromes;behcet's disease;polymyalgia rheumatica;diffuse (eosinophilic) fasciitis;multifocal fibrosclerosis;relapsing panniculitis [weber-christian];hypermobility syndrome;other specified systemic involvement of connective tissue;systemic involvement of connective tissue, unspecified",systemic involvement of connective tissue,1.0
187,187,184,I48,Fluticasone furoate,atrial fibrillation and flutter,"atrial fibrillation and flutter;paroxysmal atrial fibrillation;persistent atrial fibrillation;chronic atrial fibrillation;typical atrial flutter;atypical atrial flutter;atrial fibrillation and atrial flutter,  unspecified",atrial fibrillation and flutter,0.0
188,188,185,G00,Losartan,"bacterial meningitis, not elsewhere classified","bacterial meningitis, not elsewhere classified;haemophilus meningitis;pneumococcal meningitis;streptococcal meningitis;staphylococcal meningitis;other bacterial meningitis;bacterial meningitis, unspecified",bacterial meningitis,0.0
189,189,186,E85,Ticlopidine,amyloidosis,"amyloidosis;nonneuropathic heredofamilial amyloidosis;neuropathic heredofamilial amyloidosis;heredofamilial amyloidosis, unspecified;secondary systemic amyloidosis;organ-limited amyloidosis;other amyloidosis;amyloidosis, unspecified",amyloidosis,1.0
190,190,187,G12,Arbutamine,spinal muscular atrophy and related syndromes,"spinal muscular atrophy and related syndromes;infantile spinal muscular atrophy, type i [werdnig-hoffman];other inherited spinal muscular atrophy;motor neuron disease;other spinal muscular atrophies and related syndromes;spinal muscular atrophy, unspecified",spinal muscular atrophy and related syndromes,0.0
191,191,188,L93,Ambrisentan,lupus erythematosus,lupus erythematosus;discoid lupus erythematosus;subacute cutaneous lupus erythematosus;other local lupus erythematosus,lupus erythematosus,4.0
192,192,189,E88,Cantharidin,metabolic disorders,"other metabolic disorders;disorders of plasma-protein metabolism, not elsewhere classified;lipodystrophy, not elsewhere classified;lipomatosis, not elsewhere classified;tumour lysis syndrome;other specified metabolic disorders;metabolic disorder, unspecified",metabolic disorders,17.0
193,193,190,H34,Tranylcypromine,retinal vascular occlusions,"retinal vascular occlusions;transient retinal artery occlusion;central retinal artery occlusion;other retinal artery occlusions;other retinal vascular occlusions;retinal vascular occlusion, unspecified",retinal vascular occlusions,0.0
194,194,191,K51,Cysteamine,ulcerative colitis,"ulcerative colitis;ulcerative (chronic) enterocolitis;ulcerative (chronic) ileocolitis;ulcerative (chronic) proctitis;ulcerative (chronic) rectosigmoiditis;pseudopolyposis of colon;mucosal proctocolitis;other ulcerative colitis;ulcerative colitis, unspecified",ulcerative colitis,9.0
195,195,192,J13,Hydromorphone,pneumonia due to streptococcus pneumoniae,pneumonia due to streptococcus pneumoniae,pneumonia due to streptococcus pneumoniae,0.0
196,196,193,E66,Desmopressin,obesity,"obesity;obesity due to excess calories;drug-induced obesity;extreme obesity with alveolar hypoventilation;other obesity;obesity, unspecified",obesity,56.0
197,197,194,G31,Finasteride,"degenerative diseases of nervous system, not elsewhere classified","other degenerative diseases of nervous system, not elsewhere classified;circumscribed brain atrophy;senile degeneration of brain, not elsewhere classified;degeneration of nervous system due to alcohol;other specified degenerative diseases of nervous system;degenerative disease of nervous system, unspecified",degenerative diseases of nervous system,0.0
198,198,195,L55,Tioconazole,sunburn,"sunburn;sunburn of first degree;sunburn of second degree;sunburn of third degree;other sunburn;sunburn, unspecified",sunburn,0.0
199,199,196,I95,Levothyroxine,hypotension,"hypotension;idiopathic hypotension;orthostatic hypotension;hypotension due to drugs;other hypotension;hypotension, unspecified",hypotension,1221.0
200,200,197,G25,Rescinnamine,extrapyramidal and movement disorders,"other extrapyramidal and movement disorders;essential tremor;drug-induced tremor;other specified forms of tremor;myoclonus;drug-induced chorea;other chorea;drug-induced tics and other tics of organic origin;other specified extrapyramidal and movement disorders;extrapyramidal and movement disorder, unspecified",extrapyramidal and movement disorders,0.0
201,201,198,M45,Methylnaltrexone,ankylosing spondylitis,ankylosing spondylitis,ankylosing spondylitis,0.0
202,202,199,J62,Heroin,pneumoconiosis due to dust containing silica,pneumoconiosis due to dust containing silica;pneumoconiosis due to talc dust;pneumoconiosis due to other dust containing silica,pneumoconiosis due to dust containing silica,0.0
203,203,200,L95,Clomipramine,"vasculitis limited to skin, not elsewhere classified","vasculitis limited to skin, not elsewhere classified;livedoid vasculitis;erythema elevatum diutinum;other vasculitis limited to skin;vasculitis limited to skin, unspecified",vasculitis limited to skin,0.0
204,204,201,I10,Prazosin,essential (primary) hypertension,essential (primary) hypertension,essential (primary) hypertension,14.0
205,205,202,E66,Benzyl alcohol,obesity,"obesity;obesity due to excess calories;drug-induced obesity;extreme obesity with alveolar hypoventilation;other obesity;obesity, unspecified",obesity,9.0
206,206,203,H53,Nimesulide,visual disturbances,"visual disturbances;amblyopia ex anopsia;subjective visual disturbances;diplopia;other disorders of binocular vision;visual field defects;colour vision deficiencies;night blindness;other visual disturbances;visual disturbance, unspecified",visual disturbances,1.0
207,207,204,C43,Norethisterone,malignant melanoma of skin,"malignant melanoma of skin;malignant melanoma of lip;malignant melanoma of eyelid, including canthus;malignant melanoma of ear and external auricular canal;malignant melanoma of other and unspecified parts of face;malignant melanoma of scalp and neck;malignant melanoma of trunk;malignant melanoma of upper limb, including shoulder;malignant melanoma of lower limb, including hip;overlapping malignant melanoma of skin;malignant melanoma of skin, unspecified",malignant melanoma of skin,1.0
208,208,205,I61,Glucose,intracerebral haemorrhage,"intracerebral haemorrhage;intracerebral haemorrhage in hemisphere, subcortical;intracerebral haemorrhage in hemisphere, cortical;intracerebral haemorrhage in hemisphere, unspecified;intracerebral haemorrhage in brain stem;intracerebral haemorrhage in cerebellum;intracerebral haemorrhage, intraventricular;intracerebral haemorrhage, multiple localised;other intracerebral haemorrhage;intracerebral haemorrhage, unspecified",intracerebral haemorrhage,1490.0
209,209,206,M54,Sibutramine,dorsalgia,"dorsalgia;panniculitis affecting regions of neck and back;radiculopathy;cervicalgia;sciatica;lumbago with sciatica;low back pain;pain in thoracic spine;other dorsalgia;dorsalgia, unspecified",dorsalgia,1.0
210,210,207,J60,Setiptiline,coalworker's pneumoconiosis,coalworker's pneumoconiosis,coalworker's pneumoconiosis,0.0
211,211,208,K13,Valsartan,diseases of lip and oral mucosa,"other diseases of lip and oral mucosa;diseases of lips;cheek and lip biting;leukoplakia and other disturbances of oral epithelium, including tongue;hairy leukoplakia;granuloma and granuloma-like lesions of oral mucosa;oral submucous fibrosis;irritative hyperplasia of oral mucosa;other and unspecified lesions of oral mucosa",diseases of lip and oral mucosa,6.0
212,212,209,M54,Dimethyl sulfoxide,dorsalgia,"dorsalgia;panniculitis affecting regions of neck and back;radiculopathy;cervicalgia;sciatica;lumbago with sciatica;low back pain;pain in thoracic spine;other dorsalgia;dorsalgia, unspecified",dorsalgia,12.0
213,213,210,E40,Granisetron,kwashiorkor,kwashiorkor,kwashiorkor,0.0
214,214,211,J18,Limaprost,"pneumonia, organism","pneumonia, organism unspecified;bronchopneumonia, unspecified;lobar pneumonia, unspecified;hypostatic pneumonia, unspecified;other pneumonia, organism unspecified;pneumonia, unspecified","pneumonia, organism",0.0
215,215,212,K73,Pasireotide,"chronic hepatitis, not elsewhere classified","chronic hepatitis, not elsewhere classified;chronic persistent hepatitis, not elsewhere classified;chronic lobular hepatitis, not elsewhere classified;chronic active hepatitis, not elsewhere classified;other chronic hepatitis, not elsewhere classified;chronic hepatitis, unspecified",chronic hepatitis,1.0
216,216,213,A78,Adenosine,q fever,q fever,q fever,8.0
217,217,214,B20,Teriflunomide,human immunodeficiency virus [hiv] disease resulting in infectious and parasitic diseases,human immunodeficiency virus [hiv] disease resulting in infectious and parasitic diseases;hiv disease resulting in mycobacterial infection;hiv disease resulting in other bacterial infections;hiv disease resulting in cytomegaloviral disease;hiv disease resulting in other viral infections;hiv disease resulting in candidiasis;hiv disease resulting in other mycoses;hiv disease resulting in pneumocystis carinii pneumonia;hiv disease resulting in multiple infections;hiv disease resulting in other infectious and parasitic diseases;hiv disease resulting in unspecified infectious or parasitic disease,human immunodeficiency virus [hiv] disease resulting in infectious and parasitic diseases,2.0
218,218,215,M31,Bismuth Subsalicylate,necrotising vasculopathies,"other necrotising vasculopathies;hypersensitivity angiitis;thrombotic microangiopathy;lethal midline granuloma;wegener's granulomatosis;aortic arch syndrome [takayasu];giant cell arteritis with polymyalgia rheumatica;other giant cell arteritis;microscopic polyangiitis;other specified necrotising vasculopathies;necrotising vasculopathy, unspecified",necrotising vasculopathies,0.0
219,219,216,F41,Sotalol,anxiety disorders,"other anxiety disorders;panic disorder [episodic paroxysmal anxiety];generalised anxiety disorder;mixed anxiety and depressive disorder;other mixed anxiety disorders;other specified anxiety disorders;anxiety disorder, unspecified",anxiety disorders,3.0
220,220,217,G73,Ponatinib,disorders of myoneural junction and muscle in diseases classified elsewhere,disorders of myoneural junction and muscle in diseases classified elsewhere;myasthenic syndromes in endocrine diseases;eaton-lambert syndrome;other myasthenic syndromes in neoplastic disease;myasthenic syndromes in other diseases classified elsewhere;myopathy in infectious and parasitic diseases classified elsewhere;myopathy in endocrine diseases;myopathy in metabolic diseases;myopathy other diseases classified elsewhere,disorders of myoneural junction and muscle in diseases classified elsewhere,0.0
221,221,218,D69,Asenapine,purpura and haemorrhagic conditions,"purpura and other haemorrhagic conditions;allergic purpura;qualitative platelet defects;other nonthrombocytopenic purpura;idiopathic thrombocytopenic purpura;other primary thrombocytopenia;secondary thrombocytopenia;thrombocytopenia, unspecified;other specified haemorrhagic conditions;haemorrhagic condition, unspecified",purpura and haemorrhagic conditions,7.0
222,222,219,I84,Riluzole,haemorrhoids,haemorrhoids;internal thrombosed haemorrhoids;internal haemorrhoids with other complications;internal haemorrhoids without complication;external thrombosed haemorrhoids;external haemorrhoids with other complications;external haemorrhoids without complication;residual haemorrhoidal skin tags;unspecified thrombosed haemorrhoids;unspecified haemorrhoids with other complications;unspecified haemorrhoids without complication,haemorrhoids,1.0
223,223,220,E16,Chloroquine,disorders of pancreatic internal secretion,"other disorders of pancreatic internal secretion;drug-induced hypoglycaemia without coma;other hypoglycaemia;hypoglycaemia, unspecified;increased secretion of glucagon;abnormal secretion of gastrin;other specified disorders of pancreatic internal secretion;disorder of pancreatic internal secretion, unspecified",disorders of pancreatic internal secretion,4.0
224,224,221,K51,Amlodipine,ulcerative colitis,"ulcerative colitis;ulcerative (chronic) enterocolitis;ulcerative (chronic) ileocolitis;ulcerative (chronic) proctitis;ulcerative (chronic) rectosigmoiditis;pseudopolyposis of colon;mucosal proctocolitis;other ulcerative colitis;ulcerative colitis, unspecified",ulcerative colitis,4.0
225,225,222,M35,Teniposide,systemic involvement of connective tissue,"other systemic involvement of connective tissue;sicca syndrome [sjogren];other overlap syndromes;behcet's disease;polymyalgia rheumatica;diffuse (eosinophilic) fasciitis;multifocal fibrosclerosis;relapsing panniculitis [weber-christian];hypermobility syndrome;other specified systemic involvement of connective tissue;systemic involvement of connective tissue, unspecified",systemic involvement of connective tissue,0.0
226,226,223,F31,Medrysone,bipolar affective disorder,"bipolar affective disorder;bipolar affective disorder, current episode hypomanic;bipolar affective disorder, current episode manic without psychotic symptoms;bipolar affective disorder, current episode manic with psychotic symptoms;bipolar affective disorder, current episode mild or moderate depression;bipolar affective disorder, current episode severe depression without psychotic symptoms;bipolar affective disorder, current episode severe depression with psychotic symptoms;bipolar affective disorder, current episode mixed;bipolar affective disorder, currently in remission;other bipolar affective disorders;bipolar affective disorder, unspecified",bipolar affective disorder,0.0
227,227,224,E22,Diacerein,hyperfunction of pituitary gland,"hyperfunction of pituitary gland;acromegaly and pituitary gigantism;hyperprolactinaemia;syndrome of inappropriate secretion of antidiuretic hormone;other hyperfunction of pituitary gland;hyperfunction of pituitary gland, unspecified",hyperfunction of pituitary gland,0.0
228,228,225,D07,Micafungin,carcinoma in situ of genital organs,carcinoma in situ of other and unspecified genital organs;endometrium;vulva;vagina;other and unspecified female genital organs;penis;prostate;other and unspecified male genital organs,carcinoma in situ of genital organs,0.0
229,229,226,N96,Spermine,habitual aborter,habitual aborter,habitual aborter,1.0
230,230,227,G20,Demecarium,parkinson's disease,parkinson's disease,parkinson's disease,0.0
231,231,228,C04,Valdecoxib,malignant neoplasm of floor of mouth,"malignant neoplasm of floor of mouth;anterior floor of mouth;lateral floor of mouth;overlapping lesion of floor of mouth;floor of mouth, unspecified",malignant neoplasm of floor of mouth,0.0
232,232,229,D46,Rescinnamine,myelodysplastic syndromes,"myelodysplastic syndromes;refractory anaemia without sideroblasts, so stated;refractory anaemia with sideroblasts;refractory anaemia with excess of blasts;refractory anaemia with excess of blasts with transformation;refractory anaemia, unspecified;refractory anaemia with multi-lineage dysplasia;myelodysplastic syndrome with isolated del(5q) chromosomal abnormality;other myelodysplastic syndromes;myelodysplastic syndrome, unspecified",myelodysplastic syndromes,0.0
233,233,230,F17,Chlorphenesin,mental and behavioural disorders due to use of tobacco,mental and behavioural disorders due to use of tobacco;acute intoxication;harmful use;dependence syndrome;withdrawal state;withdrawal state with delirium;psychotic disorder;amnesic syndrome;residual and late-onset psychotic disorder;other mental and behavioural disorders;unspecified mental and behavioural disorder,mental and behavioural disorders due to use of tobacco,0.0
234,234,231,N05,Fentanyl,minor glomerular abnormality,unspecified nephritic syndrome;minor glomerular abnormality;focal and segmental glomerular lesions;diffuse membranous glomerulonephritis;diffuse mesangial proliferative glomerulonephritis;diffuse endocapillary proliferative glomerulonephritis;diffuse mesangiocapillary glomerulonephritis;dense deposit disease;diffuse crescentic glomerulonephritis;other;unspecified,minor glomerular abnormality,0.0
235,235,232,C61,Etafedrine,malignant neoplasm of prostate,malignant neoplasm of prostate,malignant neoplasm of prostate,0.0
236,236,233,C37,Tiopronin,malignant neoplasm of thymus,malignant neoplasm of thymus,malignant neoplasm of thymus,0.0
237,237,234,M00,Mercaptopurine,pyogenic arthritis,"pyogenic arthritis;staphylococcal arthritis and polyarthritis;pneumococcal arthritis and polyarthritis;other streptococcal arthritis and polyarthritis;arthritis and polyarthritis due to other specified bacterial agents;pyogenic arthritis, unspecified",pyogenic arthritis,37.0
238,238,235,E74,Clenbuterol,disorders of carbohydrate metabolism,"other disorders of carbohydrate metabolism;glycogen storage disease;disorders of fructose metabolism;disorders of galactose metabolism;other disorders of intestinal carbohydrate absorption;disorders of pyruvate metabolism and gluconeogenesis;other specified disorders of carbohydrate metabolism;disorder of carbohydrate metabolism, unspecified",disorders of carbohydrate metabolism,4.0
239,239,236,F34,Hyaluronidase,persistent mood [affective] disorders,"persistent mood [affective] disorders;cyclothymia;dysthymia;other persistent mood [affective] disorders;persistent mood [affective] disorder, unspecified",persistent mood [affective] disorders,0.0
240,240,237,D72,Sertraline,disorders of white blood cells,"other disorders of white blood cells;genetic anomalies of leukocytes;eosinophilia;other specified disorders of white blood cells;disorder of white blood cells, unspecified",disorders of white blood cells,19.0
241,241,238,N62,Pitolisant,hypertrophy of breast,hypertrophy of breast,hypertrophy of breast,0.0
242,242,239,L94,Vandetanib,localised connective tissue disorders,"other localised connective tissue disorders;localised scleroderma [morphea];linear scleroderma;calcinosis cutis;sclerodactyly;gottron's papules;poikiloderma vasculare atrophicans;ainhum;other specified localised connective tissue disorders;localised connective tissue disorder, unspecified",localised connective tissue disorders,0.0
243,243,240,M87,Enzalutamide,osteonecrosis,"osteonecrosis;idiopathic aseptic necrosis of bone;osteonecrosis due to drugs;osteonecrosis due to previous trauma;other secondary osteonecrosis;other osteonecrosis;osteonecrosis, unspecified",osteonecrosis,1.0
244,244,241,I71,Scopolamine,aortic aneurysm and dissection,"aortic aneurysm and dissection;dissection of aorta [any part];thoracic aortic aneurysm, ruptured;thoracic aortic aneurysm, without mention of rupture;abdominal aortic aneurysm, ruptured;abdominal aortic aneurysm, without mention of rupture;thoracoabdominal aortic aneurysm, ruptured;thoracoabdominal aortic aneurysm, without mention of rupture;aortic aneurysm of unspecified site, ruptured;aortic aneurysm of unspecified site, without mention of rupture",aortic aneurysm and dissection,42.0
245,245,242,I64,Aprobarbital,"stroke, not specified as haemorrhage or infarction","stroke, not specified as haemorrhage or infarction",stroke,0.0
246,246,243,D74,Bortezomib,methaemoglobinaemia,"methaemoglobinaemia;congenital methaemoglobinaemia;other methaemoglobinaemias;methaemoglobinaemia, unspecified",methaemoglobinaemia,0.0
247,247,244,H44,Amphetamine,disorders of globe,"disorders of globe;purulent endophthalmitis;other endophthalmitis;degenerative myopia;other degenerative disorders of globe;hypotony of eye;degenerated conditions of globe;retained (old) intraocular foreign body, magnetic;retained (old) intraocular foreign body, nonmagnetic;other disorders of globe;disorder of globe, unspecified",disorders of globe,340.0
248,248,245,A78,Fesoterodine,q fever,q fever,q fever,0.0
249,249,246,L55,Belinostat,sunburn,"sunburn;sunburn of first degree;sunburn of second degree;sunburn of third degree;other sunburn;sunburn, unspecified",sunburn,0.0
250,250,247,D52,Fenofibrate,folate deficiency anaemia,"folate deficiency anaemia;dietary folate deficiency anaemia;drug-induced folate deficiency anaemia;other folate deficiency anaemias;folate deficiency anaemia, unspecified",folate deficiency anaemia,0.0
251,251,248,G41,Promazine,status epilepticus,"status epilepticus;grand mal status epilepticus;petit mal status epilepticus;complex partial status epilepticus;other status epilepticus;status epilepticus, unspecified",status epilepticus,0.0
252,252,249,K83,Meclofenamic acid,diseases of biliary tract,"other diseases of biliary tract;cholangitis;obstruction of bile duct;perforation of bile duct;fistula of bile duct;spasm of sphincter of oddi;biliary cyst;other specified diseases of biliary tract;disease of biliary tract, unspecified",diseases of biliary tract,1.0
253,253,250,E10,Clobetasol propionate,insulin-dependent diabetes mellitus,insulin-dependent diabetes mellitus;with coma;with ketoacidosis;with renal complications;with ophthalmic complications;with neurological complications;with peripheral circulatory complications;with other specified complications;with multiple complications;with unspecified complications;without complications,insulin-dependent diabetes mellitus,1.0
254,254,251,A90,Pilocarpine,dengue fever [classical dengue],dengue fever [classical dengue],dengue fever [classical dengue],0.0
255,255,252,B67,Ketoconazole,echinococcosis,"echinococcosis;echinococcus granulosus infection of liver;echinococcus granulosus infection of lung;echinococcus granulosus infection of bone;echinococcus granulosus infection, other and multiple sites;echinococcus granulosus infection, unspecified;echinococcus multilocularis infection of liver;echinococcus multilocularis infection, other and multiple sites;echinococcus multilocularis infection, unspecified;echinococcosis, unspecified, of liver;echinococcosis, other and unspecified",echinococcosis,2.0
256,256,253,G24,Azacitidine,dystonia,"dystonia;drug-induced dystonia;idiopathic familial dystonia;idiopathic nonfamilial dystonia;spasmodic torticollis;idiopathic orofacial dystonia;blepharospasm;other dystonia;dystonia, unspecified",dystonia,0.0
257,257,254,D69,Lormetazepam,purpura and haemorrhagic conditions,"purpura and other haemorrhagic conditions;allergic purpura;qualitative platelet defects;other nonthrombocytopenic purpura;idiopathic thrombocytopenic purpura;other primary thrombocytopenia;secondary thrombocytopenia;thrombocytopenia, unspecified;other specified haemorrhagic conditions;haemorrhagic condition, unspecified",purpura and haemorrhagic conditions,10.0
258,258,255,J43,Carbocisteine,emphysema,"emphysema;macleod's syndrome;panlobular emphysema;centrilobular emphysema;other emphysema;emphysema, unspecified",emphysema,7.0
259,259,256,F81,Granisetron,specific developmental disorders of scholastic skills,"specific developmental disorders of scholastic skills;specific reading disorder;specific spelling disorder;specific disorder of arithmetical skills;mixed disorder of scholastic skills;other developmental disorders of scholastic skills;developmental disorder of scholastic skills, unspecified",specific developmental disorders of scholastic skills,0.0
260,260,257,E80,Polaprezinc,disorders of porphyrin and bilirubin metabolism,"disorders of porphyrin and bilirubin metabolism;hereditary erythropoietic porphyria;porphyria cutanea tarda;other porphyria;defects of catalase and peroxydase;gilbert's syndrome;crigler-najjar syndrome;other disorders of bilirubin metabolism;disorder of bilirubin metabolism, unspecified",disorders of porphyrin and bilirubin metabolism,0.0
261,261,258,K81,Homosalate,cholecystitis,"cholecystitis;acute cholecystitis;chronic cholecystitis;other cholecystitis;cholecystitis, unspecified",cholecystitis,0.0
262,262,259,C83,Eltrombopag,diffuse non-hodgkin's lymphoma,"diffuse non-hodgkin's lymphoma;small cell (diffuse);small cleaved cell (diffuse);mixed small and large cell (diffuse);large cell (diffuse);immunoblastic (diffuse);lymphoblastic (diffuse);undifferentiated (diffuse);burkitt's tumour;other types of diffuse non-hodgkin's lymphoma;diffuse non-hodgkin's lymphoma, unspecified",diffuse non-hodgkin's lymphoma,2.0
263,263,260,H44,Rescinnamine,disorders of globe,"disorders of globe;purulent endophthalmitis;other endophthalmitis;degenerative myopia;other degenerative disorders of globe;hypotony of eye;degenerated conditions of globe;retained (old) intraocular foreign body, magnetic;retained (old) intraocular foreign body, nonmagnetic;other disorders of globe;disorder of globe, unspecified",disorders of globe,4.0
264,264,261,D61,Epinephrine,aplastic anaemias,"other aplastic anaemias;constitutional aplastic anaemia;drug-induced aplastic anaemia;aplastic anaemia due to other external agents;idiopathic aplastic anaemia;other specified aplastic anaemias;aplastic anaemia, unspecified",aplastic anaemias,12.0
265,265,262,M45,Glycerol Phenylbutyrate,ankylosing spondylitis,ankylosing spondylitis,ankylosing spondylitis,0.0
266,266,263,F43,Bazedoxifene,"reaction to severe stress, and adjustment disorders","reaction to severe stress, and adjustment disorders;acute stress reaction;posttraumatic stress disorder;adjustment disorders;other reactions to severe stress;reaction to severe stress, unspecified","reaction to severe stress, and adjustment disorders",0.0
267,267,264,B18,Isopropamide,chronic viral hepatitis,"chronic viral hepatitis;chronic viral hepatitis b with delta-agent;chronic viral hepatitis b without delta-agent;chronic viral hepatitis c;other chronic viral hepatitis;chronic viral hepatitis, unspecified",chronic viral hepatitis,0.0
268,268,265,G30,Tixocortol,alzheimer's disease,"alzheimer's disease;alzheimer's disease with early onset;alzheimer's disease with late onset;other alzheimer's disease;alzheimer's disease, unspecified",alzheimer's disease,0.0
269,269,266,D75,Vinorelbine,diseases of blood and blood-forming organs,"other diseases of blood and blood-forming organs;familial erythrocytosis;secondary polycythaemia;essential thrombocytosis;other specified diseases of blood and blood-forming organs;disease of blood and blood-forming organs, unspecified",diseases of blood and blood-forming organs,335.0
270,270,267,H34,Ethosuximide,retinal vascular occlusions,"retinal vascular occlusions;transient retinal artery occlusion;central retinal artery occlusion;other retinal artery occlusions;other retinal vascular occlusions;retinal vascular occlusion, unspecified",retinal vascular occlusions,0.0
271,271,268,E53,Pomalidomide,deficiency of b group vitamins,"deficiency of other b group vitamins;riboflavin deficiency;pyridoxine deficiency;deficiency of other specified b group vitamins;vitamin b deficiency, unspecified",deficiency of b group vitamins,0.0
272,272,269,N46,Aripiprazole,male infertility,male infertility,male infertility,7.0
273,273,270,C61,Tenecteplase,malignant neoplasm of prostate,malignant neoplasm of prostate,malignant neoplasm of prostate,0.0
274,274,271,F00,Irbesartan,dementia in alzheimer's disease,"dementia in alzheimer's disease;dementia in alzheimer's disease with early onset;dementia in alzheimer's disease with late onset;dementia in alzheimer's disease, atypical or mixed type;dementia in alzheimer's disease, unspecified",dementia in alzheimer's disease,6.0
275,275,272,D07,Elbasvir,carcinoma in situ of genital organs,carcinoma in situ of other and unspecified genital organs;endometrium;vulva;vagina;other and unspecified female genital organs;penis;prostate;other and unspecified male genital organs,carcinoma in situ of genital organs,0.0
276,276,273,F24,Aprepitant,induced delusional disorder,induced delusional disorder,induced delusional disorder,0.0
277,277,274,L70,Certolizumab pegol,acne,"acne;acne vulgaris;acne conglobata;acne varioliformis;acne tropica;infantile acne;acne excoriee des jeunes filles;other acne;acne, unspecified",acne,4.0
278,278,275,K52,Acenocoumarol,non-infective gastro-enteritis and colitis,"other non-infective gastro-enteritis and colitis;gastro-enteritis and colitis due to radiation;toxic gastro-enteritis and colitis;allergic and dietetic gastro-enteritis and colitis;indeterminate colitis;other specified non-infective gastro-enteritis and colitis;non-infective gastro-enteritis and colitis, unspecified",non-infective gastro-enteritis and colitis,2.0
279,279,276,F91,Gliclazide,conduct disorders,"conduct disorders;conduct disorder confined to the family context;unsocialised conduct disorder;socialised conduct disorder;oppositional defiant disorder;other conduct disorders;conduct disorder, unspecified",conduct disorders,0.0
280,280,277,N46,Quinethazone,male infertility,male infertility,male infertility,0.0
281,281,278,G50,Estramustine,disorders of trigeminal nerve,"disorders of trigeminal nerve;trigeminal neuralgia;atypical facial pain;other disorders of trigeminal nerve;disorder of trigeminal nerve, unspecified",disorders of trigeminal nerve,0.0
282,282,279,E16,Flibanserin,disorders of pancreatic internal secretion,"other disorders of pancreatic internal secretion;drug-induced hypoglycaemia without coma;other hypoglycaemia;hypoglycaemia, unspecified;increased secretion of glucagon;abnormal secretion of gastrin;other specified disorders of pancreatic internal secretion;disorder of pancreatic internal secretion, unspecified",disorders of pancreatic internal secretion,0.0
283,283,280,N32,Arzoxifene,disorders of bladder,"other disorders of bladder;bladder-neck obstruction;vesicointestinal fistula;vesical fistula, not elsewhere classified;diverticulum of bladder;rupture of bladder, nontraumatic;other specified disorders of bladder;bladder disorder, unspecified",disorders of bladder,0.0
284,284,281,L23,Mesalazine,allergic contact dermatitis,"allergic contact dermatitis;allergic contact dermatitis due to metals;allergic contact dermatitis due to adhesives;allergic contact dermatitis due to cosmetics;allergic contact dermatitis due to drugs in contact with the skin;allergic contact dermatitis due to dyes;allergic contact dermatitis due to other chemical products;allergic contact dermatitis due to food in contact with the skin;allergic contact dermatitis due to plants, except food;allergic contact dermatitis due to other agents;allergic contact dermatitis, unspecified cause",allergic contact dermatitis,2.0
285,285,282,M16,Desipramine,coxarthrosis [arthrosis of hip],"coxarthrosis [arthrosis of hip];primary coxarthrosis, bilateral;other primary coxarthrosis;coxarthrosis resulting from dysplasia, bilateral;other dysplastic coxarthrosis;posttraumatic coxarthrosis, bilateral;other posttraumatic coxarthrosis;other secondary coxarthrosis, bilateral;other secondary coxarthrosis;coxarthrosis, unspecified",coxarthrosis [arthrosis of hip],0.0
286,286,283,I60,Sulfanilamide,subarachnoid haemorrhage,"subarachnoid haemorrhage;subarachnoid haemorrhage from carotid siphon and bifurcation;subarachnoid haemorrhage from middle cerebral artery;subarachnoid haemorrhage from anterior communicating artery;subarachnoid haemorrhage from posterior communicating artery;subarachnoid haemorrhage from basilar artery;subarachnoid haemorrhage from vertebral artery;subarachnoid haemorrhage from other intracranial arteries;subarachnoid haemorrhage from intracranial artery, unspecified;other subarachnoid haemorrhage;subarachnoid haemorrhage, unspecified",subarachnoid haemorrhage,7.0
287,287,284,C90,Pancuronium,multiple myeloma and malignant plasma cell neoplasms,"multiple myeloma and malignant plasma cell neoplasms;multiple myeloma;plasma cell leukaemia;plasmacytoma, extramedullary;solitary plasmacytoma",multiple myeloma and malignant plasma cell neoplasms,1.0
288,288,285,L81,Colchicine,disorders of pigmentation,"other disorders of pigmentation;postinflammatory hyperpigmentation;chloasma;freckles;cafe au lait spots;other melanin hyperpigmentation;leukoderma, not elsewhere classified;other disorders of diminished melanin formation;pigmented purpuric dermatosis;other specified disorders of pigmentation;disorder of pigmentation, unspecified",disorders of pigmentation,16.0
289,289,286,L99,Procainamide,disorders of skin and subcutaneous tissue in diseases classified elsewhere,other disorders of skin and subcutaneous tissue in diseases classified elsewhere;amyloidosis of skin;other specified disorders of skin and subcutaneous tissue in diseases classified elsewhere,disorders of skin and subcutaneous tissue in diseases classified elsewhere,18.0
290,290,287,G21,keyhole limpet hemocyanin,secondary parkinsonism,"secondary parkinsonism;malignant neuroleptic syndrome;other drug-induced secondary parkinsonism;secondary parkinsonism due to other external agents;postencephalitic parkinsonism;vascular parkinsonism;other secondary parkinsonism;secondary parkinsonism, unspecified",secondary parkinsonism,0.0
291,291,288,I21,Bismuth Subsalicylate,acute myocardial infarction,"acute myocardial infarction;acute transmural myocardial infarction of anterior wall;acute transmural myocardial infarction of inferior wall;acute transmural myocardial infarction of other sites;acute transmural myocardial infarction of unspecified site;acute subendocardial myocardial infarction;acute myocardial infarction, unspecified;i21.x presumed acute myicardial infaction (unconfirmed)",acute myocardial infarction,0.0
292,292,289,E11,Nevirapine,non-insulin-dependent diabetes mellitus,non-insulin-dependent diabetes mellitus;with coma;with ketoacidosis;with renal complications;with ophthalmic complications;with neurological complications;with peripheral circulatory complications;with other specified complications;with multiple complications;with unspecified complications;without complications,non-insulin-dependent diabetes mellitus,4.0
293,293,290,A85,Chlorphenesin,"viral encephalitis, not elsewhere classified","other viral encephalitis, not elsewhere classified;enteroviral encephalitis;adenoviral encephalitis;arthropod-borne viral encephalitis, unspecified;other specified viral encephalitis",viral encephalitis,0.0
294,294,291,N32,Spironolactone,disorders of bladder,"other disorders of bladder;bladder-neck obstruction;vesicointestinal fistula;vesical fistula, not elsewhere classified;diverticulum of bladder;rupture of bladder, nontraumatic;other specified disorders of bladder;bladder disorder, unspecified",disorders of bladder,7.0
295,295,292,H57,Cyproheptadine,disorders of eye and adnexa,"other disorders of eye and adnexa;anomalies of pupillary function;ocular pain;other specified disorders of eye and adnexa;disorder of eye and adnexa, unspecified",disorders of eye and adnexa,27.0
296,296,293,H10,Dronedarone,conjunctivitis,"conjunctivitis;mucopurulent conjunctivitis;acute atopic conjunctivitis;other acute conjunctivitis;acute conjunctivitis, unspecified;chronic conjunctivitis;blepharoconjunctivitis;other conjunctivitis;conjunctivitis, unspecified",conjunctivitis,0.0
297,297,294,K72,Rifampicin,"hepatic failure, not elsewhere classified","hepatic failure, not elsewhere classified;acute and subacute hepatic failure;chronic hepatic failure;hepatic failure, unspecified",hepatic failure,
298,298,295,E24,Ibudilast,cushing's syndrome,"cushing's syndrome;pituitary-dependent cushing's disease;nelson's syndrome;drug-induced cushing's syndrome;ectopic acth syndrome;alcohol-induced pseudo-cushing's syndrome;other cushing's syndrome;cushing's syndrome, unspecified",cushing's syndrome,0.0
299,299,296,B54,Ropivacaine,unspecified malaria,unspecified malaria,malaria,0.0
300,300,297,K30,Immune Globulin Human,dyspepsia,dyspepsia,dyspepsia,485.0
301,301,298,E63,Hyaluronidase (Human Recombinant),nutritional deficiencies,"other nutritional deficiencies;essential fatty acid [efa] deficiency;imbalance of constituents of food intake;other specified nutritional deficiencies;nutritional deficiency, unspecified",nutritional deficiencies,0.0
302,302,299,K64,Labetalol,haemorrhoids and perianal venous thrombosis,"haemorrhoids and perianal venous thrombosis;first degree haemorrhoids;second degree haemorrhoids;third degree haemorrhoids;fourth degree haemorrhoids;residual haemorrhoidal skin tags;perianal venous thrombosis;other specified haemorrhoids;haemorrhoids,  unspecified",haemorrhoids and perianal venous thrombosis,1.0
303,303,300,E56,Fenfluramine,vitamin deficiencies,"other vitamin deficiencies;deficiency of vitamin e;deficiency of vitamin k;deficiency of other vitamins;vitamin deficiency, unspecified",vitamin deficiencies,6.0
304,304,301,L20,Gimeracil,atopic dermatitis,"atopic dermatitis;besnier's prurigo;other atopic dermatitis;atopic dermatitis, unspecified",atopic dermatitis,0.0
305,305,302,G30,Trifluoperazine,alzheimer's disease,"alzheimer's disease;alzheimer's disease with early onset;alzheimer's disease with late onset;other alzheimer's disease;alzheimer's disease, unspecified",alzheimer's disease,9.0
306,306,303,M32,Quetiapine,systemic lupus erythematosus,"systemic lupus erythematosus;drug-induced systemic lupus erythematosus;systemic lupus erythematosus with organ or system involvement;other forms of systemic lupus erythematosus;systemic lupus erythematosus, unspecified",systemic lupus erythematosus,3.0
307,307,304,C50,Pirbuterol,malignant neoplasm of breast,"malignant neoplasm of breast;nipple and areola;central portion of breast;upper-inner quadrant of breast;lower-inner quadrant of breast;upper-outer quadrant of breast;lower-outer quadrant of breast;axillary tail of breast;overlapping lesion of breast;breast, unspecified",malignant neoplasm of breast,0.0
308,308,305,D68,Choriogonadotropin alfa,coagulation defects,"other coagulation defects;von willebrand's disease;hereditary factor xi deficiency;hereditary deficiency of other clotting factors;haemorrhagic disorder due to circulating anticoagulants;acquired coagulation factor deficiency;primary thrombophilia;other thrombophilia;other specified coagulation defects;coagulation defect, unspecified",coagulation defects,0.0
309,309,306,K72,Foreskin keratinocyte (neonatal),"hepatic failure, not elsewhere classified","hepatic failure, not elsewhere classified;acute and subacute hepatic failure;chronic hepatic failure;hepatic failure, unspecified",hepatic failure,0.0
310,310,307,C74,Tocainide,malignant neoplasm of adrenal gland,"malignant neoplasm of adrenal gland;cortex of adrenal gland;medulla of adrenal gland;adrenal gland, unspecified",malignant neoplasm of adrenal gland,0.0
311,311,308,B47,Paramethasone,mycetoma,"mycetoma;eumycetoma;actinomycetoma;mycetoma, unspecified",mycetoma,0.0
312,312,309,G98,Isavuconazonium,"disorders of nervous system, not elsewhere classified","other disorders of nervous system, not elsewhere classified",disorders of nervous system,2.0
313,313,310,L99,Finasteride,disorders of skin and subcutaneous tissue in diseases classified elsewhere,other disorders of skin and subcutaneous tissue in diseases classified elsewhere;amyloidosis of skin;other specified disorders of skin and subcutaneous tissue in diseases classified elsewhere,disorders of skin and subcutaneous tissue in diseases classified elsewhere,124.0
314,314,311,E72,"Antihemophilic factor, human recombinant",disorders of amino-acid metabolism,"other disorders of amino-acid metabolism;disorders of amino-acid transport;disorders of sulphur-bearing amino-acid metabolism;disorders of urea cycle metabolism;disorders of lysine and hydroxylysine metabolism;disorders of ornithine metabolism;disorders of glycine metabolism;other specified disorders of amino-acid metabolism;disorder of amino-acid metabolism, unspecified",disorders of amino-acid metabolism,24.0
315,315,312,H30,Pirlindole,chorioretinal inflammation,"chorioretinal inflammation;focal chorioretinal inflammation;disseminated chorioretinal inflammation;posterior cyclitis;other chorioretinal inflammations;chorioretinal inflammation, unspecified",chorioretinal inflammation,0.0
316,316,313,M35,Irinotecan,systemic involvement of connective tissue,"other systemic involvement of connective tissue;sicca syndrome [sjogren];other overlap syndromes;behcet's disease;polymyalgia rheumatica;diffuse (eosinophilic) fasciitis;multifocal fibrosclerosis;relapsing panniculitis [weber-christian];hypermobility syndrome;other specified systemic involvement of connective tissue;systemic involvement of connective tissue, unspecified",systemic involvement of connective tissue,1.0
317,317,314,N20,Ethinyl Estradiol,calculus of kidney and ureter,"calculus of kidney and ureter;calculus of kidney;calculus of ureter;calculus of kidney with calculus of ureter;urinary calculus, unspecified",calculus of kidney and ureter,7.0
318,318,315,M31,Bevantolol,necrotising vasculopathies,"other necrotising vasculopathies;hypersensitivity angiitis;thrombotic microangiopathy;lethal midline granuloma;wegener's granulomatosis;aortic arch syndrome [takayasu];giant cell arteritis with polymyalgia rheumatica;other giant cell arteritis;microscopic polyangiitis;other specified necrotising vasculopathies;necrotising vasculopathy, unspecified",necrotising vasculopathies,
319,319,316,L30,Methotrexate,dermatitis,"other dermatitis;nummular dermatitis;dyshidrosis [pompholyx];cutaneous autosensitisation;infective dermatitis;erythema intertrigo;pityriasis alba;other specified dermatitis;dermatitis, unspecified",dermatitis,861.0
320,320,317,C74,Midazolam,malignant neoplasm of adrenal gland,"malignant neoplasm of adrenal gland;cortex of adrenal gland;medulla of adrenal gland;adrenal gland, unspecified",malignant neoplasm of adrenal gland,14.0
321,321,318,K13,Norgestimate,diseases of lip and oral mucosa,"other diseases of lip and oral mucosa;diseases of lips;cheek and lip biting;leukoplakia and other disturbances of oral epithelium, including tongue;hairy leukoplakia;granuloma and granuloma-like lesions of oral mucosa;oral submucous fibrosis;irritative hyperplasia of oral mucosa;other and unspecified lesions of oral mucosa",diseases of lip and oral mucosa,2.0
322,322,319,D68,Cryptenamine,coagulation defects,"other coagulation defects;von willebrand's disease;hereditary factor xi deficiency;hereditary deficiency of other clotting factors;haemorrhagic disorder due to circulating anticoagulants;acquired coagulation factor deficiency;primary thrombophilia;other thrombophilia;other specified coagulation defects;coagulation defect, unspecified",coagulation defects,0.0
323,323,320,E16,Paclitaxel,disorders of pancreatic internal secretion,"other disorders of pancreatic internal secretion;drug-induced hypoglycaemia without coma;other hypoglycaemia;hypoglycaemia, unspecified;increased secretion of glucagon;abnormal secretion of gastrin;other specified disorders of pancreatic internal secretion;disorder of pancreatic internal secretion, unspecified",disorders of pancreatic internal secretion,17.0
324,324,321,C03,Medroxyprogesterone acetate,malignant neoplasm of gum,"malignant neoplasm of gum;upper gum;lower gum;gum, unspecified",malignant neoplasm of gum,0.0
325,325,322,C03,Rosuvastatin,malignant neoplasm of gum,"malignant neoplasm of gum;upper gum;lower gum;gum, unspecified",malignant neoplasm of gum,0.0
326,326,323,E53,Lacosamide,deficiency of b group vitamins,"deficiency of other b group vitamins;riboflavin deficiency;pyridoxine deficiency;deficiency of other specified b group vitamins;vitamin b deficiency, unspecified",deficiency of b group vitamins,0.0
327,327,324,M00,Naloxegol,pyogenic arthritis,"pyogenic arthritis;staphylococcal arthritis and polyarthritis;pneumococcal arthritis and polyarthritis;other streptococcal arthritis and polyarthritis;arthritis and polyarthritis due to other specified bacterial agents;pyogenic arthritis, unspecified",pyogenic arthritis,0.0
328,328,325,K64,Palbociclib,haemorrhoids and perianal venous thrombosis,"haemorrhoids and perianal venous thrombosis;first degree haemorrhoids;second degree haemorrhoids;third degree haemorrhoids;fourth degree haemorrhoids;residual haemorrhoidal skin tags;perianal venous thrombosis;other specified haemorrhoids;haemorrhoids,  unspecified",haemorrhoids and perianal venous thrombosis,0.0
329,329,326,K83,Clofibrate,diseases of biliary tract,"other diseases of biliary tract;cholangitis;obstruction of bile duct;perforation of bile duct;fistula of bile duct;spasm of sphincter of oddi;biliary cyst;other specified diseases of biliary tract;disease of biliary tract, unspecified",diseases of biliary tract,
330,330,327,F14,Dihydroergotamine,mental and behavioural disorders due to use of cocaine,mental and behavioural disorders due to use of cocaine;acute intoxication;harmful use;dependence syndrome;withdrawal state;withdrawal state with delirium;psychotic disorder;amnesic syndrome;residual and late-onset psychotic disorder;other mental and behavioural disorders;unspecified mental and behavioural disorder,mental and behavioural disorders due to use of cocaine,0.0
331,331,328,J62,Formoterol,pneumoconiosis due to dust containing silica,pneumoconiosis due to dust containing silica;pneumoconiosis due to talc dust;pneumoconiosis due to other dust containing silica,pneumoconiosis due to dust containing silica,0.0
332,332,329,C92,Pizotifen,myeloid leukaemia,"myeloid leukaemia;acute myeloid leukaemia;chronic myeloid leukaemia;subacute myeloid leukaemia;myeloid sarcoma;acute promyelocytic leukaemia;acute myelomonocytic leukaemia;acute myeloid leukaemia with 11q23-abnormality;other myeloid leukaemia;acute myeloid leukaemia with multilineage dysplasia;myeloid leukaemia, unspecified",myeloid leukaemia,0.0
333,333,330,K73,Mexiletine,"chronic hepatitis, not elsewhere classified","chronic hepatitis, not elsewhere classified;chronic persistent hepatitis, not elsewhere classified;chronic lobular hepatitis, not elsewhere classified;chronic active hepatitis, not elsewhere classified;other chronic hepatitis, not elsewhere classified;chronic hepatitis, unspecified",chronic hepatitis,1.0
334,334,331,J41,Levonorgestrel,simple and mucopurulent chronic bronchitis,simple and mucopurulent chronic bronchitis;simple chronic bronchitis;mucopurulent chronic bronchitis;mixed simple and mucopurulent chronic bronchitis,simple and mucopurulent chronic bronchitis,0.0
335,335,332,N03,Rivaroxaban,chronic nephritic syndrome,chronic nephritic syndrome;minor glomerular abnormality;focal and segmental glomerular lesions;diffuse membranous glomerulonephritis;diffuse mesangial proliferative glomerulonephritis;diffuse endocapillary proliferative glomerulonephritis;diffuse mesangiocapillary glomerulonephritis;dense deposit disease;diffuse crescentic glomerulonephritis;other;unspecified,chronic nephritic syndrome,0.0
336,336,333,L99,Fish oil,disorders of skin and subcutaneous tissue in diseases classified elsewhere,other disorders of skin and subcutaneous tissue in diseases classified elsewhere;amyloidosis of skin;other specified disorders of skin and subcutaneous tissue in diseases classified elsewhere,disorders of skin and subcutaneous tissue in diseases classified elsewhere,254.0
337,337,334,E23,Droperidol,hypofunction and disorders of pituitary gland,"hypofunction and other disorders of pituitary gland;hypopituitarism;drug-induced hypopituitarism;diabetes insipidus;hypothalamic dysfunction, not elsewhere classified;other disorders of pituitary gland;disorder of pituitary gland, unspecified",hypofunction and disorders of pituitary gland,0.0
338,338,335,I27,Histamine,pulmonary heart diseases,"other pulmonary heart diseases;primary pulmonary hypertension;kyphoscoliotic heart disease;other secondary pulmonary hypertension;other specified pulmonary heart diseases;pulmonary heart disease, unspecified",pulmonary heart diseases,115.0
339,339,336,H15,Mirtazapine,disorders of sclera,"disorders of sclera;scleritis;episcleritis;other disorders of sclera;disorder of sclera, unspecified",disorders of sclera,0.0
340,340,337,G59,Bupranolol,mononeuropathy in diseases classified elsewhere,mononeuropathy in diseases classified elsewhere;diabetic mononeuropathy;other mononeuropathies in diseases classified elsewhere,mononeuropathy in diseases classified elsewhere,0.0
341,341,338,I95,Clofibrate,hypotension,"hypotension;idiopathic hypotension;orthostatic hypotension;hypotension due to drugs;other hypotension;hypotension, unspecified",hypotension,123.0
342,342,339,E25,Clevidipine,adrenogenital disorders,"adrenogenital disorders;congenital adrenogenital disorders associated with enzyme deficiency;other adrenogenital disorders;adrenogenital disorder, unspecified",adrenogenital disorders,0.0
343,343,340,A15,Epoprostenol,"respiratory tuberculosis, bacteriologically and histologically confirmed","respiratory tuberculosis, bacteriologically and histologically confirmed;tuberculosis of lung, confirmed by sputum microscopy with or without culture;tuberculosis of lung, confirmed by culture only;tuberculosis of lung, confirmed histologically;tuberculosis of lung, confirmed by unspecified means;tuberculosis of intrathoracic lymph nodes, confirmed bacteriologically and histologically;tuberculosis of larynx, trachea and bronchus, confirmed bacteriologically and histologically;tuberculous pleurisy, confirmed bacteriologically and histologically;primary respiratory tuberculosis, confirmed bacteriologically and histologically;other respiratory tuberculosis, confirmed bacteriologically and histologically;respiratory tuberculosis unspecified, confirmed bacteriologically and histologically","respiratory tuberculosis, bacteriologically and histologically confirmed",11.0
344,344,341,G70,Promazine,myasthenia gravis and myoneural disorders,"myasthenia gravis and other myoneural disorders;myasthenia gravis;toxic myoneural disorders;congenital and developmental myasthenia;other specified myoneural disorders;myoneural disorder, unspecified",myasthenia gravis and myoneural disorders,10.0
345,345,342,G57,Oxybutynin,mononeuropathies of lower limb,"mononeuropathies of lower limb;lesion of sciatic nerve;meralgia paraesthetica;lesion of femoral nerve;lesion of lateral popliteal nerve;lesion of medial popliteal nerve;tarsal tunnel syndrome;lesion of plantar nerve;other mononeuropathies of lower limb;mononeuropathy of lower limb, unspecified",mononeuropathies of lower limb,0.0
346,346,343,M31,Salicylic acid,necrotising vasculopathies,"other necrotising vasculopathies;hypersensitivity angiitis;thrombotic microangiopathy;lethal midline granuloma;wegener's granulomatosis;aortic arch syndrome [takayasu];giant cell arteritis with polymyalgia rheumatica;other giant cell arteritis;microscopic polyangiitis;other specified necrotising vasculopathies;necrotising vasculopathy, unspecified",necrotising vasculopathies,65.0
347,347,344,L99,Mitoxantrone,disorders of skin and subcutaneous tissue in diseases classified elsewhere,other disorders of skin and subcutaneous tissue in diseases classified elsewhere;amyloidosis of skin;other specified disorders of skin and subcutaneous tissue in diseases classified elsewhere,disorders of skin and subcutaneous tissue in diseases classified elsewhere,50.0
348,348,345,I20,Magnesium salicylate,angina pectoris,"angina pectoris;unstable angina;angina pectoris with documented spasm;other forms of angina pectoris;angina pectoris, unspecified",angina pectoris,0.0
349,349,346,I67,Palonosetron,cerebrovascular diseases,"other cerebrovascular diseases;dissection of cerebral arteries, nonruptured;cerebral aneurysm, nonruptured;cerebral atherosclerosis;progressive vascular leukoencephalopathy;hypertensive encephalopathy;moyamoya disease;nonpyogenic thrombosis of intracranial venous system;cerebral arteritis, not elsewhere classified;other specified cerebrovascular diseases;cerebrovascular disease, unspecified",cerebrovascular diseases,0.0
350,350,347,L99,Glycyrrhizic acid,disorders of skin and subcutaneous tissue in diseases classified elsewhere,other disorders of skin and subcutaneous tissue in diseases classified elsewhere;amyloidosis of skin;other specified disorders of skin and subcutaneous tissue in diseases classified elsewhere,disorders of skin and subcutaneous tissue in diseases classified elsewhere,39.0
351,351,348,D46,Hydrogen peroxide,myelodysplastic syndromes,"myelodysplastic syndromes;refractory anaemia without sideroblasts, so stated;refractory anaemia with sideroblasts;refractory anaemia with excess of blasts;refractory anaemia with excess of blasts with transformation;refractory anaemia, unspecified;refractory anaemia with multi-lineage dysplasia;myelodysplastic syndrome with isolated del(5q) chromosomal abnormality;other myelodysplastic syndromes;myelodysplastic syndrome, unspecified",myelodysplastic syndromes,21.0
352,352,349,H57,Apomorphine,disorders of eye and adnexa,"other disorders of eye and adnexa;anomalies of pupillary function;ocular pain;other specified disorders of eye and adnexa;disorder of eye and adnexa, unspecified",disorders of eye and adnexa,49.0
353,353,350,A05,Neratinib,bacterial foodborne intoxications,"other bacterial foodborne intoxications;foodborne staphylococcal intoxication;botulism;foodborne clostridium perfringens [clostridium welchii] intoxication;foodborne vibrio parahaemolyticus intoxication;foodborne bacillus cereus intoxication;other specified bacterial foodborne intoxications;bacterial foodborne intoxication, unspecified",bacterial foodborne intoxications,0.0
354,354,351,F42,Rivastigmine,obsessive-compulsive disorder,"obsessive-compulsive disorder;predominantly obsessional thoughts or ruminations;predominantly compulsive acts [obsessional rituals];mixed obsessional thoughts and acts;other obsessive-compulsive disorders;obsessive-compulsive disorder, unspecified",obsessive-compulsive disorder,1.0
355,355,352,K92,Pemetrexed,diseases of digestive system,"other diseases of digestive system;haematemesis;melaena;gastro-intestinal haemorrhage, unspecified;other specified diseases of digestive system;disease of digestive system, unspecified",diseases of digestive system,10.0
356,356,353,I67,Ticlopidine,cerebrovascular diseases,"other cerebrovascular diseases;dissection of cerebral arteries, nonruptured;cerebral aneurysm, nonruptured;cerebral atherosclerosis;progressive vascular leukoencephalopathy;hypertensive encephalopathy;moyamoya disease;nonpyogenic thrombosis of intracranial venous system;cerebral arteritis, not elsewhere classified;other specified cerebrovascular diseases;cerebrovascular disease, unspecified",cerebrovascular diseases,2613.0
357,357,354,N04,Debrisoquin,nephrotic syndrome,nephrotic syndrome;minor glomerular abnormality;focal and segmental glomerular lesions;diffuse membranous glomerulonephritis;diffuse mesangial proliferative glomerulonephritis;diffuse endocapillary proliferative glomerulonephritis;diffuse mesangiocapillary glomerulonephritis;dense deposit disease;diffuse crescentic glomerulonephritis;other;unspecified,nephrotic syndrome,0.0
358,358,355,C83,Nisoldipine,diffuse non-hodgkin's lymphoma,"diffuse non-hodgkin's lymphoma;small cell (diffuse);small cleaved cell (diffuse);mixed small and large cell (diffuse);large cell (diffuse);immunoblastic (diffuse);lymphoblastic (diffuse);undifferentiated (diffuse);burkitt's tumour;other types of diffuse non-hodgkin's lymphoma;diffuse non-hodgkin's lymphoma, unspecified",diffuse non-hodgkin's lymphoma,0.0
359,359,356,I71,Ropivacaine,aortic aneurysm and dissection,"aortic aneurysm and dissection;dissection of aorta [any part];thoracic aortic aneurysm, ruptured;thoracic aortic aneurysm, without mention of rupture;abdominal aortic aneurysm, ruptured;abdominal aortic aneurysm, without mention of rupture;thoracoabdominal aortic aneurysm, ruptured;thoracoabdominal aortic aneurysm, without mention of rupture;aortic aneurysm of unspecified site, ruptured;aortic aneurysm of unspecified site, without mention of rupture",aortic aneurysm and dissection,92.0
360,360,357,N12,Chlorphenesin,"tubulo-interstitial nephritis, not specified as acute or chronic","tubulo-interstitial nephritis, not specified as acute or chronic",tubulo-interstitial nephritis,0.0
361,361,358,H20,Losartan,iridocyclitis,"iridocyclitis;acute and subacute iridocyclitis;chronic iridocyclitis;lens-induced iridocyclitis;other iridocyclitis;iridocyclitis, unspecified",iridocyclitis,0.0
362,362,359,F16,Zolpidem,mental and behavioural disorders due to use of hallucinogens,mental and behavioural disorders due to use of hallucinogens;acute intoxication;harmful use;dependence syndrome;withdrawal state;withdrawal state with delirium;psychotic disorder;amnesic syndrome;residual and late-onset psychotic disorder;other mental and behavioural disorders;unspecified mental and behavioural disorder,mental and behavioural disorders due to use of hallucinogens,6.0
363,363,360,K92,Thiabendazole,diseases of digestive system,"other diseases of digestive system;haematemesis;melaena;gastro-intestinal haemorrhage, unspecified;other specified diseases of digestive system;disease of digestive system, unspecified",diseases of digestive system,50.0
364,364,361,C91,Ketoconazole,lymphoid leukaemia,"lymphoid leukaemia;acute lymphoblastic leukaemia;chronic lymphocytic leukaemia;subacute lymphocytic leukaemia;prolymphocytic leukaemia;hairy-cell leukaemia;adult t-cell leukaemia;prolymphocytic leukaemia of t-cell type;other lymphoid leukaemia;mature b-cell leukaemia burkitt-type;lymphoid leukaemia, unspecified",lymphoid leukaemia,30.0
365,365,362,H20,Coagulation Factor IX Human,iridocyclitis,"iridocyclitis;acute and subacute iridocyclitis;chronic iridocyclitis;lens-induced iridocyclitis;other iridocyclitis;iridocyclitis, unspecified",iridocyclitis,0.0
366,366,363,G10,Oxytocin,huntington's disease,huntington's disease,huntington's disease,25.0
367,367,364,K64,Clofibrate,haemorrhoids and perianal venous thrombosis,"haemorrhoids and perianal venous thrombosis;first degree haemorrhoids;second degree haemorrhoids;third degree haemorrhoids;fourth degree haemorrhoids;residual haemorrhoidal skin tags;perianal venous thrombosis;other specified haemorrhoids;haemorrhoids,  unspecified",haemorrhoids and perianal venous thrombosis,1.0
368,368,365,I77,Diphenylpyraline,disorders of arteries and arterioles,"other disorders of arteries and arterioles;arteriovenous fistula, acquired;stricture of artery;rupture of artery;arterial fibromuscular dysplasia;coeliac artery compression syndrome;necrosis of artery;arteritis, unspecified;other specified disorders of arteries and arterioles;disorder of arteries and arterioles, unspecified",disorders of arteries and arterioles,0.0
369,369,366,G41,Clozapine,status epilepticus,"status epilepticus;grand mal status epilepticus;petit mal status epilepticus;complex partial status epilepticus;other status epilepticus;status epilepticus, unspecified",status epilepticus,17.0
370,370,367,I21,Glimepiride,acute myocardial infarction,"acute myocardial infarction;acute transmural myocardial infarction of anterior wall;acute transmural myocardial infarction of inferior wall;acute transmural myocardial infarction of other sites;acute transmural myocardial infarction of unspecified site;acute subendocardial myocardial infarction;acute myocardial infarction, unspecified;i21.x presumed acute myicardial infaction (unconfirmed)",acute myocardial infarction,16.0
371,371,368,F30,Trihexyphenidyl,manic episode,"manic episode;hypomania;mania without psychotic symptoms;mania with psychotic symptoms;other manic episodes;manic episode, unspecified",manic episode,3.0
372,372,369,B20,Clotiazepam,human immunodeficiency virus [hiv] disease resulting in infectious and parasitic diseases,human immunodeficiency virus [hiv] disease resulting in infectious and parasitic diseases;hiv disease resulting in mycobacterial infection;hiv disease resulting in other bacterial infections;hiv disease resulting in cytomegaloviral disease;hiv disease resulting in other viral infections;hiv disease resulting in candidiasis;hiv disease resulting in other mycoses;hiv disease resulting in pneumocystis carinii pneumonia;hiv disease resulting in multiple infections;hiv disease resulting in other infectious and parasitic diseases;hiv disease resulting in unspecified infectious or parasitic disease,human immunodeficiency virus [hiv] disease resulting in infectious and parasitic diseases,0.0
373,373,370,L26,Cholecalciferol,exfoliative dermatitis,exfoliative dermatitis,exfoliative dermatitis,4.0
374,374,371,A01,Zotepine,typhoid and paratyphoid fevers,"typhoid and paratyphoid fevers;typhoid fever;paratyphoid fever a;paratyphoid fever b;paratyphoid fever c;paratyphoid fever, unspecified",typhoid and paratyphoid fevers,0.0
375,375,372,J30,Velpatasvir,vasomotor and allergic rhinitis,"vasomotor and allergic rhinitis;vasomotor rhinitis;allergic rhinitis due to pollen;other seasonal allergic rhinitis;other allergic rhinitis;allergic rhinitis, unspecified",vasomotor and allergic rhinitis,0.0
376,376,373,F00,Rosuvastatin,dementia in alzheimer's disease,"dementia in alzheimer's disease;dementia in alzheimer's disease with early onset;dementia in alzheimer's disease with late onset;dementia in alzheimer's disease, atypical or mixed type;dementia in alzheimer's disease, unspecified",dementia in alzheimer's disease,21.0
377,377,374,M77,Menthol,enthesopathies,"other enthesopathies;medial epicondylitis;lateral epicondylitis;periarthritis of wrist;calcaneal spur;metatarsalgia;other enthesopathy of foot;other enthesopathies, not elsewhere classified;enthesopathy, unspecified",enthesopathies,0.0
378,378,375,M35,Ursodeoxycholic acid,systemic involvement of connective tissue,"other systemic involvement of connective tissue;sicca syndrome [sjogren];other overlap syndromes;behcet's disease;polymyalgia rheumatica;diffuse (eosinophilic) fasciitis;multifocal fibrosclerosis;relapsing panniculitis [weber-christian];hypermobility syndrome;other specified systemic involvement of connective tissue;systemic involvement of connective tissue, unspecified",systemic involvement of connective tissue,0.0
379,379,376,D61,Glycine,aplastic anaemias,"other aplastic anaemias;constitutional aplastic anaemia;drug-induced aplastic anaemia;aplastic anaemia due to other external agents;idiopathic aplastic anaemia;other specified aplastic anaemias;aplastic anaemia, unspecified",aplastic anaemias,26.0
380,380,377,B18,Diphenoxylate,chronic viral hepatitis,"chronic viral hepatitis;chronic viral hepatitis b with delta-agent;chronic viral hepatitis b without delta-agent;chronic viral hepatitis c;other chronic viral hepatitis;chronic viral hepatitis, unspecified",chronic viral hepatitis,0.0
381,381,378,B86,Alitretinoin,scabies,scabies,scabies,0.0
382,382,379,H36,Scopolamine,retinal disorders in diseases classified elsewhere,retinal disorders in diseases classified elsewhere;diabetic retinopathy;other retinal disorders in diseases classified elsewhere,retinal disorders in diseases classified elsewhere,0.0
383,383,380,M66,Abatacept,spontaneous rupture of synovium and tendon,spontaneous rupture of synovium and tendon;rupture of popliteal cyst;rupture of synovium;spontaneous rupture of extensor tendons;spontaneous rupture of flexor tendons;spontaneous rupture of other tendons;spontaneous rupture of unspecified tendon,spontaneous rupture of synovium and tendon,16.0
384,384,381,M16,Pyridostigmine,coxarthrosis [arthrosis of hip],"coxarthrosis [arthrosis of hip];primary coxarthrosis, bilateral;other primary coxarthrosis;coxarthrosis resulting from dysplasia, bilateral;other dysplastic coxarthrosis;posttraumatic coxarthrosis, bilateral;other posttraumatic coxarthrosis;other secondary coxarthrosis, bilateral;other secondary coxarthrosis;coxarthrosis, unspecified",coxarthrosis [arthrosis of hip],0.0
385,385,382,F52,Menadione,"sexual dysfunction, not caused by organic disorder or disease","sexual dysfunction, not caused by organic disorder or disease;lack or loss of sexual desire;sexual aversion and lack of sexual enjoyment;failure of genital response;orgasmic dysfunction;premature ejaculation;nonorganic vaginismus;nonorganic dyspareunia;excessive sexual drive;other sexual dysfunction, not caused by organic disorder or disease;unspecified sexual dysfunction, not caused by organic disorder or disease",sexual dysfunction,0.0
386,386,383,E25,Conjugated estrogens,adrenogenital disorders,"adrenogenital disorders;congenital adrenogenital disorders associated with enzyme deficiency;other adrenogenital disorders;adrenogenital disorder, unspecified",adrenogenital disorders,0.0
387,387,384,I47,Ethopropazine,paroxysmal tachycardia,"paroxysmal tachycardia;reentry ventricular arrhythmia;supraventricular tachycardia;ventricular tachycardia;paroxysmal tachycardia, unspecified",paroxysmal tachycardia,0.0
388,388,385,H36,Tetracosactide,retinal disorders in diseases classified elsewhere,retinal disorders in diseases classified elsewhere;diabetic retinopathy;other retinal disorders in diseases classified elsewhere,retinal disorders in diseases classified elsewhere,0.0
389,389,386,D69,"Interferon Alfa-2a, Recombinant",purpura and haemorrhagic conditions,"purpura and other haemorrhagic conditions;allergic purpura;qualitative platelet defects;other nonthrombocytopenic purpura;idiopathic thrombocytopenic purpura;other primary thrombocytopenia;secondary thrombocytopenia;thrombocytopenia, unspecified;other specified haemorrhagic conditions;haemorrhagic condition, unspecified",purpura and haemorrhagic conditions,1702.0
390,390,387,J61,Dasabuvir,pneumoconiosis due to asbestos and mineral fibres,pneumoconiosis due to asbestos and other mineral fibres,pneumoconiosis due to asbestos and mineral fibres,0.0
391,391,388,J60,Tamibarotene,coalworker's pneumoconiosis,coalworker's pneumoconiosis,coalworker's pneumoconiosis,0.0
392,392,389,G64,Nizatidine,disorders of peripheral nervous system,other disorders of peripheral nervous system,disorders of peripheral nervous system,0.0
393,393,390,N18,Tocofersolan,chronic renal failure,"chronic renal failure;end-stage renal disease;chronic kidney disease, stage 1;chronic kidney disease, stage 2;chronic kidney disease, stage 3;chronic kidney disease, stage 4;chronic kidney disease, stage 5;other chronic renal failure;chronic renal failure, unspecified",chronic renal failure,0.0
394,394,391,H44,Propiverine,disorders of globe,"disorders of globe;purulent endophthalmitis;other endophthalmitis;degenerative myopia;other degenerative disorders of globe;hypotony of eye;degenerated conditions of globe;retained (old) intraocular foreign body, magnetic;retained (old) intraocular foreign body, nonmagnetic;other disorders of globe;disorder of globe, unspecified",disorders of globe,1.0
395,395,392,D69,Cyclosporine,purpura and haemorrhagic conditions,"purpura and other haemorrhagic conditions;allergic purpura;qualitative platelet defects;other nonthrombocytopenic purpura;idiopathic thrombocytopenic purpura;other primary thrombocytopenia;secondary thrombocytopenia;thrombocytopenia, unspecified;other specified haemorrhagic conditions;haemorrhagic condition, unspecified",purpura and haemorrhagic conditions,8784.0
396,396,393,M10,Suprofen,gout,"gout;idiopathic gout;lead-induced gout;drug-induced gout;gout due to impairment of renal function;other secondary gout;gout, unspecified",gout,1.0
397,397,394,F31,Acetylcysteine,bipolar affective disorder,"bipolar affective disorder;bipolar affective disorder, current episode hypomanic;bipolar affective disorder, current episode manic without psychotic symptoms;bipolar affective disorder, current episode manic with psychotic symptoms;bipolar affective disorder, current episode mild or moderate depression;bipolar affective disorder, current episode severe depression without psychotic symptoms;bipolar affective disorder, current episode severe depression with psychotic symptoms;bipolar affective disorder, current episode mixed;bipolar affective disorder, currently in remission;other bipolar affective disorders;bipolar affective disorder, unspecified",bipolar affective disorder,116.0
398,398,395,E53,Azacitidine,deficiency of b group vitamins,"deficiency of other b group vitamins;riboflavin deficiency;pyridoxine deficiency;deficiency of other specified b group vitamins;vitamin b deficiency, unspecified",deficiency of b group vitamins,0.0
399,399,396,K92,Carprofen,diseases of digestive system,"other diseases of digestive system;haematemesis;melaena;gastro-intestinal haemorrhage, unspecified;other specified diseases of digestive system;disease of digestive system, unspecified",diseases of digestive system,14.0
400,400,397,F91,Secobarbital,conduct disorders,"conduct disorders;conduct disorder confined to the family context;unsocialised conduct disorder;socialised conduct disorder;oppositional defiant disorder;other conduct disorders;conduct disorder, unspecified",conduct disorders,0.0
401,401,398,G24,Dezocine,dystonia,"dystonia;drug-induced dystonia;idiopathic familial dystonia;idiopathic nonfamilial dystonia;spasmodic torticollis;idiopathic orofacial dystonia;blepharospasm;other dystonia;dystonia, unspecified",dystonia,0.0
402,402,399,G10,Fluorometholone,huntington's disease,huntington's disease,huntington's disease,0.0
403,403,400,K13,Quinestrol,diseases of lip and oral mucosa,"other diseases of lip and oral mucosa;diseases of lips;cheek and lip biting;leukoplakia and other disturbances of oral epithelium, including tongue;hairy leukoplakia;granuloma and granuloma-like lesions of oral mucosa;oral submucous fibrosis;irritative hyperplasia of oral mucosa;other and unspecified lesions of oral mucosa",diseases of lip and oral mucosa,0.0
404,404,401,G24,Polyestradiol phosphate,dystonia,"dystonia;drug-induced dystonia;idiopathic familial dystonia;idiopathic nonfamilial dystonia;spasmodic torticollis;idiopathic orofacial dystonia;blepharospasm;other dystonia;dystonia, unspecified",dystonia,0.0
405,405,402,K76,Cilostazol,diseases of liver,"other diseases of liver;fatty (change of) liver, not elsewhere classified;chronic passive congestion of liver;central haemorrhagic necrosis of liver;infarction of liver;peliosis hepatis;hepatic veno-occlusive disease;portal hypertension;hepatorenal syndrome;other specified diseases of liver;liver disease, unspecified",diseases of liver,40.0
406,406,403,L95,Phenylbutyric acid,"vasculitis limited to skin, not elsewhere classified","vasculitis limited to skin, not elsewhere classified;livedoid vasculitis;erythema elevatum diutinum;other vasculitis limited to skin;vasculitis limited to skin, unspecified",vasculitis limited to skin,0.0
407,407,404,L26,Defibrotide,exfoliative dermatitis,exfoliative dermatitis,exfoliative dermatitis,0.0
408,408,405,N95,Remifentanil,menopausal and perimenopausal disorders,"menopausal and other perimenopausal disorders;postmenopausal bleeding;menopausal and female climacteric states;postmenopausal atrophic vaginitis;states associated with artificial menopause;other specified menopausal and perimenopausal disorders;menopausal and perimenopausal disorder, unspecified",menopausal and perimenopausal disorders,0.0
409,409,406,F24,Trilostane,induced delusional disorder,induced delusional disorder,induced delusional disorder,0.0
410,410,407,K20,Naloxone,oesophagitis,oesophagitis,oesophagitis,49.0
411,411,408,G25,Methylprednisolone,extrapyramidal and movement disorders,"other extrapyramidal and movement disorders;essential tremor;drug-induced tremor;other specified forms of tremor;myoclonus;drug-induced chorea;other chorea;drug-induced tics and other tics of organic origin;other specified extrapyramidal and movement disorders;extrapyramidal and movement disorder, unspecified",extrapyramidal and movement disorders,234.0
412,412,409,A81,Ginkgo biloba,atypical virus infections of central nervous system,"atypical virus infections of central nervous system;creutzfeldt-jakob disease;subacute sclerosing panencephalitis;progressive multifocal leukoencephalopathy;other atypical virus infections of central nervous system;atypical virus infection of central nervous system, unspecified",atypical virus infections of central nervous system,0.0
413,413,410,N83,Remifentanil,"noninflammatory disorders of ovary, fallopian tube and broad ligament","noninflammatory disorders of ovary, fallopian tube and broad ligament;follicular cyst of ovary;corpus luteum cyst;other and unspecified ovarian cysts;acquired atrophy of ovary and fallopian tube;prolapse and hernia of ovary and fallopian tube;torsion of ovary, ovarian pedicle and fallopian tube;haematosalpinx;haematoma of broad ligament;other noninflammatory disorders of ovary, fallopian tube and broad ligament;noninflammatory disorder of ovary, fallopian tube and broad ligament, unspecified","noninflammatory disorders of ovary, fallopian tube and broad ligament",0.0
414,414,411,I63,Ketamine,cerebral infarction,"cerebral infarction;cerebral infarction due to thrombosis of precerebral arteries;cerebral infarction due to embolism of precerebral arteries;cerebral infarction due to unspecified occlusion or stenosis of precerebral arteries;cerebral infarction due to thrombosis of cerebral arteries;cerebral infarction due to embolism of cerebral arteries;cerebral infarction due to unspecified occlusion or stenosis of cerebral arteries;cerebral infarction due to cerebral venous thrombosis, nonpyogenic;other cerebral infarction;cerebral infarction, unspecified",cerebral infarction,62.0
415,415,412,C04,Peginterferon alfa-2b,malignant neoplasm of floor of mouth,"malignant neoplasm of floor of mouth;anterior floor of mouth;lateral floor of mouth;overlapping lesion of floor of mouth;floor of mouth, unspecified",malignant neoplasm of floor of mouth,0.0
416,416,413,B20,Cladribine,human immunodeficiency virus [hiv] disease resulting in infectious and parasitic diseases,human immunodeficiency virus [hiv] disease resulting in infectious and parasitic diseases;hiv disease resulting in mycobacterial infection;hiv disease resulting in other bacterial infections;hiv disease resulting in cytomegaloviral disease;hiv disease resulting in other viral infections;hiv disease resulting in candidiasis;hiv disease resulting in other mycoses;hiv disease resulting in pneumocystis carinii pneumonia;hiv disease resulting in multiple infections;hiv disease resulting in other infectious and parasitic diseases;hiv disease resulting in unspecified infectious or parasitic disease,human immunodeficiency virus [hiv] disease resulting in infectious and parasitic diseases,3.0
417,417,414,M66,Lidocaine,spontaneous rupture of synovium and tendon,spontaneous rupture of synovium and tendon;rupture of popliteal cyst;rupture of synovium;spontaneous rupture of extensor tendons;spontaneous rupture of flexor tendons;spontaneous rupture of other tendons;spontaneous rupture of unspecified tendon,spontaneous rupture of synovium and tendon,427.0
418,418,415,L93,Coagulation factor VIIa Recombinant Human,lupus erythematosus,lupus erythematosus;discoid lupus erythematosus;subacute cutaneous lupus erythematosus;other local lupus erythematosus,lupus erythematosus,3.0
419,419,416,G59,"Antihemophilic Factor (Recombinant), PEGylated",mononeuropathy in diseases classified elsewhere,mononeuropathy in diseases classified elsewhere;diabetic mononeuropathy;other mononeuropathies in diseases classified elsewhere,mononeuropathy in diseases classified elsewhere,0.0
420,420,417,I73,Amitriptyline,peripheral vascular diseases,"other peripheral vascular diseases;raynaud's syndrome;thromboangiitis obliterans [buerger];other specified peripheral vascular diseases;peripheral vascular disease, unspecified",peripheral vascular diseases,13.0
421,421,418,C50,Calcipotriol,malignant neoplasm of breast,"malignant neoplasm of breast;nipple and areola;central portion of breast;upper-inner quadrant of breast;lower-inner quadrant of breast;upper-outer quadrant of breast;lower-outer quadrant of breast;axillary tail of breast;overlapping lesion of breast;breast, unspecified",malignant neoplasm of breast,19.0
422,422,419,F81,Fluphenazine,specific developmental disorders of scholastic skills,"specific developmental disorders of scholastic skills;specific reading disorder;specific spelling disorder;specific disorder of arithmetical skills;mixed disorder of scholastic skills;other developmental disorders of scholastic skills;developmental disorder of scholastic skills, unspecified",specific developmental disorders of scholastic skills,0.0
423,423,420,F99,Letermovir,"mental disorder, not otherwise specified","mental disorder, not otherwise specified",mental disorder,1.0
424,424,421,G59,Butylscopolamine,mononeuropathy in diseases classified elsewhere,mononeuropathy in diseases classified elsewhere;diabetic mononeuropathy;other mononeuropathies in diseases classified elsewhere,mononeuropathy in diseases classified elsewhere,0.0
425,425,422,K58,Chlorphenamine,irritable bowel syndrome,irritable bowel syndrome;irritable bowel syndrome with diarrhoea;irritable bowel syndrome with predominant diarrhoea [ibs-d];irritable bowel syndrome with predominant constipation [ibs-c];irritable bowel syndrome with mixed bowel habits [ibs-m];other and unspecified irritable bowel syndrome;irritable bowel syndrome without diarrhoea,irritable bowel syndrome,3.0
426,426,423,M08,Aprepitant,juvenile arthritis,"juvenile arthritis;juvenile rheumatoid arthritis;juvenile ankylosing spondylitis;juvenile arthritis with systemic onset;juvenile polyarthritis (seronegative);pauciarticular juvenile arthritis;other juvenile arthritis;juvenile arthritis, unspecified",juvenile arthritis,0.0
427,427,424,I20,Repaglinide,angina pectoris,"angina pectoris;unstable angina;angina pectoris with documented spasm;other forms of angina pectoris;angina pectoris, unspecified",angina pectoris,2.0
428,428,425,J67,Procainamide,hypersensitivity pneumonitis due to organic dust,hypersensitivity pneumonitis due to organic dust;farmer's lung;bagassosis;bird fancier's lung;suberosis;maltworker's lung;mushroom-worker's lung;maple-bark-stripper's lung;air-conditioner and humidifier lung;hypersensitivity pneumonitis due to other organic dusts;hypersensitivity pneumonitis due to unspecified organic dust,hypersensitivity pneumonitis due to organic dust,1.0
429,429,426,F17,Ivermectin,mental and behavioural disorders due to use of tobacco,mental and behavioural disorders due to use of tobacco;acute intoxication;harmful use;dependence syndrome;withdrawal state;withdrawal state with delirium;psychotic disorder;amnesic syndrome;residual and late-onset psychotic disorder;other mental and behavioural disorders;unspecified mental and behavioural disorder,mental and behavioural disorders due to use of tobacco,1.0
430,430,427,K06,Tetrabenazine,disorders of gingiva and edentulous alveolar ridge,"other disorders of gingiva and edentulous alveolar ridge;gingival recession;gingival enlargement;gingival and edentulous alveolar ridge lesions associated with trauma;other specified disorders of gingiva and edentulous alveolar ridge;disorder of gingiva and edentulous alveolar ridge, unspecified",disorders of gingiva and edentulous alveolar ridge,0.0
431,431,428,I63,Quazepam,cerebral infarction,"cerebral infarction;cerebral infarction due to thrombosis of precerebral arteries;cerebral infarction due to embolism of precerebral arteries;cerebral infarction due to unspecified occlusion or stenosis of precerebral arteries;cerebral infarction due to thrombosis of cerebral arteries;cerebral infarction due to embolism of cerebral arteries;cerebral infarction due to unspecified occlusion or stenosis of cerebral arteries;cerebral infarction due to cerebral venous thrombosis, nonpyogenic;other cerebral infarction;cerebral infarction, unspecified",cerebral infarction,0.0
432,432,429,E84,Ingenol Mebutate,cystic fibrosis,"cystic fibrosis;cystic fibrosis with pulmonary manifestations;cystic fibrosis with intestinal manifestations;cystic fibrosis with other manifestations;cystic fibrosis, unspecified",cystic fibrosis,1.0
433,433,430,D69,Terfenadine,purpura and haemorrhagic conditions,"purpura and other haemorrhagic conditions;allergic purpura;qualitative platelet defects;other nonthrombocytopenic purpura;idiopathic thrombocytopenic purpura;other primary thrombocytopenia;secondary thrombocytopenia;thrombocytopenia, unspecified;other specified haemorrhagic conditions;haemorrhagic condition, unspecified",purpura and haemorrhagic conditions,91.0
434,434,431,I80,Obeticholic acid,phlebitis and thrombophlebitis,"phlebitis and thrombophlebitis;phlebitis and thrombophlebitis of superficial vessels of lower extremities;phlebitis and thrombophlebitis of femoral vein;phlebitis and thrombophlebitis of other deep vessels of lower extremities;phlebitis and thrombophlebitis of lower extremities, unspecified;phlebitis and thrombophlebitis of other sites;phlebitis and thrombophlebitis of unspecified site",phlebitis and thrombophlebitis,0.0
435,435,432,J80,Sulfadiazine,adult respiratory distress syndrome,adult respiratory distress syndrome,adult respiratory distress syndrome,7.0
436,436,433,I80,Domperidone,phlebitis and thrombophlebitis,"phlebitis and thrombophlebitis;phlebitis and thrombophlebitis of superficial vessels of lower extremities;phlebitis and thrombophlebitis of femoral vein;phlebitis and thrombophlebitis of other deep vessels of lower extremities;phlebitis and thrombophlebitis of lower extremities, unspecified;phlebitis and thrombophlebitis of other sites;phlebitis and thrombophlebitis of unspecified site",phlebitis and thrombophlebitis,0.0
437,437,434,G31,Diosmin,"degenerative diseases of nervous system, not elsewhere classified","other degenerative diseases of nervous system, not elsewhere classified;circumscribed brain atrophy;senile degeneration of brain, not elsewhere classified;degeneration of nervous system due to alcohol;other specified degenerative diseases of nervous system;degenerative disease of nervous system, unspecified",degenerative diseases of nervous system,0.0
438,438,435,F34,Warfarin,persistent mood [affective] disorders,"persistent mood [affective] disorders;cyclothymia;dysthymia;other persistent mood [affective] disorders;persistent mood [affective] disorder, unspecified",persistent mood [affective] disorders,2.0
439,439,436,C91,Dobutamine,lymphoid leukaemia,"lymphoid leukaemia;acute lymphoblastic leukaemia;chronic lymphocytic leukaemia;subacute lymphocytic leukaemia;prolymphocytic leukaemia;hairy-cell leukaemia;adult t-cell leukaemia;prolymphocytic leukaemia of t-cell type;other lymphoid leukaemia;mature b-cell leukaemia burkitt-type;lymphoid leukaemia, unspecified",lymphoid leukaemia,1.0
440,440,437,G35,Sibutramine,multiple sclerosis,multiple sclerosis,multiple sclerosis,0.0
441,441,438,K82,Phenylephrine,diseases of gallbladder,"other diseases of gallbladder;obstruction of gallbladder;hydrops of gallbladder;perforation of gallbladder;fistula of gallbladder;cholesterolosis of gallbladder;other specified diseases of gallbladder;disease of gallbladder, unspecified",diseases of gallbladder,0.0
442,442,439,C85,Dinoprostone,specified types of non-hodgkin's lymphoma,"other and unspecified types of non-hodgkin's lymphoma;lymphosarcoma;b-cell lymphoma, unspecified;mediastinal (thymic) large b-cell lymphoma;other specified types of non-hodgkin's lymphoma;non-hodgkin's lymphoma, unspecified type",specified types of non-hodgkin's lymphoma,0.0
443,443,440,K92,Oxytocin,diseases of digestive system,"other diseases of digestive system;haematemesis;melaena;gastro-intestinal haemorrhage, unspecified;other specified diseases of digestive system;disease of digestive system, unspecified",diseases of digestive system,67.0
444,444,441,I82,Amsacrine,venous embolism and thrombosis,other venous embolism and thrombosis;budd-chiari syndrome;thrombophlebitis migrans;embolism and thrombosis of vena cava;embolism and thrombosis of renal vein;embolism and thrombosis of other specified veins;embolism and thrombosis of unspecified vein,venous embolism and thrombosis,3.0
445,445,442,D72,Ivacaftor,disorders of white blood cells,"other disorders of white blood cells;genetic anomalies of leukocytes;eosinophilia;other specified disorders of white blood cells;disorder of white blood cells, unspecified",disorders of white blood cells,17.0
446,446,443,M08,Topiroxostat,juvenile arthritis,"juvenile arthritis;juvenile rheumatoid arthritis;juvenile ankylosing spondylitis;juvenile arthritis with systemic onset;juvenile polyarthritis (seronegative);pauciarticular juvenile arthritis;other juvenile arthritis;juvenile arthritis, unspecified",juvenile arthritis,0.0
447,447,444,A63,Phentolamine,"predominantly sexually transmitted diseases, not elsewhere classified","other predominantly sexually transmitted diseases, not elsewhere classified;anogenital (venereal) warts;other specified predominantly sexually transmitted diseases",sexually transmitted diseases,3.0
448,448,445,A15,Polyestradiol phosphate,"respiratory tuberculosis, bacteriologically and histologically confirmed","respiratory tuberculosis, bacteriologically and histologically confirmed;tuberculosis of lung, confirmed by sputum microscopy with or without culture;tuberculosis of lung, confirmed by culture only;tuberculosis of lung, confirmed histologically;tuberculosis of lung, confirmed by unspecified means;tuberculosis of intrathoracic lymph nodes, confirmed bacteriologically and histologically;tuberculosis of larynx, trachea and bronchus, confirmed bacteriologically and histologically;tuberculous pleurisy, confirmed bacteriologically and histologically;primary respiratory tuberculosis, confirmed bacteriologically and histologically;other respiratory tuberculosis, confirmed bacteriologically and histologically;respiratory tuberculosis unspecified, confirmed bacteriologically and histologically","respiratory tuberculosis, bacteriologically and histologically confirmed",1.0
449,449,446,L63,Dextroamphetamine,alopecia areata,"alopecia areata;alopecia (capitis) totalis;alopecia universalis;ophiasis;other alopecia areata;alopecia areata, unspecified",alopecia areata,1.0
450,450,447,F39,Estradiol dienanthate,unspecified mood [affective] disorder,unspecified mood [affective] disorder,mood [affective] disorder,1.0
451,451,448,G59,Denileukin diftitox,mononeuropathy in diseases classified elsewhere,mononeuropathy in diseases classified elsewhere;diabetic mononeuropathy;other mononeuropathies in diseases classified elsewhere,mononeuropathy in diseases classified elsewhere,0.0
452,452,449,M16,Tezacaftor,coxarthrosis [arthrosis of hip],"coxarthrosis [arthrosis of hip];primary coxarthrosis, bilateral;other primary coxarthrosis;coxarthrosis resulting from dysplasia, bilateral;other dysplastic coxarthrosis;posttraumatic coxarthrosis, bilateral;other posttraumatic coxarthrosis;other secondary coxarthrosis, bilateral;other secondary coxarthrosis;coxarthrosis, unspecified",coxarthrosis [arthrosis of hip],0.0
453,453,450,B67,Nalbuphine,echinococcosis,"echinococcosis;echinococcus granulosus infection of liver;echinococcus granulosus infection of lung;echinococcus granulosus infection of bone;echinococcus granulosus infection, other and multiple sites;echinococcus granulosus infection, unspecified;echinococcus multilocularis infection of liver;echinococcus multilocularis infection, other and multiple sites;echinococcus multilocularis infection, unspecified;echinococcosis, unspecified, of liver;echinococcosis, other and unspecified",echinococcosis,0.0
454,454,451,M71,Oxytocin,bursopathies,"other bursopathies;abscess of bursa;other infective bursitis;synovial cyst of popliteal space [baker];other bursal cyst;calcium deposit in bursa;other bursitis, not elsewhere classified;other specified bursopathies;bursopathy, unspecified",bursopathies,0.0
455,455,452,E85,Bupivacaine,amyloidosis,"amyloidosis;nonneuropathic heredofamilial amyloidosis;neuropathic heredofamilial amyloidosis;heredofamilial amyloidosis, unspecified;secondary systemic amyloidosis;organ-limited amyloidosis;other amyloidosis;amyloidosis, unspecified",amyloidosis,2.0
456,456,453,G93,Norethisterone,disorders of brain,"other disorders of brain;cerebral cysts;anoxic brain damage, not elsewhere classified;benign intracranial hypertension;postviral fatigue syndrome;encephalopathy, unspecified;compression of brain;cerebral oedema;reye's syndrome;other specified disorders of brain;disorder of brain, unspecified",disorders of brain,27.0
457,457,454,I81,Emicizumab,portal vein thrombosis,portal vein thrombosis,portal vein thrombosis,0.0
458,458,455,C67,Fomepizole,malignant neoplasm of bladder,"malignant neoplasm of bladder;trigone of bladder;dome of bladder;lateral wall of bladder;anterior wall of bladder;posterior wall of bladder;bladder neck;ureteric orifice;urachus;overlapping lesion of bladder;bladder, unspecified",malignant neoplasm of bladder,1.0
459,459,456,J45,Opium,asthma,,,0.0
460,460,457,N04,Methionine,nephrotic syndrome,nephrotic syndrome;minor glomerular abnormality;focal and segmental glomerular lesions;diffuse membranous glomerulonephritis;diffuse mesangial proliferative glomerulonephritis;diffuse endocapillary proliferative glomerulonephritis;diffuse mesangiocapillary glomerulonephritis;dense deposit disease;diffuse crescentic glomerulonephritis;other;unspecified,nephrotic syndrome,21.0
461,461,458,K70,Chlorphenesin,alcoholic liver disease,"alcoholic liver disease;alcoholic fatty liver;alcoholic hepatitis;alcoholic fibrosis and sclerosis of liver;alcoholic cirrhosis of liver;alcoholic hepatic failure;alcoholic liver disease, unspecified",alcoholic liver disease,0.0
462,462,459,A81,Pitolisant,atypical virus infections of central nervous system,"atypical virus infections of central nervous system;creutzfeldt-jakob disease;subacute sclerosing panencephalitis;progressive multifocal leukoencephalopathy;other atypical virus infections of central nervous system;atypical virus infection of central nervous system, unspecified",atypical virus infections of central nervous system,0.0
463,463,460,F99,Eplerenone,"mental disorder, not otherwise specified","mental disorder, not otherwise specified",mental disorder,13.0
464,464,461,N95,Levonorgestrel,menopausal and perimenopausal disorders,"menopausal and other perimenopausal disorders;postmenopausal bleeding;menopausal and female climacteric states;postmenopausal atrophic vaginitis;states associated with artificial menopause;other specified menopausal and perimenopausal disorders;menopausal and perimenopausal disorder, unspecified",menopausal and perimenopausal disorders,412.0
465,465,462,C02,L-Tryptophan,malignant neoplasm of parts of tongue,"malignant neoplasm of other and unspecified parts of tongue;dorsal surface of tongue;border of tongue;ventral surface of tongue;anterior two-thirds of tongue, part unspecified;lingual tonsil;overlapping lesion of tongue;tongue, unspecified",malignant neoplasm of parts of tongue,0.0
466,466,463,D74,Cephalexin,methaemoglobinaemia,"methaemoglobinaemia;congenital methaemoglobinaemia;other methaemoglobinaemias;methaemoglobinaemia, unspecified",methaemoglobinaemia,1.0
467,467,464,I95,Oxaprozin,hypotension,"hypotension;idiopathic hypotension;orthostatic hypotension;hypotension due to drugs;other hypotension;hypotension, unspecified",hypotension,3.0
468,468,465,K80,Trilostane,cholelithiasis,cholelithiasis;calculus of gallbladder with acute cholecystitis;calculus of gallbladder with other cholecystitis;calculus of gallbladder without cholecystitis;calculus of bile duct with cholangitis;calculus of bile duct with cholecystitis;calculus of bile duct without cholangitis or cholecystitis;other cholelithiasis,cholelithiasis,0.0
469,469,466,G30,Interferon beta-1a,alzheimer's disease,"alzheimer's disease;alzheimer's disease with early onset;alzheimer's disease with late onset;other alzheimer's disease;alzheimer's disease, unspecified",alzheimer's disease,12.0
470,470,467,K64,Artemether,haemorrhoids and perianal venous thrombosis,"haemorrhoids and perianal venous thrombosis;first degree haemorrhoids;second degree haemorrhoids;third degree haemorrhoids;fourth degree haemorrhoids;residual haemorrhoidal skin tags;perianal venous thrombosis;other specified haemorrhoids;haemorrhoids,  unspecified",haemorrhoids and perianal venous thrombosis,3.0
471,471,468,L28,Etomidate,lichen simplex chronicus and prurigo,lichen simplex chronicus and prurigo;lichen simplex chronicus;prurigo nodularis;other prurigo,lichen simplex chronicus and prurigo,0.0
472,472,469,D74,Levonorgestrel,methaemoglobinaemia,"methaemoglobinaemia;congenital methaemoglobinaemia;other methaemoglobinaemias;methaemoglobinaemia, unspecified",methaemoglobinaemia,0.0
473,473,470,N04,Modafinil,nephrotic syndrome,nephrotic syndrome;minor glomerular abnormality;focal and segmental glomerular lesions;diffuse membranous glomerulonephritis;diffuse mesangial proliferative glomerulonephritis;diffuse endocapillary proliferative glomerulonephritis;diffuse mesangiocapillary glomerulonephritis;dense deposit disease;diffuse crescentic glomerulonephritis;other;unspecified,nephrotic syndrome,0.0
474,474,471,C95,Daclatasvir,leukaemia of cell type,"leukaemia of unspecified cell type;acute leukaemia of unspecified cell type;chronic leukaemia of unspecified cell type;subacute leukaemia of unspecified cell type;other leukaemia of unspecified cell type;leukaemia, unspecified",leukaemia of cell type,0.0
475,475,472,I84,Flunarizine,haemorrhoids,haemorrhoids;internal thrombosed haemorrhoids;internal haemorrhoids with other complications;internal haemorrhoids without complication;external thrombosed haemorrhoids;external haemorrhoids with other complications;external haemorrhoids without complication;residual haemorrhoidal skin tags;unspecified thrombosed haemorrhoids;unspecified haemorrhoids with other complications;unspecified haemorrhoids without complication,haemorrhoids,0.0
476,476,473,N80,Levomenol,endometriosis,"endometriosis;endometriosis of uterus;endometriosis of ovary;endometriosis of fallopian tube;endometriosis of pelvic peritoneum;endometriosis of rectovaginal septum and vagina;endometriosis of intestine;endometriosis in cutaneous scar;other endometriosis;endometriosis, unspecified",endometriosis,0.0
477,477,474,I73,Cyproterone acetate,peripheral vascular diseases,"other peripheral vascular diseases;raynaud's syndrome;thromboangiitis obliterans [buerger];other specified peripheral vascular diseases;peripheral vascular disease, unspecified",peripheral vascular diseases,3.0
478,478,475,I20,Tazarotene,angina pectoris,"angina pectoris;unstable angina;angina pectoris with documented spasm;other forms of angina pectoris;angina pectoris, unspecified",angina pectoris,0.0
479,479,476,F19,Levetiracetam,mental and behavioural disorders due to multiple drug use and use of psychoactive substances,mental and behavioural disorders due to multiple drug use and use of other psychoactive substances;acute intoxication;harmful use;dependence syndrome;withdrawal state;withdrawal state with delirium;psychotic disorder;amnesic syndrome;residual and late-onset psychotic disorder;other mental and behavioural disorders;unspecified mental and behavioural disorder,mental and behavioural disorders due to multiple drug use and use of psychoactive substances,52.0
480,480,477,I20,Immune Globulin Human,angina pectoris,"angina pectoris;unstable angina;angina pectoris with documented spasm;other forms of angina pectoris;angina pectoris, unspecified",angina pectoris,557.0
481,481,478,A85,Menthol,"viral encephalitis, not elsewhere classified","other viral encephalitis, not elsewhere classified;enteroviral encephalitis;adenoviral encephalitis;arthropod-borne viral encephalitis, unspecified;other specified viral encephalitis",viral encephalitis,0.0
482,482,479,J44,Ethynodiol diacetate,chronic obstructive pulmonary disease,"other chronic obstructive pulmonary disease;chronic obstructive pulmonary disease with acute lower respiratory infection;chronic obstructive pulmonary disease with acute exacerbation, unspecified;other specified chronic obstructive pulmonary disease;chronic obstructive pulmonary disease, unspecified",chronic obstructive pulmonary disease,0.0
483,483,480,A05,Desmopressin,bacterial foodborne intoxications,"other bacterial foodborne intoxications;foodborne staphylococcal intoxication;botulism;foodborne clostridium perfringens [clostridium welchii] intoxication;foodborne vibrio parahaemolyticus intoxication;foodborne bacillus cereus intoxication;other specified bacterial foodborne intoxications;bacterial foodborne intoxication, unspecified",bacterial foodborne intoxications,0.0
484,484,481,G50,Naproxen,disorders of trigeminal nerve,"disorders of trigeminal nerve;trigeminal neuralgia;atypical facial pain;other disorders of trigeminal nerve;disorder of trigeminal nerve, unspecified",disorders of trigeminal nerve,4.0
485,485,482,I26,Roxithromycin,pulmonary embolism,pulmonary embolism;pulmonary embolism with mention of acute cor pulmonale;pulmonary embolism without mention of acute cor pulmonale,pulmonary embolism,1.0
486,486,483,F41,Zuclopenthixol,anxiety disorders,"other anxiety disorders;panic disorder [episodic paroxysmal anxiety];generalised anxiety disorder;mixed anxiety and depressive disorder;other mixed anxiety disorders;other specified anxiety disorders;anxiety disorder, unspecified",anxiety disorders,17.0
487,487,484,C02,Pasireotide,malignant neoplasm of parts of tongue,"malignant neoplasm of other and unspecified parts of tongue;dorsal surface of tongue;border of tongue;ventral surface of tongue;anterior two-thirds of tongue, part unspecified;lingual tonsil;overlapping lesion of tongue;tongue, unspecified",malignant neoplasm of parts of tongue,0.0
488,488,485,M33,Muromonab,dermatopolymyositis,"dermatopolymyositis;juvenile dermatomyositis;other dermatomyositis;polymyositis;dermatopolymyositis, unspecified",dermatopolymyositis,0.0
489,489,486,C96,Trifluoperazine,"specified malignant neoplasms of lymphoid, haematopoietic and related tissue","other and unspecified malignant neoplasms of lymphoid, haematopoietic and related tissue;letterer-siwe disease;malignant histiocytosis;malignant mast cell tumour;true histiocytic lymphoma;sarcoma of dendritic cells (accessory cells);multifocal and unisystemic langerhans-cell histiocytosis;unifocal langerhans-cell histiocytosis;other specified malignant neoplasms of lymphoid, haematopoietic and related tissue;histiocytic sarcoma;malignant neoplasms of lymphoid, haematopoietic and related tissue, unspecified","specified malignant neoplasms of lymphoid, haematopoietic and related tissue",101.0
490,490,487,F19,Tildrakizumab,mental and behavioural disorders due to multiple drug use and use of psychoactive substances,mental and behavioural disorders due to multiple drug use and use of other psychoactive substances;acute intoxication;harmful use;dependence syndrome;withdrawal state;withdrawal state with delirium;psychotic disorder;amnesic syndrome;residual and late-onset psychotic disorder;other mental and behavioural disorders;unspecified mental and behavioural disorder,mental and behavioural disorders due to multiple drug use and use of psychoactive substances,0.0
491,491,488,E13,Fenfluramine,specified diabetes mellitus,other specified diabetes mellitus;with coma;with ketoacidosis;with renal complications;with ophthalmic complications;with neurological complications;with peripheral circulatory complications;with other specified complications;with multiple complications;with unspecified complications;without complications,specified diabetes mellitus,1.0
492,492,489,J66,Cilostazol,airway disease due to specific organic dust,airway disease due to specific organic dust;byssinosis;flax-dresser's disease;cannabinosis;airway disease due to other specific organic dusts,airway disease due to specific organic dust,0.0
493,493,490,F52,L-Tryptophan,"sexual dysfunction, not caused by organic disorder or disease","sexual dysfunction, not caused by organic disorder or disease;lack or loss of sexual desire;sexual aversion and lack of sexual enjoyment;failure of genital response;orgasmic dysfunction;premature ejaculation;nonorganic vaginismus;nonorganic dyspareunia;excessive sexual drive;other sexual dysfunction, not caused by organic disorder or disease;unspecified sexual dysfunction, not caused by organic disorder or disease",sexual dysfunction,29.0
494,494,491,H21,Apalutamide,disorders of iris and ciliary body,"other disorders of iris and ciliary body;hyphaema;other vascular disorders of iris and ciliary body;degeneration of iris and ciliary body;cyst of iris, ciliary body and anterior chamber;pupillary membranes;other adhesions and disruptions of iris and ciliary body;other specified disorders of iris and ciliary body;disorder of iris and ciliary body, unspecified",disorders of iris and ciliary body,0.0
495,495,492,C84,Pipecuronium,peripheral and cutaneous t-cell lymphomas,"peripheral and cutaneous t-cell lymphomas;mycosis fungoides;sezary's diease;t-zone lymphoma;lymphoepithelioid lymphoma;peripheral t-cell lymphoma;other and unspecified t-cell lymphomas;anaplastic large cell lymphoma, alk-positive;anaplastic large cell lymphoma, alk-negative;cutaneous t-cell lymphoma, unspecified;mature t/nk-cell lymphoma, unspecified",peripheral and cutaneous t-cell lymphomas,5.0
496,496,493,K52,Monobenzone,non-infective gastro-enteritis and colitis,"other non-infective gastro-enteritis and colitis;gastro-enteritis and colitis due to radiation;toxic gastro-enteritis and colitis;allergic and dietetic gastro-enteritis and colitis;indeterminate colitis;other specified non-infective gastro-enteritis and colitis;non-infective gastro-enteritis and colitis, unspecified",non-infective gastro-enteritis and colitis,0.0
497,497,494,K72,Promethazine,"hepatic failure, not elsewhere classified","hepatic failure, not elsewhere classified;acute and subacute hepatic failure;chronic hepatic failure;hepatic failure, unspecified",hepatic failure,10.0
498,498,495,C43,Inotuzumab ozogamicin,malignant melanoma of skin,"malignant melanoma of skin;malignant melanoma of lip;malignant melanoma of eyelid, including canthus;malignant melanoma of ear and external auricular canal;malignant melanoma of other and unspecified parts of face;malignant melanoma of scalp and neck;malignant melanoma of trunk;malignant melanoma of upper limb, including shoulder;malignant melanoma of lower limb, including hip;overlapping malignant melanoma of skin;malignant melanoma of skin, unspecified",malignant melanoma of skin,0.0
499,499,496,I80,Interferon alfacon-1,phlebitis and thrombophlebitis,"phlebitis and thrombophlebitis;phlebitis and thrombophlebitis of superficial vessels of lower extremities;phlebitis and thrombophlebitis of femoral vein;phlebitis and thrombophlebitis of other deep vessels of lower extremities;phlebitis and thrombophlebitis of lower extremities, unspecified;phlebitis and thrombophlebitis of other sites;phlebitis and thrombophlebitis of unspecified site",phlebitis and thrombophlebitis,0.0
500,500,497,B54,Loxapine,unspecified malaria,unspecified malaria,malaria,0.0
501,501,498,K80,Ergocalciferol,cholelithiasis,cholelithiasis;calculus of gallbladder with acute cholecystitis;calculus of gallbladder with other cholecystitis;calculus of gallbladder without cholecystitis;calculus of bile duct with cholangitis;calculus of bile duct with cholecystitis;calculus of bile duct without cholangitis or cholecystitis;other cholelithiasis,cholelithiasis,2.0
502,502,499,N32,Infliximab,disorders of bladder,"other disorders of bladder;bladder-neck obstruction;vesicointestinal fistula;vesical fistula, not elsewhere classified;diverticulum of bladder;rupture of bladder, nontraumatic;other specified disorders of bladder;bladder disorder, unspecified",disorders of bladder,20.0
503,503,500,E88,Flibanserin,metabolic disorders,"other metabolic disorders;disorders of plasma-protein metabolism, not elsewhere classified;lipodystrophy, not elsewhere classified;lipomatosis, not elsewhere classified;tumour lysis syndrome;other specified metabolic disorders;metabolic disorder, unspecified",metabolic disorders,1.0
504,504,501,K50,Carboplatin,crohn's disease [regional enteritis],"crohn's disease [regional enteritis];crohn's disease of small intestine;crohn's disease of large intestine;other crohn's disease;crohn's disease, unspecified",crohn's disease [regional enteritis],2.0
505,505,502,F19,Foreskin keratinocyte (neonatal),mental and behavioural disorders due to multiple drug use and use of psychoactive substances,mental and behavioural disorders due to multiple drug use and use of other psychoactive substances;acute intoxication;harmful use;dependence syndrome;withdrawal state;withdrawal state with delirium;psychotic disorder;amnesic syndrome;residual and late-onset psychotic disorder;other mental and behavioural disorders;unspecified mental and behavioural disorder,mental and behavioural disorders due to multiple drug use and use of psychoactive substances,0.0
506,506,503,M87,Cobicistat,osteonecrosis,"osteonecrosis;idiopathic aseptic necrosis of bone;osteonecrosis due to drugs;osteonecrosis due to previous trauma;other secondary osteonecrosis;other osteonecrosis;osteonecrosis, unspecified",osteonecrosis,0.0
507,507,504,J41,Valproic Acid,simple and mucopurulent chronic bronchitis,simple and mucopurulent chronic bronchitis;simple chronic bronchitis;mucopurulent chronic bronchitis;mixed simple and mucopurulent chronic bronchitis,simple and mucopurulent chronic bronchitis,0.0
508,508,505,I74,Enprofylline,arterial embolism and thrombosis,"arterial embolism and thrombosis;embolism and thrombosis of abdominal aorta;embolism and thrombosis of other and unspecified parts of aorta;embolism and thrombosis of arteries of the upper extremities;embolism and thrombosis of arteries of the lower extremities;embolism and thrombosis of arteries of extremities, unspecified;embolism and thrombosis of iliac artery;embolism and thrombosis of other arteries;embolism and thrombosis of unspecified artery",arterial embolism and thrombosis,0.0
509,509,506,B54,Dexlansoprazole,unspecified malaria,unspecified malaria,malaria,1.0
510,510,507,E24,Asenapine,cushing's syndrome,"cushing's syndrome;pituitary-dependent cushing's disease;nelson's syndrome;drug-induced cushing's syndrome;ectopic acth syndrome;alcohol-induced pseudo-cushing's syndrome;other cushing's syndrome;cushing's syndrome, unspecified",cushing's syndrome,0.0
511,511,508,M30,Thimerosal,polyarteritis nodosa and related conditions,polyarteritis nodosa and related conditions;polyarteritis nodosa;polyarteritis with lung involvement [churg-strauss];juvenile polyarteritis;mucocutaneous lymph node syndrome [kawasaki];other conditions related to polyarteritis nodosa,polyarteritis nodosa and related conditions,47.0
512,512,509,N62,Octocrylene,hypertrophy of breast,hypertrophy of breast,hypertrophy of breast,0.0
513,513,510,M06,Heptabarbital,rheumatoid arthritis,"other rheumatoid arthritis;seronegative rheumatoid arthritis;adult-onset still's disease;rheumatoid bursitis;rheumatoid nodule;inflammatory polyarthropathy;other specified rheumatoid arthritis;rheumatoid arthritis, unspecified",rheumatoid arthritis,0.0
514,514,511,G64,Cryptenamine,disorders of peripheral nervous system,other disorders of peripheral nervous system,disorders of peripheral nervous system,0.0
515,515,512,E22,Ferric pyrophosphate citrate,hyperfunction of pituitary gland,"hyperfunction of pituitary gland;acromegaly and pituitary gigantism;hyperprolactinaemia;syndrome of inappropriate secretion of antidiuretic hormone;other hyperfunction of pituitary gland;hyperfunction of pituitary gland, unspecified",hyperfunction of pituitary gland,0.0
516,516,513,H20,Pargyline,iridocyclitis,"iridocyclitis;acute and subacute iridocyclitis;chronic iridocyclitis;lens-induced iridocyclitis;other iridocyclitis;iridocyclitis, unspecified",iridocyclitis,0.0
517,517,514,G21,Ergotamine,secondary parkinsonism,"secondary parkinsonism;malignant neuroleptic syndrome;other drug-induced secondary parkinsonism;secondary parkinsonism due to other external agents;postencephalitic parkinsonism;vascular parkinsonism;other secondary parkinsonism;secondary parkinsonism, unspecified",secondary parkinsonism,81.0
518,518,515,F02,Eribulin,dementia in diseases classified elsewhere,dementia in other diseases classified elsewhere;dementia in pick's disease;dementia in creutzfeldt-jakob disease;dementia in huntington's disease;dementia in parkinson's disease;dementia in human immunodeficiency virus [hiv] disease;dementia in other specified diseases classified elsewhere,dementia in diseases classified elsewhere,0.0
519,519,516,B24,Cyproheptadine,unspecified human immunodeficiency virus [hiv] disease,unspecified human immunodeficiency virus [hiv] disease,human immunodeficiency virus [hiv] disease,8.0
520,520,517,J81,Abiraterone,pulmonary oedema,pulmonary oedema,pulmonary oedema,1.0
521,521,518,N03,Etizolam,chronic nephritic syndrome,chronic nephritic syndrome;minor glomerular abnormality;focal and segmental glomerular lesions;diffuse membranous glomerulonephritis;diffuse mesangial proliferative glomerulonephritis;diffuse endocapillary proliferative glomerulonephritis;diffuse mesangiocapillary glomerulonephritis;dense deposit disease;diffuse crescentic glomerulonephritis;other;unspecified,chronic nephritic syndrome,0.0
522,522,519,L89,Carteolol,decubitus ulcer,"decubitus ulcer;stage i decubitus ulcer and pressure area;stage ii decubitus ulcer;stage iii decubitus ulcer;stage iv decubitus ulcer;decubitus ulcer and pressure area, unspecified",decubitus ulcer,0.0
523,523,520,F39,Thiopental,unspecified mood [affective] disorder,unspecified mood [affective] disorder,mood [affective] disorder,74.0
524,524,521,F05,Polaprezinc,"delirium, not induced by alcohol and psychoactive substances","delirium, not induced by alcohol and other psychoactive substances;delirium not superimposed on dementia, so described;delirium superimposed on dementia;other delirium;delirium, unspecified",delirium,0.0
525,525,522,N08,Loxoprofen,glomerular disorders in diseases classified elsewhere,"glomerular disorders in diseases classified elsewhere;glomerular disorders in infectious and parasitic diseases classified elsewhere;glomerular disorders in neoplastic diseases;glomerular disorders in blood diseases and disorders involving the immune mechanism;glomerular disorders in diabetes mellitus;glomerular disorders in other endocrine, nutritional and metabolic diseases;glomerular disorders in systemic connective tissue disorders;glomerular disorders in other diseases classified elsewhere",glomerular disorders in diseases classified elsewhere,0.0
526,526,523,B47,Trastuzumab,mycetoma,"mycetoma;eumycetoma;actinomycetoma;mycetoma, unspecified",mycetoma,0.0
527,527,524,J80,Nitroprusside,adult respiratory distress syndrome,adult respiratory distress syndrome,adult respiratory distress syndrome,42.0
528,528,525,B55,Bupivacaine,leishmaniasis,"leishmaniasis;visceral leishmaniasis;cutaneous leishmaniasis;mucocutaneous leishmaniasis;leishmaniasis, unspecified",leishmaniasis,1.0
529,529,526,L70,Fludeoxyglucose F-18,acne,"acne;acne vulgaris;acne conglobata;acne varioliformis;acne tropica;infantile acne;acne excoriee des jeunes filles;other acne;acne, unspecified",acne,14.0
530,530,527,L28,Levomethadyl Acetate,lichen simplex chronicus and prurigo,lichen simplex chronicus and prurigo;lichen simplex chronicus;prurigo nodularis;other prurigo,lichen simplex chronicus and prurigo,0.0
531,531,528,M71,Methionine,bursopathies,"other bursopathies;abscess of bursa;other infective bursitis;synovial cyst of popliteal space [baker];other bursal cyst;calcium deposit in bursa;other bursitis, not elsewhere classified;other specified bursopathies;bursopathy, unspecified",bursopathies,0.0
532,532,529,M35,Tropicamide,systemic involvement of connective tissue,"other systemic involvement of connective tissue;sicca syndrome [sjogren];other overlap syndromes;behcet's disease;polymyalgia rheumatica;diffuse (eosinophilic) fasciitis;multifocal fibrosclerosis;relapsing panniculitis [weber-christian];hypermobility syndrome;other specified systemic involvement of connective tissue;systemic involvement of connective tissue, unspecified",systemic involvement of connective tissue,0.0
533,533,530,L65,Darifenacin,nonscarring hair loss,"other nonscarring hair loss;telogen effluvium;anagen effluvium;alopecia mucinosa;other specified nonscarring hair loss;nonscarring hair loss, unspecified",nonscarring hair loss,0.0
534,534,531,C91,Disopyramide,lymphoid leukaemia,"lymphoid leukaemia;acute lymphoblastic leukaemia;chronic lymphocytic leukaemia;subacute lymphocytic leukaemia;prolymphocytic leukaemia;hairy-cell leukaemia;adult t-cell leukaemia;prolymphocytic leukaemia of t-cell type;other lymphoid leukaemia;mature b-cell leukaemia burkitt-type;lymphoid leukaemia, unspecified",lymphoid leukaemia,0.0
535,535,532,N20,Conestat alfa,calculus of kidney and ureter,"calculus of kidney and ureter;calculus of kidney;calculus of ureter;calculus of kidney with calculus of ureter;urinary calculus, unspecified",calculus of kidney and ureter,0.0
536,536,533,A02,Dutasteride,salmonella infections,"other salmonella infections;salmonella gastro-enteritis;salmonella septicaemia;localised salmonella infections;other specified salmonella infections;salmonella infection, unspecified",salmonella infections,0.0
537,537,534,E76,Ketamine,disorders of glycosaminoglycan metabolism,"disorders of glycosaminoglycan metabolism;mucopolysaccharidosis, type i;mucopolysaccharidosis, type ii;other mucopolysaccharidoses;mucopolysaccharidosis, unspecified;other disorders of glucosaminoglycan metabolism;disorder of glucosaminoglycan metabolism, unspecified",disorders of glycosaminoglycan metabolism,6.0
538,538,535,B24,Scopolamine,unspecified human immunodeficiency virus [hiv] disease,unspecified human immunodeficiency virus [hiv] disease,human immunodeficiency virus [hiv] disease,5.0
539,539,536,C20,Zaleplon,malignant neoplasm of rectum,malignant neoplasm of rectum,malignant neoplasm of rectum,0.0
540,540,537,F19,Lenvatinib,mental and behavioural disorders due to multiple drug use and use of psychoactive substances,mental and behavioural disorders due to multiple drug use and use of other psychoactive substances;acute intoxication;harmful use;dependence syndrome;withdrawal state;withdrawal state with delirium;psychotic disorder;amnesic syndrome;residual and late-onset psychotic disorder;other mental and behavioural disorders;unspecified mental and behavioural disorder,mental and behavioural disorders due to multiple drug use and use of psychoactive substances,1.0
541,541,538,C61,Ertugliflozin,malignant neoplasm of prostate,malignant neoplasm of prostate,malignant neoplasm of prostate,0.0
542,542,539,G24,Manidipine,dystonia,"dystonia;drug-induced dystonia;idiopathic familial dystonia;idiopathic nonfamilial dystonia;spasmodic torticollis;idiopathic orofacial dystonia;blepharospasm;other dystonia;dystonia, unspecified",dystonia,0.0
543,543,540,D66,Trilostane,hereditary factor viii deficiency,hereditary factor viii deficiency,hereditary factor viii deficiency,0.0
544,544,541,K27,Cholic Acid,acute with perforation,"peptic ulcer, site unspecified;acute with haemorrhage;acute with perforation;acute with both haemorrhage and perforation;acute without haemorrhage or perforation;chronic or unspecified with haemorrhage;chronic or unspecified with perforation;chronic or unspecified with both haemorrhage and perforation;chronic without haemorrhage or perforation;unspecified as acute or chronic, without haemorrhage or perforation",acute with perforation,0.0
545,545,542,G25,Abatacept,extrapyramidal and movement disorders,"other extrapyramidal and movement disorders;essential tremor;drug-induced tremor;other specified forms of tremor;myoclonus;drug-induced chorea;other chorea;drug-induced tics and other tics of organic origin;other specified extrapyramidal and movement disorders;extrapyramidal and movement disorder, unspecified",extrapyramidal and movement disorders,6.0
546,546,543,G41,Thiotepa,status epilepticus,"status epilepticus;grand mal status epilepticus;petit mal status epilepticus;complex partial status epilepticus;other status epilepticus;status epilepticus, unspecified",status epilepticus,0.0
547,547,544,G40,Pipamperone,epilepsy,"epilepsy;localisation-related (focal) (partial) idiopathic epilepsy and epileptic syndromes with seizures of localised onset;localisation-related (focal) (partial) symptomatic epilepsy and epileptic syndromes with simple partial seizures;localisation-related (focal) (partial) symptomatic epilepsy and epileptic syndromes with complex partial seizures;generalised idiopathic epilepsy and epileptic syndromes;other generalised epilepsy and epileptic syndromes;special epileptic syndromes;grand mal seizures, unspecified (with or without petit mal);petit mal, unspecified, without grand mal seizures;other epilepsy;epilepsy, unspecified",epilepsy,3.0
548,548,545,E72,Hydrocodone,disorders of amino-acid metabolism,"other disorders of amino-acid metabolism;disorders of amino-acid transport;disorders of sulphur-bearing amino-acid metabolism;disorders of urea cycle metabolism;disorders of lysine and hydroxylysine metabolism;disorders of ornithine metabolism;disorders of glycine metabolism;other specified disorders of amino-acid metabolism;disorder of amino-acid metabolism, unspecified",disorders of amino-acid metabolism,3.0
549,549,546,E25,Pseudoephedrine,adrenogenital disorders,"adrenogenital disorders;congenital adrenogenital disorders associated with enzyme deficiency;other adrenogenital disorders;adrenogenital disorder, unspecified",adrenogenital disorders,0.0
550,550,547,I73,Hesperetin,peripheral vascular diseases,"other peripheral vascular diseases;raynaud's syndrome;thromboangiitis obliterans [buerger];other specified peripheral vascular diseases;peripheral vascular disease, unspecified",peripheral vascular diseases,1.0
551,551,548,G25,Promazine,extrapyramidal and movement disorders,"other extrapyramidal and movement disorders;essential tremor;drug-induced tremor;other specified forms of tremor;myoclonus;drug-induced chorea;other chorea;drug-induced tics and other tics of organic origin;other specified extrapyramidal and movement disorders;extrapyramidal and movement disorder, unspecified",extrapyramidal and movement disorders,29.0
552,552,549,I21,Iron,acute myocardial infarction,"acute myocardial infarction;acute transmural myocardial infarction of anterior wall;acute transmural myocardial infarction of inferior wall;acute transmural myocardial infarction of other sites;acute transmural myocardial infarction of unspecified site;acute subendocardial myocardial infarction;acute myocardial infarction, unspecified;i21.x presumed acute myicardial infaction (unconfirmed)",acute myocardial infarction,357.0
553,553,550,E14,Benzphetamine,unspecified diabetes mellitus,unspecified diabetes mellitus;with coma;with ketoacidosis;withrenal complications;with ophthalmic complications;with neurological complications;with peripheral circulatory complications;with other specified complications;with multiple complications;with unspecified complications;without complications,diabetes mellitus,15.0
554,554,551,L13,Triazolam,bullous disorders,"other bullous disorders;dermatitis herpetiformis;subcorneal pustular dermatitis;other specified bullous disorders;bullous disorder, unspecified",bullous disorders,1.0
555,555,552,D72,Zotepine,disorders of white blood cells,"other disorders of white blood cells;genetic anomalies of leukocytes;eosinophilia;other specified disorders of white blood cells;disorder of white blood cells, unspecified",disorders of white blood cells,1.0
556,556,553,G31,Ezogabine,"degenerative diseases of nervous system, not elsewhere classified","other degenerative diseases of nervous system, not elsewhere classified;circumscribed brain atrophy;senile degeneration of brain, not elsewhere classified;degeneration of nervous system due to alcohol;other specified degenerative diseases of nervous system;degenerative disease of nervous system, unspecified",degenerative diseases of nervous system,0.0
557,557,554,N32,Ritonavir,disorders of bladder,"other disorders of bladder;bladder-neck obstruction;vesicointestinal fistula;vesical fistula, not elsewhere classified;diverticulum of bladder;rupture of bladder, nontraumatic;other specified disorders of bladder;bladder disorder, unspecified",disorders of bladder,3.0
558,558,555,J81,Bendroflumethiazide,pulmonary oedema,pulmonary oedema,pulmonary oedema,
559,559,556,M51,Rivastigmine,intervertebral disk disorders,"other intervertebral disk disorders;lumbar and other intervertebral disk disorders with myelopathy;lumbar and other intervertebral disk disorders with radiculopathy;other specified intervertebral disk displacement;other specified intervertebral disk degeneration;schmorl's nodes;other specified intervertebral disk disorders;intervertebral disk disorder, unspecified",intervertebral disk disorders,0.0
560,560,557,J80,Mepenzolate,adult respiratory distress syndrome,adult respiratory distress syndrome,adult respiratory distress syndrome,0.0
561,561,558,K64,Tramadol,haemorrhoids and perianal venous thrombosis,"haemorrhoids and perianal venous thrombosis;first degree haemorrhoids;second degree haemorrhoids;third degree haemorrhoids;fourth degree haemorrhoids;residual haemorrhoidal skin tags;perianal venous thrombosis;other specified haemorrhoids;haemorrhoids,  unspecified",haemorrhoids and perianal venous thrombosis,25.0
562,562,559,F34,Loperamide,persistent mood [affective] disorders,"persistent mood [affective] disorders;cyclothymia;dysthymia;other persistent mood [affective] disorders;persistent mood [affective] disorder, unspecified",persistent mood [affective] disorders,0.0
563,563,560,D73,"Interferon Alfa-2b, Recombinant",diseases of spleen,"diseases of spleen;hyposplenism;hypersplenism;chronic congestive splenomegaly;abscess of spleen;cyst of spleen;infarction of spleen;other diseases of spleen;disease of spleen, unspecified",diseases of spleen,28.0
564,564,561,J45,Lornoxicam,asthma,,,0.0
565,565,562,M19,Hesperetin,arthrosis,"other arthrosis;primary arthrosis of other joints;posttraumatic arthrosis of other joints;other secondary arthrosis;other specified arthrosis;arthrosis, unspecified",arthrosis,13.0
566,566,563,C91,Interferon beta-1a,lymphoid leukaemia,"lymphoid leukaemia;acute lymphoblastic leukaemia;chronic lymphocytic leukaemia;subacute lymphocytic leukaemia;prolymphocytic leukaemia;hairy-cell leukaemia;adult t-cell leukaemia;prolymphocytic leukaemia of t-cell type;other lymphoid leukaemia;mature b-cell leukaemia burkitt-type;lymphoid leukaemia, unspecified",lymphoid leukaemia,1.0
567,567,564,E63,Oxymetazoline,nutritional deficiencies,"other nutritional deficiencies;essential fatty acid [efa] deficiency;imbalance of constituents of food intake;other specified nutritional deficiencies;nutritional deficiency, unspecified",nutritional deficiencies,2.0
568,568,565,C83,Indinavir,diffuse non-hodgkin's lymphoma,"diffuse non-hodgkin's lymphoma;small cell (diffuse);small cleaved cell (diffuse);mixed small and large cell (diffuse);large cell (diffuse);immunoblastic (diffuse);lymphoblastic (diffuse);undifferentiated (diffuse);burkitt's tumour;other types of diffuse non-hodgkin's lymphoma;diffuse non-hodgkin's lymphoma, unspecified",diffuse non-hodgkin's lymphoma,0.0
569,569,566,I95,Dalfampridine,hypotension,"hypotension;idiopathic hypotension;orthostatic hypotension;hypotension due to drugs;other hypotension;hypotension, unspecified",hypotension,467.0
570,570,567,G30,Macitentan,alzheimer's disease,"alzheimer's disease;alzheimer's disease with early onset;alzheimer's disease with late onset;other alzheimer's disease;alzheimer's disease, unspecified",alzheimer's disease,0.0
571,571,568,G41,Dabrafenib,status epilepticus,"status epilepticus;grand mal status epilepticus;petit mal status epilepticus;complex partial status epilepticus;other status epilepticus;status epilepticus, unspecified",status epilepticus,0.0
572,572,569,F42,Lumiracoxib,obsessive-compulsive disorder,"obsessive-compulsive disorder;predominantly obsessional thoughts or ruminations;predominantly compulsive acts [obsessional rituals];mixed obsessional thoughts and acts;other obsessive-compulsive disorders;obsessive-compulsive disorder, unspecified",obsessive-compulsive disorder,0.0
573,573,570,G64,Isosorbide,disorders of peripheral nervous system,other disorders of peripheral nervous system,disorders of peripheral nervous system,19.0
574,574,571,I35,Prasterone,nonrheumatic aortic valve disorders,"nonrheumatic aortic valve disorders;aortic (valve) stenosis;aortic (valve) insufficiency;aortic (valve) stenosis with insufficiency;other aortic valve disorders;aortic valve disorder, unspecified",nonrheumatic aortic valve disorders,0.0
575,575,572,E63,Pimavanserin,nutritional deficiencies,"other nutritional deficiencies;essential fatty acid [efa] deficiency;imbalance of constituents of food intake;other specified nutritional deficiencies;nutritional deficiency, unspecified",nutritional deficiencies,0.0
576,576,573,I61,Zaleplon,intracerebral haemorrhage,"intracerebral haemorrhage;intracerebral haemorrhage in hemisphere, subcortical;intracerebral haemorrhage in hemisphere, cortical;intracerebral haemorrhage in hemisphere, unspecified;intracerebral haemorrhage in brain stem;intracerebral haemorrhage in cerebellum;intracerebral haemorrhage, intraventricular;intracerebral haemorrhage, multiple localised;other intracerebral haemorrhage;intracerebral haemorrhage, unspecified",intracerebral haemorrhage,0.0
577,577,574,E50,Ferric pyrophosphate citrate,vitamin a deficiency,"vitamin a deficiency;vitamin a deficiency with conjunctival xerosis;vitamin a deficiency with bitot's spot and conjunctival xerosis;vitamin a deficiency with corneal xerosis;vitamin a deficiency with corneal ulceration and xerosis;vitamin a deficiency with keratomalacia;vitamin a deficiency with night blindness;vitamin a deficiency with xerophthalmic scars of cornea;other ocular manifestations of vitamin a deficiency;other manifestations of vitamin a deficiency;vitamin a deficiency, unspecified",vitamin a deficiency,0.0
578,578,575,F10,Apremilast,mental and behavioural disorders due to use of alcohol,mental and behavioural disorders due to use of alcohol;acute intoxication;harmful use;dependence syndrome;withdrawal state;withdrawal state with delirium;psychotic disorder;amnesic syndrome;residual and late-onset psychotic disorder;other mental and behavioural disorders;unspecified mental and behavioural disorder,mental and behavioural disorders due to use of alcohol,8.0
579,579,576,F09,Sucralfate,unspecified organic or symptomatic mental disorder,unspecified organic or symptomatic mental disorder,organic or symptomatic mental disorder,6.0
580,580,577,G41,Acetylsalicylic acid,status epilepticus,"status epilepticus;grand mal status epilepticus;petit mal status epilepticus;complex partial status epilepticus;other status epilepticus;status epilepticus, unspecified",status epilepticus,18.0
581,581,578,H53,Ponatinib,visual disturbances,"visual disturbances;amblyopia ex anopsia;subjective visual disturbances;diplopia;other disorders of binocular vision;visual field defects;colour vision deficiencies;night blindness;other visual disturbances;visual disturbance, unspecified",visual disturbances,0.0
582,582,579,E72,Rofecoxib,disorders of amino-acid metabolism,"other disorders of amino-acid metabolism;disorders of amino-acid transport;disorders of sulphur-bearing amino-acid metabolism;disorders of urea cycle metabolism;disorders of lysine and hydroxylysine metabolism;disorders of ornithine metabolism;disorders of glycine metabolism;other specified disorders of amino-acid metabolism;disorder of amino-acid metabolism, unspecified",disorders of amino-acid metabolism,16.0
583,583,580,N94,Isoflurophate,pain and conditions associated with female genital organs and menstrual cycle,"pain and other conditions associated with female genital organs and menstrual cycle;mittelschmerz;dyspareunia;vaginismus;premenstrual tension syndrome;primary dysmenorrhoea;secondary dysmenorrhoea;dysmenorrhoea, unspecified;other specified conditions associated with female genital organs and menstrual cycle;unspecified condition associated with female genital organs and menstrual cycle",pain and conditions associated with female genital organs and menstrual cycle,1.0
584,584,581,N41,Menadione,inflammatory diseases of prostate,"inflammatory diseases of prostate;acute prostatitis;chronic prostatitis;abscess of prostate;prostatocystitis;other inflammatory diseases of prostate;inflammatory disease of prostate, unspecified",inflammatory diseases of prostate,0.0
585,585,582,J44,Efalizumab,chronic obstructive pulmonary disease,"other chronic obstructive pulmonary disease;chronic obstructive pulmonary disease with acute lower respiratory infection;chronic obstructive pulmonary disease with acute exacerbation, unspecified;other specified chronic obstructive pulmonary disease;chronic obstructive pulmonary disease, unspecified",chronic obstructive pulmonary disease,1.0
586,586,583,K81,Antrafenine,cholecystitis,"cholecystitis;acute cholecystitis;chronic cholecystitis;other cholecystitis;cholecystitis, unspecified",cholecystitis,0.0
587,587,584,F50,Antrafenine,eating disorders,"eating disorders;anorexia nervosa;atypical anorexia nervosa;bulimia nervosa;atypical bulimia nervosa;overeating associated with other psychological disturbances;vomiting associated with other psychological disturbances;other eating disorders;eating disorder, unspecified",eating disorders,0.0
588,588,585,F41,Loteprednol,anxiety disorders,"other anxiety disorders;panic disorder [episodic paroxysmal anxiety];generalised anxiety disorder;mixed anxiety and depressive disorder;other mixed anxiety disorders;other specified anxiety disorders;anxiety disorder, unspecified",anxiety disorders,0.0
589,589,586,H44,Indinavir,disorders of globe,"disorders of globe;purulent endophthalmitis;other endophthalmitis;degenerative myopia;other degenerative disorders of globe;hypotony of eye;degenerated conditions of globe;retained (old) intraocular foreign body, magnetic;retained (old) intraocular foreign body, nonmagnetic;other disorders of globe;disorder of globe, unspecified",disorders of globe,23.0
590,590,587,L95,Topotecan,"vasculitis limited to skin, not elsewhere classified","vasculitis limited to skin, not elsewhere classified;livedoid vasculitis;erythema elevatum diutinum;other vasculitis limited to skin;vasculitis limited to skin, unspecified",vasculitis limited to skin,0.0
591,591,588,K25,Anisotropine Methylbromide,gastric ulcer,"gastric ulcer;acute with haemorrhage;acute with perforation;acute with both haemorrhage and perforation;acute without haemorrhage or perforation;chronic or unspecified with haemorrhage;chronic or unspecified with perforation;chronic or unspecified with both haemorrhage and perforation;chronic without haemorrhage or perforation;unspecified as acute or chronic, without haemorrhage or perforation",gastric ulcer,2.0
592,592,589,D64,Deutetrabenazine,anaemias,"other anaemias;hereditary sideroblastic anaemia;secondary sideroblastic anaemia due to disease;secondary sideroblastic anaemia due to drugs and toxins;other sideroblastic anaemias;congenital dyserythropoietic anaemia;other specified anaemias;anaemia, unspecified",anaemias,0.0
593,593,590,A01,Dimethyl sulfoxide,typhoid and paratyphoid fevers,"typhoid and paratyphoid fevers;typhoid fever;paratyphoid fever a;paratyphoid fever b;paratyphoid fever c;paratyphoid fever, unspecified",typhoid and paratyphoid fevers,1.0
594,594,591,I22,Ondansetron,subsequent myocardial infarction,subsequent myocardial infarction;subsequent myocardial infarction of anterior wall;subsequent myocardial infarction of inferior wall;subsequent myocardial infarction of other sites;subsequent myocardial infarction of unspecified site,subsequent myocardial infarction,1.0
595,595,592,G30,Dihydrotachysterol,alzheimer's disease,"alzheimer's disease;alzheimer's disease with early onset;alzheimer's disease with late onset;other alzheimer's disease;alzheimer's disease, unspecified",alzheimer's disease,0.0
596,596,593,A05,Lamivudine,bacterial foodborne intoxications,"other bacterial foodborne intoxications;foodborne staphylococcal intoxication;botulism;foodborne clostridium perfringens [clostridium welchii] intoxication;foodborne vibrio parahaemolyticus intoxication;foodborne bacillus cereus intoxication;other specified bacterial foodborne intoxications;bacterial foodborne intoxication, unspecified",bacterial foodborne intoxications,0.0
597,597,594,F01,Tianeptine,vascular dementia,"vascular dementia;vascular dementia of acute onset;multi-infarct dementia;subcortical vascular dementia;mixed cortical and subcortical vascular dementia;other vascular dementia;vascular dementia, unspecified",vascular dementia,1.0
598,598,595,N40,Diosmin,hyperplasia of prostate,hyperplasia of prostate,hyperplasia of prostate,1.0
599,599,596,D73,Zuclopenthixol,diseases of spleen,"diseases of spleen;hyposplenism;hypersplenism;chronic congestive splenomegaly;abscess of spleen;cyst of spleen;infarction of spleen;other diseases of spleen;disease of spleen, unspecified",diseases of spleen,0.0
600,600,597,J62,Fenfluramine,pneumoconiosis due to dust containing silica,pneumoconiosis due to dust containing silica;pneumoconiosis due to talc dust;pneumoconiosis due to other dust containing silica,pneumoconiosis due to dust containing silica,1.0
601,601,598,D51,Oleic Acid,vitamin b12 deficiency anaemia,"vitamin b12 deficiency anaemia;vitamin b12 deficiency anaemia due to intrinsic factor deficiency;vitamin b12 deficiency anaemia due to selective vitamin b12 malabsorption with proteinuria;transcobalamin ii deficiency;other dietary vitamin b12 deficiency anaemia;other vitamin b12 deficiency anaemias;vitamin b12 deficiency anaemia, unspecified",vitamin b12 deficiency anaemia,1.0
602,602,599,G61,Insulin Detemir,inflammatory polyneuropathy,"inflammatory polyneuropathy;guillain-barre syndrome;serum neuropathy;other inflammatory polyneuropathies;inflammatory polyneuropathy, unspecified",inflammatory polyneuropathy,0.0
603,603,600,J60,Zolmitriptan,coalworker's pneumoconiosis,coalworker's pneumoconiosis,coalworker's pneumoconiosis,0.0
604,604,601,F24,Digitoxin,induced delusional disorder,induced delusional disorder,induced delusional disorder,0.0
605,605,602,B18,Gefitinib,chronic viral hepatitis,"chronic viral hepatitis;chronic viral hepatitis b with delta-agent;chronic viral hepatitis b without delta-agent;chronic viral hepatitis c;other chronic viral hepatitis;chronic viral hepatitis, unspecified",chronic viral hepatitis,
606,606,603,H34,Acetylcholine,retinal vascular occlusions,"retinal vascular occlusions;transient retinal artery occlusion;central retinal artery occlusion;other retinal artery occlusions;other retinal vascular occlusions;retinal vascular occlusion, unspecified",retinal vascular occlusions,5.0
607,607,604,F48,Econazole,neurotic disorders,"other neurotic disorders;neurasthenia;depersonalisation-derealisation syndrome;other specified neurotic disorders;neurotic disorder, unspecified",neurotic disorders,0.0
608,608,605,K30,Edetic Acid,dyspepsia,dyspepsia,dyspepsia,0.0
609,609,606,N04,Amiodarone,nephrotic syndrome,nephrotic syndrome;minor glomerular abnormality;focal and segmental glomerular lesions;diffuse membranous glomerulonephritis;diffuse mesangial proliferative glomerulonephritis;diffuse endocapillary proliferative glomerulonephritis;diffuse mesangiocapillary glomerulonephritis;dense deposit disease;diffuse crescentic glomerulonephritis;other;unspecified,nephrotic syndrome,3.0
610,610,607,M35,Pargyline,systemic involvement of connective tissue,"other systemic involvement of connective tissue;sicca syndrome [sjogren];other overlap syndromes;behcet's disease;polymyalgia rheumatica;diffuse (eosinophilic) fasciitis;multifocal fibrosclerosis;relapsing panniculitis [weber-christian];hypermobility syndrome;other specified systemic involvement of connective tissue;systemic involvement of connective tissue, unspecified",systemic involvement of connective tissue,0.0
611,611,608,J46,Oxytocin,status asthmaticus,status asthmaticus,status asthmaticus,1.0
612,612,609,G57,Chlorpromazine,mononeuropathies of lower limb,"mononeuropathies of lower limb;lesion of sciatic nerve;meralgia paraesthetica;lesion of femoral nerve;lesion of lateral popliteal nerve;lesion of medial popliteal nerve;tarsal tunnel syndrome;lesion of plantar nerve;other mononeuropathies of lower limb;mononeuropathy of lower limb, unspecified",mononeuropathies of lower limb,1.0
613,613,610,J81,Metformin,pulmonary oedema,pulmonary oedema,pulmonary oedema,19.0
614,614,611,I71,Docetaxel,aortic aneurysm and dissection,"aortic aneurysm and dissection;dissection of aorta [any part];thoracic aortic aneurysm, ruptured;thoracic aortic aneurysm, without mention of rupture;abdominal aortic aneurysm, ruptured;abdominal aortic aneurysm, without mention of rupture;thoracoabdominal aortic aneurysm, ruptured;thoracoabdominal aortic aneurysm, without mention of rupture;aortic aneurysm of unspecified site, ruptured;aortic aneurysm of unspecified site, without mention of rupture",aortic aneurysm and dissection,362.0
615,615,612,B19,Lacosamide,unspecified viral hepatitis,unspecified viral hepatitis;unspecified viral hepatitis with coma;unspecified viral hepatitis without coma,viral hepatitis,0.0
616,616,613,L95,Doxepin,"vasculitis limited to skin, not elsewhere classified","vasculitis limited to skin, not elsewhere classified;livedoid vasculitis;erythema elevatum diutinum;other vasculitis limited to skin;vasculitis limited to skin, unspecified",vasculitis limited to skin,1.0
617,617,614,F20,Nelfinavir,schizophrenia,"schizophrenia;paranoid schizophrenia;hebephrenic schizophrenia;catatonic schizophrenia;undifferentiated schizophrenia;postschizophrenic depression;residual schizophrenia;simple schizophrenia;other schizophrenia;schizophrenia, unspecified",schizophrenia,1.0
618,618,615,B24,Medroxyprogesterone acetate,unspecified human immunodeficiency virus [hiv] disease,unspecified human immunodeficiency virus [hiv] disease,human immunodeficiency virus [hiv] disease,280.0
619,619,616,L26,Palbociclib,exfoliative dermatitis,exfoliative dermatitis,exfoliative dermatitis,0.0
620,620,617,F24,Azacitidine,induced delusional disorder,induced delusional disorder,induced delusional disorder,0.0
621,621,618,L94,Voacamine,localised connective tissue disorders,"other localised connective tissue disorders;localised scleroderma [morphea];linear scleroderma;calcinosis cutis;sclerodactyly;gottron's papules;poikiloderma vasculare atrophicans;ainhum;other specified localised connective tissue disorders;localised connective tissue disorder, unspecified",localised connective tissue disorders,0.0
622,622,619,C95,Glucagon recombinant,leukaemia of cell type,"leukaemia of unspecified cell type;acute leukaemia of unspecified cell type;chronic leukaemia of unspecified cell type;subacute leukaemia of unspecified cell type;other leukaemia of unspecified cell type;leukaemia, unspecified",leukaemia of cell type,2.0
623,623,620,K55,Antithrombin III human,vascular disorders of intestine,"vascular disorders of intestine;acute vascular disorders of intestine;chronic vascular disorders of intestine;angiodysplasia of colon;angiodysplasia of small intestine;other vascular disorders of intestine;vascular disorder of intestine, unspecified",vascular disorders of intestine,49.0
624,624,621,G95,Fluciclovine (18F),diseases of spinal cord,"other diseases of spinal cord;syringomyelia and syringobulbia;vascular myelopathies;cord compression, unspecified;other specified diseases of spinal cord;disease of spinal cord, unspecified",diseases of spinal cord,0.0
625,625,622,A78,Tegaserod,q fever,q fever,q fever,0.0
626,626,623,M08,Ubidecarenone,juvenile arthritis,"juvenile arthritis;juvenile rheumatoid arthritis;juvenile ankylosing spondylitis;juvenile arthritis with systemic onset;juvenile polyarthritis (seronegative);pauciarticular juvenile arthritis;other juvenile arthritis;juvenile arthritis, unspecified",juvenile arthritis,0.0
627,627,624,F18,D-glucose,mental and behavioural disorders due to use of volatile solvents,mental and behavioural disorders due to use of volatile solvents;acute intoxication;harmful use;dependence syndrome;withdrawal state;withdrawal state with delirium;psychotic disorder;amnesic syndrome;residual and late-onset psychotic disorder;other mental and behavioural disorders;unspecified mental and behavioural disorder,mental and behavioural disorders due to use of volatile solvents,4.0
628,628,625,G53,Naphazoline,cranial nerve disorders in diseases classified elsewhere,cranial nerve disorders in diseases classified elsewhere;postzoster neuralgia;multiple cranial nerve palsies in infectious and parasitic diseases classified elsewhere;multiple cranial nerve palsies in sarcoidosis;multiple cranial nerve palsies in neoplastic disease;other cranial nerve disorders in other diseases classified elsewhere,cranial nerve disorders in diseases classified elsewhere,0.0
629,629,626,G57,Hydroxocobalamin,mononeuropathies of lower limb,"mononeuropathies of lower limb;lesion of sciatic nerve;meralgia paraesthetica;lesion of femoral nerve;lesion of lateral popliteal nerve;lesion of medial popliteal nerve;tarsal tunnel syndrome;lesion of plantar nerve;other mononeuropathies of lower limb;mononeuropathy of lower limb, unspecified",mononeuropathies of lower limb,0.0
630,630,627,L30,Epirubicin,dermatitis,"other dermatitis;nummular dermatitis;dyshidrosis [pompholyx];cutaneous autosensitisation;infective dermatitis;erythema intertrigo;pityriasis alba;other specified dermatitis;dermatitis, unspecified",dermatitis,32.0
631,631,628,F01,Etodolac,vascular dementia,"vascular dementia;vascular dementia of acute onset;multi-infarct dementia;subcortical vascular dementia;mixed cortical and subcortical vascular dementia;other vascular dementia;vascular dementia, unspecified",vascular dementia,0.0
632,632,629,F17,Nitrendipine,mental and behavioural disorders due to use of tobacco,mental and behavioural disorders due to use of tobacco;acute intoxication;harmful use;dependence syndrome;withdrawal state;withdrawal state with delirium;psychotic disorder;amnesic syndrome;residual and late-onset psychotic disorder;other mental and behavioural disorders;unspecified mental and behavioural disorder,mental and behavioural disorders due to use of tobacco,0.0
633,633,630,I35,Interferon alfa-n3,nonrheumatic aortic valve disorders,"nonrheumatic aortic valve disorders;aortic (valve) stenosis;aortic (valve) insufficiency;aortic (valve) stenosis with insufficiency;other aortic valve disorders;aortic valve disorder, unspecified",nonrheumatic aortic valve disorders,0.0
634,634,631,E10,Desogestrel,insulin-dependent diabetes mellitus,insulin-dependent diabetes mellitus;with coma;with ketoacidosis;with renal complications;with ophthalmic complications;with neurological complications;with peripheral circulatory complications;with other specified complications;with multiple complications;with unspecified complications;without complications,insulin-dependent diabetes mellitus,5.0
635,635,632,E46,Bromazepam,unspecified protein-energy malnutrition,unspecified protein-energy malnutrition,protein-energy malnutrition,0.0
636,636,633,F15,Drotaverine,"mental and behavioural disorders due to use of stimulants, including caffeine","mental and behavioural disorders due to use of other stimulants, including caffeine;acute intoxication;harmful use;dependence syndrome;withdrawal state;withdrawal state with delirium;psychotic disorder;amnesic syndrome;residual and late-onset psychotic disorder;other mental and behavioural disorders;unspecified mental and behavioural disorder","mental and behavioural disorders due to use of stimulants, including caffeine",0.0
637,637,634,G31,Desvenlafaxine,"degenerative diseases of nervous system, not elsewhere classified","other degenerative diseases of nervous system, not elsewhere classified;circumscribed brain atrophy;senile degeneration of brain, not elsewhere classified;degeneration of nervous system due to alcohol;other specified degenerative diseases of nervous system;degenerative disease of nervous system, unspecified",degenerative diseases of nervous system,0.0
638,638,635,K83,Aluminium,diseases of biliary tract,"other diseases of biliary tract;cholangitis;obstruction of bile duct;perforation of bile duct;fistula of bile duct;spasm of sphincter of oddi;biliary cyst;other specified diseases of biliary tract;disease of biliary tract, unspecified",diseases of biliary tract,22.0
639,639,636,G64,Arbutamine,disorders of peripheral nervous system,other disorders of peripheral nervous system,disorders of peripheral nervous system,0.0
640,640,637,M51,Nortriptyline,intervertebral disk disorders,"other intervertebral disk disorders;lumbar and other intervertebral disk disorders with myelopathy;lumbar and other intervertebral disk disorders with radiculopathy;other specified intervertebral disk displacement;other specified intervertebral disk degeneration;schmorl's nodes;other specified intervertebral disk disorders;intervertebral disk disorder, unspecified",intervertebral disk disorders,0.0
641,641,638,M66,Loratadine,spontaneous rupture of synovium and tendon,spontaneous rupture of synovium and tendon;rupture of popliteal cyst;rupture of synovium;spontaneous rupture of extensor tendons;spontaneous rupture of flexor tendons;spontaneous rupture of other tendons;spontaneous rupture of unspecified tendon,spontaneous rupture of synovium and tendon,1.0
642,642,639,D45,Ropivacaine,polycythaemia vera,polycythaemia vera,polycythaemia vera,1.0
643,643,640,G35,Pseudoephedrine,multiple sclerosis,multiple sclerosis,multiple sclerosis,0.0
644,644,641,D61,Suprofen,aplastic anaemias,"other aplastic anaemias;constitutional aplastic anaemia;drug-induced aplastic anaemia;aplastic anaemia due to other external agents;idiopathic aplastic anaemia;other specified aplastic anaemias;aplastic anaemia, unspecified",aplastic anaemias,1.0
645,645,642,B41,Betaxolol,paracoccidioidomycosis,"paracoccidioidomycosis;pulmonary paracoccidioidomycosis;disseminated paracoccidioidomycosis;other forms of paracoccidioidomycosis;paracoccidioidomycosis, unspecified",paracoccidioidomycosis,0.0
646,646,643,I11,Sitagliptin,hypertensive heart disease,hypertensive heart disease;hypertensive heart disease with (congestive) heart failure;hypertensive heart disease without (congestive) heart failure,hypertensive heart disease,22.0
647,647,644,H18,Aprobarbital,disorders of cornea,"other disorders of cornea;corneal pigmentations and deposits;bullous keratopathy;other corneal oedema;changes in corneal membranes;corneal degeneration;hereditary corneal dystrophies;keratoconus;other corneal deformities;other specified disorders of cornea;disorder of cornea, unspecified",disorders of cornea,0.0
648,648,645,C45,Lofexidine,mesothelioma,"mesothelioma;mesothelioma of pleura;mesothelioma of peritoneum;mesothelioma of pericardium;mesothelioma of other sites;mesothelioma, unspecified",mesothelioma,0.0
649,649,646,G57,Oxprenolol,mononeuropathies of lower limb,"mononeuropathies of lower limb;lesion of sciatic nerve;meralgia paraesthetica;lesion of femoral nerve;lesion of lateral popliteal nerve;lesion of medial popliteal nerve;tarsal tunnel syndrome;lesion of plantar nerve;other mononeuropathies of lower limb;mononeuropathy of lower limb, unspecified",mononeuropathies of lower limb,0.0
650,650,647,F52,Voacamine,"sexual dysfunction, not caused by organic disorder or disease","sexual dysfunction, not caused by organic disorder or disease;lack or loss of sexual desire;sexual aversion and lack of sexual enjoyment;failure of genital response;orgasmic dysfunction;premature ejaculation;nonorganic vaginismus;nonorganic dyspareunia;excessive sexual drive;other sexual dysfunction, not caused by organic disorder or disease;unspecified sexual dysfunction, not caused by organic disorder or disease",sexual dysfunction,0.0
651,651,648,E74,Desogestrel,disorders of carbohydrate metabolism,"other disorders of carbohydrate metabolism;glycogen storage disease;disorders of fructose metabolism;disorders of galactose metabolism;other disorders of intestinal carbohydrate absorption;disorders of pyruvate metabolism and gluconeogenesis;other specified disorders of carbohydrate metabolism;disorder of carbohydrate metabolism, unspecified",disorders of carbohydrate metabolism,40.0
652,652,649,L40,Tegafur-uracil,psoriasis,"asthma;predominantly allergic asthma;nonallergic asthma;mixed asthma;asthma, unspecified",asthma,0.0
653,653,649,L40,Tegafur-uracil,psoriasis,"psoriasis;psoriasis vulgaris;generalised pustular psoriasis;acrodermatitis continua;pustulosis palmaris et plantaris;guttate psoriasis;arthropathic psoriasis;other psoriasis;psoriasis, unspecified",psoriasis,0.0
654,654,649,L40,Tegafur-uracil,psoriasis,"asthma;predominantly allergic asthma;nonallergic asthma;mixed asthma;asthma, unspecified",asthma,0.0
655,655,649,L40,Tegafur-uracil,psoriasis,"psoriasis;psoriasis vulgaris;generalised pustular psoriasis;acrodermatitis continua;pustulosis palmaris et plantaris;guttate psoriasis;arthropathic psoriasis;other psoriasis;psoriasis, unspecified",psoriasis,0.0
656,656,650,M87,Loxapine,osteonecrosis,"osteonecrosis;idiopathic aseptic necrosis of bone;osteonecrosis due to drugs;osteonecrosis due to previous trauma;other secondary osteonecrosis;other osteonecrosis;osteonecrosis, unspecified",osteonecrosis,0.0
657,657,651,L40,Exenatide,psoriasis,"asthma;predominantly allergic asthma;nonallergic asthma;mixed asthma;asthma, unspecified",asthma,6.0
658,658,651,L40,Exenatide,psoriasis,"psoriasis;psoriasis vulgaris;generalised pustular psoriasis;acrodermatitis continua;pustulosis palmaris et plantaris;guttate psoriasis;arthropathic psoriasis;other psoriasis;psoriasis, unspecified",psoriasis,10.0
659,659,651,L40,Exenatide,psoriasis,"asthma;predominantly allergic asthma;nonallergic asthma;mixed asthma;asthma, unspecified",asthma,6.0
660,660,651,L40,Exenatide,psoriasis,"psoriasis;psoriasis vulgaris;generalised pustular psoriasis;acrodermatitis continua;pustulosis palmaris et plantaris;guttate psoriasis;arthropathic psoriasis;other psoriasis;psoriasis, unspecified",psoriasis,10.0
661,661,652,J20,Iloperidone,acute bronchitis,"acute bronchitis;acute bronchitis due to mycoplasma pneumoniae;acute bronchitis due to haemophilus influenzae;acute bronchitis due to streptococcus;acute bronchitis due to coxsackie virus;acute bronchitis due to parainfluenza virus;acute bronchitis due to respiratory syncytial virus;acute bronchitis due to rhinovirus;acute bronchitis due to echovirus;acute bronchitis due to other specified organisms;acute bronchitis, unspecified",acute bronchitis,0.0
662,662,653,L57,Dexmethylphenidate,skin changes due to chronic exposure to nonionising radiation,"skin changes due to chronic exposure to nonionising radiation;actinic keratosis;actinic reticuloid;cutis rhomboidalis nuchae;poikiloderma of civatte;cutis laxa senilis;actinic granuloma;other skin changes due to chronic exposure to nonionising radiation;skin changes due to chronic exposure to nonionising radiation, unspecified",skin changes due to chronic exposure to nonionising radiation,0.0
663,663,654,I50,Brigatinib,heart failure,"heart failure;congestive heart failure;left ventricular failure;heart failure, unspecified",heart failure,6.0
664,664,655,H10,Gemcitabine,conjunctivitis,"conjunctivitis;mucopurulent conjunctivitis;acute atopic conjunctivitis;other acute conjunctivitis;acute conjunctivitis, unspecified;chronic conjunctivitis;blepharoconjunctivitis;other conjunctivitis;conjunctivitis, unspecified",conjunctivitis,4.0
665,665,656,D61,Thimerosal,aplastic anaemias,"other aplastic anaemias;constitutional aplastic anaemia;drug-induced aplastic anaemia;aplastic anaemia due to other external agents;idiopathic aplastic anaemia;other specified aplastic anaemias;aplastic anaemia, unspecified",aplastic anaemias,1.0
666,666,657,H30,Pentaerythritol Tetranitrate,chorioretinal inflammation,"chorioretinal inflammation;focal chorioretinal inflammation;disseminated chorioretinal inflammation;posterior cyclitis;other chorioretinal inflammations;chorioretinal inflammation, unspecified",chorioretinal inflammation,0.0
667,667,658,N39,Thiamylal,disorders of urinary system,"other disorders of urinary system;urinary tract infection, site not specified;persistent proteinuria, unspecified;orthostatic proteinuria, unspecified;stress incontinence;other specified urinary incontinence;other specified disorders of urinary system;disorder of urinary system, unspecified",disorders of urinary system,0.0
668,668,659,E66,Carbachol,obesity,"obesity;obesity due to excess calories;drug-induced obesity;extreme obesity with alveolar hypoventilation;other obesity;obesity, unspecified",obesity,89.0
669,669,660,D53,Dihydroergotamine,nutritional anaemias,"other nutritional anaemias;protein deficiency anaemia;other megaloblastic anaemias, not elsewhere classified;scorbutic anaemia;other specified nutritional anaemias;nutritional anaemia, unspecified",nutritional anaemias,0.0
670,670,661,N96,Belatacept,habitual aborter,habitual aborter,habitual aborter,2.0
671,671,662,A90,Ribociclib,dengue fever [classical dengue],dengue fever [classical dengue],dengue fever [classical dengue],0.0
672,672,663,I21,"Antihemophilic Factor (Recombinant), PEGylated",acute myocardial infarction,"acute myocardial infarction;acute transmural myocardial infarction of anterior wall;acute transmural myocardial infarction of inferior wall;acute transmural myocardial infarction of other sites;acute transmural myocardial infarction of unspecified site;acute subendocardial myocardial infarction;acute myocardial infarction, unspecified;i21.x presumed acute myicardial infaction (unconfirmed)",acute myocardial infarction,0.0
673,673,664,H18,Melperone,disorders of cornea,"other disorders of cornea;corneal pigmentations and deposits;bullous keratopathy;other corneal oedema;changes in corneal membranes;corneal degeneration;hereditary corneal dystrophies;keratoconus;other corneal deformities;other specified disorders of cornea;disorder of cornea, unspecified",disorders of cornea,1.0
674,674,665,F13,Abemaciclib,mental and behavioural disorders due to use of sedatives or hypnotics,mental and behavioural disorders due to use of sedatives or hypnotics;acute intoxication;harmful use;dependence syndrome;withdrawal state;withdrawal state with delirium;psychotic disorder;amnesic syndrome;residual and late-onset psychotic disorder;other mental and behavioural disorders;unspecified mental and behavioural disorder,mental and behavioural disorders due to use of sedatives or hypnotics,1.0
675,675,666,F24,Olodaterol,induced delusional disorder,induced delusional disorder,induced delusional disorder,0.0
676,676,667,N96,Ritonavir,habitual aborter,habitual aborter,habitual aborter,0.0
677,677,668,D46,Pantoprazole,myelodysplastic syndromes,"myelodysplastic syndromes;refractory anaemia without sideroblasts, so stated;refractory anaemia with sideroblasts;refractory anaemia with excess of blasts;refractory anaemia with excess of blasts with transformation;refractory anaemia, unspecified;refractory anaemia with multi-lineage dysplasia;myelodysplastic syndrome with isolated del(5q) chromosomal abnormality;other myelodysplastic syndromes;myelodysplastic syndrome, unspecified",myelodysplastic syndromes,1.0
678,678,669,B86,Rotigotine,scabies,scabies,scabies,0.0
679,679,670,B47,Butylscopolamine,mycetoma,"mycetoma;eumycetoma;actinomycetoma;mycetoma, unspecified",mycetoma,0.0
680,680,671,K44,Fexofenadine,diaphragmatic hernia,"diaphragmatic hernia;diaphragmatic hernia with obstruction, without gangrene;diaphragmatic hernia with gangrene;diaphragmatic hernia without obstruction or gangrene",diaphragmatic hernia,0.0
681,681,672,M54,Prednisolone,dorsalgia,"dorsalgia;panniculitis affecting regions of neck and back;radiculopathy;cervicalgia;sciatica;lumbago with sciatica;low back pain;pain in thoracic spine;other dorsalgia;dorsalgia, unspecified",dorsalgia,543.0
682,682,673,K59,Betamethasone,functional intestinal disorders,"other functional intestinal disorders;constipation;functional diarrhoea;neurogenic bowel, not elsewhere classified;megacolon, not elsewhere classified;anal spasm;other specified functional intestinal disorders;functional intestinal disorder, unspecified",functional intestinal disorders,57.0
683,683,674,I47,Grazoprevir,paroxysmal tachycardia,"paroxysmal tachycardia;reentry ventricular arrhythmia;supraventricular tachycardia;ventricular tachycardia;paroxysmal tachycardia, unspecified",paroxysmal tachycardia,0.0
684,684,675,G30,Nitric Oxide,alzheimer's disease,"alzheimer's disease;alzheimer's disease with early onset;alzheimer's disease with late onset;other alzheimer's disease;alzheimer's disease, unspecified",alzheimer's disease,2435.0
685,685,676,A01,Bortezomib,typhoid and paratyphoid fevers,"typhoid and paratyphoid fevers;typhoid fever;paratyphoid fever a;paratyphoid fever b;paratyphoid fever c;paratyphoid fever, unspecified",typhoid and paratyphoid fevers,1.0
686,686,677,D46,Megestrol acetate,myelodysplastic syndromes,"myelodysplastic syndromes;refractory anaemia without sideroblasts, so stated;refractory anaemia with sideroblasts;refractory anaemia with excess of blasts;refractory anaemia with excess of blasts with transformation;refractory anaemia, unspecified;refractory anaemia with multi-lineage dysplasia;myelodysplastic syndrome with isolated del(5q) chromosomal abnormality;other myelodysplastic syndromes;myelodysplastic syndrome, unspecified",myelodysplastic syndromes,0.0
687,687,678,A71,Phendimetrazine,trachoma,"trachoma;initial stage of trachoma;active stage of trachoma;trachoma, unspecified",trachoma,0.0
688,688,679,N80,Diclofenamide,endometriosis,"endometriosis;endometriosis of uterus;endometriosis of ovary;endometriosis of fallopian tube;endometriosis of pelvic peritoneum;endometriosis of rectovaginal septum and vagina;endometriosis of intestine;endometriosis in cutaneous scar;other endometriosis;endometriosis, unspecified",endometriosis,0.0
689,689,680,G70,Alemtuzumab,myasthenia gravis and myoneural disorders,"myasthenia gravis and other myoneural disorders;myasthenia gravis;toxic myoneural disorders;congenital and developmental myasthenia;other specified myoneural disorders;myoneural disorder, unspecified",myasthenia gravis and myoneural disorders,57.0
690,690,681,C67,Bismuth Subsalicylate,malignant neoplasm of bladder,"malignant neoplasm of bladder;trigone of bladder;dome of bladder;lateral wall of bladder;anterior wall of bladder;posterior wall of bladder;bladder neck;ureteric orifice;urachus;overlapping lesion of bladder;bladder, unspecified",malignant neoplasm of bladder,0.0
691,691,682,F10,Boceprevir,mental and behavioural disorders due to use of alcohol,mental and behavioural disorders due to use of alcohol;acute intoxication;harmful use;dependence syndrome;withdrawal state;withdrawal state with delirium;psychotic disorder;amnesic syndrome;residual and late-onset psychotic disorder;other mental and behavioural disorders;unspecified mental and behavioural disorder,mental and behavioural disorders due to use of alcohol,3.0
692,692,683,G95,Glycerin,diseases of spinal cord,"other diseases of spinal cord;syringomyelia and syringobulbia;vascular myelopathies;cord compression, unspecified;other specified diseases of spinal cord;disease of spinal cord, unspecified",diseases of spinal cord,59.0
693,693,684,F12,Mepenzolate,mental and behavioural disorders due to use of cannabinoids,mental and behavioural disorders due to use of cannabinoids;acute intoxication;harmful use;dependence syndrome;withdrawal state;withdrawal state with delirium;psychotic disorder;amnesic syndrome;residual and late-onset psychotic disorder;other mental and behavioural disorders;unspecified mental and behavioural disorder,mental and behavioural disorders due to use of cannabinoids,0.0
694,694,685,E50,Desoximetasone,vitamin a deficiency,"vitamin a deficiency;vitamin a deficiency with conjunctival xerosis;vitamin a deficiency with bitot's spot and conjunctival xerosis;vitamin a deficiency with corneal xerosis;vitamin a deficiency with corneal ulceration and xerosis;vitamin a deficiency with keratomalacia;vitamin a deficiency with night blindness;vitamin a deficiency with xerophthalmic scars of cornea;other ocular manifestations of vitamin a deficiency;other manifestations of vitamin a deficiency;vitamin a deficiency, unspecified",vitamin a deficiency,0.0
695,695,686,F17,Oxymorphone,mental and behavioural disorders due to use of tobacco,mental and behavioural disorders due to use of tobacco;acute intoxication;harmful use;dependence syndrome;withdrawal state;withdrawal state with delirium;psychotic disorder;amnesic syndrome;residual and late-onset psychotic disorder;other mental and behavioural disorders;unspecified mental and behavioural disorder,mental and behavioural disorders due to use of tobacco,0.0
696,696,687,M19,Entacapone,arthrosis,"other arthrosis;primary arthrosis of other joints;posttraumatic arthrosis of other joints;other secondary arthrosis;other specified arthrosis;arthrosis, unspecified",arthrosis,0.0
697,697,688,I35,Pentoxifylline,nonrheumatic aortic valve disorders,"nonrheumatic aortic valve disorders;aortic (valve) stenosis;aortic (valve) insufficiency;aortic (valve) stenosis with insufficiency;other aortic valve disorders;aortic valve disorder, unspecified",nonrheumatic aortic valve disorders,0.0
698,698,689,L89,Leflunomide,decubitus ulcer,"decubitus ulcer;stage i decubitus ulcer and pressure area;stage ii decubitus ulcer;stage iii decubitus ulcer;stage iv decubitus ulcer;decubitus ulcer and pressure area, unspecified",decubitus ulcer,1.0
699,699,690,F03,Metoclopramide,unspecified dementia,unspecified dementia,dementia,20.0
700,700,691,C34,Methyprylon,malignant neoplasm of bronchus and lung,"malignant neoplasm of bronchus and lung;main bronchus;upper lobe, bronchus or lung;middle lobe, bronchus or lung;lower lobe, bronchus or lung;overlapping lesion of bronchus and lung;bronchus or lung, unspecified",malignant neoplasm of bronchus and lung,0.0
701,701,692,M31,Sodium carbonate,necrotising vasculopathies,"other necrotising vasculopathies;hypersensitivity angiitis;thrombotic microangiopathy;lethal midline granuloma;wegener's granulomatosis;aortic arch syndrome [takayasu];giant cell arteritis with polymyalgia rheumatica;other giant cell arteritis;microscopic polyangiitis;other specified necrotising vasculopathies;necrotising vasculopathy, unspecified",necrotising vasculopathies,2.0
702,702,693,D89,Alfuzosin,"disorders involving the immune mechanism, not elsewhere classified","other disorders involving the immune mechanism, not elsewhere classified;polyclonal hypergammaglobulinaemia;cryoglobulinaemia;hypergammaglobulinaemia, unspecified;immune reconstitution syndrome;other specified disorders involving the immune mechanism, not elsewhere classified;disorder involving the immune mechanism, unspecified",disorders involving the immune mechanism,0.0
703,703,694,L26,Nitrendipine,exfoliative dermatitis,exfoliative dermatitis,exfoliative dermatitis,0.0
704,704,695,M87,Pramipexole,osteonecrosis,"osteonecrosis;idiopathic aseptic necrosis of bone;osteonecrosis due to drugs;osteonecrosis due to previous trauma;other secondary osteonecrosis;other osteonecrosis;osteonecrosis, unspecified",osteonecrosis,0.0
705,705,696,C56,Primidone,malignant neoplasm of ovary,malignant neoplasm of ovary,malignant neoplasm of ovary,0.0
706,706,697,C49,Calcium Citrate,malignant neoplasm of connective and soft tissue,"malignant neoplasm of other connective and soft tissue;connective and soft tissue of head, face and neck;connective and soft tissue of upper limb, including shoulder;connective and soft tissue of lower limb, including hip;connective and soft tissue of thorax;connective and soft tissue of abdomen;connective and soft tissue of pelvis;connective and soft tissue of trunk, unspecified;overlapping lesion of connective and soft tissue;connective and soft tissue, unspecified",malignant neoplasm of connective and soft tissue,21.0
707,707,698,L51,Udenafil,erythema multiforme,"erythema multiforme;nonbullous erythema multiforme;bullous erythema multiforme;toxic epidermal necrolysis [lyell];other erythema multiforme;erythema multiforme, unspecified",erythema multiforme,0.0
708,708,699,L95,Amifampridine,"vasculitis limited to skin, not elsewhere classified","vasculitis limited to skin, not elsewhere classified;livedoid vasculitis;erythema elevatum diutinum;other vasculitis limited to skin;vasculitis limited to skin, unspecified",vasculitis limited to skin,0.0
709,709,700,I70,Topiroxostat,atherosclerosis,atherosclerosis;atherosclerosis of aorta;atherosclerosis of renal artery;atherosclerosis of arteries of the extremities;atherosclerosis of other arteries;generalised and unspecified atherosclerosis,atherosclerosis,3.0
710,710,701,D52,Afamelanotide,folate deficiency anaemia,"folate deficiency anaemia;dietary folate deficiency anaemia;drug-induced folate deficiency anaemia;other folate deficiency anaemias;folate deficiency anaemia, unspecified",folate deficiency anaemia,0.0
711,711,702,F48,Fondaparinux,neurotic disorders,"other neurotic disorders;neurasthenia;depersonalisation-derealisation syndrome;other specified neurotic disorders;neurotic disorder, unspecified",neurotic disorders,0.0
712,712,703,H90,Oxprenolol,conductive and sensorineural hearing loss,"conductive and sensorineural hearing loss;conductive hearing loss, bilateral;conductive hearing loss, unilateral with unrestricted hearing on the contralateral side;conductive hearing loss, unspecified;sensorineural hearing loss, bilateral;sensorineural hearing loss, unilateral with unrestricted hearing on the contralateral side;sensorineural hearing loss, unspecified;mixed conductive and sensorineural hearing loss, bilateral;mixed conductive and sensorineural hearing loss, unilateral with unrestricted hearing on the contralateral side;mixed conductive and sensorineural hearing loss, unspecified",conductive and sensorineural hearing loss,141.0
713,713,704,D05,Prazosin,carcinoma in situ of breast,"carcinoma in situ of breast;lobular carcinoma in situ;intraductal carcinoma in situ;other carcinoma in situ of breast;carcinoma in situ of breast, unspecified",carcinoma in situ of breast,0.0
714,714,705,I73,Sufentanil,peripheral vascular diseases,"other peripheral vascular diseases;raynaud's syndrome;thromboangiitis obliterans [buerger];other specified peripheral vascular diseases;peripheral vascular disease, unspecified",peripheral vascular diseases,4.0
715,715,706,D61,Iloprost,aplastic anaemias,"other aplastic anaemias;constitutional aplastic anaemia;drug-induced aplastic anaemia;aplastic anaemia due to other external agents;idiopathic aplastic anaemia;other specified aplastic anaemias;aplastic anaemia, unspecified",aplastic anaemias,1.0
716,716,707,L13,Diflunisal,bullous disorders,"other bullous disorders;dermatitis herpetiformis;subcorneal pustular dermatitis;other specified bullous disorders;bullous disorder, unspecified",bullous disorders,5.0
717,717,708,I70,Vinorelbine,atherosclerosis,atherosclerosis;atherosclerosis of aorta;atherosclerosis of renal artery;atherosclerosis of arteries of the extremities;atherosclerosis of other arteries;generalised and unspecified atherosclerosis,atherosclerosis,2.0
718,718,709,K52,Vinblastine,non-infective gastro-enteritis and colitis,"other non-infective gastro-enteritis and colitis;gastro-enteritis and colitis due to radiation;toxic gastro-enteritis and colitis;allergic and dietetic gastro-enteritis and colitis;indeterminate colitis;other specified non-infective gastro-enteritis and colitis;non-infective gastro-enteritis and colitis, unspecified",non-infective gastro-enteritis and colitis,14.0
719,719,710,H21,Propranolol,disorders of iris and ciliary body,"other disorders of iris and ciliary body;hyphaema;other vascular disorders of iris and ciliary body;degeneration of iris and ciliary body;cyst of iris, ciliary body and anterior chamber;pupillary membranes;other adhesions and disruptions of iris and ciliary body;other specified disorders of iris and ciliary body;disorder of iris and ciliary body, unspecified",disorders of iris and ciliary body,61.0
720,720,711,G98,Triazolam,"disorders of nervous system, not elsewhere classified","other disorders of nervous system, not elsewhere classified",disorders of nervous system,46.0
721,721,712,K82,Insulin Glargine,diseases of gallbladder,"other diseases of gallbladder;obstruction of gallbladder;hydrops of gallbladder;perforation of gallbladder;fistula of gallbladder;cholesterolosis of gallbladder;other specified diseases of gallbladder;disease of gallbladder, unspecified",diseases of gallbladder,2.0
722,722,713,E76,Oxytocin,disorders of glycosaminoglycan metabolism,"disorders of glycosaminoglycan metabolism;mucopolysaccharidosis, type i;mucopolysaccharidosis, type ii;other mucopolysaccharidoses;mucopolysaccharidosis, unspecified;other disorders of glucosaminoglycan metabolism;disorder of glucosaminoglycan metabolism, unspecified",disorders of glycosaminoglycan metabolism,2.0
723,723,714,F01,Tuberculin Purified Protein Derivative,vascular dementia,"vascular dementia;vascular dementia of acute onset;multi-infarct dementia;subcortical vascular dementia;mixed cortical and subcortical vascular dementia;other vascular dementia;vascular dementia, unspecified",vascular dementia,1.0
724,724,715,I67,Flunitrazepam,cerebrovascular diseases,"other cerebrovascular diseases;dissection of cerebral arteries, nonruptured;cerebral aneurysm, nonruptured;cerebral atherosclerosis;progressive vascular leukoencephalopathy;hypertensive encephalopathy;moyamoya disease;nonpyogenic thrombosis of intracranial venous system;cerebral arteritis, not elsewhere classified;other specified cerebrovascular diseases;cerebrovascular disease, unspecified",cerebrovascular diseases,11.0
725,725,716,E14,Prasterone,unspecified diabetes mellitus,unspecified diabetes mellitus;with coma;with ketoacidosis;withrenal complications;with ophthalmic complications;with neurological complications;with peripheral circulatory complications;with other specified complications;with multiple complications;with unspecified complications;without complications,diabetes mellitus,455.0
726,726,717,C25,Selegiline,malignant neoplasm of pancreas,"malignant neoplasm of pancreas;head of pancreas;body of pancreas;tail of pancreas;pancreatic duct;endocrine pancreas;other parts of pancreas;overlapping lesion of pancreas;pancreas, unspecified",malignant neoplasm of pancreas,1.0
727,727,718,C45,Ifenprodil,mesothelioma,"mesothelioma;mesothelioma of pleura;mesothelioma of peritoneum;mesothelioma of pericardium;mesothelioma of other sites;mesothelioma, unspecified",mesothelioma,0.0
728,728,719,G41,Pentoxyverine,status epilepticus,"status epilepticus;grand mal status epilepticus;petit mal status epilepticus;complex partial status epilepticus;other status epilepticus;status epilepticus, unspecified",status epilepticus,0.0
729,729,720,H44,Glutethimide,disorders of globe,"disorders of globe;purulent endophthalmitis;other endophthalmitis;degenerative myopia;other degenerative disorders of globe;hypotony of eye;degenerated conditions of globe;retained (old) intraocular foreign body, magnetic;retained (old) intraocular foreign body, nonmagnetic;other disorders of globe;disorder of globe, unspecified",disorders of globe,6.0
730,730,721,C80,Lansoprazole,malignant neoplasm without specification of site,"malignant neoplasm without specification of site;malignant neoplasm, primary site unknown, so stated;malignant neoplasm, unspecified",malignant neoplasm,243.0
731,731,722,D68,Calcitriol,coagulation defects,"other coagulation defects;von willebrand's disease;hereditary factor xi deficiency;hereditary deficiency of other clotting factors;haemorrhagic disorder due to circulating anticoagulants;acquired coagulation factor deficiency;primary thrombophilia;other thrombophilia;other specified coagulation defects;coagulation defect, unspecified",coagulation defects,21.0
732,732,723,M19,Eszopiclone,arthrosis,"other arthrosis;primary arthrosis of other joints;posttraumatic arthrosis of other joints;other secondary arthrosis;other specified arthrosis;arthrosis, unspecified",arthrosis,0.0
733,733,724,D07,Romidepsin,carcinoma in situ of genital organs,carcinoma in situ of other and unspecified genital organs;endometrium;vulva;vagina;other and unspecified female genital organs;penis;prostate;other and unspecified male genital organs,carcinoma in situ of genital organs,0.0
734,734,725,I82,Metoclopramide,venous embolism and thrombosis,other venous embolism and thrombosis;budd-chiari syndrome;thrombophlebitis migrans;embolism and thrombosis of vena cava;embolism and thrombosis of renal vein;embolism and thrombosis of other specified veins;embolism and thrombosis of unspecified vein,venous embolism and thrombosis,13.0
735,735,726,C94,Modafinil,specified leukaemias,"other leukaemias of specified cell type;acute erythraemia and erythroleukaemia;chronic erythraemia;acute megakaryoblastic leukaemia;mast cell leukaemia;acute panmyelosis;acute myelofibrosis;myelodysplastic and myeloproliferative disease, not elsewhere classified;other specified leukaemias",specified leukaemias,0.0
736,736,727,A05,Diclofenamide,bacterial foodborne intoxications,"other bacterial foodborne intoxications;foodborne staphylococcal intoxication;botulism;foodborne clostridium perfringens [clostridium welchii] intoxication;foodborne vibrio parahaemolyticus intoxication;foodborne bacillus cereus intoxication;other specified bacterial foodborne intoxications;bacterial foodborne intoxication, unspecified",bacterial foodborne intoxications,0.0
737,737,728,I70,Dronedarone,atherosclerosis,atherosclerosis;atherosclerosis of aorta;atherosclerosis of renal artery;atherosclerosis of arteries of the extremities;atherosclerosis of other arteries;generalised and unspecified atherosclerosis,atherosclerosis,2.0
738,738,729,N17,Delamanid,acute renal failure,"acute renal failure;acute renal failure with tubular necrosis;acute renal failure with acute cortical necrosis;acute renal failure with medullary necrosis;other acute renal failure;acute renal failure, unspecified",acute renal failure,3.0
739,739,730,B54,Atenolol,unspecified malaria,unspecified malaria,malaria,2.0
740,740,731,F18,Dexlansoprazole,mental and behavioural disorders due to use of volatile solvents,mental and behavioural disorders due to use of volatile solvents;acute intoxication;harmful use;dependence syndrome;withdrawal state;withdrawal state with delirium;psychotic disorder;amnesic syndrome;residual and late-onset psychotic disorder;other mental and behavioural disorders;unspecified mental and behavioural disorder,mental and behavioural disorders due to use of volatile solvents,0.0
741,741,732,E24,Cannabidiol,cushing's syndrome,"cushing's syndrome;pituitary-dependent cushing's disease;nelson's syndrome;drug-induced cushing's syndrome;ectopic acth syndrome;alcohol-induced pseudo-cushing's syndrome;other cushing's syndrome;cushing's syndrome, unspecified",cushing's syndrome,1.0
742,742,733,I35,Cisplatin,nonrheumatic aortic valve disorders,"nonrheumatic aortic valve disorders;aortic (valve) stenosis;aortic (valve) insufficiency;aortic (valve) stenosis with insufficiency;other aortic valve disorders;aortic valve disorder, unspecified",nonrheumatic aortic valve disorders,0.0
743,743,734,I63,Coagulation factor VIIa Recombinant Human,cerebral infarction,"cerebral infarction;cerebral infarction due to thrombosis of precerebral arteries;cerebral infarction due to embolism of precerebral arteries;cerebral infarction due to unspecified occlusion or stenosis of precerebral arteries;cerebral infarction due to thrombosis of cerebral arteries;cerebral infarction due to embolism of cerebral arteries;cerebral infarction due to unspecified occlusion or stenosis of cerebral arteries;cerebral infarction due to cerebral venous thrombosis, nonpyogenic;other cerebral infarction;cerebral infarction, unspecified",cerebral infarction,15.0
744,744,735,A02,Toremifene,salmonella infections,"other salmonella infections;salmonella gastro-enteritis;salmonella septicaemia;localised salmonella infections;other specified salmonella infections;salmonella infection, unspecified",salmonella infections,0.0
745,745,736,F05,"Antihemophilic factor, human recombinant","delirium, not induced by alcohol and psychoactive substances","delirium, not induced by alcohol and other psychoactive substances;delirium not superimposed on dementia, so described;delirium superimposed on dementia;other delirium;delirium, unspecified",delirium,1.0
746,746,737,H30,Salicylic acid,chorioretinal inflammation,"chorioretinal inflammation;focal chorioretinal inflammation;disseminated chorioretinal inflammation;posterior cyclitis;other chorioretinal inflammations;chorioretinal inflammation, unspecified",chorioretinal inflammation,0.0
747,747,738,D69,Azithromycin,purpura and haemorrhagic conditions,"purpura and other haemorrhagic conditions;allergic purpura;qualitative platelet defects;other nonthrombocytopenic purpura;idiopathic thrombocytopenic purpura;other primary thrombocytopenia;secondary thrombocytopenia;thrombocytopenia, unspecified;other specified haemorrhagic conditions;haemorrhagic condition, unspecified",purpura and haemorrhagic conditions,962.0
748,748,739,E84,Exenatide,cystic fibrosis,"cystic fibrosis;cystic fibrosis with pulmonary manifestations;cystic fibrosis with intestinal manifestations;cystic fibrosis with other manifestations;cystic fibrosis, unspecified",cystic fibrosis,5.0
749,749,740,F20,Isopropamide,schizophrenia,"schizophrenia;paranoid schizophrenia;hebephrenic schizophrenia;catatonic schizophrenia;undifferentiated schizophrenia;postschizophrenic depression;residual schizophrenia;simple schizophrenia;other schizophrenia;schizophrenia, unspecified",schizophrenia,0.0
750,750,741,D66,Quinestrol,hereditary factor viii deficiency,hereditary factor viii deficiency,hereditary factor viii deficiency,0.0
751,751,742,E25,Oxymetholone,adrenogenital disorders,"adrenogenital disorders;congenital adrenogenital disorders associated with enzyme deficiency;other adrenogenital disorders;adrenogenital disorder, unspecified",adrenogenital disorders,0.0
752,752,743,F15,Oxybutynin,"mental and behavioural disorders due to use of stimulants, including caffeine","mental and behavioural disorders due to use of other stimulants, including caffeine;acute intoxication;harmful use;dependence syndrome;withdrawal state;withdrawal state with delirium;psychotic disorder;amnesic syndrome;residual and late-onset psychotic disorder;other mental and behavioural disorders;unspecified mental and behavioural disorder","mental and behavioural disorders due to use of stimulants, including caffeine",0.0
753,753,744,L40,Flecainide,psoriasis,"asthma;predominantly allergic asthma;nonallergic asthma;mixed asthma;asthma, unspecified",asthma,4.0
754,754,744,L40,Flecainide,psoriasis,"psoriasis;psoriasis vulgaris;generalised pustular psoriasis;acrodermatitis continua;pustulosis palmaris et plantaris;guttate psoriasis;arthropathic psoriasis;other psoriasis;psoriasis, unspecified",psoriasis,1.0
755,755,744,L40,Flecainide,psoriasis,"asthma;predominantly allergic asthma;nonallergic asthma;mixed asthma;asthma, unspecified",asthma,4.0
756,756,744,L40,Flecainide,psoriasis,"psoriasis;psoriasis vulgaris;generalised pustular psoriasis;acrodermatitis continua;pustulosis palmaris et plantaris;guttate psoriasis;arthropathic psoriasis;other psoriasis;psoriasis, unspecified",psoriasis,1.0
757,757,745,K06,Certolizumab pegol,disorders of gingiva and edentulous alveolar ridge,"other disorders of gingiva and edentulous alveolar ridge;gingival recession;gingival enlargement;gingival and edentulous alveolar ridge lesions associated with trauma;other specified disorders of gingiva and edentulous alveolar ridge;disorder of gingiva and edentulous alveolar ridge, unspecified",disorders of gingiva and edentulous alveolar ridge,0.0
758,758,746,J66,Isoniazid,airway disease due to specific organic dust,airway disease due to specific organic dust;byssinosis;flax-dresser's disease;cannabinosis;airway disease due to other specific organic dusts,airway disease due to specific organic dust,0.0
759,759,747,C52,Chloroquine,malignant neoplasm of vagina,malignant neoplasm of vagina,malignant neoplasm of vagina,3.0
760,760,748,L26,Olmutinib,exfoliative dermatitis,exfoliative dermatitis,exfoliative dermatitis,0.0
761,761,749,J30,Ibrutinib,vasomotor and allergic rhinitis,"vasomotor and allergic rhinitis;vasomotor rhinitis;allergic rhinitis due to pollen;other seasonal allergic rhinitis;other allergic rhinitis;allergic rhinitis, unspecified",vasomotor and allergic rhinitis,1.0
762,762,750,M34,Teniposide,systemic sclerosis,"systemic sclerosis;progressive systemic sclerosis;cr(e)st syndrome;systemic sclerosis induced by drugs and chemicals;other forms of systemic sclerosis;systemic sclerosis, unspecified",systemic sclerosis,0.0
763,763,751,G98,Sunitinib,"disorders of nervous system, not elsewhere classified","other disorders of nervous system, not elsewhere classified",disorders of nervous system,56.0
764,764,752,M00,Isoetarine,pyogenic arthritis,"pyogenic arthritis;staphylococcal arthritis and polyarthritis;pneumococcal arthritis and polyarthritis;other streptococcal arthritis and polyarthritis;arthritis and polyarthritis due to other specified bacterial agents;pyogenic arthritis, unspecified",pyogenic arthritis,0.0
765,765,753,M66,Venlafaxine,spontaneous rupture of synovium and tendon,spontaneous rupture of synovium and tendon;rupture of popliteal cyst;rupture of synovium;spontaneous rupture of extensor tendons;spontaneous rupture of flexor tendons;spontaneous rupture of other tendons;spontaneous rupture of unspecified tendon,spontaneous rupture of synovium and tendon,0.0
766,766,754,I77,Benidipine,disorders of arteries and arterioles,"other disorders of arteries and arterioles;arteriovenous fistula, acquired;stricture of artery;rupture of artery;arterial fibromuscular dysplasia;coeliac artery compression syndrome;necrosis of artery;arteritis, unspecified;other specified disorders of arteries and arterioles;disorder of arteries and arterioles, unspecified",disorders of arteries and arterioles,43.0
767,767,755,B27,Sucralfate,infectious mononucleosis,"infectious mononucleosis;gammaherpesviral mononucleosis;cytomegaloviral mononucleosis;other infectious mononucleosis;infectious mononucleosis, unspecified",infectious mononucleosis,0.0
768,768,756,F20,Prazepam,schizophrenia,"schizophrenia;paranoid schizophrenia;hebephrenic schizophrenia;catatonic schizophrenia;undifferentiated schizophrenia;postschizophrenic depression;residual schizophrenia;simple schizophrenia;other schizophrenia;schizophrenia, unspecified",schizophrenia,2.0
769,769,757,L23,Vapreotide,allergic contact dermatitis,"allergic contact dermatitis;allergic contact dermatitis due to metals;allergic contact dermatitis due to adhesives;allergic contact dermatitis due to cosmetics;allergic contact dermatitis due to drugs in contact with the skin;allergic contact dermatitis due to dyes;allergic contact dermatitis due to other chemical products;allergic contact dermatitis due to food in contact with the skin;allergic contact dermatitis due to plants, except food;allergic contact dermatitis due to other agents;allergic contact dermatitis, unspecified cause",allergic contact dermatitis,0.0
770,770,758,C34,Adenosine monophosphate,malignant neoplasm of bronchus and lung,"malignant neoplasm of bronchus and lung;main bronchus;upper lobe, bronchus or lung;middle lobe, bronchus or lung;lower lobe, bronchus or lung;overlapping lesion of bronchus and lung;bronchus or lung, unspecified",malignant neoplasm of bronchus and lung,1870.0
771,771,759,M81,Nalbuphine,osteoporosis without pathological fracture,"osteoporosis without pathological fracture;postmenopausal osteoporosis;postoophorectomy osteoporosis;osteoporosis of disuse;postsurgical malabsorption osteoporosis;drug-induced osteoporosis;idiopathic osteoporosis;localised osteoporosis [lequesne];other osteoporosis;osteoporosis, unspecified",osteoporosis without pathological fracture,0.0
772,772,760,F41,Manidipine,anxiety disorders,"other anxiety disorders;panic disorder [episodic paroxysmal anxiety];generalised anxiety disorder;mixed anxiety and depressive disorder;other mixed anxiety disorders;other specified anxiety disorders;anxiety disorder, unspecified",anxiety disorders,0.0
773,773,761,N03,Alemtuzumab,chronic nephritic syndrome,chronic nephritic syndrome;minor glomerular abnormality;focal and segmental glomerular lesions;diffuse membranous glomerulonephritis;diffuse mesangial proliferative glomerulonephritis;diffuse endocapillary proliferative glomerulonephritis;diffuse mesangiocapillary glomerulonephritis;dense deposit disease;diffuse crescentic glomerulonephritis;other;unspecified,chronic nephritic syndrome,0.0
774,774,762,E23,L-Arginine,hypofunction and disorders of pituitary gland,"hypofunction and other disorders of pituitary gland;hypopituitarism;drug-induced hypopituitarism;diabetes insipidus;hypothalamic dysfunction, not elsewhere classified;other disorders of pituitary gland;disorder of pituitary gland, unspecified",hypofunction and disorders of pituitary gland,306.0
775,775,763,I47,Polaprezinc,paroxysmal tachycardia,"paroxysmal tachycardia;reentry ventricular arrhythmia;supraventricular tachycardia;ventricular tachycardia;paroxysmal tachycardia, unspecified",paroxysmal tachycardia,0.0
776,776,764,G20,Hyoscyamine,parkinson's disease,parkinson's disease,parkinson's disease,2.0
777,777,765,D46,Tolcapone,myelodysplastic syndromes,"myelodysplastic syndromes;refractory anaemia without sideroblasts, so stated;refractory anaemia with sideroblasts;refractory anaemia with excess of blasts;refractory anaemia with excess of blasts with transformation;refractory anaemia, unspecified;refractory anaemia with multi-lineage dysplasia;myelodysplastic syndrome with isolated del(5q) chromosomal abnormality;other myelodysplastic syndromes;myelodysplastic syndrome, unspecified",myelodysplastic syndromes,0.0
778,778,766,I84,Eprosartan,haemorrhoids,haemorrhoids;internal thrombosed haemorrhoids;internal haemorrhoids with other complications;internal haemorrhoids without complication;external thrombosed haemorrhoids;external haemorrhoids with other complications;external haemorrhoids without complication;residual haemorrhoidal skin tags;unspecified thrombosed haemorrhoids;unspecified haemorrhoids with other complications;unspecified haemorrhoids without complication,haemorrhoids,0.0
779,779,767,L65,Adinazolam,nonscarring hair loss,"other nonscarring hair loss;telogen effluvium;anagen effluvium;alopecia mucinosa;other specified nonscarring hair loss;nonscarring hair loss, unspecified",nonscarring hair loss,0.0
780,780,768,D69,Triclocarban,purpura and haemorrhagic conditions,"purpura and other haemorrhagic conditions;allergic purpura;qualitative platelet defects;other nonthrombocytopenic purpura;idiopathic thrombocytopenic purpura;other primary thrombocytopenia;secondary thrombocytopenia;thrombocytopenia, unspecified;other specified haemorrhagic conditions;haemorrhagic condition, unspecified",purpura and haemorrhagic conditions,8.0
781,781,769,I71,Dimetindene,aortic aneurysm and dissection,"aortic aneurysm and dissection;dissection of aorta [any part];thoracic aortic aneurysm, ruptured;thoracic aortic aneurysm, without mention of rupture;abdominal aortic aneurysm, ruptured;abdominal aortic aneurysm, without mention of rupture;thoracoabdominal aortic aneurysm, ruptured;thoracoabdominal aortic aneurysm, without mention of rupture;aortic aneurysm of unspecified site, ruptured;aortic aneurysm of unspecified site, without mention of rupture",aortic aneurysm and dissection,2.0
782,782,770,I50,Equilin,heart failure,"heart failure;congestive heart failure;left ventricular failure;heart failure, unspecified",heart failure,0.0
783,783,771,F11,Hexylcaine,mental and behavioural disorders due to use of opioids,mental and behavioural disorders due to use of opioids;acute intoxication;harmful use;dependence syndrome;withdrawal state;withdrawal state with delirium;psychotic disorder;amnesic syndrome;residual and late-onset psychotic disorder;other mental and behavioural disorders;unspecified mental and behavioural disorder,mental and behavioural disorders due to use of opioids,0.0
784,784,772,G61,Interferon alfa-n1,inflammatory polyneuropathy,"inflammatory polyneuropathy;guillain-barre syndrome;serum neuropathy;other inflammatory polyneuropathies;inflammatory polyneuropathy, unspecified",inflammatory polyneuropathy,0.0
785,785,773,E78,Rubidium Rb-82,disorders of lipoprotein metabolism and lipidaemias,"disorders of lipoprotein metabolism and other lipidaemias;pure hypercholesterolaemia;pure hyperglyceridaemia;mixed hyperlipidaemia;hyperchylomicronaemia;other hyperlipidaemia;hyperlipidaemia, unspecified;lipoprotein deficiency;other disorders of lipoprotein metabolism;disorder of lipoprotein metabolism, unspecified",disorders of lipoprotein metabolism and lipidaemias,1.0
786,786,774,L71,Pravastatin,rosacea,"rosacea;perioral dermatitis;rhinophyma;other rosacea;rosacea, unspecified",rosacea,1.0
787,787,775,K80,Macitentan,cholelithiasis,cholelithiasis;calculus of gallbladder with acute cholecystitis;calculus of gallbladder with other cholecystitis;calculus of gallbladder without cholecystitis;calculus of bile duct with cholangitis;calculus of bile duct with cholecystitis;calculus of bile duct without cholangitis or cholecystitis;other cholelithiasis,cholelithiasis,0.0
788,788,776,N32,Tenoxicam,disorders of bladder,"other disorders of bladder;bladder-neck obstruction;vesicointestinal fistula;vesical fistula, not elsewhere classified;diverticulum of bladder;rupture of bladder, nontraumatic;other specified disorders of bladder;bladder disorder, unspecified",disorders of bladder,1.0
789,789,777,M13,Zotepine,arthritis,"other arthritis;polyarthritis, unspecified;monoarthritis, not elsewhere classified;other specified arthritis;arthritis, unspecified",arthritis,0.0
790,790,778,I67,Vitamin C,cerebrovascular diseases,"other cerebrovascular diseases;dissection of cerebral arteries, nonruptured;cerebral aneurysm, nonruptured;cerebral atherosclerosis;progressive vascular leukoencephalopathy;hypertensive encephalopathy;moyamoya disease;nonpyogenic thrombosis of intracranial venous system;cerebral arteritis, not elsewhere classified;other specified cerebrovascular diseases;cerebrovascular disease, unspecified",cerebrovascular diseases,427.0
791,791,779,I61,Ulobetasol,intracerebral haemorrhage,"intracerebral haemorrhage;intracerebral haemorrhage in hemisphere, subcortical;intracerebral haemorrhage in hemisphere, cortical;intracerebral haemorrhage in hemisphere, unspecified;intracerebral haemorrhage in brain stem;intracerebral haemorrhage in cerebellum;intracerebral haemorrhage, intraventricular;intracerebral haemorrhage, multiple localised;other intracerebral haemorrhage;intracerebral haemorrhage, unspecified",intracerebral haemorrhage,0.0
792,792,780,D59,Hydromorphone,acquired haemolytic anaemia,"acquired haemolytic anaemia;drug-induced autoimmune haemolytic anaemia;other autoimmune haemolytic anaemias;drug-induced nonautoimmune haemolytic anaemia;haemolytic-uraemic syndrome;other nonautoimmune haemolytic anaemias;paroxysmal nocturnal haemoglobinuria [marchiafava-micheli];haemoglobinuria due to haemolysis from other external causes;other acquired haemolytic anaemias;acquired haemolytic anaemia, unspecified",acquired haemolytic anaemia,0.0
793,793,781,F29,Leflunomide,unspecified nonorganic psychosis,unspecified nonorganic psychosis,psychosis,1.0
794,794,782,B24,Methazolamide,unspecified human immunodeficiency virus [hiv] disease,unspecified human immunodeficiency virus [hiv] disease,human immunodeficiency virus [hiv] disease,0.0
795,795,783,I45,Clotiazepam,conduction disorders,"other conduction disorders;right fascicular block;other and unspecified right bundle-branch block;bifascicular block;trifascicular block;nonspecific intraventricular block;other specified heart block;preexcitation syndrome;other specified conduction disorders;conduction disorder, unspecified",conduction disorders,0.0
796,796,784,F14,Mometasone,mental and behavioural disorders due to use of cocaine,mental and behavioural disorders due to use of cocaine;acute intoxication;harmful use;dependence syndrome;withdrawal state;withdrawal state with delirium;psychotic disorder;amnesic syndrome;residual and late-onset psychotic disorder;other mental and behavioural disorders;unspecified mental and behavioural disorder,mental and behavioural disorders due to use of cocaine,0.0
797,797,785,G57,Flumazenil,mononeuropathies of lower limb,"mononeuropathies of lower limb;lesion of sciatic nerve;meralgia paraesthetica;lesion of femoral nerve;lesion of lateral popliteal nerve;lesion of medial popliteal nerve;tarsal tunnel syndrome;lesion of plantar nerve;other mononeuropathies of lower limb;mononeuropathy of lower limb, unspecified",mononeuropathies of lower limb,0.0
798,798,786,M34,Apomorphine,systemic sclerosis,"systemic sclerosis;progressive systemic sclerosis;cr(e)st syndrome;systemic sclerosis induced by drugs and chemicals;other forms of systemic sclerosis;systemic sclerosis, unspecified",systemic sclerosis,1.0
799,799,787,M13,Primaquine,arthritis,"other arthritis;polyarthritis, unspecified;monoarthritis, not elsewhere classified;other specified arthritis;arthritis, unspecified",arthritis,5.0
800,800,788,E56,Prednisone,vitamin deficiencies,"other vitamin deficiencies;deficiency of vitamin e;deficiency of vitamin k;deficiency of other vitamins;vitamin deficiency, unspecified",vitamin deficiencies,137.0
801,801,789,J60,Glucosamine,coalworker's pneumoconiosis,coalworker's pneumoconiosis,coalworker's pneumoconiosis,0.0
802,802,790,L95,Fluticasone propionate,"vasculitis limited to skin, not elsewhere classified","vasculitis limited to skin, not elsewhere classified;livedoid vasculitis;erythema elevatum diutinum;other vasculitis limited to skin;vasculitis limited to skin, unspecified",vasculitis limited to skin,3.0
803,803,791,A17,Epirubicin,tuberculosis of nervous system,"tuberculosis of nervous system;tuberculous meningitis;meningeal tuberculoma;other tuberculosis of nervous system;tuberculosis of nervous system, unspecified",tuberculosis of nervous system,0.0
804,804,792,N62,Coccidioides immitis spherule,hypertrophy of breast,hypertrophy of breast,hypertrophy of breast,0.0
805,805,793,K83,Nitric Oxide,diseases of biliary tract,"other diseases of biliary tract;cholangitis;obstruction of bile duct;perforation of bile duct;fistula of bile duct;spasm of sphincter of oddi;biliary cyst;other specified diseases of biliary tract;disease of biliary tract, unspecified",diseases of biliary tract,
806,806,794,A48,Metixene,"bacterial diseases, not elsewhere classified","other bacterial diseases, not elsewhere classified;gas gangrene;legionnaires' disease;nonpneumonic legionnaires' disease [pontiac fever];toxic shock syndrome;brazilian purpuric fever;other specified bacterial diseases",bacterial diseases,0.0
807,807,795,B18,Troleandomycin,chronic viral hepatitis,"chronic viral hepatitis;chronic viral hepatitis b with delta-agent;chronic viral hepatitis b without delta-agent;chronic viral hepatitis c;other chronic viral hepatitis;chronic viral hepatitis, unspecified",chronic viral hepatitis,0.0
808,808,796,G61,Gluconolactone,inflammatory polyneuropathy,"inflammatory polyneuropathy;guillain-barre syndrome;serum neuropathy;other inflammatory polyneuropathies;inflammatory polyneuropathy, unspecified",inflammatory polyneuropathy,0.0
809,809,797,M71,Pimavanserin,bursopathies,"other bursopathies;abscess of bursa;other infective bursitis;synovial cyst of popliteal space [baker];other bursal cyst;calcium deposit in bursa;other bursitis, not elsewhere classified;other specified bursopathies;bursopathy, unspecified",bursopathies,0.0
810,810,798,F20,Stiripentol,schizophrenia,"schizophrenia;paranoid schizophrenia;hebephrenic schizophrenia;catatonic schizophrenia;undifferentiated schizophrenia;postschizophrenic depression;residual schizophrenia;simple schizophrenia;other schizophrenia;schizophrenia, unspecified",schizophrenia,0.0
811,811,799,C80,Prednicarbate,malignant neoplasm without specification of site,"malignant neoplasm without specification of site;malignant neoplasm, primary site unknown, so stated;malignant neoplasm, unspecified",malignant neoplasm,2.0
812,812,800,A85,Perphenazine,"viral encephalitis, not elsewhere classified","other viral encephalitis, not elsewhere classified;enteroviral encephalitis;adenoviral encephalitis;arthropod-borne viral encephalitis, unspecified;other specified viral encephalitis",viral encephalitis,0.0
813,813,801,E14,Eprosartan,unspecified diabetes mellitus,unspecified diabetes mellitus;with coma;with ketoacidosis;withrenal complications;with ophthalmic complications;with neurological complications;with peripheral circulatory complications;with other specified complications;with multiple complications;with unspecified complications;without complications,diabetes mellitus,29.0
814,814,802,J67,Metformin,hypersensitivity pneumonitis due to organic dust,hypersensitivity pneumonitis due to organic dust;farmer's lung;bagassosis;bird fancier's lung;suberosis;maltworker's lung;mushroom-worker's lung;maple-bark-stripper's lung;air-conditioner and humidifier lung;hypersensitivity pneumonitis due to other organic dusts;hypersensitivity pneumonitis due to unspecified organic dust,hypersensitivity pneumonitis due to organic dust,0.0
815,815,803,H06,Efalizumab,disorders of lachrymal system and orbit in diseases classified elsewhere,disorders of lachrymal system and orbit in diseases classified elsewhere;disorders of lachrymal system in diseases classified elsewhere;parasitic infestation of orbit in diseases classified elsewhere;dysthyroid exophthalmos;other disorders of orbit in diseases classified elsewhere,disorders of lachrymal system and orbit in diseases classified elsewhere,0.0
816,816,804,C45,Ondansetron,mesothelioma,"mesothelioma;mesothelioma of pleura;mesothelioma of peritoneum;mesothelioma of pericardium;mesothelioma of other sites;mesothelioma, unspecified",mesothelioma,3.0
817,817,805,D75,Neostigmine,diseases of blood and blood-forming organs,"other diseases of blood and blood-forming organs;familial erythrocytosis;secondary polycythaemia;essential thrombocytosis;other specified diseases of blood and blood-forming organs;disease of blood and blood-forming organs, unspecified",diseases of blood and blood-forming organs,156.0
818,818,806,E73,Ifosfamide,lactose intolerance,"lactose intolerance;congenital lactase deficiency;secondary lactase deficiency;other lactose intolerance;lactose intolerance, unspecified",lactose intolerance,0.0
819,819,807,I80,Bifonazole,phlebitis and thrombophlebitis,"phlebitis and thrombophlebitis;phlebitis and thrombophlebitis of superficial vessels of lower extremities;phlebitis and thrombophlebitis of femoral vein;phlebitis and thrombophlebitis of other deep vessels of lower extremities;phlebitis and thrombophlebitis of lower extremities, unspecified;phlebitis and thrombophlebitis of other sites;phlebitis and thrombophlebitis of unspecified site",phlebitis and thrombophlebitis,0.0
820,820,808,M77,Aminohippuric acid,enthesopathies,"other enthesopathies;medial epicondylitis;lateral epicondylitis;periarthritis of wrist;calcaneal spur;metatarsalgia;other enthesopathy of foot;other enthesopathies, not elsewhere classified;enthesopathy, unspecified",enthesopathies,0.0
821,821,809,L29,Bufexamac,pruritus,"pruritus;pruritus ani;pruritus scroti;pruritus vulvae;anogenital pruritus, unspecified;other pruritus;pruritus, unspecified",pruritus,5.0
822,822,810,F29,Bupranolol,unspecified nonorganic psychosis,unspecified nonorganic psychosis,psychosis,0.0
823,823,811,M08,Phenylbutazone,juvenile arthritis,"juvenile arthritis;juvenile rheumatoid arthritis;juvenile ankylosing spondylitis;juvenile arthritis with systemic onset;juvenile polyarthritis (seronegative);pauciarticular juvenile arthritis;other juvenile arthritis;juvenile arthritis, unspecified",juvenile arthritis,39.0
824,824,812,D69,Dinoprostone,purpura and haemorrhagic conditions,"purpura and other haemorrhagic conditions;allergic purpura;qualitative platelet defects;other nonthrombocytopenic purpura;idiopathic thrombocytopenic purpura;other primary thrombocytopenia;secondary thrombocytopenia;thrombocytopenia, unspecified;other specified haemorrhagic conditions;haemorrhagic condition, unspecified",purpura and haemorrhagic conditions,2043.0
825,825,813,K30,Ziprasidone,dyspepsia,dyspepsia,dyspepsia,8.0
826,826,814,F44,Spermine,dissociative [conversion] disorders,"dissociative [conversion] disorders;dissociative amnesia;dissociative fugue;dissociative stupor;trance and possession disorders;dissociative motor disorders;dissociative convulsions;dissociative anaesthesia and sensory loss;mixed dissociative [conversion] disorders;other dissociative [conversion] disorders;dissociative [conversion] disorder, unspecified",dissociative [conversion] disorders,0.0
827,827,815,H25,Nitrendipine,senile cataract,"senile cataract;senile incipient cataract;senile nuclear cataract;senile cataract, morgagnian type;other senile cataract;senile cataract, unspecified",senile cataract,0.0
828,828,816,N46,Dacarbazine,male infertility,male infertility,male infertility,44.0
829,829,817,D07,Epinephrine,carcinoma in situ of genital organs,carcinoma in situ of other and unspecified genital organs;endometrium;vulva;vagina;other and unspecified female genital organs;penis;prostate;other and unspecified male genital organs,carcinoma in situ of genital organs,0.0
830,830,818,L52,Triflusal,erythema nodosum,erythema nodosum,erythema nodosum,0.0
831,831,819,H35,Cilazapril,retinal disorders,"other retinal disorders;background retinopathy and retinal vascular changes;retinopathy of prematurity;other proliferative retinopathy;degeneration of macula and posterior pole;peripheral retinal degeneration;hereditary retinal dystrophy;retinal haemorrhage;separation of retinal layers;other specified retinal disorders;retinal disorder, unspecified",retinal disorders,2.0
832,832,820,M71,Valdecoxib,bursopathies,"other bursopathies;abscess of bursa;other infective bursitis;synovial cyst of popliteal space [baker];other bursal cyst;calcium deposit in bursa;other bursitis, not elsewhere classified;other specified bursopathies;bursopathy, unspecified",bursopathies,0.0
833,833,821,N12,Testosterone propionate,"tubulo-interstitial nephritis, not specified as acute or chronic","tubulo-interstitial nephritis, not specified as acute or chronic",tubulo-interstitial nephritis,1.0
834,834,822,M66,Octreotide,spontaneous rupture of synovium and tendon,spontaneous rupture of synovium and tendon;rupture of popliteal cyst;rupture of synovium;spontaneous rupture of extensor tendons;spontaneous rupture of flexor tendons;spontaneous rupture of other tendons;spontaneous rupture of unspecified tendon,spontaneous rupture of synovium and tendon,3.0
835,835,823,F22,Ropinirole,persistent delusional disorders,"persistent delusional disorders;delusional disorder;other persistent delusional disorders;persistent delusional disorder, unspecified",persistent delusional disorders,0.0
836,836,824,B19,Edetic Acid,unspecified viral hepatitis,unspecified viral hepatitis;unspecified viral hepatitis with coma;unspecified viral hepatitis without coma,viral hepatitis,25.0
837,837,825,K81,Methylprednisolone,cholecystitis,"cholecystitis;acute cholecystitis;chronic cholecystitis;other cholecystitis;cholecystitis, unspecified",cholecystitis,24.0
838,838,826,G93,Oxaliplatin,disorders of brain,"other disorders of brain;cerebral cysts;anoxic brain damage, not elsewhere classified;benign intracranial hypertension;postviral fatigue syndrome;encephalopathy, unspecified;compression of brain;cerebral oedema;reye's syndrome;other specified disorders of brain;disorder of brain, unspecified",disorders of brain,138.0
839,839,827,M06,Phenytoin,rheumatoid arthritis,"other rheumatoid arthritis;seronegative rheumatoid arthritis;adult-onset still's disease;rheumatoid bursitis;rheumatoid nodule;inflammatory polyarthropathy;other specified rheumatoid arthritis;rheumatoid arthritis, unspecified",rheumatoid arthritis,34.0
840,840,828,L57,Cisapride,skin changes due to chronic exposure to nonionising radiation,"skin changes due to chronic exposure to nonionising radiation;actinic keratosis;actinic reticuloid;cutis rhomboidalis nuchae;poikiloderma of civatte;cutis laxa senilis;actinic granuloma;other skin changes due to chronic exposure to nonionising radiation;skin changes due to chronic exposure to nonionising radiation, unspecified",skin changes due to chronic exposure to nonionising radiation,0.0
841,841,829,F48,Drospirenone,neurotic disorders,"other neurotic disorders;neurasthenia;depersonalisation-derealisation syndrome;other specified neurotic disorders;neurotic disorder, unspecified",neurotic disorders,0.0
842,842,830,M81,Dihydrotachysterol,osteoporosis without pathological fracture,"osteoporosis without pathological fracture;postmenopausal osteoporosis;postoophorectomy osteoporosis;osteoporosis of disuse;postsurgical malabsorption osteoporosis;drug-induced osteoporosis;idiopathic osteoporosis;localised osteoporosis [lequesne];other osteoporosis;osteoporosis, unspecified",osteoporosis without pathological fracture,0.0
843,843,831,G64,Pipotiazine,disorders of peripheral nervous system,other disorders of peripheral nervous system,disorders of peripheral nervous system,0.0
844,844,832,D56,Apalutamide,thalassaemia,"thalassaemia;alpha thalassaemia;beta thalassaemia;delta-beta thalassaemia;thalassaemia trait;hereditary persistence of foetal haemoglobin [hpfh];other thalassaemias;thalassaemia, unspecified",thalassaemia,0.0
845,845,833,B86,Lamotrigine,scabies,scabies,scabies,0.0
846,846,834,A05,Trilostane,bacterial foodborne intoxications,"other bacterial foodborne intoxications;foodborne staphylococcal intoxication;botulism;foodborne clostridium perfringens [clostridium welchii] intoxication;foodborne vibrio parahaemolyticus intoxication;foodborne bacillus cereus intoxication;other specified bacterial foodborne intoxications;bacterial foodborne intoxication, unspecified",bacterial foodborne intoxications,0.0
847,847,835,B22,Pralatrexate,human immunodeficiency virus [hiv] disease resulting in specified diseases,human immunodeficiency virus [hiv] disease resulting in other specified diseases;hiv disease resulting in encephalopathy;hiv disease resulting in lymphoid interstitial pneumonitis;hiv disease resulting in wasting syndrome;hiv disease resulting in multiple diseases classified elsewhere,human immunodeficiency virus [hiv] disease resulting in specified diseases,0.0
848,848,836,F42,Capsaicin,obsessive-compulsive disorder,"obsessive-compulsive disorder;predominantly obsessional thoughts or ruminations;predominantly compulsive acts [obsessional rituals];mixed obsessional thoughts and acts;other obsessive-compulsive disorders;obsessive-compulsive disorder, unspecified",obsessive-compulsive disorder,2.0
849,849,837,D73,Chlordiazepoxide,diseases of spleen,"diseases of spleen;hyposplenism;hypersplenism;chronic congestive splenomegaly;abscess of spleen;cyst of spleen;infarction of spleen;other diseases of spleen;disease of spleen, unspecified",diseases of spleen,0.0
850,850,838,M33,Aminocaproic Acid,dermatopolymyositis,"dermatopolymyositis;juvenile dermatomyositis;other dermatomyositis;polymyositis;dermatopolymyositis, unspecified",dermatopolymyositis,0.0
851,851,839,M77,Vorinostat,enthesopathies,"other enthesopathies;medial epicondylitis;lateral epicondylitis;periarthritis of wrist;calcaneal spur;metatarsalgia;other enthesopathy of foot;other enthesopathies, not elsewhere classified;enthesopathy, unspecified",enthesopathies,0.0
852,852,840,M16,Octocrylene,coxarthrosis [arthrosis of hip],"coxarthrosis [arthrosis of hip];primary coxarthrosis, bilateral;other primary coxarthrosis;coxarthrosis resulting from dysplasia, bilateral;other dysplastic coxarthrosis;posttraumatic coxarthrosis, bilateral;other posttraumatic coxarthrosis;other secondary coxarthrosis, bilateral;other secondary coxarthrosis;coxarthrosis, unspecified",coxarthrosis [arthrosis of hip],0.0
853,853,841,I27,Thioridazine,pulmonary heart diseases,"other pulmonary heart diseases;primary pulmonary hypertension;kyphoscoliotic heart disease;other secondary pulmonary hypertension;other specified pulmonary heart diseases;pulmonary heart disease, unspecified",pulmonary heart diseases,3.0
854,854,842,G50,Paramethadione,disorders of trigeminal nerve,"disorders of trigeminal nerve;trigeminal neuralgia;atypical facial pain;other disorders of trigeminal nerve;disorder of trigeminal nerve, unspecified",disorders of trigeminal nerve,0.0
855,855,843,D52,Halofantrine,folate deficiency anaemia,"folate deficiency anaemia;dietary folate deficiency anaemia;drug-induced folate deficiency anaemia;other folate deficiency anaemias;folate deficiency anaemia, unspecified",folate deficiency anaemia,0.0
856,856,844,H71,Felodipine,cholesteatoma of middle ear,cholesteatoma of middle ear,cholesteatoma of middle ear,0.0
857,857,845,M16,Duloxetine,coxarthrosis [arthrosis of hip],"coxarthrosis [arthrosis of hip];primary coxarthrosis, bilateral;other primary coxarthrosis;coxarthrosis resulting from dysplasia, bilateral;other dysplastic coxarthrosis;posttraumatic coxarthrosis, bilateral;other posttraumatic coxarthrosis;other secondary coxarthrosis, bilateral;other secondary coxarthrosis;coxarthrosis, unspecified",coxarthrosis [arthrosis of hip],22.0
858,858,846,C64,Levallorphan,"malignant neoplasm of kidney, except renal pelvis","malignant neoplasm of kidney, except renal pelvis","malignant neoplasm of kidney, except renal pelvis",0.0
859,859,847,D65,Propiverine,disseminated intravascular coagulation [defibrination syndrome],disseminated intravascular coagulation [defibrination syndrome],disseminated intravascular coagulation [defibrination syndrome],0.0
860,860,848,J63,Mercaptopurine,pneumoconiosis due to inorganic dusts,pneumoconiosis due to other inorganic dusts;aluminosis (of lung);bauxite fibrosis (of lung);berylliosis;graphite fibrosis (of lung);siderosis;stannosis;pneumoconiosis due to other specified inorganic dusts,pneumoconiosis due to inorganic dusts,0.0
861,861,849,J64,Tezacaftor,unspecified pneumoconiosis,unspecified pneumoconiosis,pneumoconiosis,0.0
862,862,850,F05,Fesoterodine,"delirium, not induced by alcohol and psychoactive substances","delirium, not induced by alcohol and other psychoactive substances;delirium not superimposed on dementia, so described;delirium superimposed on dementia;other delirium;delirium, unspecified",delirium,2.0
863,863,851,J41,Terbinafine,simple and mucopurulent chronic bronchitis,simple and mucopurulent chronic bronchitis;simple chronic bronchitis;mucopurulent chronic bronchitis;mixed simple and mucopurulent chronic bronchitis,simple and mucopurulent chronic bronchitis,0.0
864,864,852,D74,Clotrimazole,methaemoglobinaemia,"methaemoglobinaemia;congenital methaemoglobinaemia;other methaemoglobinaemias;methaemoglobinaemia, unspecified",methaemoglobinaemia,0.0
865,865,853,C34,Aclidinium,malignant neoplasm of bronchus and lung,"malignant neoplasm of bronchus and lung;main bronchus;upper lobe, bronchus or lung;middle lobe, bronchus or lung;lower lobe, bronchus or lung;overlapping lesion of bronchus and lung;bronchus or lung, unspecified",malignant neoplasm of bronchus and lung,121.0
866,866,854,D72,Minocycline,disorders of white blood cells,"other disorders of white blood cells;genetic anomalies of leukocytes;eosinophilia;other specified disorders of white blood cells;disorder of white blood cells, unspecified",disorders of white blood cells,95.0
867,867,855,C25,Granisetron,malignant neoplasm of pancreas,"malignant neoplasm of pancreas;head of pancreas;body of pancreas;tail of pancreas;pancreatic duct;endocrine pancreas;other parts of pancreas;overlapping lesion of pancreas;pancreas, unspecified",malignant neoplasm of pancreas,3.0
868,868,856,D89,Theophylline,"disorders involving the immune mechanism, not elsewhere classified","other disorders involving the immune mechanism, not elsewhere classified;polyclonal hypergammaglobulinaemia;cryoglobulinaemia;hypergammaglobulinaemia, unspecified;immune reconstitution syndrome;other specified disorders involving the immune mechanism, not elsewhere classified;disorder involving the immune mechanism, unspecified",disorders involving the immune mechanism,5.0
869,869,857,I74,Nandrolone phenpropionate,arterial embolism and thrombosis,"arterial embolism and thrombosis;embolism and thrombosis of abdominal aorta;embolism and thrombosis of other and unspecified parts of aorta;embolism and thrombosis of arteries of the upper extremities;embolism and thrombosis of arteries of the lower extremities;embolism and thrombosis of arteries of extremities, unspecified;embolism and thrombosis of iliac artery;embolism and thrombosis of other arteries;embolism and thrombosis of unspecified artery",arterial embolism and thrombosis,2.0
870,870,858,M87,Coagulation Factor IX (Recombinant),osteonecrosis,"osteonecrosis;idiopathic aseptic necrosis of bone;osteonecrosis due to drugs;osteonecrosis due to previous trauma;other secondary osteonecrosis;other osteonecrosis;osteonecrosis, unspecified",osteonecrosis,0.0
871,871,859,I46,Fludiazepam,cardiac arrest,"cardiac arrest;cardiac arrest with successful resuscitation;sudden cardiac death, so described;cardiac arrest, unspecified",cardiac arrest,0.0
872,872,860,K50,Cefazolin,crohn's disease [regional enteritis],"crohn's disease [regional enteritis];crohn's disease of small intestine;crohn's disease of large intestine;other crohn's disease;crohn's disease, unspecified",crohn's disease [regional enteritis],5.0
873,873,861,J80,Salsalate,adult respiratory distress syndrome,adult respiratory distress syndrome,adult respiratory distress syndrome,0.0
874,874,862,H90,Promethazine,conductive and sensorineural hearing loss,"conductive and sensorineural hearing loss;conductive hearing loss, bilateral;conductive hearing loss, unilateral with unrestricted hearing on the contralateral side;conductive hearing loss, unspecified;sensorineural hearing loss, bilateral;sensorineural hearing loss, unilateral with unrestricted hearing on the contralateral side;sensorineural hearing loss, unspecified;mixed conductive and sensorineural hearing loss, bilateral;mixed conductive and sensorineural hearing loss, unilateral with unrestricted hearing on the contralateral side;mixed conductive and sensorineural hearing loss, unspecified",conductive and sensorineural hearing loss,499.0
875,875,863,I73,Citalopram,peripheral vascular diseases,"other peripheral vascular diseases;raynaud's syndrome;thromboangiitis obliterans [buerger];other specified peripheral vascular diseases;peripheral vascular disease, unspecified",peripheral vascular diseases,4.0
876,876,864,I47,Dicyclomine,paroxysmal tachycardia,"paroxysmal tachycardia;reentry ventricular arrhythmia;supraventricular tachycardia;ventricular tachycardia;paroxysmal tachycardia, unspecified",paroxysmal tachycardia,0.0
877,877,865,J20,Chlorphenamine,acute bronchitis,"acute bronchitis;acute bronchitis due to mycoplasma pneumoniae;acute bronchitis due to haemophilus influenzae;acute bronchitis due to streptococcus;acute bronchitis due to coxsackie virus;acute bronchitis due to parainfluenza virus;acute bronchitis due to respiratory syncytial virus;acute bronchitis due to rhinovirus;acute bronchitis due to echovirus;acute bronchitis due to other specified organisms;acute bronchitis, unspecified",acute bronchitis,1.0
878,878,866,I61,Cyproterone acetate,intracerebral haemorrhage,"intracerebral haemorrhage;intracerebral haemorrhage in hemisphere, subcortical;intracerebral haemorrhage in hemisphere, cortical;intracerebral haemorrhage in hemisphere, unspecified;intracerebral haemorrhage in brain stem;intracerebral haemorrhage in cerebellum;intracerebral haemorrhage, intraventricular;intracerebral haemorrhage, multiple localised;other intracerebral haemorrhage;intracerebral haemorrhage, unspecified",intracerebral haemorrhage,0.0
879,879,867,C16,Pioglitazone,malignant neoplasm of stomach,"malignant neoplasm of stomach;cardia;fundus of stomach;body of stomach;pyloric antrum;pylorus;lesser curvature of stomach, unspecified;greater curvature of stomach, unspecified;overlapping lesion of stomach;stomach, unspecified",malignant neoplasm of stomach,5.0
880,880,868,F12,Lormetazepam,mental and behavioural disorders due to use of cannabinoids,mental and behavioural disorders due to use of cannabinoids;acute intoxication;harmful use;dependence syndrome;withdrawal state;withdrawal state with delirium;psychotic disorder;amnesic syndrome;residual and late-onset psychotic disorder;other mental and behavioural disorders;unspecified mental and behavioural disorder,mental and behavioural disorders due to use of cannabinoids,2.0
881,881,869,L94,Pomalidomide,localised connective tissue disorders,"other localised connective tissue disorders;localised scleroderma [morphea];linear scleroderma;calcinosis cutis;sclerodactyly;gottron's papules;poikiloderma vasculare atrophicans;ainhum;other specified localised connective tissue disorders;localised connective tissue disorder, unspecified",localised connective tissue disorders,0.0
882,882,870,C95,Ketoconazole,leukaemia of cell type,"leukaemia of unspecified cell type;acute leukaemia of unspecified cell type;chronic leukaemia of unspecified cell type;subacute leukaemia of unspecified cell type;other leukaemia of unspecified cell type;leukaemia, unspecified",leukaemia of cell type,47.0
883,883,871,I77,Drospirenone,disorders of arteries and arterioles,"other disorders of arteries and arterioles;arteriovenous fistula, acquired;stricture of artery;rupture of artery;arterial fibromuscular dysplasia;coeliac artery compression syndrome;necrosis of artery;arteritis, unspecified;other specified disorders of arteries and arterioles;disorder of arteries and arterioles, unspecified",disorders of arteries and arterioles,17.0
884,884,872,D57,Venetoclax,sickle-cell disorders,sickle-cell disorders;sickle-cell anaemia with crisis;sickle-cell anaemia without crisis;double heterozygous sickling disorders;sickle-cell trait;other sickle-cell disorders,sickle-cell disorders,0.0
885,885,873,D59,Malathion,acquired haemolytic anaemia,"acquired haemolytic anaemia;drug-induced autoimmune haemolytic anaemia;other autoimmune haemolytic anaemias;drug-induced nonautoimmune haemolytic anaemia;haemolytic-uraemic syndrome;other nonautoimmune haemolytic anaemias;paroxysmal nocturnal haemoglobinuria [marchiafava-micheli];haemoglobinuria due to haemolysis from other external causes;other acquired haemolytic anaemias;acquired haemolytic anaemia, unspecified",acquired haemolytic anaemia,0.0
886,886,874,E55,Antihemophilic factor human,vitamin d deficiency,"vitamin d deficiency;rickets, active;vitamin d deficiency, unspecified",vitamin d deficiency,0.0
887,887,875,J66,Dabigatran etexilate,airway disease due to specific organic dust,airway disease due to specific organic dust;byssinosis;flax-dresser's disease;cannabinosis;airway disease due to other specific organic dusts,airway disease due to specific organic dust,0.0
888,888,876,F44,Rolapitant,dissociative [conversion] disorders,"dissociative [conversion] disorders;dissociative amnesia;dissociative fugue;dissociative stupor;trance and possession disorders;dissociative motor disorders;dissociative convulsions;dissociative anaesthesia and sensory loss;mixed dissociative [conversion] disorders;other dissociative [conversion] disorders;dissociative [conversion] disorder, unspecified",dissociative [conversion] disorders,0.0
889,889,877,A81,Cimicifuga racemosa,atypical virus infections of central nervous system,"atypical virus infections of central nervous system;creutzfeldt-jakob disease;subacute sclerosing panencephalitis;progressive multifocal leukoencephalopathy;other atypical virus infections of central nervous system;atypical virus infection of central nervous system, unspecified",atypical virus infections of central nervous system,0.0
890,890,878,A71,Dutasteride,trachoma,"trachoma;initial stage of trachoma;active stage of trachoma;trachoma, unspecified",trachoma,0.0
891,891,879,M33,Promethazine,dermatopolymyositis,"dermatopolymyositis;juvenile dermatomyositis;other dermatomyositis;polymyositis;dermatopolymyositis, unspecified",dermatopolymyositis,0.0
892,892,880,K83,Vinflunine,diseases of biliary tract,"other diseases of biliary tract;cholangitis;obstruction of bile duct;perforation of bile duct;fistula of bile duct;spasm of sphincter of oddi;biliary cyst;other specified diseases of biliary tract;disease of biliary tract, unspecified",diseases of biliary tract,0.0
893,893,881,G30,Yohimbine,alzheimer's disease,"alzheimer's disease;alzheimer's disease with early onset;alzheimer's disease with late onset;other alzheimer's disease;alzheimer's disease, unspecified",alzheimer's disease,36.0
894,894,882,G50,Butethal,disorders of trigeminal nerve,"disorders of trigeminal nerve;trigeminal neuralgia;atypical facial pain;other disorders of trigeminal nerve;disorder of trigeminal nerve, unspecified",disorders of trigeminal nerve,0.0
895,895,883,K27,Molindone,acute with perforation,"peptic ulcer, site unspecified;acute with haemorrhage;acute with perforation;acute with both haemorrhage and perforation;acute without haemorrhage or perforation;chronic or unspecified with haemorrhage;chronic or unspecified with perforation;chronic or unspecified with both haemorrhage and perforation;chronic without haemorrhage or perforation;unspecified as acute or chronic, without haemorrhage or perforation",acute with perforation,0.0
896,896,884,N83,Alefacept,"noninflammatory disorders of ovary, fallopian tube and broad ligament","noninflammatory disorders of ovary, fallopian tube and broad ligament;follicular cyst of ovary;corpus luteum cyst;other and unspecified ovarian cysts;acquired atrophy of ovary and fallopian tube;prolapse and hernia of ovary and fallopian tube;torsion of ovary, ovarian pedicle and fallopian tube;haematosalpinx;haematoma of broad ligament;other noninflammatory disorders of ovary, fallopian tube and broad ligament;noninflammatory disorder of ovary, fallopian tube and broad ligament, unspecified","noninflammatory disorders of ovary, fallopian tube and broad ligament",0.0
897,897,885,H90,Molindone,conductive and sensorineural hearing loss,"conductive and sensorineural hearing loss;conductive hearing loss, bilateral;conductive hearing loss, unilateral with unrestricted hearing on the contralateral side;conductive hearing loss, unspecified;sensorineural hearing loss, bilateral;sensorineural hearing loss, unilateral with unrestricted hearing on the contralateral side;sensorineural hearing loss, unspecified;mixed conductive and sensorineural hearing loss, bilateral;mixed conductive and sensorineural hearing loss, unilateral with unrestricted hearing on the contralateral side;mixed conductive and sensorineural hearing loss, unspecified",conductive and sensorineural hearing loss,64.0
898,898,886,G96,Etafedrine,disorders of central nervous system,"other disorders of central nervous system;cerebrospinal fluid leak;disorders of meninges, not elsewhere classified;other specified disorders of central nervous system;disorder of central nervous system, unspecified",disorders of central nervous system,0.0
899,899,887,K44,Ginkgo biloba,diaphragmatic hernia,"diaphragmatic hernia;diaphragmatic hernia with obstruction, without gangrene;diaphragmatic hernia with gangrene;diaphragmatic hernia without obstruction or gangrene",diaphragmatic hernia,0.0
900,900,888,I05,Digitoxin,rheumatic mitral valve diseases,"rheumatic mitral valve diseases;mitral stenosis;rheumatic mitral insufficiency;mitral stenosis with insufficiency;other mitral valve diseases;mitral valve disease, unspecified",rheumatic mitral valve diseases,3.0
901,901,889,G21,Vinblastine,secondary parkinsonism,"secondary parkinsonism;malignant neuroleptic syndrome;other drug-induced secondary parkinsonism;secondary parkinsonism due to other external agents;postencephalitic parkinsonism;vascular parkinsonism;other secondary parkinsonism;secondary parkinsonism, unspecified",secondary parkinsonism,0.0
902,902,890,F31,Tolvaptan,bipolar affective disorder,"bipolar affective disorder;bipolar affective disorder, current episode hypomanic;bipolar affective disorder, current episode manic without psychotic symptoms;bipolar affective disorder, current episode manic with psychotic symptoms;bipolar affective disorder, current episode mild or moderate depression;bipolar affective disorder, current episode severe depression without psychotic symptoms;bipolar affective disorder, current episode severe depression with psychotic symptoms;bipolar affective disorder, current episode mixed;bipolar affective disorder, currently in remission;other bipolar affective disorders;bipolar affective disorder, unspecified",bipolar affective disorder,1.0
903,903,891,E23,Estrone sulfate,hypofunction and disorders of pituitary gland,"hypofunction and other disorders of pituitary gland;hypopituitarism;drug-induced hypopituitarism;diabetes insipidus;hypothalamic dysfunction, not elsewhere classified;other disorders of pituitary gland;disorder of pituitary gland, unspecified",hypofunction and disorders of pituitary gland,2.0
904,904,892,N83,Budesonide,"noninflammatory disorders of ovary, fallopian tube and broad ligament","noninflammatory disorders of ovary, fallopian tube and broad ligament;follicular cyst of ovary;corpus luteum cyst;other and unspecified ovarian cysts;acquired atrophy of ovary and fallopian tube;prolapse and hernia of ovary and fallopian tube;torsion of ovary, ovarian pedicle and fallopian tube;haematosalpinx;haematoma of broad ligament;other noninflammatory disorders of ovary, fallopian tube and broad ligament;noninflammatory disorder of ovary, fallopian tube and broad ligament, unspecified","noninflammatory disorders of ovary, fallopian tube and broad ligament",0.0
905,905,893,F03,Acamprosate,unspecified dementia,unspecified dementia,dementia,6.0
906,906,894,N12,Polyestradiol phosphate,"tubulo-interstitial nephritis, not specified as acute or chronic","tubulo-interstitial nephritis, not specified as acute or chronic",tubulo-interstitial nephritis,0.0
907,907,895,I50,Nilutamide,heart failure,"heart failure;congestive heart failure;left ventricular failure;heart failure, unspecified",heart failure,1.0
908,908,896,N30,Mycophenolate mofetil,cystitis,"cystitis;acute cystitis;interstitial cystitis (chronic);other chronic cystitis;trigonitis;irradiation cystitis;other cystitis;cystitis, unspecified",cystitis,49.0
909,909,897,L65,Zonisamide,nonscarring hair loss,"other nonscarring hair loss;telogen effluvium;anagen effluvium;alopecia mucinosa;other specified nonscarring hair loss;nonscarring hair loss, unspecified",nonscarring hair loss,1.0
910,910,898,J69,Buspirone,pneumonitis due to solids and liquids,pneumonitis due to solids and liquids;pneumonitis due to food and vomit;pneumonitis due to oils and essences;pneumonitis due to other solids and liquids,pneumonitis due to solids and liquids,138.0
911,911,899,A78,Monobenzone,q fever,q fever,q fever,0.0
912,912,900,K26,Afamelanotide,duodenal ulcer,"duodenal ulcer;acute with haemorrhage;acute with perforation;acute with both haemorrhage and perforation;acute without haemorrhage or perforation;chronic or unspecified with haemorrhage;chronic or unspecified with perforation;chronic or unspecified with both haemorrhage and perforation;chronic without haemorrhage or perforation;unspecified as acute or chronic, without haemorrhage or perforation",duodenal ulcer,0.0
913,913,901,C34,Nilotinib,malignant neoplasm of bronchus and lung,"malignant neoplasm of bronchus and lung;main bronchus;upper lobe, bronchus or lung;middle lobe, bronchus or lung;lower lobe, bronchus or lung;overlapping lesion of bronchus and lung;bronchus or lung, unspecified",malignant neoplasm of bronchus and lung,81.0
