,Trajectory,Disease list,Drug Indications
0,1,"{'K56', 'K59'}","{'Ceruletide': 1, 'Ivermectin': 1, 'Trimebutine': 1, 'Dexpanthenol': 1, 'Moxidectin': 1, 'Tramadol': 1, 'Lactulose': 1, 'Lubiprostone': 1, 'Tegaserod': 1, 'Magnesium oxide': 1, 'Prucalopride': 1, 'Methylnaltrexone': 1, 'Linaclotide': 1, 'Naloxegol': 1, 'Potassium alum': 1, 'Magnesium hydroxide': 1, 'Bisoxatin': 1, 'Polyethylene glycol': 1, 'Polycarbophil': 1, 'Magnesium acetate tetrahydrate': 1, 'Sodium phosphate': 1, 'Docusate': 1, 'Plantago seed': 1, 'Magnesium citrate': 1, 'Methyl cellulose': 1, 'Sennosides': 1, 'Naldemedine': 1, 'Galactose': 1}"
1,3,"{'A38', 'G47', 'J15'}","{'Phenoxymethylpenicillin': 2, 'Amitriptyline': 2, 'Melatonin': 2, 'Aceprometazine': 2, 'Pimavanserin': 2, 'Armodafinil': 2, 'Telavancin': 1}"
2,4,"{'C91', 'A41'}","{'Teniposide': 1, 'Imatinib': 1, 'Inotuzumab ozogamicin': 1, 'Netilmicin': 1, 'Latamoxef': 1}"
3,5,"{'J40', 'B99'}","{'Moxifloxacin': 1, 'Isoetarine': 1, 'Theophylline': 1, 'Ipratropium': 1, 'Trimethoprim': 1, 'Clomocycline': 1, 'Demeclocycline': 1, 'Dyphylline': 1, 'Sulfametopyrazine': 1, 'Cefixime': 1, 'Orciprenaline': 1, 'Pseudoephedrine': 1, 'Terbutaline': 1, 'Methacycline': 1, 'Dirithromycin': 1, 'Telithromycin': 1, 'Lomefloxacin': 1, 'Salbutamol': 1, 'Sulfamethoxazole': 1, 'Gatifloxacin': 1, 'Isoprenaline': 1, 'Cefditoren': 1, 'Cefuroxime': 1, 'Sparfloxacin': 1, 'Clarithromycin': 1, 'Aminophylline': 1, 'Arformoterol': 1, 'Oxtriphylline': 1, 'Bambuterol': 1, 'Ceftibuten': 1, 'Sulfamerazine': 1, 'Sulfamethazine': 1, 'Pivampicillin': 1, 'Roflumilast': 1, 'Indacaterol': 1, 'Aclidinium': 1, 'Fluticasone furoate': 1, 'Olodaterol': 1, 'Vilanterol': 1, 'Pentoxyverine': 1, 'Etafedrine': 1, 'Terpin hydrate': 1, 'Diphenidol': 1}"
4,7,"{'K21', 'B99', 'H10', 'B08', 'B37'}","{'Bismuth Subcitrate': 2, 'Diphenidol': 1, 'Moxifloxacin': 2, 'Idoxuridine': 2, 'Medrysone': 2, 'Sulfisoxazole': 2, 'Triprolidine': 2, 'Trifluridine': 2, 'Cyproheptadine': 2, 'Chloramphenicol': 2, 'Sulfacetamide': 2, 'Prednisone': 2, 'Astemizole': 2, 'Carbinoxamine': 2, 'Epinastine': 2, 'Olopatadine': 2, 'Natamycin': 2, 'Hydroxypropyl cellulose': 2, 'Loteprednol': 2, 'Pemirolast': 2, 'Ketotifen': 2, 'Azelastine': 2, 'Cromoglicic acid': 2, 'Emedastine': 2, 'Levocabastine': 2, 'Levofloxacin': 2, 'Bepotastine': 2, 'Alcaftadine': 2, 'Besifloxacin': 2, 'Lodoxamide': 2, 'Antazoline': 2, 'Chloropyramine': 2, 'Spaglumic Acid': 2, 'Dexchlorpheniramine maleate': 2, 'Dermatophagoides farinae': 2, 'Dermatophagoides pteronyssinus': 2, 'Rose bengal': 2, 'Lifitegrast': 2, 'Acetyl sulfisoxazole': 2, 'Cantharidin': 1, 'Terconazole': 2, 'Clotrimazole': 2, 'Anidulafungin': 2, 'Caspofungin': 2, 'Voriconazole': 2, 'Butoconazole': 2, 'Tioconazole': 2, 'Ketoconazole': 2, 'Miconazole': 2, 'Econazole': 2, 'Micafungin': 2, 'Posaconazole': 2, 'Dequalinium': 2}"
5,12,"{'D69', 'D70'}","{'Immune Globulin Human': 1, 'Prednisone': 1, 'Lenograstim': 2}"
6,14,"{'E10', 'E87'}","{'Miglitol': 2, 'Glipizide': 2, 'Tolbutamide': 2, 'Ergocalciferol': 1, 'Calcium Gluceptate': 1, 'Dihydrotachysterol': 1, 'Sodium bicarbonate': 1, 'Tromethamine': 1, 'Ammonium chloride': 2, 'Canagliflozin': 1, 'Potassium Citrate': 1, 'Helium': 1, 'Sodium acetate': 1}"
7,15,"{'G47', 'E66'}","{'Amitriptyline': 2, 'Melatonin': 2, 'Aceprometazine': 2, 'Pimavanserin': 2, 'Armodafinil': 2, 'Amphetamine': 2, 'Phentermine': 2, 'Topiramate': 2, 'Phenylpropanolamine': 2, 'Fenfluramine': 2, 'Mazindol': 2, 'Phenmetrazine': 2, 'Benzphetamine': 2, 'Diethylpropion': 2, 'Orlistat': 2, 'Sibutramine': 2, 'Dexfenfluramine': 2, 'Fenproporex': 2, 'Methamphetamine': 2, 'Phendimetrazine': 2, 'Pantothenic acid': 2, 'Lorcaserin': 2, 'Omega-3-carboxylic acids': 2, 'Pipradrol': 2, 'Ertugliflozin': 2, 'Semaglutide': 2}"
8,16,"{'K02', 'F41'}","{'Chlorhexidine': 2, 'Calcium glycerophosphate': 2, 'Silver': 2, 'Lorazepam': 1, 'Butabarbital': 1, 'Meprobamate': 1, 'Chlordiazepoxide': 1, 'Buspirone': 1, 'Clorazepate': 1, 'Halazepam': 1, 'Diazepam': 1, 'Trifluoperazine': 1, 'Oxazepam': 1, 'Desipramine': 1, 'Clotiazepam': 1, 'Fludiazepam': 1, 'Prazepam': 1, 'Cinolazepam': 1}"
9,18,"{'G41', 'G40'}","{'Lorazepam': 2, 'Adinazolam': 2, 'Propofol': 2, 'Fosphenytoin': 2, 'Clobazam': 2, 'Carbamazepine': 2, 'Ethosuximide': 2, 'Oxcarbazepine': 2, 'Primidone': 2, 'Phensuximide': 2, 'Progabide': 2, 'Methylphenobarbital': 2, 'Zonisamide': 2, 'Felbamate': 2, 'Gabapentin': 2, 'Vigabatrin': 2, 'Phenacemide': 2, 'Levetiracetam': 2, 'Flunarizine': 2, 'Lacosamide': 2, 'Stiripentol': 2}"
10,23_388,"{'H52', 'H50'}","{'Verteporfin': 1, 'Botulinum Toxin Type A': 1}"
11,28,"{'J45', 'J30'}","{'Omalizumab': 3, 'Vitamin E': 3, 'Flunisolide': 3, 'Isoetarine': 3, 'Theophylline': 3, 'Beclomethasone dipropionate': 3, 'Montelukast': 3, 'Zafirlukast': 3, 'Cinalukast': 3, 'Fluticasone propionate': 3, 'Dyphylline': 3, 'Nedocromil': 3, 'Hydrocortisone': 3, 'Zileuton': 3, 'Mometasone': 3, 'Orciprenaline': 3, 'Enprofylline': 3, 'Ketotifen': 3, 'Salmeterol': 3, 'Formoterol': 3, 'Salbutamol': 3, 'Cromoglicic acid': 3, 'Isoprenaline': 3, 'Chlorphenamine': 3, 'Budesonide': 3, 'Aminophylline': 3, 'Dexamethasone': 3, 'Fenoterol': 3, 'Pirbuterol': 3, 'Oxtriphylline': 3, 'Penbutolol': 3, 'Procaterol': 3, 'Clenbuterol': 3, 'Bambuterol': 3, 'Ibudilast': 3, 'Reslizumab': 3, 'Mepolizumab': 3, 'Tranilast': 3, 'Chloropyramine': 3, 'Fluticasone furoate': 3, 'Olodaterol': 3, 'Vilanterol': 3, 'Helium': 3, 'Doxofylline': 3, 'Racepinephrine': 3, 'Etafedrine': 3, 'Myrrh': 3, 'Benralizumab': 3, 'Levosalbutamol': 3, 'D-alpha-Tocopherol acetate': 3, 'Cyproheptadine': 1, 'Carbinoxamine': 1, 'Pseudoephedrine': 1}"
12,29,"{'J40', 'B99'}","{'Moxifloxacin': 1, 'Isoetarine': 1, 'Theophylline': 1, 'Ipratropium': 1, 'Trimethoprim': 1, 'Clomocycline': 1, 'Demeclocycline': 1, 'Dyphylline': 1, 'Sulfametopyrazine': 1, 'Cefixime': 1, 'Orciprenaline': 1, 'Pseudoephedrine': 1, 'Terbutaline': 1, 'Methacycline': 1, 'Dirithromycin': 1, 'Telithromycin': 1, 'Lomefloxacin': 1, 'Salbutamol': 1, 'Sulfamethoxazole': 1, 'Gatifloxacin': 1, 'Isoprenaline': 1, 'Cefditoren': 1, 'Cefuroxime': 1, 'Sparfloxacin': 1, 'Clarithromycin': 1, 'Aminophylline': 1, 'Arformoterol': 1, 'Oxtriphylline': 1, 'Bambuterol': 1, 'Ceftibuten': 1, 'Sulfamerazine': 1, 'Sulfamethazine': 1, 'Pivampicillin': 1, 'Roflumilast': 1, 'Indacaterol': 1, 'Aclidinium': 1, 'Fluticasone furoate': 1, 'Olodaterol': 1, 'Vilanterol': 1, 'Pentoxyverine': 1, 'Etafedrine': 1, 'Terpin hydrate': 1, 'Diphenidol': 1}"
13,34,"{'D10', 'G71', 'F95', 'B35', 'H60', 'A38', 'A69', 'G47', 'J40', 'M13', 'M60', 'H10', 'E30', 'J42', 'D70', 'N04'}","{'Pancrelipase': 2, 'Lovastatin': 1, 'Penciclovir': 1, 'Mitomycin': 1, 'Metformin': 1, 'Cerivastatin': 2, 'Vincristine': 1, 'Mazindol': 1, 'L-Carnitine': 1, 'Niacin': 1, 'Clofibrate': 1, 'Cefixime': 3, 'Dirithromycin': 3, 'Ezetimibe': 1, 'Telithromycin': 2, 'Fenofibrate': 1, 'Cefditoren': 3, 'Atorvastatin': 1, 'Hesperetin': 2, 'Rosuvastatin': 2, 'Cefuroxime': 2, 'Clarithromycin': 5, 'Gemfibrozil': 1, 'Panitumumab': 2, 'Fosamprenavir': 2, 'Bezafibrate': 1, 'Ceftibuten': 3, 'Cholestyramine': 1, 'Everolimus': 1, 'Pantothenic acid': 1, 'Celiprolol': 1, 'Mipomersen': 2, 'Rimonabant': 1, 'Lomitapide': 1, 'Acetylcarnitine': 2, 'Pitavastatin': 1, 'Ulipristal': 1, 'Tesamorelin': 1, 'Linagliptin': 1, 'Aflibercept': 1, 'Regorafenib': 2, 'Fluticasone furoate': 3, 'Inositol nicotinate': 1, 'Carbazochrome': 1, 'Pembrolizumab': 2, 'Metreleptin': 1, 'Acipimox': 1, 'Atosiban': 1, 'Vilanterol': 3, 'Benzydamine': 2, 'Xanthinol': 1, 'Sincalide': 1, 'Pramocaine': 2, 'Tannic acid': 1, 'Octinoxate': 1, 'Talc': 2, 'Sodium glycerophosphate': 2, 'Omega-3-carboxylic acids': 2, 'Petrolatum': 1, 'Allantoin': 1, 'Pectin': 1, 'Tocopherol': 1, 'Sebelipase alfa': 1, 'Myrrh': 1, 'Ertugliflozin': 2, 'Cerliponase alfa': 1, 'Glycyrrhizic acid': 2, 'Fenofibric acid': 1, 'Medium-chain triglycerides': 2, 'alpha-Tocopherol succinate': 2, 'alpha-Tocopherol acetate': 2, 'Ataluren': 1, 'Eteplirsen': 1, 'Deflazacort': 1, 'Ziprasidone': 2, 'Olanzapine': 2, 'Loxapine': 2, 'Prochlorperazine': 2, 'Betamethasone': 2, 'Fluphenazine': 2, 'Perphenazine': 2, 'Quetiapine': 2, 'Aripiprazole': 2, 'Chlorprothixene': 2, 'Salsalate': 3, 'Molindone': 2, 'Tetrabenazine': 4, 'Apremilast': 2, 'Aripiprazole lauroxil': 2, 'Griseofulvin': 4, 'Naftifine': 3, 'Terbinafine': 2, 'Butenafine': 3, 'Miconazole': 3, 'Econazole': 3, 'Sertaconazole': 1, 'Bifonazole': 1, 'Sulconazole': 3, 'Luliconazole': 1, 'Neomycin': 3, 'Finafloxacin': 2, 'Phenoxymethylpenicillin': 2, 'Lyme disease vaccine (recombinant OspA)': 1, 'Lymecycline': 2, 'Demeclocycline': 3, 'Tetracycline': 1, 'Amitriptyline': 3, 'Melatonin': 3, 'Aceprometazine': 2, 'Pimavanserin': 2, 'Armodafinil': 2, 'Moxifloxacin': 4, 'Isoetarine': 1, 'Theophylline': 3, 'Ipratropium': 2, 'Trimethoprim': 2, 'Clomocycline': 2, 'Dyphylline': 2, 'Sulfametopyrazine': 2, 'Orciprenaline': 2, 'Pseudoephedrine': 2, 'Terbutaline': 1, 'Methacycline': 2, 'Lomefloxacin': 2, 'Salbutamol': 3, 'Sulfamethoxazole': 1, 'Gatifloxacin': 1, 'Isoprenaline': 2, 'Sparfloxacin': 2, 'Aminophylline': 2, 'Arformoterol': 2, 'Oxtriphylline': 1, 'Bambuterol': 1, 'Sulfamerazine': 1, 'Sulfamethazine': 1, 'Pivampicillin': 2, 'Roflumilast': 2, 'Indacaterol': 2, 'Aclidinium': 2, 'Olodaterol': 2, 'Pentoxyverine': 1, 'Etafedrine': 2, 'Terpin hydrate': 2, 'Etanercept': 1, 'Anakinra': 1, 'Immune Globulin Human': 1, 'Adalimumab': 1, 'Infliximab': 2, 'Rituximab': 1, 'Cyclosporine': 1, 'Histidine': 1, 'Ademetionine': 1, 'Cystine': 1, 'N-Acetylglucosamine': 1, 'Vitamin E': 1, 'Tramadol': 1, 'Indomethacin': 1, 'Nabumetone': 1, 'Tenoxicam': 1, 'Celecoxib': 1, 'Tolmetin': 1, 'Rofecoxib': 1, 'Piroxicam': 1, 'Methotrexate': 2, 'Fenoprofen': 1, 'Valdecoxib': 1, 'Diclofenac': 1, 'Sulindac': 1, 'Chloroquine': 1, 'Flurbiprofen': 1, 'Hydrocortisone': 1, 'Etodolac': 1, 'Estradiol': 1, 'Mefenamic acid': 1, 'Naproxen': 1, 'Sulfasalazine': 1, 'Meloxicam': 1, 'Penicillamine': 1, 'Prednisolone': 1, 'Diflunisal': 1, 'Meclofenamic acid': 1, 'Acetylsalicylic acid': 1, 'Methylprednisolone': 1, 'Oxaprozin': 1, 'Azathioprine': 1, 'Auranofin': 1, 'Ketoprofen': 1, 'Probenecid': 1, 'Ibuprofen': 1, 'Leflunomide': 1, 'Sulfinpyrazone': 1, 'Abatacept': 2, 'Lumiracoxib': 1, 'Glucosamine': 1, 'Colchicine': 1, 'Choline magnesium trisalicylate': 1, 'Hydroxychloroquine': 1, 'Etoricoxib': 1, 'Niflumic Acid': 1, 'Nimesulide': 1, 'Samarium (153Sm) lexidronam': 1, 'Ustekinumab': 2, 'Canakinumab': 1, 'Tocilizumab': 1, 'Temsirolimus': 2, 'Golimumab': 1, 'Aceclofenac': 1, 'Hyaluronic acid': 2, 'Tofacitinib': 2, 'Certolizumab pegol': 1, 'Zucapsaicin': 1, 'Aurothioglucose': 2, 'Dexibuprofen': 2, 'Sodium aurothiomalate': 1, 'Talniflumate': 1, 'Chondroitin sulfate': 1, 'Fluoride ion F-18': 2, 'Capsicum oleoresin': 1, 'Phenyltoloxamine': 1, 'Menthyl salicylate': 1, 'Gelatin': 1, 'Brodalumab': 1, 'Baricitinib': 2, 'Diacerein': 1, 'Stem bromelain': 2, 'Nicoboxil': 2, 'Alclofenac': 1, 'Acemetacin': 1, 'D-alpha-Tocopherol acetate': 1, 'Prednisone': 7, 'Idoxuridine': 2, 'Medrysone': 2, 'Sulfisoxazole': 3, 'Triprolidine': 3, 'Trifluridine': 2, 'Cyproheptadine': 2, 'Chloramphenicol': 2, 'Sulfacetamide': 2, 'Astemizole': 2, 'Carbinoxamine': 2, 'Epinastine': 2, 'Olopatadine': 2, 'Natamycin': 2, 'Hydroxypropyl cellulose': 2, 'Loteprednol': 2, 'Pemirolast': 2, 'Ketotifen': 2, 'Azelastine': 2, 'Cromoglicic acid': 2, 'Emedastine': 2, 'Levocabastine': 2, 'Levofloxacin': 2, 'Bepotastine': 2, 'Alcaftadine': 2, 'Besifloxacin': 2, 'Lodoxamide': 2, 'Antazoline': 2, 'Chloropyramine': 3, 'Spaglumic Acid': 2, 'Dexchlorpheniramine maleate': 2, 'Dermatophagoides farinae': 3, 'Dermatophagoides pteronyssinus': 3, 'Rose bengal': 2, 'Lifitegrast': 2, 'Acetyl sulfisoxazole': 2, 'Goserelin': 1, 'Medroxyprogesterone acetate': 1, 'Nafarelin': 1, 'Histrelin': 1, 'Testosterone enanthate': 1, 'Lenograstim': 3, 'Cetuximab': 1, 'Peginterferon alfa-2a': 1, 'Erythropoietin': 1, 'Salmon Calcitonin': 1, 'Pegfilgrastim': 1, 'Peginterferon alfa-2b': 1, 'Asparaginase Escherichia coli': 1, 'Oprelvekin': 1, 'Palifermin': 1, 'Rasburicase': 1, 'Gemtuzumab ozogamicin': 1, 'Hyaluronidase': 1, 'Efalizumab': 1, 'Filgrastim': 1, 'Octreotide': 1, 'Esmolol': 1, 'Ethchlorvynol': 1, 'Hydroxocobalamin': 1, 'Ticlopidine': 1, 'Torasemide': 1, 'Nelfinavir': 1, 'Methyclothiazide': 1, 'Nevirapine': 1, 'Cabergoline': 1, 'Cycloserine': 1, 'Travoprost': 1, 'Atomoxetine': 1, 'Chlorambucil': 2, 'Tenofovir disoproxil': 1, 'Bexarotene': 1, 'Chlorthalidone': 1, 'Capreomycin': 1, 'Gefitinib': 1, 'Floxuridine': 1, 'Tolcapone': 1, 'Omeprazole': 1, 'Pyrazinamide': 1, 'Trimethadione': 1, 'Megestrol acetate': 1, 'Buclizine': 1, 'Vinorelbine': 1, 'Anidulafungin': 1, 'Doxylamine': 1, 'Levonorgestrel': 1, 'Palonosetron': 1, 'Triamterene': 2, 'Nisoldipine': 1, 'Ampicillin': 1, 'Methylphenidate': 1, 'Methocarbamol': 1, 'Carboprost Tromethamine': 1, 'Lindane': 1, 'Allopurinol': 1, 'Dronabinol': 1, 'Nabilone': 1, 'Zidovudine': 1, 'Haloperidol': 1, 'Ritonavir': 1, 'Caspofungin': 1, 'Metolazone': 1, 'Tolnaftate': 1, 'Erlotinib': 1, 'Cyclophosphamide': 2, 'Lamotrigine': 1, 'Cinnarizine': 1, 'Amiloride': 1, 'Labetalol': 1, 'Thiopental': 1, 'Cyclothiazide': 1, 'Ethionamide': 1, 'Paramethadione': 1, 'Bacitracin': 1, 'Pemetrexed': 1, 'Dyclonine': 1, 'Flumethasone': 1, 'Aprepitant': 1, 'Isoflurophate': 1, 'Phentolamine': 1, 'Furosemide': 3, 'Amprenavir': 1, 'Gadobenic acid': 1, 'Tretinoin': 1, 'Hexachlorophene': 1, 'Dolasetron': 1, 'Etoposide': 1, 'Hydroflumethiazide': 1, 'Oxcarbazepine': 1, 'Phenelzine': 1, 'Indapamide': 1, 'Ribavirin': 1, 'Dacarbazine': 1, 'Chlorphenesin': 1, 'Eprosartan': 1, 'Emtricitabine': 1, 'Chlorothiazide': 1, 'Bumetanide': 2, 'Didanosine': 1, 'Ondansetron': 1, 'Bimatoprost': 1, 'Dinoprostone': 1, 'Misoprostol': 1, 'Zalcitabine': 1, 'Hydrocodone': 1, 'Carboplatin': 1, 'Telmisartan': 1, 'Dactinomycin': 1, 'Doxorubicin': 1, 'Guanfacine': 1, 'Ethinamate': 1, 'Selegiline': 1, 'Hydroxystilbamidine Isethionate': 1, 'Melphalan': 1, 'Abacavir': 1, 'Novobiocin': 1, 'Atazanavir': 1, 'Vigabatrin': 1, 'Streptomycin': 1, 'Capecitabine': 1, 'Amiodarone': 1, 'Proguanil': 1, 'Micafungin': 1, 'Procarbazine': 1, 'Cyclizine': 1, 'Ifosfamide': 1, 'Clindamycin': 1, 'Flecainide': 2, 'Captopril': 1, 'Bromocriptine': 1, 'Lomustine': 1, 'Ketamine': 1, 'Budesonide': 1, 'Bromodiphenhydramine': 1, 'Isocarboxazid': 1, 'Docetaxel': 1, 'Posaconazole': 1, 'Darunavir': 1, 'Mecasermin': 1, 'Nelarabine': 1, 'Bismuth Subsalicylate': 1, 'Potassium': 1, 'Hexobarbital': 1, 'Penbutolol': 1, 'Iohexol': 1, 'Rasagiline': 1, 'Oxybenzone': 1, 'Antipyrine': 1, 'Phenazopyridine': 1, 'Fencamfamine': 1, 'Flunitrazepam': 1, 'Liotrix': 1, 'Lopinavir': 1, 'Meticillin': 1, 'Phenindamine': 1, 'Acetylcholine': 1, 'Propanoic acid': 1, 'Thiotepa': 1, 'Suramin': 1, 'Ixabepilone': 1, 'Defibrotide': 1, 'Tamibarotene': 1, 'Trabectedin': 2, 'Methsuximide': 1, 'Natural alpha interferon': 1, 'Iodine': 1, 'Tetrachlorodecaoxide': 1, 'Ramucirumab': 1, 'Sodium stibogluconate': 1, 'Thrombomodulin Alfa': 1, 'Inotuzumab ozogamicin': 1, 'Obeticholic acid': 1, 'Olaratumab': 1, 'Lasofoxifene': 1, 'Hyaluronidase (Human Recombinant)': 1, 'Asenapine': 1, 'Droxidopa': 1, 'Saxagliptin': 1, 'Pertuzumab': 1, 'Oxymetholone': 1, 'Etravirine': 1, 'Pazopanib': 1, 'Safinamide': 1, 'Sipuleucel-T': 1, 'Dexmethylphenidate': 1, 'Potassium Iodide': 1, 'Fosaprepitant': 1, 'Beta carotene': 1, 'Fomivirsen': 1, 'Dalteparin': 1, 'Hexocyclium': 1, 'Nonoxynol-9': 1, 'Raltegravir': 1, 'Unoprostone': 1, 'Diloxanide': 1, 'Azidocillin': 1, 'Dimetindene': 1, 'Triflusal': 1, 'Ivacaftor': 1, 'Rilpivirine': 1, 'Brentuximab vedotin': 1, 'Eribulin': 1, 'Asparaginase Erwinia chrysanthemi': 1, 'Afatinib': 1, 'Dolutegravir': 1, 'Riociguat': 1, 'Sofosbuvir': 1, 'Secukinumab': 1, 'Nivolumab': 1, 'Netupitant': 1, 'Idelalisib': 1, 'Cannabidiol': 1, 'Cobicistat': 1, 'Olaparib': 1, 'Dinutuximab': 1, 'Benzoyl peroxide': 1, 'Somatostatin': 1, 'Elvitegravir': 1, 'Ancestim': 1, 'Hydroxyethyl Starch': 1, 'Oxygen': 1, 'Florbetaben (18F)': 1, 'Florbetapir (18F)': 1, 'Flutemetamol (18F)': 1, 'Carbon dioxide': 1, 'Lorpiprazole': 1, 'Moxisylyte': 1, 'Piracetam': 1, 'Zotepine': 1, 'Lacidipine': 1, 'Moxonidine': 1, 'Tegafur': 1, 'Strontium ranelate': 1, 'Ubidecarenone': 1, 'Rolapitant': 1, 'Sacubitril': 1, 'Zinc oxide': 1, 'Benzathine benzylpenicillin': 1, 'Kappadione': 1, 'Tipiracil': 1, 'Estrogens, esterified': 1, 'Sodium acetate': 1, 'Magnesium acetate tetrahydrate': 1, 'Monopotassium phosphate': 1, 'Xylose': 1, 'Indium In-111 chloride': 1, 'Fludeoxyglucose F-18': 1, 'Bovine type I collagen': 1, 'Hepatitis A Vaccine': 1, 'Cetylpyridinium': 1, 'Resorcinol': 1, 'N-acetyltyrosine': 1, 'Cresol': 1, 'Bicisate': 1, 'Ferric sulfate': 1, 'Peppermint oil': 1, 'Methyl cellulose': 1, 'Thonzylamine': 1, 'Hexylresorcinol': 1, 'Levomefolic acid': 1, 'Polysilicone-15': 1, 'Ixekizumab': 1, 'Asunaprevir': 1, 'Domiphen': 1, 'Atezolizumab': 1, 'Levoleucovorin': 1, 'Normethadone': 1, 'Velpatasvir': 1, 'Hepatitis B Vaccine (Recombinant)': 1, 'Temoporfin': 1, 'Delamanid': 1, 'Vinflunine': 1, 'Durvalumab': 1, 'Galactose': 1, 'Icotinib': 1, 'Sarilumab': 1, 'Niraparib': 1, 'Guselkumab': 1, 'Angiotensin II': 1, 'Abemaciclib': 1, 'Cantharidin': 1, 'Rucaparib': 1, 'Protein S human': 1, 'Coagulation factor VII human': 1, 'Lipegfilgrastim': 1, 'Perboric acid': 1, 'Bufexamac': 1, 'Mifamurtide': 1, 'Bioallethrin': 1, 'Magnesium gluconate': 1, 'Calcium levulinate': 1, 'Human cytomegalovirus immune globulin': 1, 'Talimogene laherparepvec': 1, 'Axicabtagene ciloleucel': 1, 'Testosterone undecanoate': 1, 'Fish oil': 1, 'Remestemcel-L': 1, 'Besilesomab': 1, 'Nabiximols': 1, 'Fosnetupitant': 1, 'Human vaccinia virus immune globulin': 1}"
14,39,"{'E06', 'E14', 'E10'}","{'Liothyronine': 4, 'Levothyroxine': 2, 'Prednisone': 2, 'Prednisolone': 2, 'Liotrix': 2, 'Thyroid, porcine': 2, 'Insulin Human': 1, 'Insulin Lispro': 1, 'Insulin Glargine': 1, 'Insulin Pork': 1, 'Ramipril': 1, 'Glimepiride': 1, 'Rosiglitazone': 1, 'Acetohexamide': 1, 'Miglitol': 3, 'Fosinopril': 1, 'Trandolapril': 1, 'Inulin': 1, 'Lisinopril': 1, 'Nateglinide': 1, 'Mifepristone': 1, 'Tolazamide': 1, 'Quinapril': 1, 'Repaglinide': 1, 'Phenformin': 1, 'Telmisartan': 1, 'Glipizide': 3, 'Tolbutamide': 3, 'Pioglitazone': 1, 'Gliquidone': 1, 'Sitagliptin': 1, 'Exenatide': 1, 'Pramlintide': 1, 'Insulin Aspart': 1, 'Insulin Detemir': 1, 'Insulin Glulisine': 1, 'Glycodiazine': 1, 'Bezafibrate': 1, 'Vildagliptin': 1, 'Alogliptin': 1, 'Dapagliflozin': 1, 'Saxagliptin': 1, 'Liraglutide': 1, 'Acetylcarnitine': 1, 'Linagliptin': 1, 'Canagliflozin': 1, 'Albiglutide': 1, 'Dulaglutide': 1, 'Insulin Degludec': 1, 'Ertugliflozin': 1, 'Semaglutide': 1}"
15,40,"{'K80', 'E66', 'F17'}","{'Isopropamide': 2, 'Amphetamine': 2, 'Phentermine': 2, 'Topiramate': 2, 'Phenylpropanolamine': 2, 'Fenfluramine': 2, 'Mazindol': 2, 'Phenmetrazine': 2, 'Benzphetamine': 2, 'Diethylpropion': 2, 'Orlistat': 2, 'Sibutramine': 2, 'Dexfenfluramine': 2, 'Fenproporex': 2, 'Methamphetamine': 2, 'Phendimetrazine': 2, 'Pantothenic acid': 2, 'Lorcaserin': 2, 'Omega-3-carboxylic acids': 2, 'Pipradrol': 2, 'Ertugliflozin': 2, 'Semaglutide': 2, 'Ziprasidone': 1, 'Olanzapine': 1, 'Loxapine': 1, 'Prochlorperazine': 1, 'Fluphenazine': 1, 'Perphenazine': 1, 'Quetiapine': 1, 'Aripiprazole': 1, 'Chlorprothixene': 1, 'Molindone': 1, 'Aripiprazole lauroxil': 1}"
16,43,"{'F12', 'E87', 'F10'}","{'Ziprasidone': 2, 'Olanzapine': 2, 'Loxapine': 2, 'Prochlorperazine': 2, 'Fluphenazine': 2, 'Perphenazine': 2, 'Quetiapine': 2, 'Aripiprazole': 2, 'Chlorprothixene': 2, 'Molindone': 2, 'Aripiprazole lauroxil': 2, 'Ergocalciferol': 1, 'Calcium Gluceptate': 1, 'Dihydrotachysterol': 1, 'Sodium bicarbonate': 1, 'Tromethamine': 1, 'Ammonium chloride': 2, 'Canagliflozin': 1, 'Potassium Citrate': 1, 'Helium': 1, 'Sodium acetate': 1}"
17,44,"{'F11', 'F19', 'F13'}","{'Ziprasidone': 3, 'Olanzapine': 3, 'Loxapine': 3, 'Prochlorperazine': 3, 'Fluphenazine': 3, 'Perphenazine': 3, 'Quetiapine': 3, 'Aripiprazole': 3, 'Chlorprothixene': 3, 'Molindone': 3, 'Aripiprazole lauroxil': 3}"
18,46,"{'F32', 'F41'}","{'Imipramine': 2, 'Tranylcypromine': 2, 'Agomelatine': 2, 'Lorazepam': 1, 'Butabarbital': 1, 'Meprobamate': 1, 'Chlordiazepoxide': 1, 'Buspirone': 1, 'Clorazepate': 1, 'Halazepam': 1, 'Diazepam': 1, 'Trifluoperazine': 1, 'Oxazepam': 1, 'Desipramine': 1, 'Clotiazepam': 1, 'Fludiazepam': 1, 'Prazepam': 1, 'Cinolazepam': 1}"
19,49,"{'J96', 'G41', 'G40'}","{'Nitric Oxide': 1, 'Lorazepam': 2, 'Adinazolam': 2, 'Propofol': 2, 'Fosphenytoin': 2, 'Clobazam': 2, 'Carbamazepine': 2, 'Ethosuximide': 2, 'Oxcarbazepine': 2, 'Primidone': 2, 'Phensuximide': 2, 'Progabide': 2, 'Methylphenobarbital': 2, 'Zonisamide': 2, 'Felbamate': 2, 'Gabapentin': 2, 'Vigabatrin': 2, 'Phenacemide': 2, 'Levetiracetam': 2, 'Flunarizine': 2, 'Lacosamide': 2, 'Stiripentol': 2}"
20,53,"{'J45', 'J30', 'L20'}","{'Omalizumab': 3, 'Vitamin E': 3, 'Flunisolide': 3, 'Isoetarine': 3, 'Theophylline': 3, 'Beclomethasone dipropionate': 3, 'Montelukast': 3, 'Zafirlukast': 3, 'Cinalukast': 3, 'Fluticasone propionate': 3, 'Dyphylline': 3, 'Nedocromil': 3, 'Hydrocortisone': 3, 'Zileuton': 3, 'Mometasone': 3, 'Orciprenaline': 3, 'Enprofylline': 3, 'Ketotifen': 3, 'Salmeterol': 3, 'Formoterol': 3, 'Salbutamol': 3, 'Cromoglicic acid': 3, 'Isoprenaline': 3, 'Chlorphenamine': 3, 'Budesonide': 3, 'Aminophylline': 3, 'Dexamethasone': 3, 'Fenoterol': 3, 'Pirbuterol': 3, 'Oxtriphylline': 3, 'Penbutolol': 3, 'Procaterol': 3, 'Clenbuterol': 3, 'Bambuterol': 3, 'Ibudilast': 3, 'Reslizumab': 3, 'Mepolizumab': 3, 'Tranilast': 5, 'Chloropyramine': 3, 'Fluticasone furoate': 3, 'Olodaterol': 3, 'Vilanterol': 3, 'Helium': 3, 'Doxofylline': 3, 'Racepinephrine': 3, 'Etafedrine': 3, 'Myrrh': 3, 'Benralizumab': 3, 'Levosalbutamol': 3, 'D-alpha-Tocopherol acetate': 3, 'Cyproheptadine': 1, 'Carbinoxamine': 1, 'Pseudoephedrine': 1, 'Pimecrolimus': 2, 'Prednisone': 2, 'Flumethasone': 2, 'Tacrolimus': 2, 'Doxepin': 2, 'Crisaborole': 2, 'Peppermint oil': 2, 'Aloe Polysaccharide': 2}"
21,56,"{'K21', 'K29'}","{'Bismuth Subcitrate': 3, 'Isopropamide': 1}"
22,65_103,"{'F14', 'F10', 'F12', 'F19', 'F13', 'F11'}","{'Ziprasidone': 6, 'Olanzapine': 6, 'Loxapine': 6, 'Prochlorperazine': 6, 'Fluphenazine': 6, 'Perphenazine': 6, 'Quetiapine': 6, 'Aripiprazole': 6, 'Chlorprothixene': 6, 'Molindone': 6, 'Aripiprazole lauroxil': 6}"
23,69,"{'N80', 'N94'}","{'Leuprolide': 2, 'Goserelin': 2, 'Medroxyprogesterone acetate': 2, 'Nafarelin': 2, 'Norethisterone': 2, 'Danazol': 2, 'Buserelin': 2, 'Dienogest': 2, 'Gestrinone': 2, 'Nimesulide': 1, 'Ospemifene': 1, 'Estradiol acetate': 1}"
24,70,"{'N80', 'N94'}","{'Leuprolide': 2, 'Goserelin': 2, 'Medroxyprogesterone acetate': 2, 'Nafarelin': 2, 'Norethisterone': 2, 'Danazol': 2, 'Buserelin': 2, 'Dienogest': 2, 'Gestrinone': 2, 'Nimesulide': 1, 'Ospemifene': 1, 'Estradiol acetate': 1}"
25,71,"{'E06', 'E03'}","{'Liothyronine': 5, 'Levothyroxine': 3, 'Prednisone': 2, 'Prednisolone': 2, 'Liotrix': 3, 'Thyroid, porcine': 3, 'Conivaptan': 1, 'Mecasermin': 1, 'Thyroglobulin': 1}"
26,73,"{'E06', 'E03'}","{'Liothyronine': 5, 'Levothyroxine': 3, 'Prednisone': 2, 'Prednisolone': 2, 'Liotrix': 3, 'Thyroid, porcine': 3, 'Conivaptan': 1, 'Mecasermin': 1, 'Thyroglobulin': 1}"
27,74,"{'E06', 'E14', 'E10'}","{'Liothyronine': 4, 'Levothyroxine': 2, 'Prednisone': 2, 'Prednisolone': 2, 'Liotrix': 2, 'Thyroid, porcine': 2, 'Insulin Human': 1, 'Insulin Lispro': 1, 'Insulin Glargine': 1, 'Insulin Pork': 1, 'Ramipril': 1, 'Glimepiride': 1, 'Rosiglitazone': 1, 'Acetohexamide': 1, 'Miglitol': 3, 'Fosinopril': 1, 'Trandolapril': 1, 'Inulin': 1, 'Lisinopril': 1, 'Nateglinide': 1, 'Mifepristone': 1, 'Tolazamide': 1, 'Quinapril': 1, 'Repaglinide': 1, 'Phenformin': 1, 'Telmisartan': 1, 'Glipizide': 3, 'Tolbutamide': 3, 'Pioglitazone': 1, 'Gliquidone': 1, 'Sitagliptin': 1, 'Exenatide': 1, 'Pramlintide': 1, 'Insulin Aspart': 1, 'Insulin Detemir': 1, 'Insulin Glulisine': 1, 'Glycodiazine': 1, 'Bezafibrate': 1, 'Vildagliptin': 1, 'Alogliptin': 1, 'Dapagliflozin': 1, 'Saxagliptin': 1, 'Liraglutide': 1, 'Acetylcarnitine': 1, 'Linagliptin': 1, 'Canagliflozin': 1, 'Albiglutide': 1, 'Dulaglutide': 1, 'Insulin Degludec': 1, 'Ertugliflozin': 1, 'Semaglutide': 1}"
28,75,"{'G47', 'E66', 'E11'}","{'Amitriptyline': 2, 'Melatonin': 2, 'Aceprometazine': 2, 'Pimavanserin': 2, 'Armodafinil': 2, 'Amphetamine': 2, 'Phentermine': 2, 'Topiramate': 2, 'Phenylpropanolamine': 2, 'Fenfluramine': 2, 'Mazindol': 2, 'Phenmetrazine': 2, 'Benzphetamine': 2, 'Diethylpropion': 2, 'Orlistat': 2, 'Sibutramine': 2, 'Dexfenfluramine': 2, 'Fenproporex': 2, 'Methamphetamine': 2, 'Phendimetrazine': 2, 'Pantothenic acid': 2, 'Lorcaserin': 2, 'Omega-3-carboxylic acids': 2, 'Pipradrol': 2, 'Ertugliflozin': 2, 'Semaglutide': 2, 'Miglitol': 2, 'Glipizide': 2, 'Tolbutamide': 2}"
29,76_186_187,"{'F25', 'F20'}","{'Pimavanserin': 4, 'Asenapine': 4, 'Amisulpride': 4, 'Armodafinil': 4, 'Glutamic Acid': 2, 'Ziprasidone': 2, 'Olanzapine': 2, 'Clozapine': 2, 'Sulpiride': 2, 'Loxapine': 2, 'Remoxipride': 2, 'Imipramine': 2, 'Chlorpromazine': 2, 'Haloperidol': 2, 'Thioridazine': 2, 'Risperidone': 2, 'Flupentixol': 2, 'Mesoridazine': 2, 'Quetiapine': 2, 'Aripiprazole': 2, 'Chlorprothixene': 2, 'Clomipramine': 2, 'Paliperidone': 2, 'Methotrimeprazine': 2, 'Thioproperazine': 2, 'Thiothixene': 2, 'Zuclopenthixol': 2, 'Prasterone': 2, 'Fluspirilene': 2, 'Iloperidone': 2, 'Cariprazine': 2, 'Sertindole': 2, 'Lurasidone': 2, 'Perospirone': 2, 'Brexpiprazole': 2, 'Blonanserin': 2, 'Melperone': 2, 'Zotepine': 2, 'Aripiprazole lauroxil': 2}"
30,78,"{'F32', 'I95', 'F42'}","{'Imipramine': 2, 'Tranylcypromine': 2, 'Agomelatine': 2, 'Caffeine': 3, 'Midodrine': 3, 'Norepinephrine': 2, 'Phenylephrine': 2, 'Labetalol': 2, 'Metaraminol': 2, 'Methoxamine': 2, 'Pentolinium': 2, 'Ephedrine': 2, 'Theobromine': 3, 'Droxidopa': 3, 'Methylene blue': 2, 'Citalopram': 2, 'Fluoxetine': 2, 'Paroxetine': 2, 'Sertraline': 2, 'Clomipramine': 2}"
31,81,"{'J15', 'G40'}","{'Telavancin': 1, 'Clobazam': 2, 'Carbamazepine': 2, 'Ethosuximide': 2, 'Oxcarbazepine': 2, 'Primidone': 2, 'Phensuximide': 2, 'Progabide': 2, 'Methylphenobarbital': 2, 'Zonisamide': 2, 'Felbamate': 2, 'Gabapentin': 2, 'Vigabatrin': 2, 'Phenacemide': 2, 'Levetiracetam': 2, 'Flunarizine': 2, 'Lacosamide': 2, 'Stiripentol': 2}"
32,83,"{'M81', 'F50'}","{'Conjugated estrogens': 1, 'Estrone sulfate': 1, 'Abaloparatide': 1, 'Lasofoxifene': 1, 'Fluvoxamine': 1, 'Imipramine': 1, 'Fluoxetine': 1, 'Paroxetine': 2, 'Prasterone': 1, 'Ipecac': 2}"
33,84,"{'G43', 'G44'}","{'Eletriptan': 2, 'Butalbital': 2, 'Metoprolol': 2, 'Topiramate': 2, 'Valproic Acid': 2, 'Zolmitriptan': 2, 'Dihydroergotamine': 2, 'Amitriptyline': 2, 'Timolol': 2, 'Rofecoxib': 2, 'Propranolol': 2, 'Clonidine': 2, 'Sumatriptan': 2, 'Ergotamine': 2, 'Nicergoline': 2, 'Almotriptan': 2, 'Naratriptan': 2, 'Rizatriptan': 2, 'Frovatriptan': 2, 'Flunarizine': 2, 'Pizotifen': 2, 'Isometheptene': 2, 'Acetylcarnitine': 2, 'Tolfenamic Acid': 2, 'Ubidecarenone': 2, 'Dihydro-alpha-ergocryptine': 2, 'Erenumab': 2, 'Peppermint oil': 1}"
34,88_136,"{'J33', 'J01'}","{'Budesonide': 2, 'Dexamethasone': 2, 'Ciprofloxacin': 2, 'Telithromycin': 2, 'Clarithromycin': 1}"
35,89,"{'F32', 'G35'}","{'Imipramine': 2, 'Tranylcypromine': 2, 'Agomelatine': 2, 'Immune Globulin Human': 2, 'Interferon beta-1a': 2, 'Interferon beta-1b': 2, 'Natalizumab': 2, 'Baclofen': 2, 'Prednisone': 2, 'Mitoxantrone': 2, 'Glatiramer': 2, 'Ibudilast': 2, 'Tolperisone': 2, 'Dalfampridine': 2, 'Fingolimod': 2, 'Teriflunomide': 2, 'Dimethyl fumarate': 2, 'Cannabidiol': 2, 'Peginterferon beta-1a': 2, 'Ocrelizumab': 2, 'Mephenesin': 2, 'Nabiximols': 2}"
36,92,"{'K21', 'K25', 'K58', 'K29'}","{'Bismuth Subcitrate': 3, 'Omeprazole': 2, 'Sucralfate': 2, 'Nizatidine': 2, 'Pirenzepine': 2, 'Homatropine Methylbromide': 2, 'Roxatidine acetate': 2, 'Amitriptyline': 2, 'Hyoscyamine': 2, 'Scopolamine': 2, 'Clidinium': 2, 'Dicyclomine': 2, 'Methantheline': 2, 'Alosetron': 2, 'Lubiprostone': 2, 'Tegaserod': 2, 'Rifaximin': 2, 'Alverine': 2, 'Linaclotide': 2, 'Trimebutine': 2, 'Pinaverium': 2, 'Eluxadoline': 2, 'Ramosetron': 2, 'Plantago seed': 2, 'Peppermint oil': 2, 'Methyl cellulose': 2, 'Isopropamide': 1}"
37,93,"{'N80', 'N94'}","{'Leuprolide': 2, 'Goserelin': 2, 'Medroxyprogesterone acetate': 2, 'Nafarelin': 2, 'Norethisterone': 2, 'Danazol': 2, 'Buserelin': 2, 'Dienogest': 2, 'Gestrinone': 2, 'Nimesulide': 1, 'Ospemifene': 1, 'Estradiol acetate': 1}"
38,95,"{'K59', 'B37'}","{'Tramadol': 1, 'Lactulose': 1, 'Lubiprostone': 1, 'Tegaserod': 1, 'Magnesium oxide': 1, 'Prucalopride': 1, 'Methylnaltrexone': 1, 'Linaclotide': 1, 'Naloxegol': 1, 'Potassium alum': 1, 'Magnesium hydroxide': 1, 'Bisoxatin': 1, 'Polyethylene glycol': 1, 'Polycarbophil': 1, 'Magnesium acetate tetrahydrate': 1, 'Sodium phosphate': 1, 'Docusate': 1, 'Plantago seed': 1, 'Magnesium citrate': 1, 'Methyl cellulose': 1, 'Sennosides': 1, 'Naldemedine': 1, 'Galactose': 1, 'Terconazole': 2, 'Clotrimazole': 2, 'Anidulafungin': 2, 'Caspofungin': 2, 'Voriconazole': 2, 'Butoconazole': 2, 'Tioconazole': 2, 'Ketoconazole': 2, 'Miconazole': 2, 'Econazole': 2, 'Micafungin': 2, 'Posaconazole': 2, 'Dequalinium': 2}"
39,97,"{'K80', 'K83', 'K81'}","{'Isopropamide': 2, 'Obeticholic acid': 1, 'Technetium Tc-99m disofenin': 3, 'Anethole trithione': 2}"
40,98_151_317,"{'L93', 'M32'}","{'Prednisone': 4, 'Prednisolone': 4, 'Acetylsalicylic acid': 4, 'Hydroxychloroquine': 4, 'Belimumab': 4}"
41,105,"{'K25', 'K58', 'K29', 'K26'}","{'Omeprazole': 4, 'Sucralfate': 4, 'Nizatidine': 4, 'Pirenzepine': 4, 'Homatropine Methylbromide': 4, 'Roxatidine acetate': 4, 'Amitriptyline': 2, 'Hyoscyamine': 2, 'Scopolamine': 2, 'Clidinium': 2, 'Dicyclomine': 2, 'Methantheline': 2, 'Alosetron': 2, 'Lubiprostone': 2, 'Tegaserod': 2, 'Rifaximin': 2, 'Alverine': 2, 'Linaclotide': 2, 'Trimebutine': 2, 'Pinaverium': 2, 'Eluxadoline': 2, 'Ramosetron': 2, 'Plantago seed': 2, 'Peppermint oil': 2, 'Methyl cellulose': 2, 'Isopropamide': 1, 'Bismuth Subcitrate': 1, 'Metronidazole': 2, 'Clarithromycin': 2, 'Almasilate': 2}"
42,107_256_348,"{'D43', 'C71'}","{'Pregabalin': 1, 'Etidronic acid': 1, 'Tolperisone': 1, 'Propiverine': 1, 'Phenytoin': 1, 'Metrizamide': 1}"
43,115,"{'E06', 'K51', 'E03'}","{'Liothyronine': 5, 'Levothyroxine': 3, 'Prednisone': 2, 'Prednisolone': 4, 'Liotrix': 3, 'Thyroid, porcine': 3, 'Infliximab': 2, 'Hydrocortisone': 2, 'Balsalazide': 2, 'Budesonide': 2, 'Olsalazine': 2, 'Difenoxin': 2, 'Golimumab': 2, 'Tofacitinib': 2, 'Tixocortol': 2, 'Kappadione': 2, 'Plantago seed': 2, 'Conivaptan': 1, 'Mecasermin': 1, 'Thyroglobulin': 1}"
44,117,"{'E14', 'E10', 'E11'}","{'Insulin Human': 1, 'Insulin Lispro': 1, 'Insulin Glargine': 1, 'Insulin Pork': 1, 'Ramipril': 1, 'Glimepiride': 1, 'Rosiglitazone': 1, 'Acetohexamide': 1, 'Miglitol': 5, 'Fosinopril': 1, 'Trandolapril': 1, 'Inulin': 1, 'Lisinopril': 1, 'Nateglinide': 1, 'Mifepristone': 1, 'Tolazamide': 1, 'Quinapril': 1, 'Repaglinide': 1, 'Phenformin': 1, 'Telmisartan': 1, 'Glipizide': 5, 'Tolbutamide': 5, 'Pioglitazone': 1, 'Gliquidone': 1, 'Sitagliptin': 1, 'Exenatide': 1, 'Pramlintide': 1, 'Insulin Aspart': 1, 'Insulin Detemir': 1, 'Insulin Glulisine': 1, 'Glycodiazine': 1, 'Bezafibrate': 1, 'Vildagliptin': 1, 'Alogliptin': 1, 'Dapagliflozin': 1, 'Saxagliptin': 1, 'Liraglutide': 1, 'Acetylcarnitine': 1, 'Linagliptin': 1, 'Canagliflozin': 1, 'Albiglutide': 1, 'Dulaglutide': 1, 'Insulin Degludec': 1, 'Ertugliflozin': 1, 'Semaglutide': 1}"
45,119,"{'I21', 'I63'}","{'Alteplase': 2, 'Metoprolol': 2, 'Eplerenone': 2, 'Ridogrel': 2, 'Technetium Tc-99m pyrophosphate': 2, 'Dabigatran etexilate': 2, 'Moxisylyte': 2}"
46,121,"{'F11', 'F14'}","{'Ziprasidone': 2, 'Olanzapine': 2, 'Loxapine': 2, 'Prochlorperazine': 2, 'Fluphenazine': 2, 'Perphenazine': 2, 'Quetiapine': 2, 'Aripiprazole': 2, 'Chlorprothixene': 2, 'Molindone': 2, 'Aripiprazole lauroxil': 2}"
47,122,"{'F17', 'J44', 'J96', 'J20', 'J43'}","{'Ziprasidone': 1, 'Olanzapine': 1, 'Loxapine': 1, 'Prochlorperazine': 1, 'Fluphenazine': 1, 'Perphenazine': 1, 'Quetiapine': 1, 'Aripiprazole': 1, 'Chlorprothixene': 1, 'Molindone': 1, 'Aripiprazole lauroxil': 1, 'Ipratropium': 3, 'Doxapram': 1, 'Salmeterol': 1, 'Glycopyrronium': 1, 'Arformoterol': 3, 'Procaterol': 1, 'Tiotropium': 1, 'Almitrine': 1, 'Indacaterol': 3, 'Aclidinium': 3, 'Umeclidinium': 1, 'Olodaterol': 3, 'Doxofylline': 1, 'Levosalbutamol': 1, 'Terpin hydrate': 1, 'Nitric Oxide': 1, 'Cefixime': 2, 'Dirithromycin': 2, 'Telithromycin': 2, 'Pivampicillin': 2, 'Etafedrine': 2, 'Alpha-1-proteinase inhibitor': 2, 'Theophylline': 2, 'Dyphylline': 2, 'Orciprenaline': 2, 'Terbutaline': 2, 'Aminophylline': 2, 'Oxtriphylline': 2, 'Bambuterol': 2, 'Fluticasone furoate': 2, 'Vilanterol': 2}"
48,123,"{'F42', 'F40'}","{'Citalopram': 2, 'Fluoxetine': 3, 'Paroxetine': 3, 'Sertraline': 3, 'Clomipramine': 2, 'Venlafaxine': 1, 'Alprazolam': 1, 'Imipramine': 1}"
49,125,"{'E87', 'F50'}","{'Ergocalciferol': 1, 'Calcium Gluceptate': 1, 'Dihydrotachysterol': 1, 'Sodium bicarbonate': 1, 'Tromethamine': 1, 'Ammonium chloride': 2, 'Canagliflozin': 1, 'Potassium Citrate': 1, 'Helium': 1, 'Sodium acetate': 1, 'Fluvoxamine': 1, 'Imipramine': 1, 'Fluoxetine': 1, 'Paroxetine': 2, 'Prasterone': 1, 'Ipecac': 2}"
50,126,"{'G41', 'G40'}","{'Lorazepam': 2, 'Adinazolam': 2, 'Propofol': 2, 'Fosphenytoin': 2, 'Clobazam': 2, 'Carbamazepine': 2, 'Ethosuximide': 2, 'Oxcarbazepine': 2, 'Primidone': 2, 'Phensuximide': 2, 'Progabide': 2, 'Methylphenobarbital': 2, 'Zonisamide': 2, 'Felbamate': 2, 'Gabapentin': 2, 'Vigabatrin': 2, 'Phenacemide': 2, 'Levetiracetam': 2, 'Flunarizine': 2, 'Lacosamide': 2, 'Stiripentol': 2}"
51,127_281,"{'G43', 'H81', 'G44'}","{'Eletriptan': 2, 'Butalbital': 2, 'Metoprolol': 2, 'Topiramate': 2, 'Valproic Acid': 2, 'Zolmitriptan': 2, 'Dihydroergotamine': 2, 'Amitriptyline': 2, 'Timolol': 2, 'Rofecoxib': 2, 'Propranolol': 2, 'Clonidine': 2, 'Sumatriptan': 2, 'Ergotamine': 2, 'Nicergoline': 2, 'Almotriptan': 2, 'Naratriptan': 2, 'Rizatriptan': 2, 'Frovatriptan': 2, 'Flunarizine': 2, 'Pizotifen': 2, 'Isometheptene': 2, 'Acetylcarnitine': 2, 'Tolfenamic Acid': 2, 'Ubidecarenone': 2, 'Dihydro-alpha-ergocryptine': 2, 'Erenumab': 2, 'Cinnarizine': 1, 'Diphenhydramine': 1, 'Diphenidol': 1, 'Peppermint oil': 1}"
52,128,"{'G47', 'E66'}","{'Amitriptyline': 2, 'Melatonin': 2, 'Aceprometazine': 2, 'Pimavanserin': 2, 'Armodafinil': 2, 'Amphetamine': 2, 'Phentermine': 2, 'Topiramate': 2, 'Phenylpropanolamine': 2, 'Fenfluramine': 2, 'Mazindol': 2, 'Phenmetrazine': 2, 'Benzphetamine': 2, 'Diethylpropion': 2, 'Orlistat': 2, 'Sibutramine': 2, 'Dexfenfluramine': 2, 'Fenproporex': 2, 'Methamphetamine': 2, 'Phendimetrazine': 2, 'Pantothenic acid': 2, 'Lorcaserin': 2, 'Omega-3-carboxylic acids': 2, 'Pipradrol': 2, 'Ertugliflozin': 2, 'Semaglutide': 2}"
53,130,"{'H52', 'H50'}","{'Verteporfin': 1, 'Botulinum Toxin Type A': 1}"
54,132,"{'I20', 'I47', 'I63'}","{'Bivalirudin': 1, 'Abciximab': 1, 'Metoprolol': 2, 'Atenolol': 2, 'Lercanidipine': 2, 'Labetalol': 2, 'Bisoprolol': 2, 'Isosorbide Dinitrate': 2, 'Acetylsalicylic acid': 3, 'Isosorbide Mononitrate': 2, 'Perhexiline': 2, 'Heparin': 1, 'Nadolol': 2, 'Enoxaparin': 1, 'Bevantolol': 2, 'Oxprenolol': 2, 'Amyl Nitrite': 2, 'Celiprolol': 2, 'Pentaerythritol Tetranitrate': 2, 'Prasugrel': 1, 'Dalteparin': 1, 'Nadroparin': 1, 'Trimetazidine': 2, 'Nicorandil': 2, 'Aranidipine': 2, 'Benidipine': 2, 'Indecainide': 1, 'Disopyramide': 1, 'Mexiletine': 1, 'Phenylephrine': 2, 'Adenosine': 2, 'Pindolol': 1, 'Tocainide': 1, 'Amiodarone': 1, 'Bretylium': 1, 'Propafenone': 1, 'Flecainide': 2, 'Encainide': 1, 'Bopindolol': 1, 'Dabigatran etexilate': 2, 'Moxisylyte': 2}"
55,133,"{'I49', 'I47'}","{'Practolol': 1, 'Potassium gluconate': 1, 'Indecainide': 1, 'Disopyramide': 1, 'Mexiletine': 1, 'Phenylephrine': 2, 'Adenosine': 2, 'Pindolol': 1, 'Tocainide': 1, 'Amiodarone': 1, 'Bretylium': 1, 'Propafenone': 1, 'Flecainide': 2, 'Encainide': 1, 'Bopindolol': 1}"
56,134,"{'I70', 'I73'}","{'Lovastatin': 2, 'Clopidogrel': 2, 'Fluvastatin': 2, 'Rosuvastatin': 2, 'Bezafibrate': 2, 'Tocopherol': 2, 'Lercanidipine': 1, 'Enprofylline': 1, 'Ginkgo biloba': 1, 'Sutilain': 1}"
57,139,"{'J45', 'J96', 'J44', 'J43'}","{'Omalizumab': 3, 'Vitamin E': 3, 'Flunisolide': 3, 'Isoetarine': 3, 'Theophylline': 5, 'Beclomethasone dipropionate': 3, 'Montelukast': 3, 'Zafirlukast': 3, 'Cinalukast': 3, 'Fluticasone propionate': 3, 'Dyphylline': 5, 'Nedocromil': 3, 'Hydrocortisone': 3, 'Zileuton': 3, 'Mometasone': 3, 'Orciprenaline': 5, 'Enprofylline': 3, 'Ketotifen': 3, 'Salmeterol': 4, 'Formoterol': 3, 'Salbutamol': 3, 'Cromoglicic acid': 3, 'Isoprenaline': 3, 'Chlorphenamine': 3, 'Budesonide': 3, 'Aminophylline': 5, 'Dexamethasone': 3, 'Fenoterol': 3, 'Pirbuterol': 3, 'Oxtriphylline': 5, 'Penbutolol': 3, 'Procaterol': 4, 'Clenbuterol': 3, 'Bambuterol': 5, 'Ibudilast': 3, 'Reslizumab': 3, 'Mepolizumab': 3, 'Tranilast': 3, 'Chloropyramine': 3, 'Fluticasone furoate': 5, 'Olodaterol': 6, 'Vilanterol': 5, 'Helium': 3, 'Doxofylline': 4, 'Racepinephrine': 3, 'Etafedrine': 3, 'Myrrh': 3, 'Benralizumab': 3, 'Levosalbutamol': 4, 'D-alpha-Tocopherol acetate': 3, 'Nitric Oxide': 1, 'Ipratropium': 3, 'Doxapram': 1, 'Glycopyrronium': 1, 'Arformoterol': 3, 'Tiotropium': 1, 'Almitrine': 1, 'Indacaterol': 3, 'Aclidinium': 3, 'Umeclidinium': 1, 'Terpin hydrate': 1, 'Alpha-1-proteinase inhibitor': 2, 'Terbutaline': 2}"
58,140,"{'J96', 'J44', 'J43'}","{'Nitric Oxide': 1, 'Ipratropium': 3, 'Doxapram': 1, 'Salmeterol': 1, 'Glycopyrronium': 1, 'Arformoterol': 3, 'Procaterol': 1, 'Tiotropium': 1, 'Almitrine': 1, 'Indacaterol': 3, 'Aclidinium': 3, 'Umeclidinium': 1, 'Olodaterol': 3, 'Doxofylline': 1, 'Levosalbutamol': 1, 'Terpin hydrate': 1, 'Alpha-1-proteinase inhibitor': 2, 'Theophylline': 2, 'Dyphylline': 2, 'Orciprenaline': 2, 'Terbutaline': 2, 'Aminophylline': 2, 'Oxtriphylline': 2, 'Bambuterol': 2, 'Fluticasone furoate': 2, 'Vilanterol': 2}"
59,146,"{'K56', 'K65'}","{'Ceruletide': 1, 'Ivermectin': 1, 'Trimebutine': 1, 'Dexpanthenol': 1, 'Moxidectin': 1, 'Anidulafungin': 2, 'Ceftazidime': 2, 'Meropenem': 2}"
60,148_222,"{'K80', 'K83', 'K81'}","{'Isopropamide': 2, 'Obeticholic acid': 1, 'Technetium Tc-99m disofenin': 3, 'Anethole trithione': 2}"
61,152_407,"{'M13', 'M06'}","{'Etanercept': 2, 'Anakinra': 2, 'Immune Globulin Human': 2, 'Adalimumab': 2, 'Infliximab': 2, 'Rituximab': 2, 'Cyclosporine': 2, 'Histidine': 2, 'Ademetionine': 1, 'Cystine': 2, 'N-Acetylglucosamine': 1, 'Vitamin E': 2, 'Tramadol': 1, 'Indomethacin': 2, 'Nabumetone': 2, 'Tenoxicam': 2, 'Celecoxib': 2, 'Tolmetin': 2, 'Rofecoxib': 2, 'Piroxicam': 2, 'Methotrexate': 2, 'Fenoprofen': 2, 'Valdecoxib': 1, 'Diclofenac': 2, 'Sulindac': 2, 'Chloroquine': 2, 'Flurbiprofen': 2, 'Hydrocortisone': 1, 'Etodolac': 2, 'Estradiol': 1, 'Mefenamic acid': 2, 'Naproxen': 2, 'Sulfasalazine': 2, 'Meloxicam': 1, 'Penicillamine': 2, 'Prednisolone': 2, 'Diflunisal': 2, 'Meclofenamic acid': 2, 'Acetylsalicylic acid': 2, 'Methylprednisolone': 2, 'Oxaprozin': 2, 'Azathioprine': 2, 'Auranofin': 2, 'Ketoprofen': 2, 'Probenecid': 1, 'Ibuprofen': 2, 'Leflunomide': 2, 'Sulfinpyrazone': 1, 'Abatacept': 2, 'Lumiracoxib': 1, 'Glucosamine': 1, 'Colchicine': 1, 'Salsalate': 2, 'Choline magnesium trisalicylate': 1, 'Hydroxychloroquine': 2, 'Etoricoxib': 2, 'Niflumic Acid': 2, 'Nimesulide': 1, 'Samarium (153Sm) lexidronam': 2, 'Ustekinumab': 1, 'Canakinumab': 1, 'Tocilizumab': 2, 'Temsirolimus': 2, 'Golimumab': 2, 'Aceclofenac': 2, 'Hyaluronic acid': 1, 'Tofacitinib': 2, 'Certolizumab pegol': 2, 'Zucapsaicin': 1, 'Aurothioglucose': 2, 'Dexibuprofen': 2, 'Sodium aurothiomalate': 1, 'Talniflumate': 2, 'Chondroitin sulfate': 1, 'Fluoride ion F-18': 1, 'Capsicum oleoresin': 1, 'Phenyltoloxamine': 1, 'Menthyl salicylate': 1, 'Gelatin': 2, 'Brodalumab': 1, 'Baricitinib': 2, 'Diacerein': 1, 'Stem bromelain': 1, 'Nicoboxil': 1, 'Alclofenac': 2, 'Acemetacin': 2, 'D-alpha-Tocopherol acetate': 2}"
62,156,"{'N19', 'N17', 'I15', 'N18'}","{'Calcitriol': 3, 'Calcidiol': 3, 'Cholecalciferol': 3, 'Mannitol': 1, 'Dopamine': 1, 'Dalteparin': 3, 'Enalapril': 1, 'Captopril': 1, 'L-Carnitine': 1, 'Icodextrin': 1}"
63,160,"{'H10', 'M54'}","{'Moxifloxacin': 2, 'Idoxuridine': 2, 'Medrysone': 2, 'Sulfisoxazole': 2, 'Triprolidine': 2, 'Trifluridine': 2, 'Cyproheptadine': 2, 'Chloramphenicol': 2, 'Sulfacetamide': 2, 'Prednisone': 2, 'Astemizole': 2, 'Carbinoxamine': 2, 'Epinastine': 2, 'Olopatadine': 2, 'Natamycin': 2, 'Hydroxypropyl cellulose': 2, 'Loteprednol': 2, 'Pemirolast': 2, 'Ketotifen': 2, 'Azelastine': 2, 'Cromoglicic acid': 2, 'Emedastine': 2, 'Levocabastine': 2, 'Levofloxacin': 2, 'Bepotastine': 2, 'Alcaftadine': 2, 'Besifloxacin': 2, 'Lodoxamide': 2, 'Antazoline': 2, 'Chloropyramine': 2, 'Spaglumic Acid': 2, 'Dexchlorpheniramine maleate': 2, 'Dermatophagoides farinae': 2, 'Dermatophagoides pteronyssinus': 2, 'Rose bengal': 2, 'Lifitegrast': 2, 'Acetyl sulfisoxazole': 2, 'Etoricoxib': 1, 'Methyl salicylate': 1, 'Nicoboxil': 1, 'Acemetacin': 1}"
64,175,"{'E61', 'K51'}","{'Magnesium sulfate': 1, 'Iron Dextran': 1, 'Ferumoxytol': 1, 'Cupric sulfate': 1, 'Ferric Carboxymaltose': 1, 'Iron saccharate': 1, 'Magnesium acetate tetrahydrate': 1, 'Sodium ferric gluconate complex': 1, 'Ferrous sulfate': 1, 'Magnesium gluconate': 1, 'Ferric pyrophosphate citrate': 1, 'Infliximab': 2, 'Hydrocortisone': 2, 'Prednisolone': 2, 'Balsalazide': 2, 'Budesonide': 2, 'Olsalazine': 2, 'Difenoxin': 2, 'Golimumab': 2, 'Tofacitinib': 2, 'Tixocortol': 2, 'Kappadione': 2, 'Plantago seed': 2}"
65,176,"{'F12', 'I85', 'K74', 'F10'}","{'Ziprasidone': 2, 'Olanzapine': 2, 'Loxapine': 2, 'Prochlorperazine': 2, 'Fluphenazine': 2, 'Perphenazine': 2, 'Quetiapine': 2, 'Aripiprazole': 2, 'Chlorprothixene': 2, 'Molindone': 2, 'Aripiprazole lauroxil': 2, 'Vasopressin': 3, 'Tauroursodeoxycholic acid': 1}"
66,177,"{'D69', 'D70'}","{'Immune Globulin Human': 1, 'Prednisone': 1, 'Lenograstim': 2}"
67,179,"{'M86', 'E11'}","{'Ertapenem': 2, 'Clindamycin': 2, 'Technetium Tc-99m oxidronate': 2, 'Fluoride ion F-18': 2, 'Besilesomab': 2, 'Miglitol': 2, 'Glipizide': 2, 'Tolbutamide': 2}"
68,184,"{'G25', 'G47'}","{'Ioflupane I-123': 1, 'Piracetam': 1, 'Amitriptyline': 2, 'Melatonin': 2, 'Aceprometazine': 2, 'Pimavanserin': 2, 'Armodafinil': 2}"
69,185,"{'J40', 'F17', 'J43'}","{'Moxifloxacin': 1, 'Isoetarine': 1, 'Theophylline': 3, 'Ipratropium': 3, 'Trimethoprim': 1, 'Clomocycline': 1, 'Demeclocycline': 1, 'Dyphylline': 3, 'Sulfametopyrazine': 1, 'Cefixime': 1, 'Orciprenaline': 3, 'Pseudoephedrine': 1, 'Terbutaline': 3, 'Methacycline': 1, 'Dirithromycin': 1, 'Telithromycin': 1, 'Lomefloxacin': 1, 'Salbutamol': 1, 'Sulfamethoxazole': 1, 'Gatifloxacin': 1, 'Isoprenaline': 1, 'Cefditoren': 1, 'Cefuroxime': 1, 'Sparfloxacin': 1, 'Clarithromycin': 1, 'Aminophylline': 3, 'Arformoterol': 3, 'Oxtriphylline': 3, 'Bambuterol': 3, 'Ceftibuten': 1, 'Sulfamerazine': 1, 'Sulfamethazine': 1, 'Pivampicillin': 1, 'Roflumilast': 1, 'Indacaterol': 3, 'Aclidinium': 3, 'Fluticasone furoate': 3, 'Olodaterol': 3, 'Vilanterol': 3, 'Pentoxyverine': 1, 'Etafedrine': 1, 'Terpin hydrate': 1, 'Ziprasidone': 1, 'Olanzapine': 1, 'Loxapine': 1, 'Prochlorperazine': 1, 'Fluphenazine': 1, 'Perphenazine': 1, 'Quetiapine': 1, 'Aripiprazole': 1, 'Chlorprothixene': 1, 'Molindone': 1, 'Aripiprazole lauroxil': 1, 'Alpha-1-proteinase inhibitor': 2}"
70,190,"{'G25', 'G47'}","{'Ioflupane I-123': 1, 'Piracetam': 1, 'Amitriptyline': 2, 'Melatonin': 2, 'Aceprometazine': 2, 'Pimavanserin': 2, 'Armodafinil': 2}"
71,194,"{'D36', 'M54'}","{'Nilutamide': 1, 'Ibrutinib': 1, 'Technetium Tc-99m tilmanocept': 1, 'Technetium Tc-99m sulfur colloid': 1, 'Patent Blue': 1, 'Etoricoxib': 1, 'Methyl salicylate': 1, 'Nicoboxil': 1, 'Acemetacin': 1}"
72,201,"{'L30', 'I15', 'M13', 'I27', 'J15', 'I74'}","{'Dapsone': 1, 'Pimecrolimus': 1, 'Bentoquatam': 1, 'Prednisone': 1, 'Flumethasone': 1, 'Tacrolimus': 1, 'Sulfapyridine': 1, 'Selenium Sulfide': 1, 'Doxepin': 1, 'Sulfoxone': 1, 'Chloroxine': 1, 'Crisaborole': 1, 'Pyrithione': 1, 'Tranilast': 1, 'Zinc oxide': 1, 'Sulfur': 1, 'Tannic acid': 1, 'Resorcinol': 1, 'Lanolin': 1, 'Peppermint oil': 1, 'Clobetasone': 1, 'Aloe Polysaccharide': 1, 'Enalapril': 1, 'Captopril': 1, 'Etanercept': 1, 'Anakinra': 1, 'Immune Globulin Human': 1, 'Adalimumab': 1, 'Infliximab': 1, 'Rituximab': 1, 'Cyclosporine': 1, 'Histidine': 1, 'Ademetionine': 1, 'Cystine': 1, 'N-Acetylglucosamine': 1, 'Vitamin E': 1, 'Tramadol': 1, 'Indomethacin': 1, 'Nabumetone': 1, 'Tenoxicam': 1, 'Celecoxib': 1, 'Tolmetin': 1, 'Rofecoxib': 1, 'Piroxicam': 1, 'Methotrexate': 1, 'Fenoprofen': 1, 'Valdecoxib': 1, 'Diclofenac': 1, 'Sulindac': 1, 'Chloroquine': 1, 'Flurbiprofen': 1, 'Hydrocortisone': 1, 'Etodolac': 1, 'Estradiol': 1, 'Mefenamic acid': 1, 'Naproxen': 1, 'Sulfasalazine': 1, 'Meloxicam': 1, 'Penicillamine': 1, 'Prednisolone': 1, 'Diflunisal': 1, 'Meclofenamic acid': 1, 'Acetylsalicylic acid': 1, 'Methylprednisolone': 1, 'Oxaprozin': 1, 'Azathioprine': 1, 'Auranofin': 1, 'Ketoprofen': 1, 'Probenecid': 1, 'Ibuprofen': 1, 'Leflunomide': 1, 'Sulfinpyrazone': 1, 'Abatacept': 1, 'Lumiracoxib': 1, 'Glucosamine': 1, 'Colchicine': 1, 'Salsalate': 1, 'Choline magnesium trisalicylate': 1, 'Hydroxychloroquine': 1, 'Etoricoxib': 1, 'Niflumic Acid': 1, 'Nimesulide': 1, 'Samarium (153Sm) lexidronam': 1, 'Ustekinumab': 1, 'Canakinumab': 1, 'Tocilizumab': 1, 'Temsirolimus': 1, 'Golimumab': 1, 'Aceclofenac': 1, 'Hyaluronic acid': 1, 'Tofacitinib': 1, 'Certolizumab pegol': 1, 'Zucapsaicin': 1, 'Aurothioglucose': 1, 'Dexibuprofen': 1, 'Sodium aurothiomalate': 1, 'Talniflumate': 1, 'Chondroitin sulfate': 1, 'Fluoride ion F-18': 1, 'Capsicum oleoresin': 1, 'Phenyltoloxamine': 1, 'Menthyl salicylate': 1, 'Gelatin': 1, 'Brodalumab': 1, 'Baricitinib': 1, 'Diacerein': 1, 'Stem bromelain': 1, 'Nicoboxil': 1, 'Alclofenac': 1, 'Acemetacin': 1, 'D-alpha-Tocopherol acetate': 1, 'Epoprostenol': 1, 'Telavancin': 1, 'Warfarin': 2}"
73,202,"{'I50', 'I20', 'I42', 'I21'}","{'Valsartan': 3, 'Ramipril': 3, 'Remikiren': 2, 'Torasemide': 3, 'Methyclothiazide': 3, 'Milrinone': 3, 'Metoprolol': 6, 'Nitroprusside': 3, 'Triamterene': 3, 'Digoxin': 2, 'Bendroflumethiazide': 2, 'Prazosin': 3, 'Fosinopril': 3, 'Acetyldigitoxin': 3, 'Trandolapril': 3, 'Enalapril': 3, 'Amiloride': 3, 'Cyclothiazide': 3, 'Bisoprolol': 4, 'Losartan': 3, 'Phentolamine': 1, 'Furosemide': 3, 'Eplerenone': 5, 'Lisinopril': 3, 'Hydroflumethiazide': 3, 'Perindopril': 3, 'Candesartan cilexetil': 3, 'Indapamide': 3, 'Acetazolamide': 3, 'Eprosartan': 3, 'Chlorothiazide': 3, 'Quinapril': 3, 'Bumetanide': 3, 'Etacrynic acid': 3, 'Levosimendan': 2, 'Telmisartan': 3, 'Trichlormethiazide': 2, 'Irbesartan': 3, 'Deslanoside': 2, 'Ouabain': 2, 'Carvedilol': 2, 'Captopril': 3, 'Hydralazine': 3, 'Cilazapril': 2, 'Tasosartan': 2, 'Digitoxin': 2, 'Amrinone': 3, 'Enoximone': 3, 'Nesiritide': 3, 'Vandetanib': 2, 'Pixantrone': 3, 'Tolvaptan': 3, 'Sitaxentan': 3, 'Dalteparin': 3, 'Ivabradine': 2, 'Ubidecarenone': 3, 'Fimasartan': 2, 'Molsidomine': 2, 'Sacubitril': 2, 'Iobenguane sulfate I-123': 2, 'Bivalirudin': 1, 'Abciximab': 1, 'Atenolol': 2, 'Lercanidipine': 2, 'Labetalol': 2, 'Isosorbide Dinitrate': 2, 'Acetylsalicylic acid': 3, 'Isosorbide Mononitrate': 2, 'Perhexiline': 2, 'Heparin': 1, 'Nadolol': 2, 'Enoxaparin': 1, 'Bevantolol': 2, 'Oxprenolol': 2, 'Amyl Nitrite': 2, 'Celiprolol': 2, 'Pentaerythritol Tetranitrate': 2, 'Prasugrel': 1, 'Nadroparin': 1, 'Trimetazidine': 2, 'Nicorandil': 2, 'Aranidipine': 2, 'Benidipine': 2, 'Dexrazoxane': 2, 'Phenindione': 2, 'Warfarin': 2, 'Alteplase': 2, 'Ridogrel': 2, 'Technetium Tc-99m pyrophosphate': 2}"
74,203,"{'I50', 'I20', 'I42', 'I21'}","{'Valsartan': 3, 'Ramipril': 3, 'Remikiren': 2, 'Torasemide': 3, 'Methyclothiazide': 3, 'Milrinone': 3, 'Metoprolol': 6, 'Nitroprusside': 3, 'Triamterene': 3, 'Digoxin': 2, 'Bendroflumethiazide': 2, 'Prazosin': 3, 'Fosinopril': 3, 'Acetyldigitoxin': 3, 'Trandolapril': 3, 'Enalapril': 3, 'Amiloride': 3, 'Cyclothiazide': 3, 'Bisoprolol': 4, 'Losartan': 3, 'Phentolamine': 1, 'Furosemide': 3, 'Eplerenone': 5, 'Lisinopril': 3, 'Hydroflumethiazide': 3, 'Perindopril': 3, 'Candesartan cilexetil': 3, 'Indapamide': 3, 'Acetazolamide': 3, 'Eprosartan': 3, 'Chlorothiazide': 3, 'Quinapril': 3, 'Bumetanide': 3, 'Etacrynic acid': 3, 'Levosimendan': 2, 'Telmisartan': 3, 'Trichlormethiazide': 2, 'Irbesartan': 3, 'Deslanoside': 2, 'Ouabain': 2, 'Carvedilol': 2, 'Captopril': 3, 'Hydralazine': 3, 'Cilazapril': 2, 'Tasosartan': 2, 'Digitoxin': 2, 'Amrinone': 3, 'Enoximone': 3, 'Nesiritide': 3, 'Vandetanib': 2, 'Pixantrone': 3, 'Tolvaptan': 3, 'Sitaxentan': 3, 'Dalteparin': 3, 'Ivabradine': 2, 'Ubidecarenone': 3, 'Fimasartan': 2, 'Molsidomine': 2, 'Sacubitril': 2, 'Iobenguane sulfate I-123': 2, 'Bivalirudin': 1, 'Abciximab': 1, 'Atenolol': 2, 'Lercanidipine': 2, 'Labetalol': 2, 'Isosorbide Dinitrate': 2, 'Acetylsalicylic acid': 3, 'Isosorbide Mononitrate': 2, 'Perhexiline': 2, 'Heparin': 1, 'Nadolol': 2, 'Enoxaparin': 1, 'Bevantolol': 2, 'Oxprenolol': 2, 'Amyl Nitrite': 2, 'Celiprolol': 2, 'Pentaerythritol Tetranitrate': 2, 'Prasugrel': 1, 'Nadroparin': 1, 'Trimetazidine': 2, 'Nicorandil': 2, 'Aranidipine': 2, 'Benidipine': 2, 'Dexrazoxane': 2, 'Phenindione': 2, 'Warfarin': 2, 'Alteplase': 2, 'Ridogrel': 2, 'Technetium Tc-99m pyrophosphate': 2}"
75,204,"{'I50', 'I42'}","{'Valsartan': 3, 'Ramipril': 3, 'Remikiren': 2, 'Torasemide': 3, 'Methyclothiazide': 3, 'Milrinone': 3, 'Metoprolol': 2, 'Nitroprusside': 3, 'Triamterene': 3, 'Digoxin': 2, 'Bendroflumethiazide': 2, 'Prazosin': 3, 'Fosinopril': 3, 'Acetyldigitoxin': 3, 'Trandolapril': 3, 'Enalapril': 3, 'Amiloride': 3, 'Cyclothiazide': 3, 'Bisoprolol': 2, 'Losartan': 3, 'Phentolamine': 1, 'Furosemide': 3, 'Eplerenone': 3, 'Lisinopril': 3, 'Hydroflumethiazide': 3, 'Perindopril': 3, 'Candesartan cilexetil': 3, 'Indapamide': 3, 'Acetazolamide': 3, 'Eprosartan': 3, 'Chlorothiazide': 3, 'Quinapril': 3, 'Bumetanide': 3, 'Etacrynic acid': 3, 'Levosimendan': 2, 'Telmisartan': 3, 'Trichlormethiazide': 2, 'Irbesartan': 3, 'Deslanoside': 2, 'Ouabain': 2, 'Carvedilol': 2, 'Captopril': 3, 'Hydralazine': 3, 'Cilazapril': 2, 'Tasosartan': 2, 'Digitoxin': 2, 'Amrinone': 3, 'Enoximone': 3, 'Nesiritide': 3, 'Vandetanib': 2, 'Pixantrone': 3, 'Tolvaptan': 3, 'Sitaxentan': 3, 'Dalteparin': 2, 'Ivabradine': 2, 'Ubidecarenone': 3, 'Fimasartan': 2, 'Molsidomine': 2, 'Sacubitril': 2, 'Iobenguane sulfate I-123': 2, 'Dexrazoxane': 2, 'Phenindione': 2, 'Warfarin': 2}"
76,206,"{'I50', 'I42'}","{'Valsartan': 3, 'Ramipril': 3, 'Remikiren': 2, 'Torasemide': 3, 'Methyclothiazide': 3, 'Milrinone': 3, 'Metoprolol': 2, 'Nitroprusside': 3, 'Triamterene': 3, 'Digoxin': 2, 'Bendroflumethiazide': 2, 'Prazosin': 3, 'Fosinopril': 3, 'Acetyldigitoxin': 3, 'Trandolapril': 3, 'Enalapril': 3, 'Amiloride': 3, 'Cyclothiazide': 3, 'Bisoprolol': 2, 'Losartan': 3, 'Phentolamine': 1, 'Furosemide': 3, 'Eplerenone': 3, 'Lisinopril': 3, 'Hydroflumethiazide': 3, 'Perindopril': 3, 'Candesartan cilexetil': 3, 'Indapamide': 3, 'Acetazolamide': 3, 'Eprosartan': 3, 'Chlorothiazide': 3, 'Quinapril': 3, 'Bumetanide': 3, 'Etacrynic acid': 3, 'Levosimendan': 2, 'Telmisartan': 3, 'Trichlormethiazide': 2, 'Irbesartan': 3, 'Deslanoside': 2, 'Ouabain': 2, 'Carvedilol': 2, 'Captopril': 3, 'Hydralazine': 3, 'Cilazapril': 2, 'Tasosartan': 2, 'Digitoxin': 2, 'Amrinone': 3, 'Enoximone': 3, 'Nesiritide': 3, 'Vandetanib': 2, 'Pixantrone': 3, 'Tolvaptan': 3, 'Sitaxentan': 3, 'Dalteparin': 2, 'Ivabradine': 2, 'Ubidecarenone': 3, 'Fimasartan': 2, 'Molsidomine': 2, 'Sacubitril': 2, 'Iobenguane sulfate I-123': 2, 'Dexrazoxane': 2, 'Phenindione': 2, 'Warfarin': 2}"
77,208,"{'I20', 'I21'}","{'Bivalirudin': 1, 'Abciximab': 1, 'Metoprolol': 4, 'Atenolol': 2, 'Lercanidipine': 2, 'Labetalol': 2, 'Bisoprolol': 2, 'Isosorbide Dinitrate': 2, 'Acetylsalicylic acid': 3, 'Isosorbide Mononitrate': 2, 'Perhexiline': 2, 'Heparin': 1, 'Nadolol': 2, 'Enoxaparin': 1, 'Bevantolol': 2, 'Oxprenolol': 2, 'Amyl Nitrite': 2, 'Celiprolol': 2, 'Pentaerythritol Tetranitrate': 2, 'Prasugrel': 1, 'Dalteparin': 1, 'Nadroparin': 1, 'Trimetazidine': 2, 'Nicorandil': 2, 'Aranidipine': 2, 'Benidipine': 2, 'Alteplase': 2, 'Eplerenone': 2, 'Ridogrel': 2, 'Technetium Tc-99m pyrophosphate': 2}"
78,209,"{'I64', 'I63'}","{'Ramipril': 1, 'Ticlopidine': 1, 'Clopidogrel': 1, 'Phenprocoumon': 1, 'Atorvastatin': 1, 'Prasugrel': 1, 'Rivaroxaban': 1, 'Apixaban': 1, 'Dabigatran etexilate': 3, 'Gadobutrol': 1, 'Triflusal': 1, 'Ticagrelor': 1, 'Edoxaban': 1, 'Technetium Tc-99m exametazime': 1, 'Bicisate': 1, 'Edaravone': 1, 'Moxisylyte': 2}"
79,212,"{'I85', 'K74'}","{'Vasopressin': 3, 'Tauroursodeoxycholic acid': 1}"
80,213,"{'J96', 'N17', 'A41'}","{'Nitric Oxide': 1, 'Dalteparin': 2, 'Netilmicin': 1, 'Latamoxef': 1}"
81,219,"{'N80', 'N94'}","{'Leuprolide': 2, 'Goserelin': 2, 'Medroxyprogesterone acetate': 2, 'Nafarelin': 2, 'Norethisterone': 2, 'Danazol': 2, 'Buserelin': 2, 'Dienogest': 2, 'Gestrinone': 2, 'Nimesulide': 1, 'Ospemifene': 1, 'Estradiol acetate': 1}"
82,236,"{'M86', 'B99', 'A69', 'E26', 'J81', 'J30', 'N30', 'L50', 'J42', 'I46', 'N03', 'N04'}","{'Ertapenem': 2, 'Clindamycin': 4, 'Technetium Tc-99m oxidronate': 2, 'Fluoride ion F-18': 4, 'Besilesomab': 4, 'Diphenidol': 1, 'Lyme disease vaccine (recombinant OspA)': 1, 'Lymecycline': 3, 'Demeclocycline': 3, 'Tetracycline': 1, 'Clarithromycin': 4, 'Triamterene': 5, 'Oxycodone': 2, 'Heroin': 2, 'Cyproheptadine': 3, 'Carbinoxamine': 3, 'Pseudoephedrine': 3, 'Hyoscyamine': 2, 'Trimethoprim': 4, 'Enoxacin': 2, 'Ciprofloxacin': 2, 'Pentosan Polysulfate': 2, 'Nitrofurantoin': 2, 'Fosfomycin': 3, 'Dimethyl sulfoxide': 2, 'Flavoxate': 3, 'Hyaluronic acid': 4, 'Coenzyme M': 2, 'Technetium Tc-99m disofenin': 2, 'Anethole trithione': 2, 'Acetyl sulfisoxazole': 2, 'Clemastine': 2, 'Cetirizine': 3, 'Triprolidine': 4, 'Loratadine': 3, 'Hydroxyzine': 2, 'Desloratadine': 3, 'Mequitazine': 2, 'Chlorphenamine': 2, 'Alimemazine': 2, 'Pheniramine': 2, 'Dimetindene': 4, 'Dexchlorpheniramine maleate': 2, 'Bilastine': 2, 'Rupatadine': 2, 'Moxifloxacin': 1, 'Theophylline': 3, 'Ipratropium': 1, 'Clomocycline': 1, 'Dyphylline': 1, 'Sulfametopyrazine': 1, 'Cefixime': 1, 'Orciprenaline': 1, 'Methacycline': 1, 'Dirithromycin': 1, 'Lomefloxacin': 1, 'Salbutamol': 3, 'Isoprenaline': 1, 'Cefditoren': 1, 'Sparfloxacin': 1, 'Aminophylline': 1, 'Arformoterol': 1, 'Ceftibuten': 1, 'Pivampicillin': 1, 'Roflumilast': 1, 'Indacaterol': 1, 'Aclidinium': 1, 'Fluticasone furoate': 1, 'Olodaterol': 1, 'Vilanterol': 1, 'Etafedrine': 1, 'Terpin hydrate': 1, 'Sodium bicarbonate': 2, 'Cetuximab': 2, 'Peginterferon alfa-2a': 2, 'Erythropoietin': 2, 'Salmon Calcitonin': 2, 'Pegfilgrastim': 2, 'Peginterferon alfa-2b': 2, 'Asparaginase Escherichia coli': 2, 'Oprelvekin': 2, 'Palifermin': 2, 'Rasburicase': 2, 'Gemtuzumab ozogamicin': 2, 'Infliximab': 2, 'Hyaluronidase': 2, 'Pancrelipase': 2, 'Efalizumab': 2, 'Filgrastim': 2, 'Octreotide': 2, 'Esmolol': 2, 'Ethchlorvynol': 2, 'Hydroxocobalamin': 2, 'Ticlopidine': 2, 'Torasemide': 2, 'Nelfinavir': 2, 'Methyclothiazide': 2, 'Nevirapine': 2, 'Cabergoline': 2, 'Cycloserine': 2, 'Sulfisoxazole': 2, 'Travoprost': 2, 'Atomoxetine': 2, 'Tenofovir disoproxil': 2, 'Bexarotene': 2, 'Chlorthalidone': 2, 'Capreomycin': 2, 'Gefitinib': 2, 'Amitriptyline': 2, 'Floxuridine': 2, 'Tolcapone': 2, 'Omeprazole': 2, 'Pyrazinamide': 2, 'Trimethadione': 2, 'Megestrol acetate': 2, 'Buclizine': 2, 'Vinorelbine': 2, 'Anidulafungin': 2, 'Doxylamine': 2, 'Levonorgestrel': 2, 'Palonosetron': 2, 'Griseofulvin': 2, 'Nisoldipine': 2, 'Ampicillin': 2, 'Methylphenidate': 2, 'Methocarbamol': 2, 'Carboprost Tromethamine': 2, 'Lindane': 2, 'Allopurinol': 2, 'Cerivastatin': 2, 'Dronabinol': 2, 'Nabilone': 2, 'Zidovudine': 2, 'Haloperidol': 2, 'Ritonavir': 2, 'Caspofungin': 2, 'Metolazone': 2, 'Tolnaftate': 2, 'Erlotinib': 2, 'Lamotrigine': 2, 'Methotrexate': 2, 'Cinnarizine': 2, 'Amiloride': 2, 'Labetalol': 2, 'Thiopental': 2, 'Cyclothiazide': 2, 'Ethionamide': 2, 'Paramethadione': 2, 'Bacitracin': 2, 'Prednisone': 4, 'Pemetrexed': 2, 'Dyclonine': 2, 'Flumethasone': 2, 'Aprepitant': 2, 'Isoflurophate': 2, 'Phentolamine': 2, 'Furosemide': 4, 'Amprenavir': 2, 'Gadobenic acid': 2, 'Tretinoin': 2, 'Hexachlorophene': 2, 'Dolasetron': 2, 'Etoposide': 2, 'Hydroflumethiazide': 2, 'Oxcarbazepine': 2, 'Phenelzine': 2, 'Indapamide': 2, 'Ribavirin': 2, 'Dacarbazine': 2, 'Chlorphenesin': 2, 'Eprosartan': 2, 'Emtricitabine': 2, 'Chlorothiazide': 2, 'Didanosine': 2, 'Ondansetron': 2, 'Bimatoprost': 2, 'Dinoprostone': 2, 'Misoprostol': 2, 'Zalcitabine': 2, 'Hydrocodone': 2, 'Carboplatin': 2, 'Telmisartan': 2, 'Dactinomycin': 2, 'Neomycin': 2, 'Doxorubicin': 2, 'Guanfacine': 2, 'Ethinamate': 2, 'Selegiline': 2, 'Hydroxystilbamidine Isethionate': 2, 'Melphalan': 2, 'Abacavir': 2, 'Novobiocin': 2, 'Melatonin': 2, 'Atazanavir': 2, 'Vigabatrin': 2, 'Streptomycin': 2, 'Hesperetin': 2, 'Rosuvastatin': 2, 'Capecitabine': 2, 'Amiodarone': 2, 'Proguanil': 2, 'Micafungin': 2, 'Procarbazine': 2, 'Cyclizine': 2, 'Ifosfamide': 2, 'Flecainide': 4, 'Captopril': 2, 'Bromocriptine': 2, 'Lomustine': 2, 'Ketamine': 2, 'Budesonide': 2, 'Bromodiphenhydramine': 2, 'Isocarboxazid': 2, 'Docetaxel': 2, 'Posaconazole': 2, 'Darunavir': 2, 'Panitumumab': 2, 'Mecasermin': 2, 'Nelarabine': 2, 'Abatacept': 2, 'Bismuth Subsalicylate': 2, 'Fosamprenavir': 2, 'Potassium': 2, 'Hexobarbital': 2, 'Penbutolol': 2, 'Iohexol': 2, 'Rasagiline': 2, 'Oxybenzone': 2, 'Antipyrine': 2, 'Phenazopyridine': 2, 'Fencamfamine': 2, 'Flunitrazepam': 2, 'Liotrix': 2, 'Lopinavir': 2, 'Meticillin': 2, 'Phenindamine': 2, 'Acetylcholine': 2, 'Propanoic acid': 2, 'Thiotepa': 2, 'Suramin': 2, 'Tetrabenazine': 2, 'Ixabepilone': 2, 'Defibrotide': 2, 'Tamibarotene': 2, 'Trabectedin': 4, 'Methsuximide': 2, 'Natural alpha interferon': 2, 'Iodine': 2, 'Tetrachlorodecaoxide': 2, 'Mipomersen': 2, 'Ramucirumab': 2, 'Sodium stibogluconate': 2, 'Ustekinumab': 2, 'Thrombomodulin Alfa': 2, 'Inotuzumab ozogamicin': 2, 'Obeticholic acid': 2, 'Olaratumab': 2, 'Lasofoxifene': 2, 'Hyaluronidase (Human Recombinant)': 2, 'Asenapine': 2, 'Droxidopa': 2, 'Temsirolimus': 2, 'Saxagliptin': 2, 'Pertuzumab': 2, 'Oxymetholone': 2, 'Etravirine': 2, 'Pazopanib': 2, 'Safinamide': 2, 'Sipuleucel-T': 2, 'Dexmethylphenidate': 2, 'Potassium Iodide': 2, 'Fosaprepitant': 2, 'Beta carotene': 2, 'Fomivirsen': 2, 'Dalteparin': 2, 'Hexocyclium': 2, 'Nonoxynol-9': 2, 'Raltegravir': 2, 'Unoprostone': 2, 'Diloxanide': 2, 'Azidocillin': 2, 'Chloropyramine': 2, 'Triflusal': 2, 'Ivacaftor': 2, 'Acetylcarnitine': 2, 'Rilpivirine': 2, 'Brentuximab vedotin': 2, 'Eribulin': 2, 'Asparaginase Erwinia chrysanthemi': 2, 'Tofacitinib': 2, 'Regorafenib': 2, 'Afatinib': 2, 'Dolutegravir': 2, 'Riociguat': 2, 'Sofosbuvir': 2, 'Secukinumab': 2, 'Nivolumab': 2, 'Pembrolizumab': 2, 'Netupitant': 2, 'Idelalisib': 2, 'Cannabidiol': 2, 'Cobicistat': 2, 'Olaparib': 2, 'Dinutuximab': 2, 'Benzoyl peroxide': 2, 'Somatostatin': 2, 'Elvitegravir': 2, 'Ancestim': 2, 'Hydroxyethyl Starch': 2, 'Aurothioglucose': 2, 'Oxygen': 2, 'Florbetaben (18F)': 2, 'Florbetapir (18F)': 2, 'Flutemetamol (18F)': 2, 'Carbon dioxide': 2, 'Lorpiprazole': 2, 'Moxisylyte': 2, 'Piracetam': 2, 'Dexibuprofen': 2, 'Zotepine': 2, 'Lacidipine': 2, 'Moxonidine': 2, 'Tegafur': 2, 'Strontium ranelate': 2, 'Ubidecarenone': 2, 'Rolapitant': 2, 'Sacubitril': 2, 'Zinc oxide': 2, 'Benzathine benzylpenicillin': 2, 'Kappadione': 2, 'Tipiracil': 2, 'Pramocaine': 2, 'Estrogens, esterified': 2, 'Sodium acetate': 2, 'Magnesium acetate tetrahydrate': 2, 'Monopotassium phosphate': 2, 'Xylose': 2, 'Indium In-111 chloride': 2, 'Fludeoxyglucose F-18': 2, 'Talc': 2, 'Sodium glycerophosphate': 2, 'Omega-3-carboxylic acids': 2, 'Dermatophagoides farinae': 2, 'Dermatophagoides pteronyssinus': 2, 'Bovine type I collagen': 2, 'Hepatitis A Vaccine': 2, 'Cetylpyridinium': 2, 'Resorcinol': 2, 'N-acetyltyrosine': 2, 'Cresol': 2, 'Bicisate': 2, 'Ferric sulfate': 2, 'Peppermint oil': 2, 'Methyl cellulose': 2, 'Thonzylamine': 2, 'Hexylresorcinol': 2, 'Levomefolic acid': 2, 'Polysilicone-15': 2, 'Ixekizumab': 2, 'Asunaprevir': 2, 'Domiphen': 2, 'Atezolizumab': 2, 'Levoleucovorin': 2, 'Normethadone': 2, 'Velpatasvir': 2, 'Hepatitis B Vaccine (Recombinant)': 2, 'Temoporfin': 2, 'Delamanid': 2, 'Vinflunine': 2, 'Durvalumab': 2, 'Galactose': 2, 'Icotinib': 2, 'Sarilumab': 2, 'Niraparib': 2, 'Baricitinib': 2, 'Ertugliflozin': 2, 'Guselkumab': 2, 'Angiotensin II': 2, 'Abemaciclib': 2, 'Stem bromelain': 2, 'Cantharidin': 2, 'Rucaparib': 2, 'Nicoboxil': 2, 'Lenograstim': 2, 'Protein S human': 2, 'Coagulation factor VII human': 2, 'Lipegfilgrastim': 2, 'Perboric acid': 2, 'Bufexamac': 2, 'Mifamurtide': 2, 'Bioallethrin': 2, 'Magnesium gluconate': 2, 'Glycyrrhizic acid': 2, 'Calcium levulinate': 2, 'Human cytomegalovirus immune globulin': 2, 'Talimogene laherparepvec': 2, 'Axicabtagene ciloleucel': 2, 'Testosterone undecanoate': 2, 'Medium-chain triglycerides': 2, 'Fish oil': 2, 'Remestemcel-L': 2, 'alpha-Tocopherol succinate': 2, 'alpha-Tocopherol acetate': 2, 'Nabiximols': 2, 'Fosnetupitant': 2, 'Human vaccinia virus immune globulin': 2, 'Chlorambucil': 2, 'Cyclophosphamide': 2, 'Bumetanide': 2}"
83,239,"{'N19', 'N17', 'N18'}","{'Calcitriol': 3, 'Calcidiol': 3, 'Cholecalciferol': 3, 'Mannitol': 1, 'Dopamine': 1, 'Dalteparin': 3, 'L-Carnitine': 1, 'Icodextrin': 1}"
84,242,"{'K80', 'N97', 'D13', 'K81'}","{'Isopropamide': 2, 'Menotropins': 2, 'Urofollitropin': 2, 'Choriogonadotropin alfa': 2, 'Clomifene': 2, 'Peginterferon alfa-2a': 1, 'Pancrelipase': 1, 'Cyclosporine': 1, 'Ademetionine': 1, 'L-Cysteine': 1, 'L-Threonine': 1, 'Enflurane': 1, 'Diethylstilbestrol': 1, 'Floxuridine': 1, 'Triamterene': 1, 'Streptozocin': 1, 'Gemcitabine': 1, 'Albendazole': 1, 'Gadoversetamide': 1, 'Fluorouracil': 2, 'Gadoteridol': 1, 'Furosemide': 1, 'Gadobenic acid': 1, 'Irinotecan': 1, 'Clidinium': 1, 'Propantheline': 1, 'Prednisolone': 1, 'Tacrolimus': 2, 'Etacrynic acid': 1, 'Tinidazole': 1, 'Felbamate': 1, 'Orlistat': 1, 'Gemfibrozil': 1, 'Bismuth Subsalicylate': 1, 'Cefazolin': 1, 'Magnesium oxide': 1, 'Antipyrine': 1, 'Attapulgite': 1, 'Kaolin': 1, 'Alverine': 1, 'Terlipressin': 1, 'Cholic Acid': 1, 'Acetylcholine': 1, 'Oteracil': 1, 'Vapreotide': 1, 'Defibrotide': 1, 'Hepatitis B Immune Globulin': 1, 'Obeticholic acid': 1, 'Icatibant': 1, 'Ammonium chloride': 1, 'Mangafodipir': 2, 'Gadoxetic acid': 1, 'Sofosbuvir': 1, 'Ledipasvir': 1, 'Ibrutinib': 1, 'Magnesium hydroxide': 1, 'Colfosceril palmitate': 1, 'Iothalamic acid': 2, 'Sodium Chloride': 1, 'Sodium Citrate': 1, 'Methylene blue': 1, 'Gimeracil': 1, 'Bismuth Subcitrate': 2, 'Kappadione': 1, 'Iopodic acid': 2, 'Indocyanine green acid form': 1, 'Technetium Tc-99m sulfur colloid': 1, 'Urea C-13': 1, 'Simethicone': 1, 'Urea C-14': 1, 'Hepatitis A Vaccine': 1, 'Sulfur hexafluoride': 1, 'Pectin': 1, 'Magnesium Aluminum Silicate': 1, 'Gelatin': 1, 'Asunaprevir': 1, 'Hepatitis B Vaccine (Recombinant)': 1, 'Ertugliflozin': 1, 'Avatrombopag': 1, 'Almasilate': 1, 'Magnesium gluconate': 1, 'Glycyrrhizic acid': 1, 'Human cytomegalovirus immune globulin': 2, 'Remestemcel-L': 1, 'Dimethicone 410': 1, 'Technetium Tc-99m disofenin': 3, 'Anethole trithione': 2}"
85,243,"{'D72', 'K80', 'K81'}","{'Diethylcarbamazine': 1, 'Benralizumab': 1, 'Isopropamide': 2, 'Technetium Tc-99m disofenin': 3, 'Anethole trithione': 2}"
86,244,"{'L28', 'K29', 'K20'}","{'Doxepin': 1, 'Isopropamide': 1, 'Bismuth Subcitrate': 1, 'Ecabet': 2, 'Alginic acid': 2}"
87,245,"{'I72', 'D13', 'I15'}","{'Nimodipine': 1, 'Peginterferon alfa-2a': 1, 'Pancrelipase': 1, 'Cyclosporine': 1, 'Ademetionine': 1, 'L-Cysteine': 1, 'L-Threonine': 1, 'Enflurane': 1, 'Diethylstilbestrol': 1, 'Floxuridine': 1, 'Triamterene': 1, 'Streptozocin': 1, 'Gemcitabine': 1, 'Albendazole': 1, 'Gadoversetamide': 1, 'Fluorouracil': 2, 'Gadoteridol': 1, 'Furosemide': 1, 'Gadobenic acid': 1, 'Irinotecan': 1, 'Clidinium': 1, 'Propantheline': 1, 'Prednisolone': 1, 'Tacrolimus': 2, 'Etacrynic acid': 1, 'Tinidazole': 1, 'Felbamate': 1, 'Orlistat': 1, 'Gemfibrozil': 1, 'Bismuth Subsalicylate': 1, 'Cefazolin': 1, 'Magnesium oxide': 1, 'Antipyrine': 1, 'Attapulgite': 1, 'Kaolin': 1, 'Alverine': 1, 'Terlipressin': 1, 'Cholic Acid': 1, 'Acetylcholine': 1, 'Oteracil': 1, 'Vapreotide': 1, 'Defibrotide': 1, 'Hepatitis B Immune Globulin': 1, 'Obeticholic acid': 1, 'Icatibant': 1, 'Ammonium chloride': 1, 'Mangafodipir': 2, 'Gadoxetic acid': 1, 'Sofosbuvir': 1, 'Ledipasvir': 1, 'Ibrutinib': 1, 'Magnesium hydroxide': 1, 'Colfosceril palmitate': 1, 'Iothalamic acid': 2, 'Sodium Chloride': 1, 'Sodium Citrate': 1, 'Methylene blue': 1, 'Gimeracil': 1, 'Bismuth Subcitrate': 2, 'Kappadione': 1, 'Iopodic acid': 2, 'Indocyanine green acid form': 1, 'Technetium Tc-99m sulfur colloid': 1, 'Urea C-13': 1, 'Simethicone': 1, 'Urea C-14': 1, 'Hepatitis A Vaccine': 1, 'Sulfur hexafluoride': 1, 'Pectin': 1, 'Magnesium Aluminum Silicate': 1, 'Gelatin': 1, 'Asunaprevir': 1, 'Hepatitis B Vaccine (Recombinant)': 1, 'Ertugliflozin': 1, 'Avatrombopag': 1, 'Almasilate': 1, 'Magnesium gluconate': 1, 'Glycyrrhizic acid': 1, 'Human cytomegalovirus immune globulin': 2, 'Remestemcel-L': 1, 'Dimethicone 410': 1, 'Enalapril': 1, 'Captopril': 1}"
88,262,"{'K80', 'D13', 'K81'}","{'Isopropamide': 2, 'Peginterferon alfa-2a': 1, 'Pancrelipase': 1, 'Cyclosporine': 1, 'Ademetionine': 1, 'L-Cysteine': 1, 'L-Threonine': 1, 'Enflurane': 1, 'Diethylstilbestrol': 1, 'Floxuridine': 1, 'Triamterene': 1, 'Streptozocin': 1, 'Gemcitabine': 1, 'Albendazole': 1, 'Gadoversetamide': 1, 'Fluorouracil': 2, 'Gadoteridol': 1, 'Furosemide': 1, 'Gadobenic acid': 1, 'Irinotecan': 1, 'Clidinium': 1, 'Propantheline': 1, 'Prednisolone': 1, 'Tacrolimus': 2, 'Etacrynic acid': 1, 'Tinidazole': 1, 'Felbamate': 1, 'Orlistat': 1, 'Gemfibrozil': 1, 'Bismuth Subsalicylate': 1, 'Cefazolin': 1, 'Magnesium oxide': 1, 'Antipyrine': 1, 'Attapulgite': 1, 'Kaolin': 1, 'Alverine': 1, 'Terlipressin': 1, 'Cholic Acid': 1, 'Acetylcholine': 1, 'Oteracil': 1, 'Vapreotide': 1, 'Defibrotide': 1, 'Hepatitis B Immune Globulin': 1, 'Obeticholic acid': 1, 'Icatibant': 1, 'Ammonium chloride': 1, 'Mangafodipir': 2, 'Gadoxetic acid': 1, 'Sofosbuvir': 1, 'Ledipasvir': 1, 'Ibrutinib': 1, 'Magnesium hydroxide': 1, 'Colfosceril palmitate': 1, 'Iothalamic acid': 2, 'Sodium Chloride': 1, 'Sodium Citrate': 1, 'Methylene blue': 1, 'Gimeracil': 1, 'Bismuth Subcitrate': 2, 'Kappadione': 1, 'Iopodic acid': 2, 'Indocyanine green acid form': 1, 'Technetium Tc-99m sulfur colloid': 1, 'Urea C-13': 1, 'Simethicone': 1, 'Urea C-14': 1, 'Hepatitis A Vaccine': 1, 'Sulfur hexafluoride': 1, 'Pectin': 1, 'Magnesium Aluminum Silicate': 1, 'Gelatin': 1, 'Asunaprevir': 1, 'Hepatitis B Vaccine (Recombinant)': 1, 'Ertugliflozin': 1, 'Avatrombopag': 1, 'Almasilate': 1, 'Magnesium gluconate': 1, 'Glycyrrhizic acid': 1, 'Human cytomegalovirus immune globulin': 2, 'Remestemcel-L': 1, 'Dimethicone 410': 1, 'Technetium Tc-99m disofenin': 3, 'Anethole trithione': 2}"
89,269,"{'K65', 'A41', 'B35'}","{'Anidulafungin': 2, 'Ceftazidime': 2, 'Meropenem': 2, 'Netilmicin': 1, 'Latamoxef': 1, 'Griseofulvin': 3, 'Naftifine': 3, 'Terbinafine': 2, 'Butenafine': 3, 'Miconazole': 3, 'Econazole': 3, 'Sertaconazole': 1, 'Bifonazole': 1, 'Sulconazole': 3, 'Luliconazole': 1}"
90,273,"{'E03', 'E10'}","{'Liothyronine': 1, 'Levothyroxine': 1, 'Conivaptan': 1, 'Mecasermin': 1, 'Liotrix': 1, 'Thyroglobulin': 1, 'Thyroid, porcine': 1, 'Miglitol': 2, 'Glipizide': 2, 'Tolbutamide': 2}"
91,275,"{'N04', 'M10', 'N05', 'F50'}","{'Cetuximab': 2, 'Peginterferon alfa-2a': 2, 'Erythropoietin': 2, 'Salmon Calcitonin': 2, 'Pegfilgrastim': 2, 'Peginterferon alfa-2b': 2, 'Asparaginase Escherichia coli': 2, 'Oprelvekin': 2, 'Palifermin': 2, 'Rasburicase': 2, 'Gemtuzumab ozogamicin': 2, 'Infliximab': 2, 'Hyaluronidase': 2, 'Pancrelipase': 2, 'Efalizumab': 2, 'Filgrastim': 2, 'Octreotide': 2, 'Esmolol': 2, 'Ethchlorvynol': 2, 'Hydroxocobalamin': 2, 'Ticlopidine': 2, 'Torasemide': 2, 'Nelfinavir': 2, 'Methyclothiazide': 2, 'Nevirapine': 2, 'Cabergoline': 2, 'Lymecycline': 2, 'Cycloserine': 2, 'Sulfisoxazole': 2, 'Theophylline': 2, 'Travoprost': 2, 'Atomoxetine': 2, 'Chlorambucil': 2, 'Tenofovir disoproxil': 2, 'Bexarotene': 2, 'Chlorthalidone': 2, 'Capreomycin': 2, 'Gefitinib': 2, 'Amitriptyline': 2, 'Floxuridine': 2, 'Tolcapone': 2, 'Omeprazole': 2, 'Pyrazinamide': 2, 'Trimethadione': 2, 'Megestrol acetate': 2, 'Buclizine': 2, 'Vinorelbine': 2, 'Anidulafungin': 2, 'Doxylamine': 2, 'Levonorgestrel': 2, 'Palonosetron': 2, 'Triamterene': 2, 'Griseofulvin': 2, 'Nisoldipine': 2, 'Ampicillin': 2, 'Methylphenidate': 2, 'Methocarbamol': 2, 'Triprolidine': 2, 'Carboprost Tromethamine': 2, 'Lindane': 2, 'Allopurinol': 4, 'Cerivastatin': 2, 'Trimethoprim': 2, 'Dronabinol': 2, 'Nabilone': 2, 'Zidovudine': 2, 'Haloperidol': 2, 'Ritonavir': 2, 'Caspofungin': 2, 'Metolazone': 2, 'Tolnaftate': 2, 'Erlotinib': 2, 'Cyclophosphamide': 2, 'Lamotrigine': 2, 'Methotrexate': 2, 'Cinnarizine': 2, 'Amiloride': 2, 'Labetalol': 2, 'Thiopental': 2, 'Cyclothiazide': 2, 'Ethionamide': 2, 'Paramethadione': 2, 'Demeclocycline': 2, 'Bacitracin': 2, 'Prednisone': 4, 'Pemetrexed': 2, 'Dyclonine': 2, 'Flumethasone': 2, 'Aprepitant': 2, 'Isoflurophate': 2, 'Phentolamine': 2, 'Furosemide': 4, 'Amprenavir': 2, 'Gadobenic acid': 2, 'Tretinoin': 2, 'Hexachlorophene': 2, 'Dolasetron': 2, 'Etoposide': 2, 'Hydroflumethiazide': 2, 'Oxcarbazepine': 2, 'Phenelzine': 2, 'Indapamide': 2, 'Ribavirin': 2, 'Dacarbazine': 2, 'Pseudoephedrine': 2, 'Chlorphenesin': 2, 'Eprosartan': 2, 'Emtricitabine': 2, 'Chlorothiazide': 2, 'Bumetanide': 2, 'Didanosine': 2, 'Ondansetron': 2, 'Bimatoprost': 2, 'Dinoprostone': 2, 'Misoprostol': 2, 'Zalcitabine': 2, 'Hydrocodone': 2, 'Carboplatin': 2, 'Telmisartan': 2, 'Dactinomycin': 2, 'Neomycin': 2, 'Doxorubicin': 2, 'Salbutamol': 2, 'Guanfacine': 2, 'Ethinamate': 2, 'Selegiline': 2, 'Hydroxystilbamidine Isethionate': 2, 'Melphalan': 2, 'Abacavir': 2, 'Novobiocin': 2, 'Melatonin': 2, 'Atazanavir': 2, 'Vigabatrin': 2, 'Streptomycin': 2, 'Hesperetin': 2, 'Rosuvastatin': 2, 'Capecitabine': 2, 'Amiodarone': 2, 'Proguanil': 2, 'Micafungin': 2, 'Procarbazine': 2, 'Cyclizine': 2, 'Ifosfamide': 2, 'Clindamycin': 2, 'Flecainide': 4, 'Captopril': 2, 'Bromocriptine': 2, 'Lomustine': 2, 'Clarithromycin': 2, 'Ketamine': 2, 'Budesonide': 2, 'Bromodiphenhydramine': 2, 'Isocarboxazid': 2, 'Docetaxel': 2, 'Posaconazole': 2, 'Darunavir': 2, 'Panitumumab': 2, 'Mecasermin': 2, 'Nelarabine': 2, 'Abatacept': 2, 'Bismuth Subsalicylate': 2, 'Fosamprenavir': 2, 'Potassium': 2, 'Hexobarbital': 2, 'Penbutolol': 2, 'Iohexol': 2, 'Rasagiline': 2, 'Oxybenzone': 2, 'Antipyrine': 2, 'Phenazopyridine': 2, 'Fencamfamine': 2, 'Flunitrazepam': 2, 'Liotrix': 2, 'Lopinavir': 2, 'Meticillin': 2, 'Phenindamine': 2, 'Acetylcholine': 2, 'Propanoic acid': 2, 'Thiotepa': 2, 'Suramin': 2, 'Tetrabenazine': 2, 'Ixabepilone': 2, 'Defibrotide': 2, 'Tamibarotene': 2, 'Trabectedin': 4, 'Methsuximide': 2, 'Natural alpha interferon': 2, 'Iodine': 2, 'Tetrachlorodecaoxide': 2, 'Mipomersen': 2, 'Ramucirumab': 2, 'Sodium stibogluconate': 2, 'Ustekinumab': 2, 'Thrombomodulin Alfa': 2, 'Inotuzumab ozogamicin': 2, 'Obeticholic acid': 2, 'Olaratumab': 2, 'Lasofoxifene': 2, 'Hyaluronidase (Human Recombinant)': 2, 'Asenapine': 2, 'Droxidopa': 2, 'Temsirolimus': 2, 'Saxagliptin': 2, 'Pertuzumab': 2, 'Oxymetholone': 2, 'Etravirine': 2, 'Pazopanib': 2, 'Safinamide': 2, 'Sipuleucel-T': 2, 'Dexmethylphenidate': 2, 'Potassium Iodide': 2, 'Fosaprepitant': 2, 'Beta carotene': 2, 'Fomivirsen': 2, 'Dalteparin': 2, 'Hexocyclium': 2, 'Nonoxynol-9': 2, 'Raltegravir': 2, 'Unoprostone': 2, 'Diloxanide': 2, 'Azidocillin': 2, 'Chloropyramine': 2, 'Dimetindene': 2, 'Triflusal': 2, 'Hyaluronic acid': 2, 'Ivacaftor': 2, 'Acetylcarnitine': 2, 'Rilpivirine': 2, 'Brentuximab vedotin': 2, 'Eribulin': 2, 'Asparaginase Erwinia chrysanthemi': 2, 'Tofacitinib': 2, 'Regorafenib': 2, 'Afatinib': 2, 'Dolutegravir': 2, 'Riociguat': 2, 'Sofosbuvir': 2, 'Secukinumab': 2, 'Nivolumab': 2, 'Pembrolizumab': 2, 'Netupitant': 2, 'Idelalisib': 2, 'Cannabidiol': 2, 'Cobicistat': 2, 'Olaparib': 2, 'Dinutuximab': 2, 'Benzoyl peroxide': 2, 'Somatostatin': 2, 'Elvitegravir': 2, 'Ancestim': 2, 'Hydroxyethyl Starch': 2, 'Aurothioglucose': 2, 'Oxygen': 2, 'Florbetaben (18F)': 2, 'Florbetapir (18F)': 2, 'Flutemetamol (18F)': 2, 'Carbon dioxide': 2, 'Lorpiprazole': 2, 'Moxisylyte': 2, 'Piracetam': 2, 'Dexibuprofen': 2, 'Zotepine': 2, 'Lacidipine': 2, 'Moxonidine': 2, 'Tegafur': 2, 'Strontium ranelate': 2, 'Ubidecarenone': 2, 'Rolapitant': 2, 'Sacubitril': 2, 'Zinc oxide': 2, 'Benzathine benzylpenicillin': 2, 'Kappadione': 2, 'Tipiracil': 2, 'Pramocaine': 2, 'Estrogens, esterified': 2, 'Sodium acetate': 2, 'Fluoride ion F-18': 2, 'Magnesium acetate tetrahydrate': 2, 'Monopotassium phosphate': 2, 'Xylose': 2, 'Indium In-111 chloride': 2, 'Fludeoxyglucose F-18': 2, 'Talc': 2, 'Sodium glycerophosphate': 2, 'Omega-3-carboxylic acids': 2, 'Dermatophagoides farinae': 2, 'Dermatophagoides pteronyssinus': 2, 'Bovine type I collagen': 2, 'Hepatitis A Vaccine': 2, 'Cetylpyridinium': 2, 'Resorcinol': 2, 'N-acetyltyrosine': 2, 'Cresol': 2, 'Bicisate': 2, 'Ferric sulfate': 2, 'Peppermint oil': 2, 'Methyl cellulose': 2, 'Thonzylamine': 2, 'Hexylresorcinol': 2, 'Levomefolic acid': 2, 'Polysilicone-15': 2, 'Ixekizumab': 2, 'Asunaprevir': 2, 'Domiphen': 2, 'Atezolizumab': 2, 'Levoleucovorin': 2, 'Normethadone': 2, 'Velpatasvir': 2, 'Hepatitis B Vaccine (Recombinant)': 2, 'Temoporfin': 2, 'Delamanid': 2, 'Vinflunine': 2, 'Durvalumab': 2, 'Galactose': 2, 'Icotinib': 2, 'Sarilumab': 2, 'Niraparib': 2, 'Baricitinib': 2, 'Ertugliflozin': 2, 'Guselkumab': 2, 'Angiotensin II': 2, 'Abemaciclib': 2, 'Stem bromelain': 2, 'Cantharidin': 2, 'Rucaparib': 2, 'Nicoboxil': 2, 'Lenograstim': 2, 'Protein S human': 2, 'Coagulation factor VII human': 2, 'Lipegfilgrastim': 2, 'Perboric acid': 2, 'Bufexamac': 2, 'Mifamurtide': 2, 'Bioallethrin': 2, 'Magnesium gluconate': 2, 'Glycyrrhizic acid': 2, 'Calcium levulinate': 2, 'Human cytomegalovirus immune globulin': 2, 'Talimogene laherparepvec': 2, 'Axicabtagene ciloleucel': 2, 'Testosterone undecanoate': 2, 'Medium-chain triglycerides': 2, 'Fish oil': 2, 'Remestemcel-L': 2, 'Besilesomab': 2, 'alpha-Tocopherol succinate': 2, 'alpha-Tocopherol acetate': 2, 'Nabiximols': 2, 'Fosnetupitant': 2, 'Human vaccinia virus immune globulin': 2, 'Indomethacin': 2, 'Sulindac': 2, 'Naproxen': 2, 'Prednisolone': 2, 'Probenecid': 2, 'Ibuprofen': 2, 'Sulfinpyrazone': 2, 'Colchicine': 2, 'Etoricoxib': 2, 'Topiroxostat': 2, 'Febuxostat': 2, 'Rilonacept': 2, 'Pegloticase': 2, 'Lesinurad': 2, 'Fluvoxamine': 1, 'Imipramine': 1, 'Fluoxetine': 1, 'Paroxetine': 2, 'Prasterone': 1, 'Ipecac': 2}"
92,278,"{'I46', 'K26', 'F19', 'F10'}","{'Sodium bicarbonate': 2, 'Omeprazole': 2, 'Sucralfate': 2, 'Nizatidine': 2, 'Pirenzepine': 2, 'Homatropine Methylbromide': 2, 'Metronidazole': 2, 'Clarithromycin': 2, 'Roxatidine acetate': 2, 'Almasilate': 2, 'Ziprasidone': 2, 'Olanzapine': 2, 'Loxapine': 2, 'Prochlorperazine': 2, 'Fluphenazine': 2, 'Perphenazine': 2, 'Quetiapine': 2, 'Aripiprazole': 2, 'Chlorprothixene': 2, 'Molindone': 2, 'Aripiprazole lauroxil': 2}"
93,279,"{'F40', 'F32', 'F51', 'F11', 'L28'}","{'Venlafaxine': 1, 'Alprazolam': 1, 'Imipramine': 3, 'Fluoxetine': 1, 'Paroxetine': 1, 'Sertraline': 1, 'Tranylcypromine': 2, 'Agomelatine': 2, 'Amitriptyline': 1, 'Melatonin': 1, 'Aceprometazine': 1, 'Pimavanserin': 1, 'Armodafinil': 1, 'Ziprasidone': 1, 'Olanzapine': 1, 'Loxapine': 1, 'Prochlorperazine': 1, 'Fluphenazine': 1, 'Perphenazine': 1, 'Quetiapine': 1, 'Aripiprazole': 1, 'Chlorprothixene': 1, 'Molindone': 1, 'Aripiprazole lauroxil': 1, 'Doxepin': 1}"
94,283,"{'G20', 'G21'}","{'NADH': 2, 'Carbidopa': 2, 'Ropinirole': 2, 'Tolcapone': 2, 'Trihexyphenidyl': 2, 'Procyclidine': 2, 'Ethopropazine': 2, 'Pramipexole': 2, 'Hyoscyamine': 2, 'Entacapone': 2, 'Lisuride': 2, 'Apomorphine': 2, 'Cycrimine': 2, 'Rivastigmine': 2, 'Selegiline': 2, 'Orphenadrine': 2, 'Pergolide': 2, 'Levodopa': 3, 'Rotigotine': 2, 'Pimavanserin': 2, 'Droxidopa': 2, 'Benserazide': 2}"
95,284,"{'G41', 'G40'}","{'Lorazepam': 2, 'Adinazolam': 2, 'Propofol': 2, 'Fosphenytoin': 2, 'Clobazam': 2, 'Carbamazepine': 2, 'Ethosuximide': 2, 'Oxcarbazepine': 2, 'Primidone': 2, 'Phensuximide': 2, 'Progabide': 2, 'Methylphenobarbital': 2, 'Zonisamide': 2, 'Felbamate': 2, 'Gabapentin': 2, 'Vigabatrin': 2, 'Phenacemide': 2, 'Levetiracetam': 2, 'Flunarizine': 2, 'Lacosamide': 2, 'Stiripentol': 2}"
96,296,"{'N25', 'N18'}","{'Calcitriol': 3, 'Calcidiol': 3, 'Ergocalciferol': 1, 'Cholecalciferol': 3, 'Dihydrotachysterol': 1, 'L-Carnitine': 1, 'Icodextrin': 1}"
97,303,"{'J33', 'J01'}","{'Budesonide': 2, 'Dexamethasone': 2, 'Ciprofloxacin': 2, 'Telithromycin': 2, 'Clarithromycin': 1}"
98,307,"{'J15', 'J96', 'J43'}","{'Telavancin': 1, 'Nitric Oxide': 1, 'Alpha-1-proteinase inhibitor': 2, 'Theophylline': 2, 'Ipratropium': 2, 'Dyphylline': 2, 'Orciprenaline': 2, 'Terbutaline': 2, 'Aminophylline': 2, 'Arformoterol': 2, 'Oxtriphylline': 2, 'Bambuterol': 2, 'Indacaterol': 2, 'Aclidinium': 2, 'Fluticasone furoate': 2, 'Olodaterol': 2, 'Vilanterol': 2}"
99,309,"{'K21', 'K26'}","{'Bismuth Subcitrate': 2, 'Omeprazole': 2, 'Sucralfate': 2, 'Nizatidine': 2, 'Pirenzepine': 2, 'Homatropine Methylbromide': 2, 'Metronidazole': 2, 'Clarithromycin': 2, 'Roxatidine acetate': 2, 'Almasilate': 2}"
100,311,"{'K56', 'K65'}","{'Ceruletide': 1, 'Ivermectin': 1, 'Trimebutine': 1, 'Dexpanthenol': 1, 'Moxidectin': 1, 'Anidulafungin': 2, 'Ceftazidime': 2, 'Meropenem': 2}"
101,313,"{'K65', 'D13'}","{'Anidulafungin': 2, 'Ceftazidime': 2, 'Meropenem': 2, 'Peginterferon alfa-2a': 1, 'Pancrelipase': 1, 'Cyclosporine': 1, 'Ademetionine': 1, 'L-Cysteine': 1, 'L-Threonine': 1, 'Enflurane': 1, 'Diethylstilbestrol': 1, 'Floxuridine': 1, 'Triamterene': 1, 'Streptozocin': 1, 'Gemcitabine': 1, 'Albendazole': 1, 'Gadoversetamide': 1, 'Fluorouracil': 2, 'Gadoteridol': 1, 'Furosemide': 1, 'Gadobenic acid': 1, 'Irinotecan': 1, 'Clidinium': 1, 'Propantheline': 1, 'Prednisolone': 1, 'Tacrolimus': 2, 'Etacrynic acid': 1, 'Tinidazole': 1, 'Felbamate': 1, 'Orlistat': 1, 'Gemfibrozil': 1, 'Bismuth Subsalicylate': 1, 'Cefazolin': 1, 'Magnesium oxide': 1, 'Antipyrine': 1, 'Attapulgite': 1, 'Kaolin': 1, 'Alverine': 1, 'Terlipressin': 1, 'Cholic Acid': 1, 'Acetylcholine': 1, 'Oteracil': 1, 'Vapreotide': 1, 'Defibrotide': 1, 'Hepatitis B Immune Globulin': 1, 'Obeticholic acid': 1, 'Icatibant': 1, 'Ammonium chloride': 1, 'Mangafodipir': 2, 'Gadoxetic acid': 1, 'Sofosbuvir': 1, 'Ledipasvir': 1, 'Ibrutinib': 1, 'Magnesium hydroxide': 1, 'Colfosceril palmitate': 1, 'Iothalamic acid': 2, 'Sodium Chloride': 1, 'Sodium Citrate': 1, 'Methylene blue': 1, 'Gimeracil': 1, 'Bismuth Subcitrate': 2, 'Kappadione': 1, 'Iopodic acid': 2, 'Indocyanine green acid form': 1, 'Technetium Tc-99m sulfur colloid': 1, 'Urea C-13': 1, 'Simethicone': 1, 'Urea C-14': 1, 'Hepatitis A Vaccine': 1, 'Sulfur hexafluoride': 1, 'Pectin': 1, 'Magnesium Aluminum Silicate': 1, 'Gelatin': 1, 'Asunaprevir': 1, 'Hepatitis B Vaccine (Recombinant)': 1, 'Ertugliflozin': 1, 'Avatrombopag': 1, 'Almasilate': 1, 'Magnesium gluconate': 1, 'Glycyrrhizic acid': 1, 'Human cytomegalovirus immune globulin': 2, 'Remestemcel-L': 1, 'Dimethicone 410': 1}"
102,315,"{'L30', 'E66', 'M87'}","{'Dapsone': 1, 'Pimecrolimus': 1, 'Bentoquatam': 1, 'Prednisone': 1, 'Flumethasone': 1, 'Tacrolimus': 1, 'Sulfapyridine': 1, 'Selenium Sulfide': 1, 'Doxepin': 1, 'Sulfoxone': 1, 'Chloroxine': 1, 'Crisaborole': 1, 'Pyrithione': 1, 'Tranilast': 1, 'Zinc oxide': 1, 'Sulfur': 1, 'Tannic acid': 1, 'Resorcinol': 1, 'Lanolin': 1, 'Peppermint oil': 1, 'Clobetasone': 1, 'Aloe Polysaccharide': 1, 'Amphetamine': 2, 'Phentermine': 2, 'Topiramate': 2, 'Phenylpropanolamine': 2, 'Fenfluramine': 2, 'Mazindol': 2, 'Phenmetrazine': 2, 'Benzphetamine': 2, 'Diethylpropion': 2, 'Orlistat': 2, 'Sibutramine': 2, 'Dexfenfluramine': 2, 'Fenproporex': 2, 'Methamphetamine': 2, 'Phendimetrazine': 2, 'Pantothenic acid': 2, 'Lorcaserin': 2, 'Omega-3-carboxylic acids': 2, 'Pipradrol': 2, 'Ertugliflozin': 2, 'Semaglutide': 2, 'Fluoride ion F-18': 2}"
103,324,"{'F05', 'N00', 'K73', 'E53', 'D46', 'D26', 'J30', 'L29', 'J42', 'M10', 'K20', 'E24'}","{'Thiamine': 1, 'Haloperidol': 2, 'Ergoloid mesylate': 1, 'Cetuximab': 1, 'Peginterferon alfa-2a': 2, 'Erythropoietin': 1, 'Salmon Calcitonin': 1, 'Pegfilgrastim': 1, 'Peginterferon alfa-2b': 1, 'Asparaginase Escherichia coli': 1, 'Oprelvekin': 1, 'Palifermin': 1, 'Rasburicase': 1, 'Gemtuzumab ozogamicin': 1, 'Infliximab': 1, 'Hyaluronidase': 1, 'Pancrelipase': 1, 'Efalizumab': 1, 'Filgrastim': 1, 'Octreotide': 1, 'Esmolol': 1, 'Ethchlorvynol': 1, 'Hydroxocobalamin': 1, 'Ticlopidine': 1, 'Torasemide': 1, 'Nelfinavir': 1, 'Methyclothiazide': 1, 'Nevirapine': 1, 'Cabergoline': 1, 'Lymecycline': 1, 'Cycloserine': 1, 'Sulfisoxazole': 1, 'Theophylline': 2, 'Travoprost': 1, 'Atomoxetine': 1, 'Tenofovir disoproxil': 2, 'Bexarotene': 1, 'Chlorthalidone': 1, 'Capreomycin': 1, 'Gefitinib': 1, 'Amitriptyline': 1, 'Floxuridine': 1, 'Tolcapone': 1, 'Omeprazole': 1, 'Pyrazinamide': 1, 'Trimethadione': 1, 'Megestrol acetate': 1, 'Buclizine': 1, 'Vinorelbine': 1, 'Anidulafungin': 1, 'Doxylamine': 1, 'Levonorgestrel': 1, 'Palonosetron': 1, 'Griseofulvin': 1, 'Nisoldipine': 1, 'Ampicillin': 1, 'Methylphenidate': 1, 'Methocarbamol': 1, 'Triprolidine': 1, 'Carboprost Tromethamine': 1, 'Lindane': 1, 'Allopurinol': 3, 'Cerivastatin': 1, 'Trimethoprim': 1, 'Dronabinol': 1, 'Nabilone': 1, 'Zidovudine': 1, 'Ritonavir': 1, 'Caspofungin': 1, 'Metolazone': 1, 'Tolnaftate': 1, 'Erlotinib': 1, 'Lamotrigine': 1, 'Methotrexate': 1, 'Cinnarizine': 1, 'Amiloride': 1, 'Labetalol': 1, 'Thiopental': 1, 'Cyclothiazide': 1, 'Ethionamide': 1, 'Paramethadione': 1, 'Demeclocycline': 1, 'Bacitracin': 1, 'Prednisone': 1, 'Pemetrexed': 1, 'Dyclonine': 1, 'Flumethasone': 1, 'Aprepitant': 1, 'Isoflurophate': 1, 'Phentolamine': 1, 'Furosemide': 1, 'Amprenavir': 1, 'Gadobenic acid': 1, 'Tretinoin': 1, 'Hexachlorophene': 1, 'Dolasetron': 1, 'Etoposide': 1, 'Hydroflumethiazide': 1, 'Oxcarbazepine': 1, 'Phenelzine': 1, 'Indapamide': 1, 'Ribavirin': 2, 'Dacarbazine': 1, 'Pseudoephedrine': 2, 'Chlorphenesin': 1, 'Eprosartan': 1, 'Emtricitabine': 1, 'Chlorothiazide': 1, 'Didanosine': 1, 'Ondansetron': 1, 'Bimatoprost': 1, 'Dinoprostone': 1, 'Misoprostol': 1, 'Zalcitabine': 1, 'Hydrocodone': 1, 'Carboplatin': 1, 'Telmisartan': 1, 'Dactinomycin': 1, 'Neomycin': 1, 'Doxorubicin': 1, 'Salbutamol': 2, 'Guanfacine': 1, 'Ethinamate': 1, 'Selegiline': 1, 'Hydroxystilbamidine Isethionate': 1, 'Melphalan': 1, 'Abacavir': 1, 'Novobiocin': 1, 'Melatonin': 1, 'Atazanavir': 1, 'Vigabatrin': 1, 'Streptomycin': 1, 'Hesperetin': 1, 'Rosuvastatin': 1, 'Capecitabine': 1, 'Amiodarone': 1, 'Proguanil': 1, 'Micafungin': 1, 'Procarbazine': 1, 'Cyclizine': 1, 'Ifosfamide': 1, 'Clindamycin': 1, 'Flecainide': 2, 'Captopril': 1, 'Bromocriptine': 1, 'Lomustine': 1, 'Clarithromycin': 2, 'Ketamine': 1, 'Budesonide': 1, 'Bromodiphenhydramine': 1, 'Isocarboxazid': 1, 'Docetaxel': 1, 'Posaconazole': 1, 'Darunavir': 1, 'Panitumumab': 1, 'Mecasermin': 1, 'Nelarabine': 1, 'Abatacept': 1, 'Bismuth Subsalicylate': 1, 'Fosamprenavir': 1, 'Potassium': 1, 'Hexobarbital': 1, 'Penbutolol': 1, 'Iohexol': 1, 'Rasagiline': 1, 'Oxybenzone': 1, 'Antipyrine': 1, 'Phenazopyridine': 1, 'Fencamfamine': 1, 'Flunitrazepam': 1, 'Liotrix': 1, 'Lopinavir': 1, 'Meticillin': 1, 'Phenindamine': 1, 'Acetylcholine': 1, 'Propanoic acid': 1, 'Thiotepa': 1, 'Suramin': 1, 'Tetrabenazine': 1, 'Ixabepilone': 1, 'Defibrotide': 1, 'Tamibarotene': 1, 'Trabectedin': 2, 'Methsuximide': 1, 'Natural alpha interferon': 1, 'Iodine': 1, 'Tetrachlorodecaoxide': 1, 'Mipomersen': 1, 'Ramucirumab': 1, 'Sodium stibogluconate': 1, 'Ustekinumab': 1, 'Thrombomodulin Alfa': 1, 'Inotuzumab ozogamicin': 1, 'Obeticholic acid': 1, 'Olaratumab': 1, 'Lasofoxifene': 1, 'Hyaluronidase (Human Recombinant)': 1, 'Asenapine': 1, 'Droxidopa': 1, 'Temsirolimus': 1, 'Saxagliptin': 1, 'Pertuzumab': 1, 'Oxymetholone': 2, 'Etravirine': 1, 'Pazopanib': 1, 'Safinamide': 1, 'Sipuleucel-T': 1, 'Dexmethylphenidate': 1, 'Potassium Iodide': 1, 'Fosaprepitant': 1, 'Beta carotene': 1, 'Fomivirsen': 1, 'Dalteparin': 1, 'Hexocyclium': 1, 'Nonoxynol-9': 1, 'Raltegravir': 1, 'Unoprostone': 1, 'Diloxanide': 1, 'Azidocillin': 1, 'Chloropyramine': 1, 'Dimetindene': 3, 'Triflusal': 1, 'Hyaluronic acid': 1, 'Ivacaftor': 1, 'Acetylcarnitine': 2, 'Rilpivirine': 1, 'Brentuximab vedotin': 1, 'Eribulin': 1, 'Asparaginase Erwinia chrysanthemi': 1, 'Tofacitinib': 1, 'Regorafenib': 1, 'Afatinib': 1, 'Dolutegravir': 1, 'Riociguat': 1, 'Sofosbuvir': 2, 'Secukinumab': 1, 'Nivolumab': 1, 'Pembrolizumab': 1, 'Netupitant': 1, 'Idelalisib': 1, 'Cannabidiol': 1, 'Cobicistat': 1, 'Olaparib': 1, 'Dinutuximab': 1, 'Benzoyl peroxide': 1, 'Somatostatin': 1, 'Elvitegravir': 1, 'Ancestim': 1, 'Hydroxyethyl Starch': 1, 'Aurothioglucose': 1, 'Oxygen': 1, 'Florbetaben (18F)': 1, 'Florbetapir (18F)': 1, 'Flutemetamol (18F)': 1, 'Carbon dioxide': 1, 'Lorpiprazole': 1, 'Moxisylyte': 1, 'Piracetam': 1, 'Dexibuprofen': 1, 'Zotepine': 1, 'Lacidipine': 1, 'Moxonidine': 1, 'Tegafur': 1, 'Strontium ranelate': 1, 'Ubidecarenone': 1, 'Rolapitant': 1, 'Sacubitril': 1, 'Zinc oxide': 1, 'Benzathine benzylpenicillin': 1, 'Kappadione': 1, 'Tipiracil': 1, 'Pramocaine': 3, 'Estrogens, esterified': 1, 'Sodium acetate': 1, 'Fluoride ion F-18': 1, 'Magnesium acetate tetrahydrate': 1, 'Monopotassium phosphate': 1, 'Xylose': 1, 'Indium In-111 chloride': 1, 'Fludeoxyglucose F-18': 1, 'Talc': 1, 'Sodium glycerophosphate': 1, 'Omega-3-carboxylic acids': 1, 'Dermatophagoides farinae': 1, 'Dermatophagoides pteronyssinus': 1, 'Bovine type I collagen': 1, 'Hepatitis A Vaccine': 1, 'Cetylpyridinium': 1, 'Resorcinol': 1, 'N-acetyltyrosine': 1, 'Cresol': 1, 'Bicisate': 1, 'Ferric sulfate': 1, 'Peppermint oil': 1, 'Methyl cellulose': 1, 'Thonzylamine': 1, 'Hexylresorcinol': 1, 'Levomefolic acid': 1, 'Polysilicone-15': 1, 'Ixekizumab': 1, 'Asunaprevir': 2, 'Domiphen': 1, 'Atezolizumab': 1, 'Levoleucovorin': 1, 'Normethadone': 1, 'Velpatasvir': 2, 'Hepatitis B Vaccine (Recombinant)': 2, 'Temoporfin': 1, 'Delamanid': 1, 'Vinflunine': 1, 'Durvalumab': 1, 'Galactose': 1, 'Icotinib': 1, 'Sarilumab': 1, 'Niraparib': 1, 'Baricitinib': 1, 'Ertugliflozin': 1, 'Guselkumab': 1, 'Angiotensin II': 1, 'Abemaciclib': 1, 'Stem bromelain': 1, 'Cantharidin': 1, 'Rucaparib': 1, 'Nicoboxil': 1, 'Lenograstim': 1, 'Protein S human': 1, 'Coagulation factor VII human': 1, 'Lipegfilgrastim': 3, 'Perboric acid': 1, 'Bufexamac': 1, 'Mifamurtide': 1, 'Bioallethrin': 1, 'Magnesium gluconate': 1, 'Glycyrrhizic acid': 1, 'Calcium levulinate': 1, 'Human cytomegalovirus immune globulin': 1, 'Talimogene laherparepvec': 1, 'Axicabtagene ciloleucel': 1, 'Testosterone undecanoate': 1, 'Medium-chain triglycerides': 1, 'Fish oil': 1, 'Remestemcel-L': 1, 'Besilesomab': 1, 'alpha-Tocopherol succinate': 1, 'alpha-Tocopherol acetate': 1, 'Nabiximols': 1, 'Fosnetupitant': 1, 'Human vaccinia virus immune globulin': 1, 'Interferon Alfa-2a, Recombinant': 1, 'Entecavir': 1, 'Lamivudine': 1, 'Adefovir Dipivoxil': 1, 'Telbivudine': 1, 'Simeprevir': 1, 'Ombitasvir': 1, 'Paritaprevir': 1, 'Tenofovir alafenamide': 1, 'Anethole trithione': 1, 'Pibrentasvir': 1, 'Glecaprevir': 1, 'Lenalidomide': 2, 'Decitabine': 2, 'Gemeprost': 1, 'Cyproheptadine': 1, 'Carbinoxamine': 1, 'Clemastine': 2, 'Loratadine': 2, 'Hydroxyzine': 2, 'Desloratadine': 2, 'Doxepin': 2, 'Alimemazine': 2, 'Cholestyramine': 2, 'Acrivastine': 2, 'Butamben': 2, 'Estradiol acetate': 2, 'Moxifloxacin': 1, 'Ipratropium': 1, 'Clomocycline': 1, 'Dyphylline': 1, 'Sulfametopyrazine': 1, 'Cefixime': 1, 'Orciprenaline': 1, 'Methacycline': 1, 'Dirithromycin': 1, 'Lomefloxacin': 1, 'Isoprenaline': 1, 'Cefditoren': 1, 'Sparfloxacin': 1, 'Aminophylline': 1, 'Arformoterol': 1, 'Ceftibuten': 1, 'Pivampicillin': 1, 'Roflumilast': 1, 'Indacaterol': 1, 'Aclidinium': 1, 'Fluticasone furoate': 1, 'Olodaterol': 1, 'Vilanterol': 1, 'Etafedrine': 1, 'Terpin hydrate': 1, 'Indomethacin': 2, 'Sulindac': 2, 'Naproxen': 2, 'Prednisolone': 2, 'Probenecid': 2, 'Ibuprofen': 2, 'Sulfinpyrazone': 2, 'Colchicine': 2, 'Etoricoxib': 2, 'Topiroxostat': 2, 'Febuxostat': 2, 'Rilonacept': 2, 'Pegloticase': 2, 'Lesinurad': 2, 'Ecabet': 2, 'Alginic acid': 2, 'Aminoglutethimide': 2, 'Mitotane': 2, 'Mifepristone': 2, 'Metyrapone': 2, 'Trilostane': 2, 'Corticorelin ovine triflutate': 2}"
104,325,"{'M86', 'E10', 'L89', 'E14', 'E11'}","{'Ertapenem': 2, 'Clindamycin': 2, 'Technetium Tc-99m oxidronate': 2, 'Fluoride ion F-18': 2, 'Besilesomab': 2, 'Miglitol': 5, 'Glipizide': 5, 'Tolbutamide': 5, 'Collagenase clostridium histolyticum': 2, 'Insulin Human': 1, 'Insulin Lispro': 1, 'Insulin Glargine': 1, 'Insulin Pork': 1, 'Ramipril': 1, 'Glimepiride': 1, 'Rosiglitazone': 1, 'Acetohexamide': 1, 'Fosinopril': 1, 'Trandolapril': 1, 'Inulin': 1, 'Lisinopril': 1, 'Nateglinide': 1, 'Mifepristone': 1, 'Tolazamide': 1, 'Quinapril': 1, 'Repaglinide': 1, 'Phenformin': 1, 'Telmisartan': 1, 'Pioglitazone': 1, 'Gliquidone': 1, 'Sitagliptin': 1, 'Exenatide': 1, 'Pramlintide': 1, 'Insulin Aspart': 1, 'Insulin Detemir': 1, 'Insulin Glulisine': 1, 'Glycodiazine': 1, 'Bezafibrate': 1, 'Vildagliptin': 1, 'Alogliptin': 1, 'Dapagliflozin': 1, 'Saxagliptin': 1, 'Liraglutide': 1, 'Acetylcarnitine': 1, 'Linagliptin': 1, 'Canagliflozin': 1, 'Albiglutide': 1, 'Dulaglutide': 1, 'Insulin Degludec': 1, 'Ertugliflozin': 1, 'Semaglutide': 1}"
105,335,"{'E20', 'F05', 'G24', 'C69', 'E53', 'D46', 'I22', 'D31', 'H01', 'C76', 'L08'}","{'Calcitriol': 2, 'Calcidiol': 2, 'Ergocalciferol': 2, 'Cholecalciferol': 2, 'Dihydrotachysterol': 3, 'Vitamin D': 2, 'Calcium glubionate': 2, 'Thiamine': 1, 'Haloperidol': 1, 'Ergoloid mesylate': 1, 'Botulinum Toxin Type B': 2, 'Botulinum Toxin Type A': 3, 'Fluorometholone': 4, 'Framycetin': 3, 'Verteporfin': 2, 'Prednisone': 4, 'Warfarin': 2, 'Hydroxypropyl cellulose': 2, 'Cysteamine': 2, 'Tacrolimus': 2, 'Dexamethasone': 4, 'Ranibizumab': 2, 'Ancrod': 2, 'Naphazoline': 2, 'Hyaluronic acid': 4, 'Aflibercept': 2, 'Trypan blue free acid': 2, 'Rose bengal': 4, 'Edoxudine': 2, 'Voretigene Neparvovec': 2, 'Oxymetholone': 1, 'Lenalidomide': 2, 'Decitabine': 2, 'Lipegfilgrastim': 2, 'Fondaparinux': 3, 'Sulfacetamide': 1, 'Natamycin': 1, 'Flavin adenine dinucleotide': 1, 'Isosulfan blue': 1, 'Barium sulfate': 1, 'Nitrofural': 1, 'Sulfapyridine': 1}"
106,338,"{'D12', 'C18'}","{'Raltitrexed': 3, 'Oxaliplatin': 1, 'Fluorouracil': 1, 'Benzocaine': 1}"
107,344,"{'D70', 'C80', 'C38'}","{'Lenograstim': 2, 'Bleomycin': 1, 'Raltitrexed': 1, 'Mitomycin': 1, 'Aminoglutethimide': 1, 'Streptozocin': 1, 'Diphenidol': 1, 'Cyclosporine': 1, 'L-Proline': 1, 'Valsartan': 1, 'Ramipril': 1, 'Esmolol': 1, 'Remikiren': 1, 'Torasemide': 1, 'Lovastatin': 1, 'Methyclothiazide': 1, 'Milrinone': 1, 'Metoprolol': 1, 'Nitroprusside': 1, 'Omeprazole': 1, 'Timolol': 1, 'Triamterene': 1, 'Phenylephrine': 1, 'Digoxin': 1, 'Phenoxymethylpenicillin': 1, 'Hyoscyamine': 1, 'Bendroflumethiazide': 1, 'Prazosin': 1, 'Fosinopril': 1, 'Cimetidine': 1, 'Acetyldigitoxin': 1, 'Trandolapril': 1, 'Enalapril': 1, 'Amiloride': 1, 'Cisapride': 1, 'Cyclothiazide': 1, 'Bisoprolol': 1, 'Simvastatin': 1, 'Pemetrexed': 1, 'Losartan': 1, 'Moricizine': 1, 'Furosemide': 1, 'Eplerenone': 1, 'Lisinopril': 1, 'Gadobenic acid': 1, 'Alprostadil': 1, 'Hydroflumethiazide': 1, 'Gadopentetate dimeglumine': 1, 'Perindopril': 1, 'Candesartan cilexetil': 1, 'Indapamide': 1, 'Acetazolamide': 1, 'Dobutamine': 1, 'Tacrolimus': 1, 'Eprosartan': 1, 'Chlorothiazide': 1, 'Quinapril': 1, 'Bumetanide': 1, 'Etacrynic acid': 1, 'Levosimendan': 1, 'Telmisartan': 1, 'Dopamine': 1, 'Trichlormethiazide': 1, 'Irbesartan': 1, 'Isoprenaline': 1, 'Atorvastatin': 1, 'Deslanoside': 1, 'Ouabain': 1, 'Fluvastatin': 1, 'Carvedilol': 1, 'Propafenone': 1, 'Domperidone': 1, 'Captopril': 1, 'Encainide': 1, 'Hydralazine': 1, 'Bismuth Subsalicylate': 1, 'Cefazolin': 1, 'Cilazapril': 1, 'Tasosartan': 1, 'Magnesium oxide': 1, 'Digitoxin': 1, 'Theobromine': 1, 'Amrinone': 1, 'Metrizamide': 1, 'Enoximone': 1, 'Nesiritide': 1, 'Vandetanib': 1, 'Dexlansoprazole': 1, 'Pixantrone': 1, 'Tolvaptan': 1, 'Sitaxentan': 1, 'Dabigatran etexilate': 1, 'Aluminum hydroxide': 1, 'Calcium Carbonate': 1, 'Dalteparin': 1, 'Ticagrelor': 1, 'Atosiban': 1, 'Ivabradine': 1, 'Magnesium hydroxide': 1, 'Protamine sulfate': 1, 'Technetium Tc-99m tetrofosmin': 1, 'Cilnidipine': 1, 'Ubidecarenone': 1, 'Fimasartan': 1, 'Magnesium Trisilicate': 1, 'Molsidomine': 1, 'Sacubitril': 1, 'Thallous Chloride': 1, 'Benzathine benzylpenicillin': 1, 'Iobenguane sulfate I-123': 1, 'Stannous chloride': 1, 'Tetrofosmin': 1, 'Magnesium Aluminum Silicate': 1, 'Oxetacaine': 1, 'Alginic acid': 1, 'Almasilate': 1, 'Magnesium gluconate': 1, 'Human cytomegalovirus immune globulin': 1, 'Peanut oil': 1}"
108,350,"{'D70', 'D48', 'C80', 'C38'}","{'Lenograstim': 2, 'Goserelin': 1, 'Gramicidin D': 1, 'Immune Globulin Human': 1, 'Trastuzumab': 1, 'Daptomycin': 1, 'Becaplermin': 1, 'Bevacizumab': 1, 'L-Phenylalanine': 1, 'Serine': 1, 'Vitamin E': 1, 'L-Isoleucine': 1, 'Masoprocol': 1, 'Erythromycin': 1, 'Clotrimazole': 1, 'Crotamiton': 1, 'Clemastine': 1, 'Venlafaxine': 1, 'Conjugated estrogens': 1, 'Ertapenem': 1, 'Mitomycin': 3, 'Bexarotene': 1, 'Nitrofural': 1, 'Cetirizine': 1, 'Terfenadine': 1, 'Megestrol acetate': 1, 'Aztreonam': 1, 'Aminoglutethimide': 2, 'Vinorelbine': 1, 'Dexrazoxane': 1, 'Griseofulvin': 1, 'Gentian Violet': 1, 'Phenoxymethylpenicillin': 2, 'Triprolidine': 1, 'Cyproheptadine': 1, 'Ceftazidime': 1, 'Epirubicin': 1, 'Cefalotin': 1, 'Raloxifene': 1, 'Albendazole': 1, 'Tolnaftate': 1, 'Cyclophosphamide': 1, 'Cefdinir': 1, 'Ciprofloxacin': 1, 'Toremifene': 1, 'Fluorouracil': 1, 'Tigecycline': 1, 'Methotrexate': 1, 'Cephalexin': 1, 'Vinblastine': 1, 'Gadoteridol': 1, 'Monobenzone': 1, 'Testosterone': 1, 'Bacitracin': 1, 'Flumethasone': 1, 'Tamoxifen': 1, 'Benzyl Benzoate': 1, 'Carbinoxamine': 1, 'Tretinoin': 1, 'Hexachlorophene': 1, 'Meropenem': 1, 'Estradiol': 1, 'Haloprogin': 1, 'Tazarotene': 1, 'Cefaclor': 1, 'Tacrolimus': 2, 'Chlorhexidine': 1, 'Emtricitabine': 1, 'Testolactone': 1, 'Methdilazine': 1, 'Salicylic acid': 1, 'Methantheline': 1, 'Fulvestrant': 1, 'Mezlocillin': 1, 'Dirithromycin': 1, 'Netilmicin': 1, 'Ethinyl Estradiol': 1, 'Nandrolone phenpropionate': 1, 'Exemestane': 1, 'Neomycin': 1, 'Doxorubicin': 1, 'Letrozole': 1, 'Hydroxystilbamidine Isethionate': 1, 'Melphalan': 1, 'Gatifloxacin': 1, 'Amoxicillin': 1, 'Melatonin': 1, 'Cefditoren': 1, 'Capecitabine': 1, 'Cefuroxime': 1, 'Cefadroxil': 1, 'Diphenylpyraline': 1, 'Cefprozil': 1, 'Ofloxacin': 1, 'Clarithromycin': 1, 'Ceftriaxone': 1, 'Anastrozole': 1, 'Paclitaxel': 1, 'Alimemazine': 1, 'Docetaxel': 1, 'Lapatinib': 1, 'Cefazolin': 2, 'Danazol': 1, 'Cefepime': 1, 'Everolimus': 1, 'Bacampicillin': 1, 'Alverine': 1, 'Isopropamide': 1, 'Prasterone': 1, 'Equilin': 1, 'Pidolic Acid': 1, 'Formaldehyde': 1, 'Urea': 1, 'Latamoxef': 1, 'Quinestrol': 1, 'Tetrabenazine': 1, 'Ixabepilone': 1, 'Oritavancin': 1, 'Afamelanotide': 1, 'Iodine': 1, 'Trastuzumab emtansine': 1, 'Ipilimumab': 1, 'Pixantrone': 2, 'Lasofoxifene': 1, 'Dalbavancin': 1, 'Arzoxifene': 1, 'Temsirolimus': 1, 'Pertuzumab': 1, 'Telavancin': 1, 'Denosumab': 1, 'Mepyramine': 1, 'Methyltestosterone': 1, 'Norelgestromin': 1, 'Buserelin': 1, 'Ammonium lactate': 1, 'Cupric sulfate': 1, 'Dimetindene': 1, 'Nandrolone decanoate': 1, 'Eribulin': 1, 'Vemurafenib': 1, 'Formestane': 1, 'Tedizolid Phosphate': 1, 'Palbociclib': 1, 'Olaparib': 1, 'Potassium alum': 1, 'Difluocortolone': 1, 'Nitrogen': 1, 'Technetium Tc-99m tilmanocept': 1, 'Zinc oxide': 1, 'Sulbactam': 1, 'Pramocaine': 1, 'Sulfur': 1, 'Dexpanthenol': 1, 'Estrogens, esterified': 1, 'Technetium Tc-99m sulfur colloid': 1, 'Magnesium chloride': 1, 'Sodium carbonate': 1, 'Talc': 1, 'Iodine povacrylex': 1, 'Dexchlorpheniramine maleate': 1, 'Dermatophagoides farinae': 1, 'Dermatophagoides pteronyssinus': 1, 'Bovine type I collagen': 1, 'Foreskin keratinocyte (neonatal)': 1, 'Petrolatum': 1, 'Octisalate': 1, 'Homosalate': 1, 'Dimethicone': 1, 'Coal tar': 1, 'Resorcinol': 1, 'Cocoa butter': 1, 'Meradimate': 1, 'Allantoin': 1, 'Benzalkonium': 1, 'Lanolin': 1, 'Castor oil': 1, 'Chloroxylenol': 1, 'Butamben': 1, 'Potassium hydroxide': 1, 'Anthralin': 1, 'Ferric sulfate': 1, 'Sulisobenzone': 1, 'Peppermint oil': 1, 'Arbutin': 1, 'Benzoin resin': 1, 'Hexylresorcinol': 1, 'Prezatide': 1, 'Moxidectin': 1, 'Drometrizole trisiloxane': 1, 'Neratinib': 1, 'Valbenazine': 1, 'Delafloxacin': 1, 'Abemaciclib': 1, 'Tiapride': 1, 'Bufexamac': 1, 'Midecamycin': 1, 'Aloe Polysaccharide': 1, 'Testosterone enanthate': 1, 'Patent Blue': 1, 'Remestemcel-L': 1, 'Ferric pyrophosphate citrate': 1, 'D-alpha-Tocopherol acetate': 1, 'Dimethicone 410': 1, 'Human vaccinia virus immune globulin': 1, 'Bleomycin': 1, 'Raltitrexed': 1, 'Streptozocin': 1, 'Diphenidol': 1, 'Cyclosporine': 1, 'L-Proline': 1, 'Valsartan': 1, 'Ramipril': 1, 'Esmolol': 1, 'Remikiren': 1, 'Torasemide': 1, 'Lovastatin': 1, 'Methyclothiazide': 1, 'Milrinone': 1, 'Metoprolol': 1, 'Nitroprusside': 1, 'Omeprazole': 1, 'Timolol': 1, 'Triamterene': 1, 'Phenylephrine': 1, 'Digoxin': 1, 'Hyoscyamine': 1, 'Bendroflumethiazide': 1, 'Prazosin': 1, 'Fosinopril': 1, 'Cimetidine': 1, 'Acetyldigitoxin': 1, 'Trandolapril': 1, 'Enalapril': 1, 'Amiloride': 1, 'Cisapride': 1, 'Cyclothiazide': 1, 'Bisoprolol': 1, 'Simvastatin': 1, 'Pemetrexed': 1, 'Losartan': 1, 'Moricizine': 1, 'Furosemide': 1, 'Eplerenone': 1, 'Lisinopril': 1, 'Gadobenic acid': 1, 'Alprostadil': 1, 'Hydroflumethiazide': 1, 'Gadopentetate dimeglumine': 1, 'Perindopril': 1, 'Candesartan cilexetil': 1, 'Indapamide': 1, 'Acetazolamide': 1, 'Dobutamine': 1, 'Eprosartan': 1, 'Chlorothiazide': 1, 'Quinapril': 1, 'Bumetanide': 1, 'Etacrynic acid': 1, 'Levosimendan': 1, 'Telmisartan': 1, 'Dopamine': 1, 'Trichlormethiazide': 1, 'Irbesartan': 1, 'Isoprenaline': 1, 'Atorvastatin': 1, 'Deslanoside': 1, 'Ouabain': 1, 'Fluvastatin': 1, 'Carvedilol': 1, 'Propafenone': 1, 'Domperidone': 1, 'Captopril': 1, 'Encainide': 1, 'Hydralazine': 1, 'Bismuth Subsalicylate': 1, 'Cilazapril': 1, 'Tasosartan': 1, 'Magnesium oxide': 1, 'Digitoxin': 1, 'Theobromine': 1, 'Amrinone': 1, 'Metrizamide': 1, 'Enoximone': 1, 'Nesiritide': 1, 'Vandetanib': 1, 'Dexlansoprazole': 1, 'Tolvaptan': 1, 'Sitaxentan': 1, 'Dabigatran etexilate': 1, 'Aluminum hydroxide': 1, 'Calcium Carbonate': 1, 'Dalteparin': 1, 'Ticagrelor': 1, 'Atosiban': 1, 'Ivabradine': 1, 'Magnesium hydroxide': 1, 'Protamine sulfate': 1, 'Technetium Tc-99m tetrofosmin': 1, 'Cilnidipine': 1, 'Ubidecarenone': 1, 'Fimasartan': 1, 'Magnesium Trisilicate': 1, 'Molsidomine': 1, 'Sacubitril': 1, 'Thallous Chloride': 1, 'Benzathine benzylpenicillin': 1, 'Iobenguane sulfate I-123': 1, 'Stannous chloride': 1, 'Tetrofosmin': 1, 'Magnesium Aluminum Silicate': 1, 'Oxetacaine': 1, 'Alginic acid': 1, 'Almasilate': 1, 'Magnesium gluconate': 1, 'Human cytomegalovirus immune globulin': 1, 'Peanut oil': 1}"
109,351,"{'D69', 'D46', 'D70'}","{'Immune Globulin Human': 1, 'Prednisone': 1, 'Lenalidomide': 2, 'Decitabine': 2, 'Lipegfilgrastim': 2, 'Lenograstim': 2}"
110,352,"{'K30', 'K20', 'K73', 'L50', 'J30', 'L29', 'G70', 'L28', 'L08'}","{'Ranitidine': 2, 'Domperidone': 2, 'Cinitapride': 2, 'Polaprezinc': 2, 'Bismuth Subcitrate': 2, 'Ecabet': 2, 'Alginic acid': 2, 'Peginterferon alfa-2a': 1, 'Interferon Alfa-2a, Recombinant': 1, 'Tenofovir disoproxil': 1, 'Entecavir': 1, 'Lamivudine': 1, 'Adefovir Dipivoxil': 1, 'Ribavirin': 1, 'Telbivudine': 1, 'Simeprevir': 1, 'Acetylcarnitine': 1, 'Sofosbuvir': 1, 'Ombitasvir': 1, 'Paritaprevir': 1, 'Tenofovir alafenamide': 1, 'Asunaprevir': 1, 'Velpatasvir': 1, 'Hepatitis B Vaccine (Recombinant)': 1, 'Anethole trithione': 1, 'Pibrentasvir': 1, 'Glecaprevir': 1, 'Clemastine': 4, 'Cetirizine': 3, 'Triprolidine': 2, 'Cyproheptadine': 3, 'Loratadine': 5, 'Hydroxyzine': 4, 'Carbinoxamine': 3, 'Desloratadine': 5, 'Mequitazine': 2, 'Chlorphenamine': 2, 'Alimemazine': 4, 'Pheniramine': 2, 'Dimetindene': 4, 'Dexchlorpheniramine maleate': 2, 'Bilastine': 2, 'Rupatadine': 2, 'Pseudoephedrine': 1, 'Doxepin': 3, 'Cholestyramine': 2, 'Pramocaine': 2, 'Acrivastine': 2, 'Butamben': 2, 'Estradiol acetate': 2, 'Guanidine': 1, 'Pyridostigmine': 1, 'Prednisone': 1, 'Pralidoxime': 1, 'Edrophonium': 1, 'Ambenonium': 1, 'Tubocurarine': 1, 'Neostigmine': 1, 'Nitrofural': 1, 'Sulfapyridine': 1}"
111,354,"{'D72', 'L50', 'N94'}","{'Diethylcarbamazine': 1, 'Benralizumab': 1, 'Clemastine': 2, 'Cetirizine': 3, 'Triprolidine': 2, 'Cyproheptadine': 2, 'Loratadine': 3, 'Hydroxyzine': 2, 'Carbinoxamine': 2, 'Desloratadine': 3, 'Mequitazine': 2, 'Chlorphenamine': 2, 'Alimemazine': 2, 'Pheniramine': 2, 'Dimetindene': 2, 'Dexchlorpheniramine maleate': 2, 'Bilastine': 2, 'Rupatadine': 2, 'Nimesulide': 1, 'Ospemifene': 1, 'Estradiol acetate': 1}"
112,359,"{'D69', 'D70', 'D46'}","{'Immune Globulin Human': 1, 'Prednisone': 1, 'Lenograstim': 2, 'Lenalidomide': 2, 'Decitabine': 2, 'Lipegfilgrastim': 2}"
113,361,"{'D69', 'D46'}","{'Immune Globulin Human': 1, 'Prednisone': 1, 'Lenalidomide': 2, 'Decitabine': 2, 'Lipegfilgrastim': 2}"
114,364,"{'M86', 'E14'}","{'Ertapenem': 2, 'Clindamycin': 2, 'Technetium Tc-99m oxidronate': 2, 'Fluoride ion F-18': 2, 'Besilesomab': 2, 'Insulin Human': 1, 'Insulin Lispro': 1, 'Insulin Glargine': 1, 'Insulin Pork': 1, 'Ramipril': 1, 'Glimepiride': 1, 'Rosiglitazone': 1, 'Acetohexamide': 1, 'Miglitol': 1, 'Fosinopril': 1, 'Trandolapril': 1, 'Inulin': 1, 'Lisinopril': 1, 'Nateglinide': 1, 'Mifepristone': 1, 'Tolazamide': 1, 'Quinapril': 1, 'Repaglinide': 1, 'Phenformin': 1, 'Telmisartan': 1, 'Glipizide': 1, 'Tolbutamide': 1, 'Pioglitazone': 1, 'Gliquidone': 1, 'Sitagliptin': 1, 'Exenatide': 1, 'Pramlintide': 1, 'Insulin Aspart': 1, 'Insulin Detemir': 1, 'Insulin Glulisine': 1, 'Glycodiazine': 1, 'Bezafibrate': 1, 'Vildagliptin': 1, 'Alogliptin': 1, 'Dapagliflozin': 1, 'Saxagliptin': 1, 'Liraglutide': 1, 'Acetylcarnitine': 1, 'Linagliptin': 1, 'Canagliflozin': 1, 'Albiglutide': 1, 'Dulaglutide': 1, 'Insulin Degludec': 1, 'Ertugliflozin': 1, 'Semaglutide': 1}"
115,367,"{'F05', 'G30', 'F03'}","{'Thiamine': 1, 'Haloperidol': 2, 'Ergoloid mesylate': 1, 'Phosphatidyl serine': 3, 'NADH': 2, 'Galantamine': 3, 'Selegiline': 2, 'Huperzine A': 2, 'Huperzine-A': 2, 'Florbetapir (18F)': 2, 'Flutemetamol (18F)': 2, 'Methylene blue': 2, 'Citalopram': 1, 'Fluoxetine': 1, 'Nicergoline': 1, 'Paroxetine': 1, 'Donepezil': 1, 'Rivastigmine': 1, 'Memantine': 1, 'Escitalopram': 1, 'Ginkgo biloba': 1, 'Acetylcarnitine': 1}"
116,368,"{'G30', 'F03'}","{'Phosphatidyl serine': 3, 'NADH': 2, 'Galantamine': 3, 'Selegiline': 2, 'Huperzine A': 2, 'Huperzine-A': 2, 'Florbetapir (18F)': 2, 'Flutemetamol (18F)': 2, 'Methylene blue': 2, 'Citalopram': 1, 'Fluoxetine': 1, 'Haloperidol': 1, 'Nicergoline': 1, 'Paroxetine': 1, 'Donepezil': 1, 'Rivastigmine': 1, 'Memantine': 1, 'Escitalopram': 1, 'Ginkgo biloba': 1, 'Acetylcarnitine': 1}"
117,370,"{'L30', 'F17', 'A41', 'B35', 'K65', 'B37'}","{'Dapsone': 1, 'Pimecrolimus': 1, 'Bentoquatam': 1, 'Prednisone': 1, 'Flumethasone': 1, 'Tacrolimus': 1, 'Sulfapyridine': 1, 'Selenium Sulfide': 1, 'Doxepin': 1, 'Sulfoxone': 1, 'Chloroxine': 1, 'Crisaborole': 1, 'Pyrithione': 1, 'Tranilast': 1, 'Zinc oxide': 1, 'Sulfur': 1, 'Tannic acid': 1, 'Resorcinol': 1, 'Lanolin': 1, 'Peppermint oil': 1, 'Clobetasone': 1, 'Aloe Polysaccharide': 1, 'Ziprasidone': 1, 'Olanzapine': 1, 'Loxapine': 1, 'Prochlorperazine': 1, 'Fluphenazine': 1, 'Perphenazine': 1, 'Quetiapine': 1, 'Aripiprazole': 1, 'Chlorprothixene': 1, 'Molindone': 1, 'Aripiprazole lauroxil': 1, 'Netilmicin': 1, 'Latamoxef': 1, 'Griseofulvin': 3, 'Naftifine': 3, 'Terbinafine': 2, 'Butenafine': 3, 'Miconazole': 5, 'Econazole': 5, 'Sertaconazole': 1, 'Bifonazole': 1, 'Sulconazole': 3, 'Luliconazole': 1, 'Anidulafungin': 4, 'Ceftazidime': 2, 'Meropenem': 2, 'Terconazole': 2, 'Clotrimazole': 2, 'Caspofungin': 2, 'Voriconazole': 2, 'Butoconazole': 2, 'Tioconazole': 2, 'Ketoconazole': 2, 'Micafungin': 2, 'Posaconazole': 2, 'Dequalinium': 2}"
118,372,"{'F40', 'F19', 'F32', 'L29', 'F51'}","{'Venlafaxine': 1, 'Alprazolam': 1, 'Imipramine': 3, 'Fluoxetine': 1, 'Paroxetine': 1, 'Sertraline': 1, 'Ziprasidone': 1, 'Olanzapine': 1, 'Loxapine': 1, 'Prochlorperazine': 1, 'Fluphenazine': 1, 'Perphenazine': 1, 'Quetiapine': 1, 'Aripiprazole': 1, 'Chlorprothixene': 1, 'Molindone': 1, 'Aripiprazole lauroxil': 1, 'Tranylcypromine': 2, 'Agomelatine': 2, 'Clemastine': 2, 'Loratadine': 2, 'Hydroxyzine': 2, 'Desloratadine': 2, 'Doxepin': 2, 'Alimemazine': 2, 'Cholestyramine': 2, 'Dimetindene': 2, 'Pramocaine': 2, 'Acrivastine': 2, 'Butamben': 2, 'Estradiol acetate': 2, 'Amitriptyline': 1, 'Melatonin': 1, 'Aceprometazine': 1, 'Pimavanserin': 1, 'Armodafinil': 1}"
119,374,"{'F41', 'F13', 'K59', 'H10', 'F43'}","{'Lorazepam': 1, 'Butabarbital': 1, 'Meprobamate': 1, 'Chlordiazepoxide': 1, 'Buspirone': 1, 'Clorazepate': 1, 'Halazepam': 1, 'Diazepam': 1, 'Trifluoperazine': 1, 'Oxazepam': 1, 'Desipramine': 1, 'Clotiazepam': 1, 'Fludiazepam': 1, 'Prazepam': 1, 'Cinolazepam': 1, 'Ziprasidone': 1, 'Olanzapine': 1, 'Loxapine': 1, 'Prochlorperazine': 1, 'Fluphenazine': 1, 'Perphenazine': 1, 'Quetiapine': 1, 'Aripiprazole': 1, 'Chlorprothixene': 1, 'Molindone': 1, 'Aripiprazole lauroxil': 1, 'Tramadol': 1, 'Lactulose': 1, 'Lubiprostone': 1, 'Tegaserod': 1, 'Magnesium oxide': 1, 'Prucalopride': 1, 'Methylnaltrexone': 1, 'Linaclotide': 1, 'Naloxegol': 1, 'Potassium alum': 1, 'Magnesium hydroxide': 1, 'Bisoxatin': 1, 'Polyethylene glycol': 1, 'Polycarbophil': 1, 'Magnesium acetate tetrahydrate': 1, 'Sodium phosphate': 1, 'Docusate': 1, 'Plantago seed': 1, 'Magnesium citrate': 1, 'Methyl cellulose': 1, 'Sennosides': 1, 'Naldemedine': 1, 'Galactose': 1, 'Moxifloxacin': 2, 'Idoxuridine': 2, 'Medrysone': 2, 'Sulfisoxazole': 2, 'Triprolidine': 2, 'Trifluridine': 2, 'Cyproheptadine': 2, 'Chloramphenicol': 2, 'Sulfacetamide': 2, 'Prednisone': 2, 'Astemizole': 2, 'Carbinoxamine': 2, 'Epinastine': 2, 'Olopatadine': 2, 'Natamycin': 2, 'Hydroxypropyl cellulose': 2, 'Loteprednol': 2, 'Pemirolast': 2, 'Ketotifen': 2, 'Azelastine': 2, 'Cromoglicic acid': 2, 'Emedastine': 2, 'Levocabastine': 2, 'Levofloxacin': 2, 'Bepotastine': 2, 'Alcaftadine': 2, 'Besifloxacin': 2, 'Lodoxamide': 2, 'Antazoline': 2, 'Chloropyramine': 2, 'Spaglumic Acid': 2, 'Dexchlorpheniramine maleate': 2, 'Dermatophagoides farinae': 2, 'Dermatophagoides pteronyssinus': 2, 'Rose bengal': 2, 'Lifitegrast': 2, 'Acetyl sulfisoxazole': 2, 'Imipramine': 1, 'Sertraline': 1}"
120,375,"{'K51', 'K29', 'K20'}","{'Infliximab': 2, 'Hydrocortisone': 2, 'Prednisolone': 2, 'Balsalazide': 2, 'Budesonide': 2, 'Olsalazine': 2, 'Difenoxin': 2, 'Golimumab': 2, 'Tofacitinib': 2, 'Tixocortol': 2, 'Kappadione': 2, 'Plantago seed': 2, 'Isopropamide': 1, 'Bismuth Subcitrate': 1, 'Ecabet': 2, 'Alginic acid': 2}"
121,376,"{'G20', 'G21'}","{'NADH': 2, 'Carbidopa': 2, 'Ropinirole': 2, 'Tolcapone': 2, 'Trihexyphenidyl': 2, 'Procyclidine': 2, 'Ethopropazine': 2, 'Pramipexole': 2, 'Hyoscyamine': 2, 'Entacapone': 2, 'Lisuride': 2, 'Apomorphine': 2, 'Cycrimine': 2, 'Rivastigmine': 2, 'Selegiline': 2, 'Orphenadrine': 2, 'Pergolide': 2, 'Levodopa': 3, 'Rotigotine': 2, 'Pimavanserin': 2, 'Droxidopa': 2, 'Benserazide': 2}"
122,377,"{'G41', 'G40'}","{'Lorazepam': 2, 'Adinazolam': 2, 'Propofol': 2, 'Fosphenytoin': 2, 'Clobazam': 2, 'Carbamazepine': 2, 'Ethosuximide': 2, 'Oxcarbazepine': 2, 'Primidone': 2, 'Phensuximide': 2, 'Progabide': 2, 'Methylphenobarbital': 2, 'Zonisamide': 2, 'Felbamate': 2, 'Gabapentin': 2, 'Vigabatrin': 2, 'Phenacemide': 2, 'Levetiracetam': 2, 'Flunarizine': 2, 'Lacosamide': 2, 'Stiripentol': 2}"
123,385,"{'H40', 'H26'}","{'Travoprost': 2, 'Mitomycin': 2, 'Timolol': 2, 'Carbachol': 2, 'Dipivefrin': 2, 'Brimonidine': 2, 'Carteolol': 2, 'Clonidine': 2, 'Latanoprost': 2, 'Isoflurophate': 2, 'Methazolamide': 2, 'Acetazolamide': 2, 'Dorzolamide': 2, 'Bimatoprost': 2, 'Demecarium': 2, 'Apraclonidine': 2, 'Physostigmine': 2, 'Echothiophate': 2, 'Diclofenamide': 2, 'Brinzolamide': 2, 'Levobunolol': 2, 'Metipranolol': 2, 'Ginkgo biloba': 2, 'Unoprostone': 2, 'Bupranolol': 2, 'Hyaluronic acid': 3, 'Tafluprost': 2, 'Moxisylyte': 2, 'Levobetaxolol': 2, 'Latanoprostene Bunod': 2, 'Ripasudil': 2, 'Netarsudil': 2, 'Vitamin E': 1, 'Bromfenac': 1, 'Acetylcholine': 1, 'Nepafenac': 1, 'D-alpha-Tocopherol acetate': 1}"
124,386,"{'H16', 'H26', 'D31'}","{'Idoxuridine': 3, 'Trifluridine': 3, 'Framycetin': 2, 'Sulfacetamide': 2, 'Prednisone': 4, 'Natamycin': 2, 'Hydroxypropyl cellulose': 4, 'Loteprednol': 2, 'Cromoglicic acid': 3, 'Flavin adenine dinucleotide': 2, 'Lodoxamide': 3, 'Rose bengal': 5, 'Lifitegrast': 1, 'Edoxudine': 3, 'Human vaccinia virus immune globulin': 2, 'Vitamin E': 1, 'Bromfenac': 1, 'Acetylcholine': 1, 'Nepafenac': 1, 'Hyaluronic acid': 3, 'D-alpha-Tocopherol acetate': 1, 'Fluorometholone': 2, 'Verteporfin': 1, 'Warfarin': 1, 'Cysteamine': 1, 'Tacrolimus': 1, 'Dexamethasone': 2, 'Ranibizumab': 1, 'Ancrod': 1, 'Naphazoline': 1, 'Aflibercept': 1, 'Trypan blue free acid': 1, 'Voretigene Neparvovec': 1}"
125,394,"{'I73', 'I70', 'I74'}","{'Lercanidipine': 1, 'Enprofylline': 1, 'Ginkgo biloba': 1, 'Sutilain': 1, 'Lovastatin': 2, 'Clopidogrel': 2, 'Fluvastatin': 2, 'Rosuvastatin': 2, 'Bezafibrate': 2, 'Tocopherol': 2, 'Warfarin': 2}"
126,397,"{'L30', 'F40', 'F50', 'F43', 'B37'}","{'Dapsone': 1, 'Pimecrolimus': 1, 'Bentoquatam': 1, 'Prednisone': 1, 'Flumethasone': 1, 'Tacrolimus': 1, 'Sulfapyridine': 1, 'Selenium Sulfide': 1, 'Doxepin': 1, 'Sulfoxone': 1, 'Chloroxine': 1, 'Crisaborole': 1, 'Pyrithione': 1, 'Tranilast': 1, 'Zinc oxide': 1, 'Sulfur': 1, 'Tannic acid': 1, 'Resorcinol': 1, 'Lanolin': 1, 'Peppermint oil': 1, 'Clobetasone': 1, 'Aloe Polysaccharide': 1, 'Venlafaxine': 1, 'Alprazolam': 1, 'Imipramine': 3, 'Fluoxetine': 2, 'Paroxetine': 3, 'Sertraline': 2, 'Fluvoxamine': 1, 'Prasterone': 1, 'Ipecac': 2, 'Terconazole': 2, 'Clotrimazole': 2, 'Anidulafungin': 2, 'Caspofungin': 2, 'Voriconazole': 2, 'Butoconazole': 2, 'Tioconazole': 2, 'Ketoconazole': 2, 'Miconazole': 2, 'Econazole': 2, 'Micafungin': 2, 'Posaconazole': 2, 'Dequalinium': 2}"
127,401,"{'J45', 'J96'}","{'Omalizumab': 3, 'Vitamin E': 3, 'Flunisolide': 3, 'Isoetarine': 3, 'Theophylline': 3, 'Beclomethasone dipropionate': 3, 'Montelukast': 3, 'Zafirlukast': 3, 'Cinalukast': 3, 'Fluticasone propionate': 3, 'Dyphylline': 3, 'Nedocromil': 3, 'Hydrocortisone': 3, 'Zileuton': 3, 'Mometasone': 3, 'Orciprenaline': 3, 'Enprofylline': 3, 'Ketotifen': 3, 'Salmeterol': 3, 'Formoterol': 3, 'Salbutamol': 3, 'Cromoglicic acid': 3, 'Isoprenaline': 3, 'Chlorphenamine': 3, 'Budesonide': 3, 'Aminophylline': 3, 'Dexamethasone': 3, 'Fenoterol': 3, 'Pirbuterol': 3, 'Oxtriphylline': 3, 'Penbutolol': 3, 'Procaterol': 3, 'Clenbuterol': 3, 'Bambuterol': 3, 'Ibudilast': 3, 'Reslizumab': 3, 'Mepolizumab': 3, 'Tranilast': 3, 'Chloropyramine': 3, 'Fluticasone furoate': 3, 'Olodaterol': 3, 'Vilanterol': 3, 'Helium': 3, 'Doxofylline': 3, 'Racepinephrine': 3, 'Etafedrine': 3, 'Myrrh': 3, 'Benralizumab': 3, 'Levosalbutamol': 3, 'D-alpha-Tocopherol acetate': 3, 'Nitric Oxide': 1}"
128,403,"{'I85', 'K74'}","{'Vasopressin': 3, 'Tauroursodeoxycholic acid': 1}"
129,406,"{'H10', 'G43', 'G50'}","{'Moxifloxacin': 2, 'Idoxuridine': 2, 'Medrysone': 2, 'Sulfisoxazole': 2, 'Triprolidine': 2, 'Trifluridine': 2, 'Cyproheptadine': 2, 'Chloramphenicol': 2, 'Sulfacetamide': 2, 'Prednisone': 2, 'Astemizole': 2, 'Carbinoxamine': 2, 'Epinastine': 2, 'Olopatadine': 2, 'Natamycin': 2, 'Hydroxypropyl cellulose': 2, 'Loteprednol': 2, 'Pemirolast': 2, 'Ketotifen': 2, 'Azelastine': 2, 'Cromoglicic acid': 2, 'Emedastine': 2, 'Levocabastine': 2, 'Levofloxacin': 2, 'Bepotastine': 2, 'Alcaftadine': 2, 'Besifloxacin': 2, 'Lodoxamide': 2, 'Antazoline': 2, 'Chloropyramine': 2, 'Spaglumic Acid': 2, 'Dexchlorpheniramine maleate': 2, 'Dermatophagoides farinae': 2, 'Dermatophagoides pteronyssinus': 2, 'Rose bengal': 2, 'Lifitegrast': 2, 'Acetyl sulfisoxazole': 2, 'Eletriptan': 2, 'Butalbital': 2, 'Metoprolol': 2, 'Topiramate': 2, 'Valproic Acid': 2, 'Zolmitriptan': 2, 'Dihydroergotamine': 2, 'Amitriptyline': 2, 'Timolol': 2, 'Rofecoxib': 2, 'Propranolol': 2, 'Clonidine': 2, 'Sumatriptan': 2, 'Ergotamine': 2, 'Nicergoline': 2, 'Almotriptan': 2, 'Naratriptan': 2, 'Rizatriptan': 2, 'Frovatriptan': 2, 'Flunarizine': 2, 'Pizotifen': 2, 'Isometheptene': 2, 'Acetylcarnitine': 2, 'Tolfenamic Acid': 2, 'Ubidecarenone': 2, 'Dihydro-alpha-ergocryptine': 2, 'Erenumab': 2, 'Carbamazepine': 1, 'Chlorphenesin': 1, 'Ethanol': 1}"
130,417,"{'D12', 'C18'}","{'Raltitrexed': 3, 'Oxaliplatin': 1, 'Fluorouracil': 1, 'Benzocaine': 1}"
131,419,"{'D70', 'D48', 'C80'}","{'Lenograstim': 2, 'Goserelin': 1, 'Gramicidin D': 1, 'Immune Globulin Human': 1, 'Trastuzumab': 1, 'Daptomycin': 1, 'Becaplermin': 1, 'Bevacizumab': 1, 'L-Phenylalanine': 1, 'Serine': 1, 'Vitamin E': 1, 'L-Isoleucine': 1, 'Masoprocol': 1, 'Erythromycin': 1, 'Clotrimazole': 1, 'Crotamiton': 1, 'Clemastine': 1, 'Venlafaxine': 1, 'Conjugated estrogens': 1, 'Ertapenem': 1, 'Mitomycin': 3, 'Bexarotene': 1, 'Nitrofural': 1, 'Cetirizine': 1, 'Terfenadine': 1, 'Megestrol acetate': 1, 'Aztreonam': 1, 'Aminoglutethimide': 2, 'Vinorelbine': 1, 'Dexrazoxane': 1, 'Griseofulvin': 1, 'Gentian Violet': 1, 'Phenoxymethylpenicillin': 1, 'Triprolidine': 1, 'Cyproheptadine': 1, 'Ceftazidime': 1, 'Epirubicin': 1, 'Cefalotin': 1, 'Raloxifene': 1, 'Albendazole': 1, 'Tolnaftate': 1, 'Cyclophosphamide': 1, 'Cefdinir': 1, 'Ciprofloxacin': 1, 'Toremifene': 1, 'Fluorouracil': 1, 'Tigecycline': 1, 'Methotrexate': 1, 'Cephalexin': 1, 'Vinblastine': 1, 'Gadoteridol': 1, 'Monobenzone': 1, 'Testosterone': 1, 'Bacitracin': 1, 'Flumethasone': 1, 'Tamoxifen': 1, 'Benzyl Benzoate': 1, 'Carbinoxamine': 1, 'Tretinoin': 1, 'Hexachlorophene': 1, 'Meropenem': 1, 'Estradiol': 1, 'Haloprogin': 1, 'Tazarotene': 1, 'Cefaclor': 1, 'Tacrolimus': 1, 'Chlorhexidine': 1, 'Emtricitabine': 1, 'Testolactone': 1, 'Methdilazine': 1, 'Salicylic acid': 1, 'Methantheline': 1, 'Fulvestrant': 1, 'Mezlocillin': 1, 'Dirithromycin': 1, 'Netilmicin': 1, 'Ethinyl Estradiol': 1, 'Nandrolone phenpropionate': 1, 'Exemestane': 1, 'Neomycin': 1, 'Doxorubicin': 1, 'Letrozole': 1, 'Hydroxystilbamidine Isethionate': 1, 'Melphalan': 1, 'Gatifloxacin': 1, 'Amoxicillin': 1, 'Melatonin': 1, 'Cefditoren': 1, 'Capecitabine': 1, 'Cefuroxime': 1, 'Cefadroxil': 1, 'Diphenylpyraline': 1, 'Cefprozil': 1, 'Ofloxacin': 1, 'Clarithromycin': 1, 'Ceftriaxone': 1, 'Anastrozole': 1, 'Paclitaxel': 1, 'Alimemazine': 1, 'Docetaxel': 1, 'Lapatinib': 1, 'Cefazolin': 1, 'Danazol': 1, 'Cefepime': 1, 'Everolimus': 1, 'Bacampicillin': 1, 'Alverine': 1, 'Isopropamide': 1, 'Prasterone': 1, 'Equilin': 1, 'Pidolic Acid': 1, 'Formaldehyde': 1, 'Urea': 1, 'Latamoxef': 1, 'Quinestrol': 1, 'Tetrabenazine': 1, 'Ixabepilone': 1, 'Oritavancin': 1, 'Afamelanotide': 1, 'Iodine': 1, 'Trastuzumab emtansine': 1, 'Ipilimumab': 1, 'Pixantrone': 1, 'Lasofoxifene': 1, 'Dalbavancin': 1, 'Arzoxifene': 1, 'Temsirolimus': 1, 'Pertuzumab': 1, 'Telavancin': 1, 'Denosumab': 1, 'Mepyramine': 1, 'Methyltestosterone': 1, 'Norelgestromin': 1, 'Buserelin': 1, 'Ammonium lactate': 1, 'Cupric sulfate': 1, 'Dimetindene': 1, 'Nandrolone decanoate': 1, 'Eribulin': 1, 'Vemurafenib': 1, 'Formestane': 1, 'Tedizolid Phosphate': 1, 'Palbociclib': 1, 'Olaparib': 1, 'Potassium alum': 1, 'Difluocortolone': 1, 'Nitrogen': 1, 'Technetium Tc-99m tilmanocept': 1, 'Zinc oxide': 1, 'Sulbactam': 1, 'Pramocaine': 1, 'Sulfur': 1, 'Dexpanthenol': 1, 'Estrogens, esterified': 1, 'Technetium Tc-99m sulfur colloid': 1, 'Magnesium chloride': 1, 'Sodium carbonate': 1, 'Talc': 1, 'Iodine povacrylex': 1, 'Dexchlorpheniramine maleate': 1, 'Dermatophagoides farinae': 1, 'Dermatophagoides pteronyssinus': 1, 'Bovine type I collagen': 1, 'Foreskin keratinocyte (neonatal)': 1, 'Petrolatum': 1, 'Octisalate': 1, 'Homosalate': 1, 'Dimethicone': 1, 'Coal tar': 1, 'Resorcinol': 1, 'Cocoa butter': 1, 'Meradimate': 1, 'Allantoin': 1, 'Benzalkonium': 1, 'Lanolin': 1, 'Castor oil': 1, 'Chloroxylenol': 1, 'Butamben': 1, 'Potassium hydroxide': 1, 'Anthralin': 1, 'Ferric sulfate': 1, 'Sulisobenzone': 1, 'Peppermint oil': 1, 'Arbutin': 1, 'Benzoin resin': 1, 'Hexylresorcinol': 1, 'Prezatide': 1, 'Moxidectin': 1, 'Drometrizole trisiloxane': 1, 'Neratinib': 1, 'Valbenazine': 1, 'Delafloxacin': 1, 'Abemaciclib': 1, 'Tiapride': 1, 'Bufexamac': 1, 'Midecamycin': 1, 'Aloe Polysaccharide': 1, 'Testosterone enanthate': 1, 'Patent Blue': 1, 'Remestemcel-L': 1, 'Ferric pyrophosphate citrate': 1, 'D-alpha-Tocopherol acetate': 1, 'Dimethicone 410': 1, 'Human vaccinia virus immune globulin': 1, 'Bleomycin': 1, 'Raltitrexed': 1, 'Streptozocin': 1, 'Diphenidol': 1}"
132,423,"{'H16', 'D31'}","{'Idoxuridine': 3, 'Trifluridine': 3, 'Framycetin': 2, 'Sulfacetamide': 2, 'Prednisone': 4, 'Natamycin': 2, 'Hydroxypropyl cellulose': 4, 'Loteprednol': 2, 'Cromoglicic acid': 3, 'Flavin adenine dinucleotide': 2, 'Lodoxamide': 3, 'Rose bengal': 5, 'Lifitegrast': 1, 'Edoxudine': 3, 'Human vaccinia virus immune globulin': 2, 'Fluorometholone': 2, 'Verteporfin': 1, 'Warfarin': 1, 'Cysteamine': 1, 'Tacrolimus': 1, 'Dexamethasone': 2, 'Ranibizumab': 1, 'Ancrod': 1, 'Naphazoline': 1, 'Hyaluronic acid': 2, 'Aflibercept': 1, 'Trypan blue free acid': 1, 'Voretigene Neparvovec': 1}"
133,425,"{'E53', 'E11'}","{'Oxymetholone': 1, 'Miglitol': 2, 'Glipizide': 2, 'Tolbutamide': 2}"
134,428,"{'F13', 'F20', 'F03'}","{'Ziprasidone': 3, 'Olanzapine': 3, 'Loxapine': 3, 'Prochlorperazine': 1, 'Fluphenazine': 1, 'Perphenazine': 1, 'Quetiapine': 3, 'Aripiprazole': 3, 'Chlorprothixene': 3, 'Molindone': 1, 'Aripiprazole lauroxil': 3, 'Glutamic Acid': 2, 'Clozapine': 2, 'Sulpiride': 2, 'Remoxipride': 2, 'Imipramine': 2, 'Chlorpromazine': 2, 'Haloperidol': 3, 'Thioridazine': 2, 'Risperidone': 2, 'Flupentixol': 2, 'Mesoridazine': 2, 'Clomipramine': 2, 'Paliperidone': 2, 'Methotrimeprazine': 2, 'Thioproperazine': 2, 'Thiothixene': 2, 'Zuclopenthixol': 2, 'Prasterone': 2, 'Fluspirilene': 2, 'Iloperidone': 2, 'Pimavanserin': 2, 'Cariprazine': 2, 'Sertindole': 2, 'Asenapine': 2, 'Amisulpride': 2, 'Armodafinil': 2, 'Lurasidone': 2, 'Perospirone': 2, 'Brexpiprazole': 2, 'Blonanserin': 2, 'Melperone': 2, 'Zotepine': 2, 'Phosphatidyl serine': 1, 'Citalopram': 1, 'Fluoxetine': 1, 'Galantamine': 1, 'Nicergoline': 1, 'Paroxetine': 1, 'Donepezil': 1, 'Rivastigmine': 1, 'Memantine': 1, 'Escitalopram': 1, 'Ginkgo biloba': 1, 'Acetylcarnitine': 1}"
135,430,"{'G41', 'G40'}","{'Lorazepam': 2, 'Adinazolam': 2, 'Propofol': 2, 'Fosphenytoin': 2, 'Clobazam': 2, 'Carbamazepine': 2, 'Ethosuximide': 2, 'Oxcarbazepine': 2, 'Primidone': 2, 'Phensuximide': 2, 'Progabide': 2, 'Methylphenobarbital': 2, 'Zonisamide': 2, 'Felbamate': 2, 'Gabapentin': 2, 'Vigabatrin': 2, 'Phenacemide': 2, 'Levetiracetam': 2, 'Flunarizine': 2, 'Lacosamide': 2, 'Stiripentol': 2}"
136,433,"{'I21', 'I46'}","{'Alteplase': 2, 'Metoprolol': 2, 'Eplerenone': 2, 'Ridogrel': 2, 'Technetium Tc-99m pyrophosphate': 2, 'Sodium bicarbonate': 2}"
137,434,"{'I50', 'I72', 'J81', 'I48', 'J42', 'M10'}","{'Valsartan': 3, 'Ramipril': 3, 'Remikiren': 2, 'Torasemide': 3, 'Methyclothiazide': 3, 'Milrinone': 3, 'Metoprolol': 2, 'Nitroprusside': 3, 'Triamterene': 3, 'Digoxin': 2, 'Bendroflumethiazide': 2, 'Prazosin': 3, 'Fosinopril': 3, 'Acetyldigitoxin': 3, 'Trandolapril': 3, 'Enalapril': 3, 'Amiloride': 3, 'Cyclothiazide': 3, 'Bisoprolol': 2, 'Losartan': 3, 'Phentolamine': 1, 'Furosemide': 3, 'Eplerenone': 3, 'Lisinopril': 3, 'Hydroflumethiazide': 3, 'Perindopril': 3, 'Candesartan cilexetil': 3, 'Indapamide': 3, 'Acetazolamide': 3, 'Eprosartan': 3, 'Chlorothiazide': 3, 'Quinapril': 3, 'Bumetanide': 3, 'Etacrynic acid': 3, 'Levosimendan': 2, 'Telmisartan': 3, 'Trichlormethiazide': 2, 'Irbesartan': 3, 'Deslanoside': 2, 'Ouabain': 4, 'Carvedilol': 2, 'Captopril': 3, 'Hydralazine': 3, 'Cilazapril': 2, 'Tasosartan': 2, 'Digitoxin': 2, 'Amrinone': 3, 'Enoximone': 3, 'Nesiritide': 3, 'Vandetanib': 2, 'Pixantrone': 3, 'Tolvaptan': 3, 'Sitaxentan': 3, 'Dalteparin': 2, 'Ivabradine': 2, 'Ubidecarenone': 3, 'Fimasartan': 2, 'Molsidomine': 2, 'Sacubitril': 2, 'Iobenguane sulfate I-123': 2, 'Nimodipine': 1, 'Oxycodone': 2, 'Heroin': 2, 'Phenindione': 2, 'Warfarin': 2, 'Propafenone': 1, 'Dronedarone': 1, 'Moxifloxacin': 1, 'Theophylline': 1, 'Ipratropium': 1, 'Clomocycline': 1, 'Dyphylline': 1, 'Sulfametopyrazine': 1, 'Cefixime': 1, 'Orciprenaline': 1, 'Methacycline': 1, 'Dirithromycin': 1, 'Lomefloxacin': 1, 'Salbutamol': 1, 'Isoprenaline': 1, 'Cefditoren': 1, 'Sparfloxacin': 1, 'Clarithromycin': 1, 'Aminophylline': 1, 'Arformoterol': 1, 'Ceftibuten': 1, 'Pivampicillin': 1, 'Roflumilast': 1, 'Indacaterol': 1, 'Aclidinium': 1, 'Fluticasone furoate': 1, 'Olodaterol': 1, 'Vilanterol': 1, 'Etafedrine': 1, 'Terpin hydrate': 1, 'Indomethacin': 2, 'Allopurinol': 2, 'Sulindac': 2, 'Naproxen': 2, 'Prednisolone': 2, 'Probenecid': 2, 'Ibuprofen': 2, 'Sulfinpyrazone': 2, 'Colchicine': 2, 'Etoricoxib': 2, 'Topiroxostat': 2, 'Febuxostat': 2, 'Rilonacept': 2, 'Pegloticase': 2, 'Lesinurad': 2}"
138,436,"{'I50', 'J81'}","{'Valsartan': 3, 'Ramipril': 3, 'Remikiren': 2, 'Torasemide': 3, 'Methyclothiazide': 3, 'Milrinone': 3, 'Metoprolol': 2, 'Nitroprusside': 3, 'Triamterene': 3, 'Digoxin': 2, 'Bendroflumethiazide': 2, 'Prazosin': 3, 'Fosinopril': 3, 'Acetyldigitoxin': 3, 'Trandolapril': 3, 'Enalapril': 3, 'Amiloride': 3, 'Cyclothiazide': 3, 'Bisoprolol': 2, 'Losartan': 3, 'Phentolamine': 1, 'Furosemide': 3, 'Eplerenone': 3, 'Lisinopril': 3, 'Hydroflumethiazide': 3, 'Perindopril': 3, 'Candesartan cilexetil': 3, 'Indapamide': 3, 'Acetazolamide': 3, 'Eprosartan': 3, 'Chlorothiazide': 3, 'Quinapril': 3, 'Bumetanide': 3, 'Etacrynic acid': 3, 'Levosimendan': 2, 'Telmisartan': 3, 'Trichlormethiazide': 2, 'Irbesartan': 3, 'Deslanoside': 2, 'Ouabain': 2, 'Carvedilol': 2, 'Captopril': 3, 'Hydralazine': 3, 'Cilazapril': 2, 'Tasosartan': 2, 'Digitoxin': 2, 'Amrinone': 3, 'Enoximone': 3, 'Nesiritide': 3, 'Vandetanib': 2, 'Pixantrone': 3, 'Tolvaptan': 3, 'Sitaxentan': 3, 'Dalteparin': 2, 'Ivabradine': 2, 'Ubidecarenone': 3, 'Fimasartan': 2, 'Molsidomine': 2, 'Sacubitril': 2, 'Iobenguane sulfate I-123': 2, 'Oxycodone': 2, 'Heroin': 2}"
139,437,"{'J44', 'J47'}","{'Ipratropium': 1, 'Doxapram': 1, 'Salmeterol': 1, 'Glycopyrronium': 1, 'Arformoterol': 1, 'Procaterol': 1, 'Tiotropium': 1, 'Almitrine': 1, 'Indacaterol': 1, 'Aclidinium': 1, 'Umeclidinium': 1, 'Olodaterol': 1, 'Doxofylline': 1, 'Levosalbutamol': 1, 'Terpin hydrate': 3, 'Carbocisteine': 2}"
140,438,"{'K80', 'K81'}","{'Isopropamide': 2, 'Technetium Tc-99m disofenin': 3, 'Anethole trithione': 2}"
141,440,"{'M87', 'M54', 'M25'}","{'Fluoride ion F-18': 2, 'Etoricoxib': 1, 'Methyl salicylate': 1, 'Nicoboxil': 1, 'Acemetacin': 1, 'Loxoprofen': 1}"
