,Trajectory,Disease list,Drug Indications
0,1,"{'K56', 'K37', 'K65'}","{'Ceruletide': 1, 'Ivermectin': 1, 'Trimebutine': 1, 'Dexpanthenol': 1, 'Moxidectin': 1, 'Meropenem': 3, 'Anidulafungin': 2, 'Ceftazidime': 2}"
1,4,"{'C91', 'A41'}","{'Teniposide': 1, 'Imatinib': 1, 'Inotuzumab ozogamicin': 1, 'Netilmicin': 1, 'Latamoxef': 1}"
2,6,"{'B99', 'J40', 'H10', 'B08', 'J15', 'B37'}","{'Diphenidol': 1, 'Moxifloxacin': 3, 'Isoetarine': 1, 'Theophylline': 1, 'Ipratropium': 1, 'Trimethoprim': 1, 'Clomocycline': 1, 'Demeclocycline': 1, 'Dyphylline': 1, 'Sulfametopyrazine': 1, 'Cefixime': 1, 'Orciprenaline': 1, 'Pseudoephedrine': 1, 'Terbutaline': 1, 'Methacycline': 1, 'Dirithromycin': 1, 'Telithromycin': 1, 'Lomefloxacin': 1, 'Salbutamol': 1, 'Sulfamethoxazole': 1, 'Gatifloxacin': 1, 'Isoprenaline': 1, 'Cefditoren': 1, 'Cefuroxime': 1, 'Sparfloxacin': 1, 'Clarithromycin': 1, 'Aminophylline': 1, 'Arformoterol': 1, 'Oxtriphylline': 1, 'Bambuterol': 1, 'Ceftibuten': 1, 'Sulfamerazine': 1, 'Sulfamethazine': 1, 'Pivampicillin': 1, 'Roflumilast': 1, 'Indacaterol': 1, 'Aclidinium': 1, 'Fluticasone furoate': 1, 'Olodaterol': 1, 'Vilanterol': 1, 'Pentoxyverine': 1, 'Etafedrine': 1, 'Terpin hydrate': 1, 'Idoxuridine': 2, 'Medrysone': 2, 'Sulfisoxazole': 2, 'Triprolidine': 2, 'Trifluridine': 2, 'Cyproheptadine': 2, 'Chloramphenicol': 2, 'Sulfacetamide': 2, 'Prednisone': 2, 'Astemizole': 2, 'Carbinoxamine': 2, 'Epinastine': 2, 'Olopatadine': 2, 'Natamycin': 2, 'Hydroxypropyl cellulose': 2, 'Loteprednol': 2, 'Pemirolast': 2, 'Ketotifen': 2, 'Azelastine': 2, 'Cromoglicic acid': 2, 'Emedastine': 2, 'Levocabastine': 2, 'Levofloxacin': 2, 'Bepotastine': 2, 'Alcaftadine': 2, 'Besifloxacin': 2, 'Lodoxamide': 2, 'Antazoline': 2, 'Chloropyramine': 2, 'Spaglumic Acid': 2, 'Dexchlorpheniramine maleate': 2, 'Dermatophagoides farinae': 2, 'Dermatophagoides pteronyssinus': 2, 'Rose bengal': 2, 'Lifitegrast': 2, 'Acetyl sulfisoxazole': 2, 'Cantharidin': 1, 'Telavancin': 1, 'Terconazole': 2, 'Clotrimazole': 2, 'Anidulafungin': 2, 'Caspofungin': 2, 'Voriconazole': 2, 'Butoconazole': 2, 'Tioconazole': 2, 'Ketoconazole': 2, 'Miconazole': 2, 'Econazole': 2, 'Micafungin': 2, 'Posaconazole': 2, 'Dequalinium': 2}"
3,10,"{'J30', 'J42', 'L30', 'J20'}","{'Cyproheptadine': 1, 'Carbinoxamine': 1, 'Pseudoephedrine': 1, 'Moxifloxacin': 1, 'Theophylline': 1, 'Ipratropium': 1, 'Clomocycline': 1, 'Dyphylline': 1, 'Sulfametopyrazine': 1, 'Cefixime': 3, 'Orciprenaline': 1, 'Methacycline': 1, 'Dirithromycin': 3, 'Lomefloxacin': 1, 'Salbutamol': 1, 'Isoprenaline': 1, 'Cefditoren': 1, 'Sparfloxacin': 1, 'Clarithromycin': 1, 'Aminophylline': 1, 'Arformoterol': 1, 'Ceftibuten': 1, 'Pivampicillin': 3, 'Roflumilast': 1, 'Indacaterol': 1, 'Aclidinium': 1, 'Fluticasone furoate': 1, 'Olodaterol': 1, 'Vilanterol': 1, 'Etafedrine': 3, 'Terpin hydrate': 1, 'Dapsone': 1, 'Pimecrolimus': 1, 'Bentoquatam': 1, 'Prednisone': 1, 'Flumethasone': 1, 'Tacrolimus': 1, 'Sulfapyridine': 1, 'Selenium Sulfide': 1, 'Doxepin': 1, 'Sulfoxone': 1, 'Chloroxine': 1, 'Crisaborole': 1, 'Pyrithione': 1, 'Tranilast': 1, 'Zinc oxide': 1, 'Sulfur': 1, 'Tannic acid': 1, 'Resorcinol': 1, 'Lanolin': 1, 'Peppermint oil': 1, 'Clobetasone': 1, 'Aloe Polysaccharide': 1, 'Telithromycin': 2}"
4,12,"{'D69', 'D70'}","{'Immune Globulin Human': 1, 'Prednisone': 1, 'Lenograstim': 2}"
5,13,"{'E61', 'G00', 'J01'}","{'Magnesium sulfate': 1, 'Iron Dextran': 1, 'Ferumoxytol': 1, 'Cupric sulfate': 1, 'Ferric Carboxymaltose': 1, 'Iron saccharate': 1, 'Magnesium acetate tetrahydrate': 1, 'Sodium ferric gluconate complex': 1, 'Ferrous sulfate': 1, 'Magnesium gluconate': 1, 'Ferric pyrophosphate citrate': 1, 'Meropenem': 1, 'Ciprofloxacin': 2, 'Telithromycin': 2, 'Clarithromycin': 1}"
6,15_73,"{'E14', 'E10'}","{'Insulin Human': 1, 'Insulin Lispro': 1, 'Insulin Glargine': 1, 'Insulin Pork': 1, 'Ramipril': 1, 'Glimepiride': 1, 'Rosiglitazone': 1, 'Acetohexamide': 1, 'Miglitol': 3, 'Fosinopril': 1, 'Trandolapril': 1, 'Inulin': 1, 'Lisinopril': 1, 'Nateglinide': 1, 'Mifepristone': 1, 'Tolazamide': 1, 'Quinapril': 1, 'Repaglinide': 1, 'Phenformin': 1, 'Telmisartan': 1, 'Glipizide': 3, 'Tolbutamide': 3, 'Pioglitazone': 1, 'Gliquidone': 1, 'Sitagliptin': 1, 'Exenatide': 1, 'Pramlintide': 1, 'Insulin Aspart': 1, 'Insulin Detemir': 1, 'Insulin Glulisine': 1, 'Glycodiazine': 1, 'Bezafibrate': 1, 'Vildagliptin': 1, 'Alogliptin': 1, 'Dapagliflozin': 1, 'Saxagliptin': 1, 'Liraglutide': 1, 'Acetylcarnitine': 1, 'Linagliptin': 1, 'Canagliflozin': 1, 'Albiglutide': 1, 'Dulaglutide': 1, 'Insulin Degludec': 1, 'Ertugliflozin': 1, 'Semaglutide': 1}"
7,18,"{'E66', 'F17'}","{'Amphetamine': 2, 'Phentermine': 2, 'Topiramate': 2, 'Phenylpropanolamine': 2, 'Fenfluramine': 2, 'Mazindol': 2, 'Phenmetrazine': 2, 'Benzphetamine': 2, 'Diethylpropion': 2, 'Orlistat': 2, 'Sibutramine': 2, 'Dexfenfluramine': 2, 'Fenproporex': 2, 'Methamphetamine': 2, 'Phendimetrazine': 2, 'Pantothenic acid': 2, 'Lorcaserin': 2, 'Omega-3-carboxylic acids': 2, 'Pipradrol': 2, 'Ertugliflozin': 2, 'Semaglutide': 2, 'Ziprasidone': 1, 'Olanzapine': 1, 'Loxapine': 1, 'Prochlorperazine': 1, 'Fluphenazine': 1, 'Perphenazine': 1, 'Quetiapine': 1, 'Aripiprazole': 1, 'Chlorprothixene': 1, 'Molindone': 1, 'Aripiprazole lauroxil': 1}"
8,20,"{'E88', 'J96'}","{'D-glucose': 1, 'Glucose': 1, 'Nitric Oxide': 1}"
9,21,"{'K02', 'F41'}","{'Chlorhexidine': 2, 'Calcium glycerophosphate': 2, 'Silver': 2, 'Lorazepam': 1, 'Butabarbital': 1, 'Meprobamate': 1, 'Chlordiazepoxide': 1, 'Buspirone': 1, 'Clorazepate': 1, 'Halazepam': 1, 'Diazepam': 1, 'Trifluoperazine': 1, 'Oxazepam': 1, 'Desipramine': 1, 'Clotiazepam': 1, 'Fludiazepam': 1, 'Prazepam': 1, 'Cinolazepam': 1}"
10,23,"{'G25', 'G40', 'I47', 'G41', 'F79', 'E88', 'J96'}","{'Ioflupane I-123': 1, 'Piracetam': 1, 'Clobazam': 2, 'Carbamazepine': 2, 'Ethosuximide': 2, 'Oxcarbazepine': 2, 'Primidone': 2, 'Phensuximide': 2, 'Progabide': 2, 'Methylphenobarbital': 2, 'Zonisamide': 2, 'Felbamate': 2, 'Gabapentin': 2, 'Vigabatrin': 2, 'Phenacemide': 2, 'Levetiracetam': 2, 'Flunarizine': 2, 'Lacosamide': 2, 'Stiripentol': 2, 'Indecainide': 1, 'Disopyramide': 1, 'Mexiletine': 1, 'Phenylephrine': 2, 'Adenosine': 2, 'Pindolol': 1, 'Tocainide': 1, 'Amiodarone': 1, 'Bretylium': 1, 'Propafenone': 1, 'Flecainide': 2, 'Encainide': 1, 'Bopindolol': 1, 'Lorazepam': 2, 'Adinazolam': 2, 'Propofol': 2, 'Fosphenytoin': 2, 'Melatonin': 1, 'D-glucose': 1, 'Glucose': 1, 'Nitric Oxide': 1}"
11,27,"{'G41', 'G40', 'G47'}","{'Lorazepam': 2, 'Adinazolam': 2, 'Propofol': 2, 'Fosphenytoin': 2, 'Clobazam': 2, 'Carbamazepine': 2, 'Ethosuximide': 2, 'Oxcarbazepine': 2, 'Primidone': 2, 'Phensuximide': 2, 'Progabide': 2, 'Methylphenobarbital': 2, 'Zonisamide': 2, 'Felbamate': 2, 'Gabapentin': 2, 'Vigabatrin': 2, 'Phenacemide': 2, 'Levetiracetam': 2, 'Flunarizine': 2, 'Lacosamide': 2, 'Stiripentol': 2, 'Amitriptyline': 2, 'Melatonin': 2, 'Aceprometazine': 2, 'Pimavanserin': 2, 'Armodafinil': 2}"
12,31_137,"{'H52', 'H50'}","{'Verteporfin': 1, 'Botulinum Toxin Type A': 1}"
13,39,"{'K21', 'K29'}","{'Bismuth Subcitrate': 3, 'Isopropamide': 1}"
14,51_181_282_362,"{'D43', 'C71'}","{'Pregabalin': 1, 'Etidronic acid': 1, 'Tolperisone': 1, 'Propiverine': 1, 'Phenytoin': 1, 'Metrizamide': 1}"
15,54,"{'F17', 'E87', 'F10'}","{'Ziprasidone': 2, 'Olanzapine': 2, 'Loxapine': 2, 'Prochlorperazine': 2, 'Fluphenazine': 2, 'Perphenazine': 2, 'Quetiapine': 2, 'Aripiprazole': 2, 'Chlorprothixene': 2, 'Molindone': 2, 'Aripiprazole lauroxil': 2, 'Ergocalciferol': 1, 'Calcium Gluceptate': 1, 'Dihydrotachysterol': 1, 'Sodium bicarbonate': 1, 'Tromethamine': 1, 'Ammonium chloride': 2, 'Canagliflozin': 1, 'Potassium Citrate': 1, 'Helium': 1, 'Sodium acetate': 1}"
16,55,"{'F11', 'F19', 'F13'}","{'Ziprasidone': 3, 'Olanzapine': 3, 'Loxapine': 3, 'Prochlorperazine': 3, 'Fluphenazine': 3, 'Perphenazine': 3, 'Quetiapine': 3, 'Aripiprazole': 3, 'Chlorprothixene': 3, 'Molindone': 3, 'Aripiprazole lauroxil': 3}"
17,56,"{'F32', 'F41'}","{'Imipramine': 2, 'Tranylcypromine': 2, 'Agomelatine': 2, 'Lorazepam': 1, 'Butabarbital': 1, 'Meprobamate': 1, 'Chlordiazepoxide': 1, 'Buspirone': 1, 'Clorazepate': 1, 'Halazepam': 1, 'Diazepam': 1, 'Trifluoperazine': 1, 'Oxazepam': 1, 'Desipramine': 1, 'Clotiazepam': 1, 'Fludiazepam': 1, 'Prazepam': 1, 'Cinolazepam': 1}"
18,57,"{'F17', 'E87', 'F12', 'F10', 'F63', 'F20'}","{'Ziprasidone': 5, 'Olanzapine': 5, 'Loxapine': 5, 'Prochlorperazine': 3, 'Fluphenazine': 3, 'Perphenazine': 3, 'Quetiapine': 5, 'Aripiprazole': 5, 'Chlorprothixene': 5, 'Molindone': 3, 'Aripiprazole lauroxil': 5, 'Ergocalciferol': 1, 'Calcium Gluceptate': 1, 'Dihydrotachysterol': 1, 'Sodium bicarbonate': 1, 'Tromethamine': 1, 'Ammonium chloride': 2, 'Canagliflozin': 1, 'Potassium Citrate': 1, 'Helium': 1, 'Sodium acetate': 1, 'Clomipramine': 3, 'Glutamic Acid': 2, 'Clozapine': 2, 'Sulpiride': 2, 'Remoxipride': 2, 'Imipramine': 2, 'Chlorpromazine': 2, 'Haloperidol': 2, 'Thioridazine': 2, 'Risperidone': 2, 'Flupentixol': 2, 'Mesoridazine': 2, 'Paliperidone': 2, 'Methotrimeprazine': 2, 'Thioproperazine': 2, 'Thiothixene': 2, 'Zuclopenthixol': 2, 'Prasterone': 2, 'Fluspirilene': 2, 'Iloperidone': 2, 'Pimavanserin': 2, 'Cariprazine': 2, 'Sertindole': 2, 'Asenapine': 2, 'Amisulpride': 2, 'Armodafinil': 2, 'Lurasidone': 2, 'Perospirone': 2, 'Brexpiprazole': 2, 'Blonanserin': 2, 'Melperone': 2, 'Zotepine': 2}"
19,72,"{'N19', 'N18'}","{'Calcitriol': 3, 'Calcidiol': 3, 'Cholecalciferol': 3, 'Mannitol': 1, 'Dopamine': 1, 'Dalteparin': 1, 'L-Carnitine': 1, 'Icodextrin': 1}"
20,74,"{'G47', 'E66', 'E11'}","{'Amitriptyline': 2, 'Melatonin': 2, 'Aceprometazine': 2, 'Pimavanserin': 2, 'Armodafinil': 2, 'Amphetamine': 2, 'Phentermine': 2, 'Topiramate': 2, 'Phenylpropanolamine': 2, 'Fenfluramine': 2, 'Mazindol': 2, 'Phenmetrazine': 2, 'Benzphetamine': 2, 'Diethylpropion': 2, 'Orlistat': 2, 'Sibutramine': 2, 'Dexfenfluramine': 2, 'Fenproporex': 2, 'Methamphetamine': 2, 'Phendimetrazine': 2, 'Pantothenic acid': 2, 'Lorcaserin': 2, 'Omega-3-carboxylic acids': 2, 'Pipradrol': 2, 'Ertugliflozin': 2, 'Semaglutide': 2, 'Miglitol': 2, 'Glipizide': 2, 'Tolbutamide': 2}"
21,77,"{'F15', 'F14', 'F19', 'F13', 'F11'}","{'Ziprasidone': 5, 'Olanzapine': 5, 'Loxapine': 5, 'Prochlorperazine': 5, 'Fluphenazine': 5, 'Perphenazine': 5, 'Quetiapine': 5, 'Aripiprazole': 5, 'Chlorprothixene': 5, 'Molindone': 5, 'Aripiprazole lauroxil': 5}"
22,78,"{'F25', 'F12', 'F15', 'F20'}","{'Pimavanserin': 4, 'Asenapine': 4, 'Amisulpride': 4, 'Armodafinil': 4, 'Ziprasidone': 4, 'Olanzapine': 4, 'Loxapine': 4, 'Prochlorperazine': 2, 'Fluphenazine': 2, 'Perphenazine': 2, 'Quetiapine': 4, 'Aripiprazole': 4, 'Chlorprothixene': 4, 'Molindone': 2, 'Aripiprazole lauroxil': 4, 'Glutamic Acid': 2, 'Clozapine': 2, 'Sulpiride': 2, 'Remoxipride': 2, 'Imipramine': 2, 'Chlorpromazine': 2, 'Haloperidol': 2, 'Thioridazine': 2, 'Risperidone': 2, 'Flupentixol': 2, 'Mesoridazine': 2, 'Clomipramine': 2, 'Paliperidone': 2, 'Methotrimeprazine': 2, 'Thioproperazine': 2, 'Thiothixene': 2, 'Zuclopenthixol': 2, 'Prasterone': 2, 'Fluspirilene': 2, 'Iloperidone': 2, 'Cariprazine': 2, 'Sertindole': 2, 'Lurasidone': 2, 'Perospirone': 2, 'Brexpiprazole': 2, 'Blonanserin': 2, 'Melperone': 2, 'Zotepine': 2}"
23,79,"{'F14', 'F12', 'K73', 'F19', 'F13', 'F11'}","{'Ziprasidone': 5, 'Olanzapine': 5, 'Loxapine': 5, 'Prochlorperazine': 5, 'Fluphenazine': 5, 'Perphenazine': 5, 'Quetiapine': 5, 'Aripiprazole': 5, 'Chlorprothixene': 5, 'Molindone': 5, 'Aripiprazole lauroxil': 5, 'Peginterferon alfa-2a': 1, 'Interferon Alfa-2a, Recombinant': 1, 'Tenofovir disoproxil': 1, 'Entecavir': 1, 'Lamivudine': 1, 'Adefovir Dipivoxil': 1, 'Ribavirin': 1, 'Telbivudine': 1, 'Simeprevir': 1, 'Acetylcarnitine': 1, 'Sofosbuvir': 1, 'Ombitasvir': 1, 'Paritaprevir': 1, 'Tenofovir alafenamide': 1, 'Asunaprevir': 1, 'Velpatasvir': 1, 'Hepatitis B Vaccine (Recombinant)': 1, 'Anethole trithione': 1, 'Pibrentasvir': 1, 'Glecaprevir': 1}"
24,82_87,"{'F25', 'F20'}","{'Pimavanserin': 4, 'Asenapine': 4, 'Amisulpride': 4, 'Armodafinil': 4, 'Glutamic Acid': 2, 'Ziprasidone': 2, 'Olanzapine': 2, 'Clozapine': 2, 'Sulpiride': 2, 'Loxapine': 2, 'Remoxipride': 2, 'Imipramine': 2, 'Chlorpromazine': 2, 'Haloperidol': 2, 'Thioridazine': 2, 'Risperidone': 2, 'Flupentixol': 2, 'Mesoridazine': 2, 'Quetiapine': 2, 'Aripiprazole': 2, 'Chlorprothixene': 2, 'Clomipramine': 2, 'Paliperidone': 2, 'Methotrimeprazine': 2, 'Thioproperazine': 2, 'Thiothixene': 2, 'Zuclopenthixol': 2, 'Prasterone': 2, 'Fluspirilene': 2, 'Iloperidone': 2, 'Cariprazine': 2, 'Sertindole': 2, 'Lurasidone': 2, 'Perospirone': 2, 'Brexpiprazole': 2, 'Blonanserin': 2, 'Melperone': 2, 'Zotepine': 2, 'Aripiprazole lauroxil': 2}"
25,84,"{'F32', 'F63', 'F40'}","{'Imipramine': 3, 'Tranylcypromine': 2, 'Agomelatine': 2, 'Clomipramine': 1, 'Venlafaxine': 1, 'Alprazolam': 1, 'Fluoxetine': 1, 'Paroxetine': 1, 'Sertraline': 1}"
26,92,"{'I50', 'I42'}","{'Valsartan': 3, 'Ramipril': 3, 'Remikiren': 2, 'Torasemide': 3, 'Methyclothiazide': 3, 'Milrinone': 3, 'Metoprolol': 2, 'Nitroprusside': 3, 'Triamterene': 3, 'Digoxin': 2, 'Bendroflumethiazide': 2, 'Prazosin': 3, 'Fosinopril': 3, 'Acetyldigitoxin': 3, 'Trandolapril': 3, 'Enalapril': 3, 'Amiloride': 3, 'Cyclothiazide': 3, 'Bisoprolol': 2, 'Losartan': 3, 'Phentolamine': 1, 'Furosemide': 3, 'Eplerenone': 3, 'Lisinopril': 3, 'Hydroflumethiazide': 3, 'Perindopril': 3, 'Candesartan cilexetil': 3, 'Indapamide': 3, 'Acetazolamide': 3, 'Eprosartan': 3, 'Chlorothiazide': 3, 'Quinapril': 3, 'Bumetanide': 3, 'Etacrynic acid': 3, 'Levosimendan': 2, 'Telmisartan': 3, 'Trichlormethiazide': 2, 'Irbesartan': 3, 'Deslanoside': 2, 'Ouabain': 2, 'Carvedilol': 2, 'Captopril': 3, 'Hydralazine': 3, 'Cilazapril': 2, 'Tasosartan': 2, 'Digitoxin': 2, 'Amrinone': 3, 'Enoximone': 3, 'Nesiritide': 3, 'Vandetanib': 2, 'Pixantrone': 3, 'Tolvaptan': 3, 'Sitaxentan': 3, 'Dalteparin': 2, 'Ivabradine': 2, 'Ubidecarenone': 3, 'Fimasartan': 2, 'Molsidomine': 2, 'Sacubitril': 2, 'Iobenguane sulfate I-123': 2, 'Dexrazoxane': 2, 'Phenindione': 2, 'Warfarin': 2}"
27,93_145_324,"{'J33', 'J01'}","{'Budesonide': 2, 'Dexamethasone': 2, 'Ciprofloxacin': 2, 'Telithromycin': 2, 'Clarithromycin': 1}"
28,98,"{'K29', 'K25', 'K51', 'K58', 'K59', 'K26'}","{'Isopropamide': 1, 'Bismuth Subcitrate': 1, 'Omeprazole': 4, 'Sucralfate': 4, 'Nizatidine': 4, 'Pirenzepine': 4, 'Homatropine Methylbromide': 4, 'Roxatidine acetate': 4, 'Infliximab': 2, 'Hydrocortisone': 2, 'Prednisolone': 2, 'Balsalazide': 2, 'Budesonide': 2, 'Olsalazine': 2, 'Difenoxin': 2, 'Golimumab': 2, 'Tofacitinib': 2, 'Tixocortol': 2, 'Kappadione': 2, 'Plantago seed': 5, 'Amitriptyline': 2, 'Hyoscyamine': 2, 'Scopolamine': 2, 'Clidinium': 2, 'Dicyclomine': 2, 'Methantheline': 2, 'Alosetron': 2, 'Lubiprostone': 3, 'Tegaserod': 3, 'Rifaximin': 2, 'Alverine': 2, 'Linaclotide': 3, 'Trimebutine': 2, 'Pinaverium': 2, 'Eluxadoline': 2, 'Ramosetron': 2, 'Peppermint oil': 2, 'Methyl cellulose': 3, 'Tramadol': 1, 'Lactulose': 1, 'Magnesium oxide': 1, 'Prucalopride': 1, 'Methylnaltrexone': 1, 'Naloxegol': 1, 'Potassium alum': 1, 'Magnesium hydroxide': 1, 'Bisoxatin': 1, 'Polyethylene glycol': 1, 'Polycarbophil': 1, 'Magnesium acetate tetrahydrate': 1, 'Sodium phosphate': 1, 'Docusate': 1, 'Magnesium citrate': 1, 'Sennosides': 1, 'Naldemedine': 1, 'Galactose': 1, 'Metronidazole': 2, 'Clarithromycin': 2, 'Almasilate': 2}"
29,99,"{'K65', 'K37'}","{'Anidulafungin': 2, 'Ceftazidime': 2, 'Meropenem': 3}"
30,102,"{'I85', 'K74'}","{'Vasopressin': 3, 'Tauroursodeoxycholic acid': 1}"
31,103,"{'K80', 'K81'}","{'Isopropamide': 2, 'Technetium Tc-99m disofenin': 3, 'Anethole trithione': 2}"
32,108,"{'N19', 'I70'}","{'Calcitriol': 1, 'Calcidiol': 1, 'Cholecalciferol': 1, 'Mannitol': 1, 'Dopamine': 1, 'Dalteparin': 1, 'Lovastatin': 2, 'Clopidogrel': 2, 'Fluvastatin': 2, 'Rosuvastatin': 2, 'Bezafibrate': 2, 'Tocopherol': 2}"
33,118,"{'F05', 'H10', 'F10'}","{'Thiamine': 1, 'Haloperidol': 1, 'Ergoloid mesylate': 1, 'Moxifloxacin': 2, 'Idoxuridine': 2, 'Medrysone': 2, 'Sulfisoxazole': 2, 'Triprolidine': 2, 'Trifluridine': 2, 'Cyproheptadine': 2, 'Chloramphenicol': 2, 'Sulfacetamide': 2, 'Prednisone': 2, 'Astemizole': 2, 'Carbinoxamine': 2, 'Epinastine': 2, 'Olopatadine': 2, 'Natamycin': 2, 'Hydroxypropyl cellulose': 2, 'Loteprednol': 2, 'Pemirolast': 2, 'Ketotifen': 2, 'Azelastine': 2, 'Cromoglicic acid': 2, 'Emedastine': 2, 'Levocabastine': 2, 'Levofloxacin': 2, 'Bepotastine': 2, 'Alcaftadine': 2, 'Besifloxacin': 2, 'Lodoxamide': 2, 'Antazoline': 2, 'Chloropyramine': 2, 'Spaglumic Acid': 2, 'Dexchlorpheniramine maleate': 2, 'Dermatophagoides farinae': 2, 'Dermatophagoides pteronyssinus': 2, 'Rose bengal': 2, 'Lifitegrast': 2, 'Acetyl sulfisoxazole': 2, 'Ziprasidone': 1, 'Olanzapine': 1, 'Loxapine': 1, 'Prochlorperazine': 1, 'Fluphenazine': 1, 'Perphenazine': 1, 'Quetiapine': 1, 'Aripiprazole': 1, 'Chlorprothixene': 1, 'Molindone': 1, 'Aripiprazole lauroxil': 1}"
34,119,"{'E53', 'H10', 'F10'}","{'Oxymetholone': 1, 'Moxifloxacin': 2, 'Idoxuridine': 2, 'Medrysone': 2, 'Sulfisoxazole': 2, 'Triprolidine': 2, 'Trifluridine': 2, 'Cyproheptadine': 2, 'Chloramphenicol': 2, 'Sulfacetamide': 2, 'Prednisone': 2, 'Astemizole': 2, 'Carbinoxamine': 2, 'Epinastine': 2, 'Olopatadine': 2, 'Natamycin': 2, 'Hydroxypropyl cellulose': 2, 'Loteprednol': 2, 'Pemirolast': 2, 'Ketotifen': 2, 'Azelastine': 2, 'Cromoglicic acid': 2, 'Emedastine': 2, 'Levocabastine': 2, 'Levofloxacin': 2, 'Bepotastine': 2, 'Alcaftadine': 2, 'Besifloxacin': 2, 'Lodoxamide': 2, 'Antazoline': 2, 'Chloropyramine': 2, 'Spaglumic Acid': 2, 'Dexchlorpheniramine maleate': 2, 'Dermatophagoides farinae': 2, 'Dermatophagoides pteronyssinus': 2, 'Rose bengal': 2, 'Lifitegrast': 2, 'Acetyl sulfisoxazole': 2, 'Ziprasidone': 1, 'Olanzapine': 1, 'Loxapine': 1, 'Prochlorperazine': 1, 'Fluphenazine': 1, 'Perphenazine': 1, 'Quetiapine': 1, 'Aripiprazole': 1, 'Chlorprothixene': 1, 'Molindone': 1, 'Aripiprazole lauroxil': 1}"
35,122_194,"{'H36', 'E10'}","{'Ripasudil': 1, 'Miglitol': 2, 'Glipizide': 2, 'Tolbutamide': 2}"
36,123,"{'M86', 'H40', 'N48', 'H26', 'E11'}","{'Ertapenem': 2, 'Clindamycin': 2, 'Technetium Tc-99m oxidronate': 2, 'Fluoride ion F-18': 2, 'Besilesomab': 2, 'Travoprost': 2, 'Mitomycin': 2, 'Timolol': 2, 'Carbachol': 2, 'Dipivefrin': 2, 'Brimonidine': 2, 'Carteolol': 2, 'Clonidine': 2, 'Latanoprost': 2, 'Isoflurophate': 2, 'Methazolamide': 2, 'Acetazolamide': 2, 'Dorzolamide': 2, 'Bimatoprost': 2, 'Demecarium': 2, 'Apraclonidine': 2, 'Physostigmine': 2, 'Echothiophate': 2, 'Diclofenamide': 2, 'Brinzolamide': 2, 'Levobunolol': 2, 'Metipranolol': 2, 'Ginkgo biloba': 2, 'Unoprostone': 2, 'Bupranolol': 2, 'Hyaluronic acid': 3, 'Tafluprost': 2, 'Moxisylyte': 2, 'Levobetaxolol': 2, 'Latanoprostene Bunod': 2, 'Ripasudil': 2, 'Netarsudil': 2, 'Phenylpropanolamine': 1, 'Pseudoephedrine': 1, 'Ancrod': 1, 'Vitamin E': 1, 'Bromfenac': 1, 'Acetylcholine': 1, 'Nepafenac': 1, 'D-alpha-Tocopherol acetate': 1, 'Miglitol': 2, 'Glipizide': 2, 'Tolbutamide': 2}"
37,125,"{'K59', 'K51', 'K29', 'K58'}","{'Tramadol': 1, 'Lactulose': 1, 'Lubiprostone': 3, 'Tegaserod': 3, 'Magnesium oxide': 1, 'Prucalopride': 1, 'Methylnaltrexone': 1, 'Linaclotide': 3, 'Naloxegol': 1, 'Potassium alum': 1, 'Magnesium hydroxide': 1, 'Bisoxatin': 1, 'Polyethylene glycol': 1, 'Polycarbophil': 1, 'Magnesium acetate tetrahydrate': 1, 'Sodium phosphate': 1, 'Docusate': 1, 'Plantago seed': 5, 'Magnesium citrate': 1, 'Methyl cellulose': 3, 'Sennosides': 1, 'Naldemedine': 1, 'Galactose': 1, 'Infliximab': 2, 'Hydrocortisone': 2, 'Prednisolone': 2, 'Balsalazide': 2, 'Budesonide': 2, 'Olsalazine': 2, 'Difenoxin': 2, 'Golimumab': 2, 'Tofacitinib': 2, 'Tixocortol': 2, 'Kappadione': 2, 'Isopropamide': 1, 'Bismuth Subcitrate': 1, 'Amitriptyline': 2, 'Hyoscyamine': 2, 'Scopolamine': 2, 'Clidinium': 2, 'Dicyclomine': 2, 'Methantheline': 2, 'Alosetron': 2, 'Rifaximin': 2, 'Alverine': 2, 'Trimebutine': 2, 'Pinaverium': 2, 'Eluxadoline': 2, 'Ramosetron': 2, 'Peppermint oil': 2}"
38,126,"{'G35', 'H81', 'E87'}","{'Immune Globulin Human': 2, 'Interferon beta-1a': 2, 'Interferon beta-1b': 2, 'Natalizumab': 2, 'Baclofen': 2, 'Prednisone': 2, 'Mitoxantrone': 2, 'Glatiramer': 2, 'Ibudilast': 2, 'Tolperisone': 2, 'Dalfampridine': 2, 'Fingolimod': 2, 'Teriflunomide': 2, 'Dimethyl fumarate': 2, 'Cannabidiol': 2, 'Peginterferon beta-1a': 2, 'Ocrelizumab': 2, 'Mephenesin': 2, 'Nabiximols': 2, 'Cinnarizine': 1, 'Diphenhydramine': 1, 'Diphenidol': 1, 'Ergocalciferol': 1, 'Calcium Gluceptate': 1, 'Dihydrotachysterol': 1, 'Sodium bicarbonate': 1, 'Tromethamine': 1, 'Ammonium chloride': 2, 'Canagliflozin': 1, 'Potassium Citrate': 1, 'Helium': 1, 'Sodium acetate': 1}"
39,129,"{'J15', 'J20', 'F17'}","{'Telavancin': 1, 'Cefixime': 2, 'Dirithromycin': 2, 'Telithromycin': 2, 'Pivampicillin': 2, 'Etafedrine': 2, 'Ziprasidone': 1, 'Olanzapine': 1, 'Loxapine': 1, 'Prochlorperazine': 1, 'Fluphenazine': 1, 'Perphenazine': 1, 'Quetiapine': 1, 'Aripiprazole': 1, 'Chlorprothixene': 1, 'Molindone': 1, 'Aripiprazole lauroxil': 1}"
40,131,"{'F43', 'F11', 'F13'}","{'Imipramine': 1, 'Sertraline': 1, 'Ziprasidone': 2, 'Olanzapine': 2, 'Loxapine': 2, 'Prochlorperazine': 2, 'Fluphenazine': 2, 'Perphenazine': 2, 'Quetiapine': 2, 'Aripiprazole': 2, 'Chlorprothixene': 2, 'Molindone': 2, 'Aripiprazole lauroxil': 2}"
41,133,"{'G41', 'G40'}","{'Lorazepam': 2, 'Adinazolam': 2, 'Propofol': 2, 'Fosphenytoin': 2, 'Clobazam': 2, 'Carbamazepine': 2, 'Ethosuximide': 2, 'Oxcarbazepine': 2, 'Primidone': 2, 'Phensuximide': 2, 'Progabide': 2, 'Methylphenobarbital': 2, 'Zonisamide': 2, 'Felbamate': 2, 'Gabapentin': 2, 'Vigabatrin': 2, 'Phenacemide': 2, 'Levetiracetam': 2, 'Flunarizine': 2, 'Lacosamide': 2, 'Stiripentol': 2}"
42,136,"{'H36', 'H26'}","{'Ripasudil': 1, 'Vitamin E': 1, 'Bromfenac': 1, 'Acetylcholine': 1, 'Nepafenac': 1, 'Hyaluronic acid': 1, 'D-alpha-Tocopherol acetate': 1}"
43,140,"{'I20', 'I21'}","{'Bivalirudin': 1, 'Abciximab': 1, 'Metoprolol': 4, 'Atenolol': 2, 'Lercanidipine': 2, 'Labetalol': 2, 'Bisoprolol': 2, 'Isosorbide Dinitrate': 2, 'Acetylsalicylic acid': 3, 'Isosorbide Mononitrate': 2, 'Perhexiline': 2, 'Heparin': 1, 'Nadolol': 2, 'Enoxaparin': 1, 'Bevantolol': 2, 'Oxprenolol': 2, 'Amyl Nitrite': 2, 'Celiprolol': 2, 'Pentaerythritol Tetranitrate': 2, 'Prasugrel': 1, 'Dalteparin': 1, 'Nadroparin': 1, 'Trimetazidine': 2, 'Nicorandil': 2, 'Aranidipine': 2, 'Benidipine': 2, 'Alteplase': 2, 'Eplerenone': 2, 'Ridogrel': 2, 'Technetium Tc-99m pyrophosphate': 2}"
44,144,"{'I73', 'I74'}","{'Lercanidipine': 1, 'Enprofylline': 1, 'Ginkgo biloba': 1, 'Sutilain': 1, 'Warfarin': 2}"
45,147,"{'J15', 'J96'}","{'Telavancin': 1, 'Nitric Oxide': 1}"
46,151,"{'K21', 'K25', 'K26', 'K20'}","{'Bismuth Subcitrate': 2, 'Omeprazole': 4, 'Sucralfate': 4, 'Nizatidine': 4, 'Pirenzepine': 4, 'Homatropine Methylbromide': 4, 'Roxatidine acetate': 4, 'Metronidazole': 2, 'Clarithromycin': 2, 'Almasilate': 2, 'Ecabet': 2, 'Alginic acid': 2}"
47,152,"{'K21', 'K25', 'K26'}","{'Bismuth Subcitrate': 2, 'Omeprazole': 4, 'Sucralfate': 4, 'Nizatidine': 4, 'Pirenzepine': 4, 'Homatropine Methylbromide': 4, 'Roxatidine acetate': 4, 'Metronidazole': 2, 'Clarithromycin': 2, 'Almasilate': 2}"
48,157_240,"{'K80', 'K83', 'K81'}","{'Isopropamide': 2, 'Obeticholic acid': 1, 'Technetium Tc-99m disofenin': 3, 'Anethole trithione': 2}"
49,163,"{'M25', 'M87'}","{'Loxoprofen': 1, 'Fluoride ion F-18': 2}"
50,168,"{'N25', 'B99', 'N18', 'N05', 'N03'}","{'Calcitriol': 3, 'Calcidiol': 3, 'Ergocalciferol': 1, 'Cholecalciferol': 3, 'Dihydrotachysterol': 1, 'Diphenidol': 1, 'L-Carnitine': 1, 'Icodextrin': 1, 'Cetuximab': 2, 'Peginterferon alfa-2a': 2, 'Erythropoietin': 2, 'Salmon Calcitonin': 2, 'Pegfilgrastim': 2, 'Peginterferon alfa-2b': 2, 'Asparaginase Escherichia coli': 2, 'Oprelvekin': 2, 'Palifermin': 2, 'Rasburicase': 2, 'Gemtuzumab ozogamicin': 2, 'Infliximab': 2, 'Hyaluronidase': 2, 'Pancrelipase': 2, 'Efalizumab': 2, 'Filgrastim': 2, 'Octreotide': 2, 'Esmolol': 2, 'Ethchlorvynol': 2, 'Hydroxocobalamin': 2, 'Ticlopidine': 2, 'Torasemide': 2, 'Nelfinavir': 2, 'Methyclothiazide': 2, 'Nevirapine': 2, 'Cabergoline': 2, 'Lymecycline': 2, 'Cycloserine': 2, 'Sulfisoxazole': 2, 'Theophylline': 2, 'Travoprost': 2, 'Atomoxetine': 2, 'Tenofovir disoproxil': 2, 'Bexarotene': 2, 'Chlorthalidone': 2, 'Capreomycin': 2, 'Gefitinib': 2, 'Amitriptyline': 2, 'Floxuridine': 2, 'Tolcapone': 2, 'Omeprazole': 2, 'Pyrazinamide': 2, 'Trimethadione': 2, 'Megestrol acetate': 2, 'Buclizine': 2, 'Vinorelbine': 2, 'Anidulafungin': 2, 'Doxylamine': 2, 'Levonorgestrel': 2, 'Palonosetron': 2, 'Griseofulvin': 2, 'Nisoldipine': 2, 'Ampicillin': 2, 'Methylphenidate': 2, 'Methocarbamol': 2, 'Triprolidine': 2, 'Carboprost Tromethamine': 2, 'Lindane': 2, 'Allopurinol': 2, 'Cerivastatin': 2, 'Trimethoprim': 2, 'Dronabinol': 2, 'Nabilone': 2, 'Zidovudine': 2, 'Haloperidol': 2, 'Ritonavir': 2, 'Caspofungin': 2, 'Metolazone': 2, 'Tolnaftate': 2, 'Erlotinib': 2, 'Lamotrigine': 2, 'Methotrexate': 2, 'Cinnarizine': 2, 'Amiloride': 2, 'Labetalol': 2, 'Thiopental': 2, 'Cyclothiazide': 2, 'Ethionamide': 2, 'Paramethadione': 2, 'Demeclocycline': 2, 'Bacitracin': 2, 'Prednisone': 2, 'Pemetrexed': 2, 'Dyclonine': 2, 'Flumethasone': 2, 'Aprepitant': 2, 'Isoflurophate': 2, 'Phentolamine': 2, 'Furosemide': 2, 'Amprenavir': 2, 'Gadobenic acid': 2, 'Tretinoin': 2, 'Hexachlorophene': 2, 'Dolasetron': 2, 'Etoposide': 2, 'Hydroflumethiazide': 2, 'Oxcarbazepine': 2, 'Phenelzine': 2, 'Indapamide': 2, 'Ribavirin': 2, 'Dacarbazine': 2, 'Pseudoephedrine': 2, 'Chlorphenesin': 2, 'Eprosartan': 2, 'Emtricitabine': 2, 'Chlorothiazide': 2, 'Didanosine': 2, 'Ondansetron': 2, 'Bimatoprost': 2, 'Dinoprostone': 2, 'Misoprostol': 2, 'Zalcitabine': 2, 'Hydrocodone': 2, 'Carboplatin': 2, 'Telmisartan': 2, 'Dactinomycin': 2, 'Neomycin': 2, 'Doxorubicin': 2, 'Salbutamol': 2, 'Guanfacine': 2, 'Ethinamate': 2, 'Selegiline': 2, 'Hydroxystilbamidine Isethionate': 2, 'Melphalan': 2, 'Abacavir': 2, 'Novobiocin': 2, 'Melatonin': 2, 'Atazanavir': 2, 'Vigabatrin': 2, 'Streptomycin': 2, 'Hesperetin': 2, 'Rosuvastatin': 2, 'Capecitabine': 2, 'Amiodarone': 2, 'Proguanil': 2, 'Micafungin': 2, 'Procarbazine': 2, 'Cyclizine': 2, 'Ifosfamide': 2, 'Clindamycin': 2, 'Flecainide': 4, 'Captopril': 2, 'Bromocriptine': 2, 'Lomustine': 2, 'Clarithromycin': 2, 'Ketamine': 2, 'Budesonide': 2, 'Bromodiphenhydramine': 2, 'Isocarboxazid': 2, 'Docetaxel': 2, 'Posaconazole': 2, 'Darunavir': 2, 'Panitumumab': 2, 'Mecasermin': 2, 'Nelarabine': 2, 'Abatacept': 2, 'Bismuth Subsalicylate': 2, 'Fosamprenavir': 2, 'Potassium': 2, 'Hexobarbital': 2, 'Penbutolol': 2, 'Iohexol': 2, 'Rasagiline': 2, 'Oxybenzone': 2, 'Antipyrine': 2, 'Phenazopyridine': 2, 'Fencamfamine': 2, 'Flunitrazepam': 2, 'Liotrix': 2, 'Lopinavir': 2, 'Meticillin': 2, 'Phenindamine': 2, 'Acetylcholine': 2, 'Propanoic acid': 2, 'Thiotepa': 2, 'Suramin': 2, 'Tetrabenazine': 2, 'Ixabepilone': 2, 'Defibrotide': 2, 'Tamibarotene': 2, 'Trabectedin': 4, 'Methsuximide': 2, 'Natural alpha interferon': 2, 'Iodine': 2, 'Tetrachlorodecaoxide': 2, 'Mipomersen': 2, 'Ramucirumab': 2, 'Sodium stibogluconate': 2, 'Ustekinumab': 2, 'Thrombomodulin Alfa': 2, 'Inotuzumab ozogamicin': 2, 'Obeticholic acid': 2, 'Olaratumab': 2, 'Lasofoxifene': 2, 'Hyaluronidase (Human Recombinant)': 2, 'Asenapine': 2, 'Droxidopa': 2, 'Temsirolimus': 2, 'Saxagliptin': 2, 'Pertuzumab': 2, 'Oxymetholone': 2, 'Etravirine': 2, 'Pazopanib': 2, 'Safinamide': 2, 'Sipuleucel-T': 2, 'Dexmethylphenidate': 2, 'Potassium Iodide': 2, 'Fosaprepitant': 2, 'Beta carotene': 2, 'Fomivirsen': 2, 'Dalteparin': 2, 'Hexocyclium': 2, 'Nonoxynol-9': 2, 'Raltegravir': 2, 'Unoprostone': 2, 'Diloxanide': 2, 'Azidocillin': 2, 'Chloropyramine': 2, 'Dimetindene': 2, 'Triflusal': 2, 'Hyaluronic acid': 2, 'Ivacaftor': 2, 'Acetylcarnitine': 2, 'Rilpivirine': 2, 'Brentuximab vedotin': 2, 'Eribulin': 2, 'Asparaginase Erwinia chrysanthemi': 2, 'Tofacitinib': 2, 'Regorafenib': 2, 'Afatinib': 2, 'Dolutegravir': 2, 'Riociguat': 2, 'Sofosbuvir': 2, 'Secukinumab': 2, 'Nivolumab': 2, 'Pembrolizumab': 2, 'Netupitant': 2, 'Idelalisib': 2, 'Cannabidiol': 2, 'Cobicistat': 2, 'Olaparib': 2, 'Dinutuximab': 2, 'Benzoyl peroxide': 2, 'Somatostatin': 2, 'Elvitegravir': 2, 'Ancestim': 2, 'Hydroxyethyl Starch': 2, 'Aurothioglucose': 2, 'Oxygen': 2, 'Florbetaben (18F)': 2, 'Florbetapir (18F)': 2, 'Flutemetamol (18F)': 2, 'Carbon dioxide': 2, 'Lorpiprazole': 2, 'Moxisylyte': 2, 'Piracetam': 2, 'Dexibuprofen': 2, 'Zotepine': 2, 'Lacidipine': 2, 'Moxonidine': 2, 'Tegafur': 2, 'Strontium ranelate': 2, 'Ubidecarenone': 2, 'Rolapitant': 2, 'Sacubitril': 2, 'Zinc oxide': 2, 'Benzathine benzylpenicillin': 2, 'Kappadione': 2, 'Tipiracil': 2, 'Pramocaine': 2, 'Estrogens, esterified': 2, 'Sodium acetate': 2, 'Fluoride ion F-18': 2, 'Magnesium acetate tetrahydrate': 2, 'Monopotassium phosphate': 2, 'Xylose': 2, 'Indium In-111 chloride': 2, 'Fludeoxyglucose F-18': 2, 'Talc': 2, 'Sodium glycerophosphate': 2, 'Omega-3-carboxylic acids': 2, 'Dermatophagoides farinae': 2, 'Dermatophagoides pteronyssinus': 2, 'Bovine type I collagen': 2, 'Hepatitis A Vaccine': 2, 'Cetylpyridinium': 2, 'Resorcinol': 2, 'N-acetyltyrosine': 2, 'Cresol': 2, 'Bicisate': 2, 'Ferric sulfate': 2, 'Peppermint oil': 2, 'Methyl cellulose': 2, 'Thonzylamine': 2, 'Hexylresorcinol': 2, 'Levomefolic acid': 2, 'Polysilicone-15': 2, 'Ixekizumab': 2, 'Asunaprevir': 2, 'Domiphen': 2, 'Atezolizumab': 2, 'Levoleucovorin': 2, 'Normethadone': 2, 'Velpatasvir': 2, 'Hepatitis B Vaccine (Recombinant)': 2, 'Temoporfin': 2, 'Delamanid': 2, 'Vinflunine': 2, 'Durvalumab': 2, 'Galactose': 2, 'Icotinib': 2, 'Sarilumab': 2, 'Niraparib': 2, 'Baricitinib': 2, 'Ertugliflozin': 2, 'Guselkumab': 2, 'Angiotensin II': 2, 'Abemaciclib': 2, 'Stem bromelain': 2, 'Cantharidin': 2, 'Rucaparib': 2, 'Nicoboxil': 2, 'Lenograstim': 2, 'Protein S human': 2, 'Coagulation factor VII human': 2, 'Lipegfilgrastim': 2, 'Perboric acid': 2, 'Bufexamac': 2, 'Mifamurtide': 2, 'Bioallethrin': 2, 'Magnesium gluconate': 2, 'Glycyrrhizic acid': 2, 'Calcium levulinate': 2, 'Human cytomegalovirus immune globulin': 2, 'Talimogene laherparepvec': 2, 'Axicabtagene ciloleucel': 2, 'Testosterone undecanoate': 2, 'Medium-chain triglycerides': 2, 'Fish oil': 2, 'Remestemcel-L': 2, 'Besilesomab': 2, 'alpha-Tocopherol succinate': 2, 'alpha-Tocopherol acetate': 2, 'Nabiximols': 2, 'Fosnetupitant': 2, 'Human vaccinia virus immune globulin': 2}"
51,176,"{'I85', 'K74', 'B99'}","{'Vasopressin': 3, 'Tauroursodeoxycholic acid': 1, 'Diphenidol': 1}"
52,184,"{'C92', 'D46'}","{'Pipobroman': 3, 'Amsacrine': 3, 'Lipegfilgrastim': 5, 'Lenalidomide': 2, 'Decitabine': 2}"
53,186,"{'D13', 'D12'}","{'Peginterferon alfa-2a': 1, 'Pancrelipase': 1, 'Cyclosporine': 1, 'Ademetionine': 1, 'L-Cysteine': 1, 'L-Threonine': 1, 'Enflurane': 1, 'Diethylstilbestrol': 1, 'Floxuridine': 1, 'Triamterene': 1, 'Streptozocin': 1, 'Gemcitabine': 1, 'Albendazole': 1, 'Gadoversetamide': 1, 'Fluorouracil': 3, 'Gadoteridol': 1, 'Furosemide': 1, 'Gadobenic acid': 1, 'Irinotecan': 1, 'Clidinium': 1, 'Propantheline': 1, 'Prednisolone': 1, 'Tacrolimus': 2, 'Etacrynic acid': 1, 'Tinidazole': 1, 'Felbamate': 1, 'Orlistat': 1, 'Gemfibrozil': 1, 'Bismuth Subsalicylate': 1, 'Cefazolin': 1, 'Magnesium oxide': 1, 'Antipyrine': 1, 'Attapulgite': 1, 'Kaolin': 1, 'Alverine': 1, 'Terlipressin': 1, 'Cholic Acid': 1, 'Acetylcholine': 1, 'Oteracil': 1, 'Vapreotide': 1, 'Defibrotide': 1, 'Hepatitis B Immune Globulin': 1, 'Obeticholic acid': 1, 'Icatibant': 1, 'Ammonium chloride': 1, 'Mangafodipir': 2, 'Gadoxetic acid': 1, 'Sofosbuvir': 1, 'Ledipasvir': 1, 'Ibrutinib': 1, 'Magnesium hydroxide': 1, 'Colfosceril palmitate': 1, 'Iothalamic acid': 2, 'Sodium Chloride': 1, 'Sodium Citrate': 1, 'Methylene blue': 1, 'Gimeracil': 1, 'Bismuth Subcitrate': 2, 'Kappadione': 1, 'Iopodic acid': 2, 'Indocyanine green acid form': 1, 'Technetium Tc-99m sulfur colloid': 1, 'Urea C-13': 1, 'Simethicone': 1, 'Urea C-14': 1, 'Hepatitis A Vaccine': 1, 'Sulfur hexafluoride': 1, 'Pectin': 1, 'Magnesium Aluminum Silicate': 1, 'Gelatin': 1, 'Asunaprevir': 1, 'Hepatitis B Vaccine (Recombinant)': 1, 'Ertugliflozin': 1, 'Avatrombopag': 1, 'Almasilate': 1, 'Magnesium gluconate': 1, 'Glycyrrhizic acid': 1, 'Human cytomegalovirus immune globulin': 2, 'Remestemcel-L': 1, 'Dimethicone 410': 1, 'Raltitrexed': 1, 'Oxaliplatin': 1, 'Benzocaine': 1}"
54,189,"{'I72', 'M45', 'D35', 'N05', 'K20'}","{'Nimodipine': 1, 'Etanercept': 2, 'Adalimumab': 2, 'Infliximab': 3, 'Indomethacin': 2, 'Celecoxib': 2, 'Sulindac': 2, 'Naproxen': 2, 'Phenylbutazone': 2, 'Prednisolone': 2, 'Acetylsalicylic acid': 2, 'Ketoprofen': 2, 'Ibuprofen': 2, 'Etoricoxib': 2, 'Golimumab': 2, 'Aceclofenac': 2, 'Tofacitinib': 3, 'Alclofenac': 2, 'Acemetacin': 2, 'Calcium glubionate': 1, 'Cetuximab': 1, 'Peginterferon alfa-2a': 1, 'Erythropoietin': 1, 'Salmon Calcitonin': 1, 'Pegfilgrastim': 1, 'Peginterferon alfa-2b': 1, 'Asparaginase Escherichia coli': 1, 'Oprelvekin': 1, 'Palifermin': 1, 'Rasburicase': 1, 'Gemtuzumab ozogamicin': 1, 'Hyaluronidase': 1, 'Pancrelipase': 1, 'Efalizumab': 1, 'Filgrastim': 1, 'Octreotide': 1, 'Esmolol': 1, 'Ethchlorvynol': 1, 'Hydroxocobalamin': 1, 'Ticlopidine': 1, 'Torasemide': 1, 'Nelfinavir': 1, 'Methyclothiazide': 1, 'Nevirapine': 1, 'Cabergoline': 1, 'Lymecycline': 1, 'Cycloserine': 1, 'Sulfisoxazole': 1, 'Theophylline': 1, 'Travoprost': 1, 'Atomoxetine': 1, 'Tenofovir disoproxil': 1, 'Bexarotene': 1, 'Chlorthalidone': 1, 'Capreomycin': 1, 'Gefitinib': 1, 'Amitriptyline': 1, 'Floxuridine': 1, 'Tolcapone': 1, 'Omeprazole': 1, 'Pyrazinamide': 1, 'Trimethadione': 1, 'Megestrol acetate': 1, 'Buclizine': 1, 'Vinorelbine': 1, 'Anidulafungin': 1, 'Doxylamine': 1, 'Levonorgestrel': 1, 'Palonosetron': 1, 'Griseofulvin': 1, 'Nisoldipine': 1, 'Ampicillin': 1, 'Methylphenidate': 1, 'Methocarbamol': 1, 'Triprolidine': 1, 'Carboprost Tromethamine': 1, 'Lindane': 1, 'Allopurinol': 1, 'Cerivastatin': 1, 'Trimethoprim': 1, 'Dronabinol': 1, 'Nabilone': 1, 'Zidovudine': 1, 'Haloperidol': 1, 'Ritonavir': 1, 'Caspofungin': 1, 'Metolazone': 1, 'Tolnaftate': 1, 'Erlotinib': 1, 'Lamotrigine': 1, 'Methotrexate': 1, 'Cinnarizine': 1, 'Amiloride': 1, 'Labetalol': 1, 'Thiopental': 1, 'Cyclothiazide': 1, 'Ethionamide': 1, 'Paramethadione': 1, 'Demeclocycline': 1, 'Bacitracin': 1, 'Prednisone': 1, 'Pemetrexed': 1, 'Dyclonine': 1, 'Flumethasone': 1, 'Aprepitant': 1, 'Isoflurophate': 1, 'Phentolamine': 1, 'Furosemide': 1, 'Amprenavir': 1, 'Gadobenic acid': 1, 'Tretinoin': 1, 'Hexachlorophene': 1, 'Dolasetron': 1, 'Etoposide': 1, 'Hydroflumethiazide': 1, 'Oxcarbazepine': 1, 'Phenelzine': 1, 'Indapamide': 1, 'Ribavirin': 1, 'Dacarbazine': 1, 'Pseudoephedrine': 1, 'Chlorphenesin': 1, 'Eprosartan': 1, 'Emtricitabine': 1, 'Chlorothiazide': 1, 'Didanosine': 1, 'Ondansetron': 1, 'Bimatoprost': 1, 'Dinoprostone': 1, 'Misoprostol': 1, 'Zalcitabine': 1, 'Hydrocodone': 1, 'Carboplatin': 1, 'Telmisartan': 1, 'Dactinomycin': 1, 'Neomycin': 1, 'Doxorubicin': 1, 'Salbutamol': 1, 'Guanfacine': 1, 'Ethinamate': 1, 'Selegiline': 1, 'Hydroxystilbamidine Isethionate': 1, 'Melphalan': 1, 'Abacavir': 1, 'Novobiocin': 1, 'Melatonin': 1, 'Atazanavir': 1, 'Vigabatrin': 1, 'Streptomycin': 1, 'Hesperetin': 1, 'Rosuvastatin': 1, 'Capecitabine': 1, 'Amiodarone': 1, 'Proguanil': 1, 'Micafungin': 1, 'Procarbazine': 1, 'Cyclizine': 1, 'Ifosfamide': 1, 'Clindamycin': 1, 'Flecainide': 2, 'Captopril': 1, 'Bromocriptine': 1, 'Lomustine': 1, 'Clarithromycin': 1, 'Ketamine': 1, 'Budesonide': 1, 'Bromodiphenhydramine': 1, 'Isocarboxazid': 1, 'Docetaxel': 1, 'Posaconazole': 1, 'Darunavir': 1, 'Panitumumab': 1, 'Mecasermin': 1, 'Nelarabine': 1, 'Abatacept': 1, 'Bismuth Subsalicylate': 1, 'Fosamprenavir': 1, 'Potassium': 1, 'Hexobarbital': 1, 'Penbutolol': 1, 'Iohexol': 1, 'Rasagiline': 1, 'Oxybenzone': 1, 'Antipyrine': 1, 'Phenazopyridine': 1, 'Fencamfamine': 1, 'Flunitrazepam': 1, 'Liotrix': 1, 'Lopinavir': 1, 'Meticillin': 1, 'Phenindamine': 1, 'Acetylcholine': 1, 'Propanoic acid': 1, 'Thiotepa': 1, 'Suramin': 1, 'Tetrabenazine': 1, 'Ixabepilone': 1, 'Defibrotide': 1, 'Tamibarotene': 1, 'Trabectedin': 2, 'Methsuximide': 1, 'Natural alpha interferon': 1, 'Iodine': 1, 'Tetrachlorodecaoxide': 1, 'Mipomersen': 1, 'Ramucirumab': 1, 'Sodium stibogluconate': 1, 'Ustekinumab': 1, 'Thrombomodulin Alfa': 1, 'Inotuzumab ozogamicin': 1, 'Obeticholic acid': 1, 'Olaratumab': 1, 'Lasofoxifene': 1, 'Hyaluronidase (Human Recombinant)': 1, 'Asenapine': 1, 'Droxidopa': 1, 'Temsirolimus': 1, 'Saxagliptin': 1, 'Pertuzumab': 1, 'Oxymetholone': 1, 'Etravirine': 1, 'Pazopanib': 1, 'Safinamide': 1, 'Sipuleucel-T': 1, 'Dexmethylphenidate': 1, 'Potassium Iodide': 1, 'Fosaprepitant': 1, 'Beta carotene': 1, 'Fomivirsen': 1, 'Dalteparin': 1, 'Hexocyclium': 1, 'Nonoxynol-9': 1, 'Raltegravir': 1, 'Unoprostone': 1, 'Diloxanide': 1, 'Azidocillin': 1, 'Chloropyramine': 1, 'Dimetindene': 1, 'Triflusal': 1, 'Hyaluronic acid': 1, 'Ivacaftor': 1, 'Acetylcarnitine': 1, 'Rilpivirine': 1, 'Brentuximab vedotin': 1, 'Eribulin': 1, 'Asparaginase Erwinia chrysanthemi': 1, 'Regorafenib': 1, 'Afatinib': 1, 'Dolutegravir': 1, 'Riociguat': 1, 'Sofosbuvir': 1, 'Secukinumab': 1, 'Nivolumab': 1, 'Pembrolizumab': 1, 'Netupitant': 1, 'Idelalisib': 1, 'Cannabidiol': 1, 'Cobicistat': 1, 'Olaparib': 1, 'Dinutuximab': 1, 'Benzoyl peroxide': 1, 'Somatostatin': 1, 'Elvitegravir': 1, 'Ancestim': 1, 'Hydroxyethyl Starch': 1, 'Aurothioglucose': 1, 'Oxygen': 1, 'Florbetaben (18F)': 1, 'Florbetapir (18F)': 1, 'Flutemetamol (18F)': 1, 'Carbon dioxide': 1, 'Lorpiprazole': 1, 'Moxisylyte': 1, 'Piracetam': 1, 'Dexibuprofen': 1, 'Zotepine': 1, 'Lacidipine': 1, 'Moxonidine': 1, 'Tegafur': 1, 'Strontium ranelate': 1, 'Ubidecarenone': 1, 'Rolapitant': 1, 'Sacubitril': 1, 'Zinc oxide': 1, 'Benzathine benzylpenicillin': 1, 'Kappadione': 1, 'Tipiracil': 1, 'Pramocaine': 1, 'Estrogens, esterified': 1, 'Sodium acetate': 1, 'Fluoride ion F-18': 1, 'Magnesium acetate tetrahydrate': 1, 'Monopotassium phosphate': 1, 'Xylose': 1, 'Indium In-111 chloride': 1, 'Fludeoxyglucose F-18': 1, 'Talc': 1, 'Sodium glycerophosphate': 1, 'Omega-3-carboxylic acids': 1, 'Dermatophagoides farinae': 1, 'Dermatophagoides pteronyssinus': 1, 'Bovine type I collagen': 1, 'Hepatitis A Vaccine': 1, 'Cetylpyridinium': 1, 'Resorcinol': 1, 'N-acetyltyrosine': 1, 'Cresol': 1, 'Bicisate': 1, 'Ferric sulfate': 1, 'Peppermint oil': 1, 'Methyl cellulose': 1, 'Thonzylamine': 1, 'Hexylresorcinol': 1, 'Levomefolic acid': 1, 'Polysilicone-15': 1, 'Ixekizumab': 1, 'Asunaprevir': 1, 'Domiphen': 1, 'Atezolizumab': 1, 'Levoleucovorin': 1, 'Normethadone': 1, 'Velpatasvir': 1, 'Hepatitis B Vaccine (Recombinant)': 1, 'Temoporfin': 1, 'Delamanid': 1, 'Vinflunine': 1, 'Durvalumab': 1, 'Galactose': 1, 'Icotinib': 1, 'Sarilumab': 1, 'Niraparib': 1, 'Baricitinib': 1, 'Ertugliflozin': 1, 'Guselkumab': 1, 'Angiotensin II': 1, 'Abemaciclib': 1, 'Stem bromelain': 1, 'Cantharidin': 1, 'Rucaparib': 1, 'Nicoboxil': 1, 'Lenograstim': 1, 'Protein S human': 1, 'Coagulation factor VII human': 1, 'Lipegfilgrastim': 1, 'Perboric acid': 1, 'Bufexamac': 1, 'Mifamurtide': 1, 'Bioallethrin': 1, 'Magnesium gluconate': 1, 'Glycyrrhizic acid': 1, 'Calcium levulinate': 1, 'Human cytomegalovirus immune globulin': 1, 'Talimogene laherparepvec': 1, 'Axicabtagene ciloleucel': 1, 'Testosterone undecanoate': 1, 'Medium-chain triglycerides': 1, 'Fish oil': 1, 'Remestemcel-L': 1, 'Besilesomab': 1, 'alpha-Tocopherol succinate': 1, 'alpha-Tocopherol acetate': 1, 'Nabiximols': 1, 'Fosnetupitant': 1, 'Human vaccinia virus immune globulin': 1, 'Ecabet': 2, 'Alginic acid': 2}"
55,190,"{'L50', 'M54'}","{'Clemastine': 2, 'Cetirizine': 3, 'Triprolidine': 2, 'Cyproheptadine': 2, 'Loratadine': 3, 'Hydroxyzine': 2, 'Carbinoxamine': 2, 'Desloratadine': 3, 'Mequitazine': 2, 'Chlorphenamine': 2, 'Alimemazine': 2, 'Pheniramine': 2, 'Dimetindene': 2, 'Dexchlorpheniramine maleate': 2, 'Bilastine': 2, 'Rupatadine': 2, 'Etoricoxib': 1, 'Methyl salicylate': 1, 'Nicoboxil': 1, 'Acemetacin': 1}"
56,191,"{'I26', 'D68'}","{'Streptokinase': 2, 'Ardeparin': 2, 'Phenindione': 2, 'Warfarin': 2, 'Phenprocoumon': 2, 'Heparin': 2, 'Anisindione': 2, 'Enoxaparin': 2, 'Acenocoumarol': 2, 'Rivaroxaban': 2, 'Danaparoid': 2, 'Dalteparin': 2, 'Tinzaparin': 2, 'Edoxaban': 2, 'Reviparin': 2, 'Parnaparin': 2, 'Certoparin': 2, 'Desmopressin': 1, 'Factor IX Complex (Human)': 1}"
57,195,"{'I72', 'H81'}","{'Nimodipine': 1, 'Cinnarizine': 1, 'Diphenhydramine': 1, 'Diphenidol': 1}"
58,197,"{'E88', 'E61', 'E66', 'L08'}","{'D-glucose': 1, 'Glucose': 1, 'Magnesium sulfate': 1, 'Iron Dextran': 1, 'Ferumoxytol': 1, 'Cupric sulfate': 1, 'Ferric Carboxymaltose': 1, 'Iron saccharate': 1, 'Magnesium acetate tetrahydrate': 1, 'Sodium ferric gluconate complex': 1, 'Ferrous sulfate': 1, 'Magnesium gluconate': 1, 'Ferric pyrophosphate citrate': 1, 'Amphetamine': 2, 'Phentermine': 2, 'Topiramate': 2, 'Phenylpropanolamine': 2, 'Fenfluramine': 2, 'Mazindol': 2, 'Phenmetrazine': 2, 'Benzphetamine': 2, 'Diethylpropion': 2, 'Orlistat': 2, 'Sibutramine': 2, 'Dexfenfluramine': 2, 'Fenproporex': 2, 'Methamphetamine': 2, 'Phendimetrazine': 2, 'Pantothenic acid': 2, 'Lorcaserin': 2, 'Omega-3-carboxylic acids': 2, 'Pipradrol': 2, 'Ertugliflozin': 2, 'Semaglutide': 2, 'Nitrofural': 1, 'Sulfapyridine': 1}"
59,198,"{'G25', 'G47', 'E66'}","{'Ioflupane I-123': 1, 'Piracetam': 1, 'Amitriptyline': 2, 'Melatonin': 2, 'Aceprometazine': 2, 'Pimavanserin': 2, 'Armodafinil': 2, 'Amphetamine': 2, 'Phentermine': 2, 'Topiramate': 2, 'Phenylpropanolamine': 2, 'Fenfluramine': 2, 'Mazindol': 2, 'Phenmetrazine': 2, 'Benzphetamine': 2, 'Diethylpropion': 2, 'Orlistat': 2, 'Sibutramine': 2, 'Dexfenfluramine': 2, 'Fenproporex': 2, 'Methamphetamine': 2, 'Phendimetrazine': 2, 'Pantothenic acid': 2, 'Lorcaserin': 2, 'Omega-3-carboxylic acids': 2, 'Pipradrol': 2, 'Ertugliflozin': 2, 'Semaglutide': 2}"
60,200,"{'K02', 'F03', 'E53', 'F10', 'F63'}","{'Chlorhexidine': 2, 'Calcium glycerophosphate': 2, 'Silver': 2, 'Phosphatidyl serine': 1, 'Citalopram': 1, 'Fluoxetine': 1, 'Haloperidol': 1, 'Galantamine': 1, 'Nicergoline': 1, 'Paroxetine': 1, 'Donepezil': 1, 'Rivastigmine': 1, 'Memantine': 1, 'Escitalopram': 1, 'Ginkgo biloba': 1, 'Acetylcarnitine': 1, 'Oxymetholone': 1, 'Ziprasidone': 1, 'Olanzapine': 1, 'Loxapine': 1, 'Prochlorperazine': 1, 'Fluphenazine': 1, 'Perphenazine': 1, 'Quetiapine': 1, 'Aripiprazole': 1, 'Chlorprothixene': 1, 'Molindone': 1, 'Aripiprazole lauroxil': 1, 'Clomipramine': 1}"
61,203,"{'F32', 'B37', 'F51', 'K02'}","{'Imipramine': 2, 'Tranylcypromine': 2, 'Agomelatine': 2, 'Terconazole': 2, 'Clotrimazole': 2, 'Anidulafungin': 2, 'Caspofungin': 2, 'Voriconazole': 2, 'Butoconazole': 2, 'Tioconazole': 2, 'Ketoconazole': 2, 'Miconazole': 2, 'Econazole': 2, 'Micafungin': 2, 'Posaconazole': 2, 'Dequalinium': 2, 'Amitriptyline': 1, 'Melatonin': 1, 'Aceprometazine': 1, 'Pimavanserin': 1, 'Armodafinil': 1, 'Chlorhexidine': 2, 'Calcium glycerophosphate': 2, 'Silver': 2}"
62,205,"{'L71', 'J42', 'F17', 'L08'}","{'Brimonidine': 2, 'Loteprednol': 2, 'Metronidazole': 2, 'Benzoyl peroxide': 2, 'Moxifloxacin': 1, 'Theophylline': 1, 'Ipratropium': 1, 'Clomocycline': 1, 'Dyphylline': 1, 'Sulfametopyrazine': 1, 'Cefixime': 1, 'Orciprenaline': 1, 'Methacycline': 1, 'Dirithromycin': 1, 'Lomefloxacin': 1, 'Salbutamol': 1, 'Isoprenaline': 1, 'Cefditoren': 1, 'Sparfloxacin': 1, 'Clarithromycin': 1, 'Aminophylline': 1, 'Arformoterol': 1, 'Ceftibuten': 1, 'Pivampicillin': 1, 'Roflumilast': 1, 'Indacaterol': 1, 'Aclidinium': 1, 'Fluticasone furoate': 1, 'Olodaterol': 1, 'Vilanterol': 1, 'Etafedrine': 1, 'Terpin hydrate': 1, 'Ziprasidone': 1, 'Olanzapine': 1, 'Loxapine': 1, 'Prochlorperazine': 1, 'Fluphenazine': 1, 'Perphenazine': 1, 'Quetiapine': 1, 'Aripiprazole': 1, 'Chlorprothixene': 1, 'Molindone': 1, 'Aripiprazole lauroxil': 1, 'Nitrofural': 1, 'Sulfapyridine': 1}"
63,209,"{'I64', 'I63'}","{'Ramipril': 1, 'Ticlopidine': 1, 'Clopidogrel': 1, 'Phenprocoumon': 1, 'Atorvastatin': 1, 'Prasugrel': 1, 'Rivaroxaban': 1, 'Apixaban': 1, 'Dabigatran etexilate': 3, 'Gadobutrol': 1, 'Triflusal': 1, 'Ticagrelor': 1, 'Edoxaban': 1, 'Technetium Tc-99m exametazime': 1, 'Bicisate': 1, 'Edaravone': 1, 'Moxisylyte': 2}"
64,212,"{'J43', 'J42', 'F17', 'J01'}","{'Alpha-1-proteinase inhibitor': 2, 'Theophylline': 3, 'Ipratropium': 3, 'Dyphylline': 3, 'Orciprenaline': 3, 'Terbutaline': 2, 'Aminophylline': 3, 'Arformoterol': 3, 'Oxtriphylline': 2, 'Bambuterol': 2, 'Indacaterol': 3, 'Aclidinium': 3, 'Fluticasone furoate': 3, 'Olodaterol': 3, 'Vilanterol': 3, 'Moxifloxacin': 1, 'Clomocycline': 1, 'Sulfametopyrazine': 1, 'Cefixime': 1, 'Methacycline': 1, 'Dirithromycin': 1, 'Lomefloxacin': 1, 'Salbutamol': 1, 'Isoprenaline': 1, 'Cefditoren': 1, 'Sparfloxacin': 1, 'Clarithromycin': 2, 'Ceftibuten': 1, 'Pivampicillin': 1, 'Roflumilast': 1, 'Etafedrine': 1, 'Terpin hydrate': 1, 'Ziprasidone': 1, 'Olanzapine': 1, 'Loxapine': 1, 'Prochlorperazine': 1, 'Fluphenazine': 1, 'Perphenazine': 1, 'Quetiapine': 1, 'Aripiprazole': 1, 'Chlorprothixene': 1, 'Molindone': 1, 'Aripiprazole lauroxil': 1, 'Ciprofloxacin': 2, 'Telithromycin': 2}"
65,215,"{'H40', 'H26'}","{'Travoprost': 2, 'Mitomycin': 2, 'Timolol': 2, 'Carbachol': 2, 'Dipivefrin': 2, 'Brimonidine': 2, 'Carteolol': 2, 'Clonidine': 2, 'Latanoprost': 2, 'Isoflurophate': 2, 'Methazolamide': 2, 'Acetazolamide': 2, 'Dorzolamide': 2, 'Bimatoprost': 2, 'Demecarium': 2, 'Apraclonidine': 2, 'Physostigmine': 2, 'Echothiophate': 2, 'Diclofenamide': 2, 'Brinzolamide': 2, 'Levobunolol': 2, 'Metipranolol': 2, 'Ginkgo biloba': 2, 'Unoprostone': 2, 'Bupranolol': 2, 'Hyaluronic acid': 3, 'Tafluprost': 2, 'Moxisylyte': 2, 'Levobetaxolol': 2, 'Latanoprostene Bunod': 2, 'Ripasudil': 2, 'Netarsudil': 2, 'Vitamin E': 1, 'Bromfenac': 1, 'Acetylcholine': 1, 'Nepafenac': 1, 'D-alpha-Tocopherol acetate': 1}"
66,217,"{'I20', 'I21'}","{'Bivalirudin': 1, 'Abciximab': 1, 'Metoprolol': 4, 'Atenolol': 2, 'Lercanidipine': 2, 'Labetalol': 2, 'Bisoprolol': 2, 'Isosorbide Dinitrate': 2, 'Acetylsalicylic acid': 3, 'Isosorbide Mononitrate': 2, 'Perhexiline': 2, 'Heparin': 1, 'Nadolol': 2, 'Enoxaparin': 1, 'Bevantolol': 2, 'Oxprenolol': 2, 'Amyl Nitrite': 2, 'Celiprolol': 2, 'Pentaerythritol Tetranitrate': 2, 'Prasugrel': 1, 'Dalteparin': 1, 'Nadroparin': 1, 'Trimetazidine': 2, 'Nicorandil': 2, 'Aranidipine': 2, 'Benidipine': 2, 'Alteplase': 2, 'Eplerenone': 2, 'Ridogrel': 2, 'Technetium Tc-99m pyrophosphate': 2}"
67,218,"{'E26', 'N25', 'N05', 'L23'}","{'Triamterene': 3, 'Calcitriol': 1, 'Calcidiol': 1, 'Ergocalciferol': 1, 'Cholecalciferol': 1, 'Dihydrotachysterol': 1, 'Cetuximab': 1, 'Peginterferon alfa-2a': 1, 'Erythropoietin': 1, 'Salmon Calcitonin': 1, 'Pegfilgrastim': 1, 'Peginterferon alfa-2b': 1, 'Asparaginase Escherichia coli': 1, 'Oprelvekin': 1, 'Palifermin': 1, 'Rasburicase': 1, 'Gemtuzumab ozogamicin': 1, 'Infliximab': 1, 'Hyaluronidase': 1, 'Pancrelipase': 1, 'Efalizumab': 1, 'Filgrastim': 1, 'Octreotide': 1, 'Esmolol': 1, 'Ethchlorvynol': 1, 'Hydroxocobalamin': 1, 'Ticlopidine': 1, 'Torasemide': 1, 'Nelfinavir': 1, 'Methyclothiazide': 1, 'Nevirapine': 1, 'Cabergoline': 1, 'Lymecycline': 1, 'Cycloserine': 1, 'Sulfisoxazole': 1, 'Theophylline': 1, 'Travoprost': 1, 'Atomoxetine': 1, 'Tenofovir disoproxil': 1, 'Bexarotene': 1, 'Chlorthalidone': 1, 'Capreomycin': 1, 'Gefitinib': 1, 'Amitriptyline': 1, 'Floxuridine': 1, 'Tolcapone': 1, 'Omeprazole': 1, 'Pyrazinamide': 1, 'Trimethadione': 1, 'Megestrol acetate': 1, 'Buclizine': 1, 'Vinorelbine': 1, 'Anidulafungin': 1, 'Doxylamine': 1, 'Levonorgestrel': 1, 'Palonosetron': 1, 'Griseofulvin': 1, 'Nisoldipine': 1, 'Ampicillin': 1, 'Methylphenidate': 1, 'Methocarbamol': 1, 'Triprolidine': 1, 'Carboprost Tromethamine': 1, 'Lindane': 1, 'Allopurinol': 1, 'Cerivastatin': 1, 'Trimethoprim': 1, 'Dronabinol': 1, 'Nabilone': 1, 'Zidovudine': 1, 'Haloperidol': 1, 'Ritonavir': 1, 'Caspofungin': 1, 'Metolazone': 1, 'Tolnaftate': 1, 'Erlotinib': 1, 'Lamotrigine': 1, 'Methotrexate': 1, 'Cinnarizine': 1, 'Amiloride': 1, 'Labetalol': 1, 'Thiopental': 1, 'Cyclothiazide': 1, 'Ethionamide': 1, 'Paramethadione': 1, 'Demeclocycline': 1, 'Bacitracin': 1, 'Prednisone': 1, 'Pemetrexed': 1, 'Dyclonine': 1, 'Flumethasone': 1, 'Aprepitant': 1, 'Isoflurophate': 1, 'Phentolamine': 1, 'Furosemide': 1, 'Amprenavir': 1, 'Gadobenic acid': 1, 'Tretinoin': 1, 'Hexachlorophene': 1, 'Dolasetron': 1, 'Etoposide': 1, 'Hydroflumethiazide': 1, 'Oxcarbazepine': 1, 'Phenelzine': 1, 'Indapamide': 1, 'Ribavirin': 1, 'Dacarbazine': 1, 'Pseudoephedrine': 1, 'Chlorphenesin': 1, 'Eprosartan': 1, 'Emtricitabine': 1, 'Chlorothiazide': 1, 'Didanosine': 1, 'Ondansetron': 1, 'Bimatoprost': 1, 'Dinoprostone': 1, 'Misoprostol': 1, 'Zalcitabine': 1, 'Hydrocodone': 1, 'Carboplatin': 1, 'Telmisartan': 1, 'Dactinomycin': 1, 'Neomycin': 1, 'Doxorubicin': 1, 'Salbutamol': 1, 'Guanfacine': 1, 'Ethinamate': 1, 'Selegiline': 1, 'Hydroxystilbamidine Isethionate': 1, 'Melphalan': 1, 'Abacavir': 1, 'Novobiocin': 1, 'Melatonin': 1, 'Atazanavir': 1, 'Vigabatrin': 1, 'Streptomycin': 1, 'Hesperetin': 1, 'Rosuvastatin': 1, 'Capecitabine': 1, 'Amiodarone': 1, 'Proguanil': 1, 'Micafungin': 1, 'Procarbazine': 1, 'Cyclizine': 1, 'Ifosfamide': 1, 'Clindamycin': 1, 'Flecainide': 2, 'Captopril': 1, 'Bromocriptine': 1, 'Lomustine': 1, 'Clarithromycin': 1, 'Ketamine': 1, 'Budesonide': 1, 'Bromodiphenhydramine': 1, 'Isocarboxazid': 1, 'Docetaxel': 1, 'Posaconazole': 1, 'Darunavir': 1, 'Panitumumab': 1, 'Mecasermin': 1, 'Nelarabine': 1, 'Abatacept': 1, 'Bismuth Subsalicylate': 1, 'Fosamprenavir': 1, 'Potassium': 1, 'Hexobarbital': 1, 'Penbutolol': 1, 'Iohexol': 1, 'Rasagiline': 1, 'Oxybenzone': 1, 'Antipyrine': 1, 'Phenazopyridine': 1, 'Fencamfamine': 1, 'Flunitrazepam': 1, 'Liotrix': 1, 'Lopinavir': 1, 'Meticillin': 1, 'Phenindamine': 1, 'Acetylcholine': 1, 'Propanoic acid': 1, 'Thiotepa': 1, 'Suramin': 1, 'Tetrabenazine': 1, 'Ixabepilone': 1, 'Defibrotide': 1, 'Tamibarotene': 1, 'Trabectedin': 2, 'Methsuximide': 1, 'Natural alpha interferon': 1, 'Iodine': 1, 'Tetrachlorodecaoxide': 1, 'Mipomersen': 1, 'Ramucirumab': 1, 'Sodium stibogluconate': 1, 'Ustekinumab': 1, 'Thrombomodulin Alfa': 1, 'Inotuzumab ozogamicin': 1, 'Obeticholic acid': 1, 'Olaratumab': 1, 'Lasofoxifene': 1, 'Hyaluronidase (Human Recombinant)': 1, 'Asenapine': 1, 'Droxidopa': 1, 'Temsirolimus': 1, 'Saxagliptin': 1, 'Pertuzumab': 1, 'Oxymetholone': 1, 'Etravirine': 1, 'Pazopanib': 1, 'Safinamide': 1, 'Sipuleucel-T': 1, 'Dexmethylphenidate': 1, 'Potassium Iodide': 1, 'Fosaprepitant': 1, 'Beta carotene': 1, 'Fomivirsen': 1, 'Dalteparin': 1, 'Hexocyclium': 1, 'Nonoxynol-9': 1, 'Raltegravir': 1, 'Unoprostone': 1, 'Diloxanide': 1, 'Azidocillin': 1, 'Chloropyramine': 1, 'Dimetindene': 1, 'Triflusal': 1, 'Hyaluronic acid': 1, 'Ivacaftor': 1, 'Acetylcarnitine': 1, 'Rilpivirine': 1, 'Brentuximab vedotin': 1, 'Eribulin': 1, 'Asparaginase Erwinia chrysanthemi': 1, 'Tofacitinib': 1, 'Regorafenib': 1, 'Afatinib': 1, 'Dolutegravir': 1, 'Riociguat': 1, 'Sofosbuvir': 1, 'Secukinumab': 1, 'Nivolumab': 1, 'Pembrolizumab': 1, 'Netupitant': 1, 'Idelalisib': 1, 'Cannabidiol': 1, 'Cobicistat': 1, 'Olaparib': 1, 'Dinutuximab': 1, 'Benzoyl peroxide': 1, 'Somatostatin': 1, 'Elvitegravir': 1, 'Ancestim': 1, 'Hydroxyethyl Starch': 1, 'Aurothioglucose': 1, 'Oxygen': 1, 'Florbetaben (18F)': 1, 'Florbetapir (18F)': 1, 'Flutemetamol (18F)': 1, 'Carbon dioxide': 1, 'Lorpiprazole': 1, 'Moxisylyte': 1, 'Piracetam': 1, 'Dexibuprofen': 1, 'Zotepine': 1, 'Lacidipine': 1, 'Moxonidine': 1, 'Tegafur': 1, 'Strontium ranelate': 1, 'Ubidecarenone': 1, 'Rolapitant': 1, 'Sacubitril': 1, 'Zinc oxide': 1, 'Benzathine benzylpenicillin': 1, 'Kappadione': 1, 'Tipiracil': 1, 'Pramocaine': 1, 'Estrogens, esterified': 1, 'Sodium acetate': 1, 'Fluoride ion F-18': 1, 'Magnesium acetate tetrahydrate': 1, 'Monopotassium phosphate': 1, 'Xylose': 1, 'Indium In-111 chloride': 1, 'Fludeoxyglucose F-18': 1, 'Talc': 1, 'Sodium glycerophosphate': 1, 'Omega-3-carboxylic acids': 1, 'Dermatophagoides farinae': 1, 'Dermatophagoides pteronyssinus': 1, 'Bovine type I collagen': 1, 'Hepatitis A Vaccine': 1, 'Cetylpyridinium': 1, 'Resorcinol': 1, 'N-acetyltyrosine': 1, 'Cresol': 1, 'Bicisate': 1, 'Ferric sulfate': 1, 'Peppermint oil': 1, 'Methyl cellulose': 1, 'Thonzylamine': 1, 'Hexylresorcinol': 1, 'Levomefolic acid': 1, 'Polysilicone-15': 1, 'Ixekizumab': 1, 'Asunaprevir': 1, 'Domiphen': 1, 'Atezolizumab': 1, 'Levoleucovorin': 1, 'Normethadone': 1, 'Velpatasvir': 1, 'Hepatitis B Vaccine (Recombinant)': 1, 'Temoporfin': 1, 'Delamanid': 1, 'Vinflunine': 1, 'Durvalumab': 1, 'Galactose': 1, 'Icotinib': 1, 'Sarilumab': 1, 'Niraparib': 1, 'Baricitinib': 1, 'Ertugliflozin': 1, 'Guselkumab': 1, 'Angiotensin II': 1, 'Abemaciclib': 1, 'Stem bromelain': 1, 'Cantharidin': 1, 'Rucaparib': 1, 'Nicoboxil': 1, 'Lenograstim': 1, 'Protein S human': 1, 'Coagulation factor VII human': 1, 'Lipegfilgrastim': 1, 'Perboric acid': 1, 'Bufexamac': 1, 'Mifamurtide': 1, 'Bioallethrin': 1, 'Magnesium gluconate': 1, 'Glycyrrhizic acid': 1, 'Calcium levulinate': 1, 'Human cytomegalovirus immune globulin': 1, 'Talimogene laherparepvec': 1, 'Axicabtagene ciloleucel': 1, 'Testosterone undecanoate': 1, 'Medium-chain triglycerides': 1, 'Fish oil': 1, 'Remestemcel-L': 1, 'Besilesomab': 1, 'alpha-Tocopherol succinate': 1, 'alpha-Tocopherol acetate': 1, 'Nabiximols': 1, 'Fosnetupitant': 1, 'Human vaccinia virus immune globulin': 1, 'Bentoquatam': 2}"
68,221,"{'I50', 'I42'}","{'Valsartan': 3, 'Ramipril': 3, 'Remikiren': 2, 'Torasemide': 3, 'Methyclothiazide': 3, 'Milrinone': 3, 'Metoprolol': 2, 'Nitroprusside': 3, 'Triamterene': 3, 'Digoxin': 2, 'Bendroflumethiazide': 2, 'Prazosin': 3, 'Fosinopril': 3, 'Acetyldigitoxin': 3, 'Trandolapril': 3, 'Enalapril': 3, 'Amiloride': 3, 'Cyclothiazide': 3, 'Bisoprolol': 2, 'Losartan': 3, 'Phentolamine': 1, 'Furosemide': 3, 'Eplerenone': 3, 'Lisinopril': 3, 'Hydroflumethiazide': 3, 'Perindopril': 3, 'Candesartan cilexetil': 3, 'Indapamide': 3, 'Acetazolamide': 3, 'Eprosartan': 3, 'Chlorothiazide': 3, 'Quinapril': 3, 'Bumetanide': 3, 'Etacrynic acid': 3, 'Levosimendan': 2, 'Telmisartan': 3, 'Trichlormethiazide': 2, 'Irbesartan': 3, 'Deslanoside': 2, 'Ouabain': 2, 'Carvedilol': 2, 'Captopril': 3, 'Hydralazine': 3, 'Cilazapril': 2, 'Tasosartan': 2, 'Digitoxin': 2, 'Amrinone': 3, 'Enoximone': 3, 'Nesiritide': 3, 'Vandetanib': 2, 'Pixantrone': 3, 'Tolvaptan': 3, 'Sitaxentan': 3, 'Dalteparin': 2, 'Ivabradine': 2, 'Ubidecarenone': 3, 'Fimasartan': 2, 'Molsidomine': 2, 'Sacubitril': 2, 'Iobenguane sulfate I-123': 2, 'Dexrazoxane': 2, 'Phenindione': 2, 'Warfarin': 2}"
69,228,"{'J82', 'J40', 'H10', 'J47', 'J44'}","{'Diethylcarbamazine': 1, 'Moxifloxacin': 3, 'Isoetarine': 1, 'Theophylline': 1, 'Ipratropium': 2, 'Trimethoprim': 1, 'Clomocycline': 1, 'Demeclocycline': 1, 'Dyphylline': 1, 'Sulfametopyrazine': 1, 'Cefixime': 1, 'Orciprenaline': 1, 'Pseudoephedrine': 1, 'Terbutaline': 1, 'Methacycline': 1, 'Dirithromycin': 1, 'Telithromycin': 1, 'Lomefloxacin': 1, 'Salbutamol': 1, 'Sulfamethoxazole': 1, 'Gatifloxacin': 1, 'Isoprenaline': 1, 'Cefditoren': 1, 'Cefuroxime': 1, 'Sparfloxacin': 1, 'Clarithromycin': 1, 'Aminophylline': 1, 'Arformoterol': 2, 'Oxtriphylline': 1, 'Bambuterol': 1, 'Ceftibuten': 1, 'Sulfamerazine': 1, 'Sulfamethazine': 1, 'Pivampicillin': 1, 'Roflumilast': 1, 'Indacaterol': 2, 'Aclidinium': 2, 'Fluticasone furoate': 1, 'Olodaterol': 2, 'Vilanterol': 1, 'Pentoxyverine': 1, 'Etafedrine': 1, 'Terpin hydrate': 4, 'Idoxuridine': 2, 'Medrysone': 2, 'Sulfisoxazole': 2, 'Triprolidine': 2, 'Trifluridine': 2, 'Cyproheptadine': 2, 'Chloramphenicol': 2, 'Sulfacetamide': 2, 'Prednisone': 2, 'Astemizole': 2, 'Carbinoxamine': 2, 'Epinastine': 2, 'Olopatadine': 2, 'Natamycin': 2, 'Hydroxypropyl cellulose': 2, 'Loteprednol': 2, 'Pemirolast': 2, 'Ketotifen': 2, 'Azelastine': 2, 'Cromoglicic acid': 2, 'Emedastine': 2, 'Levocabastine': 2, 'Levofloxacin': 2, 'Bepotastine': 2, 'Alcaftadine': 2, 'Besifloxacin': 2, 'Lodoxamide': 2, 'Antazoline': 2, 'Chloropyramine': 2, 'Spaglumic Acid': 2, 'Dexchlorpheniramine maleate': 2, 'Dermatophagoides farinae': 2, 'Dermatophagoides pteronyssinus': 2, 'Rose bengal': 2, 'Lifitegrast': 2, 'Acetyl sulfisoxazole': 2, 'Carbocisteine': 2, 'Doxapram': 1, 'Salmeterol': 1, 'Glycopyrronium': 1, 'Procaterol': 1, 'Tiotropium': 1, 'Almitrine': 1, 'Umeclidinium': 1, 'Doxofylline': 1, 'Levosalbutamol': 1}"
70,232,"{'K21', 'K25', 'K26', 'K20'}","{'Bismuth Subcitrate': 2, 'Omeprazole': 4, 'Sucralfate': 4, 'Nizatidine': 4, 'Pirenzepine': 4, 'Homatropine Methylbromide': 4, 'Roxatidine acetate': 4, 'Metronidazole': 2, 'Clarithromycin': 2, 'Almasilate': 2, 'Ecabet': 2, 'Alginic acid': 2}"
71,233,"{'K25', 'K26'}","{'Omeprazole': 4, 'Sucralfate': 4, 'Nizatidine': 4, 'Pirenzepine': 4, 'Homatropine Methylbromide': 4, 'Roxatidine acetate': 4, 'Metronidazole': 2, 'Clarithromycin': 2, 'Almasilate': 2}"
72,238,"{'F05', 'K25', 'K26'}","{'Thiamine': 1, 'Haloperidol': 1, 'Ergoloid mesylate': 1, 'Omeprazole': 4, 'Sucralfate': 4, 'Nizatidine': 4, 'Pirenzepine': 4, 'Homatropine Methylbromide': 4, 'Roxatidine acetate': 4, 'Metronidazole': 2, 'Clarithromycin': 2, 'Almasilate': 2}"
73,243,"{'L30', 'B35'}","{'Dapsone': 1, 'Pimecrolimus': 1, 'Bentoquatam': 1, 'Prednisone': 1, 'Flumethasone': 1, 'Tacrolimus': 1, 'Sulfapyridine': 1, 'Selenium Sulfide': 1, 'Doxepin': 1, 'Sulfoxone': 1, 'Chloroxine': 1, 'Crisaborole': 1, 'Pyrithione': 1, 'Tranilast': 1, 'Zinc oxide': 1, 'Sulfur': 1, 'Tannic acid': 1, 'Resorcinol': 1, 'Lanolin': 1, 'Peppermint oil': 1, 'Clobetasone': 1, 'Aloe Polysaccharide': 1, 'Griseofulvin': 3, 'Naftifine': 3, 'Terbinafine': 2, 'Butenafine': 3, 'Miconazole': 3, 'Econazole': 3, 'Sertaconazole': 1, 'Bifonazole': 1, 'Sulconazole': 3, 'Luliconazole': 1}"
74,244,"{'F05', 'L71'}","{'Thiamine': 1, 'Haloperidol': 1, 'Ergoloid mesylate': 1, 'Brimonidine': 2, 'Loteprednol': 2, 'Metronidazole': 2, 'Benzoyl peroxide': 2}"
75,257,"{'A69', 'H81', 'N03'}","{'Lyme disease vaccine (recombinant OspA)': 1, 'Lymecycline': 2, 'Demeclocycline': 2, 'Tetracycline': 1, 'Clarithromycin': 2, 'Cinnarizine': 2, 'Diphenhydramine': 1, 'Diphenidol': 1, 'Cetuximab': 1, 'Peginterferon alfa-2a': 1, 'Erythropoietin': 1, 'Salmon Calcitonin': 1, 'Pegfilgrastim': 1, 'Peginterferon alfa-2b': 1, 'Asparaginase Escherichia coli': 1, 'Oprelvekin': 1, 'Palifermin': 1, 'Rasburicase': 1, 'Gemtuzumab ozogamicin': 1, 'Infliximab': 1, 'Hyaluronidase': 1, 'Pancrelipase': 1, 'Efalizumab': 1, 'Filgrastim': 1, 'Octreotide': 1, 'Esmolol': 1, 'Ethchlorvynol': 1, 'Hydroxocobalamin': 1, 'Ticlopidine': 1, 'Torasemide': 1, 'Nelfinavir': 1, 'Methyclothiazide': 1, 'Nevirapine': 1, 'Cabergoline': 1, 'Cycloserine': 1, 'Sulfisoxazole': 1, 'Theophylline': 1, 'Travoprost': 1, 'Atomoxetine': 1, 'Tenofovir disoproxil': 1, 'Bexarotene': 1, 'Chlorthalidone': 1, 'Capreomycin': 1, 'Gefitinib': 1, 'Amitriptyline': 1, 'Floxuridine': 1, 'Tolcapone': 1, 'Omeprazole': 1, 'Pyrazinamide': 1, 'Trimethadione': 1, 'Megestrol acetate': 1, 'Buclizine': 1, 'Vinorelbine': 1, 'Anidulafungin': 1, 'Doxylamine': 1, 'Levonorgestrel': 1, 'Palonosetron': 1, 'Griseofulvin': 1, 'Nisoldipine': 1, 'Ampicillin': 1, 'Methylphenidate': 1, 'Methocarbamol': 1, 'Triprolidine': 1, 'Carboprost Tromethamine': 1, 'Lindane': 1, 'Allopurinol': 1, 'Cerivastatin': 1, 'Trimethoprim': 1, 'Dronabinol': 1, 'Nabilone': 1, 'Zidovudine': 1, 'Haloperidol': 1, 'Ritonavir': 1, 'Caspofungin': 1, 'Metolazone': 1, 'Tolnaftate': 1, 'Erlotinib': 1, 'Lamotrigine': 1, 'Methotrexate': 1, 'Amiloride': 1, 'Labetalol': 1, 'Thiopental': 1, 'Cyclothiazide': 1, 'Ethionamide': 1, 'Paramethadione': 1, 'Bacitracin': 1, 'Prednisone': 1, 'Pemetrexed': 1, 'Dyclonine': 1, 'Flumethasone': 1, 'Aprepitant': 1, 'Isoflurophate': 1, 'Phentolamine': 1, 'Furosemide': 1, 'Amprenavir': 1, 'Gadobenic acid': 1, 'Tretinoin': 1, 'Hexachlorophene': 1, 'Dolasetron': 1, 'Etoposide': 1, 'Hydroflumethiazide': 1, 'Oxcarbazepine': 1, 'Phenelzine': 1, 'Indapamide': 1, 'Ribavirin': 1, 'Dacarbazine': 1, 'Pseudoephedrine': 1, 'Chlorphenesin': 1, 'Eprosartan': 1, 'Emtricitabine': 1, 'Chlorothiazide': 1, 'Didanosine': 1, 'Ondansetron': 1, 'Bimatoprost': 1, 'Dinoprostone': 1, 'Misoprostol': 1, 'Zalcitabine': 1, 'Hydrocodone': 1, 'Carboplatin': 1, 'Telmisartan': 1, 'Dactinomycin': 1, 'Neomycin': 1, 'Doxorubicin': 1, 'Salbutamol': 1, 'Guanfacine': 1, 'Ethinamate': 1, 'Selegiline': 1, 'Hydroxystilbamidine Isethionate': 1, 'Melphalan': 1, 'Abacavir': 1, 'Novobiocin': 1, 'Melatonin': 1, 'Atazanavir': 1, 'Vigabatrin': 1, 'Streptomycin': 1, 'Hesperetin': 1, 'Rosuvastatin': 1, 'Capecitabine': 1, 'Amiodarone': 1, 'Proguanil': 1, 'Micafungin': 1, 'Procarbazine': 1, 'Cyclizine': 1, 'Ifosfamide': 1, 'Clindamycin': 1, 'Flecainide': 2, 'Captopril': 1, 'Bromocriptine': 1, 'Lomustine': 1, 'Ketamine': 1, 'Budesonide': 1, 'Bromodiphenhydramine': 1, 'Isocarboxazid': 1, 'Docetaxel': 1, 'Posaconazole': 1, 'Darunavir': 1, 'Panitumumab': 1, 'Mecasermin': 1, 'Nelarabine': 1, 'Abatacept': 1, 'Bismuth Subsalicylate': 1, 'Fosamprenavir': 1, 'Potassium': 1, 'Hexobarbital': 1, 'Penbutolol': 1, 'Iohexol': 1, 'Rasagiline': 1, 'Oxybenzone': 1, 'Antipyrine': 1, 'Phenazopyridine': 1, 'Fencamfamine': 1, 'Flunitrazepam': 1, 'Liotrix': 1, 'Lopinavir': 1, 'Meticillin': 1, 'Phenindamine': 1, 'Acetylcholine': 1, 'Propanoic acid': 1, 'Thiotepa': 1, 'Suramin': 1, 'Tetrabenazine': 1, 'Ixabepilone': 1, 'Defibrotide': 1, 'Tamibarotene': 1, 'Trabectedin': 2, 'Methsuximide': 1, 'Natural alpha interferon': 1, 'Iodine': 1, 'Tetrachlorodecaoxide': 1, 'Mipomersen': 1, 'Ramucirumab': 1, 'Sodium stibogluconate': 1, 'Ustekinumab': 1, 'Thrombomodulin Alfa': 1, 'Inotuzumab ozogamicin': 1, 'Obeticholic acid': 1, 'Olaratumab': 1, 'Lasofoxifene': 1, 'Hyaluronidase (Human Recombinant)': 1, 'Asenapine': 1, 'Droxidopa': 1, 'Temsirolimus': 1, 'Saxagliptin': 1, 'Pertuzumab': 1, 'Oxymetholone': 1, 'Etravirine': 1, 'Pazopanib': 1, 'Safinamide': 1, 'Sipuleucel-T': 1, 'Dexmethylphenidate': 1, 'Potassium Iodide': 1, 'Fosaprepitant': 1, 'Beta carotene': 1, 'Fomivirsen': 1, 'Dalteparin': 1, 'Hexocyclium': 1, 'Nonoxynol-9': 1, 'Raltegravir': 1, 'Unoprostone': 1, 'Diloxanide': 1, 'Azidocillin': 1, 'Chloropyramine': 1, 'Dimetindene': 1, 'Triflusal': 1, 'Hyaluronic acid': 1, 'Ivacaftor': 1, 'Acetylcarnitine': 1, 'Rilpivirine': 1, 'Brentuximab vedotin': 1, 'Eribulin': 1, 'Asparaginase Erwinia chrysanthemi': 1, 'Tofacitinib': 1, 'Regorafenib': 1, 'Afatinib': 1, 'Dolutegravir': 1, 'Riociguat': 1, 'Sofosbuvir': 1, 'Secukinumab': 1, 'Nivolumab': 1, 'Pembrolizumab': 1, 'Netupitant': 1, 'Idelalisib': 1, 'Cannabidiol': 1, 'Cobicistat': 1, 'Olaparib': 1, 'Dinutuximab': 1, 'Benzoyl peroxide': 1, 'Somatostatin': 1, 'Elvitegravir': 1, 'Ancestim': 1, 'Hydroxyethyl Starch': 1, 'Aurothioglucose': 1, 'Oxygen': 1, 'Florbetaben (18F)': 1, 'Florbetapir (18F)': 1, 'Flutemetamol (18F)': 1, 'Carbon dioxide': 1, 'Lorpiprazole': 1, 'Moxisylyte': 1, 'Piracetam': 1, 'Dexibuprofen': 1, 'Zotepine': 1, 'Lacidipine': 1, 'Moxonidine': 1, 'Tegafur': 1, 'Strontium ranelate': 1, 'Ubidecarenone': 1, 'Rolapitant': 1, 'Sacubitril': 1, 'Zinc oxide': 1, 'Benzathine benzylpenicillin': 1, 'Kappadione': 1, 'Tipiracil': 1, 'Pramocaine': 1, 'Estrogens, esterified': 1, 'Sodium acetate': 1, 'Fluoride ion F-18': 1, 'Magnesium acetate tetrahydrate': 1, 'Monopotassium phosphate': 1, 'Xylose': 1, 'Indium In-111 chloride': 1, 'Fludeoxyglucose F-18': 1, 'Talc': 1, 'Sodium glycerophosphate': 1, 'Omega-3-carboxylic acids': 1, 'Dermatophagoides farinae': 1, 'Dermatophagoides pteronyssinus': 1, 'Bovine type I collagen': 1, 'Hepatitis A Vaccine': 1, 'Cetylpyridinium': 1, 'Resorcinol': 1, 'N-acetyltyrosine': 1, 'Cresol': 1, 'Bicisate': 1, 'Ferric sulfate': 1, 'Peppermint oil': 1, 'Methyl cellulose': 1, 'Thonzylamine': 1, 'Hexylresorcinol': 1, 'Levomefolic acid': 1, 'Polysilicone-15': 1, 'Ixekizumab': 1, 'Asunaprevir': 1, 'Domiphen': 1, 'Atezolizumab': 1, 'Levoleucovorin': 1, 'Normethadone': 1, 'Velpatasvir': 1, 'Hepatitis B Vaccine (Recombinant)': 1, 'Temoporfin': 1, 'Delamanid': 1, 'Vinflunine': 1, 'Durvalumab': 1, 'Galactose': 1, 'Icotinib': 1, 'Sarilumab': 1, 'Niraparib': 1, 'Baricitinib': 1, 'Ertugliflozin': 1, 'Guselkumab': 1, 'Angiotensin II': 1, 'Abemaciclib': 1, 'Stem bromelain': 1, 'Cantharidin': 1, 'Rucaparib': 1, 'Nicoboxil': 1, 'Lenograstim': 1, 'Protein S human': 1, 'Coagulation factor VII human': 1, 'Lipegfilgrastim': 1, 'Perboric acid': 1, 'Bufexamac': 1, 'Mifamurtide': 1, 'Bioallethrin': 1, 'Magnesium gluconate': 1, 'Glycyrrhizic acid': 1, 'Calcium levulinate': 1, 'Human cytomegalovirus immune globulin': 1, 'Talimogene laherparepvec': 1, 'Axicabtagene ciloleucel': 1, 'Testosterone undecanoate': 1, 'Medium-chain triglycerides': 1, 'Fish oil': 1, 'Remestemcel-L': 1, 'Besilesomab': 1, 'alpha-Tocopherol succinate': 1, 'alpha-Tocopherol acetate': 1, 'Nabiximols': 1, 'Fosnetupitant': 1, 'Human vaccinia virus immune globulin': 1}"
76,261,"{'N25', 'N03', 'N18'}","{'Calcitriol': 3, 'Calcidiol': 3, 'Ergocalciferol': 1, 'Cholecalciferol': 3, 'Dihydrotachysterol': 1, 'Cetuximab': 1, 'Peginterferon alfa-2a': 1, 'Erythropoietin': 1, 'Salmon Calcitonin': 1, 'Pegfilgrastim': 1, 'Peginterferon alfa-2b': 1, 'Asparaginase Escherichia coli': 1, 'Oprelvekin': 1, 'Palifermin': 1, 'Rasburicase': 1, 'Gemtuzumab ozogamicin': 1, 'Infliximab': 1, 'Hyaluronidase': 1, 'Pancrelipase': 1, 'Efalizumab': 1, 'Filgrastim': 1, 'Octreotide': 1, 'Esmolol': 1, 'Ethchlorvynol': 1, 'Hydroxocobalamin': 1, 'Ticlopidine': 1, 'Torasemide': 1, 'Nelfinavir': 1, 'Methyclothiazide': 1, 'Nevirapine': 1, 'Cabergoline': 1, 'Lymecycline': 1, 'Cycloserine': 1, 'Sulfisoxazole': 1, 'Theophylline': 1, 'Travoprost': 1, 'Atomoxetine': 1, 'Tenofovir disoproxil': 1, 'Bexarotene': 1, 'Chlorthalidone': 1, 'Capreomycin': 1, 'Gefitinib': 1, 'Amitriptyline': 1, 'Floxuridine': 1, 'Tolcapone': 1, 'Omeprazole': 1, 'Pyrazinamide': 1, 'Trimethadione': 1, 'Megestrol acetate': 1, 'Buclizine': 1, 'Vinorelbine': 1, 'Anidulafungin': 1, 'Doxylamine': 1, 'Levonorgestrel': 1, 'Palonosetron': 1, 'Griseofulvin': 1, 'Nisoldipine': 1, 'Ampicillin': 1, 'Methylphenidate': 1, 'Methocarbamol': 1, 'Triprolidine': 1, 'Carboprost Tromethamine': 1, 'Lindane': 1, 'Allopurinol': 1, 'Cerivastatin': 1, 'Trimethoprim': 1, 'Dronabinol': 1, 'Nabilone': 1, 'Zidovudine': 1, 'Haloperidol': 1, 'Ritonavir': 1, 'Caspofungin': 1, 'Metolazone': 1, 'Tolnaftate': 1, 'Erlotinib': 1, 'Lamotrigine': 1, 'Methotrexate': 1, 'Cinnarizine': 1, 'Amiloride': 1, 'Labetalol': 1, 'Thiopental': 1, 'Cyclothiazide': 1, 'Ethionamide': 1, 'Paramethadione': 1, 'Demeclocycline': 1, 'Bacitracin': 1, 'Prednisone': 1, 'Pemetrexed': 1, 'Dyclonine': 1, 'Flumethasone': 1, 'Aprepitant': 1, 'Isoflurophate': 1, 'Phentolamine': 1, 'Furosemide': 1, 'Amprenavir': 1, 'Gadobenic acid': 1, 'Tretinoin': 1, 'Hexachlorophene': 1, 'Dolasetron': 1, 'Etoposide': 1, 'Hydroflumethiazide': 1, 'Oxcarbazepine': 1, 'Phenelzine': 1, 'Indapamide': 1, 'Ribavirin': 1, 'Dacarbazine': 1, 'Pseudoephedrine': 1, 'Chlorphenesin': 1, 'Eprosartan': 1, 'Emtricitabine': 1, 'Chlorothiazide': 1, 'Didanosine': 1, 'Ondansetron': 1, 'Bimatoprost': 1, 'Dinoprostone': 1, 'Misoprostol': 1, 'Zalcitabine': 1, 'Hydrocodone': 1, 'Carboplatin': 1, 'Telmisartan': 1, 'Dactinomycin': 1, 'Neomycin': 1, 'Doxorubicin': 1, 'Salbutamol': 1, 'Guanfacine': 1, 'Ethinamate': 1, 'Selegiline': 1, 'Hydroxystilbamidine Isethionate': 1, 'Melphalan': 1, 'Abacavir': 1, 'Novobiocin': 1, 'Melatonin': 1, 'Atazanavir': 1, 'Vigabatrin': 1, 'Streptomycin': 1, 'Hesperetin': 1, 'Rosuvastatin': 1, 'Capecitabine': 1, 'Amiodarone': 1, 'Proguanil': 1, 'Micafungin': 1, 'Procarbazine': 1, 'Cyclizine': 1, 'Ifosfamide': 1, 'Clindamycin': 1, 'Flecainide': 2, 'Captopril': 1, 'Bromocriptine': 1, 'Lomustine': 1, 'Clarithromycin': 1, 'Ketamine': 1, 'Budesonide': 1, 'Bromodiphenhydramine': 1, 'Isocarboxazid': 1, 'Docetaxel': 1, 'Posaconazole': 1, 'Darunavir': 1, 'Panitumumab': 1, 'Mecasermin': 1, 'Nelarabine': 1, 'Abatacept': 1, 'Bismuth Subsalicylate': 1, 'Fosamprenavir': 1, 'Potassium': 1, 'Hexobarbital': 1, 'Penbutolol': 1, 'Iohexol': 1, 'Rasagiline': 1, 'Oxybenzone': 1, 'Antipyrine': 1, 'Phenazopyridine': 1, 'Fencamfamine': 1, 'Flunitrazepam': 1, 'Liotrix': 1, 'Lopinavir': 1, 'Meticillin': 1, 'Phenindamine': 1, 'Acetylcholine': 1, 'Propanoic acid': 1, 'Thiotepa': 1, 'Suramin': 1, 'Tetrabenazine': 1, 'Ixabepilone': 1, 'Defibrotide': 1, 'Tamibarotene': 1, 'Trabectedin': 2, 'Methsuximide': 1, 'Natural alpha interferon': 1, 'Iodine': 1, 'Tetrachlorodecaoxide': 1, 'Mipomersen': 1, 'Ramucirumab': 1, 'Sodium stibogluconate': 1, 'Ustekinumab': 1, 'Thrombomodulin Alfa': 1, 'Inotuzumab ozogamicin': 1, 'Obeticholic acid': 1, 'Olaratumab': 1, 'Lasofoxifene': 1, 'Hyaluronidase (Human Recombinant)': 1, 'Asenapine': 1, 'Droxidopa': 1, 'Temsirolimus': 1, 'Saxagliptin': 1, 'Pertuzumab': 1, 'Oxymetholone': 1, 'Etravirine': 1, 'Pazopanib': 1, 'Safinamide': 1, 'Sipuleucel-T': 1, 'Dexmethylphenidate': 1, 'Potassium Iodide': 1, 'Fosaprepitant': 1, 'Beta carotene': 1, 'Fomivirsen': 1, 'Dalteparin': 1, 'Hexocyclium': 1, 'Nonoxynol-9': 1, 'Raltegravir': 1, 'Unoprostone': 1, 'Diloxanide': 1, 'Azidocillin': 1, 'Chloropyramine': 1, 'Dimetindene': 1, 'Triflusal': 1, 'Hyaluronic acid': 1, 'Ivacaftor': 1, 'Acetylcarnitine': 1, 'Rilpivirine': 1, 'Brentuximab vedotin': 1, 'Eribulin': 1, 'Asparaginase Erwinia chrysanthemi': 1, 'Tofacitinib': 1, 'Regorafenib': 1, 'Afatinib': 1, 'Dolutegravir': 1, 'Riociguat': 1, 'Sofosbuvir': 1, 'Secukinumab': 1, 'Nivolumab': 1, 'Pembrolizumab': 1, 'Netupitant': 1, 'Idelalisib': 1, 'Cannabidiol': 1, 'Cobicistat': 1, 'Olaparib': 1, 'Dinutuximab': 1, 'Benzoyl peroxide': 1, 'Somatostatin': 1, 'Elvitegravir': 1, 'Ancestim': 1, 'Hydroxyethyl Starch': 1, 'Aurothioglucose': 1, 'Oxygen': 1, 'Florbetaben (18F)': 1, 'Florbetapir (18F)': 1, 'Flutemetamol (18F)': 1, 'Carbon dioxide': 1, 'Lorpiprazole': 1, 'Moxisylyte': 1, 'Piracetam': 1, 'Dexibuprofen': 1, 'Zotepine': 1, 'Lacidipine': 1, 'Moxonidine': 1, 'Tegafur': 1, 'Strontium ranelate': 1, 'Ubidecarenone': 1, 'Rolapitant': 1, 'Sacubitril': 1, 'Zinc oxide': 1, 'Benzathine benzylpenicillin': 1, 'Kappadione': 1, 'Tipiracil': 1, 'Pramocaine': 1, 'Estrogens, esterified': 1, 'Sodium acetate': 1, 'Fluoride ion F-18': 1, 'Magnesium acetate tetrahydrate': 1, 'Monopotassium phosphate': 1, 'Xylose': 1, 'Indium In-111 chloride': 1, 'Fludeoxyglucose F-18': 1, 'Talc': 1, 'Sodium glycerophosphate': 1, 'Omega-3-carboxylic acids': 1, 'Dermatophagoides farinae': 1, 'Dermatophagoides pteronyssinus': 1, 'Bovine type I collagen': 1, 'Hepatitis A Vaccine': 1, 'Cetylpyridinium': 1, 'Resorcinol': 1, 'N-acetyltyrosine': 1, 'Cresol': 1, 'Bicisate': 1, 'Ferric sulfate': 1, 'Peppermint oil': 1, 'Methyl cellulose': 1, 'Thonzylamine': 1, 'Hexylresorcinol': 1, 'Levomefolic acid': 1, 'Polysilicone-15': 1, 'Ixekizumab': 1, 'Asunaprevir': 1, 'Domiphen': 1, 'Atezolizumab': 1, 'Levoleucovorin': 1, 'Normethadone': 1, 'Velpatasvir': 1, 'Hepatitis B Vaccine (Recombinant)': 1, 'Temoporfin': 1, 'Delamanid': 1, 'Vinflunine': 1, 'Durvalumab': 1, 'Galactose': 1, 'Icotinib': 1, 'Sarilumab': 1, 'Niraparib': 1, 'Baricitinib': 1, 'Ertugliflozin': 1, 'Guselkumab': 1, 'Angiotensin II': 1, 'Abemaciclib': 1, 'Stem bromelain': 1, 'Cantharidin': 1, 'Rucaparib': 1, 'Nicoboxil': 1, 'Lenograstim': 1, 'Protein S human': 1, 'Coagulation factor VII human': 1, 'Lipegfilgrastim': 1, 'Perboric acid': 1, 'Bufexamac': 1, 'Mifamurtide': 1, 'Bioallethrin': 1, 'Magnesium gluconate': 1, 'Glycyrrhizic acid': 1, 'Calcium levulinate': 1, 'Human cytomegalovirus immune globulin': 1, 'Talimogene laherparepvec': 1, 'Axicabtagene ciloleucel': 1, 'Testosterone undecanoate': 1, 'Medium-chain triglycerides': 1, 'Fish oil': 1, 'Remestemcel-L': 1, 'Besilesomab': 1, 'alpha-Tocopherol succinate': 1, 'alpha-Tocopherol acetate': 1, 'Nabiximols': 1, 'Fosnetupitant': 1, 'Human vaccinia virus immune globulin': 1, 'L-Carnitine': 1, 'Icodextrin': 1}"
77,268,"{'F52', 'F51', 'C75', 'K02'}","{'Sertraline': 1, 'Clomipramine': 1, 'Prasterone': 1, 'Turpentine': 1, 'Amitriptyline': 1, 'Melatonin': 1, 'Aceprometazine': 1, 'Pimavanserin': 1, 'Armodafinil': 1, 'Calcium glubionate': 1, 'Chlorhexidine': 2, 'Calcium glycerophosphate': 2, 'Silver': 2}"
78,269,"{'K65', 'A41'}","{'Anidulafungin': 2, 'Ceftazidime': 2, 'Meropenem': 2, 'Netilmicin': 1, 'Latamoxef': 1}"
79,270,"{'L50', 'E61', 'K51', 'K29'}","{'Clemastine': 2, 'Cetirizine': 3, 'Triprolidine': 2, 'Cyproheptadine': 2, 'Loratadine': 3, 'Hydroxyzine': 2, 'Carbinoxamine': 2, 'Desloratadine': 3, 'Mequitazine': 2, 'Chlorphenamine': 2, 'Alimemazine': 2, 'Pheniramine': 2, 'Dimetindene': 2, 'Dexchlorpheniramine maleate': 2, 'Bilastine': 2, 'Rupatadine': 2, 'Magnesium sulfate': 1, 'Iron Dextran': 1, 'Ferumoxytol': 1, 'Cupric sulfate': 1, 'Ferric Carboxymaltose': 1, 'Iron saccharate': 1, 'Magnesium acetate tetrahydrate': 1, 'Sodium ferric gluconate complex': 1, 'Ferrous sulfate': 1, 'Magnesium gluconate': 1, 'Ferric pyrophosphate citrate': 1, 'Infliximab': 2, 'Hydrocortisone': 2, 'Prednisolone': 2, 'Balsalazide': 2, 'Budesonide': 2, 'Olsalazine': 2, 'Difenoxin': 2, 'Golimumab': 2, 'Tofacitinib': 2, 'Tixocortol': 2, 'Kappadione': 2, 'Plantago seed': 2, 'Isopropamide': 1, 'Bismuth Subcitrate': 1}"
80,272,"{'K73', 'F19'}","{'Peginterferon alfa-2a': 1, 'Interferon Alfa-2a, Recombinant': 1, 'Tenofovir disoproxil': 1, 'Entecavir': 1, 'Lamivudine': 1, 'Adefovir Dipivoxil': 1, 'Ribavirin': 1, 'Telbivudine': 1, 'Simeprevir': 1, 'Acetylcarnitine': 1, 'Sofosbuvir': 1, 'Ombitasvir': 1, 'Paritaprevir': 1, 'Tenofovir alafenamide': 1, 'Asunaprevir': 1, 'Velpatasvir': 1, 'Hepatitis B Vaccine (Recombinant)': 1, 'Anethole trithione': 1, 'Pibrentasvir': 1, 'Glecaprevir': 1, 'Ziprasidone': 1, 'Olanzapine': 1, 'Loxapine': 1, 'Prochlorperazine': 1, 'Fluphenazine': 1, 'Perphenazine': 1, 'Quetiapine': 1, 'Aripiprazole': 1, 'Chlorprothixene': 1, 'Molindone': 1, 'Aripiprazole lauroxil': 1}"
81,273,"{'J82', 'D43', 'C71', 'C38', 'B37'}","{'Diethylcarbamazine': 1, 'Pregabalin': 1, 'Etidronic acid': 1, 'Tolperisone': 1, 'Propiverine': 1, 'Phenytoin': 1, 'Metrizamide': 2, 'Cyclosporine': 1, 'L-Proline': 1, 'Valsartan': 1, 'Ramipril': 1, 'Esmolol': 1, 'Remikiren': 1, 'Torasemide': 1, 'Lovastatin': 1, 'Methyclothiazide': 1, 'Milrinone': 1, 'Metoprolol': 1, 'Nitroprusside': 1, 'Omeprazole': 1, 'Timolol': 1, 'Triamterene': 1, 'Phenylephrine': 1, 'Digoxin': 1, 'Phenoxymethylpenicillin': 1, 'Hyoscyamine': 1, 'Bendroflumethiazide': 1, 'Prazosin': 1, 'Fosinopril': 1, 'Cimetidine': 1, 'Acetyldigitoxin': 1, 'Trandolapril': 1, 'Enalapril': 1, 'Amiloride': 1, 'Cisapride': 1, 'Cyclothiazide': 1, 'Bisoprolol': 1, 'Simvastatin': 1, 'Pemetrexed': 1, 'Losartan': 1, 'Moricizine': 1, 'Furosemide': 1, 'Eplerenone': 1, 'Lisinopril': 1, 'Gadobenic acid': 1, 'Alprostadil': 1, 'Hydroflumethiazide': 1, 'Gadopentetate dimeglumine': 1, 'Perindopril': 1, 'Candesartan cilexetil': 1, 'Indapamide': 1, 'Acetazolamide': 1, 'Dobutamine': 1, 'Tacrolimus': 1, 'Eprosartan': 1, 'Chlorothiazide': 1, 'Quinapril': 1, 'Bumetanide': 1, 'Etacrynic acid': 1, 'Levosimendan': 1, 'Telmisartan': 1, 'Dopamine': 1, 'Trichlormethiazide': 1, 'Irbesartan': 1, 'Isoprenaline': 1, 'Atorvastatin': 1, 'Deslanoside': 1, 'Ouabain': 1, 'Fluvastatin': 1, 'Carvedilol': 1, 'Propafenone': 1, 'Domperidone': 1, 'Captopril': 1, 'Encainide': 1, 'Hydralazine': 1, 'Bismuth Subsalicylate': 1, 'Cefazolin': 1, 'Cilazapril': 1, 'Tasosartan': 1, 'Magnesium oxide': 1, 'Digitoxin': 1, 'Theobromine': 1, 'Amrinone': 1, 'Enoximone': 1, 'Nesiritide': 1, 'Vandetanib': 1, 'Dexlansoprazole': 1, 'Pixantrone': 1, 'Tolvaptan': 1, 'Sitaxentan': 1, 'Dabigatran etexilate': 1, 'Aluminum hydroxide': 1, 'Calcium Carbonate': 1, 'Dalteparin': 1, 'Ticagrelor': 1, 'Atosiban': 1, 'Ivabradine': 1, 'Magnesium hydroxide': 1, 'Protamine sulfate': 1, 'Technetium Tc-99m tetrofosmin': 1, 'Cilnidipine': 1, 'Ubidecarenone': 1, 'Fimasartan': 1, 'Magnesium Trisilicate': 1, 'Molsidomine': 1, 'Sacubitril': 1, 'Thallous Chloride': 1, 'Benzathine benzylpenicillin': 1, 'Iobenguane sulfate I-123': 1, 'Stannous chloride': 1, 'Tetrofosmin': 1, 'Magnesium Aluminum Silicate': 1, 'Oxetacaine': 1, 'Alginic acid': 1, 'Almasilate': 1, 'Magnesium gluconate': 1, 'Human cytomegalovirus immune globulin': 1, 'Peanut oil': 1, 'Terconazole': 2, 'Clotrimazole': 2, 'Anidulafungin': 2, 'Caspofungin': 2, 'Voriconazole': 2, 'Butoconazole': 2, 'Tioconazole': 2, 'Ketoconazole': 2, 'Miconazole': 2, 'Econazole': 2, 'Micafungin': 2, 'Posaconazole': 2, 'Dequalinium': 2}"
82,274,"{'L28', 'J44', 'B44', 'J47'}","{'Doxepin': 1, 'Ipratropium': 1, 'Doxapram': 1, 'Salmeterol': 1, 'Glycopyrronium': 1, 'Arformoterol': 1, 'Procaterol': 1, 'Tiotropium': 1, 'Almitrine': 1, 'Indacaterol': 1, 'Aclidinium': 1, 'Umeclidinium': 1, 'Olodaterol': 1, 'Doxofylline': 1, 'Levosalbutamol': 1, 'Terpin hydrate': 3, 'Caspofungin': 2, 'Voriconazole': 3, 'Micafungin': 2, 'Itraconazole': 2, 'Posaconazole': 2, 'Isavuconazonium': 2, 'Isavuconazole': 2, 'Carbocisteine': 2}"
83,279,"{'K36', 'C18'}","{'Meropenem': 1, 'Raltitrexed': 2}"
84,281,"{'N30', 'C68'}","{'Hyoscyamine': 2, 'Trimethoprim': 2, 'Enoxacin': 3, 'Ciprofloxacin': 3, 'Pentosan Polysulfate': 2, 'Nitrofurantoin': 2, 'Fosfomycin': 3, 'Dimethyl sulfoxide': 2, 'Flavoxate': 3, 'Hyaluronic acid': 2, 'Coenzyme M': 2, 'Technetium Tc-99m disofenin': 2, 'Anethole trithione': 2, 'Acetyl sulfisoxazole': 2, 'Cefixime': 1, 'Trovafloxacin': 1, 'Amoxicillin': 1, 'Ofloxacin': 1, 'Finasteride': 1, 'Bacillus calmette-guerin substrain connaught live antigen': 1, 'Durvalumab': 1}"
85,290,"{'A69', 'L50', 'K51', 'K29'}","{'Lyme disease vaccine (recombinant OspA)': 1, 'Lymecycline': 1, 'Demeclocycline': 1, 'Tetracycline': 1, 'Clarithromycin': 1, 'Clemastine': 2, 'Cetirizine': 3, 'Triprolidine': 2, 'Cyproheptadine': 2, 'Loratadine': 3, 'Hydroxyzine': 2, 'Carbinoxamine': 2, 'Desloratadine': 3, 'Mequitazine': 2, 'Chlorphenamine': 2, 'Alimemazine': 2, 'Pheniramine': 2, 'Dimetindene': 2, 'Dexchlorpheniramine maleate': 2, 'Bilastine': 2, 'Rupatadine': 2, 'Infliximab': 2, 'Hydrocortisone': 2, 'Prednisolone': 2, 'Balsalazide': 2, 'Budesonide': 2, 'Olsalazine': 2, 'Difenoxin': 2, 'Golimumab': 2, 'Tofacitinib': 2, 'Tixocortol': 2, 'Kappadione': 2, 'Plantago seed': 2, 'Isopropamide': 1, 'Bismuth Subcitrate': 1}"
86,291,"{'L28', 'L89', 'E11', 'E55'}","{'Doxepin': 1, 'Collagenase clostridium histolyticum': 2, 'Miglitol': 2, 'Glipizide': 2, 'Tolbutamide': 2, 'Calcitriol': 2, 'Calcidiol': 2, 'Cholecalciferol': 2, 'Calcium Gluceptate': 2}"
87,296,"{'H52', 'H26'}","{'Verteporfin': 1, 'Vitamin E': 1, 'Bromfenac': 1, 'Acetylcholine': 1, 'Nepafenac': 1, 'Hyaluronic acid': 1, 'D-alpha-Tocopherol acetate': 1}"
88,297,"{'G35', 'N48'}","{'Immune Globulin Human': 2, 'Interferon beta-1a': 2, 'Interferon beta-1b': 2, 'Natalizumab': 2, 'Baclofen': 2, 'Prednisone': 2, 'Mitoxantrone': 2, 'Glatiramer': 2, 'Ibudilast': 2, 'Tolperisone': 2, 'Dalfampridine': 2, 'Fingolimod': 2, 'Teriflunomide': 2, 'Dimethyl fumarate': 2, 'Cannabidiol': 2, 'Peginterferon beta-1a': 2, 'Ocrelizumab': 2, 'Mephenesin': 2, 'Nabiximols': 2, 'Phenylpropanolamine': 1, 'Pseudoephedrine': 1, 'Ancrod': 1}"
89,299,"{'J30', 'G47', 'F51'}","{'Cyproheptadine': 1, 'Carbinoxamine': 1, 'Pseudoephedrine': 1, 'Amitriptyline': 3, 'Melatonin': 3, 'Aceprometazine': 3, 'Pimavanserin': 3, 'Armodafinil': 3}"
90,301_353,"{'G20', 'G21'}","{'NADH': 2, 'Carbidopa': 2, 'Ropinirole': 2, 'Tolcapone': 2, 'Trihexyphenidyl': 2, 'Procyclidine': 2, 'Ethopropazine': 2, 'Pramipexole': 2, 'Hyoscyamine': 2, 'Entacapone': 2, 'Lisuride': 2, 'Apomorphine': 2, 'Cycrimine': 2, 'Rivastigmine': 2, 'Selegiline': 2, 'Orphenadrine': 2, 'Pergolide': 2, 'Levodopa': 3, 'Rotigotine': 2, 'Pimavanserin': 2, 'Droxidopa': 2, 'Benserazide': 2}"
91,303,"{'G41', 'G40'}","{'Lorazepam': 2, 'Adinazolam': 2, 'Propofol': 2, 'Fosphenytoin': 2, 'Clobazam': 2, 'Carbamazepine': 2, 'Ethosuximide': 2, 'Oxcarbazepine': 2, 'Primidone': 2, 'Phensuximide': 2, 'Progabide': 2, 'Methylphenobarbital': 2, 'Zonisamide': 2, 'Felbamate': 2, 'Gabapentin': 2, 'Vigabatrin': 2, 'Phenacemide': 2, 'Levetiracetam': 2, 'Flunarizine': 2, 'Lacosamide': 2, 'Stiripentol': 2}"
92,307,"{'H16', 'L71', 'E66'}","{'Idoxuridine': 3, 'Trifluridine': 3, 'Framycetin': 1, 'Sulfacetamide': 2, 'Prednisone': 2, 'Natamycin': 2, 'Hydroxypropyl cellulose': 3, 'Loteprednol': 4, 'Cromoglicic acid': 3, 'Flavin adenine dinucleotide': 2, 'Lodoxamide': 3, 'Rose bengal': 3, 'Lifitegrast': 1, 'Edoxudine': 2, 'Human vaccinia virus immune globulin': 2, 'Brimonidine': 2, 'Metronidazole': 2, 'Benzoyl peroxide': 2, 'Amphetamine': 2, 'Phentermine': 2, 'Topiramate': 2, 'Phenylpropanolamine': 2, 'Fenfluramine': 2, 'Mazindol': 2, 'Phenmetrazine': 2, 'Benzphetamine': 2, 'Diethylpropion': 2, 'Orlistat': 2, 'Sibutramine': 2, 'Dexfenfluramine': 2, 'Fenproporex': 2, 'Methamphetamine': 2, 'Phendimetrazine': 2, 'Pantothenic acid': 2, 'Lorcaserin': 2, 'Omega-3-carboxylic acids': 2, 'Pipradrol': 2, 'Ertugliflozin': 2, 'Semaglutide': 2}"
93,318,"{'I48', 'I42'}","{'Phenindione': 4, 'Warfarin': 4, 'Ouabain': 2, 'Propafenone': 1, 'Dronedarone': 1, 'Dexrazoxane': 2}"
94,320,"{'I50', 'J81', 'B99', 'I46'}","{'Valsartan': 3, 'Ramipril': 3, 'Remikiren': 2, 'Torasemide': 3, 'Methyclothiazide': 3, 'Milrinone': 3, 'Metoprolol': 2, 'Nitroprusside': 3, 'Triamterene': 3, 'Digoxin': 2, 'Bendroflumethiazide': 2, 'Prazosin': 3, 'Fosinopril': 3, 'Acetyldigitoxin': 3, 'Trandolapril': 3, 'Enalapril': 3, 'Amiloride': 3, 'Cyclothiazide': 3, 'Bisoprolol': 2, 'Losartan': 3, 'Phentolamine': 1, 'Furosemide': 3, 'Eplerenone': 3, 'Lisinopril': 3, 'Hydroflumethiazide': 3, 'Perindopril': 3, 'Candesartan cilexetil': 3, 'Indapamide': 3, 'Acetazolamide': 3, 'Eprosartan': 3, 'Chlorothiazide': 3, 'Quinapril': 3, 'Bumetanide': 3, 'Etacrynic acid': 3, 'Levosimendan': 2, 'Telmisartan': 3, 'Trichlormethiazide': 2, 'Irbesartan': 3, 'Deslanoside': 2, 'Ouabain': 2, 'Carvedilol': 2, 'Captopril': 3, 'Hydralazine': 3, 'Cilazapril': 2, 'Tasosartan': 2, 'Digitoxin': 2, 'Amrinone': 3, 'Enoximone': 3, 'Nesiritide': 3, 'Vandetanib': 2, 'Pixantrone': 3, 'Tolvaptan': 3, 'Sitaxentan': 3, 'Dalteparin': 2, 'Ivabradine': 2, 'Ubidecarenone': 3, 'Fimasartan': 2, 'Molsidomine': 2, 'Sacubitril': 2, 'Iobenguane sulfate I-123': 2, 'Oxycodone': 2, 'Heroin': 2, 'Diphenidol': 1, 'Sodium bicarbonate': 2}"
95,325,"{'B37', 'J40'}","{'Terconazole': 2, 'Clotrimazole': 2, 'Anidulafungin': 2, 'Caspofungin': 2, 'Voriconazole': 2, 'Butoconazole': 2, 'Tioconazole': 2, 'Ketoconazole': 2, 'Miconazole': 2, 'Econazole': 2, 'Micafungin': 2, 'Posaconazole': 2, 'Dequalinium': 2, 'Moxifloxacin': 1, 'Isoetarine': 1, 'Theophylline': 1, 'Ipratropium': 1, 'Trimethoprim': 1, 'Clomocycline': 1, 'Demeclocycline': 1, 'Dyphylline': 1, 'Sulfametopyrazine': 1, 'Cefixime': 1, 'Orciprenaline': 1, 'Pseudoephedrine': 1, 'Terbutaline': 1, 'Methacycline': 1, 'Dirithromycin': 1, 'Telithromycin': 1, 'Lomefloxacin': 1, 'Salbutamol': 1, 'Sulfamethoxazole': 1, 'Gatifloxacin': 1, 'Isoprenaline': 1, 'Cefditoren': 1, 'Cefuroxime': 1, 'Sparfloxacin': 1, 'Clarithromycin': 1, 'Aminophylline': 1, 'Arformoterol': 1, 'Oxtriphylline': 1, 'Bambuterol': 1, 'Ceftibuten': 1, 'Sulfamerazine': 1, 'Sulfamethazine': 1, 'Pivampicillin': 1, 'Roflumilast': 1, 'Indacaterol': 1, 'Aclidinium': 1, 'Fluticasone furoate': 1, 'Olodaterol': 1, 'Vilanterol': 1, 'Pentoxyverine': 1, 'Etafedrine': 1, 'Terpin hydrate': 1}"
96,330,"{'D13', 'D12'}","{'Peginterferon alfa-2a': 1, 'Pancrelipase': 1, 'Cyclosporine': 1, 'Ademetionine': 1, 'L-Cysteine': 1, 'L-Threonine': 1, 'Enflurane': 1, 'Diethylstilbestrol': 1, 'Floxuridine': 1, 'Triamterene': 1, 'Streptozocin': 1, 'Gemcitabine': 1, 'Albendazole': 1, 'Gadoversetamide': 1, 'Fluorouracil': 3, 'Gadoteridol': 1, 'Furosemide': 1, 'Gadobenic acid': 1, 'Irinotecan': 1, 'Clidinium': 1, 'Propantheline': 1, 'Prednisolone': 1, 'Tacrolimus': 2, 'Etacrynic acid': 1, 'Tinidazole': 1, 'Felbamate': 1, 'Orlistat': 1, 'Gemfibrozil': 1, 'Bismuth Subsalicylate': 1, 'Cefazolin': 1, 'Magnesium oxide': 1, 'Antipyrine': 1, 'Attapulgite': 1, 'Kaolin': 1, 'Alverine': 1, 'Terlipressin': 1, 'Cholic Acid': 1, 'Acetylcholine': 1, 'Oteracil': 1, 'Vapreotide': 1, 'Defibrotide': 1, 'Hepatitis B Immune Globulin': 1, 'Obeticholic acid': 1, 'Icatibant': 1, 'Ammonium chloride': 1, 'Mangafodipir': 2, 'Gadoxetic acid': 1, 'Sofosbuvir': 1, 'Ledipasvir': 1, 'Ibrutinib': 1, 'Magnesium hydroxide': 1, 'Colfosceril palmitate': 1, 'Iothalamic acid': 2, 'Sodium Chloride': 1, 'Sodium Citrate': 1, 'Methylene blue': 1, 'Gimeracil': 1, 'Bismuth Subcitrate': 2, 'Kappadione': 1, 'Iopodic acid': 2, 'Indocyanine green acid form': 1, 'Technetium Tc-99m sulfur colloid': 1, 'Urea C-13': 1, 'Simethicone': 1, 'Urea C-14': 1, 'Hepatitis A Vaccine': 1, 'Sulfur hexafluoride': 1, 'Pectin': 1, 'Magnesium Aluminum Silicate': 1, 'Gelatin': 1, 'Asunaprevir': 1, 'Hepatitis B Vaccine (Recombinant)': 1, 'Ertugliflozin': 1, 'Avatrombopag': 1, 'Almasilate': 1, 'Magnesium gluconate': 1, 'Glycyrrhizic acid': 1, 'Human cytomegalovirus immune globulin': 2, 'Remestemcel-L': 1, 'Dimethicone 410': 1, 'Raltitrexed': 1, 'Oxaliplatin': 1, 'Benzocaine': 1}"
97,332,"{'K59', 'K56', 'K65'}","{'Tramadol': 1, 'Lactulose': 1, 'Lubiprostone': 1, 'Tegaserod': 1, 'Magnesium oxide': 1, 'Prucalopride': 1, 'Methylnaltrexone': 1, 'Linaclotide': 1, 'Naloxegol': 1, 'Potassium alum': 1, 'Magnesium hydroxide': 1, 'Bisoxatin': 1, 'Polyethylene glycol': 1, 'Polycarbophil': 1, 'Magnesium acetate tetrahydrate': 1, 'Sodium phosphate': 1, 'Docusate': 1, 'Plantago seed': 1, 'Magnesium citrate': 1, 'Methyl cellulose': 1, 'Sennosides': 1, 'Naldemedine': 1, 'Galactose': 1, 'Ceruletide': 1, 'Ivermectin': 1, 'Trimebutine': 1, 'Dexpanthenol': 1, 'Moxidectin': 1, 'Anidulafungin': 2, 'Ceftazidime': 2, 'Meropenem': 2}"
98,333_412,"{'K80', 'K81'}","{'Isopropamide': 2, 'Technetium Tc-99m disofenin': 3, 'Anethole trithione': 2}"
99,334,"{'L28', 'M89'}","{'Doxepin': 1, 'Clodronic Acid': 1}"
100,343,"{'F32', 'M89'}","{'Imipramine': 2, 'Tranylcypromine': 2, 'Agomelatine': 2, 'Clodronic Acid': 1}"
101,346,"{'H10', 'N05', 'N18'}","{'Moxifloxacin': 2, 'Idoxuridine': 2, 'Medrysone': 2, 'Sulfisoxazole': 3, 'Triprolidine': 3, 'Trifluridine': 2, 'Cyproheptadine': 2, 'Chloramphenicol': 2, 'Sulfacetamide': 2, 'Prednisone': 3, 'Astemizole': 2, 'Carbinoxamine': 2, 'Epinastine': 2, 'Olopatadine': 2, 'Natamycin': 2, 'Hydroxypropyl cellulose': 2, 'Loteprednol': 2, 'Pemirolast': 2, 'Ketotifen': 2, 'Azelastine': 2, 'Cromoglicic acid': 2, 'Emedastine': 2, 'Levocabastine': 2, 'Levofloxacin': 2, 'Bepotastine': 2, 'Alcaftadine': 2, 'Besifloxacin': 2, 'Lodoxamide': 2, 'Antazoline': 2, 'Chloropyramine': 3, 'Spaglumic Acid': 2, 'Dexchlorpheniramine maleate': 2, 'Dermatophagoides farinae': 3, 'Dermatophagoides pteronyssinus': 3, 'Rose bengal': 2, 'Lifitegrast': 2, 'Acetyl sulfisoxazole': 2, 'Cetuximab': 1, 'Peginterferon alfa-2a': 1, 'Erythropoietin': 1, 'Salmon Calcitonin': 1, 'Pegfilgrastim': 1, 'Peginterferon alfa-2b': 1, 'Asparaginase Escherichia coli': 1, 'Oprelvekin': 1, 'Palifermin': 1, 'Rasburicase': 1, 'Gemtuzumab ozogamicin': 1, 'Infliximab': 1, 'Hyaluronidase': 1, 'Pancrelipase': 1, 'Efalizumab': 1, 'Filgrastim': 1, 'Octreotide': 1, 'Esmolol': 1, 'Ethchlorvynol': 1, 'Hydroxocobalamin': 1, 'Ticlopidine': 1, 'Torasemide': 1, 'Nelfinavir': 1, 'Methyclothiazide': 1, 'Nevirapine': 1, 'Cabergoline': 1, 'Lymecycline': 1, 'Cycloserine': 1, 'Theophylline': 1, 'Travoprost': 1, 'Atomoxetine': 1, 'Tenofovir disoproxil': 1, 'Bexarotene': 1, 'Chlorthalidone': 1, 'Capreomycin': 1, 'Gefitinib': 1, 'Amitriptyline': 1, 'Floxuridine': 1, 'Tolcapone': 1, 'Omeprazole': 1, 'Pyrazinamide': 1, 'Trimethadione': 1, 'Megestrol acetate': 1, 'Buclizine': 1, 'Vinorelbine': 1, 'Anidulafungin': 1, 'Doxylamine': 1, 'Levonorgestrel': 1, 'Palonosetron': 1, 'Griseofulvin': 1, 'Nisoldipine': 1, 'Ampicillin': 1, 'Methylphenidate': 1, 'Methocarbamol': 1, 'Carboprost Tromethamine': 1, 'Lindane': 1, 'Allopurinol': 1, 'Cerivastatin': 1, 'Trimethoprim': 1, 'Dronabinol': 1, 'Nabilone': 1, 'Zidovudine': 1, 'Haloperidol': 1, 'Ritonavir': 1, 'Caspofungin': 1, 'Metolazone': 1, 'Tolnaftate': 1, 'Erlotinib': 1, 'Lamotrigine': 1, 'Methotrexate': 1, 'Cinnarizine': 1, 'Amiloride': 1, 'Labetalol': 1, 'Thiopental': 1, 'Cyclothiazide': 1, 'Ethionamide': 1, 'Paramethadione': 1, 'Demeclocycline': 1, 'Bacitracin': 1, 'Pemetrexed': 1, 'Dyclonine': 1, 'Flumethasone': 1, 'Aprepitant': 1, 'Isoflurophate': 1, 'Phentolamine': 1, 'Furosemide': 1, 'Amprenavir': 1, 'Gadobenic acid': 1, 'Tretinoin': 1, 'Hexachlorophene': 1, 'Dolasetron': 1, 'Etoposide': 1, 'Hydroflumethiazide': 1, 'Oxcarbazepine': 1, 'Phenelzine': 1, 'Indapamide': 1, 'Ribavirin': 1, 'Dacarbazine': 1, 'Pseudoephedrine': 1, 'Chlorphenesin': 1, 'Eprosartan': 1, 'Emtricitabine': 1, 'Chlorothiazide': 1, 'Didanosine': 1, 'Ondansetron': 1, 'Bimatoprost': 1, 'Dinoprostone': 1, 'Misoprostol': 1, 'Zalcitabine': 1, 'Hydrocodone': 1, 'Carboplatin': 1, 'Telmisartan': 1, 'Dactinomycin': 1, 'Neomycin': 1, 'Doxorubicin': 1, 'Salbutamol': 1, 'Guanfacine': 1, 'Ethinamate': 1, 'Selegiline': 1, 'Hydroxystilbamidine Isethionate': 1, 'Melphalan': 1, 'Abacavir': 1, 'Novobiocin': 1, 'Melatonin': 1, 'Atazanavir': 1, 'Vigabatrin': 1, 'Streptomycin': 1, 'Hesperetin': 1, 'Rosuvastatin': 1, 'Capecitabine': 1, 'Amiodarone': 1, 'Proguanil': 1, 'Micafungin': 1, 'Procarbazine': 1, 'Cyclizine': 1, 'Ifosfamide': 1, 'Clindamycin': 1, 'Flecainide': 2, 'Captopril': 1, 'Bromocriptine': 1, 'Lomustine': 1, 'Clarithromycin': 1, 'Ketamine': 1, 'Budesonide': 1, 'Bromodiphenhydramine': 1, 'Isocarboxazid': 1, 'Docetaxel': 1, 'Posaconazole': 1, 'Darunavir': 1, 'Panitumumab': 1, 'Mecasermin': 1, 'Nelarabine': 1, 'Abatacept': 1, 'Bismuth Subsalicylate': 1, 'Fosamprenavir': 1, 'Potassium': 1, 'Hexobarbital': 1, 'Penbutolol': 1, 'Iohexol': 1, 'Rasagiline': 1, 'Oxybenzone': 1, 'Antipyrine': 1, 'Phenazopyridine': 1, 'Fencamfamine': 1, 'Flunitrazepam': 1, 'Liotrix': 1, 'Lopinavir': 1, 'Meticillin': 1, 'Phenindamine': 1, 'Acetylcholine': 1, 'Propanoic acid': 1, 'Thiotepa': 1, 'Suramin': 1, 'Tetrabenazine': 1, 'Ixabepilone': 1, 'Defibrotide': 1, 'Tamibarotene': 1, 'Trabectedin': 2, 'Methsuximide': 1, 'Natural alpha interferon': 1, 'Iodine': 1, 'Tetrachlorodecaoxide': 1, 'Mipomersen': 1, 'Ramucirumab': 1, 'Sodium stibogluconate': 1, 'Ustekinumab': 1, 'Thrombomodulin Alfa': 1, 'Inotuzumab ozogamicin': 1, 'Obeticholic acid': 1, 'Olaratumab': 1, 'Lasofoxifene': 1, 'Hyaluronidase (Human Recombinant)': 1, 'Asenapine': 1, 'Droxidopa': 1, 'Temsirolimus': 1, 'Saxagliptin': 1, 'Pertuzumab': 1, 'Oxymetholone': 1, 'Etravirine': 1, 'Pazopanib': 1, 'Safinamide': 1, 'Sipuleucel-T': 1, 'Dexmethylphenidate': 1, 'Potassium Iodide': 1, 'Fosaprepitant': 1, 'Beta carotene': 1, 'Fomivirsen': 1, 'Dalteparin': 1, 'Hexocyclium': 1, 'Nonoxynol-9': 1, 'Raltegravir': 1, 'Unoprostone': 1, 'Diloxanide': 1, 'Azidocillin': 1, 'Dimetindene': 1, 'Triflusal': 1, 'Hyaluronic acid': 1, 'Ivacaftor': 1, 'Acetylcarnitine': 1, 'Rilpivirine': 1, 'Brentuximab vedotin': 1, 'Eribulin': 1, 'Asparaginase Erwinia chrysanthemi': 1, 'Tofacitinib': 1, 'Regorafenib': 1, 'Afatinib': 1, 'Dolutegravir': 1, 'Riociguat': 1, 'Sofosbuvir': 1, 'Secukinumab': 1, 'Nivolumab': 1, 'Pembrolizumab': 1, 'Netupitant': 1, 'Idelalisib': 1, 'Cannabidiol': 1, 'Cobicistat': 1, 'Olaparib': 1, 'Dinutuximab': 1, 'Benzoyl peroxide': 1, 'Somatostatin': 1, 'Elvitegravir': 1, 'Ancestim': 1, 'Hydroxyethyl Starch': 1, 'Aurothioglucose': 1, 'Oxygen': 1, 'Florbetaben (18F)': 1, 'Florbetapir (18F)': 1, 'Flutemetamol (18F)': 1, 'Carbon dioxide': 1, 'Lorpiprazole': 1, 'Moxisylyte': 1, 'Piracetam': 1, 'Dexibuprofen': 1, 'Zotepine': 1, 'Lacidipine': 1, 'Moxonidine': 1, 'Tegafur': 1, 'Strontium ranelate': 1, 'Ubidecarenone': 1, 'Rolapitant': 1, 'Sacubitril': 1, 'Zinc oxide': 1, 'Benzathine benzylpenicillin': 1, 'Kappadione': 1, 'Tipiracil': 1, 'Pramocaine': 1, 'Estrogens, esterified': 1, 'Sodium acetate': 1, 'Fluoride ion F-18': 1, 'Magnesium acetate tetrahydrate': 1, 'Monopotassium phosphate': 1, 'Xylose': 1, 'Indium In-111 chloride': 1, 'Fludeoxyglucose F-18': 1, 'Talc': 1, 'Sodium glycerophosphate': 1, 'Omega-3-carboxylic acids': 1, 'Bovine type I collagen': 1, 'Hepatitis A Vaccine': 1, 'Cetylpyridinium': 1, 'Resorcinol': 1, 'N-acetyltyrosine': 1, 'Cresol': 1, 'Bicisate': 1, 'Ferric sulfate': 1, 'Peppermint oil': 1, 'Methyl cellulose': 1, 'Thonzylamine': 1, 'Hexylresorcinol': 1, 'Levomefolic acid': 1, 'Polysilicone-15': 1, 'Ixekizumab': 1, 'Asunaprevir': 1, 'Domiphen': 1, 'Atezolizumab': 1, 'Levoleucovorin': 1, 'Normethadone': 1, 'Velpatasvir': 1, 'Hepatitis B Vaccine (Recombinant)': 1, 'Temoporfin': 1, 'Delamanid': 1, 'Vinflunine': 1, 'Durvalumab': 1, 'Galactose': 1, 'Icotinib': 1, 'Sarilumab': 1, 'Niraparib': 1, 'Baricitinib': 1, 'Ertugliflozin': 1, 'Guselkumab': 1, 'Angiotensin II': 1, 'Abemaciclib': 1, 'Stem bromelain': 1, 'Cantharidin': 1, 'Rucaparib': 1, 'Nicoboxil': 1, 'Lenograstim': 1, 'Protein S human': 1, 'Coagulation factor VII human': 1, 'Lipegfilgrastim': 1, 'Perboric acid': 1, 'Bufexamac': 1, 'Mifamurtide': 1, 'Bioallethrin': 1, 'Magnesium gluconate': 1, 'Glycyrrhizic acid': 1, 'Calcium levulinate': 1, 'Human cytomegalovirus immune globulin': 1, 'Talimogene laherparepvec': 1, 'Axicabtagene ciloleucel': 1, 'Testosterone undecanoate': 1, 'Medium-chain triglycerides': 1, 'Fish oil': 1, 'Remestemcel-L': 1, 'Besilesomab': 1, 'alpha-Tocopherol succinate': 1, 'alpha-Tocopherol acetate': 1, 'Nabiximols': 1, 'Fosnetupitant': 1, 'Human vaccinia virus immune globulin': 1, 'Calcitriol': 2, 'Calcidiol': 2, 'Cholecalciferol': 2, 'L-Carnitine': 1, 'Icodextrin': 1}"
102,351,"{'D07', 'M60', 'E85', 'C26', 'E22', 'A48', 'L80', 'L25', 'E23', 'C45', 'A69', 'B44', 'D31', 'C84', 'G24', 'C69', 'F52', 'B86', 'C76', 'L81', 'C41', 'B49'}","{'Leuprolide': 1, 'Goserelin': 1, 'Infliximab': 1, 'Capromab pendetide': 1, 'Abarelix': 1, 'Enflurane': 1, 'Terconazole': 2, 'Diethylstilbestrol': 1, 'Clotrimazole': 1, 'Conjugated estrogens': 2, 'Megestrol acetate': 1, 'Methylergometrine': 1, 'Flutamide': 1, 'Toremifene': 1, 'Butoconazole': 1, 'Dyclonine': 1, 'Nilutamide': 1, 'Estradiol': 3, 'Dienestrol': 1, 'Tinidazole': 1, 'Tioconazole': 1, 'Melatonin': 1, 'Benzocaine': 1, 'Dutasteride': 1, 'Clindamycin': 1, 'Estramustine': 1, 'Finasteride': 1, 'Docetaxel': 1, 'Equilin': 1, 'Propanoic acid': 1, 'Dequalinium': 1, 'Estrone sulfate': 2, 'Quinestrol': 1, 'Ixabepilone': 1, 'Ospemifene': 2, 'Samarium (153Sm) lexidronam': 1, 'Abiraterone': 1, 'Lasofoxifene': 2, 'rsPSMA Vaccine': 1, 'Denosumab': 1, 'Sipuleucel-T': 1, 'Degarelix': 1, 'Buserelin': 1, 'Cabazitaxel': 1, 'Histrelin': 1, 'Triptorelin': 1, 'Enzalutamide': 1, 'Radium Ra 223 Dichloride': 1, 'Choline C 11': 1, 'Synthetic Conjugated Estrogens, A': 2, 'Synthetic Conjugated Estrogens, B': 2, 'Tannic acid': 1, 'Estrogens, esterified': 1, 'Sodium carbonate': 1, 'Choline C-11': 1, 'Oxyquinoline': 1, 'Apalutamide': 1, 'Fluciclovine (18F)': 1, 'Acetarsol': 1, 'Estradiol acetate': 1, 'Estradiol valerate': 2, 'Prednisone': 9, 'Melphalan': 2, 'Tauroursodeoxycholic acid': 2, 'Tafamidis': 2, 'Ibrutinib': 1, 'Iopodic acid': 1, 'Technetium Tc-99m sulfur colloid': 1, 'Conivaptan': 1, 'Erythromycin': 1, 'Clarithromycin': 2, 'L-Phenylalanine': 2, 'Methoxsalen': 2, 'Monobenzone': 2, 'Trioxsalen': 2, 'Bentoquatam': 1, 'Flumethasone': 1, 'Desmopressin': 1, 'Vasopressin': 1, 'Pemetrexed': 2, 'Lyme disease vaccine (recombinant OspA)': 1, 'Lymecycline': 1, 'Demeclocycline': 1, 'Tetracycline': 1, 'Caspofungin': 2, 'Voriconazole': 3, 'Micafungin': 2, 'Itraconazole': 3, 'Posaconazole': 3, 'Isavuconazonium': 3, 'Isavuconazole': 3, 'Fluorometholone': 4, 'Framycetin': 2, 'Verteporfin': 2, 'Warfarin': 2, 'Hydroxypropyl cellulose': 2, 'Cysteamine': 2, 'Tacrolimus': 2, 'Dexamethasone': 4, 'Ranibizumab': 2, 'Ancrod': 2, 'Naphazoline': 2, 'Hyaluronic acid': 4, 'Aflibercept': 2, 'Trypan blue free acid': 2, 'Rose bengal': 4, 'Edoxudine': 2, 'Voretigene Neparvovec': 2, 'Cyclophosphamide': 2, 'Methotrexate': 2, 'Vinblastine': 2, 'Mechlorethamine': 2, 'Belinostat': 1, 'Romidepsin': 1, 'Pralatrexate': 1, 'Botulinum Toxin Type B': 2, 'Botulinum Toxin Type A': 3, 'Sertraline': 1, 'Clomipramine': 1, 'Prasterone': 1, 'Turpentine': 1, 'Crotamiton': 2, 'Ivermectin': 2, 'Benzyl Benzoate': 2, 'Permethrin': 2, 'Bioallethrin': 2, 'Fondaparinux': 1, 'Isosulfan blue': 1, 'Barium sulfate': 1, 'Hydroquinone': 1, 'Arbutin': 1, 'Fluoride ion F-18': 1, 'Ketoconazole': 1, 'Hydroxystilbamidine Isethionate': 1, 'Ciclopirox': 1, 'Efinaconazole': 1, 'Tavaborole': 1, 'Coccidioides immitis spherule': 1}"
103,354,"{'B37', 'A41'}","{'Terconazole': 2, 'Clotrimazole': 2, 'Anidulafungin': 2, 'Caspofungin': 2, 'Voriconazole': 2, 'Butoconazole': 2, 'Tioconazole': 2, 'Ketoconazole': 2, 'Miconazole': 2, 'Econazole': 2, 'Micafungin': 2, 'Posaconazole': 2, 'Dequalinium': 2, 'Netilmicin': 1, 'Latamoxef': 1}"
104,356,"{'K73', 'C24'}","{'Peginterferon alfa-2a': 1, 'Interferon Alfa-2a, Recombinant': 1, 'Tenofovir disoproxil': 1, 'Entecavir': 1, 'Lamivudine': 1, 'Adefovir Dipivoxil': 1, 'Ribavirin': 1, 'Telbivudine': 1, 'Simeprevir': 1, 'Acetylcarnitine': 1, 'Sofosbuvir': 1, 'Ombitasvir': 1, 'Paritaprevir': 1, 'Tenofovir alafenamide': 1, 'Asunaprevir': 1, 'Velpatasvir': 1, 'Hepatitis B Vaccine (Recombinant)': 1, 'Anethole trithione': 1, 'Pibrentasvir': 1, 'Glecaprevir': 1, 'Human secretin': 1}"
105,364,"{'N30', 'C68'}","{'Hyoscyamine': 2, 'Trimethoprim': 2, 'Enoxacin': 3, 'Ciprofloxacin': 3, 'Pentosan Polysulfate': 2, 'Nitrofurantoin': 2, 'Fosfomycin': 3, 'Dimethyl sulfoxide': 2, 'Flavoxate': 3, 'Hyaluronic acid': 2, 'Coenzyme M': 2, 'Technetium Tc-99m disofenin': 2, 'Anethole trithione': 2, 'Acetyl sulfisoxazole': 2, 'Cefixime': 1, 'Trovafloxacin': 1, 'Amoxicillin': 1, 'Ofloxacin': 1, 'Finasteride': 1, 'Bacillus calmette-guerin substrain connaught live antigen': 1, 'Durvalumab': 1}"
106,366,"{'D72', 'C91', 'C85'}","{'Diethylcarbamazine': 1, 'Benralizumab': 1, 'Teniposide': 1, 'Imatinib': 1, 'Inotuzumab ozogamicin': 1, 'Chlorambucil': 1, 'Mechlorethamine': 1}"
107,369,"{'D29', 'N02'}","{'Leuprolide': 1, 'Goserelin': 1, 'Capromab pendetide': 1, 'Abarelix': 1, 'Diethylstilbestrol': 1, 'Conjugated estrogens': 1, 'Megestrol acetate': 2, 'Flutamide': 1, 'Toremifene': 1, 'Nilutamide': 1, 'Estradiol': 1, 'Melatonin': 2, 'Dutasteride': 1, 'Estramustine': 1, 'Finasteride': 1, 'Docetaxel': 2, 'Equilin': 1, 'Quinestrol': 1, 'Ixabepilone': 2, 'Samarium (153Sm) lexidronam': 1, 'Abiraterone': 1, 'rsPSMA Vaccine': 1, 'Denosumab': 1, 'Sipuleucel-T': 2, 'Degarelix': 1, 'Buserelin': 1, 'Cabazitaxel': 1, 'Histrelin': 1, 'Triptorelin': 1, 'Enzalutamide': 1, 'Radium Ra 223 Dichloride': 1, 'Choline C 11': 1, 'Estrogens, esterified': 2, 'Choline C-11': 1, 'Apalutamide': 1, 'Fluciclovine (18F)': 1, 'Testosterone cypionate': 1, 'Testosterone enanthate': 1, 'Testosterone undecanoate': 2, 'Estradiol valerate': 1, 'Cetuximab': 1, 'Peginterferon alfa-2a': 1, 'Erythropoietin': 1, 'Salmon Calcitonin': 1, 'Pegfilgrastim': 1, 'Peginterferon alfa-2b': 1, 'Asparaginase Escherichia coli': 1, 'Oprelvekin': 1, 'Palifermin': 1, 'Rasburicase': 1, 'Gemtuzumab ozogamicin': 1, 'Infliximab': 1, 'Hyaluronidase': 1, 'Pancrelipase': 1, 'Efalizumab': 1, 'Filgrastim': 1, 'Octreotide': 1, 'Esmolol': 1, 'Ethchlorvynol': 1, 'Hydroxocobalamin': 1, 'Ticlopidine': 1, 'Torasemide': 1, 'Nelfinavir': 1, 'Methyclothiazide': 1, 'Nevirapine': 1, 'Cabergoline': 1, 'Lymecycline': 1, 'Cycloserine': 1, 'Sulfisoxazole': 1, 'Theophylline': 1, 'Travoprost': 1, 'Atomoxetine': 1, 'Tenofovir disoproxil': 1, 'Bexarotene': 1, 'Chlorthalidone': 1, 'Capreomycin': 1, 'Gefitinib': 1, 'Amitriptyline': 1, 'Floxuridine': 1, 'Tolcapone': 1, 'Omeprazole': 1, 'Pyrazinamide': 1, 'Trimethadione': 1, 'Buclizine': 1, 'Vinorelbine': 1, 'Anidulafungin': 1, 'Doxylamine': 1, 'Levonorgestrel': 1, 'Palonosetron': 1, 'Griseofulvin': 1, 'Nisoldipine': 1, 'Ampicillin': 1, 'Methylphenidate': 1, 'Methocarbamol': 1, 'Triprolidine': 1, 'Carboprost Tromethamine': 1, 'Lindane': 1, 'Allopurinol': 1, 'Cerivastatin': 1, 'Trimethoprim': 1, 'Dronabinol': 1, 'Nabilone': 1, 'Zidovudine': 1, 'Haloperidol': 1, 'Ritonavir': 1, 'Caspofungin': 1, 'Metolazone': 1, 'Tolnaftate': 1, 'Erlotinib': 1, 'Lamotrigine': 1, 'Methotrexate': 1, 'Cinnarizine': 1, 'Amiloride': 1, 'Labetalol': 1, 'Thiopental': 1, 'Cyclothiazide': 1, 'Ethionamide': 1, 'Paramethadione': 1, 'Demeclocycline': 1, 'Bacitracin': 1, 'Prednisone': 1, 'Pemetrexed': 1, 'Dyclonine': 1, 'Flumethasone': 1, 'Aprepitant': 1, 'Isoflurophate': 1, 'Phentolamine': 1, 'Furosemide': 1, 'Amprenavir': 1, 'Gadobenic acid': 1, 'Tretinoin': 1, 'Hexachlorophene': 1, 'Dolasetron': 1, 'Etoposide': 1, 'Hydroflumethiazide': 1, 'Oxcarbazepine': 1, 'Phenelzine': 1, 'Indapamide': 1, 'Ribavirin': 1, 'Dacarbazine': 1, 'Pseudoephedrine': 1, 'Chlorphenesin': 1, 'Eprosartan': 1, 'Emtricitabine': 1, 'Chlorothiazide': 1, 'Didanosine': 1, 'Ondansetron': 1, 'Bimatoprost': 1, 'Dinoprostone': 1, 'Misoprostol': 1, 'Zalcitabine': 1, 'Hydrocodone': 1, 'Carboplatin': 1, 'Telmisartan': 1, 'Dactinomycin': 1, 'Neomycin': 1, 'Doxorubicin': 1, 'Salbutamol': 1, 'Guanfacine': 1, 'Ethinamate': 1, 'Selegiline': 1, 'Hydroxystilbamidine Isethionate': 1, 'Melphalan': 1, 'Abacavir': 1, 'Novobiocin': 1, 'Atazanavir': 1, 'Vigabatrin': 1, 'Streptomycin': 1, 'Hesperetin': 1, 'Rosuvastatin': 1, 'Capecitabine': 1, 'Amiodarone': 1, 'Proguanil': 1, 'Micafungin': 1, 'Procarbazine': 1, 'Cyclizine': 1, 'Ifosfamide': 1, 'Clindamycin': 1, 'Flecainide': 2, 'Captopril': 1, 'Bromocriptine': 1, 'Lomustine': 1, 'Clarithromycin': 1, 'Ketamine': 1, 'Budesonide': 1, 'Bromodiphenhydramine': 1, 'Isocarboxazid': 1, 'Posaconazole': 1, 'Darunavir': 1, 'Panitumumab': 1, 'Mecasermin': 1, 'Nelarabine': 1, 'Abatacept': 1, 'Bismuth Subsalicylate': 1, 'Fosamprenavir': 1, 'Potassium': 1, 'Hexobarbital': 1, 'Penbutolol': 1, 'Iohexol': 1, 'Rasagiline': 1, 'Oxybenzone': 1, 'Antipyrine': 1, 'Phenazopyridine': 1, 'Fencamfamine': 1, 'Flunitrazepam': 1, 'Liotrix': 1, 'Lopinavir': 1, 'Meticillin': 1, 'Phenindamine': 1, 'Acetylcholine': 1, 'Propanoic acid': 1, 'Thiotepa': 1, 'Suramin': 1, 'Tetrabenazine': 1, 'Defibrotide': 1, 'Tamibarotene': 1, 'Trabectedin': 2, 'Methsuximide': 1, 'Natural alpha interferon': 1, 'Iodine': 1, 'Tetrachlorodecaoxide': 1, 'Mipomersen': 1, 'Ramucirumab': 1, 'Sodium stibogluconate': 1, 'Ustekinumab': 1, 'Thrombomodulin Alfa': 1, 'Inotuzumab ozogamicin': 1, 'Obeticholic acid': 1, 'Olaratumab': 1, 'Lasofoxifene': 1, 'Hyaluronidase (Human Recombinant)': 1, 'Asenapine': 1, 'Droxidopa': 1, 'Temsirolimus': 1, 'Saxagliptin': 1, 'Pertuzumab': 1, 'Oxymetholone': 1, 'Etravirine': 1, 'Pazopanib': 1, 'Safinamide': 1, 'Dexmethylphenidate': 1, 'Potassium Iodide': 1, 'Fosaprepitant': 1, 'Beta carotene': 1, 'Fomivirsen': 1, 'Dalteparin': 1, 'Hexocyclium': 1, 'Nonoxynol-9': 1, 'Raltegravir': 1, 'Unoprostone': 1, 'Diloxanide': 1, 'Azidocillin': 1, 'Chloropyramine': 1, 'Dimetindene': 1, 'Triflusal': 1, 'Hyaluronic acid': 1, 'Ivacaftor': 1, 'Acetylcarnitine': 1, 'Rilpivirine': 1, 'Brentuximab vedotin': 1, 'Eribulin': 1, 'Asparaginase Erwinia chrysanthemi': 1, 'Tofacitinib': 1, 'Regorafenib': 1, 'Afatinib': 1, 'Dolutegravir': 1, 'Riociguat': 1, 'Sofosbuvir': 1, 'Secukinumab': 1, 'Nivolumab': 1, 'Pembrolizumab': 1, 'Netupitant': 1, 'Idelalisib': 1, 'Cannabidiol': 1, 'Cobicistat': 1, 'Olaparib': 1, 'Dinutuximab': 1, 'Benzoyl peroxide': 1, 'Somatostatin': 1, 'Elvitegravir': 1, 'Ancestim': 1, 'Hydroxyethyl Starch': 1, 'Aurothioglucose': 1, 'Oxygen': 1, 'Florbetaben (18F)': 1, 'Florbetapir (18F)': 1, 'Flutemetamol (18F)': 1, 'Carbon dioxide': 1, 'Lorpiprazole': 1, 'Moxisylyte': 1, 'Piracetam': 1, 'Dexibuprofen': 1, 'Zotepine': 1, 'Lacidipine': 1, 'Moxonidine': 1, 'Tegafur': 1, 'Strontium ranelate': 1, 'Ubidecarenone': 1, 'Rolapitant': 1, 'Sacubitril': 1, 'Zinc oxide': 1, 'Benzathine benzylpenicillin': 1, 'Kappadione': 1, 'Tipiracil': 1, 'Pramocaine': 1, 'Sodium acetate': 1, 'Fluoride ion F-18': 1, 'Magnesium acetate tetrahydrate': 1, 'Monopotassium phosphate': 1, 'Xylose': 1, 'Indium In-111 chloride': 1, 'Fludeoxyglucose F-18': 1, 'Talc': 1, 'Sodium glycerophosphate': 1, 'Omega-3-carboxylic acids': 1, 'Dermatophagoides farinae': 1, 'Dermatophagoides pteronyssinus': 1, 'Bovine type I collagen': 1, 'Hepatitis A Vaccine': 1, 'Cetylpyridinium': 1, 'Resorcinol': 1, 'N-acetyltyrosine': 1, 'Cresol': 1, 'Bicisate': 1, 'Ferric sulfate': 1, 'Peppermint oil': 1, 'Methyl cellulose': 1, 'Thonzylamine': 1, 'Hexylresorcinol': 1, 'Levomefolic acid': 1, 'Polysilicone-15': 1, 'Ixekizumab': 1, 'Asunaprevir': 1, 'Domiphen': 1, 'Atezolizumab': 1, 'Levoleucovorin': 1, 'Normethadone': 1, 'Velpatasvir': 1, 'Hepatitis B Vaccine (Recombinant)': 1, 'Temoporfin': 1, 'Delamanid': 1, 'Vinflunine': 1, 'Durvalumab': 1, 'Galactose': 1, 'Icotinib': 1, 'Sarilumab': 1, 'Niraparib': 1, 'Baricitinib': 1, 'Ertugliflozin': 1, 'Guselkumab': 1, 'Angiotensin II': 1, 'Abemaciclib': 1, 'Stem bromelain': 1, 'Cantharidin': 1, 'Rucaparib': 1, 'Nicoboxil': 1, 'Lenograstim': 1, 'Protein S human': 1, 'Coagulation factor VII human': 1, 'Lipegfilgrastim': 1, 'Perboric acid': 1, 'Bufexamac': 1, 'Mifamurtide': 1, 'Bioallethrin': 1, 'Magnesium gluconate': 1, 'Glycyrrhizic acid': 1, 'Calcium levulinate': 1, 'Human cytomegalovirus immune globulin': 1, 'Talimogene laherparepvec': 1, 'Axicabtagene ciloleucel': 1, 'Medium-chain triglycerides': 1, 'Fish oil': 1, 'Remestemcel-L': 1, 'Besilesomab': 1, 'alpha-Tocopherol succinate': 1, 'alpha-Tocopherol acetate': 1, 'Nabiximols': 1, 'Fosnetupitant': 1, 'Human vaccinia virus immune globulin': 1}"
108,370,"{'D72', 'C91', 'C85'}","{'Diethylcarbamazine': 1, 'Benralizumab': 1, 'Teniposide': 1, 'Imatinib': 1, 'Inotuzumab ozogamicin': 1, 'Chlorambucil': 1, 'Mechlorethamine': 1}"
109,374,"{'L20', 'L71', 'I22', 'M45', 'L23', 'L29', 'L50', 'C45', 'L08'}","{'Pimecrolimus': 2, 'Prednisone': 2, 'Flumethasone': 2, 'Tacrolimus': 2, 'Doxepin': 4, 'Crisaborole': 2, 'Tranilast': 2, 'Peppermint oil': 2, 'Aloe Polysaccharide': 2, 'Brimonidine': 2, 'Loteprednol': 2, 'Metronidazole': 2, 'Benzoyl peroxide': 2, 'Fondaparinux': 2, 'Etanercept': 2, 'Adalimumab': 2, 'Infliximab': 2, 'Indomethacin': 2, 'Celecoxib': 2, 'Sulindac': 2, 'Naproxen': 2, 'Phenylbutazone': 2, 'Prednisolone': 2, 'Acetylsalicylic acid': 2, 'Ketoprofen': 2, 'Ibuprofen': 2, 'Etoricoxib': 2, 'Golimumab': 2, 'Aceclofenac': 2, 'Tofacitinib': 2, 'Alclofenac': 2, 'Acemetacin': 2, 'Bentoquatam': 2, 'Clemastine': 4, 'Loratadine': 5, 'Hydroxyzine': 4, 'Desloratadine': 5, 'Alimemazine': 4, 'Cholestyramine': 2, 'Dimetindene': 4, 'Pramocaine': 2, 'Acrivastine': 2, 'Butamben': 2, 'Estradiol acetate': 2, 'Cetirizine': 3, 'Triprolidine': 2, 'Cyproheptadine': 2, 'Carbinoxamine': 2, 'Mequitazine': 2, 'Chlorphenamine': 2, 'Pheniramine': 2, 'Dexchlorpheniramine maleate': 2, 'Bilastine': 2, 'Rupatadine': 2, 'Pemetrexed': 2, 'Nitrofural': 1, 'Sulfapyridine': 1}"
110,375,"{'G43', 'G71', 'F40', 'I22', 'E61', 'C75', 'G44'}","{'Eletriptan': 2, 'Butalbital': 2, 'Metoprolol': 2, 'Topiramate': 2, 'Valproic Acid': 2, 'Zolmitriptan': 2, 'Dihydroergotamine': 2, 'Amitriptyline': 2, 'Timolol': 2, 'Rofecoxib': 2, 'Propranolol': 2, 'Clonidine': 2, 'Sumatriptan': 2, 'Ergotamine': 2, 'Nicergoline': 2, 'Almotriptan': 2, 'Naratriptan': 2, 'Rizatriptan': 2, 'Frovatriptan': 2, 'Flunarizine': 2, 'Pizotifen': 2, 'Isometheptene': 2, 'Acetylcarnitine': 2, 'Tolfenamic Acid': 2, 'Ubidecarenone': 2, 'Dihydro-alpha-ergocryptine': 2, 'Erenumab': 2, 'Ataluren': 1, 'Eteplirsen': 1, 'Deflazacort': 1, 'Venlafaxine': 1, 'Alprazolam': 1, 'Imipramine': 1, 'Fluoxetine': 1, 'Paroxetine': 1, 'Sertraline': 1, 'Fondaparinux': 2, 'Magnesium sulfate': 1, 'Iron Dextran': 1, 'Ferumoxytol': 1, 'Cupric sulfate': 1, 'Ferric Carboxymaltose': 1, 'Iron saccharate': 1, 'Magnesium acetate tetrahydrate': 1, 'Sodium ferric gluconate complex': 1, 'Ferrous sulfate': 1, 'Magnesium gluconate': 1, 'Ferric pyrophosphate citrate': 1, 'Calcium glubionate': 1, 'Peppermint oil': 1}"
111,376,"{'M79', 'M54'}","{'Ademetionine': 2, 'Pregabalin': 2, 'Fluoxetine': 2, 'Duloxetine': 2, 'Milnacipran': 2, 'Flupirtine': 2, 'Benzydamine': 1, 'Clonixin': 1, 'Pirlindole': 2, 'Ubidecarenone': 2, 'Tianeptine': 2, 'Etoricoxib': 1, 'Methyl salicylate': 1, 'Nicoboxil': 1, 'Acemetacin': 1}"
112,378,"{'F13', 'F10'}","{'Ziprasidone': 2, 'Olanzapine': 2, 'Loxapine': 2, 'Prochlorperazine': 2, 'Fluphenazine': 2, 'Perphenazine': 2, 'Quetiapine': 2, 'Aripiprazole': 2, 'Chlorprothixene': 2, 'Molindone': 2, 'Aripiprazole lauroxil': 2}"
113,379,"{'F32', 'F43', 'F13', 'F41'}","{'Imipramine': 3, 'Tranylcypromine': 2, 'Agomelatine': 2, 'Sertraline': 1, 'Ziprasidone': 1, 'Olanzapine': 1, 'Loxapine': 1, 'Prochlorperazine': 1, 'Fluphenazine': 1, 'Perphenazine': 1, 'Quetiapine': 1, 'Aripiprazole': 1, 'Chlorprothixene': 1, 'Molindone': 1, 'Aripiprazole lauroxil': 1, 'Lorazepam': 1, 'Butabarbital': 1, 'Meprobamate': 1, 'Chlordiazepoxide': 1, 'Buspirone': 1, 'Clorazepate': 1, 'Halazepam': 1, 'Diazepam': 1, 'Trifluoperazine': 1, 'Oxazepam': 1, 'Desipramine': 1, 'Clotiazepam': 1, 'Fludiazepam': 1, 'Prazepam': 1, 'Cinolazepam': 1}"
114,381,"{'F17', 'J82'}","{'Ziprasidone': 1, 'Olanzapine': 1, 'Loxapine': 1, 'Prochlorperazine': 1, 'Fluphenazine': 1, 'Perphenazine': 1, 'Quetiapine': 1, 'Aripiprazole': 1, 'Chlorprothixene': 1, 'Molindone': 1, 'Aripiprazole lauroxil': 1, 'Diethylcarbamazine': 1}"
115,382,"{'N48', 'K02', 'F32', 'G35', 'G20'}","{'Phenylpropanolamine': 1, 'Pseudoephedrine': 1, 'Ancrod': 1, 'Chlorhexidine': 2, 'Calcium glycerophosphate': 2, 'Silver': 2, 'Imipramine': 2, 'Tranylcypromine': 2, 'Agomelatine': 2, 'Immune Globulin Human': 2, 'Interferon beta-1a': 2, 'Interferon beta-1b': 2, 'Natalizumab': 2, 'Baclofen': 2, 'Prednisone': 2, 'Mitoxantrone': 2, 'Glatiramer': 2, 'Ibudilast': 2, 'Tolperisone': 2, 'Dalfampridine': 2, 'Fingolimod': 2, 'Teriflunomide': 2, 'Dimethyl fumarate': 2, 'Cannabidiol': 2, 'Peginterferon beta-1a': 2, 'Ocrelizumab': 2, 'Mephenesin': 2, 'Nabiximols': 2, 'NADH': 2, 'Carbidopa': 2, 'Ropinirole': 2, 'Tolcapone': 2, 'Trihexyphenidyl': 2, 'Procyclidine': 2, 'Ethopropazine': 2, 'Pramipexole': 2, 'Hyoscyamine': 2, 'Entacapone': 2, 'Lisuride': 2, 'Apomorphine': 2, 'Cycrimine': 2, 'Rivastigmine': 2, 'Selegiline': 2, 'Orphenadrine': 2, 'Pergolide': 2, 'Levodopa': 2, 'Rotigotine': 2, 'Pimavanserin': 2, 'Droxidopa': 2, 'Benserazide': 2}"
116,384,"{'G41', 'G40'}","{'Lorazepam': 2, 'Adinazolam': 2, 'Propofol': 2, 'Fosphenytoin': 2, 'Clobazam': 2, 'Carbamazepine': 2, 'Ethosuximide': 2, 'Oxcarbazepine': 2, 'Primidone': 2, 'Phensuximide': 2, 'Progabide': 2, 'Methylphenobarbital': 2, 'Zonisamide': 2, 'Felbamate': 2, 'Gabapentin': 2, 'Vigabatrin': 2, 'Phenacemide': 2, 'Levetiracetam': 2, 'Flunarizine': 2, 'Lacosamide': 2, 'Stiripentol': 2}"
117,386,"{'H16', 'H81', 'K30', 'H10'}","{'Idoxuridine': 5, 'Trifluridine': 5, 'Framycetin': 1, 'Sulfacetamide': 4, 'Prednisone': 4, 'Natamycin': 4, 'Hydroxypropyl cellulose': 5, 'Loteprednol': 4, 'Cromoglicic acid': 5, 'Flavin adenine dinucleotide': 2, 'Lodoxamide': 5, 'Rose bengal': 5, 'Lifitegrast': 3, 'Edoxudine': 2, 'Human vaccinia virus immune globulin': 2, 'Cinnarizine': 1, 'Diphenhydramine': 1, 'Diphenidol': 1, 'Ranitidine': 2, 'Domperidone': 2, 'Cinitapride': 2, 'Polaprezinc': 2, 'Bismuth Subcitrate': 2, 'Moxifloxacin': 2, 'Medrysone': 2, 'Sulfisoxazole': 2, 'Triprolidine': 2, 'Cyproheptadine': 2, 'Chloramphenicol': 2, 'Astemizole': 2, 'Carbinoxamine': 2, 'Epinastine': 2, 'Olopatadine': 2, 'Pemirolast': 2, 'Ketotifen': 2, 'Azelastine': 2, 'Emedastine': 2, 'Levocabastine': 2, 'Levofloxacin': 2, 'Bepotastine': 2, 'Alcaftadine': 2, 'Besifloxacin': 2, 'Antazoline': 2, 'Chloropyramine': 2, 'Spaglumic Acid': 2, 'Dexchlorpheniramine maleate': 2, 'Dermatophagoides farinae': 2, 'Dermatophagoides pteronyssinus': 2, 'Acetyl sulfisoxazole': 2}"
118,389,"{'H36', 'E10', 'H26'}","{'Ripasudil': 1, 'Miglitol': 2, 'Glipizide': 2, 'Tolbutamide': 2, 'Vitamin E': 1, 'Bromfenac': 1, 'Acetylcholine': 1, 'Nepafenac': 1, 'Hyaluronic acid': 1, 'D-alpha-Tocopherol acetate': 1}"
119,390,"{'F05', 'H60', 'F52', 'G30', 'A48', 'E55', 'E11', 'C76', 'L28', 'L08', 'N04'}","{'Thiamine': 1, 'Haloperidol': 2, 'Ergoloid mesylate': 1, 'Neomycin': 3, 'Finafloxacin': 2, 'Sertraline': 1, 'Clomipramine': 1, 'Prasterone': 1, 'Turpentine': 1, 'Phosphatidyl serine': 2, 'NADH': 2, 'Galantamine': 2, 'Selegiline': 3, 'Huperzine A': 2, 'Huperzine-A': 2, 'Florbetapir (18F)': 3, 'Flutemetamol (18F)': 3, 'Methylene blue': 2, 'Erythromycin': 1, 'Clarithromycin': 2, 'Calcitriol': 2, 'Calcidiol': 2, 'Cholecalciferol': 2, 'Calcium Gluceptate': 2, 'Miglitol': 2, 'Glipizide': 2, 'Tolbutamide': 2, 'Fondaparinux': 1, 'Isosulfan blue': 1, 'Barium sulfate': 1, 'Doxepin': 1, 'Nitrofural': 1, 'Sulfapyridine': 1, 'Cetuximab': 1, 'Peginterferon alfa-2a': 1, 'Erythropoietin': 1, 'Salmon Calcitonin': 1, 'Pegfilgrastim': 1, 'Peginterferon alfa-2b': 1, 'Asparaginase Escherichia coli': 1, 'Oprelvekin': 1, 'Palifermin': 1, 'Rasburicase': 1, 'Gemtuzumab ozogamicin': 1, 'Infliximab': 1, 'Hyaluronidase': 1, 'Pancrelipase': 1, 'Efalizumab': 1, 'Filgrastim': 1, 'Octreotide': 1, 'Esmolol': 1, 'Ethchlorvynol': 1, 'Hydroxocobalamin': 1, 'Ticlopidine': 1, 'Torasemide': 1, 'Nelfinavir': 1, 'Methyclothiazide': 1, 'Nevirapine': 1, 'Cabergoline': 1, 'Lymecycline': 1, 'Cycloserine': 1, 'Sulfisoxazole': 1, 'Theophylline': 1, 'Travoprost': 1, 'Atomoxetine': 1, 'Chlorambucil': 2, 'Tenofovir disoproxil': 1, 'Bexarotene': 1, 'Chlorthalidone': 1, 'Capreomycin': 1, 'Gefitinib': 1, 'Amitriptyline': 1, 'Floxuridine': 1, 'Tolcapone': 1, 'Omeprazole': 1, 'Pyrazinamide': 1, 'Trimethadione': 1, 'Megestrol acetate': 1, 'Buclizine': 1, 'Vinorelbine': 1, 'Anidulafungin': 1, 'Doxylamine': 1, 'Levonorgestrel': 1, 'Palonosetron': 1, 'Triamterene': 2, 'Griseofulvin': 1, 'Nisoldipine': 1, 'Ampicillin': 1, 'Methylphenidate': 1, 'Methocarbamol': 1, 'Triprolidine': 1, 'Carboprost Tromethamine': 1, 'Lindane': 1, 'Allopurinol': 1, 'Cerivastatin': 1, 'Trimethoprim': 1, 'Dronabinol': 1, 'Nabilone': 1, 'Zidovudine': 1, 'Ritonavir': 1, 'Caspofungin': 1, 'Metolazone': 1, 'Tolnaftate': 1, 'Erlotinib': 1, 'Cyclophosphamide': 2, 'Lamotrigine': 1, 'Methotrexate': 1, 'Cinnarizine': 1, 'Amiloride': 1, 'Labetalol': 1, 'Thiopental': 1, 'Cyclothiazide': 1, 'Ethionamide': 1, 'Paramethadione': 1, 'Demeclocycline': 1, 'Bacitracin': 1, 'Prednisone': 3, 'Pemetrexed': 1, 'Dyclonine': 1, 'Flumethasone': 1, 'Aprepitant': 1, 'Isoflurophate': 1, 'Phentolamine': 1, 'Furosemide': 3, 'Amprenavir': 1, 'Gadobenic acid': 1, 'Tretinoin': 1, 'Hexachlorophene': 1, 'Dolasetron': 1, 'Etoposide': 1, 'Hydroflumethiazide': 1, 'Oxcarbazepine': 1, 'Phenelzine': 1, 'Indapamide': 1, 'Ribavirin': 1, 'Dacarbazine': 1, 'Pseudoephedrine': 1, 'Chlorphenesin': 1, 'Eprosartan': 1, 'Emtricitabine': 1, 'Chlorothiazide': 1, 'Bumetanide': 2, 'Didanosine': 1, 'Ondansetron': 1, 'Bimatoprost': 1, 'Dinoprostone': 1, 'Misoprostol': 1, 'Zalcitabine': 1, 'Hydrocodone': 1, 'Carboplatin': 1, 'Telmisartan': 1, 'Dactinomycin': 1, 'Doxorubicin': 1, 'Salbutamol': 1, 'Guanfacine': 1, 'Ethinamate': 1, 'Hydroxystilbamidine Isethionate': 1, 'Melphalan': 1, 'Abacavir': 1, 'Novobiocin': 1, 'Melatonin': 1, 'Atazanavir': 1, 'Vigabatrin': 1, 'Streptomycin': 1, 'Hesperetin': 1, 'Rosuvastatin': 1, 'Capecitabine': 1, 'Amiodarone': 1, 'Proguanil': 1, 'Micafungin': 1, 'Procarbazine': 1, 'Cyclizine': 1, 'Ifosfamide': 1, 'Clindamycin': 1, 'Flecainide': 2, 'Captopril': 1, 'Bromocriptine': 1, 'Lomustine': 1, 'Ketamine': 1, 'Budesonide': 1, 'Bromodiphenhydramine': 1, 'Isocarboxazid': 1, 'Docetaxel': 1, 'Posaconazole': 1, 'Darunavir': 1, 'Panitumumab': 1, 'Mecasermin': 1, 'Nelarabine': 1, 'Abatacept': 1, 'Bismuth Subsalicylate': 1, 'Fosamprenavir': 1, 'Potassium': 1, 'Hexobarbital': 1, 'Penbutolol': 1, 'Iohexol': 1, 'Rasagiline': 1, 'Oxybenzone': 1, 'Antipyrine': 1, 'Phenazopyridine': 1, 'Fencamfamine': 1, 'Flunitrazepam': 1, 'Liotrix': 1, 'Lopinavir': 1, 'Meticillin': 1, 'Phenindamine': 1, 'Acetylcholine': 1, 'Propanoic acid': 1, 'Thiotepa': 1, 'Suramin': 1, 'Tetrabenazine': 1, 'Ixabepilone': 1, 'Defibrotide': 1, 'Tamibarotene': 1, 'Trabectedin': 2, 'Methsuximide': 1, 'Natural alpha interferon': 1, 'Iodine': 1, 'Tetrachlorodecaoxide': 1, 'Mipomersen': 1, 'Ramucirumab': 1, 'Sodium stibogluconate': 1, 'Ustekinumab': 1, 'Thrombomodulin Alfa': 1, 'Inotuzumab ozogamicin': 1, 'Obeticholic acid': 1, 'Olaratumab': 1, 'Lasofoxifene': 1, 'Hyaluronidase (Human Recombinant)': 1, 'Asenapine': 1, 'Droxidopa': 1, 'Temsirolimus': 1, 'Saxagliptin': 1, 'Pertuzumab': 1, 'Oxymetholone': 1, 'Etravirine': 1, 'Pazopanib': 1, 'Safinamide': 1, 'Sipuleucel-T': 1, 'Dexmethylphenidate': 1, 'Potassium Iodide': 1, 'Fosaprepitant': 1, 'Beta carotene': 1, 'Fomivirsen': 1, 'Dalteparin': 1, 'Hexocyclium': 1, 'Nonoxynol-9': 1, 'Raltegravir': 1, 'Unoprostone': 1, 'Diloxanide': 1, 'Azidocillin': 1, 'Chloropyramine': 1, 'Dimetindene': 1, 'Triflusal': 1, 'Hyaluronic acid': 1, 'Ivacaftor': 1, 'Acetylcarnitine': 1, 'Rilpivirine': 1, 'Brentuximab vedotin': 1, 'Eribulin': 1, 'Asparaginase Erwinia chrysanthemi': 1, 'Tofacitinib': 1, 'Regorafenib': 1, 'Afatinib': 1, 'Dolutegravir': 1, 'Riociguat': 1, 'Sofosbuvir': 1, 'Secukinumab': 1, 'Nivolumab': 1, 'Pembrolizumab': 1, 'Netupitant': 1, 'Idelalisib': 1, 'Cannabidiol': 1, 'Cobicistat': 1, 'Olaparib': 1, 'Dinutuximab': 1, 'Benzoyl peroxide': 1, 'Somatostatin': 1, 'Elvitegravir': 1, 'Ancestim': 1, 'Hydroxyethyl Starch': 1, 'Aurothioglucose': 1, 'Oxygen': 1, 'Florbetaben (18F)': 1, 'Carbon dioxide': 1, 'Lorpiprazole': 1, 'Moxisylyte': 1, 'Piracetam': 1, 'Dexibuprofen': 1, 'Zotepine': 1, 'Lacidipine': 1, 'Moxonidine': 1, 'Tegafur': 1, 'Strontium ranelate': 1, 'Ubidecarenone': 1, 'Rolapitant': 1, 'Sacubitril': 1, 'Zinc oxide': 1, 'Benzathine benzylpenicillin': 1, 'Kappadione': 1, 'Tipiracil': 1, 'Pramocaine': 1, 'Estrogens, esterified': 1, 'Sodium acetate': 1, 'Fluoride ion F-18': 1, 'Magnesium acetate tetrahydrate': 1, 'Monopotassium phosphate': 1, 'Xylose': 1, 'Indium In-111 chloride': 1, 'Fludeoxyglucose F-18': 1, 'Talc': 1, 'Sodium glycerophosphate': 1, 'Omega-3-carboxylic acids': 1, 'Dermatophagoides farinae': 1, 'Dermatophagoides pteronyssinus': 1, 'Bovine type I collagen': 1, 'Hepatitis A Vaccine': 1, 'Cetylpyridinium': 1, 'Resorcinol': 1, 'N-acetyltyrosine': 1, 'Cresol': 1, 'Bicisate': 1, 'Ferric sulfate': 1, 'Peppermint oil': 1, 'Methyl cellulose': 1, 'Thonzylamine': 1, 'Hexylresorcinol': 1, 'Levomefolic acid': 1, 'Polysilicone-15': 1, 'Ixekizumab': 1, 'Asunaprevir': 1, 'Domiphen': 1, 'Atezolizumab': 1, 'Levoleucovorin': 1, 'Normethadone': 1, 'Velpatasvir': 1, 'Hepatitis B Vaccine (Recombinant)': 1, 'Temoporfin': 1, 'Delamanid': 1, 'Vinflunine': 1, 'Durvalumab': 1, 'Galactose': 1, 'Icotinib': 1, 'Sarilumab': 1, 'Niraparib': 1, 'Baricitinib': 1, 'Ertugliflozin': 1, 'Guselkumab': 1, 'Angiotensin II': 1, 'Abemaciclib': 1, 'Stem bromelain': 1, 'Cantharidin': 1, 'Rucaparib': 1, 'Nicoboxil': 1, 'Lenograstim': 1, 'Protein S human': 1, 'Coagulation factor VII human': 1, 'Lipegfilgrastim': 1, 'Perboric acid': 1, 'Bufexamac': 1, 'Mifamurtide': 1, 'Bioallethrin': 1, 'Magnesium gluconate': 1, 'Glycyrrhizic acid': 1, 'Calcium levulinate': 1, 'Human cytomegalovirus immune globulin': 1, 'Talimogene laherparepvec': 1, 'Axicabtagene ciloleucel': 1, 'Testosterone undecanoate': 1, 'Medium-chain triglycerides': 1, 'Fish oil': 1, 'Remestemcel-L': 1, 'Besilesomab': 1, 'alpha-Tocopherol succinate': 1, 'alpha-Tocopherol acetate': 1, 'Nabiximols': 1, 'Fosnetupitant': 1, 'Human vaccinia virus immune globulin': 1}"
120,392,"{'I74', 'I70', 'I73'}","{'Warfarin': 2, 'Lovastatin': 2, 'Clopidogrel': 2, 'Fluvastatin': 2, 'Rosuvastatin': 2, 'Bezafibrate': 2, 'Tocopherol': 2, 'Lercanidipine': 1, 'Enprofylline': 1, 'Ginkgo biloba': 1, 'Sutilain': 1}"
121,394,"{'L70', 'L08', 'K73', 'L71', 'E26', 'L23', 'J30', 'L29', 'N02', 'N03', 'N04'}","{'Adapalene': 3, 'Lymecycline': 5, 'Clomocycline': 3, 'Azelaic Acid': 3, 'Demeclocycline': 5, 'Tretinoin': 6, 'Tetracycline': 2, 'Tazarotene': 2, 'Loteprednol': 4, 'Metronidazole': 4, 'Salicylic acid': 2, 'Isotretinoin': 2, 'Clindamycin': 5, 'Pantothenic acid': 2, 'Benzoyl peroxide': 8, 'Sulfur': 2, 'Resorcinol': 5, 'Allantoin': 2, 'Silver': 2, 'Magnesium silicate': 2, 'Aloe Polysaccharide': 2, 'Nitrofural': 1, 'Sulfapyridine': 1, 'Peginterferon alfa-2a': 4, 'Interferon Alfa-2a, Recombinant': 1, 'Tenofovir disoproxil': 4, 'Entecavir': 1, 'Lamivudine': 1, 'Adefovir Dipivoxil': 1, 'Ribavirin': 4, 'Telbivudine': 1, 'Simeprevir': 1, 'Acetylcarnitine': 4, 'Sofosbuvir': 4, 'Ombitasvir': 1, 'Paritaprevir': 1, 'Tenofovir alafenamide': 1, 'Asunaprevir': 4, 'Velpatasvir': 4, 'Hepatitis B Vaccine (Recombinant)': 4, 'Anethole trithione': 1, 'Pibrentasvir': 1, 'Glecaprevir': 1, 'Brimonidine': 2, 'Triamterene': 5, 'Bentoquatam': 2, 'Cyproheptadine': 1, 'Carbinoxamine': 1, 'Pseudoephedrine': 4, 'Clemastine': 2, 'Loratadine': 2, 'Hydroxyzine': 2, 'Desloratadine': 2, 'Doxepin': 2, 'Alimemazine': 2, 'Cholestyramine': 2, 'Dimetindene': 5, 'Pramocaine': 5, 'Acrivastine': 2, 'Butamben': 2, 'Estradiol acetate': 2, 'Cetuximab': 3, 'Erythropoietin': 3, 'Salmon Calcitonin': 3, 'Pegfilgrastim': 3, 'Peginterferon alfa-2b': 3, 'Asparaginase Escherichia coli': 3, 'Oprelvekin': 3, 'Palifermin': 3, 'Rasburicase': 3, 'Gemtuzumab ozogamicin': 3, 'Infliximab': 3, 'Hyaluronidase': 3, 'Pancrelipase': 3, 'Efalizumab': 3, 'Filgrastim': 3, 'Octreotide': 3, 'Esmolol': 3, 'Ethchlorvynol': 3, 'Hydroxocobalamin': 3, 'Ticlopidine': 3, 'Torasemide': 3, 'Nelfinavir': 3, 'Methyclothiazide': 3, 'Nevirapine': 3, 'Cabergoline': 3, 'Cycloserine': 3, 'Sulfisoxazole': 3, 'Theophylline': 3, 'Travoprost': 3, 'Atomoxetine': 3, 'Bexarotene': 3, 'Chlorthalidone': 3, 'Capreomycin': 3, 'Gefitinib': 3, 'Amitriptyline': 3, 'Floxuridine': 3, 'Tolcapone': 3, 'Omeprazole': 3, 'Pyrazinamide': 3, 'Trimethadione': 3, 'Megestrol acetate': 3, 'Buclizine': 3, 'Vinorelbine': 3, 'Anidulafungin': 3, 'Doxylamine': 3, 'Levonorgestrel': 3, 'Palonosetron': 3, 'Griseofulvin': 3, 'Nisoldipine': 3, 'Ampicillin': 3, 'Methylphenidate': 3, 'Methocarbamol': 3, 'Triprolidine': 3, 'Carboprost Tromethamine': 3, 'Lindane': 3, 'Allopurinol': 3, 'Cerivastatin': 3, 'Trimethoprim': 3, 'Dronabinol': 3, 'Nabilone': 3, 'Zidovudine': 3, 'Haloperidol': 3, 'Ritonavir': 3, 'Caspofungin': 3, 'Metolazone': 3, 'Tolnaftate': 3, 'Erlotinib': 3, 'Lamotrigine': 3, 'Methotrexate': 3, 'Cinnarizine': 3, 'Amiloride': 3, 'Labetalol': 3, 'Thiopental': 3, 'Cyclothiazide': 3, 'Ethionamide': 3, 'Paramethadione': 3, 'Bacitracin': 3, 'Prednisone': 5, 'Pemetrexed': 3, 'Dyclonine': 3, 'Flumethasone': 3, 'Aprepitant': 3, 'Isoflurophate': 3, 'Phentolamine': 3, 'Furosemide': 5, 'Amprenavir': 3, 'Gadobenic acid': 3, 'Hexachlorophene': 3, 'Dolasetron': 3, 'Etoposide': 3, 'Hydroflumethiazide': 3, 'Oxcarbazepine': 3, 'Phenelzine': 3, 'Indapamide': 3, 'Dacarbazine': 3, 'Chlorphenesin': 3, 'Eprosartan': 3, 'Emtricitabine': 3, 'Chlorothiazide': 3, 'Didanosine': 3, 'Ondansetron': 3, 'Bimatoprost': 3, 'Dinoprostone': 3, 'Misoprostol': 3, 'Zalcitabine': 3, 'Hydrocodone': 3, 'Carboplatin': 3, 'Telmisartan': 3, 'Dactinomycin': 3, 'Neomycin': 3, 'Doxorubicin': 3, 'Salbutamol': 3, 'Guanfacine': 3, 'Ethinamate': 3, 'Selegiline': 3, 'Hydroxystilbamidine Isethionate': 3, 'Melphalan': 3, 'Abacavir': 3, 'Novobiocin': 3, 'Melatonin': 3, 'Atazanavir': 3, 'Vigabatrin': 3, 'Streptomycin': 3, 'Hesperetin': 3, 'Rosuvastatin': 3, 'Capecitabine': 3, 'Amiodarone': 3, 'Proguanil': 3, 'Micafungin': 3, 'Procarbazine': 3, 'Cyclizine': 3, 'Ifosfamide': 3, 'Flecainide': 6, 'Captopril': 3, 'Bromocriptine': 3, 'Lomustine': 3, 'Clarithromycin': 3, 'Ketamine': 3, 'Budesonide': 3, 'Bromodiphenhydramine': 3, 'Isocarboxazid': 3, 'Docetaxel': 3, 'Posaconazole': 3, 'Darunavir': 3, 'Panitumumab': 3, 'Mecasermin': 3, 'Nelarabine': 3, 'Abatacept': 3, 'Bismuth Subsalicylate': 3, 'Fosamprenavir': 3, 'Potassium': 3, 'Hexobarbital': 3, 'Penbutolol': 3, 'Iohexol': 3, 'Rasagiline': 3, 'Oxybenzone': 3, 'Antipyrine': 3, 'Phenazopyridine': 3, 'Fencamfamine': 3, 'Flunitrazepam': 3, 'Liotrix': 3, 'Lopinavir': 3, 'Meticillin': 3, 'Phenindamine': 3, 'Acetylcholine': 3, 'Propanoic acid': 3, 'Thiotepa': 3, 'Suramin': 3, 'Tetrabenazine': 3, 'Ixabepilone': 3, 'Defibrotide': 3, 'Tamibarotene': 3, 'Trabectedin': 6, 'Methsuximide': 3, 'Natural alpha interferon': 3, 'Iodine': 3, 'Tetrachlorodecaoxide': 3, 'Mipomersen': 3, 'Ramucirumab': 3, 'Sodium stibogluconate': 3, 'Ustekinumab': 3, 'Thrombomodulin Alfa': 3, 'Inotuzumab ozogamicin': 3, 'Obeticholic acid': 3, 'Olaratumab': 3, 'Lasofoxifene': 3, 'Hyaluronidase (Human Recombinant)': 3, 'Asenapine': 3, 'Droxidopa': 3, 'Temsirolimus': 3, 'Saxagliptin': 3, 'Pertuzumab': 3, 'Oxymetholone': 3, 'Etravirine': 3, 'Pazopanib': 3, 'Safinamide': 3, 'Sipuleucel-T': 3, 'Dexmethylphenidate': 3, 'Potassium Iodide': 3, 'Fosaprepitant': 3, 'Beta carotene': 3, 'Fomivirsen': 3, 'Dalteparin': 3, 'Hexocyclium': 3, 'Nonoxynol-9': 3, 'Raltegravir': 3, 'Unoprostone': 3, 'Diloxanide': 3, 'Azidocillin': 3, 'Chloropyramine': 3, 'Triflusal': 3, 'Hyaluronic acid': 3, 'Ivacaftor': 3, 'Rilpivirine': 3, 'Brentuximab vedotin': 3, 'Eribulin': 3, 'Asparaginase Erwinia chrysanthemi': 3, 'Tofacitinib': 3, 'Regorafenib': 3, 'Afatinib': 3, 'Dolutegravir': 3, 'Riociguat': 3, 'Secukinumab': 3, 'Nivolumab': 3, 'Pembrolizumab': 3, 'Netupitant': 3, 'Idelalisib': 3, 'Cannabidiol': 3, 'Cobicistat': 3, 'Olaparib': 3, 'Dinutuximab': 3, 'Somatostatin': 3, 'Elvitegravir': 3, 'Ancestim': 3, 'Hydroxyethyl Starch': 3, 'Aurothioglucose': 3, 'Oxygen': 3, 'Florbetaben (18F)': 3, 'Florbetapir (18F)': 3, 'Flutemetamol (18F)': 3, 'Carbon dioxide': 3, 'Lorpiprazole': 3, 'Moxisylyte': 3, 'Piracetam': 3, 'Dexibuprofen': 3, 'Zotepine': 3, 'Lacidipine': 3, 'Moxonidine': 3, 'Tegafur': 3, 'Strontium ranelate': 3, 'Ubidecarenone': 3, 'Rolapitant': 3, 'Sacubitril': 3, 'Zinc oxide': 3, 'Benzathine benzylpenicillin': 3, 'Kappadione': 3, 'Tipiracil': 3, 'Estrogens, esterified': 3, 'Sodium acetate': 3, 'Fluoride ion F-18': 3, 'Magnesium acetate tetrahydrate': 3, 'Monopotassium phosphate': 3, 'Xylose': 3, 'Indium In-111 chloride': 3, 'Fludeoxyglucose F-18': 3, 'Talc': 3, 'Sodium glycerophosphate': 3, 'Omega-3-carboxylic acids': 3, 'Dermatophagoides farinae': 3, 'Dermatophagoides pteronyssinus': 3, 'Bovine type I collagen': 3, 'Hepatitis A Vaccine': 3, 'Cetylpyridinium': 3, 'N-acetyltyrosine': 3, 'Cresol': 3, 'Bicisate': 3, 'Ferric sulfate': 3, 'Peppermint oil': 3, 'Methyl cellulose': 3, 'Thonzylamine': 3, 'Hexylresorcinol': 3, 'Levomefolic acid': 3, 'Polysilicone-15': 3, 'Ixekizumab': 3, 'Domiphen': 3, 'Atezolizumab': 3, 'Levoleucovorin': 3, 'Normethadone': 3, 'Temoporfin': 3, 'Delamanid': 3, 'Vinflunine': 3, 'Durvalumab': 3, 'Galactose': 3, 'Icotinib': 3, 'Sarilumab': 3, 'Niraparib': 3, 'Baricitinib': 3, 'Ertugliflozin': 3, 'Guselkumab': 3, 'Angiotensin II': 3, 'Abemaciclib': 3, 'Stem bromelain': 3, 'Cantharidin': 3, 'Rucaparib': 3, 'Nicoboxil': 3, 'Lenograstim': 3, 'Protein S human': 3, 'Coagulation factor VII human': 3, 'Lipegfilgrastim': 3, 'Perboric acid': 3, 'Bufexamac': 3, 'Mifamurtide': 3, 'Bioallethrin': 3, 'Magnesium gluconate': 3, 'Glycyrrhizic acid': 3, 'Calcium levulinate': 3, 'Human cytomegalovirus immune globulin': 3, 'Talimogene laherparepvec': 3, 'Axicabtagene ciloleucel': 3, 'Testosterone undecanoate': 3, 'Medium-chain triglycerides': 3, 'Fish oil': 3, 'Remestemcel-L': 3, 'Besilesomab': 3, 'alpha-Tocopherol succinate': 3, 'alpha-Tocopherol acetate': 3, 'Nabiximols': 3, 'Fosnetupitant': 3, 'Human vaccinia virus immune globulin': 3, 'Chlorambucil': 2, 'Cyclophosphamide': 2, 'Bumetanide': 2}"
122,397,"{'C76', 'J30', 'A48', 'I48'}","{'Fondaparinux': 1, 'Isosulfan blue': 1, 'Barium sulfate': 1, 'Cyproheptadine': 1, 'Carbinoxamine': 1, 'Pseudoephedrine': 1, 'Erythromycin': 1, 'Clarithromycin': 1, 'Phenindione': 2, 'Warfarin': 2, 'Ouabain': 2, 'Propafenone': 1, 'Dronedarone': 1}"
123,398,"{'I50', 'J01'}","{'Valsartan': 3, 'Ramipril': 3, 'Remikiren': 2, 'Torasemide': 3, 'Methyclothiazide': 3, 'Milrinone': 3, 'Metoprolol': 2, 'Nitroprusside': 3, 'Triamterene': 3, 'Digoxin': 2, 'Bendroflumethiazide': 2, 'Prazosin': 3, 'Fosinopril': 3, 'Acetyldigitoxin': 3, 'Trandolapril': 3, 'Enalapril': 3, 'Amiloride': 3, 'Cyclothiazide': 3, 'Bisoprolol': 2, 'Losartan': 3, 'Phentolamine': 1, 'Furosemide': 3, 'Eplerenone': 3, 'Lisinopril': 3, 'Hydroflumethiazide': 3, 'Perindopril': 3, 'Candesartan cilexetil': 3, 'Indapamide': 3, 'Acetazolamide': 3, 'Eprosartan': 3, 'Chlorothiazide': 3, 'Quinapril': 3, 'Bumetanide': 3, 'Etacrynic acid': 3, 'Levosimendan': 2, 'Telmisartan': 3, 'Trichlormethiazide': 2, 'Irbesartan': 3, 'Deslanoside': 2, 'Ouabain': 2, 'Carvedilol': 2, 'Captopril': 3, 'Hydralazine': 3, 'Cilazapril': 2, 'Tasosartan': 2, 'Digitoxin': 2, 'Amrinone': 3, 'Enoximone': 3, 'Nesiritide': 3, 'Vandetanib': 2, 'Pixantrone': 3, 'Tolvaptan': 3, 'Sitaxentan': 3, 'Dalteparin': 2, 'Ivabradine': 2, 'Ubidecarenone': 3, 'Fimasartan': 2, 'Molsidomine': 2, 'Sacubitril': 2, 'Iobenguane sulfate I-123': 2, 'Ciprofloxacin': 2, 'Telithromycin': 2, 'Clarithromycin': 1}"
124,401,"{'J47', 'J44', 'K20'}","{'Carbocisteine': 2, 'Terpin hydrate': 3, 'Ipratropium': 1, 'Doxapram': 1, 'Salmeterol': 1, 'Glycopyrronium': 1, 'Arformoterol': 1, 'Procaterol': 1, 'Tiotropium': 1, 'Almitrine': 1, 'Indacaterol': 1, 'Aclidinium': 1, 'Umeclidinium': 1, 'Olodaterol': 1, 'Doxofylline': 1, 'Levosalbutamol': 1, 'Ecabet': 2, 'Alginic acid': 2}"
125,402,"{'D43', 'C71', 'J82', 'C38'}","{'Pregabalin': 1, 'Etidronic acid': 1, 'Tolperisone': 1, 'Propiverine': 1, 'Phenytoin': 1, 'Metrizamide': 2, 'Diethylcarbamazine': 1, 'Cyclosporine': 1, 'L-Proline': 1, 'Valsartan': 1, 'Ramipril': 1, 'Esmolol': 1, 'Remikiren': 1, 'Torasemide': 1, 'Lovastatin': 1, 'Methyclothiazide': 1, 'Milrinone': 1, 'Metoprolol': 1, 'Nitroprusside': 1, 'Omeprazole': 1, 'Timolol': 1, 'Triamterene': 1, 'Phenylephrine': 1, 'Digoxin': 1, 'Phenoxymethylpenicillin': 1, 'Hyoscyamine': 1, 'Bendroflumethiazide': 1, 'Prazosin': 1, 'Fosinopril': 1, 'Cimetidine': 1, 'Acetyldigitoxin': 1, 'Trandolapril': 1, 'Enalapril': 1, 'Amiloride': 1, 'Cisapride': 1, 'Cyclothiazide': 1, 'Bisoprolol': 1, 'Simvastatin': 1, 'Pemetrexed': 1, 'Losartan': 1, 'Moricizine': 1, 'Furosemide': 1, 'Eplerenone': 1, 'Lisinopril': 1, 'Gadobenic acid': 1, 'Alprostadil': 1, 'Hydroflumethiazide': 1, 'Gadopentetate dimeglumine': 1, 'Perindopril': 1, 'Candesartan cilexetil': 1, 'Indapamide': 1, 'Acetazolamide': 1, 'Dobutamine': 1, 'Tacrolimus': 1, 'Eprosartan': 1, 'Chlorothiazide': 1, 'Quinapril': 1, 'Bumetanide': 1, 'Etacrynic acid': 1, 'Levosimendan': 1, 'Telmisartan': 1, 'Dopamine': 1, 'Trichlormethiazide': 1, 'Irbesartan': 1, 'Isoprenaline': 1, 'Atorvastatin': 1, 'Deslanoside': 1, 'Ouabain': 1, 'Fluvastatin': 1, 'Carvedilol': 1, 'Propafenone': 1, 'Domperidone': 1, 'Captopril': 1, 'Encainide': 1, 'Hydralazine': 1, 'Bismuth Subsalicylate': 1, 'Cefazolin': 1, 'Cilazapril': 1, 'Tasosartan': 1, 'Magnesium oxide': 1, 'Digitoxin': 1, 'Theobromine': 1, 'Amrinone': 1, 'Enoximone': 1, 'Nesiritide': 1, 'Vandetanib': 1, 'Dexlansoprazole': 1, 'Pixantrone': 1, 'Tolvaptan': 1, 'Sitaxentan': 1, 'Dabigatran etexilate': 1, 'Aluminum hydroxide': 1, 'Calcium Carbonate': 1, 'Dalteparin': 1, 'Ticagrelor': 1, 'Atosiban': 1, 'Ivabradine': 1, 'Magnesium hydroxide': 1, 'Protamine sulfate': 1, 'Technetium Tc-99m tetrofosmin': 1, 'Cilnidipine': 1, 'Ubidecarenone': 1, 'Fimasartan': 1, 'Magnesium Trisilicate': 1, 'Molsidomine': 1, 'Sacubitril': 1, 'Thallous Chloride': 1, 'Benzathine benzylpenicillin': 1, 'Iobenguane sulfate I-123': 1, 'Stannous chloride': 1, 'Tetrofosmin': 1, 'Magnesium Aluminum Silicate': 1, 'Oxetacaine': 1, 'Alginic acid': 1, 'Almasilate': 1, 'Magnesium gluconate': 1, 'Human cytomegalovirus immune globulin': 1, 'Peanut oil': 1}"
126,405,"{'K80', 'K83', 'K81', 'C24'}","{'Isopropamide': 2, 'Obeticholic acid': 1, 'Technetium Tc-99m disofenin': 3, 'Anethole trithione': 2, 'Human secretin': 1}"
127,408,"{'K80', 'K83', 'K81', 'C24'}","{'Isopropamide': 2, 'Obeticholic acid': 1, 'Technetium Tc-99m disofenin': 3, 'Anethole trithione': 2, 'Human secretin': 1}"
128,410,"{'I85', 'K74'}","{'Vasopressin': 3, 'Tauroursodeoxycholic acid': 1}"
129,411,"{'F43', 'F10'}","{'Imipramine': 1, 'Sertraline': 1, 'Ziprasidone': 1, 'Olanzapine': 1, 'Loxapine': 1, 'Prochlorperazine': 1, 'Fluphenazine': 1, 'Perphenazine': 1, 'Quetiapine': 1, 'Aripiprazole': 1, 'Chlorprothixene': 1, 'Molindone': 1, 'Aripiprazole lauroxil': 1}"
130,413,"{'K83', 'C24'}","{'Obeticholic acid': 1, 'Human secretin': 1}"
131,414,"{'K83', 'C24'}","{'Obeticholic acid': 1, 'Human secretin': 1}"
132,416,"{'M54', 'M79'}","{'Etoricoxib': 1, 'Methyl salicylate': 1, 'Nicoboxil': 1, 'Acemetacin': 1, 'Ademetionine': 2, 'Pregabalin': 2, 'Fluoxetine': 2, 'Duloxetine': 2, 'Milnacipran': 2, 'Flupirtine': 2, 'Benzydamine': 1, 'Clonixin': 1, 'Pirlindole': 2, 'Ubidecarenone': 2, 'Tianeptine': 2}"
133,417,"{'N25', 'N18'}","{'Calcitriol': 3, 'Calcidiol': 3, 'Ergocalciferol': 1, 'Cholecalciferol': 3, 'Dihydrotachysterol': 1, 'L-Carnitine': 1, 'Icodextrin': 1}"
134,425,"{'G43', 'M54'}","{'Eletriptan': 2, 'Butalbital': 2, 'Metoprolol': 2, 'Topiramate': 2, 'Valproic Acid': 2, 'Zolmitriptan': 2, 'Dihydroergotamine': 2, 'Amitriptyline': 2, 'Timolol': 2, 'Rofecoxib': 2, 'Propranolol': 2, 'Clonidine': 2, 'Sumatriptan': 2, 'Ergotamine': 2, 'Nicergoline': 2, 'Almotriptan': 2, 'Naratriptan': 2, 'Rizatriptan': 2, 'Frovatriptan': 2, 'Flunarizine': 2, 'Pizotifen': 2, 'Isometheptene': 2, 'Acetylcarnitine': 2, 'Tolfenamic Acid': 2, 'Ubidecarenone': 2, 'Dihydro-alpha-ergocryptine': 2, 'Erenumab': 2, 'Etoricoxib': 1, 'Methyl salicylate': 1, 'Nicoboxil': 1, 'Acemetacin': 1}"
135,427,"{'D29', 'H10', 'N30', 'N41', 'N02'}","{'Leuprolide': 1, 'Goserelin': 1, 'Capromab pendetide': 1, 'Abarelix': 1, 'Diethylstilbestrol': 1, 'Conjugated estrogens': 1, 'Megestrol acetate': 2, 'Flutamide': 1, 'Toremifene': 1, 'Nilutamide': 1, 'Estradiol': 1, 'Melatonin': 2, 'Dutasteride': 1, 'Estramustine': 1, 'Finasteride': 1, 'Docetaxel': 2, 'Equilin': 1, 'Quinestrol': 1, 'Ixabepilone': 2, 'Samarium (153Sm) lexidronam': 1, 'Abiraterone': 1, 'rsPSMA Vaccine': 1, 'Denosumab': 1, 'Sipuleucel-T': 2, 'Degarelix': 1, 'Buserelin': 1, 'Cabazitaxel': 1, 'Histrelin': 1, 'Triptorelin': 1, 'Enzalutamide': 1, 'Radium Ra 223 Dichloride': 1, 'Choline C 11': 1, 'Estrogens, esterified': 2, 'Choline C-11': 1, 'Apalutamide': 1, 'Fluciclovine (18F)': 1, 'Testosterone cypionate': 1, 'Testosterone enanthate': 1, 'Testosterone undecanoate': 2, 'Estradiol valerate': 1, 'Moxifloxacin': 2, 'Idoxuridine': 2, 'Medrysone': 2, 'Sulfisoxazole': 3, 'Triprolidine': 3, 'Trifluridine': 2, 'Cyproheptadine': 2, 'Chloramphenicol': 2, 'Sulfacetamide': 2, 'Prednisone': 3, 'Astemizole': 2, 'Carbinoxamine': 2, 'Epinastine': 2, 'Olopatadine': 2, 'Natamycin': 2, 'Hydroxypropyl cellulose': 2, 'Loteprednol': 2, 'Pemirolast': 2, 'Ketotifen': 2, 'Azelastine': 2, 'Cromoglicic acid': 2, 'Emedastine': 2, 'Levocabastine': 2, 'Levofloxacin': 2, 'Bepotastine': 2, 'Alcaftadine': 2, 'Besifloxacin': 2, 'Lodoxamide': 2, 'Antazoline': 2, 'Chloropyramine': 3, 'Spaglumic Acid': 2, 'Dexchlorpheniramine maleate': 2, 'Dermatophagoides farinae': 3, 'Dermatophagoides pteronyssinus': 3, 'Rose bengal': 2, 'Lifitegrast': 2, 'Acetyl sulfisoxazole': 4, 'Hyoscyamine': 2, 'Trimethoprim': 4, 'Enoxacin': 2, 'Ciprofloxacin': 2, 'Pentosan Polysulfate': 2, 'Nitrofurantoin': 2, 'Fosfomycin': 3, 'Dimethyl sulfoxide': 2, 'Flavoxate': 3, 'Hyaluronic acid': 3, 'Coenzyme M': 2, 'Technetium Tc-99m disofenin': 2, 'Anethole trithione': 2, 'Cephalexin': 1, 'Cetuximab': 1, 'Peginterferon alfa-2a': 1, 'Erythropoietin': 1, 'Salmon Calcitonin': 1, 'Pegfilgrastim': 1, 'Peginterferon alfa-2b': 1, 'Asparaginase Escherichia coli': 1, 'Oprelvekin': 1, 'Palifermin': 1, 'Rasburicase': 1, 'Gemtuzumab ozogamicin': 1, 'Infliximab': 1, 'Hyaluronidase': 1, 'Pancrelipase': 1, 'Efalizumab': 1, 'Filgrastim': 1, 'Octreotide': 1, 'Esmolol': 1, 'Ethchlorvynol': 1, 'Hydroxocobalamin': 1, 'Ticlopidine': 1, 'Torasemide': 1, 'Nelfinavir': 1, 'Methyclothiazide': 1, 'Nevirapine': 1, 'Cabergoline': 1, 'Lymecycline': 1, 'Cycloserine': 1, 'Theophylline': 1, 'Travoprost': 1, 'Atomoxetine': 1, 'Tenofovir disoproxil': 1, 'Bexarotene': 1, 'Chlorthalidone': 1, 'Capreomycin': 1, 'Gefitinib': 1, 'Amitriptyline': 1, 'Floxuridine': 1, 'Tolcapone': 1, 'Omeprazole': 1, 'Pyrazinamide': 1, 'Trimethadione': 1, 'Buclizine': 1, 'Vinorelbine': 1, 'Anidulafungin': 1, 'Doxylamine': 1, 'Levonorgestrel': 1, 'Palonosetron': 1, 'Griseofulvin': 1, 'Nisoldipine': 1, 'Ampicillin': 1, 'Methylphenidate': 1, 'Methocarbamol': 1, 'Carboprost Tromethamine': 1, 'Lindane': 1, 'Allopurinol': 1, 'Cerivastatin': 1, 'Dronabinol': 1, 'Nabilone': 1, 'Zidovudine': 1, 'Haloperidol': 1, 'Ritonavir': 1, 'Caspofungin': 1, 'Metolazone': 1, 'Tolnaftate': 1, 'Erlotinib': 1, 'Lamotrigine': 1, 'Methotrexate': 1, 'Cinnarizine': 1, 'Amiloride': 1, 'Labetalol': 1, 'Thiopental': 1, 'Cyclothiazide': 1, 'Ethionamide': 1, 'Paramethadione': 1, 'Demeclocycline': 1, 'Bacitracin': 1, 'Pemetrexed': 1, 'Dyclonine': 1, 'Flumethasone': 1, 'Aprepitant': 1, 'Isoflurophate': 1, 'Phentolamine': 1, 'Furosemide': 1, 'Amprenavir': 1, 'Gadobenic acid': 1, 'Tretinoin': 1, 'Hexachlorophene': 1, 'Dolasetron': 1, 'Etoposide': 1, 'Hydroflumethiazide': 1, 'Oxcarbazepine': 1, 'Phenelzine': 1, 'Indapamide': 1, 'Ribavirin': 1, 'Dacarbazine': 1, 'Pseudoephedrine': 1, 'Chlorphenesin': 1, 'Eprosartan': 1, 'Emtricitabine': 1, 'Chlorothiazide': 1, 'Didanosine': 1, 'Ondansetron': 1, 'Bimatoprost': 1, 'Dinoprostone': 1, 'Misoprostol': 1, 'Zalcitabine': 1, 'Hydrocodone': 1, 'Carboplatin': 1, 'Telmisartan': 1, 'Dactinomycin': 1, 'Neomycin': 1, 'Doxorubicin': 1, 'Salbutamol': 1, 'Guanfacine': 1, 'Ethinamate': 1, 'Selegiline': 1, 'Hydroxystilbamidine Isethionate': 1, 'Melphalan': 1, 'Abacavir': 1, 'Novobiocin': 1, 'Atazanavir': 1, 'Vigabatrin': 1, 'Streptomycin': 1, 'Hesperetin': 1, 'Rosuvastatin': 1, 'Capecitabine': 1, 'Amiodarone': 1, 'Proguanil': 1, 'Micafungin': 1, 'Procarbazine': 1, 'Cyclizine': 1, 'Ifosfamide': 1, 'Clindamycin': 1, 'Flecainide': 2, 'Captopril': 1, 'Bromocriptine': 1, 'Lomustine': 1, 'Clarithromycin': 1, 'Ketamine': 1, 'Budesonide': 1, 'Bromodiphenhydramine': 1, 'Isocarboxazid': 1, 'Posaconazole': 1, 'Darunavir': 1, 'Panitumumab': 1, 'Mecasermin': 1, 'Nelarabine': 1, 'Abatacept': 1, 'Bismuth Subsalicylate': 1, 'Fosamprenavir': 1, 'Potassium': 1, 'Hexobarbital': 1, 'Penbutolol': 1, 'Iohexol': 1, 'Rasagiline': 1, 'Oxybenzone': 1, 'Antipyrine': 1, 'Phenazopyridine': 1, 'Fencamfamine': 1, 'Flunitrazepam': 1, 'Liotrix': 1, 'Lopinavir': 1, 'Meticillin': 1, 'Phenindamine': 1, 'Acetylcholine': 1, 'Propanoic acid': 1, 'Thiotepa': 1, 'Suramin': 1, 'Tetrabenazine': 1, 'Defibrotide': 1, 'Tamibarotene': 1, 'Trabectedin': 2, 'Methsuximide': 1, 'Natural alpha interferon': 1, 'Iodine': 1, 'Tetrachlorodecaoxide': 1, 'Mipomersen': 1, 'Ramucirumab': 1, 'Sodium stibogluconate': 1, 'Ustekinumab': 1, 'Thrombomodulin Alfa': 1, 'Inotuzumab ozogamicin': 1, 'Obeticholic acid': 1, 'Olaratumab': 1, 'Lasofoxifene': 1, 'Hyaluronidase (Human Recombinant)': 1, 'Asenapine': 1, 'Droxidopa': 1, 'Temsirolimus': 1, 'Saxagliptin': 1, 'Pertuzumab': 1, 'Oxymetholone': 1, 'Etravirine': 1, 'Pazopanib': 1, 'Safinamide': 1, 'Dexmethylphenidate': 1, 'Potassium Iodide': 1, 'Fosaprepitant': 1, 'Beta carotene': 1, 'Fomivirsen': 1, 'Dalteparin': 1, 'Hexocyclium': 1, 'Nonoxynol-9': 1, 'Raltegravir': 1, 'Unoprostone': 1, 'Diloxanide': 1, 'Azidocillin': 1, 'Dimetindene': 1, 'Triflusal': 1, 'Ivacaftor': 1, 'Acetylcarnitine': 1, 'Rilpivirine': 1, 'Brentuximab vedotin': 1, 'Eribulin': 1, 'Asparaginase Erwinia chrysanthemi': 1, 'Tofacitinib': 1, 'Regorafenib': 1, 'Afatinib': 1, 'Dolutegravir': 1, 'Riociguat': 1, 'Sofosbuvir': 1, 'Secukinumab': 1, 'Nivolumab': 1, 'Pembrolizumab': 1, 'Netupitant': 1, 'Idelalisib': 1, 'Cannabidiol': 1, 'Cobicistat': 1, 'Olaparib': 1, 'Dinutuximab': 1, 'Benzoyl peroxide': 1, 'Somatostatin': 1, 'Elvitegravir': 1, 'Ancestim': 1, 'Hydroxyethyl Starch': 1, 'Aurothioglucose': 1, 'Oxygen': 1, 'Florbetaben (18F)': 1, 'Florbetapir (18F)': 1, 'Flutemetamol (18F)': 1, 'Carbon dioxide': 1, 'Lorpiprazole': 1, 'Moxisylyte': 1, 'Piracetam': 1, 'Dexibuprofen': 1, 'Zotepine': 1, 'Lacidipine': 1, 'Moxonidine': 1, 'Tegafur': 1, 'Strontium ranelate': 1, 'Ubidecarenone': 1, 'Rolapitant': 1, 'Sacubitril': 1, 'Zinc oxide': 1, 'Benzathine benzylpenicillin': 1, 'Kappadione': 1, 'Tipiracil': 1, 'Pramocaine': 1, 'Sodium acetate': 1, 'Fluoride ion F-18': 1, 'Magnesium acetate tetrahydrate': 1, 'Monopotassium phosphate': 1, 'Xylose': 1, 'Indium In-111 chloride': 1, 'Fludeoxyglucose F-18': 1, 'Talc': 1, 'Sodium glycerophosphate': 1, 'Omega-3-carboxylic acids': 1, 'Bovine type I collagen': 1, 'Hepatitis A Vaccine': 1, 'Cetylpyridinium': 1, 'Resorcinol': 1, 'N-acetyltyrosine': 1, 'Cresol': 1, 'Bicisate': 1, 'Ferric sulfate': 1, 'Peppermint oil': 1, 'Methyl cellulose': 1, 'Thonzylamine': 1, 'Hexylresorcinol': 1, 'Levomefolic acid': 1, 'Polysilicone-15': 1, 'Ixekizumab': 1, 'Asunaprevir': 1, 'Domiphen': 1, 'Atezolizumab': 1, 'Levoleucovorin': 1, 'Normethadone': 1, 'Velpatasvir': 1, 'Hepatitis B Vaccine (Recombinant)': 1, 'Temoporfin': 1, 'Delamanid': 1, 'Vinflunine': 1, 'Durvalumab': 1, 'Galactose': 1, 'Icotinib': 1, 'Sarilumab': 1, 'Niraparib': 1, 'Baricitinib': 1, 'Ertugliflozin': 1, 'Guselkumab': 1, 'Angiotensin II': 1, 'Abemaciclib': 1, 'Stem bromelain': 1, 'Cantharidin': 1, 'Rucaparib': 1, 'Nicoboxil': 1, 'Lenograstim': 1, 'Protein S human': 1, 'Coagulation factor VII human': 1, 'Lipegfilgrastim': 1, 'Perboric acid': 1, 'Bufexamac': 1, 'Mifamurtide': 1, 'Bioallethrin': 1, 'Magnesium gluconate': 1, 'Glycyrrhizic acid': 1, 'Calcium levulinate': 1, 'Human cytomegalovirus immune globulin': 1, 'Talimogene laherparepvec': 1, 'Axicabtagene ciloleucel': 1, 'Medium-chain triglycerides': 1, 'Fish oil': 1, 'Remestemcel-L': 1, 'Besilesomab': 1, 'alpha-Tocopherol succinate': 1, 'alpha-Tocopherol acetate': 1, 'Nabiximols': 1, 'Fosnetupitant': 1, 'Human vaccinia virus immune globulin': 1}"
136,434,"{'B37', 'J82', 'C38'}","{'Terconazole': 2, 'Clotrimazole': 2, 'Anidulafungin': 2, 'Caspofungin': 2, 'Voriconazole': 2, 'Butoconazole': 2, 'Tioconazole': 2, 'Ketoconazole': 2, 'Miconazole': 2, 'Econazole': 2, 'Micafungin': 2, 'Posaconazole': 2, 'Dequalinium': 2, 'Diethylcarbamazine': 1, 'Cyclosporine': 1, 'L-Proline': 1, 'Valsartan': 1, 'Ramipril': 1, 'Esmolol': 1, 'Remikiren': 1, 'Torasemide': 1, 'Lovastatin': 1, 'Methyclothiazide': 1, 'Milrinone': 1, 'Metoprolol': 1, 'Nitroprusside': 1, 'Omeprazole': 1, 'Timolol': 1, 'Triamterene': 1, 'Phenylephrine': 1, 'Digoxin': 1, 'Phenoxymethylpenicillin': 1, 'Hyoscyamine': 1, 'Bendroflumethiazide': 1, 'Prazosin': 1, 'Fosinopril': 1, 'Cimetidine': 1, 'Acetyldigitoxin': 1, 'Trandolapril': 1, 'Enalapril': 1, 'Amiloride': 1, 'Cisapride': 1, 'Cyclothiazide': 1, 'Bisoprolol': 1, 'Simvastatin': 1, 'Pemetrexed': 1, 'Losartan': 1, 'Moricizine': 1, 'Furosemide': 1, 'Eplerenone': 1, 'Lisinopril': 1, 'Gadobenic acid': 1, 'Alprostadil': 1, 'Hydroflumethiazide': 1, 'Gadopentetate dimeglumine': 1, 'Perindopril': 1, 'Candesartan cilexetil': 1, 'Indapamide': 1, 'Acetazolamide': 1, 'Dobutamine': 1, 'Tacrolimus': 1, 'Eprosartan': 1, 'Chlorothiazide': 1, 'Quinapril': 1, 'Bumetanide': 1, 'Etacrynic acid': 1, 'Levosimendan': 1, 'Telmisartan': 1, 'Dopamine': 1, 'Trichlormethiazide': 1, 'Irbesartan': 1, 'Isoprenaline': 1, 'Atorvastatin': 1, 'Deslanoside': 1, 'Ouabain': 1, 'Fluvastatin': 1, 'Carvedilol': 1, 'Propafenone': 1, 'Domperidone': 1, 'Captopril': 1, 'Encainide': 1, 'Hydralazine': 1, 'Bismuth Subsalicylate': 1, 'Cefazolin': 1, 'Cilazapril': 1, 'Tasosartan': 1, 'Magnesium oxide': 1, 'Digitoxin': 1, 'Theobromine': 1, 'Amrinone': 1, 'Metrizamide': 1, 'Enoximone': 1, 'Nesiritide': 1, 'Vandetanib': 1, 'Dexlansoprazole': 1, 'Pixantrone': 1, 'Tolvaptan': 1, 'Sitaxentan': 1, 'Dabigatran etexilate': 1, 'Aluminum hydroxide': 1, 'Calcium Carbonate': 1, 'Dalteparin': 1, 'Ticagrelor': 1, 'Atosiban': 1, 'Ivabradine': 1, 'Magnesium hydroxide': 1, 'Protamine sulfate': 1, 'Technetium Tc-99m tetrofosmin': 1, 'Cilnidipine': 1, 'Ubidecarenone': 1, 'Fimasartan': 1, 'Magnesium Trisilicate': 1, 'Molsidomine': 1, 'Sacubitril': 1, 'Thallous Chloride': 1, 'Benzathine benzylpenicillin': 1, 'Iobenguane sulfate I-123': 1, 'Stannous chloride': 1, 'Tetrofosmin': 1, 'Magnesium Aluminum Silicate': 1, 'Oxetacaine': 1, 'Alginic acid': 1, 'Almasilate': 1, 'Magnesium gluconate': 1, 'Human cytomegalovirus immune globulin': 1, 'Peanut oil': 1}"
137,438,"{'D48', 'D70', 'J82', 'C38', 'B37', 'C80'}","{'Goserelin': 1, 'Gramicidin D': 1, 'Immune Globulin Human': 1, 'Trastuzumab': 1, 'Daptomycin': 1, 'Becaplermin': 1, 'Bevacizumab': 1, 'L-Phenylalanine': 1, 'Serine': 1, 'Vitamin E': 1, 'L-Isoleucine': 1, 'Masoprocol': 1, 'Erythromycin': 1, 'Clotrimazole': 3, 'Crotamiton': 1, 'Clemastine': 1, 'Venlafaxine': 1, 'Conjugated estrogens': 1, 'Ertapenem': 1, 'Mitomycin': 3, 'Bexarotene': 1, 'Nitrofural': 1, 'Cetirizine': 1, 'Terfenadine': 1, 'Megestrol acetate': 1, 'Aztreonam': 1, 'Aminoglutethimide': 2, 'Vinorelbine': 1, 'Dexrazoxane': 1, 'Griseofulvin': 1, 'Gentian Violet': 1, 'Phenoxymethylpenicillin': 2, 'Triprolidine': 1, 'Cyproheptadine': 1, 'Ceftazidime': 1, 'Epirubicin': 1, 'Cefalotin': 1, 'Raloxifene': 1, 'Albendazole': 1, 'Tolnaftate': 1, 'Cyclophosphamide': 1, 'Cefdinir': 1, 'Ciprofloxacin': 1, 'Toremifene': 1, 'Fluorouracil': 1, 'Tigecycline': 1, 'Methotrexate': 1, 'Cephalexin': 1, 'Vinblastine': 1, 'Gadoteridol': 1, 'Monobenzone': 1, 'Testosterone': 1, 'Bacitracin': 1, 'Flumethasone': 1, 'Tamoxifen': 1, 'Benzyl Benzoate': 1, 'Carbinoxamine': 1, 'Tretinoin': 1, 'Hexachlorophene': 1, 'Meropenem': 1, 'Estradiol': 1, 'Haloprogin': 1, 'Tazarotene': 1, 'Cefaclor': 1, 'Tacrolimus': 2, 'Chlorhexidine': 1, 'Emtricitabine': 1, 'Testolactone': 1, 'Methdilazine': 1, 'Salicylic acid': 1, 'Methantheline': 1, 'Fulvestrant': 1, 'Mezlocillin': 1, 'Dirithromycin': 1, 'Netilmicin': 1, 'Ethinyl Estradiol': 1, 'Nandrolone phenpropionate': 1, 'Exemestane': 1, 'Neomycin': 1, 'Doxorubicin': 1, 'Letrozole': 1, 'Hydroxystilbamidine Isethionate': 1, 'Melphalan': 1, 'Gatifloxacin': 1, 'Amoxicillin': 1, 'Melatonin': 1, 'Cefditoren': 1, 'Capecitabine': 1, 'Cefuroxime': 1, 'Cefadroxil': 1, 'Diphenylpyraline': 1, 'Cefprozil': 1, 'Ofloxacin': 1, 'Clarithromycin': 1, 'Ceftriaxone': 1, 'Anastrozole': 1, 'Paclitaxel': 1, 'Alimemazine': 1, 'Docetaxel': 1, 'Lapatinib': 1, 'Cefazolin': 2, 'Danazol': 1, 'Cefepime': 1, 'Everolimus': 1, 'Bacampicillin': 1, 'Alverine': 1, 'Isopropamide': 1, 'Prasterone': 1, 'Equilin': 1, 'Pidolic Acid': 1, 'Formaldehyde': 1, 'Urea': 1, 'Latamoxef': 1, 'Quinestrol': 1, 'Tetrabenazine': 1, 'Ixabepilone': 1, 'Oritavancin': 1, 'Afamelanotide': 1, 'Iodine': 1, 'Trastuzumab emtansine': 1, 'Ipilimumab': 1, 'Pixantrone': 2, 'Lasofoxifene': 1, 'Dalbavancin': 1, 'Arzoxifene': 1, 'Temsirolimus': 1, 'Pertuzumab': 1, 'Telavancin': 1, 'Denosumab': 1, 'Mepyramine': 1, 'Methyltestosterone': 1, 'Norelgestromin': 1, 'Buserelin': 1, 'Ammonium lactate': 1, 'Cupric sulfate': 1, 'Dimetindene': 1, 'Nandrolone decanoate': 1, 'Eribulin': 1, 'Vemurafenib': 1, 'Formestane': 1, 'Tedizolid Phosphate': 1, 'Palbociclib': 1, 'Olaparib': 1, 'Potassium alum': 1, 'Difluocortolone': 1, 'Nitrogen': 1, 'Technetium Tc-99m tilmanocept': 1, 'Zinc oxide': 1, 'Sulbactam': 1, 'Pramocaine': 1, 'Sulfur': 1, 'Dexpanthenol': 1, 'Estrogens, esterified': 1, 'Technetium Tc-99m sulfur colloid': 1, 'Magnesium chloride': 1, 'Sodium carbonate': 1, 'Talc': 1, 'Iodine povacrylex': 1, 'Dexchlorpheniramine maleate': 1, 'Dermatophagoides farinae': 1, 'Dermatophagoides pteronyssinus': 1, 'Bovine type I collagen': 1, 'Foreskin keratinocyte (neonatal)': 1, 'Petrolatum': 1, 'Octisalate': 1, 'Homosalate': 1, 'Dimethicone': 1, 'Coal tar': 1, 'Resorcinol': 1, 'Cocoa butter': 1, 'Meradimate': 1, 'Allantoin': 1, 'Benzalkonium': 1, 'Lanolin': 1, 'Castor oil': 1, 'Chloroxylenol': 1, 'Butamben': 1, 'Potassium hydroxide': 1, 'Anthralin': 1, 'Ferric sulfate': 1, 'Sulisobenzone': 1, 'Peppermint oil': 1, 'Arbutin': 1, 'Benzoin resin': 1, 'Hexylresorcinol': 1, 'Prezatide': 1, 'Moxidectin': 1, 'Drometrizole trisiloxane': 1, 'Neratinib': 1, 'Valbenazine': 1, 'Delafloxacin': 1, 'Abemaciclib': 1, 'Tiapride': 1, 'Bufexamac': 1, 'Midecamycin': 1, 'Aloe Polysaccharide': 1, 'Testosterone enanthate': 1, 'Patent Blue': 1, 'Remestemcel-L': 1, 'Ferric pyrophosphate citrate': 1, 'D-alpha-Tocopherol acetate': 1, 'Dimethicone 410': 1, 'Human vaccinia virus immune globulin': 1, 'Lenograstim': 2, 'Diethylcarbamazine': 1, 'Cyclosporine': 1, 'L-Proline': 1, 'Valsartan': 1, 'Ramipril': 1, 'Esmolol': 1, 'Remikiren': 1, 'Torasemide': 1, 'Lovastatin': 1, 'Methyclothiazide': 1, 'Milrinone': 1, 'Metoprolol': 1, 'Nitroprusside': 1, 'Omeprazole': 1, 'Timolol': 1, 'Triamterene': 1, 'Phenylephrine': 1, 'Digoxin': 1, 'Hyoscyamine': 1, 'Bendroflumethiazide': 1, 'Prazosin': 1, 'Fosinopril': 1, 'Cimetidine': 1, 'Acetyldigitoxin': 1, 'Trandolapril': 1, 'Enalapril': 1, 'Amiloride': 1, 'Cisapride': 1, 'Cyclothiazide': 1, 'Bisoprolol': 1, 'Simvastatin': 1, 'Pemetrexed': 1, 'Losartan': 1, 'Moricizine': 1, 'Furosemide': 1, 'Eplerenone': 1, 'Lisinopril': 1, 'Gadobenic acid': 1, 'Alprostadil': 1, 'Hydroflumethiazide': 1, 'Gadopentetate dimeglumine': 1, 'Perindopril': 1, 'Candesartan cilexetil': 1, 'Indapamide': 1, 'Acetazolamide': 1, 'Dobutamine': 1, 'Eprosartan': 1, 'Chlorothiazide': 1, 'Quinapril': 1, 'Bumetanide': 1, 'Etacrynic acid': 1, 'Levosimendan': 1, 'Telmisartan': 1, 'Dopamine': 1, 'Trichlormethiazide': 1, 'Irbesartan': 1, 'Isoprenaline': 1, 'Atorvastatin': 1, 'Deslanoside': 1, 'Ouabain': 1, 'Fluvastatin': 1, 'Carvedilol': 1, 'Propafenone': 1, 'Domperidone': 1, 'Captopril': 1, 'Encainide': 1, 'Hydralazine': 1, 'Bismuth Subsalicylate': 1, 'Cilazapril': 1, 'Tasosartan': 1, 'Magnesium oxide': 1, 'Digitoxin': 1, 'Theobromine': 1, 'Amrinone': 1, 'Metrizamide': 1, 'Enoximone': 1, 'Nesiritide': 1, 'Vandetanib': 1, 'Dexlansoprazole': 1, 'Tolvaptan': 1, 'Sitaxentan': 1, 'Dabigatran etexilate': 1, 'Aluminum hydroxide': 1, 'Calcium Carbonate': 1, 'Dalteparin': 1, 'Ticagrelor': 1, 'Atosiban': 1, 'Ivabradine': 1, 'Magnesium hydroxide': 1, 'Protamine sulfate': 1, 'Technetium Tc-99m tetrofosmin': 1, 'Cilnidipine': 1, 'Ubidecarenone': 1, 'Fimasartan': 1, 'Magnesium Trisilicate': 1, 'Molsidomine': 1, 'Sacubitril': 1, 'Thallous Chloride': 1, 'Benzathine benzylpenicillin': 1, 'Iobenguane sulfate I-123': 1, 'Stannous chloride': 1, 'Tetrofosmin': 1, 'Magnesium Aluminum Silicate': 1, 'Oxetacaine': 1, 'Alginic acid': 1, 'Almasilate': 1, 'Magnesium gluconate': 1, 'Human cytomegalovirus immune globulin': 1, 'Peanut oil': 1, 'Terconazole': 2, 'Anidulafungin': 2, 'Caspofungin': 2, 'Voriconazole': 2, 'Butoconazole': 2, 'Tioconazole': 2, 'Ketoconazole': 2, 'Miconazole': 2, 'Econazole': 2, 'Micafungin': 2, 'Posaconazole': 2, 'Dequalinium': 2, 'Bleomycin': 1, 'Raltitrexed': 1, 'Streptozocin': 1, 'Diphenidol': 1}"
138,440,"{'H50', 'D31'}","{'Botulinum Toxin Type A': 1, 'Fluorometholone': 2, 'Framycetin': 1, 'Verteporfin': 1, 'Prednisone': 2, 'Warfarin': 1, 'Hydroxypropyl cellulose': 1, 'Cysteamine': 1, 'Tacrolimus': 1, 'Dexamethasone': 2, 'Ranibizumab': 1, 'Ancrod': 1, 'Naphazoline': 1, 'Hyaluronic acid': 2, 'Aflibercept': 1, 'Trypan blue free acid': 1, 'Rose bengal': 2, 'Edoxudine': 1, 'Voretigene Neparvovec': 1}"
139,441,"{'D43', 'N30', 'C71', 'D36'}","{'Pregabalin': 1, 'Etidronic acid': 1, 'Tolperisone': 1, 'Propiverine': 1, 'Hyoscyamine': 2, 'Trimethoprim': 2, 'Enoxacin': 2, 'Ciprofloxacin': 2, 'Pentosan Polysulfate': 2, 'Nitrofurantoin': 2, 'Fosfomycin': 3, 'Dimethyl sulfoxide': 2, 'Flavoxate': 3, 'Hyaluronic acid': 2, 'Coenzyme M': 2, 'Technetium Tc-99m disofenin': 2, 'Anethole trithione': 2, 'Acetyl sulfisoxazole': 2, 'Phenytoin': 1, 'Metrizamide': 1, 'Nilutamide': 1, 'Ibrutinib': 1, 'Technetium Tc-99m tilmanocept': 1, 'Technetium Tc-99m sulfur colloid': 1, 'Patent Blue': 1}"
140,442,"{'K25', 'K26'}","{'Omeprazole': 4, 'Sucralfate': 4, 'Nizatidine': 4, 'Pirenzepine': 4, 'Homatropine Methylbromide': 4, 'Roxatidine acetate': 4, 'Metronidazole': 2, 'Clarithromycin': 2, 'Almasilate': 2}"
141,444,"{'E10', 'H26'}","{'Miglitol': 2, 'Glipizide': 2, 'Tolbutamide': 2, 'Vitamin E': 1, 'Bromfenac': 1, 'Acetylcholine': 1, 'Nepafenac': 1, 'Hyaluronic acid': 1, 'D-alpha-Tocopherol acetate': 1}"
142,445,"{'E53', 'E11', 'E55'}","{'Oxymetholone': 1, 'Miglitol': 2, 'Glipizide': 2, 'Tolbutamide': 2, 'Calcitriol': 2, 'Calcidiol': 2, 'Cholecalciferol': 2, 'Calcium Gluceptate': 2}"
143,446,"{'I73', 'I70', 'I74'}","{'Lercanidipine': 1, 'Enprofylline': 1, 'Ginkgo biloba': 1, 'Sutilain': 1, 'Lovastatin': 2, 'Clopidogrel': 2, 'Fluvastatin': 2, 'Rosuvastatin': 2, 'Bezafibrate': 2, 'Tocopherol': 2, 'Warfarin': 2}"
144,447,"{'G25', 'G47'}","{'Ioflupane I-123': 1, 'Piracetam': 1, 'Amitriptyline': 2, 'Melatonin': 2, 'Aceprometazine': 2, 'Pimavanserin': 2, 'Armodafinil': 2}"
145,448,"{'F32', 'F43', 'F41'}","{'Imipramine': 3, 'Tranylcypromine': 2, 'Agomelatine': 2, 'Sertraline': 1, 'Lorazepam': 1, 'Butabarbital': 1, 'Meprobamate': 1, 'Chlordiazepoxide': 1, 'Buspirone': 1, 'Clorazepate': 1, 'Halazepam': 1, 'Diazepam': 1, 'Trifluoperazine': 1, 'Oxazepam': 1, 'Desipramine': 1, 'Clotiazepam': 1, 'Fludiazepam': 1, 'Prazepam': 1, 'Cinolazepam': 1}"
146,450,"{'H36', 'E10', 'H26'}","{'Ripasudil': 1, 'Miglitol': 2, 'Glipizide': 2, 'Tolbutamide': 2, 'Vitamin E': 1, 'Bromfenac': 1, 'Acetylcholine': 1, 'Nepafenac': 1, 'Hyaluronic acid': 1, 'D-alpha-Tocopherol acetate': 1}"
147,451,"{'I20', 'I21'}","{'Bivalirudin': 1, 'Abciximab': 1, 'Metoprolol': 4, 'Atenolol': 2, 'Lercanidipine': 2, 'Labetalol': 2, 'Bisoprolol': 2, 'Isosorbide Dinitrate': 2, 'Acetylsalicylic acid': 3, 'Isosorbide Mononitrate': 2, 'Perhexiline': 2, 'Heparin': 1, 'Nadolol': 2, 'Enoxaparin': 1, 'Bevantolol': 2, 'Oxprenolol': 2, 'Amyl Nitrite': 2, 'Celiprolol': 2, 'Pentaerythritol Tetranitrate': 2, 'Prasugrel': 1, 'Dalteparin': 1, 'Nadroparin': 1, 'Trimetazidine': 2, 'Nicorandil': 2, 'Aranidipine': 2, 'Benidipine': 2, 'Alteplase': 2, 'Eplerenone': 2, 'Ridogrel': 2, 'Technetium Tc-99m pyrophosphate': 2}"
148,454,"{'G41', 'G40'}","{'Lorazepam': 2, 'Adinazolam': 2, 'Propofol': 2, 'Fosphenytoin': 2, 'Clobazam': 2, 'Carbamazepine': 2, 'Ethosuximide': 2, 'Oxcarbazepine': 2, 'Primidone': 2, 'Phensuximide': 2, 'Progabide': 2, 'Methylphenobarbital': 2, 'Zonisamide': 2, 'Felbamate': 2, 'Gabapentin': 2, 'Vigabatrin': 2, 'Phenacemide': 2, 'Levetiracetam': 2, 'Flunarizine': 2, 'Lacosamide': 2, 'Stiripentol': 2}"
149,461,"{'D40', 'N41'}","{'Leuprolide': 1, 'Goserelin': 1, 'Capromab pendetide': 1, 'Abarelix': 1, 'Diethylstilbestrol': 1, 'Conjugated estrogens': 1, 'Megestrol acetate': 1, 'Flutamide': 1, 'Toremifene': 1, 'Nilutamide': 1, 'Estradiol': 1, 'Melatonin': 1, 'Dutasteride': 1, 'Estramustine': 1, 'Finasteride': 1, 'Docetaxel': 1, 'Equilin': 1, 'Quinestrol': 1, 'Ixabepilone': 1, 'Samarium (153Sm) lexidronam': 1, 'Abiraterone': 1, 'rsPSMA Vaccine': 1, 'Denosumab': 1, 'Sipuleucel-T': 1, 'Degarelix': 1, 'Buserelin': 1, 'Cabazitaxel': 1, 'Histrelin': 1, 'Triptorelin': 1, 'Enzalutamide': 1, 'Radium Ra 223 Dichloride': 1, 'Choline C 11': 1, 'Estrogens, esterified': 1, 'Choline C-11': 1, 'Apalutamide': 1, 'Fluciclovine (18F)': 1, 'Testosterone cypionate': 1, 'Testosterone enanthate': 1, 'Testosterone undecanoate': 1, 'Estradiol valerate': 1, 'Trimethoprim': 1, 'Cephalexin': 1}"
