,Disease A,Disease B,Epidemiological network,Genetic network,Shared drugs
0,F13,F15,False,False,"{'Molindone', 'Quetiapine', 'Prochlorperazine', 'Olanzapine', 'Perphenazine', 'Fluphenazine', 'Aripiprazole', 'Chlorprothixene', 'Aripiprazole lauroxil', 'Loxapine', 'Ziprasidone'}"
1,F14,F15,False,False,"{'Molindone', 'Quetiapine', 'Prochlorperazine', 'Olanzapine', 'Perphenazine', 'Fluphenazine', 'Aripiprazole', 'Chlorprothixene', 'Aripiprazole lauroxil', 'Loxapine', 'Ziprasidone'}"
2,F10,F12,False,False,"{'Molindone', 'Quetiapine', 'Prochlorperazine', 'Olanzapine', 'Perphenazine', 'Fluphenazine', 'Aripiprazole', 'Chlorprothixene', 'Aripiprazole lauroxil', 'Loxapine', 'Ziprasidone'}"
3,F17,F20,False,False,"{'Quetiapine', 'Olanzapine', 'Aripiprazole', 'Chlorprothixene', 'Aripiprazole lauroxil', 'Loxapine', 'Ziprasidone'}"
4,F10,F17,False,False,"{'Molindone', 'Quetiapine', 'Prochlorperazine', 'Olanzapine', 'Perphenazine', 'Fluphenazine', 'Aripiprazole', 'Chlorprothixene', 'Aripiprazole lauroxil', 'Loxapine', 'Ziprasidone'}"
5,K25,K26,False,False,"{'Sucralfate', 'Omeprazole', 'Homatropine Methylbromide', 'Nizatidine', 'Roxatidine acetate', 'Pirenzepine'}"
6,F15,F11,False,False,"{'Molindone', 'Quetiapine', 'Prochlorperazine', 'Olanzapine', 'Perphenazine', 'Fluphenazine', 'Aripiprazole', 'Chlorprothixene', 'Aripiprazole lauroxil', 'Loxapine', 'Ziprasidone'}"
7,F14,F11,False,False,"{'Molindone', 'Quetiapine', 'Prochlorperazine', 'Olanzapine', 'Perphenazine', 'Fluphenazine', 'Aripiprazole', 'Chlorprothixene', 'Aripiprazole lauroxil', 'Loxapine', 'Ziprasidone'}"
8,I63,I64,False,False,{'Dabigatran etexilate'}
9,J42,J20,False,False,"{'Dirithromycin', 'Etafedrine', 'Cefixime', 'Pivampicillin'}"
10,F12,F14,False,False,"{'Molindone', 'Quetiapine', 'Prochlorperazine', 'Olanzapine', 'Perphenazine', 'Fluphenazine', 'Aripiprazole', 'Chlorprothixene', 'Aripiprazole lauroxil', 'Loxapine', 'Ziprasidone'}"
11,F13,F19,False,False,"{'Molindone', 'Quetiapine', 'Prochlorperazine', 'Olanzapine', 'Perphenazine', 'Fluphenazine', 'Aripiprazole', 'Chlorprothixene', 'Aripiprazole lauroxil', 'Loxapine', 'Ziprasidone'}"
12,F10,F14,False,False,"{'Molindone', 'Quetiapine', 'Prochlorperazine', 'Olanzapine', 'Perphenazine', 'Fluphenazine', 'Aripiprazole', 'Chlorprothixene', 'Aripiprazole lauroxil', 'Loxapine', 'Ziprasidone'}"
13,F14,F19,False,False,"{'Molindone', 'Quetiapine', 'Prochlorperazine', 'Olanzapine', 'Perphenazine', 'Fluphenazine', 'Aripiprazole', 'Chlorprothixene', 'Aripiprazole lauroxil', 'Loxapine', 'Ziprasidone'}"
14,J44,J43,False,False,"{'Ipratropium', 'Olodaterol', 'Arformoterol', 'Aclidinium', 'Indacaterol'}"
15,F17,F12,False,False,"{'Molindone', 'Quetiapine', 'Prochlorperazine', 'Olanzapine', 'Perphenazine', 'Fluphenazine', 'Aripiprazole', 'Chlorprothixene', 'Aripiprazole lauroxil', 'Loxapine', 'Ziprasidone'}"
16,I42,I48,False,False,"{'Phenindione', 'Warfarin'}"
17,C18,D12,False,False,{'Raltitrexed'}
18,J45,L20,False,False,{'Tranilast'}
19,J45,J43,False,False,"{'Bambuterol', 'Oxtriphylline', 'Aminophylline', 'Vilanterol', 'Orciprenaline', 'Olodaterol', 'Theophylline', 'Dyphylline', 'Fluticasone furoate'}"
20,G47,F51,False,False,"{'Armodafinil', 'Pimavanserin', 'Aceprometazine', 'Melatonin', 'Amitriptyline'}"
21,E10,E14,False,False,"{'Glipizide', 'Miglitol', 'Tolbutamide'}"
22,G30,F03,False,False,"{'Galantamine', 'Phosphatidyl serine'}"
23,F12,F15,False,False,"{'Molindone', 'Quetiapine', 'Prochlorperazine', 'Olanzapine', 'Perphenazine', 'Fluphenazine', 'Aripiprazole', 'Chlorprothixene', 'Aripiprazole lauroxil', 'Loxapine', 'Ziprasidone'}"
24,F13,F14,False,False,"{'Molindone', 'Quetiapine', 'Prochlorperazine', 'Olanzapine', 'Perphenazine', 'Fluphenazine', 'Aripiprazole', 'Chlorprothixene', 'Aripiprazole lauroxil', 'Loxapine', 'Ziprasidone'}"
25,I20,I21,False,False,{'Metoprolol'}
26,F19,F11,False,False,"{'Molindone', 'Quetiapine', 'Prochlorperazine', 'Olanzapine', 'Perphenazine', 'Fluphenazine', 'Aripiprazole', 'Chlorprothixene', 'Aripiprazole lauroxil', 'Loxapine', 'Ziprasidone'}"
27,E06,E03,False,False,"{'Liothyronine', 'Liotrix', 'Levothyroxine', 'Thyroid, porcine'}"
28,F12,F11,False,False,"{'Molindone', 'Quetiapine', 'Prochlorperazine', 'Olanzapine', 'Perphenazine', 'Fluphenazine', 'Aripiprazole', 'Chlorprothixene', 'Aripiprazole lauroxil', 'Loxapine', 'Ziprasidone'}"
29,I20,I50,False,False,"{'Metoprolol', 'Dalteparin', 'Bisoprolol'}"
30,K58,K59,False,False,"{'Lubiprostone', 'Tegaserod', 'Linaclotide', 'Plantago seed', 'Methyl cellulose'}"
31,F10,F11,False,False,"{'Molindone', 'Quetiapine', 'Prochlorperazine', 'Olanzapine', 'Perphenazine', 'Fluphenazine', 'Aripiprazole', 'Chlorprothixene', 'Aripiprazole lauroxil', 'Loxapine', 'Ziprasidone'}"
32,F15,F19,False,False,"{'Molindone', 'Quetiapine', 'Prochlorperazine', 'Olanzapine', 'Perphenazine', 'Fluphenazine', 'Aripiprazole', 'Chlorprothixene', 'Aripiprazole lauroxil', 'Loxapine', 'Ziprasidone'}"
33,N18,N25,False,False,"{'Calcitriol', 'Cholecalciferol', 'Calcidiol'}"
34,N18,N19,False,False,"{'Calcitriol', 'Cholecalciferol', 'Calcidiol'}"
35,J44,J45,False,False,"{'Levosalbutamol', 'Olodaterol', 'Salmeterol', 'Doxofylline', 'Procaterol'}"
36,M32,L93,False,False,"{'Acetylsalicylic acid', 'Belimumab', 'Prednisone', 'Hydroxychloroquine', 'Prednisolone'}"
37,F12,F19,False,False,"{'Molindone', 'Quetiapine', 'Prochlorperazine', 'Olanzapine', 'Perphenazine', 'Fluphenazine', 'Aripiprazole', 'Chlorprothixene', 'Aripiprazole lauroxil', 'Loxapine', 'Ziprasidone'}"
38,F10,F19,False,False,"{'Molindone', 'Quetiapine', 'Prochlorperazine', 'Olanzapine', 'Perphenazine', 'Fluphenazine', 'Aripiprazole', 'Chlorprothixene', 'Aripiprazole lauroxil', 'Loxapine', 'Ziprasidone'}"
39,M06,M13,False,False,"{'Abatacept', 'Tofacitinib', 'Aurothioglucose', 'Baricitinib', 'Acemetacin', 'D-alpha-Tocopherol acetate', 'Tenoxicam', 'Aceclofenac', 'Cystine', 'Piroxicam', 'Naproxen', 'Talniflumate', 'Infliximab', 'Celecoxib', 'Meclofenamic acid', 'Salsalate', 'Tocilizumab', 'Methylprednisolone', 'Gelatin', 'Vitamin E', 'Rituximab', 'Diflunisal', 'Acetylsalicylic acid', 'Cyclosporine', 'Mefenamic acid', 'Etoricoxib', 'Golimumab', 'Samarium (153Sm) lexidronam', 'Immune Globulin Human', 'Ibuprofen', 'Dexibuprofen', 'Anakinra', 'Histidine', 'Leflunomide', 'Tolmetin', 'Sulindac', 'Etodolac', 'Flurbiprofen', 'Certolizumab pegol', 'Methotrexate', 'Ketoprofen', 'Hydroxychloroquine', 'Temsirolimus', 'Etanercept', 'Prednisolone', 'Azathioprine', 'Indomethacin', 'Auranofin', 'Nabumetone', 'Adalimumab', 'Rofecoxib', 'Niflumic Acid', 'Sulfasalazine', 'Fenoprofen', 'Oxaprozin', 'Alclofenac', 'Chloroquine', 'Diclofenac', 'Penicillamine'}"
40,F13,F11,False,False,"{'Molindone', 'Quetiapine', 'Prochlorperazine', 'Olanzapine', 'Perphenazine', 'Fluphenazine', 'Aripiprazole', 'Chlorprothixene', 'Aripiprazole lauroxil', 'Loxapine', 'Ziprasidone'}"
41,C80,D48,False,False,"{'Mitomycin', 'Aminoglutethimide'}"
42,E10,E11,False,False,"{'Glipizide', 'Miglitol', 'Tolbutamide'}"
43,J43,J42,False,False,"{'Aminophylline', 'Vilanterol', 'Ipratropium', 'Orciprenaline', 'Olodaterol', 'Theophylline', 'Arformoterol', 'Dyphylline', 'Fluticasone furoate', 'Indacaterol', 'Aclidinium'}"
44,F12,F20,False,False,"{'Quetiapine', 'Olanzapine', 'Aripiprazole', 'Chlorprothixene', 'Aripiprazole lauroxil', 'Loxapine', 'Ziprasidone'}"
45,N17,N19,False,False,{'Dalteparin'}
46,F10,F20,False,False,"{'Quetiapine', 'Olanzapine', 'Aripiprazole', 'Chlorprothixene', 'Aripiprazole lauroxil', 'Loxapine', 'Ziprasidone'}"
47,E11,E14,False,False,"{'Glipizide', 'Miglitol', 'Tolbutamide'}"
48,G20,G21,False,False,{'Levodopa'}
49,F12,F13,False,False,"{'Molindone', 'Quetiapine', 'Prochlorperazine', 'Olanzapine', 'Perphenazine', 'Fluphenazine', 'Aripiprazole', 'Chlorprothixene', 'Aripiprazole lauroxil', 'Loxapine', 'Ziprasidone'}"
50,F10,F13,False,False,"{'Molindone', 'Quetiapine', 'Prochlorperazine', 'Olanzapine', 'Perphenazine', 'Fluphenazine', 'Aripiprazole', 'Chlorprothixene', 'Aripiprazole lauroxil', 'Loxapine', 'Ziprasidone'}"
51,C92,D46,False,False,{'Lipegfilgrastim'}
52,E06,G70,False,True,{'Prednisone'}
53,K51,N03,False,True,"{'Tofacitinib', 'Kappadione', 'Budesonide', 'Infliximab'}"
54,F14,F18,False,True,"{'Molindone', 'Quetiapine', 'Prochlorperazine', 'Olanzapine', 'Perphenazine', 'Fluphenazine', 'Aripiprazole', 'Chlorprothixene', 'Aripiprazole lauroxil', 'Loxapine', 'Ziprasidone'}"
55,N03,N00,False,True,"{'Hydroflumethiazide', 'Bexarotene', 'Infliximab', 'Ancestim', 'Eribulin', 'Icotinib', 'Aprepitant', 'Galactose', 'Olaratumab', 'Coagulation factor VII human', 'Florbetaben (18F)', 'Moxisylyte', 'Phentolamine', 'Natural alpha interferon', 'Normethadone', 'Temsirolimus', 'Torasemide', 'Talimogene laherparepvec', 'Idelalisib', 'Hyaluronidase (Human Recombinant)', 'Secukinumab', 'Hydroxocobalamin', 'Ethinamate', 'Abatacept', 'Benzathine benzylpenicillin', 'Oxymetholone', 'Pembrolizumab', 'Asparaginase Erwinia chrysanthemi', 'Dermatophagoides farinae', 'Magnesium acetate tetrahydrate', 'Lomustine', 'Dexmethylphenidate', 'Afatinib', 'Bicisate', 'Ertugliflozin', 'Guanfacine', 'Nonoxynol-9', 'Erythropoietin', 'Atazanavir', 'Carboprost Tromethamine', 'Methotrexate', 'Travoprost', 'Nabiximols', 'Lenograstim', 'Salmon Calcitonin', 'Pyrazinamide', 'Nelfinavir', 'Cobicistat', 'Glycyrrhizic acid', 'Hydroxystilbamidine Isethionate', 'Fencamfamine', 'Tipiracil', 'Etravirine', 'Furosemide', 'Pazopanib', 'Etoposide', 'Prednisone', 'Dexibuprofen', 'Monopotassium phosphate', 'Human vaccinia virus immune globulin', 'Dermatophagoides pteronyssinus', 'Droxidopa', 'Cyclothiazide', 'Iodine', 'Medium-chain triglycerides', 'Fomivirsen', 'Lindane', 'Hexobarbital', 'Clarithromycin', 'Asparaginase Escherichia coli', 'Levomefolic acid', 'Dimetindene', 'Vigabatrin', 'Indium In-111 chloride', 'Ampicillin', 'Capreomycin', 'Dyclonine', 'Vinflunine', 'Methylphenidate', 'Regorafenib', 'Oxygen', 'Amprenavir', 'Carbon dioxide', 'Somatostatin', 'Mipomersen', 'Oxcarbazepine', 'Efalizumab', 'Caspofungin', 'Delamanid', 'Amitriptyline', 'Potassium Iodide', 'Floxuridine', 'Levonorgestrel', 'Darunavir', 'Peginterferon alfa-2b', 'Diloxanide', 'Meticillin', 'Hydrocodone', 'Budesonide', 'Trimethadione', 'Ribavirin', 'Propanoic acid', 'Ferric sulfate', 'Rosuvastatin', 'Potassium', 'Amiodarone', 'Moxonidine', 'Filgrastim', 'alpha-Tocopherol acetate', 'Doxorubicin', 'Rilpivirine', 'Thonzylamine', 'Flunitrazepam', 'Fosnetupitant', 'Panitumumab', 'Besilesomab', 'Hexachlorophene', 'Protein S human', 'Sodium stibogluconate', 'Clindamycin', 'Safinamide', 'Telmisartan', 'Beta carotene', 'Paramethadione', 'Methyl cellulose', 'Phenindamine', 'Calcium levulinate', 'Ticlopidine', 'Hexylresorcinol', 'Flecainide', 'Sulfisoxazole', 'Elvitegravir', 'Bioallethrin', 'Emtricitabine', 'Dactinomycin', 'Bacitracin', 'Ifosfamide', 'Ustekinumab', 'Docetaxel', 'Zotepine', 'Cannabidiol', 'Captopril', 'Fluoride ion F-18', 'Rasagiline', 'Abacavir', 'Trabectedin', 'Tegafur', 'Hydroxyethyl Starch', 'Zinc oxide', 'Lamotrigine', 'Metolazone', 'Peginterferon alfa-2a', 'Eprosartan', 'Penbutolol', 'Fish oil', 'Remestemcel-L', 'Dacarbazine', 'Tetrabenazine', 'Cresol', 'Guselkumab', 'Nivolumab', 'Abemaciclib', 'Indapamide', 'Zidovudine', 'Bromodiphenhydramine', 'Haloperidol', 'Methyclothiazide', 'Cetuximab', 'Procarbazine', 'Ixekizumab', 'Asunaprevir', 'Sofosbuvir', 'Neomycin', 'Mifamurtide', 'Testosterone undecanoate', 'Lymecycline', 'Tenofovir disoproxil', 'Durvalumab', 'Tofacitinib', 'Cetylpyridinium', 'Sodium glycerophosphate', 'Levoleucovorin', 'Thiotepa', 'Talc', 'Isocarboxazid', 'Triprolidine', 'Vinorelbine', 'Gadobenic acid', 'Didanosine', 'Cycloserine', 'Netupitant', 'Iohexol', 'Phenelzine', 'Bovine type I collagen', 'Octreotide', 'Unoprostone', 'Hepatitis B Vaccine (Recombinant)', 'Raltegravir', 'Axicabtagene ciloleucel', 'Piracetam', 'Dinoprostone', 'Anidulafungin', 'Doxylamine', 'Ethchlorvynol', 'Labetalol', 'Bimatoprost', 'Lasofoxifene', 'Ethionamide', 'Tretinoin', 'Obeticholic acid', 'Trimethoprim', 'Lipegfilgrastim', 'Palonosetron', 'Thrombomodulin Alfa', 'Hesperetin', 'Tetrachlorodecaoxide', 'Omega-3-carboxylic acids', 'Amiloride', 'Stem bromelain', 'Human cytomegalovirus immune globulin', 'Cyclizine', 'Melphalan', 'Pancrelipase', 'Perboric acid', 'Oprelvekin', 'Methsuximide', 'Nicoboxil', 'Methocarbamol', 'Allopurinol', 'Pemetrexed', 'Fosamprenavir', 'Lopinavir', 'Hyaluronic acid', 'Ondansetron', 'Phenazopyridine', 'Rolapitant', 'Ivacaftor', 'Proguanil', 'Misoprostol', 'Saxagliptin', 'Cantharidin', 'Fludeoxyglucose F-18', 'Baricitinib', 'Suramin', 'Tolcapone', 'Hyaluronidase', 'Hepatitis A Vaccine', 'Bromocriptine', 'Tamibarotene', 'Megestrol acetate', 'Bismuth Subsalicylate', 'Kappadione', 'Carboplatin', 'Niraparib', 'Brentuximab vedotin', 'Polysilicone-15', 'Pseudoephedrine', 'Cabergoline', 'Temoporfin', 'Angiotensin II', 'Triflusal', 'Florbetapir (18F)', 'Domiphen', 'Riociguat', 'Salbutamol', 'Olaparib', 'Chlorthalidone', 'Pegfilgrastim', 'Rasburicase', 'Ixabepilone', 'Peppermint oil', 'Estrogens, esterified', 'Mecasermin', 'Thiopental', 'Oxybenzone', 'Aurothioglucose', 'Isoflurophate', 'Capecitabine', 'Acetylcholine', 'Ubidecarenone', 'Cinnarizine', 'Streptomycin', 'alpha-Tocopherol succinate', 'Selegiline', 'Novobiocin', 'Flutemetamol (18F)', 'Nabilone', 'Magnesium gluconate', 'Dolutegravir', 'Dronabinol', 'Atezolizumab', 'Posaconazole', 'Benzoyl peroxide', 'Sipuleucel-T', 'Liotrix', 'Rucaparib', 'Chlorphenesin', 'Dalteparin', 'Tolnaftate', 'Omeprazole', 'Velpatasvir', 'Inotuzumab ozogamicin', 'Nelarabine', 'Resorcinol', 'Bufexamac', 'Xylose', 'Dolasetron', 'Theophylline', 'Lorpiprazole', 'Nisoldipine', 'Gefitinib', 'Dinutuximab', 'Nevirapine', 'Chlorothiazide', 'Strontium ranelate', 'Fosaprepitant', 'Griseofulvin', 'Pertuzumab', 'Acetylcarnitine', 'Defibrotide', 'Palifermin', 'Ritonavir', 'Hexocyclium', 'Lacidipine', 'Gemtuzumab ozogamicin', 'Buclizine', 'N-acetyltyrosine', 'Zalcitabine', 'Asenapine', 'Atomoxetine', 'Demeclocycline', 'Antipyrine', 'Azidocillin', 'Sarilumab', 'Melatonin', 'Sodium acetate', 'Micafungin', 'Ramucirumab', 'Cerivastatin', 'Pramocaine', 'Esmolol', 'Erlotinib', 'Ketamine', 'Chloropyramine', 'Sacubitril', 'Flumethasone'}"
56,G35,L20,False,True,{'Prednisone'}
57,F17,F18,False,True,"{'Molindone', 'Quetiapine', 'Prochlorperazine', 'Olanzapine', 'Perphenazine', 'Fluphenazine', 'Aripiprazole', 'Chlorprothixene', 'Aripiprazole lauroxil', 'Loxapine', 'Ziprasidone'}"
58,L10,L51,False,True,{'Prednisone'}
59,I47,I48,False,True,{'Propafenone'}
60,I20,N19,False,True,{'Dalteparin'}
61,I73,I20,False,True,{'Lercanidipine'}
62,L10,M06,False,True,{'Prednisolone'}
63,L23,L30,False,True,{'Bentoquatam'}
64,K51,M06,False,True,"{'Prednisolone', 'Tofacitinib', 'Infliximab', 'Golimumab'}"
65,H20,E06,False,True,{'Prednisone'}
66,M32,L20,False,True,{'Prednisone'}
67,M06,D69,False,True,{'Immune Globulin Human'}
68,N03,N01,False,True,"{'Hydroflumethiazide', 'Bexarotene', 'Infliximab', 'Ancestim', 'Eribulin', 'Icotinib', 'Aprepitant', 'Galactose', 'Olaratumab', 'Coagulation factor VII human', 'Florbetaben (18F)', 'Moxisylyte', 'Phentolamine', 'Natural alpha interferon', 'Normethadone', 'Temsirolimus', 'Torasemide', 'Talimogene laherparepvec', 'Idelalisib', 'Hyaluronidase (Human Recombinant)', 'Secukinumab', 'Hydroxocobalamin', 'Ethinamate', 'Abatacept', 'Benzathine benzylpenicillin', 'Oxymetholone', 'Pembrolizumab', 'Asparaginase Erwinia chrysanthemi', 'Dermatophagoides farinae', 'Magnesium acetate tetrahydrate', 'Lomustine', 'Dexmethylphenidate', 'Afatinib', 'Bicisate', 'Ertugliflozin', 'Guanfacine', 'Nonoxynol-9', 'Erythropoietin', 'Atazanavir', 'Carboprost Tromethamine', 'Methotrexate', 'Travoprost', 'Nabiximols', 'Lenograstim', 'Salmon Calcitonin', 'Pyrazinamide', 'Nelfinavir', 'Cobicistat', 'Glycyrrhizic acid', 'Hydroxystilbamidine Isethionate', 'Fencamfamine', 'Tipiracil', 'Etravirine', 'Furosemide', 'Pazopanib', 'Etoposide', 'Prednisone', 'Dexibuprofen', 'Monopotassium phosphate', 'Human vaccinia virus immune globulin', 'Dermatophagoides pteronyssinus', 'Droxidopa', 'Cyclothiazide', 'Iodine', 'Medium-chain triglycerides', 'Fomivirsen', 'Lindane', 'Hexobarbital', 'Clarithromycin', 'Asparaginase Escherichia coli', 'Levomefolic acid', 'Dimetindene', 'Vigabatrin', 'Indium In-111 chloride', 'Ampicillin', 'Capreomycin', 'Dyclonine', 'Vinflunine', 'Methylphenidate', 'Regorafenib', 'Oxygen', 'Amprenavir', 'Carbon dioxide', 'Somatostatin', 'Mipomersen', 'Oxcarbazepine', 'Efalizumab', 'Caspofungin', 'Delamanid', 'Amitriptyline', 'Potassium Iodide', 'Floxuridine', 'Levonorgestrel', 'Darunavir', 'Peginterferon alfa-2b', 'Diloxanide', 'Meticillin', 'Hydrocodone', 'Budesonide', 'Trimethadione', 'Ribavirin', 'Propanoic acid', 'Ferric sulfate', 'Rosuvastatin', 'Potassium', 'Amiodarone', 'Moxonidine', 'Filgrastim', 'alpha-Tocopherol acetate', 'Doxorubicin', 'Rilpivirine', 'Thonzylamine', 'Flunitrazepam', 'Fosnetupitant', 'Panitumumab', 'Besilesomab', 'Hexachlorophene', 'Protein S human', 'Sodium stibogluconate', 'Clindamycin', 'Safinamide', 'Telmisartan', 'Beta carotene', 'Paramethadione', 'Methyl cellulose', 'Phenindamine', 'Calcium levulinate', 'Ticlopidine', 'Hexylresorcinol', 'Flecainide', 'Sulfisoxazole', 'Elvitegravir', 'Bioallethrin', 'Emtricitabine', 'Dactinomycin', 'Bacitracin', 'Ifosfamide', 'Ustekinumab', 'Docetaxel', 'Zotepine', 'Cannabidiol', 'Captopril', 'Fluoride ion F-18', 'Rasagiline', 'Abacavir', 'Trabectedin', 'Tegafur', 'Hydroxyethyl Starch', 'Zinc oxide', 'Lamotrigine', 'Metolazone', 'Peginterferon alfa-2a', 'Eprosartan', 'Penbutolol', 'Fish oil', 'Remestemcel-L', 'Dacarbazine', 'Tetrabenazine', 'Cresol', 'Guselkumab', 'Nivolumab', 'Abemaciclib', 'Indapamide', 'Zidovudine', 'Bromodiphenhydramine', 'Haloperidol', 'Methyclothiazide', 'Cetuximab', 'Procarbazine', 'Ixekizumab', 'Asunaprevir', 'Sofosbuvir', 'Neomycin', 'Mifamurtide', 'Testosterone undecanoate', 'Lymecycline', 'Tenofovir disoproxil', 'Durvalumab', 'Tofacitinib', 'Cetylpyridinium', 'Sodium glycerophosphate', 'Levoleucovorin', 'Thiotepa', 'Talc', 'Isocarboxazid', 'Triprolidine', 'Vinorelbine', 'Gadobenic acid', 'Didanosine', 'Cycloserine', 'Netupitant', 'Iohexol', 'Phenelzine', 'Bovine type I collagen', 'Octreotide', 'Unoprostone', 'Hepatitis B Vaccine (Recombinant)', 'Raltegravir', 'Axicabtagene ciloleucel', 'Piracetam', 'Dinoprostone', 'Anidulafungin', 'Doxylamine', 'Ethchlorvynol', 'Labetalol', 'Bimatoprost', 'Lasofoxifene', 'Ethionamide', 'Tretinoin', 'Obeticholic acid', 'Trimethoprim', 'Lipegfilgrastim', 'Palonosetron', 'Thrombomodulin Alfa', 'Hesperetin', 'Tetrachlorodecaoxide', 'Omega-3-carboxylic acids', 'Amiloride', 'Stem bromelain', 'Human cytomegalovirus immune globulin', 'Cyclizine', 'Melphalan', 'Pancrelipase', 'Perboric acid', 'Oprelvekin', 'Methsuximide', 'Nicoboxil', 'Methocarbamol', 'Allopurinol', 'Pemetrexed', 'Fosamprenavir', 'Lopinavir', 'Hyaluronic acid', 'Ondansetron', 'Phenazopyridine', 'Rolapitant', 'Ivacaftor', 'Proguanil', 'Misoprostol', 'Saxagliptin', 'Cantharidin', 'Fludeoxyglucose F-18', 'Baricitinib', 'Suramin', 'Tolcapone', 'Hyaluronidase', 'Hepatitis A Vaccine', 'Bromocriptine', 'Tamibarotene', 'Megestrol acetate', 'Bismuth Subsalicylate', 'Kappadione', 'Carboplatin', 'Niraparib', 'Brentuximab vedotin', 'Polysilicone-15', 'Pseudoephedrine', 'Cabergoline', 'Temoporfin', 'Angiotensin II', 'Triflusal', 'Florbetapir (18F)', 'Domiphen', 'Riociguat', 'Salbutamol', 'Olaparib', 'Chlorthalidone', 'Pegfilgrastim', 'Rasburicase', 'Ixabepilone', 'Peppermint oil', 'Estrogens, esterified', 'Mecasermin', 'Thiopental', 'Oxybenzone', 'Aurothioglucose', 'Isoflurophate', 'Capecitabine', 'Acetylcholine', 'Ubidecarenone', 'Cinnarizine', 'Streptomycin', 'alpha-Tocopherol succinate', 'Selegiline', 'Novobiocin', 'Flutemetamol (18F)', 'Nabilone', 'Magnesium gluconate', 'Dolutegravir', 'Dronabinol', 'Atezolizumab', 'Posaconazole', 'Benzoyl peroxide', 'Sipuleucel-T', 'Liotrix', 'Rucaparib', 'Chlorphenesin', 'Dalteparin', 'Tolnaftate', 'Omeprazole', 'Velpatasvir', 'Inotuzumab ozogamicin', 'Nelarabine', 'Resorcinol', 'Bufexamac', 'Xylose', 'Dolasetron', 'Theophylline', 'Lorpiprazole', 'Nisoldipine', 'Gefitinib', 'Dinutuximab', 'Nevirapine', 'Chlorothiazide', 'Strontium ranelate', 'Fosaprepitant', 'Griseofulvin', 'Pertuzumab', 'Acetylcarnitine', 'Defibrotide', 'Palifermin', 'Ritonavir', 'Hexocyclium', 'Lacidipine', 'Gemtuzumab ozogamicin', 'Buclizine', 'N-acetyltyrosine', 'Zalcitabine', 'Asenapine', 'Atomoxetine', 'Demeclocycline', 'Antipyrine', 'Azidocillin', 'Sarilumab', 'Melatonin', 'Sodium acetate', 'Micafungin', 'Ramucirumab', 'Cerivastatin', 'Pramocaine', 'Esmolol', 'Erlotinib', 'Ketamine', 'Chloropyramine', 'Sacubitril', 'Flumethasone'}"
69,L10,G35,False,True,{'Prednisone'}
70,D29,D40,False,True,"{'Dutasteride', 'Equilin', 'Buserelin', 'Estramustine', 'Enzalutamide', 'Leuprolide', 'Megestrol acetate', 'Degarelix', 'Goserelin', 'rsPSMA Vaccine', 'Samarium (153Sm) lexidronam', 'Denosumab', 'Estradiol valerate', 'Docetaxel', 'Abarelix', 'Radium Ra 223 Dichloride', 'Quinestrol', 'Histrelin', 'Nilutamide', 'Apalutamide', 'Estradiol', 'Flutamide', 'Melatonin', 'Choline C-11', 'Testosterone enanthate', 'Choline C 11', 'Fluciclovine (18F)', 'Diethylstilbestrol', 'Sipuleucel-T', 'Ixabepilone', 'Testosterone cypionate', 'Estrogens, esterified', 'Testosterone undecanoate', 'Capromab pendetide', 'Finasteride', 'Abiraterone', 'Cabazitaxel', 'Conjugated estrogens', 'Triptorelin', 'Toremifene'}"
71,A30,L52,False,True,{'Clofazimine'}
72,J20,J40,False,True,"{'Dirithromycin', 'Etafedrine', 'Cefixime', 'Pivampicillin', 'Telithromycin'}"
73,L51,L40,False,True,{'Prednisone'}
74,H20,L40,False,True,{'Prednisone'}
75,H20,H16,False,True,{'Prednisone'}
76,H20,L10,False,True,{'Prednisone'}
77,N00,N07,False,True,"{'Hydroflumethiazide', 'Bexarotene', 'Infliximab', 'Ancestim', 'Eribulin', 'Icotinib', 'Aprepitant', 'Galactose', 'Olaratumab', 'Coagulation factor VII human', 'Florbetaben (18F)', 'Moxisylyte', 'Phentolamine', 'Natural alpha interferon', 'Normethadone', 'Temsirolimus', 'Torasemide', 'Talimogene laherparepvec', 'Idelalisib', 'Hyaluronidase (Human Recombinant)', 'Secukinumab', 'Hydroxocobalamin', 'Ethinamate', 'Abatacept', 'Benzathine benzylpenicillin', 'Oxymetholone', 'Pembrolizumab', 'Asparaginase Erwinia chrysanthemi', 'Dermatophagoides farinae', 'Magnesium acetate tetrahydrate', 'Lomustine', 'Dexmethylphenidate', 'Afatinib', 'Bicisate', 'Ertugliflozin', 'Guanfacine', 'Nonoxynol-9', 'Erythropoietin', 'Atazanavir', 'Carboprost Tromethamine', 'Methotrexate', 'Travoprost', 'Nabiximols', 'Lenograstim', 'Salmon Calcitonin', 'Pyrazinamide', 'Nelfinavir', 'Cobicistat', 'Glycyrrhizic acid', 'Hydroxystilbamidine Isethionate', 'Fencamfamine', 'Tipiracil', 'Etravirine', 'Furosemide', 'Pazopanib', 'Etoposide', 'Prednisone', 'Dexibuprofen', 'Monopotassium phosphate', 'Human vaccinia virus immune globulin', 'Dermatophagoides pteronyssinus', 'Droxidopa', 'Cyclothiazide', 'Iodine', 'Medium-chain triglycerides', 'Fomivirsen', 'Lindane', 'Hexobarbital', 'Clarithromycin', 'Asparaginase Escherichia coli', 'Levomefolic acid', 'Dimetindene', 'Vigabatrin', 'Indium In-111 chloride', 'Ampicillin', 'Capreomycin', 'Dyclonine', 'Vinflunine', 'Methylphenidate', 'Regorafenib', 'Oxygen', 'Amprenavir', 'Carbon dioxide', 'Somatostatin', 'Mipomersen', 'Oxcarbazepine', 'Efalizumab', 'Caspofungin', 'Delamanid', 'Amitriptyline', 'Potassium Iodide', 'Floxuridine', 'Levonorgestrel', 'Darunavir', 'Peginterferon alfa-2b', 'Diloxanide', 'Meticillin', 'Hydrocodone', 'Budesonide', 'Trimethadione', 'Ribavirin', 'Propanoic acid', 'Ferric sulfate', 'Rosuvastatin', 'Potassium', 'Amiodarone', 'Moxonidine', 'Filgrastim', 'alpha-Tocopherol acetate', 'Doxorubicin', 'Rilpivirine', 'Thonzylamine', 'Flunitrazepam', 'Fosnetupitant', 'Panitumumab', 'Besilesomab', 'Hexachlorophene', 'Protein S human', 'Sodium stibogluconate', 'Clindamycin', 'Safinamide', 'Telmisartan', 'Beta carotene', 'Paramethadione', 'Methyl cellulose', 'Phenindamine', 'Calcium levulinate', 'Ticlopidine', 'Hexylresorcinol', 'Flecainide', 'Sulfisoxazole', 'Elvitegravir', 'Bioallethrin', 'Emtricitabine', 'Dactinomycin', 'Bacitracin', 'Ifosfamide', 'Ustekinumab', 'Docetaxel', 'Zotepine', 'Cannabidiol', 'Captopril', 'Fluoride ion F-18', 'Rasagiline', 'Abacavir', 'Trabectedin', 'Tegafur', 'Hydroxyethyl Starch', 'Zinc oxide', 'Lamotrigine', 'Metolazone', 'Peginterferon alfa-2a', 'Eprosartan', 'Penbutolol', 'Fish oil', 'Remestemcel-L', 'Dacarbazine', 'Tetrabenazine', 'Cresol', 'Guselkumab', 'Nivolumab', 'Abemaciclib', 'Indapamide', 'Zidovudine', 'Bromodiphenhydramine', 'Haloperidol', 'Methyclothiazide', 'Cetuximab', 'Procarbazine', 'Ixekizumab', 'Asunaprevir', 'Sofosbuvir', 'Neomycin', 'Mifamurtide', 'Testosterone undecanoate', 'Lymecycline', 'Tenofovir disoproxil', 'Durvalumab', 'Tofacitinib', 'Cetylpyridinium', 'Sodium glycerophosphate', 'Levoleucovorin', 'Thiotepa', 'Talc', 'Isocarboxazid', 'Triprolidine', 'Vinorelbine', 'Gadobenic acid', 'Didanosine', 'Cycloserine', 'Netupitant', 'Iohexol', 'Phenelzine', 'Bovine type I collagen', 'Octreotide', 'Unoprostone', 'Hepatitis B Vaccine (Recombinant)', 'Raltegravir', 'Axicabtagene ciloleucel', 'Piracetam', 'Dinoprostone', 'Anidulafungin', 'Doxylamine', 'Ethchlorvynol', 'Labetalol', 'Bimatoprost', 'Lasofoxifene', 'Ethionamide', 'Tretinoin', 'Obeticholic acid', 'Trimethoprim', 'Lipegfilgrastim', 'Palonosetron', 'Thrombomodulin Alfa', 'Hesperetin', 'Tetrachlorodecaoxide', 'Omega-3-carboxylic acids', 'Amiloride', 'Stem bromelain', 'Human cytomegalovirus immune globulin', 'Cyclizine', 'Melphalan', 'Pancrelipase', 'Perboric acid', 'Oprelvekin', 'Methsuximide', 'Nicoboxil', 'Methocarbamol', 'Allopurinol', 'Pemetrexed', 'Fosamprenavir', 'Lopinavir', 'Hyaluronic acid', 'Ondansetron', 'Phenazopyridine', 'Rolapitant', 'Ivacaftor', 'Proguanil', 'Misoprostol', 'Saxagliptin', 'Cantharidin', 'Fludeoxyglucose F-18', 'Baricitinib', 'Suramin', 'Tolcapone', 'Hyaluronidase', 'Hepatitis A Vaccine', 'Bromocriptine', 'Tamibarotene', 'Megestrol acetate', 'Bismuth Subsalicylate', 'Kappadione', 'Carboplatin', 'Niraparib', 'Brentuximab vedotin', 'Polysilicone-15', 'Pseudoephedrine', 'Cabergoline', 'Temoporfin', 'Angiotensin II', 'Triflusal', 'Florbetapir (18F)', 'Domiphen', 'Riociguat', 'Salbutamol', 'Olaparib', 'Chlorthalidone', 'Pegfilgrastim', 'Rasburicase', 'Ixabepilone', 'Peppermint oil', 'Estrogens, esterified', 'Mecasermin', 'Thiopental', 'Oxybenzone', 'Aurothioglucose', 'Isoflurophate', 'Capecitabine', 'Acetylcholine', 'Ubidecarenone', 'Cinnarizine', 'Streptomycin', 'alpha-Tocopherol succinate', 'Selegiline', 'Novobiocin', 'Flutemetamol (18F)', 'Nabilone', 'Magnesium gluconate', 'Dolutegravir', 'Dronabinol', 'Atezolizumab', 'Posaconazole', 'Benzoyl peroxide', 'Sipuleucel-T', 'Liotrix', 'Rucaparib', 'Chlorphenesin', 'Dalteparin', 'Tolnaftate', 'Omeprazole', 'Velpatasvir', 'Inotuzumab ozogamicin', 'Nelarabine', 'Resorcinol', 'Bufexamac', 'Xylose', 'Dolasetron', 'Theophylline', 'Lorpiprazole', 'Nisoldipine', 'Gefitinib', 'Dinutuximab', 'Nevirapine', 'Chlorothiazide', 'Strontium ranelate', 'Fosaprepitant', 'Griseofulvin', 'Pertuzumab', 'Acetylcarnitine', 'Defibrotide', 'Palifermin', 'Ritonavir', 'Hexocyclium', 'Lacidipine', 'Gemtuzumab ozogamicin', 'Buclizine', 'N-acetyltyrosine', 'Zalcitabine', 'Asenapine', 'Atomoxetine', 'Demeclocycline', 'Antipyrine', 'Azidocillin', 'Sarilumab', 'Melatonin', 'Sodium acetate', 'Micafungin', 'Ramucirumab', 'Cerivastatin', 'Pramocaine', 'Esmolol', 'Erlotinib', 'Ketamine', 'Chloropyramine', 'Sacubitril', 'Flumethasone'}"
78,C84,C85,False,True,{'Mechlorethamine'}
79,J45,J42,False,True,"{'Salbutamol', 'Aminophylline', 'Etafedrine', 'Vilanterol', 'Fluticasone furoate', 'Orciprenaline', 'Olodaterol', 'Theophylline', 'Dyphylline', 'Isoprenaline'}"
80,L63,L40,False,True,{'Anthralin'}
81,F17,F13,False,True,"{'Molindone', 'Quetiapine', 'Prochlorperazine', 'Olanzapine', 'Perphenazine', 'Fluphenazine', 'Aripiprazole', 'Chlorprothixene', 'Aripiprazole lauroxil', 'Loxapine', 'Ziprasidone'}"
82,N00,N06,False,True,"{'Hydroflumethiazide', 'Bexarotene', 'Infliximab', 'Ancestim', 'Eribulin', 'Icotinib', 'Aprepitant', 'Galactose', 'Olaratumab', 'Coagulation factor VII human', 'Florbetaben (18F)', 'Moxisylyte', 'Phentolamine', 'Natural alpha interferon', 'Normethadone', 'Temsirolimus', 'Torasemide', 'Talimogene laherparepvec', 'Idelalisib', 'Hyaluronidase (Human Recombinant)', 'Secukinumab', 'Hydroxocobalamin', 'Ethinamate', 'Abatacept', 'Benzathine benzylpenicillin', 'Oxymetholone', 'Pembrolizumab', 'Asparaginase Erwinia chrysanthemi', 'Dermatophagoides farinae', 'Magnesium acetate tetrahydrate', 'Lomustine', 'Dexmethylphenidate', 'Afatinib', 'Bicisate', 'Ertugliflozin', 'Guanfacine', 'Nonoxynol-9', 'Erythropoietin', 'Atazanavir', 'Carboprost Tromethamine', 'Methotrexate', 'Travoprost', 'Nabiximols', 'Lenograstim', 'Salmon Calcitonin', 'Pyrazinamide', 'Nelfinavir', 'Cobicistat', 'Glycyrrhizic acid', 'Hydroxystilbamidine Isethionate', 'Fencamfamine', 'Tipiracil', 'Etravirine', 'Furosemide', 'Pazopanib', 'Etoposide', 'Prednisone', 'Dexibuprofen', 'Monopotassium phosphate', 'Human vaccinia virus immune globulin', 'Dermatophagoides pteronyssinus', 'Droxidopa', 'Cyclothiazide', 'Iodine', 'Medium-chain triglycerides', 'Fomivirsen', 'Lindane', 'Hexobarbital', 'Clarithromycin', 'Asparaginase Escherichia coli', 'Levomefolic acid', 'Dimetindene', 'Vigabatrin', 'Indium In-111 chloride', 'Ampicillin', 'Capreomycin', 'Dyclonine', 'Vinflunine', 'Methylphenidate', 'Regorafenib', 'Oxygen', 'Amprenavir', 'Carbon dioxide', 'Somatostatin', 'Mipomersen', 'Oxcarbazepine', 'Efalizumab', 'Caspofungin', 'Delamanid', 'Amitriptyline', 'Potassium Iodide', 'Floxuridine', 'Levonorgestrel', 'Darunavir', 'Peginterferon alfa-2b', 'Diloxanide', 'Meticillin', 'Hydrocodone', 'Budesonide', 'Trimethadione', 'Ribavirin', 'Propanoic acid', 'Ferric sulfate', 'Rosuvastatin', 'Potassium', 'Amiodarone', 'Moxonidine', 'Filgrastim', 'alpha-Tocopherol acetate', 'Doxorubicin', 'Rilpivirine', 'Thonzylamine', 'Flunitrazepam', 'Fosnetupitant', 'Panitumumab', 'Besilesomab', 'Hexachlorophene', 'Protein S human', 'Sodium stibogluconate', 'Clindamycin', 'Safinamide', 'Telmisartan', 'Beta carotene', 'Paramethadione', 'Methyl cellulose', 'Phenindamine', 'Calcium levulinate', 'Ticlopidine', 'Hexylresorcinol', 'Flecainide', 'Sulfisoxazole', 'Elvitegravir', 'Bioallethrin', 'Emtricitabine', 'Dactinomycin', 'Bacitracin', 'Ifosfamide', 'Ustekinumab', 'Docetaxel', 'Zotepine', 'Cannabidiol', 'Captopril', 'Fluoride ion F-18', 'Rasagiline', 'Abacavir', 'Trabectedin', 'Tegafur', 'Hydroxyethyl Starch', 'Zinc oxide', 'Lamotrigine', 'Metolazone', 'Peginterferon alfa-2a', 'Eprosartan', 'Penbutolol', 'Fish oil', 'Remestemcel-L', 'Dacarbazine', 'Tetrabenazine', 'Cresol', 'Guselkumab', 'Nivolumab', 'Abemaciclib', 'Indapamide', 'Zidovudine', 'Bromodiphenhydramine', 'Haloperidol', 'Methyclothiazide', 'Cetuximab', 'Procarbazine', 'Ixekizumab', 'Asunaprevir', 'Sofosbuvir', 'Neomycin', 'Mifamurtide', 'Testosterone undecanoate', 'Lymecycline', 'Tenofovir disoproxil', 'Durvalumab', 'Tofacitinib', 'Cetylpyridinium', 'Sodium glycerophosphate', 'Levoleucovorin', 'Thiotepa', 'Talc', 'Isocarboxazid', 'Triprolidine', 'Vinorelbine', 'Gadobenic acid', 'Didanosine', 'Cycloserine', 'Netupitant', 'Iohexol', 'Phenelzine', 'Bovine type I collagen', 'Octreotide', 'Unoprostone', 'Hepatitis B Vaccine (Recombinant)', 'Raltegravir', 'Axicabtagene ciloleucel', 'Piracetam', 'Dinoprostone', 'Anidulafungin', 'Doxylamine', 'Ethchlorvynol', 'Labetalol', 'Bimatoprost', 'Lasofoxifene', 'Ethionamide', 'Tretinoin', 'Obeticholic acid', 'Trimethoprim', 'Lipegfilgrastim', 'Palonosetron', 'Thrombomodulin Alfa', 'Hesperetin', 'Tetrachlorodecaoxide', 'Omega-3-carboxylic acids', 'Amiloride', 'Stem bromelain', 'Human cytomegalovirus immune globulin', 'Cyclizine', 'Melphalan', 'Pancrelipase', 'Perboric acid', 'Oprelvekin', 'Methsuximide', 'Nicoboxil', 'Methocarbamol', 'Allopurinol', 'Pemetrexed', 'Fosamprenavir', 'Lopinavir', 'Hyaluronic acid', 'Ondansetron', 'Phenazopyridine', 'Rolapitant', 'Ivacaftor', 'Proguanil', 'Misoprostol', 'Saxagliptin', 'Cantharidin', 'Fludeoxyglucose F-18', 'Baricitinib', 'Suramin', 'Tolcapone', 'Hyaluronidase', 'Hepatitis A Vaccine', 'Bromocriptine', 'Tamibarotene', 'Megestrol acetate', 'Bismuth Subsalicylate', 'Kappadione', 'Carboplatin', 'Niraparib', 'Brentuximab vedotin', 'Polysilicone-15', 'Pseudoephedrine', 'Cabergoline', 'Temoporfin', 'Angiotensin II', 'Triflusal', 'Florbetapir (18F)', 'Domiphen', 'Riociguat', 'Salbutamol', 'Olaparib', 'Chlorthalidone', 'Pegfilgrastim', 'Rasburicase', 'Ixabepilone', 'Peppermint oil', 'Estrogens, esterified', 'Mecasermin', 'Thiopental', 'Oxybenzone', 'Aurothioglucose', 'Isoflurophate', 'Capecitabine', 'Acetylcholine', 'Ubidecarenone', 'Cinnarizine', 'Streptomycin', 'alpha-Tocopherol succinate', 'Selegiline', 'Novobiocin', 'Flutemetamol (18F)', 'Nabilone', 'Magnesium gluconate', 'Dolutegravir', 'Dronabinol', 'Atezolizumab', 'Posaconazole', 'Benzoyl peroxide', 'Sipuleucel-T', 'Liotrix', 'Rucaparib', 'Chlorphenesin', 'Dalteparin', 'Tolnaftate', 'Omeprazole', 'Velpatasvir', 'Inotuzumab ozogamicin', 'Nelarabine', 'Resorcinol', 'Bufexamac', 'Xylose', 'Dolasetron', 'Theophylline', 'Lorpiprazole', 'Nisoldipine', 'Gefitinib', 'Dinutuximab', 'Nevirapine', 'Chlorothiazide', 'Strontium ranelate', 'Fosaprepitant', 'Griseofulvin', 'Pertuzumab', 'Acetylcarnitine', 'Defibrotide', 'Palifermin', 'Ritonavir', 'Hexocyclium', 'Lacidipine', 'Gemtuzumab ozogamicin', 'Buclizine', 'N-acetyltyrosine', 'Zalcitabine', 'Asenapine', 'Atomoxetine', 'Demeclocycline', 'Antipyrine', 'Azidocillin', 'Sarilumab', 'Melatonin', 'Sodium acetate', 'Micafungin', 'Ramucirumab', 'Cerivastatin', 'Pramocaine', 'Esmolol', 'Erlotinib', 'Ketamine', 'Chloropyramine', 'Sacubitril', 'Flumethasone'}"
83,N04,N01,False,True,"{'Hydroflumethiazide', 'Bexarotene', 'Infliximab', 'Ancestim', 'Eribulin', 'Icotinib', 'Aprepitant', 'Galactose', 'Olaratumab', 'Coagulation factor VII human', 'Florbetaben (18F)', 'Moxisylyte', 'Phentolamine', 'Natural alpha interferon', 'Normethadone', 'Temsirolimus', 'Torasemide', 'Talimogene laherparepvec', 'Idelalisib', 'Hyaluronidase (Human Recombinant)', 'Secukinumab', 'Hydroxocobalamin', 'Ethinamate', 'Abatacept', 'Benzathine benzylpenicillin', 'Oxymetholone', 'Pembrolizumab', 'Asparaginase Erwinia chrysanthemi', 'Dermatophagoides farinae', 'Magnesium acetate tetrahydrate', 'Lomustine', 'Dexmethylphenidate', 'Afatinib', 'Bicisate', 'Ertugliflozin', 'Guanfacine', 'Nonoxynol-9', 'Erythropoietin', 'Atazanavir', 'Carboprost Tromethamine', 'Methotrexate', 'Travoprost', 'Nabiximols', 'Lenograstim', 'Salmon Calcitonin', 'Pyrazinamide', 'Nelfinavir', 'Cobicistat', 'Glycyrrhizic acid', 'Hydroxystilbamidine Isethionate', 'Fencamfamine', 'Tipiracil', 'Etravirine', 'Furosemide', 'Pazopanib', 'Etoposide', 'Prednisone', 'Dexibuprofen', 'Monopotassium phosphate', 'Human vaccinia virus immune globulin', 'Dermatophagoides pteronyssinus', 'Droxidopa', 'Cyclothiazide', 'Iodine', 'Medium-chain triglycerides', 'Fomivirsen', 'Lindane', 'Hexobarbital', 'Clarithromycin', 'Asparaginase Escherichia coli', 'Levomefolic acid', 'Dimetindene', 'Vigabatrin', 'Indium In-111 chloride', 'Ampicillin', 'Capreomycin', 'Dyclonine', 'Vinflunine', 'Methylphenidate', 'Regorafenib', 'Oxygen', 'Amprenavir', 'Carbon dioxide', 'Somatostatin', 'Mipomersen', 'Oxcarbazepine', 'Efalizumab', 'Caspofungin', 'Delamanid', 'Amitriptyline', 'Potassium Iodide', 'Floxuridine', 'Levonorgestrel', 'Darunavir', 'Peginterferon alfa-2b', 'Diloxanide', 'Meticillin', 'Hydrocodone', 'Budesonide', 'Trimethadione', 'Ribavirin', 'Propanoic acid', 'Ferric sulfate', 'Rosuvastatin', 'Potassium', 'Amiodarone', 'Moxonidine', 'Filgrastim', 'alpha-Tocopherol acetate', 'Doxorubicin', 'Rilpivirine', 'Thonzylamine', 'Flunitrazepam', 'Fosnetupitant', 'Panitumumab', 'Besilesomab', 'Hexachlorophene', 'Protein S human', 'Sodium stibogluconate', 'Clindamycin', 'Safinamide', 'Telmisartan', 'Beta carotene', 'Paramethadione', 'Methyl cellulose', 'Phenindamine', 'Calcium levulinate', 'Ticlopidine', 'Hexylresorcinol', 'Flecainide', 'Sulfisoxazole', 'Elvitegravir', 'Bioallethrin', 'Emtricitabine', 'Dactinomycin', 'Bacitracin', 'Ifosfamide', 'Ustekinumab', 'Docetaxel', 'Zotepine', 'Cannabidiol', 'Captopril', 'Fluoride ion F-18', 'Rasagiline', 'Abacavir', 'Trabectedin', 'Tegafur', 'Hydroxyethyl Starch', 'Zinc oxide', 'Lamotrigine', 'Metolazone', 'Peginterferon alfa-2a', 'Eprosartan', 'Penbutolol', 'Fish oil', 'Remestemcel-L', 'Dacarbazine', 'Tetrabenazine', 'Cresol', 'Guselkumab', 'Nivolumab', 'Abemaciclib', 'Indapamide', 'Zidovudine', 'Bromodiphenhydramine', 'Haloperidol', 'Methyclothiazide', 'Cetuximab', 'Procarbazine', 'Ixekizumab', 'Asunaprevir', 'Sofosbuvir', 'Neomycin', 'Mifamurtide', 'Testosterone undecanoate', 'Lymecycline', 'Tenofovir disoproxil', 'Durvalumab', 'Tofacitinib', 'Cetylpyridinium', 'Sodium glycerophosphate', 'Levoleucovorin', 'Thiotepa', 'Talc', 'Isocarboxazid', 'Triprolidine', 'Vinorelbine', 'Gadobenic acid', 'Didanosine', 'Cycloserine', 'Netupitant', 'Iohexol', 'Phenelzine', 'Bovine type I collagen', 'Octreotide', 'Unoprostone', 'Hepatitis B Vaccine (Recombinant)', 'Raltegravir', 'Axicabtagene ciloleucel', 'Piracetam', 'Dinoprostone', 'Anidulafungin', 'Doxylamine', 'Ethchlorvynol', 'Labetalol', 'Bimatoprost', 'Lasofoxifene', 'Ethionamide', 'Tretinoin', 'Obeticholic acid', 'Trimethoprim', 'Lipegfilgrastim', 'Palonosetron', 'Thrombomodulin Alfa', 'Hesperetin', 'Tetrachlorodecaoxide', 'Omega-3-carboxylic acids', 'Amiloride', 'Stem bromelain', 'Human cytomegalovirus immune globulin', 'Cyclizine', 'Melphalan', 'Pancrelipase', 'Perboric acid', 'Oprelvekin', 'Methsuximide', 'Nicoboxil', 'Methocarbamol', 'Allopurinol', 'Pemetrexed', 'Fosamprenavir', 'Lopinavir', 'Hyaluronic acid', 'Ondansetron', 'Phenazopyridine', 'Rolapitant', 'Ivacaftor', 'Proguanil', 'Misoprostol', 'Saxagliptin', 'Cantharidin', 'Fludeoxyglucose F-18', 'Baricitinib', 'Suramin', 'Tolcapone', 'Hyaluronidase', 'Hepatitis A Vaccine', 'Bromocriptine', 'Tamibarotene', 'Megestrol acetate', 'Bismuth Subsalicylate', 'Kappadione', 'Carboplatin', 'Niraparib', 'Brentuximab vedotin', 'Polysilicone-15', 'Pseudoephedrine', 'Cabergoline', 'Temoporfin', 'Angiotensin II', 'Triflusal', 'Florbetapir (18F)', 'Domiphen', 'Riociguat', 'Salbutamol', 'Olaparib', 'Chlorthalidone', 'Pegfilgrastim', 'Rasburicase', 'Ixabepilone', 'Peppermint oil', 'Estrogens, esterified', 'Mecasermin', 'Thiopental', 'Oxybenzone', 'Aurothioglucose', 'Isoflurophate', 'Capecitabine', 'Acetylcholine', 'Ubidecarenone', 'Cinnarizine', 'Streptomycin', 'alpha-Tocopherol succinate', 'Selegiline', 'Novobiocin', 'Flutemetamol (18F)', 'Nabilone', 'Magnesium gluconate', 'Dolutegravir', 'Dronabinol', 'Atezolizumab', 'Posaconazole', 'Benzoyl peroxide', 'Sipuleucel-T', 'Liotrix', 'Rucaparib', 'Chlorphenesin', 'Dalteparin', 'Tolnaftate', 'Omeprazole', 'Velpatasvir', 'Inotuzumab ozogamicin', 'Nelarabine', 'Resorcinol', 'Bufexamac', 'Xylose', 'Dolasetron', 'Theophylline', 'Lorpiprazole', 'Nisoldipine', 'Gefitinib', 'Dinutuximab', 'Nevirapine', 'Chlorothiazide', 'Strontium ranelate', 'Fosaprepitant', 'Griseofulvin', 'Pertuzumab', 'Acetylcarnitine', 'Defibrotide', 'Palifermin', 'Ritonavir', 'Hexocyclium', 'Lacidipine', 'Gemtuzumab ozogamicin', 'Buclizine', 'N-acetyltyrosine', 'Zalcitabine', 'Asenapine', 'Atomoxetine', 'Demeclocycline', 'Antipyrine', 'Azidocillin', 'Sarilumab', 'Melatonin', 'Sodium acetate', 'Micafungin', 'Ramucirumab', 'Cerivastatin', 'Pramocaine', 'Esmolol', 'Erlotinib', 'Ketamine', 'Chloropyramine', 'Sacubitril', 'Flumethasone'}"
84,J45,L30,False,True,{'Tranilast'}
85,M06,M45,False,True,"{'Sulindac', 'Tofacitinib', 'Etanercept', 'Acetylsalicylic acid', 'Prednisolone', 'Acemetacin', 'Indomethacin', 'Etoricoxib', 'Aceclofenac', 'Adalimumab', 'Golimumab', 'Naproxen', 'Ketoprofen', 'Ibuprofen', 'Celecoxib', 'Infliximab', 'Alclofenac'}"
86,L10,N02,False,True,{'Prednisone'}
87,F18,F19,False,True,"{'Molindone', 'Quetiapine', 'Prochlorperazine', 'Olanzapine', 'Perphenazine', 'Fluphenazine', 'Aripiprazole', 'Chlorprothixene', 'Aripiprazole lauroxil', 'Loxapine', 'Ziprasidone'}"
88,B50,B54,False,True,{'Sulfadoxine'}
89,L70,A75,False,True,{'Tetracycline'}
90,L10,M32,False,True,"{'Prednisolone', 'Prednisone'}"
91,L10,A17,False,True,{'Prednisone'}
92,F16,F19,False,True,"{'Molindone', 'Quetiapine', 'Prochlorperazine', 'Olanzapine', 'Perphenazine', 'Fluphenazine', 'Aripiprazole', 'Chlorprothixene', 'Aripiprazole lauroxil', 'Loxapine', 'Ziprasidone'}"
93,C45,C38,False,True,{'Pemetrexed'}
94,F15,F16,False,True,"{'Molindone', 'Quetiapine', 'Prochlorperazine', 'Olanzapine', 'Perphenazine', 'Fluphenazine', 'Aripiprazole', 'Chlorprothixene', 'Aripiprazole lauroxil', 'Loxapine', 'Ziprasidone'}"
95,F14,F16,False,True,"{'Molindone', 'Quetiapine', 'Prochlorperazine', 'Olanzapine', 'Perphenazine', 'Fluphenazine', 'Aripiprazole', 'Chlorprothixene', 'Aripiprazole lauroxil', 'Loxapine', 'Ziprasidone'}"
96,L13,L26,False,True,{'Prednisone'}
97,M06,G35,False,True,{'Immune Globulin Human'}
98,J45,M13,False,True,"{'D-alpha-Tocopherol acetate', 'Vitamin E', 'Hydrocortisone'}"
99,N80,D07,False,True,"{'Goserelin', 'Buserelin', 'Leuprolide'}"
100,D86,L40,False,True,{'Prednisone'}
101,N05,N07,False,True,"{'Hydroflumethiazide', 'Bexarotene', 'Infliximab', 'Ancestim', 'Eribulin', 'Icotinib', 'Aprepitant', 'Galactose', 'Olaratumab', 'Coagulation factor VII human', 'Florbetaben (18F)', 'Moxisylyte', 'Phentolamine', 'Natural alpha interferon', 'Normethadone', 'Temsirolimus', 'Torasemide', 'Talimogene laherparepvec', 'Idelalisib', 'Hyaluronidase (Human Recombinant)', 'Secukinumab', 'Hydroxocobalamin', 'Ethinamate', 'Abatacept', 'Benzathine benzylpenicillin', 'Oxymetholone', 'Pembrolizumab', 'Asparaginase Erwinia chrysanthemi', 'Dermatophagoides farinae', 'Magnesium acetate tetrahydrate', 'Lomustine', 'Dexmethylphenidate', 'Afatinib', 'Bicisate', 'Ertugliflozin', 'Guanfacine', 'Nonoxynol-9', 'Erythropoietin', 'Atazanavir', 'Carboprost Tromethamine', 'Methotrexate', 'Travoprost', 'Nabiximols', 'Lenograstim', 'Salmon Calcitonin', 'Pyrazinamide', 'Nelfinavir', 'Cobicistat', 'Glycyrrhizic acid', 'Hydroxystilbamidine Isethionate', 'Fencamfamine', 'Tipiracil', 'Etravirine', 'Furosemide', 'Pazopanib', 'Etoposide', 'Prednisone', 'Dexibuprofen', 'Monopotassium phosphate', 'Human vaccinia virus immune globulin', 'Dermatophagoides pteronyssinus', 'Droxidopa', 'Cyclothiazide', 'Iodine', 'Medium-chain triglycerides', 'Fomivirsen', 'Lindane', 'Hexobarbital', 'Clarithromycin', 'Asparaginase Escherichia coli', 'Levomefolic acid', 'Dimetindene', 'Vigabatrin', 'Indium In-111 chloride', 'Ampicillin', 'Capreomycin', 'Dyclonine', 'Vinflunine', 'Methylphenidate', 'Regorafenib', 'Oxygen', 'Amprenavir', 'Carbon dioxide', 'Somatostatin', 'Mipomersen', 'Oxcarbazepine', 'Efalizumab', 'Caspofungin', 'Delamanid', 'Amitriptyline', 'Potassium Iodide', 'Floxuridine', 'Levonorgestrel', 'Darunavir', 'Peginterferon alfa-2b', 'Diloxanide', 'Meticillin', 'Hydrocodone', 'Budesonide', 'Trimethadione', 'Ribavirin', 'Propanoic acid', 'Ferric sulfate', 'Rosuvastatin', 'Potassium', 'Amiodarone', 'Moxonidine', 'Filgrastim', 'alpha-Tocopherol acetate', 'Doxorubicin', 'Rilpivirine', 'Thonzylamine', 'Flunitrazepam', 'Fosnetupitant', 'Panitumumab', 'Besilesomab', 'Hexachlorophene', 'Protein S human', 'Sodium stibogluconate', 'Clindamycin', 'Safinamide', 'Telmisartan', 'Beta carotene', 'Paramethadione', 'Methyl cellulose', 'Phenindamine', 'Calcium levulinate', 'Ticlopidine', 'Hexylresorcinol', 'Flecainide', 'Sulfisoxazole', 'Elvitegravir', 'Bioallethrin', 'Emtricitabine', 'Dactinomycin', 'Bacitracin', 'Ifosfamide', 'Ustekinumab', 'Docetaxel', 'Zotepine', 'Cannabidiol', 'Captopril', 'Fluoride ion F-18', 'Rasagiline', 'Abacavir', 'Trabectedin', 'Tegafur', 'Hydroxyethyl Starch', 'Zinc oxide', 'Lamotrigine', 'Metolazone', 'Peginterferon alfa-2a', 'Eprosartan', 'Penbutolol', 'Fish oil', 'Remestemcel-L', 'Dacarbazine', 'Tetrabenazine', 'Cresol', 'Guselkumab', 'Nivolumab', 'Abemaciclib', 'Indapamide', 'Zidovudine', 'Bromodiphenhydramine', 'Haloperidol', 'Methyclothiazide', 'Cetuximab', 'Procarbazine', 'Ixekizumab', 'Asunaprevir', 'Sofosbuvir', 'Neomycin', 'Mifamurtide', 'Testosterone undecanoate', 'Lymecycline', 'Tenofovir disoproxil', 'Durvalumab', 'Tofacitinib', 'Cetylpyridinium', 'Sodium glycerophosphate', 'Levoleucovorin', 'Thiotepa', 'Talc', 'Isocarboxazid', 'Triprolidine', 'Vinorelbine', 'Gadobenic acid', 'Didanosine', 'Cycloserine', 'Netupitant', 'Iohexol', 'Phenelzine', 'Bovine type I collagen', 'Octreotide', 'Unoprostone', 'Hepatitis B Vaccine (Recombinant)', 'Raltegravir', 'Axicabtagene ciloleucel', 'Piracetam', 'Dinoprostone', 'Anidulafungin', 'Doxylamine', 'Ethchlorvynol', 'Labetalol', 'Bimatoprost', 'Lasofoxifene', 'Ethionamide', 'Tretinoin', 'Obeticholic acid', 'Trimethoprim', 'Lipegfilgrastim', 'Palonosetron', 'Thrombomodulin Alfa', 'Hesperetin', 'Tetrachlorodecaoxide', 'Omega-3-carboxylic acids', 'Amiloride', 'Stem bromelain', 'Human cytomegalovirus immune globulin', 'Cyclizine', 'Melphalan', 'Pancrelipase', 'Perboric acid', 'Oprelvekin', 'Methsuximide', 'Nicoboxil', 'Methocarbamol', 'Allopurinol', 'Pemetrexed', 'Fosamprenavir', 'Lopinavir', 'Hyaluronic acid', 'Ondansetron', 'Phenazopyridine', 'Rolapitant', 'Ivacaftor', 'Proguanil', 'Misoprostol', 'Saxagliptin', 'Cantharidin', 'Fludeoxyglucose F-18', 'Baricitinib', 'Suramin', 'Tolcapone', 'Hyaluronidase', 'Hepatitis A Vaccine', 'Bromocriptine', 'Tamibarotene', 'Megestrol acetate', 'Bismuth Subsalicylate', 'Kappadione', 'Carboplatin', 'Niraparib', 'Brentuximab vedotin', 'Polysilicone-15', 'Pseudoephedrine', 'Cabergoline', 'Temoporfin', 'Angiotensin II', 'Triflusal', 'Florbetapir (18F)', 'Domiphen', 'Riociguat', 'Salbutamol', 'Olaparib', 'Chlorthalidone', 'Pegfilgrastim', 'Rasburicase', 'Ixabepilone', 'Peppermint oil', 'Estrogens, esterified', 'Mecasermin', 'Thiopental', 'Oxybenzone', 'Aurothioglucose', 'Isoflurophate', 'Capecitabine', 'Acetylcholine', 'Ubidecarenone', 'Cinnarizine', 'Streptomycin', 'alpha-Tocopherol succinate', 'Selegiline', 'Novobiocin', 'Flutemetamol (18F)', 'Nabilone', 'Magnesium gluconate', 'Dolutegravir', 'Dronabinol', 'Atezolizumab', 'Posaconazole', 'Benzoyl peroxide', 'Sipuleucel-T', 'Liotrix', 'Rucaparib', 'Chlorphenesin', 'Dalteparin', 'Tolnaftate', 'Omeprazole', 'Velpatasvir', 'Inotuzumab ozogamicin', 'Nelarabine', 'Resorcinol', 'Bufexamac', 'Xylose', 'Dolasetron', 'Theophylline', 'Lorpiprazole', 'Nisoldipine', 'Gefitinib', 'Dinutuximab', 'Nevirapine', 'Chlorothiazide', 'Strontium ranelate', 'Fosaprepitant', 'Griseofulvin', 'Pertuzumab', 'Acetylcarnitine', 'Defibrotide', 'Palifermin', 'Ritonavir', 'Hexocyclium', 'Lacidipine', 'Gemtuzumab ozogamicin', 'Buclizine', 'N-acetyltyrosine', 'Zalcitabine', 'Asenapine', 'Atomoxetine', 'Demeclocycline', 'Antipyrine', 'Azidocillin', 'Sarilumab', 'Melatonin', 'Sodium acetate', 'Micafungin', 'Ramucirumab', 'Cerivastatin', 'Pramocaine', 'Esmolol', 'Erlotinib', 'Ketamine', 'Chloropyramine', 'Sacubitril', 'Flumethasone'}"
102,B55,N03,False,True,"{'Sodium stibogluconate', 'Cantharidin'}"
103,L10,N03,False,True,{'Prednisone'}
104,F15,F18,False,True,"{'Molindone', 'Quetiapine', 'Prochlorperazine', 'Olanzapine', 'Perphenazine', 'Fluphenazine', 'Aripiprazole', 'Chlorprothixene', 'Aripiprazole lauroxil', 'Loxapine', 'Ziprasidone'}"
105,N03,N06,False,True,"{'Hydroflumethiazide', 'Bexarotene', 'Infliximab', 'Ancestim', 'Eribulin', 'Icotinib', 'Aprepitant', 'Galactose', 'Olaratumab', 'Coagulation factor VII human', 'Florbetaben (18F)', 'Moxisylyte', 'Phentolamine', 'Natural alpha interferon', 'Normethadone', 'Temsirolimus', 'Torasemide', 'Talimogene laherparepvec', 'Idelalisib', 'Hyaluronidase (Human Recombinant)', 'Secukinumab', 'Hydroxocobalamin', 'Ethinamate', 'Abatacept', 'Benzathine benzylpenicillin', 'Oxymetholone', 'Pembrolizumab', 'Asparaginase Erwinia chrysanthemi', 'Dermatophagoides farinae', 'Magnesium acetate tetrahydrate', 'Lomustine', 'Dexmethylphenidate', 'Afatinib', 'Bicisate', 'Ertugliflozin', 'Guanfacine', 'Nonoxynol-9', 'Erythropoietin', 'Atazanavir', 'Carboprost Tromethamine', 'Methotrexate', 'Travoprost', 'Nabiximols', 'Lenograstim', 'Salmon Calcitonin', 'Pyrazinamide', 'Nelfinavir', 'Cobicistat', 'Glycyrrhizic acid', 'Hydroxystilbamidine Isethionate', 'Fencamfamine', 'Tipiracil', 'Etravirine', 'Furosemide', 'Pazopanib', 'Etoposide', 'Prednisone', 'Dexibuprofen', 'Monopotassium phosphate', 'Human vaccinia virus immune globulin', 'Dermatophagoides pteronyssinus', 'Droxidopa', 'Cyclothiazide', 'Iodine', 'Medium-chain triglycerides', 'Fomivirsen', 'Lindane', 'Hexobarbital', 'Clarithromycin', 'Asparaginase Escherichia coli', 'Levomefolic acid', 'Dimetindene', 'Vigabatrin', 'Indium In-111 chloride', 'Ampicillin', 'Capreomycin', 'Dyclonine', 'Vinflunine', 'Methylphenidate', 'Regorafenib', 'Oxygen', 'Amprenavir', 'Carbon dioxide', 'Somatostatin', 'Mipomersen', 'Oxcarbazepine', 'Efalizumab', 'Caspofungin', 'Delamanid', 'Amitriptyline', 'Potassium Iodide', 'Floxuridine', 'Levonorgestrel', 'Darunavir', 'Peginterferon alfa-2b', 'Diloxanide', 'Meticillin', 'Hydrocodone', 'Budesonide', 'Trimethadione', 'Ribavirin', 'Propanoic acid', 'Ferric sulfate', 'Rosuvastatin', 'Potassium', 'Amiodarone', 'Moxonidine', 'Filgrastim', 'alpha-Tocopherol acetate', 'Doxorubicin', 'Rilpivirine', 'Thonzylamine', 'Flunitrazepam', 'Fosnetupitant', 'Panitumumab', 'Besilesomab', 'Hexachlorophene', 'Protein S human', 'Sodium stibogluconate', 'Clindamycin', 'Safinamide', 'Telmisartan', 'Beta carotene', 'Paramethadione', 'Methyl cellulose', 'Phenindamine', 'Calcium levulinate', 'Ticlopidine', 'Hexylresorcinol', 'Flecainide', 'Sulfisoxazole', 'Elvitegravir', 'Bioallethrin', 'Emtricitabine', 'Dactinomycin', 'Bacitracin', 'Ifosfamide', 'Ustekinumab', 'Docetaxel', 'Zotepine', 'Cannabidiol', 'Captopril', 'Fluoride ion F-18', 'Rasagiline', 'Abacavir', 'Trabectedin', 'Tegafur', 'Hydroxyethyl Starch', 'Zinc oxide', 'Lamotrigine', 'Metolazone', 'Peginterferon alfa-2a', 'Eprosartan', 'Penbutolol', 'Fish oil', 'Remestemcel-L', 'Dacarbazine', 'Tetrabenazine', 'Cresol', 'Guselkumab', 'Nivolumab', 'Abemaciclib', 'Indapamide', 'Zidovudine', 'Bromodiphenhydramine', 'Haloperidol', 'Methyclothiazide', 'Cetuximab', 'Procarbazine', 'Ixekizumab', 'Asunaprevir', 'Sofosbuvir', 'Neomycin', 'Mifamurtide', 'Testosterone undecanoate', 'Lymecycline', 'Tenofovir disoproxil', 'Durvalumab', 'Tofacitinib', 'Cetylpyridinium', 'Sodium glycerophosphate', 'Levoleucovorin', 'Thiotepa', 'Talc', 'Isocarboxazid', 'Triprolidine', 'Vinorelbine', 'Gadobenic acid', 'Didanosine', 'Cycloserine', 'Netupitant', 'Iohexol', 'Phenelzine', 'Bovine type I collagen', 'Octreotide', 'Unoprostone', 'Hepatitis B Vaccine (Recombinant)', 'Raltegravir', 'Axicabtagene ciloleucel', 'Piracetam', 'Dinoprostone', 'Anidulafungin', 'Doxylamine', 'Ethchlorvynol', 'Labetalol', 'Bimatoprost', 'Lasofoxifene', 'Ethionamide', 'Tretinoin', 'Obeticholic acid', 'Trimethoprim', 'Lipegfilgrastim', 'Palonosetron', 'Thrombomodulin Alfa', 'Hesperetin', 'Tetrachlorodecaoxide', 'Omega-3-carboxylic acids', 'Amiloride', 'Stem bromelain', 'Human cytomegalovirus immune globulin', 'Cyclizine', 'Melphalan', 'Pancrelipase', 'Perboric acid', 'Oprelvekin', 'Methsuximide', 'Nicoboxil', 'Methocarbamol', 'Allopurinol', 'Pemetrexed', 'Fosamprenavir', 'Lopinavir', 'Hyaluronic acid', 'Ondansetron', 'Phenazopyridine', 'Rolapitant', 'Ivacaftor', 'Proguanil', 'Misoprostol', 'Saxagliptin', 'Cantharidin', 'Fludeoxyglucose F-18', 'Baricitinib', 'Suramin', 'Tolcapone', 'Hyaluronidase', 'Hepatitis A Vaccine', 'Bromocriptine', 'Tamibarotene', 'Megestrol acetate', 'Bismuth Subsalicylate', 'Kappadione', 'Carboplatin', 'Niraparib', 'Brentuximab vedotin', 'Polysilicone-15', 'Pseudoephedrine', 'Cabergoline', 'Temoporfin', 'Angiotensin II', 'Triflusal', 'Florbetapir (18F)', 'Domiphen', 'Riociguat', 'Salbutamol', 'Olaparib', 'Chlorthalidone', 'Pegfilgrastim', 'Rasburicase', 'Ixabepilone', 'Peppermint oil', 'Estrogens, esterified', 'Mecasermin', 'Thiopental', 'Oxybenzone', 'Aurothioglucose', 'Isoflurophate', 'Capecitabine', 'Acetylcholine', 'Ubidecarenone', 'Cinnarizine', 'Streptomycin', 'alpha-Tocopherol succinate', 'Selegiline', 'Novobiocin', 'Flutemetamol (18F)', 'Nabilone', 'Magnesium gluconate', 'Dolutegravir', 'Dronabinol', 'Atezolizumab', 'Posaconazole', 'Benzoyl peroxide', 'Sipuleucel-T', 'Liotrix', 'Rucaparib', 'Chlorphenesin', 'Dalteparin', 'Tolnaftate', 'Omeprazole', 'Velpatasvir', 'Inotuzumab ozogamicin', 'Nelarabine', 'Resorcinol', 'Bufexamac', 'Xylose', 'Dolasetron', 'Theophylline', 'Lorpiprazole', 'Nisoldipine', 'Gefitinib', 'Dinutuximab', 'Nevirapine', 'Chlorothiazide', 'Strontium ranelate', 'Fosaprepitant', 'Griseofulvin', 'Pertuzumab', 'Acetylcarnitine', 'Defibrotide', 'Palifermin', 'Ritonavir', 'Hexocyclium', 'Lacidipine', 'Gemtuzumab ozogamicin', 'Buclizine', 'N-acetyltyrosine', 'Zalcitabine', 'Asenapine', 'Atomoxetine', 'Demeclocycline', 'Antipyrine', 'Azidocillin', 'Sarilumab', 'Melatonin', 'Sodium acetate', 'Micafungin', 'Ramucirumab', 'Cerivastatin', 'Pramocaine', 'Esmolol', 'Erlotinib', 'Ketamine', 'Chloropyramine', 'Sacubitril', 'Flumethasone'}"
106,N97,N46,False,True,"{'Menotropins', 'Choriogonadotropin alfa', 'Urofollitropin', 'Clomifene'}"
107,H20,M32,False,True,{'Prednisone'}
108,L40,L43,False,True,{'Difluocortolone'}
109,N03,N02,False,True,"{'Hydroflumethiazide', 'Bexarotene', 'Infliximab', 'Ancestim', 'Eribulin', 'Icotinib', 'Aprepitant', 'Galactose', 'Olaratumab', 'Coagulation factor VII human', 'Florbetaben (18F)', 'Moxisylyte', 'Phentolamine', 'Natural alpha interferon', 'Normethadone', 'Temsirolimus', 'Torasemide', 'Talimogene laherparepvec', 'Idelalisib', 'Hyaluronidase (Human Recombinant)', 'Secukinumab', 'Hydroxocobalamin', 'Ethinamate', 'Abatacept', 'Benzathine benzylpenicillin', 'Oxymetholone', 'Pembrolizumab', 'Asparaginase Erwinia chrysanthemi', 'Dermatophagoides farinae', 'Magnesium acetate tetrahydrate', 'Lomustine', 'Dexmethylphenidate', 'Afatinib', 'Bicisate', 'Ertugliflozin', 'Guanfacine', 'Nonoxynol-9', 'Erythropoietin', 'Atazanavir', 'Carboprost Tromethamine', 'Methotrexate', 'Travoprost', 'Nabiximols', 'Lenograstim', 'Salmon Calcitonin', 'Pyrazinamide', 'Nelfinavir', 'Cobicistat', 'Glycyrrhizic acid', 'Hydroxystilbamidine Isethionate', 'Fencamfamine', 'Tipiracil', 'Etravirine', 'Furosemide', 'Pazopanib', 'Etoposide', 'Prednisone', 'Dexibuprofen', 'Monopotassium phosphate', 'Human vaccinia virus immune globulin', 'Dermatophagoides pteronyssinus', 'Droxidopa', 'Cyclothiazide', 'Iodine', 'Medium-chain triglycerides', 'Fomivirsen', 'Lindane', 'Hexobarbital', 'Clarithromycin', 'Asparaginase Escherichia coli', 'Levomefolic acid', 'Dimetindene', 'Vigabatrin', 'Indium In-111 chloride', 'Ampicillin', 'Capreomycin', 'Dyclonine', 'Vinflunine', 'Methylphenidate', 'Regorafenib', 'Oxygen', 'Amprenavir', 'Carbon dioxide', 'Somatostatin', 'Mipomersen', 'Oxcarbazepine', 'Efalizumab', 'Caspofungin', 'Delamanid', 'Amitriptyline', 'Potassium Iodide', 'Floxuridine', 'Levonorgestrel', 'Darunavir', 'Peginterferon alfa-2b', 'Diloxanide', 'Meticillin', 'Hydrocodone', 'Budesonide', 'Trimethadione', 'Ribavirin', 'Propanoic acid', 'Ferric sulfate', 'Rosuvastatin', 'Potassium', 'Amiodarone', 'Moxonidine', 'Filgrastim', 'alpha-Tocopherol acetate', 'Doxorubicin', 'Rilpivirine', 'Thonzylamine', 'Flunitrazepam', 'Fosnetupitant', 'Panitumumab', 'Besilesomab', 'Hexachlorophene', 'Protein S human', 'Sodium stibogluconate', 'Clindamycin', 'Safinamide', 'Telmisartan', 'Beta carotene', 'Paramethadione', 'Methyl cellulose', 'Phenindamine', 'Calcium levulinate', 'Ticlopidine', 'Hexylresorcinol', 'Flecainide', 'Sulfisoxazole', 'Elvitegravir', 'Bioallethrin', 'Emtricitabine', 'Dactinomycin', 'Bacitracin', 'Ifosfamide', 'Ustekinumab', 'Docetaxel', 'Zotepine', 'Cannabidiol', 'Captopril', 'Fluoride ion F-18', 'Rasagiline', 'Abacavir', 'Trabectedin', 'Tegafur', 'Hydroxyethyl Starch', 'Zinc oxide', 'Lamotrigine', 'Metolazone', 'Peginterferon alfa-2a', 'Eprosartan', 'Penbutolol', 'Fish oil', 'Remestemcel-L', 'Dacarbazine', 'Tetrabenazine', 'Cresol', 'Guselkumab', 'Nivolumab', 'Abemaciclib', 'Indapamide', 'Zidovudine', 'Bromodiphenhydramine', 'Haloperidol', 'Methyclothiazide', 'Cetuximab', 'Procarbazine', 'Ixekizumab', 'Asunaprevir', 'Sofosbuvir', 'Neomycin', 'Mifamurtide', 'Testosterone undecanoate', 'Lymecycline', 'Tenofovir disoproxil', 'Durvalumab', 'Tofacitinib', 'Cetylpyridinium', 'Sodium glycerophosphate', 'Levoleucovorin', 'Thiotepa', 'Talc', 'Isocarboxazid', 'Triprolidine', 'Vinorelbine', 'Gadobenic acid', 'Didanosine', 'Cycloserine', 'Netupitant', 'Iohexol', 'Phenelzine', 'Bovine type I collagen', 'Octreotide', 'Unoprostone', 'Hepatitis B Vaccine (Recombinant)', 'Raltegravir', 'Axicabtagene ciloleucel', 'Piracetam', 'Dinoprostone', 'Anidulafungin', 'Doxylamine', 'Ethchlorvynol', 'Labetalol', 'Bimatoprost', 'Lasofoxifene', 'Ethionamide', 'Tretinoin', 'Obeticholic acid', 'Trimethoprim', 'Lipegfilgrastim', 'Palonosetron', 'Thrombomodulin Alfa', 'Hesperetin', 'Tetrachlorodecaoxide', 'Omega-3-carboxylic acids', 'Amiloride', 'Stem bromelain', 'Human cytomegalovirus immune globulin', 'Cyclizine', 'Melphalan', 'Pancrelipase', 'Perboric acid', 'Oprelvekin', 'Methsuximide', 'Nicoboxil', 'Methocarbamol', 'Allopurinol', 'Pemetrexed', 'Fosamprenavir', 'Lopinavir', 'Hyaluronic acid', 'Ondansetron', 'Phenazopyridine', 'Rolapitant', 'Ivacaftor', 'Proguanil', 'Misoprostol', 'Saxagliptin', 'Cantharidin', 'Fludeoxyglucose F-18', 'Baricitinib', 'Suramin', 'Tolcapone', 'Hyaluronidase', 'Hepatitis A Vaccine', 'Bromocriptine', 'Tamibarotene', 'Megestrol acetate', 'Bismuth Subsalicylate', 'Kappadione', 'Carboplatin', 'Niraparib', 'Brentuximab vedotin', 'Polysilicone-15', 'Pseudoephedrine', 'Cabergoline', 'Temoporfin', 'Angiotensin II', 'Triflusal', 'Florbetapir (18F)', 'Domiphen', 'Riociguat', 'Salbutamol', 'Olaparib', 'Chlorthalidone', 'Pegfilgrastim', 'Rasburicase', 'Ixabepilone', 'Peppermint oil', 'Estrogens, esterified', 'Mecasermin', 'Thiopental', 'Oxybenzone', 'Aurothioglucose', 'Isoflurophate', 'Capecitabine', 'Acetylcholine', 'Ubidecarenone', 'Cinnarizine', 'Streptomycin', 'alpha-Tocopherol succinate', 'Selegiline', 'Novobiocin', 'Flutemetamol (18F)', 'Nabilone', 'Magnesium gluconate', 'Dolutegravir', 'Dronabinol', 'Atezolizumab', 'Posaconazole', 'Benzoyl peroxide', 'Sipuleucel-T', 'Liotrix', 'Rucaparib', 'Chlorphenesin', 'Dalteparin', 'Tolnaftate', 'Omeprazole', 'Velpatasvir', 'Inotuzumab ozogamicin', 'Nelarabine', 'Resorcinol', 'Bufexamac', 'Xylose', 'Dolasetron', 'Theophylline', 'Lorpiprazole', 'Nisoldipine', 'Gefitinib', 'Dinutuximab', 'Nevirapine', 'Chlorothiazide', 'Strontium ranelate', 'Fosaprepitant', 'Griseofulvin', 'Pertuzumab', 'Acetylcarnitine', 'Defibrotide', 'Palifermin', 'Ritonavir', 'Hexocyclium', 'Lacidipine', 'Gemtuzumab ozogamicin', 'Buclizine', 'N-acetyltyrosine', 'Zalcitabine', 'Asenapine', 'Atomoxetine', 'Demeclocycline', 'Antipyrine', 'Azidocillin', 'Sarilumab', 'Melatonin', 'Sodium acetate', 'Micafungin', 'Ramucirumab', 'Cerivastatin', 'Pramocaine', 'Esmolol', 'Erlotinib', 'Ketamine', 'Chloropyramine', 'Sacubitril', 'Flumethasone'}"
110,N05,N06,False,True,"{'Hydroflumethiazide', 'Bexarotene', 'Infliximab', 'Ancestim', 'Eribulin', 'Icotinib', 'Aprepitant', 'Galactose', 'Olaratumab', 'Coagulation factor VII human', 'Florbetaben (18F)', 'Moxisylyte', 'Phentolamine', 'Natural alpha interferon', 'Normethadone', 'Temsirolimus', 'Torasemide', 'Talimogene laherparepvec', 'Idelalisib', 'Hyaluronidase (Human Recombinant)', 'Secukinumab', 'Hydroxocobalamin', 'Ethinamate', 'Abatacept', 'Benzathine benzylpenicillin', 'Oxymetholone', 'Pembrolizumab', 'Asparaginase Erwinia chrysanthemi', 'Dermatophagoides farinae', 'Magnesium acetate tetrahydrate', 'Lomustine', 'Dexmethylphenidate', 'Afatinib', 'Bicisate', 'Ertugliflozin', 'Guanfacine', 'Nonoxynol-9', 'Erythropoietin', 'Atazanavir', 'Carboprost Tromethamine', 'Methotrexate', 'Travoprost', 'Nabiximols', 'Lenograstim', 'Salmon Calcitonin', 'Pyrazinamide', 'Nelfinavir', 'Cobicistat', 'Glycyrrhizic acid', 'Hydroxystilbamidine Isethionate', 'Fencamfamine', 'Tipiracil', 'Etravirine', 'Furosemide', 'Pazopanib', 'Etoposide', 'Prednisone', 'Dexibuprofen', 'Monopotassium phosphate', 'Human vaccinia virus immune globulin', 'Dermatophagoides pteronyssinus', 'Droxidopa', 'Cyclothiazide', 'Iodine', 'Medium-chain triglycerides', 'Fomivirsen', 'Lindane', 'Hexobarbital', 'Clarithromycin', 'Asparaginase Escherichia coli', 'Levomefolic acid', 'Dimetindene', 'Vigabatrin', 'Indium In-111 chloride', 'Ampicillin', 'Capreomycin', 'Dyclonine', 'Vinflunine', 'Methylphenidate', 'Regorafenib', 'Oxygen', 'Amprenavir', 'Carbon dioxide', 'Somatostatin', 'Mipomersen', 'Oxcarbazepine', 'Efalizumab', 'Caspofungin', 'Delamanid', 'Amitriptyline', 'Potassium Iodide', 'Floxuridine', 'Levonorgestrel', 'Darunavir', 'Peginterferon alfa-2b', 'Diloxanide', 'Meticillin', 'Hydrocodone', 'Budesonide', 'Trimethadione', 'Ribavirin', 'Propanoic acid', 'Ferric sulfate', 'Rosuvastatin', 'Potassium', 'Amiodarone', 'Moxonidine', 'Filgrastim', 'alpha-Tocopherol acetate', 'Doxorubicin', 'Rilpivirine', 'Thonzylamine', 'Flunitrazepam', 'Fosnetupitant', 'Panitumumab', 'Besilesomab', 'Hexachlorophene', 'Protein S human', 'Sodium stibogluconate', 'Clindamycin', 'Safinamide', 'Telmisartan', 'Beta carotene', 'Paramethadione', 'Methyl cellulose', 'Phenindamine', 'Calcium levulinate', 'Ticlopidine', 'Hexylresorcinol', 'Flecainide', 'Sulfisoxazole', 'Elvitegravir', 'Bioallethrin', 'Emtricitabine', 'Dactinomycin', 'Bacitracin', 'Ifosfamide', 'Ustekinumab', 'Docetaxel', 'Zotepine', 'Cannabidiol', 'Captopril', 'Fluoride ion F-18', 'Rasagiline', 'Abacavir', 'Trabectedin', 'Tegafur', 'Hydroxyethyl Starch', 'Zinc oxide', 'Lamotrigine', 'Metolazone', 'Peginterferon alfa-2a', 'Eprosartan', 'Penbutolol', 'Fish oil', 'Remestemcel-L', 'Dacarbazine', 'Tetrabenazine', 'Cresol', 'Guselkumab', 'Nivolumab', 'Abemaciclib', 'Indapamide', 'Zidovudine', 'Bromodiphenhydramine', 'Haloperidol', 'Methyclothiazide', 'Cetuximab', 'Procarbazine', 'Ixekizumab', 'Asunaprevir', 'Sofosbuvir', 'Neomycin', 'Mifamurtide', 'Testosterone undecanoate', 'Lymecycline', 'Tenofovir disoproxil', 'Durvalumab', 'Tofacitinib', 'Cetylpyridinium', 'Sodium glycerophosphate', 'Levoleucovorin', 'Thiotepa', 'Talc', 'Isocarboxazid', 'Triprolidine', 'Vinorelbine', 'Gadobenic acid', 'Didanosine', 'Cycloserine', 'Netupitant', 'Iohexol', 'Phenelzine', 'Bovine type I collagen', 'Octreotide', 'Unoprostone', 'Hepatitis B Vaccine (Recombinant)', 'Raltegravir', 'Axicabtagene ciloleucel', 'Piracetam', 'Dinoprostone', 'Anidulafungin', 'Doxylamine', 'Ethchlorvynol', 'Labetalol', 'Bimatoprost', 'Lasofoxifene', 'Ethionamide', 'Tretinoin', 'Obeticholic acid', 'Trimethoprim', 'Lipegfilgrastim', 'Palonosetron', 'Thrombomodulin Alfa', 'Hesperetin', 'Tetrachlorodecaoxide', 'Omega-3-carboxylic acids', 'Amiloride', 'Stem bromelain', 'Human cytomegalovirus immune globulin', 'Cyclizine', 'Melphalan', 'Pancrelipase', 'Perboric acid', 'Oprelvekin', 'Methsuximide', 'Nicoboxil', 'Methocarbamol', 'Allopurinol', 'Pemetrexed', 'Fosamprenavir', 'Lopinavir', 'Hyaluronic acid', 'Ondansetron', 'Phenazopyridine', 'Rolapitant', 'Ivacaftor', 'Proguanil', 'Misoprostol', 'Saxagliptin', 'Cantharidin', 'Fludeoxyglucose F-18', 'Baricitinib', 'Suramin', 'Tolcapone', 'Hyaluronidase', 'Hepatitis A Vaccine', 'Bromocriptine', 'Tamibarotene', 'Megestrol acetate', 'Bismuth Subsalicylate', 'Kappadione', 'Carboplatin', 'Niraparib', 'Brentuximab vedotin', 'Polysilicone-15', 'Pseudoephedrine', 'Cabergoline', 'Temoporfin', 'Angiotensin II', 'Triflusal', 'Florbetapir (18F)', 'Domiphen', 'Riociguat', 'Salbutamol', 'Olaparib', 'Chlorthalidone', 'Pegfilgrastim', 'Rasburicase', 'Ixabepilone', 'Peppermint oil', 'Estrogens, esterified', 'Mecasermin', 'Thiopental', 'Oxybenzone', 'Aurothioglucose', 'Isoflurophate', 'Capecitabine', 'Acetylcholine', 'Ubidecarenone', 'Cinnarizine', 'Streptomycin', 'alpha-Tocopherol succinate', 'Selegiline', 'Novobiocin', 'Flutemetamol (18F)', 'Nabilone', 'Magnesium gluconate', 'Dolutegravir', 'Dronabinol', 'Atezolizumab', 'Posaconazole', 'Benzoyl peroxide', 'Sipuleucel-T', 'Liotrix', 'Rucaparib', 'Chlorphenesin', 'Dalteparin', 'Tolnaftate', 'Omeprazole', 'Velpatasvir', 'Inotuzumab ozogamicin', 'Nelarabine', 'Resorcinol', 'Bufexamac', 'Xylose', 'Dolasetron', 'Theophylline', 'Lorpiprazole', 'Nisoldipine', 'Gefitinib', 'Dinutuximab', 'Nevirapine', 'Chlorothiazide', 'Strontium ranelate', 'Fosaprepitant', 'Griseofulvin', 'Pertuzumab', 'Acetylcarnitine', 'Defibrotide', 'Palifermin', 'Ritonavir', 'Hexocyclium', 'Lacidipine', 'Gemtuzumab ozogamicin', 'Buclizine', 'N-acetyltyrosine', 'Zalcitabine', 'Asenapine', 'Atomoxetine', 'Demeclocycline', 'Antipyrine', 'Azidocillin', 'Sarilumab', 'Melatonin', 'Sodium acetate', 'Micafungin', 'Ramucirumab', 'Cerivastatin', 'Pramocaine', 'Esmolol', 'Erlotinib', 'Ketamine', 'Chloropyramine', 'Sacubitril', 'Flumethasone'}"
111,C81,C84,False,True,{'Mechlorethamine'}
112,B38,B39,False,True,{'Ketoconazole'}
113,B49,B48,False,True,{'Hydroxystilbamidine Isethionate'}
114,D86,G35,False,True,{'Prednisone'}
115,H20,D69,False,True,{'Prednisone'}
116,N06,N07,False,True,"{'Hydroflumethiazide', 'Bexarotene', 'Infliximab', 'Ancestim', 'Eribulin', 'Icotinib', 'Aprepitant', 'Galactose', 'Olaratumab', 'Coagulation factor VII human', 'Florbetaben (18F)', 'Moxisylyte', 'Phentolamine', 'Natural alpha interferon', 'Normethadone', 'Temsirolimus', 'Torasemide', 'Talimogene laherparepvec', 'Idelalisib', 'Hyaluronidase (Human Recombinant)', 'Secukinumab', 'Hydroxocobalamin', 'Ethinamate', 'Abatacept', 'Benzathine benzylpenicillin', 'Oxymetholone', 'Pembrolizumab', 'Asparaginase Erwinia chrysanthemi', 'Dermatophagoides farinae', 'Magnesium acetate tetrahydrate', 'Lomustine', 'Dexmethylphenidate', 'Afatinib', 'Bicisate', 'Ertugliflozin', 'Guanfacine', 'Nonoxynol-9', 'Erythropoietin', 'Atazanavir', 'Carboprost Tromethamine', 'Methotrexate', 'Travoprost', 'Nabiximols', 'Lenograstim', 'Salmon Calcitonin', 'Pyrazinamide', 'Nelfinavir', 'Cobicistat', 'Glycyrrhizic acid', 'Hydroxystilbamidine Isethionate', 'Fencamfamine', 'Tipiracil', 'Etravirine', 'Furosemide', 'Pazopanib', 'Etoposide', 'Prednisone', 'Dexibuprofen', 'Monopotassium phosphate', 'Human vaccinia virus immune globulin', 'Dermatophagoides pteronyssinus', 'Droxidopa', 'Cyclothiazide', 'Iodine', 'Medium-chain triglycerides', 'Fomivirsen', 'Lindane', 'Hexobarbital', 'Clarithromycin', 'Asparaginase Escherichia coli', 'Levomefolic acid', 'Dimetindene', 'Vigabatrin', 'Indium In-111 chloride', 'Ampicillin', 'Capreomycin', 'Dyclonine', 'Vinflunine', 'Methylphenidate', 'Regorafenib', 'Oxygen', 'Amprenavir', 'Carbon dioxide', 'Somatostatin', 'Mipomersen', 'Oxcarbazepine', 'Efalizumab', 'Caspofungin', 'Delamanid', 'Amitriptyline', 'Potassium Iodide', 'Floxuridine', 'Levonorgestrel', 'Darunavir', 'Peginterferon alfa-2b', 'Diloxanide', 'Meticillin', 'Hydrocodone', 'Budesonide', 'Trimethadione', 'Ribavirin', 'Propanoic acid', 'Ferric sulfate', 'Rosuvastatin', 'Potassium', 'Amiodarone', 'Moxonidine', 'Filgrastim', 'alpha-Tocopherol acetate', 'Doxorubicin', 'Rilpivirine', 'Thonzylamine', 'Flunitrazepam', 'Fosnetupitant', 'Panitumumab', 'Besilesomab', 'Hexachlorophene', 'Protein S human', 'Sodium stibogluconate', 'Clindamycin', 'Safinamide', 'Telmisartan', 'Beta carotene', 'Paramethadione', 'Methyl cellulose', 'Phenindamine', 'Calcium levulinate', 'Ticlopidine', 'Hexylresorcinol', 'Flecainide', 'Sulfisoxazole', 'Elvitegravir', 'Bioallethrin', 'Emtricitabine', 'Dactinomycin', 'Bacitracin', 'Ifosfamide', 'Ustekinumab', 'Docetaxel', 'Zotepine', 'Cannabidiol', 'Captopril', 'Fluoride ion F-18', 'Rasagiline', 'Abacavir', 'Trabectedin', 'Tegafur', 'Hydroxyethyl Starch', 'Zinc oxide', 'Lamotrigine', 'Metolazone', 'Peginterferon alfa-2a', 'Eprosartan', 'Penbutolol', 'Fish oil', 'Remestemcel-L', 'Dacarbazine', 'Tetrabenazine', 'Cresol', 'Guselkumab', 'Nivolumab', 'Abemaciclib', 'Indapamide', 'Zidovudine', 'Bromodiphenhydramine', 'Haloperidol', 'Methyclothiazide', 'Cetuximab', 'Procarbazine', 'Ixekizumab', 'Asunaprevir', 'Sofosbuvir', 'Neomycin', 'Mifamurtide', 'Testosterone undecanoate', 'Lymecycline', 'Tenofovir disoproxil', 'Durvalumab', 'Tofacitinib', 'Cetylpyridinium', 'Sodium glycerophosphate', 'Levoleucovorin', 'Thiotepa', 'Talc', 'Isocarboxazid', 'Triprolidine', 'Vinorelbine', 'Gadobenic acid', 'Didanosine', 'Cycloserine', 'Netupitant', 'Iohexol', 'Phenelzine', 'Bovine type I collagen', 'Octreotide', 'Unoprostone', 'Hepatitis B Vaccine (Recombinant)', 'Raltegravir', 'Axicabtagene ciloleucel', 'Piracetam', 'Dinoprostone', 'Anidulafungin', 'Doxylamine', 'Ethchlorvynol', 'Labetalol', 'Bimatoprost', 'Lasofoxifene', 'Ethionamide', 'Tretinoin', 'Obeticholic acid', 'Trimethoprim', 'Lipegfilgrastim', 'Palonosetron', 'Thrombomodulin Alfa', 'Hesperetin', 'Tetrachlorodecaoxide', 'Omega-3-carboxylic acids', 'Amiloride', 'Stem bromelain', 'Human cytomegalovirus immune globulin', 'Cyclizine', 'Melphalan', 'Pancrelipase', 'Perboric acid', 'Oprelvekin', 'Methsuximide', 'Nicoboxil', 'Methocarbamol', 'Allopurinol', 'Pemetrexed', 'Fosamprenavir', 'Lopinavir', 'Hyaluronic acid', 'Ondansetron', 'Phenazopyridine', 'Rolapitant', 'Ivacaftor', 'Proguanil', 'Misoprostol', 'Saxagliptin', 'Cantharidin', 'Fludeoxyglucose F-18', 'Baricitinib', 'Suramin', 'Tolcapone', 'Hyaluronidase', 'Hepatitis A Vaccine', 'Bromocriptine', 'Tamibarotene', 'Megestrol acetate', 'Bismuth Subsalicylate', 'Kappadione', 'Carboplatin', 'Niraparib', 'Brentuximab vedotin', 'Polysilicone-15', 'Pseudoephedrine', 'Cabergoline', 'Temoporfin', 'Angiotensin II', 'Triflusal', 'Florbetapir (18F)', 'Domiphen', 'Riociguat', 'Salbutamol', 'Olaparib', 'Chlorthalidone', 'Pegfilgrastim', 'Rasburicase', 'Ixabepilone', 'Peppermint oil', 'Estrogens, esterified', 'Mecasermin', 'Thiopental', 'Oxybenzone', 'Aurothioglucose', 'Isoflurophate', 'Capecitabine', 'Acetylcholine', 'Ubidecarenone', 'Cinnarizine', 'Streptomycin', 'alpha-Tocopherol succinate', 'Selegiline', 'Novobiocin', 'Flutemetamol (18F)', 'Nabilone', 'Magnesium gluconate', 'Dolutegravir', 'Dronabinol', 'Atezolizumab', 'Posaconazole', 'Benzoyl peroxide', 'Sipuleucel-T', 'Liotrix', 'Rucaparib', 'Chlorphenesin', 'Dalteparin', 'Tolnaftate', 'Omeprazole', 'Velpatasvir', 'Inotuzumab ozogamicin', 'Nelarabine', 'Resorcinol', 'Bufexamac', 'Xylose', 'Dolasetron', 'Theophylline', 'Lorpiprazole', 'Nisoldipine', 'Gefitinib', 'Dinutuximab', 'Nevirapine', 'Chlorothiazide', 'Strontium ranelate', 'Fosaprepitant', 'Griseofulvin', 'Pertuzumab', 'Acetylcarnitine', 'Defibrotide', 'Palifermin', 'Ritonavir', 'Hexocyclium', 'Lacidipine', 'Gemtuzumab ozogamicin', 'Buclizine', 'N-acetyltyrosine', 'Zalcitabine', 'Asenapine', 'Atomoxetine', 'Demeclocycline', 'Antipyrine', 'Azidocillin', 'Sarilumab', 'Melatonin', 'Sodium acetate', 'Micafungin', 'Ramucirumab', 'Cerivastatin', 'Pramocaine', 'Esmolol', 'Erlotinib', 'Ketamine', 'Chloropyramine', 'Sacubitril', 'Flumethasone'}"
117,M06,N02,False,True,"{'Abatacept', 'Tofacitinib', 'Aurothioglucose', 'Baricitinib', 'Methotrexate', 'Dexibuprofen', 'Temsirolimus', 'Infliximab'}"
118,J45,K51,False,True,"{'Hydrocortisone', 'Budesonide'}"
119,H20,L93,False,True,{'Prednisone'}
120,C80,D09,False,True,{'Mitomycin'}
121,G35,L40,False,True,{'Prednisone'}
122,J45,L40,False,True,"{'Fluticasone propionate', 'Hydrocortisone'}"
123,M06,M32,False,True,"{'Prednisolone', 'Hydroxychloroquine', 'Acetylsalicylic acid'}"
124,F14,F20,False,True,"{'Quetiapine', 'Olanzapine', 'Aripiprazole', 'Chlorprothixene', 'Aripiprazole lauroxil', 'Loxapine', 'Ziprasidone'}"
125,K51,L40,False,True,"{'Tofacitinib', 'Hydrocortisone', 'Infliximab'}"
126,L30,D69,False,True,{'Prednisone'}
127,N03,G70,False,True,{'Prednisone'}
128,N04,N00,False,True,"{'Hydroflumethiazide', 'Bexarotene', 'Infliximab', 'Ancestim', 'Eribulin', 'Icotinib', 'Aprepitant', 'Galactose', 'Olaratumab', 'Coagulation factor VII human', 'Florbetaben (18F)', 'Moxisylyte', 'Phentolamine', 'Natural alpha interferon', 'Normethadone', 'Temsirolimus', 'Torasemide', 'Talimogene laherparepvec', 'Idelalisib', 'Hyaluronidase (Human Recombinant)', 'Secukinumab', 'Hydroxocobalamin', 'Ethinamate', 'Abatacept', 'Benzathine benzylpenicillin', 'Oxymetholone', 'Pembrolizumab', 'Asparaginase Erwinia chrysanthemi', 'Dermatophagoides farinae', 'Magnesium acetate tetrahydrate', 'Lomustine', 'Dexmethylphenidate', 'Afatinib', 'Bicisate', 'Ertugliflozin', 'Guanfacine', 'Nonoxynol-9', 'Erythropoietin', 'Atazanavir', 'Carboprost Tromethamine', 'Methotrexate', 'Travoprost', 'Nabiximols', 'Lenograstim', 'Salmon Calcitonin', 'Pyrazinamide', 'Nelfinavir', 'Cobicistat', 'Glycyrrhizic acid', 'Hydroxystilbamidine Isethionate', 'Fencamfamine', 'Tipiracil', 'Etravirine', 'Furosemide', 'Pazopanib', 'Etoposide', 'Prednisone', 'Dexibuprofen', 'Monopotassium phosphate', 'Human vaccinia virus immune globulin', 'Dermatophagoides pteronyssinus', 'Droxidopa', 'Cyclothiazide', 'Iodine', 'Medium-chain triglycerides', 'Fomivirsen', 'Lindane', 'Hexobarbital', 'Clarithromycin', 'Asparaginase Escherichia coli', 'Levomefolic acid', 'Dimetindene', 'Vigabatrin', 'Indium In-111 chloride', 'Ampicillin', 'Capreomycin', 'Dyclonine', 'Vinflunine', 'Methylphenidate', 'Regorafenib', 'Oxygen', 'Amprenavir', 'Carbon dioxide', 'Somatostatin', 'Mipomersen', 'Oxcarbazepine', 'Efalizumab', 'Caspofungin', 'Delamanid', 'Amitriptyline', 'Potassium Iodide', 'Floxuridine', 'Levonorgestrel', 'Darunavir', 'Peginterferon alfa-2b', 'Diloxanide', 'Meticillin', 'Hydrocodone', 'Budesonide', 'Trimethadione', 'Ribavirin', 'Propanoic acid', 'Ferric sulfate', 'Rosuvastatin', 'Potassium', 'Amiodarone', 'Moxonidine', 'Filgrastim', 'alpha-Tocopherol acetate', 'Doxorubicin', 'Rilpivirine', 'Thonzylamine', 'Flunitrazepam', 'Fosnetupitant', 'Panitumumab', 'Besilesomab', 'Hexachlorophene', 'Protein S human', 'Sodium stibogluconate', 'Clindamycin', 'Safinamide', 'Telmisartan', 'Beta carotene', 'Paramethadione', 'Methyl cellulose', 'Phenindamine', 'Calcium levulinate', 'Ticlopidine', 'Hexylresorcinol', 'Flecainide', 'Sulfisoxazole', 'Elvitegravir', 'Bioallethrin', 'Emtricitabine', 'Dactinomycin', 'Bacitracin', 'Ifosfamide', 'Ustekinumab', 'Docetaxel', 'Zotepine', 'Cannabidiol', 'Captopril', 'Fluoride ion F-18', 'Rasagiline', 'Abacavir', 'Trabectedin', 'Tegafur', 'Hydroxyethyl Starch', 'Zinc oxide', 'Lamotrigine', 'Metolazone', 'Peginterferon alfa-2a', 'Eprosartan', 'Penbutolol', 'Fish oil', 'Remestemcel-L', 'Dacarbazine', 'Tetrabenazine', 'Cresol', 'Guselkumab', 'Nivolumab', 'Abemaciclib', 'Indapamide', 'Zidovudine', 'Bromodiphenhydramine', 'Haloperidol', 'Methyclothiazide', 'Cetuximab', 'Procarbazine', 'Ixekizumab', 'Asunaprevir', 'Sofosbuvir', 'Neomycin', 'Mifamurtide', 'Testosterone undecanoate', 'Lymecycline', 'Tenofovir disoproxil', 'Durvalumab', 'Tofacitinib', 'Cetylpyridinium', 'Sodium glycerophosphate', 'Levoleucovorin', 'Thiotepa', 'Talc', 'Isocarboxazid', 'Triprolidine', 'Vinorelbine', 'Gadobenic acid', 'Didanosine', 'Cycloserine', 'Netupitant', 'Iohexol', 'Phenelzine', 'Bovine type I collagen', 'Octreotide', 'Unoprostone', 'Hepatitis B Vaccine (Recombinant)', 'Raltegravir', 'Axicabtagene ciloleucel', 'Piracetam', 'Dinoprostone', 'Anidulafungin', 'Doxylamine', 'Ethchlorvynol', 'Labetalol', 'Bimatoprost', 'Lasofoxifene', 'Ethionamide', 'Tretinoin', 'Obeticholic acid', 'Trimethoprim', 'Lipegfilgrastim', 'Palonosetron', 'Thrombomodulin Alfa', 'Hesperetin', 'Tetrachlorodecaoxide', 'Omega-3-carboxylic acids', 'Amiloride', 'Stem bromelain', 'Human cytomegalovirus immune globulin', 'Cyclizine', 'Melphalan', 'Pancrelipase', 'Perboric acid', 'Oprelvekin', 'Methsuximide', 'Nicoboxil', 'Methocarbamol', 'Allopurinol', 'Pemetrexed', 'Fosamprenavir', 'Lopinavir', 'Hyaluronic acid', 'Ondansetron', 'Phenazopyridine', 'Rolapitant', 'Ivacaftor', 'Proguanil', 'Misoprostol', 'Saxagliptin', 'Cantharidin', 'Fludeoxyglucose F-18', 'Baricitinib', 'Suramin', 'Tolcapone', 'Hyaluronidase', 'Hepatitis A Vaccine', 'Bromocriptine', 'Tamibarotene', 'Megestrol acetate', 'Bismuth Subsalicylate', 'Kappadione', 'Carboplatin', 'Niraparib', 'Brentuximab vedotin', 'Polysilicone-15', 'Pseudoephedrine', 'Cabergoline', 'Temoporfin', 'Angiotensin II', 'Triflusal', 'Florbetapir (18F)', 'Domiphen', 'Riociguat', 'Salbutamol', 'Olaparib', 'Chlorthalidone', 'Pegfilgrastim', 'Rasburicase', 'Ixabepilone', 'Peppermint oil', 'Estrogens, esterified', 'Mecasermin', 'Thiopental', 'Oxybenzone', 'Aurothioglucose', 'Isoflurophate', 'Capecitabine', 'Acetylcholine', 'Ubidecarenone', 'Cinnarizine', 'Streptomycin', 'alpha-Tocopherol succinate', 'Selegiline', 'Novobiocin', 'Flutemetamol (18F)', 'Nabilone', 'Magnesium gluconate', 'Dolutegravir', 'Dronabinol', 'Atezolizumab', 'Posaconazole', 'Benzoyl peroxide', 'Sipuleucel-T', 'Liotrix', 'Rucaparib', 'Chlorphenesin', 'Dalteparin', 'Tolnaftate', 'Omeprazole', 'Velpatasvir', 'Inotuzumab ozogamicin', 'Nelarabine', 'Resorcinol', 'Bufexamac', 'Xylose', 'Dolasetron', 'Theophylline', 'Lorpiprazole', 'Nisoldipine', 'Gefitinib', 'Dinutuximab', 'Nevirapine', 'Chlorothiazide', 'Strontium ranelate', 'Fosaprepitant', 'Griseofulvin', 'Pertuzumab', 'Acetylcarnitine', 'Defibrotide', 'Palifermin', 'Ritonavir', 'Hexocyclium', 'Lacidipine', 'Gemtuzumab ozogamicin', 'Buclizine', 'N-acetyltyrosine', 'Zalcitabine', 'Asenapine', 'Atomoxetine', 'Demeclocycline', 'Antipyrine', 'Azidocillin', 'Sarilumab', 'Melatonin', 'Sodium acetate', 'Micafungin', 'Ramucirumab', 'Cerivastatin', 'Pramocaine', 'Esmolol', 'Erlotinib', 'Ketamine', 'Chloropyramine', 'Sacubitril', 'Flumethasone'}"
129,C90,C81,False,True,{'Carmustine'}
130,H20,L51,False,True,{'Prednisone'}
131,M06,L93,False,True,"{'Prednisolone', 'Hydroxychloroquine', 'Acetylsalicylic acid'}"
132,J44,J42,False,True,"{'Ipratropium', 'Olodaterol', 'Terpin hydrate', 'Arformoterol', 'Aclidinium', 'Indacaterol'}"
133,D70,N02,False,True,{'Lenograstim'}
134,M32,L40,False,True,{'Prednisone'}
135,M08,L40,False,True,{'Methotrexate'}
136,I50,H40,False,True,{'Acetazolamide'}
137,F10,F15,False,True,"{'Molindone', 'Quetiapine', 'Prochlorperazine', 'Olanzapine', 'Perphenazine', 'Fluphenazine', 'Aripiprazole', 'Chlorprothixene', 'Aripiprazole lauroxil', 'Loxapine', 'Ziprasidone'}"
138,H20,L13,False,True,{'Prednisone'}
139,J45,J33,False,True,"{'Dexamethasone', 'Budesonide'}"
140,L13,A17,False,True,{'Prednisone'}
141,M13,M79,False,True,{'Ademetionine'}
142,F17,F14,False,True,"{'Molindone', 'Quetiapine', 'Prochlorperazine', 'Olanzapine', 'Perphenazine', 'Fluphenazine', 'Aripiprazole', 'Chlorprothixene', 'Aripiprazole lauroxil', 'Loxapine', 'Ziprasidone'}"
143,L20,L40,False,True,"{'Flumethasone', 'Prednisone'}"
144,J45,L50,False,True,{'Chlorphenamine'}
145,M32,G35,False,True,{'Prednisone'}
146,H20,G35,False,True,{'Prednisone'}
147,C90,C84,False,True,{'Cyclophosphamide'}
148,A48,A71,False,True,{'Erythromycin'}
149,D70,N03,False,True,{'Lenograstim'}
150,L10,D86,False,True,{'Prednisone'}
151,G41,F41,False,True,{'Lorazepam'}
152,F13,F18,False,True,"{'Molindone', 'Quetiapine', 'Prochlorperazine', 'Olanzapine', 'Perphenazine', 'Fluphenazine', 'Aripiprazole', 'Chlorprothixene', 'Aripiprazole lauroxil', 'Loxapine', 'Ziprasidone'}"
153,N19,N25,False,True,"{'Calcitriol', 'Cholecalciferol', 'Calcidiol'}"
154,C16,J44,False,True,{'Glycopyrronium'}
155,L71,L70,False,True,"{'Benzoyl peroxide', 'Metronidazole', 'Loteprednol'}"
156,L57,D48,False,True,"{'Sulisobenzone', 'Afamelanotide'}"
157,L71,H40,False,True,{'Brimonidine'}
158,L40,M45,False,True,"{'Tofacitinib', 'Etanercept', 'Infliximab'}"
159,N04,N05,False,True,"{'Hydroflumethiazide', 'Bexarotene', 'Infliximab', 'Ancestim', 'Eribulin', 'Icotinib', 'Aprepitant', 'Galactose', 'Olaratumab', 'Coagulation factor VII human', 'Florbetaben (18F)', 'Moxisylyte', 'Phentolamine', 'Natural alpha interferon', 'Normethadone', 'Temsirolimus', 'Torasemide', 'Talimogene laherparepvec', 'Idelalisib', 'Hyaluronidase (Human Recombinant)', 'Secukinumab', 'Hydroxocobalamin', 'Ethinamate', 'Abatacept', 'Benzathine benzylpenicillin', 'Oxymetholone', 'Pembrolizumab', 'Asparaginase Erwinia chrysanthemi', 'Dermatophagoides farinae', 'Magnesium acetate tetrahydrate', 'Lomustine', 'Dexmethylphenidate', 'Afatinib', 'Bicisate', 'Ertugliflozin', 'Guanfacine', 'Nonoxynol-9', 'Erythropoietin', 'Atazanavir', 'Carboprost Tromethamine', 'Methotrexate', 'Travoprost', 'Nabiximols', 'Lenograstim', 'Salmon Calcitonin', 'Pyrazinamide', 'Nelfinavir', 'Cobicistat', 'Glycyrrhizic acid', 'Hydroxystilbamidine Isethionate', 'Fencamfamine', 'Tipiracil', 'Etravirine', 'Furosemide', 'Pazopanib', 'Etoposide', 'Prednisone', 'Dexibuprofen', 'Monopotassium phosphate', 'Human vaccinia virus immune globulin', 'Dermatophagoides pteronyssinus', 'Droxidopa', 'Cyclothiazide', 'Iodine', 'Medium-chain triglycerides', 'Fomivirsen', 'Lindane', 'Hexobarbital', 'Clarithromycin', 'Asparaginase Escherichia coli', 'Levomefolic acid', 'Dimetindene', 'Vigabatrin', 'Indium In-111 chloride', 'Ampicillin', 'Capreomycin', 'Dyclonine', 'Vinflunine', 'Methylphenidate', 'Regorafenib', 'Oxygen', 'Amprenavir', 'Carbon dioxide', 'Somatostatin', 'Mipomersen', 'Oxcarbazepine', 'Efalizumab', 'Caspofungin', 'Delamanid', 'Amitriptyline', 'Potassium Iodide', 'Floxuridine', 'Levonorgestrel', 'Darunavir', 'Peginterferon alfa-2b', 'Diloxanide', 'Meticillin', 'Hydrocodone', 'Budesonide', 'Trimethadione', 'Ribavirin', 'Propanoic acid', 'Ferric sulfate', 'Rosuvastatin', 'Potassium', 'Amiodarone', 'Moxonidine', 'Filgrastim', 'alpha-Tocopherol acetate', 'Doxorubicin', 'Rilpivirine', 'Thonzylamine', 'Flunitrazepam', 'Fosnetupitant', 'Panitumumab', 'Besilesomab', 'Hexachlorophene', 'Protein S human', 'Sodium stibogluconate', 'Clindamycin', 'Safinamide', 'Telmisartan', 'Beta carotene', 'Paramethadione', 'Methyl cellulose', 'Phenindamine', 'Calcium levulinate', 'Ticlopidine', 'Hexylresorcinol', 'Flecainide', 'Sulfisoxazole', 'Elvitegravir', 'Bioallethrin', 'Emtricitabine', 'Dactinomycin', 'Bacitracin', 'Ifosfamide', 'Ustekinumab', 'Docetaxel', 'Zotepine', 'Cannabidiol', 'Captopril', 'Fluoride ion F-18', 'Rasagiline', 'Abacavir', 'Trabectedin', 'Tegafur', 'Hydroxyethyl Starch', 'Zinc oxide', 'Lamotrigine', 'Metolazone', 'Peginterferon alfa-2a', 'Eprosartan', 'Penbutolol', 'Fish oil', 'Remestemcel-L', 'Dacarbazine', 'Tetrabenazine', 'Cresol', 'Guselkumab', 'Nivolumab', 'Abemaciclib', 'Indapamide', 'Zidovudine', 'Bromodiphenhydramine', 'Haloperidol', 'Methyclothiazide', 'Cetuximab', 'Procarbazine', 'Ixekizumab', 'Asunaprevir', 'Sofosbuvir', 'Neomycin', 'Mifamurtide', 'Testosterone undecanoate', 'Lymecycline', 'Tenofovir disoproxil', 'Durvalumab', 'Tofacitinib', 'Cetylpyridinium', 'Sodium glycerophosphate', 'Levoleucovorin', 'Thiotepa', 'Talc', 'Isocarboxazid', 'Triprolidine', 'Vinorelbine', 'Gadobenic acid', 'Didanosine', 'Cycloserine', 'Netupitant', 'Iohexol', 'Phenelzine', 'Bovine type I collagen', 'Octreotide', 'Unoprostone', 'Hepatitis B Vaccine (Recombinant)', 'Raltegravir', 'Axicabtagene ciloleucel', 'Piracetam', 'Dinoprostone', 'Anidulafungin', 'Doxylamine', 'Ethchlorvynol', 'Labetalol', 'Bimatoprost', 'Lasofoxifene', 'Ethionamide', 'Tretinoin', 'Obeticholic acid', 'Trimethoprim', 'Lipegfilgrastim', 'Palonosetron', 'Thrombomodulin Alfa', 'Hesperetin', 'Tetrachlorodecaoxide', 'Omega-3-carboxylic acids', 'Amiloride', 'Stem bromelain', 'Human cytomegalovirus immune globulin', 'Cyclizine', 'Melphalan', 'Pancrelipase', 'Perboric acid', 'Oprelvekin', 'Methsuximide', 'Nicoboxil', 'Methocarbamol', 'Allopurinol', 'Pemetrexed', 'Fosamprenavir', 'Lopinavir', 'Hyaluronic acid', 'Ondansetron', 'Phenazopyridine', 'Rolapitant', 'Ivacaftor', 'Proguanil', 'Misoprostol', 'Saxagliptin', 'Cantharidin', 'Fludeoxyglucose F-18', 'Baricitinib', 'Suramin', 'Tolcapone', 'Hyaluronidase', 'Hepatitis A Vaccine', 'Bromocriptine', 'Tamibarotene', 'Megestrol acetate', 'Bismuth Subsalicylate', 'Kappadione', 'Carboplatin', 'Niraparib', 'Brentuximab vedotin', 'Polysilicone-15', 'Pseudoephedrine', 'Cabergoline', 'Temoporfin', 'Angiotensin II', 'Triflusal', 'Florbetapir (18F)', 'Domiphen', 'Riociguat', 'Salbutamol', 'Olaparib', 'Chlorthalidone', 'Pegfilgrastim', 'Rasburicase', 'Ixabepilone', 'Peppermint oil', 'Estrogens, esterified', 'Mecasermin', 'Thiopental', 'Oxybenzone', 'Aurothioglucose', 'Isoflurophate', 'Capecitabine', 'Acetylcholine', 'Ubidecarenone', 'Cinnarizine', 'Streptomycin', 'alpha-Tocopherol succinate', 'Selegiline', 'Novobiocin', 'Flutemetamol (18F)', 'Nabilone', 'Magnesium gluconate', 'Dolutegravir', 'Dronabinol', 'Atezolizumab', 'Posaconazole', 'Benzoyl peroxide', 'Sipuleucel-T', 'Liotrix', 'Rucaparib', 'Chlorphenesin', 'Dalteparin', 'Tolnaftate', 'Omeprazole', 'Velpatasvir', 'Inotuzumab ozogamicin', 'Nelarabine', 'Resorcinol', 'Bufexamac', 'Xylose', 'Dolasetron', 'Theophylline', 'Lorpiprazole', 'Nisoldipine', 'Gefitinib', 'Dinutuximab', 'Nevirapine', 'Chlorothiazide', 'Strontium ranelate', 'Fosaprepitant', 'Griseofulvin', 'Pertuzumab', 'Acetylcarnitine', 'Defibrotide', 'Palifermin', 'Ritonavir', 'Hexocyclium', 'Lacidipine', 'Gemtuzumab ozogamicin', 'Buclizine', 'N-acetyltyrosine', 'Zalcitabine', 'Asenapine', 'Atomoxetine', 'Demeclocycline', 'Antipyrine', 'Azidocillin', 'Sarilumab', 'Melatonin', 'Sodium acetate', 'Micafungin', 'Ramucirumab', 'Cerivastatin', 'Pramocaine', 'Esmolol', 'Erlotinib', 'Ketamine', 'Chloropyramine', 'Sacubitril', 'Flumethasone'}"
160,C16,I22,False,True,{'Fondaparinux'}
161,N03,N07,False,True,"{'Hydroflumethiazide', 'Bexarotene', 'Infliximab', 'Ancestim', 'Eribulin', 'Icotinib', 'Aprepitant', 'Galactose', 'Olaratumab', 'Coagulation factor VII human', 'Florbetaben (18F)', 'Moxisylyte', 'Phentolamine', 'Natural alpha interferon', 'Normethadone', 'Temsirolimus', 'Torasemide', 'Talimogene laherparepvec', 'Idelalisib', 'Hyaluronidase (Human Recombinant)', 'Secukinumab', 'Hydroxocobalamin', 'Ethinamate', 'Abatacept', 'Benzathine benzylpenicillin', 'Oxymetholone', 'Pembrolizumab', 'Asparaginase Erwinia chrysanthemi', 'Dermatophagoides farinae', 'Magnesium acetate tetrahydrate', 'Lomustine', 'Dexmethylphenidate', 'Afatinib', 'Bicisate', 'Ertugliflozin', 'Guanfacine', 'Nonoxynol-9', 'Erythropoietin', 'Atazanavir', 'Carboprost Tromethamine', 'Methotrexate', 'Travoprost', 'Nabiximols', 'Lenograstim', 'Salmon Calcitonin', 'Pyrazinamide', 'Nelfinavir', 'Cobicistat', 'Glycyrrhizic acid', 'Hydroxystilbamidine Isethionate', 'Fencamfamine', 'Tipiracil', 'Etravirine', 'Furosemide', 'Pazopanib', 'Etoposide', 'Prednisone', 'Dexibuprofen', 'Monopotassium phosphate', 'Human vaccinia virus immune globulin', 'Dermatophagoides pteronyssinus', 'Droxidopa', 'Cyclothiazide', 'Iodine', 'Medium-chain triglycerides', 'Fomivirsen', 'Lindane', 'Hexobarbital', 'Clarithromycin', 'Asparaginase Escherichia coli', 'Levomefolic acid', 'Dimetindene', 'Vigabatrin', 'Indium In-111 chloride', 'Ampicillin', 'Capreomycin', 'Dyclonine', 'Vinflunine', 'Methylphenidate', 'Regorafenib', 'Oxygen', 'Amprenavir', 'Carbon dioxide', 'Somatostatin', 'Mipomersen', 'Oxcarbazepine', 'Efalizumab', 'Caspofungin', 'Delamanid', 'Amitriptyline', 'Potassium Iodide', 'Floxuridine', 'Levonorgestrel', 'Darunavir', 'Peginterferon alfa-2b', 'Diloxanide', 'Meticillin', 'Hydrocodone', 'Budesonide', 'Trimethadione', 'Ribavirin', 'Propanoic acid', 'Ferric sulfate', 'Rosuvastatin', 'Potassium', 'Amiodarone', 'Moxonidine', 'Filgrastim', 'alpha-Tocopherol acetate', 'Doxorubicin', 'Rilpivirine', 'Thonzylamine', 'Flunitrazepam', 'Fosnetupitant', 'Panitumumab', 'Besilesomab', 'Hexachlorophene', 'Protein S human', 'Sodium stibogluconate', 'Clindamycin', 'Safinamide', 'Telmisartan', 'Beta carotene', 'Paramethadione', 'Methyl cellulose', 'Phenindamine', 'Calcium levulinate', 'Ticlopidine', 'Hexylresorcinol', 'Flecainide', 'Sulfisoxazole', 'Elvitegravir', 'Bioallethrin', 'Emtricitabine', 'Dactinomycin', 'Bacitracin', 'Ifosfamide', 'Ustekinumab', 'Docetaxel', 'Zotepine', 'Cannabidiol', 'Captopril', 'Fluoride ion F-18', 'Rasagiline', 'Abacavir', 'Trabectedin', 'Tegafur', 'Hydroxyethyl Starch', 'Zinc oxide', 'Lamotrigine', 'Metolazone', 'Peginterferon alfa-2a', 'Eprosartan', 'Penbutolol', 'Fish oil', 'Remestemcel-L', 'Dacarbazine', 'Tetrabenazine', 'Cresol', 'Guselkumab', 'Nivolumab', 'Abemaciclib', 'Indapamide', 'Zidovudine', 'Bromodiphenhydramine', 'Haloperidol', 'Methyclothiazide', 'Cetuximab', 'Procarbazine', 'Ixekizumab', 'Asunaprevir', 'Sofosbuvir', 'Neomycin', 'Mifamurtide', 'Testosterone undecanoate', 'Lymecycline', 'Tenofovir disoproxil', 'Durvalumab', 'Tofacitinib', 'Cetylpyridinium', 'Sodium glycerophosphate', 'Levoleucovorin', 'Thiotepa', 'Talc', 'Isocarboxazid', 'Triprolidine', 'Vinorelbine', 'Gadobenic acid', 'Didanosine', 'Cycloserine', 'Netupitant', 'Iohexol', 'Phenelzine', 'Bovine type I collagen', 'Octreotide', 'Unoprostone', 'Hepatitis B Vaccine (Recombinant)', 'Raltegravir', 'Axicabtagene ciloleucel', 'Piracetam', 'Dinoprostone', 'Anidulafungin', 'Doxylamine', 'Ethchlorvynol', 'Labetalol', 'Bimatoprost', 'Lasofoxifene', 'Ethionamide', 'Tretinoin', 'Obeticholic acid', 'Trimethoprim', 'Lipegfilgrastim', 'Palonosetron', 'Thrombomodulin Alfa', 'Hesperetin', 'Tetrachlorodecaoxide', 'Omega-3-carboxylic acids', 'Amiloride', 'Stem bromelain', 'Human cytomegalovirus immune globulin', 'Cyclizine', 'Melphalan', 'Pancrelipase', 'Perboric acid', 'Oprelvekin', 'Methsuximide', 'Nicoboxil', 'Methocarbamol', 'Allopurinol', 'Pemetrexed', 'Fosamprenavir', 'Lopinavir', 'Hyaluronic acid', 'Ondansetron', 'Phenazopyridine', 'Rolapitant', 'Ivacaftor', 'Proguanil', 'Misoprostol', 'Saxagliptin', 'Cantharidin', 'Fludeoxyglucose F-18', 'Baricitinib', 'Suramin', 'Tolcapone', 'Hyaluronidase', 'Hepatitis A Vaccine', 'Bromocriptine', 'Tamibarotene', 'Megestrol acetate', 'Bismuth Subsalicylate', 'Kappadione', 'Carboplatin', 'Niraparib', 'Brentuximab vedotin', 'Polysilicone-15', 'Pseudoephedrine', 'Cabergoline', 'Temoporfin', 'Angiotensin II', 'Triflusal', 'Florbetapir (18F)', 'Domiphen', 'Riociguat', 'Salbutamol', 'Olaparib', 'Chlorthalidone', 'Pegfilgrastim', 'Rasburicase', 'Ixabepilone', 'Peppermint oil', 'Estrogens, esterified', 'Mecasermin', 'Thiopental', 'Oxybenzone', 'Aurothioglucose', 'Isoflurophate', 'Capecitabine', 'Acetylcholine', 'Ubidecarenone', 'Cinnarizine', 'Streptomycin', 'alpha-Tocopherol succinate', 'Selegiline', 'Novobiocin', 'Flutemetamol (18F)', 'Nabilone', 'Magnesium gluconate', 'Dolutegravir', 'Dronabinol', 'Atezolizumab', 'Posaconazole', 'Benzoyl peroxide', 'Sipuleucel-T', 'Liotrix', 'Rucaparib', 'Chlorphenesin', 'Dalteparin', 'Tolnaftate', 'Omeprazole', 'Velpatasvir', 'Inotuzumab ozogamicin', 'Nelarabine', 'Resorcinol', 'Bufexamac', 'Xylose', 'Dolasetron', 'Theophylline', 'Lorpiprazole', 'Nisoldipine', 'Gefitinib', 'Dinutuximab', 'Nevirapine', 'Chlorothiazide', 'Strontium ranelate', 'Fosaprepitant', 'Griseofulvin', 'Pertuzumab', 'Acetylcarnitine', 'Defibrotide', 'Palifermin', 'Ritonavir', 'Hexocyclium', 'Lacidipine', 'Gemtuzumab ozogamicin', 'Buclizine', 'N-acetyltyrosine', 'Zalcitabine', 'Asenapine', 'Atomoxetine', 'Demeclocycline', 'Antipyrine', 'Azidocillin', 'Sarilumab', 'Melatonin', 'Sodium acetate', 'Micafungin', 'Ramucirumab', 'Cerivastatin', 'Pramocaine', 'Esmolol', 'Erlotinib', 'Ketamine', 'Chloropyramine', 'Sacubitril', 'Flumethasone'}"
162,M32,N02,False,True,{'Prednisone'}
163,N01,N06,False,True,"{'Hydroflumethiazide', 'Bexarotene', 'Infliximab', 'Ancestim', 'Eribulin', 'Icotinib', 'Aprepitant', 'Galactose', 'Olaratumab', 'Coagulation factor VII human', 'Florbetaben (18F)', 'Moxisylyte', 'Phentolamine', 'Natural alpha interferon', 'Normethadone', 'Temsirolimus', 'Torasemide', 'Talimogene laherparepvec', 'Idelalisib', 'Hyaluronidase (Human Recombinant)', 'Secukinumab', 'Hydroxocobalamin', 'Ethinamate', 'Abatacept', 'Benzathine benzylpenicillin', 'Oxymetholone', 'Pembrolizumab', 'Asparaginase Erwinia chrysanthemi', 'Dermatophagoides farinae', 'Magnesium acetate tetrahydrate', 'Lomustine', 'Dexmethylphenidate', 'Afatinib', 'Bicisate', 'Ertugliflozin', 'Guanfacine', 'Nonoxynol-9', 'Erythropoietin', 'Atazanavir', 'Carboprost Tromethamine', 'Methotrexate', 'Travoprost', 'Nabiximols', 'Lenograstim', 'Salmon Calcitonin', 'Pyrazinamide', 'Nelfinavir', 'Cobicistat', 'Glycyrrhizic acid', 'Hydroxystilbamidine Isethionate', 'Fencamfamine', 'Tipiracil', 'Etravirine', 'Furosemide', 'Pazopanib', 'Etoposide', 'Prednisone', 'Dexibuprofen', 'Monopotassium phosphate', 'Human vaccinia virus immune globulin', 'Dermatophagoides pteronyssinus', 'Droxidopa', 'Cyclothiazide', 'Iodine', 'Medium-chain triglycerides', 'Fomivirsen', 'Lindane', 'Hexobarbital', 'Clarithromycin', 'Asparaginase Escherichia coli', 'Levomefolic acid', 'Dimetindene', 'Vigabatrin', 'Indium In-111 chloride', 'Ampicillin', 'Capreomycin', 'Dyclonine', 'Vinflunine', 'Methylphenidate', 'Regorafenib', 'Oxygen', 'Amprenavir', 'Carbon dioxide', 'Somatostatin', 'Mipomersen', 'Oxcarbazepine', 'Efalizumab', 'Caspofungin', 'Delamanid', 'Amitriptyline', 'Potassium Iodide', 'Floxuridine', 'Levonorgestrel', 'Darunavir', 'Peginterferon alfa-2b', 'Diloxanide', 'Meticillin', 'Hydrocodone', 'Budesonide', 'Trimethadione', 'Ribavirin', 'Propanoic acid', 'Ferric sulfate', 'Rosuvastatin', 'Potassium', 'Amiodarone', 'Moxonidine', 'Filgrastim', 'alpha-Tocopherol acetate', 'Doxorubicin', 'Rilpivirine', 'Thonzylamine', 'Flunitrazepam', 'Fosnetupitant', 'Panitumumab', 'Besilesomab', 'Hexachlorophene', 'Protein S human', 'Sodium stibogluconate', 'Clindamycin', 'Safinamide', 'Telmisartan', 'Beta carotene', 'Paramethadione', 'Methyl cellulose', 'Phenindamine', 'Calcium levulinate', 'Ticlopidine', 'Hexylresorcinol', 'Flecainide', 'Sulfisoxazole', 'Elvitegravir', 'Bioallethrin', 'Emtricitabine', 'Dactinomycin', 'Bacitracin', 'Ifosfamide', 'Ustekinumab', 'Docetaxel', 'Zotepine', 'Cannabidiol', 'Captopril', 'Fluoride ion F-18', 'Rasagiline', 'Abacavir', 'Trabectedin', 'Tegafur', 'Hydroxyethyl Starch', 'Zinc oxide', 'Lamotrigine', 'Metolazone', 'Peginterferon alfa-2a', 'Eprosartan', 'Penbutolol', 'Fish oil', 'Remestemcel-L', 'Dacarbazine', 'Tetrabenazine', 'Cresol', 'Guselkumab', 'Nivolumab', 'Abemaciclib', 'Indapamide', 'Zidovudine', 'Bromodiphenhydramine', 'Haloperidol', 'Methyclothiazide', 'Cetuximab', 'Procarbazine', 'Ixekizumab', 'Asunaprevir', 'Sofosbuvir', 'Neomycin', 'Mifamurtide', 'Testosterone undecanoate', 'Lymecycline', 'Tenofovir disoproxil', 'Durvalumab', 'Tofacitinib', 'Cetylpyridinium', 'Sodium glycerophosphate', 'Levoleucovorin', 'Thiotepa', 'Talc', 'Isocarboxazid', 'Triprolidine', 'Vinorelbine', 'Gadobenic acid', 'Didanosine', 'Cycloserine', 'Netupitant', 'Iohexol', 'Phenelzine', 'Bovine type I collagen', 'Octreotide', 'Unoprostone', 'Hepatitis B Vaccine (Recombinant)', 'Raltegravir', 'Axicabtagene ciloleucel', 'Piracetam', 'Dinoprostone', 'Anidulafungin', 'Doxylamine', 'Ethchlorvynol', 'Labetalol', 'Bimatoprost', 'Lasofoxifene', 'Ethionamide', 'Tretinoin', 'Obeticholic acid', 'Trimethoprim', 'Lipegfilgrastim', 'Palonosetron', 'Thrombomodulin Alfa', 'Hesperetin', 'Tetrachlorodecaoxide', 'Omega-3-carboxylic acids', 'Amiloride', 'Stem bromelain', 'Human cytomegalovirus immune globulin', 'Cyclizine', 'Melphalan', 'Pancrelipase', 'Perboric acid', 'Oprelvekin', 'Methsuximide', 'Nicoboxil', 'Methocarbamol', 'Allopurinol', 'Pemetrexed', 'Fosamprenavir', 'Lopinavir', 'Hyaluronic acid', 'Ondansetron', 'Phenazopyridine', 'Rolapitant', 'Ivacaftor', 'Proguanil', 'Misoprostol', 'Saxagliptin', 'Cantharidin', 'Fludeoxyglucose F-18', 'Baricitinib', 'Suramin', 'Tolcapone', 'Hyaluronidase', 'Hepatitis A Vaccine', 'Bromocriptine', 'Tamibarotene', 'Megestrol acetate', 'Bismuth Subsalicylate', 'Kappadione', 'Carboplatin', 'Niraparib', 'Brentuximab vedotin', 'Polysilicone-15', 'Pseudoephedrine', 'Cabergoline', 'Temoporfin', 'Angiotensin II', 'Triflusal', 'Florbetapir (18F)', 'Domiphen', 'Riociguat', 'Salbutamol', 'Olaparib', 'Chlorthalidone', 'Pegfilgrastim', 'Rasburicase', 'Ixabepilone', 'Peppermint oil', 'Estrogens, esterified', 'Mecasermin', 'Thiopental', 'Oxybenzone', 'Aurothioglucose', 'Isoflurophate', 'Capecitabine', 'Acetylcholine', 'Ubidecarenone', 'Cinnarizine', 'Streptomycin', 'alpha-Tocopherol succinate', 'Selegiline', 'Novobiocin', 'Flutemetamol (18F)', 'Nabilone', 'Magnesium gluconate', 'Dolutegravir', 'Dronabinol', 'Atezolizumab', 'Posaconazole', 'Benzoyl peroxide', 'Sipuleucel-T', 'Liotrix', 'Rucaparib', 'Chlorphenesin', 'Dalteparin', 'Tolnaftate', 'Omeprazole', 'Velpatasvir', 'Inotuzumab ozogamicin', 'Nelarabine', 'Resorcinol', 'Bufexamac', 'Xylose', 'Dolasetron', 'Theophylline', 'Lorpiprazole', 'Nisoldipine', 'Gefitinib', 'Dinutuximab', 'Nevirapine', 'Chlorothiazide', 'Strontium ranelate', 'Fosaprepitant', 'Griseofulvin', 'Pertuzumab', 'Acetylcarnitine', 'Defibrotide', 'Palifermin', 'Ritonavir', 'Hexocyclium', 'Lacidipine', 'Gemtuzumab ozogamicin', 'Buclizine', 'N-acetyltyrosine', 'Zalcitabine', 'Asenapine', 'Atomoxetine', 'Demeclocycline', 'Antipyrine', 'Azidocillin', 'Sarilumab', 'Melatonin', 'Sodium acetate', 'Micafungin', 'Ramucirumab', 'Cerivastatin', 'Pramocaine', 'Esmolol', 'Erlotinib', 'Ketamine', 'Chloropyramine', 'Sacubitril', 'Flumethasone'}"
164,G35,G70,False,True,{'Prednisone'}
165,G35,L93,False,True,{'Prednisone'}
166,B39,B44,False,True,{'Itraconazole'}
167,H20,N02,False,True,{'Prednisone'}
168,M08,M32,False,True,{'Acetylsalicylic acid'}
169,H36,H40,False,True,{'Ripasudil'}
170,L10,E06,False,True,"{'Prednisolone', 'Prednisone'}"
171,L10,L20,False,True,{'Prednisone'}
172,N05,N00,False,True,"{'Hydroflumethiazide', 'Bexarotene', 'Infliximab', 'Ancestim', 'Eribulin', 'Icotinib', 'Aprepitant', 'Galactose', 'Olaratumab', 'Coagulation factor VII human', 'Florbetaben (18F)', 'Moxisylyte', 'Phentolamine', 'Natural alpha interferon', 'Normethadone', 'Temsirolimus', 'Torasemide', 'Talimogene laherparepvec', 'Idelalisib', 'Hyaluronidase (Human Recombinant)', 'Secukinumab', 'Hydroxocobalamin', 'Ethinamate', 'Abatacept', 'Benzathine benzylpenicillin', 'Oxymetholone', 'Pembrolizumab', 'Asparaginase Erwinia chrysanthemi', 'Dermatophagoides farinae', 'Magnesium acetate tetrahydrate', 'Lomustine', 'Dexmethylphenidate', 'Afatinib', 'Bicisate', 'Ertugliflozin', 'Guanfacine', 'Nonoxynol-9', 'Erythropoietin', 'Atazanavir', 'Carboprost Tromethamine', 'Methotrexate', 'Travoprost', 'Nabiximols', 'Lenograstim', 'Salmon Calcitonin', 'Pyrazinamide', 'Nelfinavir', 'Cobicistat', 'Glycyrrhizic acid', 'Hydroxystilbamidine Isethionate', 'Fencamfamine', 'Tipiracil', 'Etravirine', 'Furosemide', 'Pazopanib', 'Etoposide', 'Prednisone', 'Dexibuprofen', 'Monopotassium phosphate', 'Human vaccinia virus immune globulin', 'Dermatophagoides pteronyssinus', 'Droxidopa', 'Cyclothiazide', 'Iodine', 'Medium-chain triglycerides', 'Fomivirsen', 'Lindane', 'Hexobarbital', 'Clarithromycin', 'Asparaginase Escherichia coli', 'Levomefolic acid', 'Dimetindene', 'Vigabatrin', 'Indium In-111 chloride', 'Ampicillin', 'Capreomycin', 'Dyclonine', 'Vinflunine', 'Methylphenidate', 'Regorafenib', 'Oxygen', 'Amprenavir', 'Carbon dioxide', 'Somatostatin', 'Mipomersen', 'Oxcarbazepine', 'Efalizumab', 'Caspofungin', 'Delamanid', 'Amitriptyline', 'Potassium Iodide', 'Floxuridine', 'Levonorgestrel', 'Darunavir', 'Peginterferon alfa-2b', 'Diloxanide', 'Meticillin', 'Hydrocodone', 'Budesonide', 'Trimethadione', 'Ribavirin', 'Propanoic acid', 'Ferric sulfate', 'Rosuvastatin', 'Potassium', 'Amiodarone', 'Moxonidine', 'Filgrastim', 'alpha-Tocopherol acetate', 'Doxorubicin', 'Rilpivirine', 'Thonzylamine', 'Flunitrazepam', 'Fosnetupitant', 'Panitumumab', 'Besilesomab', 'Hexachlorophene', 'Protein S human', 'Sodium stibogluconate', 'Clindamycin', 'Safinamide', 'Telmisartan', 'Beta carotene', 'Paramethadione', 'Methyl cellulose', 'Phenindamine', 'Calcium levulinate', 'Ticlopidine', 'Hexylresorcinol', 'Flecainide', 'Sulfisoxazole', 'Elvitegravir', 'Bioallethrin', 'Emtricitabine', 'Dactinomycin', 'Bacitracin', 'Ifosfamide', 'Ustekinumab', 'Docetaxel', 'Zotepine', 'Cannabidiol', 'Captopril', 'Fluoride ion F-18', 'Rasagiline', 'Abacavir', 'Trabectedin', 'Tegafur', 'Hydroxyethyl Starch', 'Zinc oxide', 'Lamotrigine', 'Metolazone', 'Peginterferon alfa-2a', 'Eprosartan', 'Penbutolol', 'Fish oil', 'Remestemcel-L', 'Dacarbazine', 'Tetrabenazine', 'Cresol', 'Guselkumab', 'Nivolumab', 'Abemaciclib', 'Indapamide', 'Zidovudine', 'Bromodiphenhydramine', 'Haloperidol', 'Methyclothiazide', 'Cetuximab', 'Procarbazine', 'Ixekizumab', 'Asunaprevir', 'Sofosbuvir', 'Neomycin', 'Mifamurtide', 'Testosterone undecanoate', 'Lymecycline', 'Tenofovir disoproxil', 'Durvalumab', 'Tofacitinib', 'Cetylpyridinium', 'Sodium glycerophosphate', 'Levoleucovorin', 'Thiotepa', 'Talc', 'Isocarboxazid', 'Triprolidine', 'Vinorelbine', 'Gadobenic acid', 'Didanosine', 'Cycloserine', 'Netupitant', 'Iohexol', 'Phenelzine', 'Bovine type I collagen', 'Octreotide', 'Unoprostone', 'Hepatitis B Vaccine (Recombinant)', 'Raltegravir', 'Axicabtagene ciloleucel', 'Piracetam', 'Dinoprostone', 'Anidulafungin', 'Doxylamine', 'Ethchlorvynol', 'Labetalol', 'Bimatoprost', 'Lasofoxifene', 'Ethionamide', 'Tretinoin', 'Obeticholic acid', 'Trimethoprim', 'Lipegfilgrastim', 'Palonosetron', 'Thrombomodulin Alfa', 'Hesperetin', 'Tetrachlorodecaoxide', 'Omega-3-carboxylic acids', 'Amiloride', 'Stem bromelain', 'Human cytomegalovirus immune globulin', 'Cyclizine', 'Melphalan', 'Pancrelipase', 'Perboric acid', 'Oprelvekin', 'Methsuximide', 'Nicoboxil', 'Methocarbamol', 'Allopurinol', 'Pemetrexed', 'Fosamprenavir', 'Lopinavir', 'Hyaluronic acid', 'Ondansetron', 'Phenazopyridine', 'Rolapitant', 'Ivacaftor', 'Proguanil', 'Misoprostol', 'Saxagliptin', 'Cantharidin', 'Fludeoxyglucose F-18', 'Baricitinib', 'Suramin', 'Tolcapone', 'Hyaluronidase', 'Hepatitis A Vaccine', 'Bromocriptine', 'Tamibarotene', 'Megestrol acetate', 'Bismuth Subsalicylate', 'Kappadione', 'Carboplatin', 'Niraparib', 'Brentuximab vedotin', 'Polysilicone-15', 'Pseudoephedrine', 'Cabergoline', 'Temoporfin', 'Angiotensin II', 'Triflusal', 'Florbetapir (18F)', 'Domiphen', 'Riociguat', 'Salbutamol', 'Olaparib', 'Chlorthalidone', 'Pegfilgrastim', 'Rasburicase', 'Ixabepilone', 'Peppermint oil', 'Estrogens, esterified', 'Mecasermin', 'Thiopental', 'Oxybenzone', 'Aurothioglucose', 'Isoflurophate', 'Capecitabine', 'Acetylcholine', 'Ubidecarenone', 'Cinnarizine', 'Streptomycin', 'alpha-Tocopherol succinate', 'Selegiline', 'Novobiocin', 'Flutemetamol (18F)', 'Nabilone', 'Magnesium gluconate', 'Dolutegravir', 'Dronabinol', 'Atezolizumab', 'Posaconazole', 'Benzoyl peroxide', 'Sipuleucel-T', 'Liotrix', 'Rucaparib', 'Chlorphenesin', 'Dalteparin', 'Tolnaftate', 'Omeprazole', 'Velpatasvir', 'Inotuzumab ozogamicin', 'Nelarabine', 'Resorcinol', 'Bufexamac', 'Xylose', 'Dolasetron', 'Theophylline', 'Lorpiprazole', 'Nisoldipine', 'Gefitinib', 'Dinutuximab', 'Nevirapine', 'Chlorothiazide', 'Strontium ranelate', 'Fosaprepitant', 'Griseofulvin', 'Pertuzumab', 'Acetylcarnitine', 'Defibrotide', 'Palifermin', 'Ritonavir', 'Hexocyclium', 'Lacidipine', 'Gemtuzumab ozogamicin', 'Buclizine', 'N-acetyltyrosine', 'Zalcitabine', 'Asenapine', 'Atomoxetine', 'Demeclocycline', 'Antipyrine', 'Azidocillin', 'Sarilumab', 'Melatonin', 'Sodium acetate', 'Micafungin', 'Ramucirumab', 'Cerivastatin', 'Pramocaine', 'Esmolol', 'Erlotinib', 'Ketamine', 'Chloropyramine', 'Sacubitril', 'Flumethasone'}"
173,N17,I20,False,True,{'Dalteparin'}
174,N04,N07,False,True,"{'Hydroflumethiazide', 'Bexarotene', 'Infliximab', 'Ancestim', 'Eribulin', 'Icotinib', 'Aprepitant', 'Galactose', 'Olaratumab', 'Coagulation factor VII human', 'Florbetaben (18F)', 'Moxisylyte', 'Phentolamine', 'Natural alpha interferon', 'Normethadone', 'Temsirolimus', 'Torasemide', 'Talimogene laherparepvec', 'Idelalisib', 'Hyaluronidase (Human Recombinant)', 'Secukinumab', 'Hydroxocobalamin', 'Ethinamate', 'Abatacept', 'Benzathine benzylpenicillin', 'Oxymetholone', 'Pembrolizumab', 'Asparaginase Erwinia chrysanthemi', 'Dermatophagoides farinae', 'Magnesium acetate tetrahydrate', 'Lomustine', 'Dexmethylphenidate', 'Afatinib', 'Bicisate', 'Ertugliflozin', 'Guanfacine', 'Nonoxynol-9', 'Erythropoietin', 'Atazanavir', 'Carboprost Tromethamine', 'Methotrexate', 'Travoprost', 'Nabiximols', 'Lenograstim', 'Salmon Calcitonin', 'Pyrazinamide', 'Nelfinavir', 'Cobicistat', 'Glycyrrhizic acid', 'Hydroxystilbamidine Isethionate', 'Fencamfamine', 'Tipiracil', 'Etravirine', 'Furosemide', 'Pazopanib', 'Etoposide', 'Prednisone', 'Dexibuprofen', 'Monopotassium phosphate', 'Human vaccinia virus immune globulin', 'Dermatophagoides pteronyssinus', 'Droxidopa', 'Cyclothiazide', 'Iodine', 'Medium-chain triglycerides', 'Fomivirsen', 'Lindane', 'Hexobarbital', 'Clarithromycin', 'Asparaginase Escherichia coli', 'Levomefolic acid', 'Dimetindene', 'Vigabatrin', 'Indium In-111 chloride', 'Ampicillin', 'Capreomycin', 'Dyclonine', 'Vinflunine', 'Methylphenidate', 'Regorafenib', 'Oxygen', 'Amprenavir', 'Carbon dioxide', 'Somatostatin', 'Mipomersen', 'Oxcarbazepine', 'Efalizumab', 'Caspofungin', 'Delamanid', 'Amitriptyline', 'Potassium Iodide', 'Floxuridine', 'Levonorgestrel', 'Darunavir', 'Peginterferon alfa-2b', 'Diloxanide', 'Meticillin', 'Hydrocodone', 'Budesonide', 'Trimethadione', 'Ribavirin', 'Propanoic acid', 'Ferric sulfate', 'Rosuvastatin', 'Potassium', 'Amiodarone', 'Moxonidine', 'Filgrastim', 'alpha-Tocopherol acetate', 'Doxorubicin', 'Rilpivirine', 'Thonzylamine', 'Flunitrazepam', 'Fosnetupitant', 'Panitumumab', 'Besilesomab', 'Hexachlorophene', 'Protein S human', 'Sodium stibogluconate', 'Clindamycin', 'Safinamide', 'Telmisartan', 'Beta carotene', 'Paramethadione', 'Methyl cellulose', 'Phenindamine', 'Calcium levulinate', 'Ticlopidine', 'Hexylresorcinol', 'Flecainide', 'Sulfisoxazole', 'Elvitegravir', 'Bioallethrin', 'Emtricitabine', 'Dactinomycin', 'Bacitracin', 'Ifosfamide', 'Ustekinumab', 'Docetaxel', 'Zotepine', 'Cannabidiol', 'Captopril', 'Fluoride ion F-18', 'Rasagiline', 'Abacavir', 'Trabectedin', 'Tegafur', 'Hydroxyethyl Starch', 'Zinc oxide', 'Lamotrigine', 'Metolazone', 'Peginterferon alfa-2a', 'Eprosartan', 'Penbutolol', 'Fish oil', 'Remestemcel-L', 'Dacarbazine', 'Tetrabenazine', 'Cresol', 'Guselkumab', 'Nivolumab', 'Abemaciclib', 'Indapamide', 'Zidovudine', 'Bromodiphenhydramine', 'Haloperidol', 'Methyclothiazide', 'Cetuximab', 'Procarbazine', 'Ixekizumab', 'Asunaprevir', 'Sofosbuvir', 'Neomycin', 'Mifamurtide', 'Testosterone undecanoate', 'Lymecycline', 'Tenofovir disoproxil', 'Durvalumab', 'Tofacitinib', 'Cetylpyridinium', 'Sodium glycerophosphate', 'Levoleucovorin', 'Thiotepa', 'Talc', 'Isocarboxazid', 'Triprolidine', 'Vinorelbine', 'Gadobenic acid', 'Didanosine', 'Cycloserine', 'Netupitant', 'Iohexol', 'Phenelzine', 'Bovine type I collagen', 'Octreotide', 'Unoprostone', 'Hepatitis B Vaccine (Recombinant)', 'Raltegravir', 'Axicabtagene ciloleucel', 'Piracetam', 'Dinoprostone', 'Anidulafungin', 'Doxylamine', 'Ethchlorvynol', 'Labetalol', 'Bimatoprost', 'Lasofoxifene', 'Ethionamide', 'Tretinoin', 'Obeticholic acid', 'Trimethoprim', 'Lipegfilgrastim', 'Palonosetron', 'Thrombomodulin Alfa', 'Hesperetin', 'Tetrachlorodecaoxide', 'Omega-3-carboxylic acids', 'Amiloride', 'Stem bromelain', 'Human cytomegalovirus immune globulin', 'Cyclizine', 'Melphalan', 'Pancrelipase', 'Perboric acid', 'Oprelvekin', 'Methsuximide', 'Nicoboxil', 'Methocarbamol', 'Allopurinol', 'Pemetrexed', 'Fosamprenavir', 'Lopinavir', 'Hyaluronic acid', 'Ondansetron', 'Phenazopyridine', 'Rolapitant', 'Ivacaftor', 'Proguanil', 'Misoprostol', 'Saxagliptin', 'Cantharidin', 'Fludeoxyglucose F-18', 'Baricitinib', 'Suramin', 'Tolcapone', 'Hyaluronidase', 'Hepatitis A Vaccine', 'Bromocriptine', 'Tamibarotene', 'Megestrol acetate', 'Bismuth Subsalicylate', 'Kappadione', 'Carboplatin', 'Niraparib', 'Brentuximab vedotin', 'Polysilicone-15', 'Pseudoephedrine', 'Cabergoline', 'Temoporfin', 'Angiotensin II', 'Triflusal', 'Florbetapir (18F)', 'Domiphen', 'Riociguat', 'Salbutamol', 'Olaparib', 'Chlorthalidone', 'Pegfilgrastim', 'Rasburicase', 'Ixabepilone', 'Peppermint oil', 'Estrogens, esterified', 'Mecasermin', 'Thiopental', 'Oxybenzone', 'Aurothioglucose', 'Isoflurophate', 'Capecitabine', 'Acetylcholine', 'Ubidecarenone', 'Cinnarizine', 'Streptomycin', 'alpha-Tocopherol succinate', 'Selegiline', 'Novobiocin', 'Flutemetamol (18F)', 'Nabilone', 'Magnesium gluconate', 'Dolutegravir', 'Dronabinol', 'Atezolizumab', 'Posaconazole', 'Benzoyl peroxide', 'Sipuleucel-T', 'Liotrix', 'Rucaparib', 'Chlorphenesin', 'Dalteparin', 'Tolnaftate', 'Omeprazole', 'Velpatasvir', 'Inotuzumab ozogamicin', 'Nelarabine', 'Resorcinol', 'Bufexamac', 'Xylose', 'Dolasetron', 'Theophylline', 'Lorpiprazole', 'Nisoldipine', 'Gefitinib', 'Dinutuximab', 'Nevirapine', 'Chlorothiazide', 'Strontium ranelate', 'Fosaprepitant', 'Griseofulvin', 'Pertuzumab', 'Acetylcarnitine', 'Defibrotide', 'Palifermin', 'Ritonavir', 'Hexocyclium', 'Lacidipine', 'Gemtuzumab ozogamicin', 'Buclizine', 'N-acetyltyrosine', 'Zalcitabine', 'Asenapine', 'Atomoxetine', 'Demeclocycline', 'Antipyrine', 'Azidocillin', 'Sarilumab', 'Melatonin', 'Sodium acetate', 'Micafungin', 'Ramucirumab', 'Cerivastatin', 'Pramocaine', 'Esmolol', 'Erlotinib', 'Ketamine', 'Chloropyramine', 'Sacubitril', 'Flumethasone'}"
175,M08,L93,False,True,{'Acetylsalicylic acid'}
176,L10,K51,False,True,{'Prednisolone'}
177,F12,F16,False,True,"{'Molindone', 'Quetiapine', 'Prochlorperazine', 'Olanzapine', 'Perphenazine', 'Fluphenazine', 'Aripiprazole', 'Chlorprothixene', 'Aripiprazole lauroxil', 'Loxapine', 'Ziprasidone'}"
178,L51,N03,False,True,{'Prednisone'}
179,H20,G70,False,True,{'Prednisone'}
180,F17,F15,False,True,"{'Molindone', 'Quetiapine', 'Prochlorperazine', 'Olanzapine', 'Perphenazine', 'Fluphenazine', 'Aripiprazole', 'Chlorprothixene', 'Aripiprazole lauroxil', 'Loxapine', 'Ziprasidone'}"
181,F10,F16,False,True,"{'Molindone', 'Quetiapine', 'Prochlorperazine', 'Olanzapine', 'Perphenazine', 'Fluphenazine', 'Aripiprazole', 'Chlorprothixene', 'Aripiprazole lauroxil', 'Loxapine', 'Ziprasidone'}"
182,M32,N03,False,True,{'Prednisone'}
183,H20,N03,False,True,{'Prednisone'}
184,N17,I50,False,True,{'Dalteparin'}
185,L10,L40,False,True,{'Prednisone'}
186,I20,G43,False,True,{'Metoprolol'}
187,A17,L26,False,True,{'Prednisone'}
188,A01,J01,False,True,{'Ciprofloxacin'}
189,L71,N03,False,True,{'Benzoyl peroxide'}
190,N04,N06,False,True,"{'Hydroflumethiazide', 'Bexarotene', 'Infliximab', 'Ancestim', 'Eribulin', 'Icotinib', 'Aprepitant', 'Galactose', 'Olaratumab', 'Coagulation factor VII human', 'Florbetaben (18F)', 'Moxisylyte', 'Phentolamine', 'Natural alpha interferon', 'Normethadone', 'Temsirolimus', 'Torasemide', 'Talimogene laherparepvec', 'Idelalisib', 'Hyaluronidase (Human Recombinant)', 'Secukinumab', 'Hydroxocobalamin', 'Ethinamate', 'Abatacept', 'Benzathine benzylpenicillin', 'Oxymetholone', 'Pembrolizumab', 'Asparaginase Erwinia chrysanthemi', 'Dermatophagoides farinae', 'Magnesium acetate tetrahydrate', 'Lomustine', 'Dexmethylphenidate', 'Afatinib', 'Bicisate', 'Ertugliflozin', 'Guanfacine', 'Nonoxynol-9', 'Erythropoietin', 'Atazanavir', 'Carboprost Tromethamine', 'Methotrexate', 'Travoprost', 'Nabiximols', 'Lenograstim', 'Salmon Calcitonin', 'Pyrazinamide', 'Nelfinavir', 'Cobicistat', 'Glycyrrhizic acid', 'Hydroxystilbamidine Isethionate', 'Fencamfamine', 'Tipiracil', 'Etravirine', 'Furosemide', 'Pazopanib', 'Etoposide', 'Prednisone', 'Dexibuprofen', 'Monopotassium phosphate', 'Human vaccinia virus immune globulin', 'Dermatophagoides pteronyssinus', 'Droxidopa', 'Cyclothiazide', 'Iodine', 'Medium-chain triglycerides', 'Fomivirsen', 'Lindane', 'Hexobarbital', 'Clarithromycin', 'Asparaginase Escherichia coli', 'Levomefolic acid', 'Dimetindene', 'Vigabatrin', 'Indium In-111 chloride', 'Ampicillin', 'Capreomycin', 'Dyclonine', 'Vinflunine', 'Methylphenidate', 'Regorafenib', 'Oxygen', 'Amprenavir', 'Carbon dioxide', 'Somatostatin', 'Mipomersen', 'Oxcarbazepine', 'Efalizumab', 'Caspofungin', 'Delamanid', 'Amitriptyline', 'Potassium Iodide', 'Floxuridine', 'Levonorgestrel', 'Darunavir', 'Peginterferon alfa-2b', 'Diloxanide', 'Meticillin', 'Hydrocodone', 'Budesonide', 'Trimethadione', 'Ribavirin', 'Propanoic acid', 'Ferric sulfate', 'Rosuvastatin', 'Potassium', 'Amiodarone', 'Moxonidine', 'Filgrastim', 'alpha-Tocopherol acetate', 'Doxorubicin', 'Rilpivirine', 'Thonzylamine', 'Flunitrazepam', 'Fosnetupitant', 'Panitumumab', 'Besilesomab', 'Hexachlorophene', 'Protein S human', 'Sodium stibogluconate', 'Clindamycin', 'Safinamide', 'Telmisartan', 'Beta carotene', 'Paramethadione', 'Methyl cellulose', 'Phenindamine', 'Calcium levulinate', 'Ticlopidine', 'Hexylresorcinol', 'Flecainide', 'Sulfisoxazole', 'Elvitegravir', 'Bioallethrin', 'Emtricitabine', 'Dactinomycin', 'Bacitracin', 'Ifosfamide', 'Ustekinumab', 'Docetaxel', 'Zotepine', 'Cannabidiol', 'Captopril', 'Fluoride ion F-18', 'Rasagiline', 'Abacavir', 'Trabectedin', 'Tegafur', 'Hydroxyethyl Starch', 'Zinc oxide', 'Lamotrigine', 'Metolazone', 'Peginterferon alfa-2a', 'Eprosartan', 'Penbutolol', 'Fish oil', 'Remestemcel-L', 'Dacarbazine', 'Tetrabenazine', 'Cresol', 'Guselkumab', 'Nivolumab', 'Abemaciclib', 'Indapamide', 'Zidovudine', 'Bromodiphenhydramine', 'Haloperidol', 'Methyclothiazide', 'Cetuximab', 'Procarbazine', 'Ixekizumab', 'Asunaprevir', 'Sofosbuvir', 'Neomycin', 'Mifamurtide', 'Testosterone undecanoate', 'Lymecycline', 'Tenofovir disoproxil', 'Durvalumab', 'Tofacitinib', 'Cetylpyridinium', 'Sodium glycerophosphate', 'Levoleucovorin', 'Thiotepa', 'Talc', 'Isocarboxazid', 'Triprolidine', 'Vinorelbine', 'Gadobenic acid', 'Didanosine', 'Cycloserine', 'Netupitant', 'Iohexol', 'Phenelzine', 'Bovine type I collagen', 'Octreotide', 'Unoprostone', 'Hepatitis B Vaccine (Recombinant)', 'Raltegravir', 'Axicabtagene ciloleucel', 'Piracetam', 'Dinoprostone', 'Anidulafungin', 'Doxylamine', 'Ethchlorvynol', 'Labetalol', 'Bimatoprost', 'Lasofoxifene', 'Ethionamide', 'Tretinoin', 'Obeticholic acid', 'Trimethoprim', 'Lipegfilgrastim', 'Palonosetron', 'Thrombomodulin Alfa', 'Hesperetin', 'Tetrachlorodecaoxide', 'Omega-3-carboxylic acids', 'Amiloride', 'Stem bromelain', 'Human cytomegalovirus immune globulin', 'Cyclizine', 'Melphalan', 'Pancrelipase', 'Perboric acid', 'Oprelvekin', 'Methsuximide', 'Nicoboxil', 'Methocarbamol', 'Allopurinol', 'Pemetrexed', 'Fosamprenavir', 'Lopinavir', 'Hyaluronic acid', 'Ondansetron', 'Phenazopyridine', 'Rolapitant', 'Ivacaftor', 'Proguanil', 'Misoprostol', 'Saxagliptin', 'Cantharidin', 'Fludeoxyglucose F-18', 'Baricitinib', 'Suramin', 'Tolcapone', 'Hyaluronidase', 'Hepatitis A Vaccine', 'Bromocriptine', 'Tamibarotene', 'Megestrol acetate', 'Bismuth Subsalicylate', 'Kappadione', 'Carboplatin', 'Niraparib', 'Brentuximab vedotin', 'Polysilicone-15', 'Pseudoephedrine', 'Cabergoline', 'Temoporfin', 'Angiotensin II', 'Triflusal', 'Florbetapir (18F)', 'Domiphen', 'Riociguat', 'Salbutamol', 'Olaparib', 'Chlorthalidone', 'Pegfilgrastim', 'Rasburicase', 'Ixabepilone', 'Peppermint oil', 'Estrogens, esterified', 'Mecasermin', 'Thiopental', 'Oxybenzone', 'Aurothioglucose', 'Isoflurophate', 'Capecitabine', 'Acetylcholine', 'Ubidecarenone', 'Cinnarizine', 'Streptomycin', 'alpha-Tocopherol succinate', 'Selegiline', 'Novobiocin', 'Flutemetamol (18F)', 'Nabilone', 'Magnesium gluconate', 'Dolutegravir', 'Dronabinol', 'Atezolizumab', 'Posaconazole', 'Benzoyl peroxide', 'Sipuleucel-T', 'Liotrix', 'Rucaparib', 'Chlorphenesin', 'Dalteparin', 'Tolnaftate', 'Omeprazole', 'Velpatasvir', 'Inotuzumab ozogamicin', 'Nelarabine', 'Resorcinol', 'Bufexamac', 'Xylose', 'Dolasetron', 'Theophylline', 'Lorpiprazole', 'Nisoldipine', 'Gefitinib', 'Dinutuximab', 'Nevirapine', 'Chlorothiazide', 'Strontium ranelate', 'Fosaprepitant', 'Griseofulvin', 'Pertuzumab', 'Acetylcarnitine', 'Defibrotide', 'Palifermin', 'Ritonavir', 'Hexocyclium', 'Lacidipine', 'Gemtuzumab ozogamicin', 'Buclizine', 'N-acetyltyrosine', 'Zalcitabine', 'Asenapine', 'Atomoxetine', 'Demeclocycline', 'Antipyrine', 'Azidocillin', 'Sarilumab', 'Melatonin', 'Sodium acetate', 'Micafungin', 'Ramucirumab', 'Cerivastatin', 'Pramocaine', 'Esmolol', 'Erlotinib', 'Ketamine', 'Chloropyramine', 'Sacubitril', 'Flumethasone'}"
191,J45,M06,False,True,"{'D-alpha-Tocopherol acetate', 'Vitamin E'}"
192,L81,D48,False,True,{'Arbutin'}
193,K51,M45,False,True,"{'Prednisolone', 'Tofacitinib', 'Infliximab', 'Golimumab'}"
194,F18,F11,False,True,"{'Molindone', 'Quetiapine', 'Prochlorperazine', 'Olanzapine', 'Perphenazine', 'Fluphenazine', 'Aripiprazole', 'Chlorprothixene', 'Aripiprazole lauroxil', 'Loxapine', 'Ziprasidone'}"
195,F16,F18,False,True,"{'Molindone', 'Quetiapine', 'Prochlorperazine', 'Olanzapine', 'Perphenazine', 'Fluphenazine', 'Aripiprazole', 'Chlorprothixene', 'Aripiprazole lauroxil', 'Loxapine', 'Ziprasidone'}"
196,H20,L20,False,True,{'Prednisone'}
197,L13,L30,False,True,"{'Sulfapyridine', 'Dapsone', 'Sulfoxone', 'Prednisone'}"
198,C69,D31,False,True,"{'Aflibercept', 'Hydroxypropyl cellulose', 'Edoxudine', 'Dexamethasone', 'Naphazoline', 'Trypan blue free acid', 'Cysteamine', 'Prednisone', 'Ancrod', 'Hyaluronic acid', 'Fluorometholone', 'Framycetin', 'Rose bengal', 'Voretigene Neparvovec', 'Tacrolimus', 'Warfarin', 'Ranibizumab', 'Verteporfin'}"
199,E14,E66,False,True,"{'Ertugliflozin', 'Semaglutide'}"
200,F12,F18,False,True,"{'Molindone', 'Quetiapine', 'Prochlorperazine', 'Olanzapine', 'Perphenazine', 'Fluphenazine', 'Aripiprazole', 'Chlorprothixene', 'Aripiprazole lauroxil', 'Loxapine', 'Ziprasidone'}"
201,J45,G35,False,True,{'Ibudilast'}
202,I50,I48,False,True,{'Ouabain'}
203,C81,C85,False,True,"{'Chlorambucil', 'Mechlorethamine'}"
204,F10,F18,False,True,"{'Molindone', 'Quetiapine', 'Prochlorperazine', 'Olanzapine', 'Perphenazine', 'Fluphenazine', 'Aripiprazole', 'Chlorprothixene', 'Aripiprazole lauroxil', 'Loxapine', 'Ziprasidone'}"
205,N05,N01,False,True,"{'Hydroflumethiazide', 'Bexarotene', 'Infliximab', 'Ancestim', 'Eribulin', 'Icotinib', 'Aprepitant', 'Galactose', 'Olaratumab', 'Coagulation factor VII human', 'Florbetaben (18F)', 'Moxisylyte', 'Phentolamine', 'Natural alpha interferon', 'Normethadone', 'Temsirolimus', 'Torasemide', 'Talimogene laherparepvec', 'Idelalisib', 'Hyaluronidase (Human Recombinant)', 'Secukinumab', 'Hydroxocobalamin', 'Ethinamate', 'Abatacept', 'Benzathine benzylpenicillin', 'Oxymetholone', 'Pembrolizumab', 'Asparaginase Erwinia chrysanthemi', 'Dermatophagoides farinae', 'Magnesium acetate tetrahydrate', 'Lomustine', 'Dexmethylphenidate', 'Afatinib', 'Bicisate', 'Ertugliflozin', 'Guanfacine', 'Nonoxynol-9', 'Erythropoietin', 'Atazanavir', 'Carboprost Tromethamine', 'Methotrexate', 'Travoprost', 'Nabiximols', 'Lenograstim', 'Salmon Calcitonin', 'Pyrazinamide', 'Nelfinavir', 'Cobicistat', 'Glycyrrhizic acid', 'Hydroxystilbamidine Isethionate', 'Fencamfamine', 'Tipiracil', 'Etravirine', 'Furosemide', 'Pazopanib', 'Etoposide', 'Prednisone', 'Dexibuprofen', 'Monopotassium phosphate', 'Human vaccinia virus immune globulin', 'Dermatophagoides pteronyssinus', 'Droxidopa', 'Cyclothiazide', 'Iodine', 'Medium-chain triglycerides', 'Fomivirsen', 'Lindane', 'Hexobarbital', 'Clarithromycin', 'Asparaginase Escherichia coli', 'Levomefolic acid', 'Dimetindene', 'Vigabatrin', 'Indium In-111 chloride', 'Ampicillin', 'Capreomycin', 'Dyclonine', 'Vinflunine', 'Methylphenidate', 'Regorafenib', 'Oxygen', 'Amprenavir', 'Carbon dioxide', 'Somatostatin', 'Mipomersen', 'Oxcarbazepine', 'Efalizumab', 'Caspofungin', 'Delamanid', 'Amitriptyline', 'Potassium Iodide', 'Floxuridine', 'Levonorgestrel', 'Darunavir', 'Peginterferon alfa-2b', 'Diloxanide', 'Meticillin', 'Hydrocodone', 'Budesonide', 'Trimethadione', 'Ribavirin', 'Propanoic acid', 'Ferric sulfate', 'Rosuvastatin', 'Potassium', 'Amiodarone', 'Moxonidine', 'Filgrastim', 'alpha-Tocopherol acetate', 'Doxorubicin', 'Rilpivirine', 'Thonzylamine', 'Flunitrazepam', 'Fosnetupitant', 'Panitumumab', 'Besilesomab', 'Hexachlorophene', 'Protein S human', 'Sodium stibogluconate', 'Clindamycin', 'Safinamide', 'Telmisartan', 'Beta carotene', 'Paramethadione', 'Methyl cellulose', 'Phenindamine', 'Calcium levulinate', 'Ticlopidine', 'Hexylresorcinol', 'Flecainide', 'Sulfisoxazole', 'Elvitegravir', 'Bioallethrin', 'Emtricitabine', 'Dactinomycin', 'Bacitracin', 'Ifosfamide', 'Ustekinumab', 'Docetaxel', 'Zotepine', 'Cannabidiol', 'Captopril', 'Fluoride ion F-18', 'Rasagiline', 'Abacavir', 'Trabectedin', 'Tegafur', 'Hydroxyethyl Starch', 'Zinc oxide', 'Lamotrigine', 'Metolazone', 'Peginterferon alfa-2a', 'Eprosartan', 'Penbutolol', 'Fish oil', 'Remestemcel-L', 'Dacarbazine', 'Tetrabenazine', 'Cresol', 'Guselkumab', 'Nivolumab', 'Abemaciclib', 'Indapamide', 'Zidovudine', 'Bromodiphenhydramine', 'Haloperidol', 'Methyclothiazide', 'Cetuximab', 'Procarbazine', 'Ixekizumab', 'Asunaprevir', 'Sofosbuvir', 'Neomycin', 'Mifamurtide', 'Testosterone undecanoate', 'Lymecycline', 'Tenofovir disoproxil', 'Durvalumab', 'Tofacitinib', 'Cetylpyridinium', 'Sodium glycerophosphate', 'Levoleucovorin', 'Thiotepa', 'Talc', 'Isocarboxazid', 'Triprolidine', 'Vinorelbine', 'Gadobenic acid', 'Didanosine', 'Cycloserine', 'Netupitant', 'Iohexol', 'Phenelzine', 'Bovine type I collagen', 'Octreotide', 'Unoprostone', 'Hepatitis B Vaccine (Recombinant)', 'Raltegravir', 'Axicabtagene ciloleucel', 'Piracetam', 'Dinoprostone', 'Anidulafungin', 'Doxylamine', 'Ethchlorvynol', 'Labetalol', 'Bimatoprost', 'Lasofoxifene', 'Ethionamide', 'Tretinoin', 'Obeticholic acid', 'Trimethoprim', 'Lipegfilgrastim', 'Palonosetron', 'Thrombomodulin Alfa', 'Hesperetin', 'Tetrachlorodecaoxide', 'Omega-3-carboxylic acids', 'Amiloride', 'Stem bromelain', 'Human cytomegalovirus immune globulin', 'Cyclizine', 'Melphalan', 'Pancrelipase', 'Perboric acid', 'Oprelvekin', 'Methsuximide', 'Nicoboxil', 'Methocarbamol', 'Allopurinol', 'Pemetrexed', 'Fosamprenavir', 'Lopinavir', 'Hyaluronic acid', 'Ondansetron', 'Phenazopyridine', 'Rolapitant', 'Ivacaftor', 'Proguanil', 'Misoprostol', 'Saxagliptin', 'Cantharidin', 'Fludeoxyglucose F-18', 'Baricitinib', 'Suramin', 'Tolcapone', 'Hyaluronidase', 'Hepatitis A Vaccine', 'Bromocriptine', 'Tamibarotene', 'Megestrol acetate', 'Bismuth Subsalicylate', 'Kappadione', 'Carboplatin', 'Niraparib', 'Brentuximab vedotin', 'Polysilicone-15', 'Pseudoephedrine', 'Cabergoline', 'Temoporfin', 'Angiotensin II', 'Triflusal', 'Florbetapir (18F)', 'Domiphen', 'Riociguat', 'Salbutamol', 'Olaparib', 'Chlorthalidone', 'Pegfilgrastim', 'Rasburicase', 'Ixabepilone', 'Peppermint oil', 'Estrogens, esterified', 'Mecasermin', 'Thiopental', 'Oxybenzone', 'Aurothioglucose', 'Isoflurophate', 'Capecitabine', 'Acetylcholine', 'Ubidecarenone', 'Cinnarizine', 'Streptomycin', 'alpha-Tocopherol succinate', 'Selegiline', 'Novobiocin', 'Flutemetamol (18F)', 'Nabilone', 'Magnesium gluconate', 'Dolutegravir', 'Dronabinol', 'Atezolizumab', 'Posaconazole', 'Benzoyl peroxide', 'Sipuleucel-T', 'Liotrix', 'Rucaparib', 'Chlorphenesin', 'Dalteparin', 'Tolnaftate', 'Omeprazole', 'Velpatasvir', 'Inotuzumab ozogamicin', 'Nelarabine', 'Resorcinol', 'Bufexamac', 'Xylose', 'Dolasetron', 'Theophylline', 'Lorpiprazole', 'Nisoldipine', 'Gefitinib', 'Dinutuximab', 'Nevirapine', 'Chlorothiazide', 'Strontium ranelate', 'Fosaprepitant', 'Griseofulvin', 'Pertuzumab', 'Acetylcarnitine', 'Defibrotide', 'Palifermin', 'Ritonavir', 'Hexocyclium', 'Lacidipine', 'Gemtuzumab ozogamicin', 'Buclizine', 'N-acetyltyrosine', 'Zalcitabine', 'Asenapine', 'Atomoxetine', 'Demeclocycline', 'Antipyrine', 'Azidocillin', 'Sarilumab', 'Melatonin', 'Sodium acetate', 'Micafungin', 'Ramucirumab', 'Cerivastatin', 'Pramocaine', 'Esmolol', 'Erlotinib', 'Ketamine', 'Chloropyramine', 'Sacubitril', 'Flumethasone'}"
206,D86,N02,False,True,{'Prednisone'}
207,F25,F29,False,True,"{'Asenapine', 'Pimavanserin'}"
208,M13,N94,False,True,{'Nimesulide'}
209,M08,M06,False,True,"{'Acetylsalicylic acid', 'Methotrexate', 'Ibuprofen', 'Celecoxib', 'Tolmetin'}"
210,M13,M54,False,True,"{'Nicoboxil', 'Etoricoxib', 'Acemetacin'}"
211,I50,I64,False,True,{'Ramipril'}
212,L30,L20,False,True,"{'Pimecrolimus', 'Peppermint oil', 'Prednisone', 'Tranilast', 'Crisaborole', 'Aloe Polysaccharide', 'Tacrolimus', 'Flumethasone', 'Doxepin'}"
213,K37,K36,False,True,{'Meropenem'}
214,L40,L93,False,True,{'Prednisone'}
215,E84,M06,False,True,{'Talniflumate'}
216,F17,F11,False,True,"{'Molindone', 'Quetiapine', 'Prochlorperazine', 'Olanzapine', 'Perphenazine', 'Fluphenazine', 'Aripiprazole', 'Chlorprothixene', 'Aripiprazole lauroxil', 'Loxapine', 'Ziprasidone'}"
217,L80,L40,False,True,{'Methoxsalen'}
218,L57,L55,False,True,{'Sulisobenzone'}
219,E14,I70,False,True,{'Bezafibrate'}
220,M06,L40,False,True,"{'Tofacitinib', 'Etanercept', 'Cyclosporine', 'Methotrexate', 'Infliximab'}"
221,N03,N04,False,True,"{'Hydroflumethiazide', 'Bexarotene', 'Infliximab', 'Ancestim', 'Eribulin', 'Icotinib', 'Aprepitant', 'Galactose', 'Olaratumab', 'Coagulation factor VII human', 'Florbetaben (18F)', 'Moxisylyte', 'Phentolamine', 'Natural alpha interferon', 'Normethadone', 'Temsirolimus', 'Torasemide', 'Talimogene laherparepvec', 'Idelalisib', 'Hyaluronidase (Human Recombinant)', 'Secukinumab', 'Hydroxocobalamin', 'Ethinamate', 'Abatacept', 'Benzathine benzylpenicillin', 'Oxymetholone', 'Pembrolizumab', 'Asparaginase Erwinia chrysanthemi', 'Dermatophagoides farinae', 'Magnesium acetate tetrahydrate', 'Lomustine', 'Dexmethylphenidate', 'Afatinib', 'Bicisate', 'Ertugliflozin', 'Guanfacine', 'Nonoxynol-9', 'Erythropoietin', 'Atazanavir', 'Carboprost Tromethamine', 'Methotrexate', 'Travoprost', 'Nabiximols', 'Lenograstim', 'Salmon Calcitonin', 'Pyrazinamide', 'Nelfinavir', 'Cobicistat', 'Glycyrrhizic acid', 'Hydroxystilbamidine Isethionate', 'Fencamfamine', 'Tipiracil', 'Etravirine', 'Furosemide', 'Pazopanib', 'Etoposide', 'Prednisone', 'Dexibuprofen', 'Monopotassium phosphate', 'Human vaccinia virus immune globulin', 'Dermatophagoides pteronyssinus', 'Droxidopa', 'Cyclothiazide', 'Iodine', 'Medium-chain triglycerides', 'Fomivirsen', 'Lindane', 'Hexobarbital', 'Clarithromycin', 'Asparaginase Escherichia coli', 'Levomefolic acid', 'Dimetindene', 'Vigabatrin', 'Indium In-111 chloride', 'Ampicillin', 'Capreomycin', 'Dyclonine', 'Vinflunine', 'Methylphenidate', 'Regorafenib', 'Oxygen', 'Amprenavir', 'Carbon dioxide', 'Somatostatin', 'Mipomersen', 'Oxcarbazepine', 'Efalizumab', 'Caspofungin', 'Delamanid', 'Amitriptyline', 'Potassium Iodide', 'Floxuridine', 'Levonorgestrel', 'Darunavir', 'Peginterferon alfa-2b', 'Diloxanide', 'Meticillin', 'Hydrocodone', 'Budesonide', 'Trimethadione', 'Ribavirin', 'Propanoic acid', 'Ferric sulfate', 'Rosuvastatin', 'Potassium', 'Amiodarone', 'Moxonidine', 'Filgrastim', 'alpha-Tocopherol acetate', 'Doxorubicin', 'Rilpivirine', 'Thonzylamine', 'Flunitrazepam', 'Fosnetupitant', 'Panitumumab', 'Besilesomab', 'Hexachlorophene', 'Protein S human', 'Sodium stibogluconate', 'Clindamycin', 'Safinamide', 'Telmisartan', 'Beta carotene', 'Paramethadione', 'Methyl cellulose', 'Phenindamine', 'Calcium levulinate', 'Ticlopidine', 'Hexylresorcinol', 'Flecainide', 'Sulfisoxazole', 'Elvitegravir', 'Bioallethrin', 'Emtricitabine', 'Dactinomycin', 'Bacitracin', 'Ifosfamide', 'Ustekinumab', 'Docetaxel', 'Zotepine', 'Cannabidiol', 'Captopril', 'Fluoride ion F-18', 'Rasagiline', 'Abacavir', 'Trabectedin', 'Tegafur', 'Hydroxyethyl Starch', 'Zinc oxide', 'Lamotrigine', 'Metolazone', 'Peginterferon alfa-2a', 'Eprosartan', 'Penbutolol', 'Fish oil', 'Remestemcel-L', 'Dacarbazine', 'Tetrabenazine', 'Cresol', 'Guselkumab', 'Nivolumab', 'Abemaciclib', 'Indapamide', 'Zidovudine', 'Bromodiphenhydramine', 'Haloperidol', 'Methyclothiazide', 'Cetuximab', 'Procarbazine', 'Ixekizumab', 'Asunaprevir', 'Sofosbuvir', 'Neomycin', 'Mifamurtide', 'Testosterone undecanoate', 'Lymecycline', 'Tenofovir disoproxil', 'Durvalumab', 'Tofacitinib', 'Cetylpyridinium', 'Sodium glycerophosphate', 'Levoleucovorin', 'Thiotepa', 'Talc', 'Isocarboxazid', 'Triprolidine', 'Vinorelbine', 'Gadobenic acid', 'Didanosine', 'Cycloserine', 'Netupitant', 'Iohexol', 'Phenelzine', 'Bovine type I collagen', 'Octreotide', 'Unoprostone', 'Hepatitis B Vaccine (Recombinant)', 'Raltegravir', 'Axicabtagene ciloleucel', 'Piracetam', 'Dinoprostone', 'Anidulafungin', 'Doxylamine', 'Ethchlorvynol', 'Labetalol', 'Bimatoprost', 'Lasofoxifene', 'Ethionamide', 'Tretinoin', 'Obeticholic acid', 'Trimethoprim', 'Lipegfilgrastim', 'Palonosetron', 'Thrombomodulin Alfa', 'Hesperetin', 'Tetrachlorodecaoxide', 'Omega-3-carboxylic acids', 'Amiloride', 'Stem bromelain', 'Human cytomegalovirus immune globulin', 'Cyclizine', 'Melphalan', 'Pancrelipase', 'Perboric acid', 'Oprelvekin', 'Methsuximide', 'Nicoboxil', 'Methocarbamol', 'Allopurinol', 'Pemetrexed', 'Fosamprenavir', 'Lopinavir', 'Hyaluronic acid', 'Ondansetron', 'Phenazopyridine', 'Rolapitant', 'Ivacaftor', 'Proguanil', 'Misoprostol', 'Saxagliptin', 'Cantharidin', 'Fludeoxyglucose F-18', 'Baricitinib', 'Suramin', 'Tolcapone', 'Hyaluronidase', 'Hepatitis A Vaccine', 'Bromocriptine', 'Tamibarotene', 'Megestrol acetate', 'Bismuth Subsalicylate', 'Kappadione', 'Carboplatin', 'Niraparib', 'Brentuximab vedotin', 'Polysilicone-15', 'Pseudoephedrine', 'Cabergoline', 'Temoporfin', 'Angiotensin II', 'Triflusal', 'Florbetapir (18F)', 'Domiphen', 'Riociguat', 'Salbutamol', 'Olaparib', 'Chlorthalidone', 'Pegfilgrastim', 'Rasburicase', 'Ixabepilone', 'Peppermint oil', 'Estrogens, esterified', 'Mecasermin', 'Thiopental', 'Oxybenzone', 'Aurothioglucose', 'Isoflurophate', 'Capecitabine', 'Acetylcholine', 'Ubidecarenone', 'Cinnarizine', 'Streptomycin', 'alpha-Tocopherol succinate', 'Selegiline', 'Novobiocin', 'Flutemetamol (18F)', 'Nabilone', 'Magnesium gluconate', 'Dolutegravir', 'Dronabinol', 'Atezolizumab', 'Posaconazole', 'Benzoyl peroxide', 'Sipuleucel-T', 'Liotrix', 'Rucaparib', 'Chlorphenesin', 'Dalteparin', 'Tolnaftate', 'Omeprazole', 'Velpatasvir', 'Inotuzumab ozogamicin', 'Nelarabine', 'Resorcinol', 'Bufexamac', 'Xylose', 'Dolasetron', 'Theophylline', 'Lorpiprazole', 'Nisoldipine', 'Gefitinib', 'Dinutuximab', 'Nevirapine', 'Chlorothiazide', 'Strontium ranelate', 'Fosaprepitant', 'Griseofulvin', 'Pertuzumab', 'Acetylcarnitine', 'Defibrotide', 'Palifermin', 'Ritonavir', 'Hexocyclium', 'Lacidipine', 'Gemtuzumab ozogamicin', 'Buclizine', 'N-acetyltyrosine', 'Zalcitabine', 'Asenapine', 'Atomoxetine', 'Demeclocycline', 'Antipyrine', 'Azidocillin', 'Sarilumab', 'Melatonin', 'Sodium acetate', 'Micafungin', 'Ramucirumab', 'Cerivastatin', 'Pramocaine', 'Esmolol', 'Erlotinib', 'Ketamine', 'Chloropyramine', 'Sacubitril', 'Flumethasone'}"
222,G35,N02,False,True,"{'Nabiximols', 'Cannabidiol', 'Prednisone'}"
223,J45,N02,False,True,"{'Salbutamol', 'Chloropyramine', 'Penbutolol', 'Theophylline', 'Budesonide'}"
224,H20,J63,False,True,{'Prednisone'}
225,K51,N02,False,True,"{'Tofacitinib', 'Kappadione', 'Budesonide', 'Infliximab'}"
226,F16,F11,False,True,"{'Molindone', 'Quetiapine', 'Prochlorperazine', 'Olanzapine', 'Perphenazine', 'Fluphenazine', 'Aripiprazole', 'Chlorprothixene', 'Aripiprazole lauroxil', 'Loxapine', 'Ziprasidone'}"
227,F13,F16,False,True,"{'Molindone', 'Quetiapine', 'Prochlorperazine', 'Olanzapine', 'Perphenazine', 'Fluphenazine', 'Aripiprazole', 'Chlorprothixene', 'Aripiprazole lauroxil', 'Loxapine', 'Ziprasidone'}"
228,N01,N07,False,True,"{'Hydroflumethiazide', 'Bexarotene', 'Infliximab', 'Ancestim', 'Eribulin', 'Icotinib', 'Aprepitant', 'Galactose', 'Olaratumab', 'Coagulation factor VII human', 'Florbetaben (18F)', 'Moxisylyte', 'Phentolamine', 'Natural alpha interferon', 'Normethadone', 'Temsirolimus', 'Torasemide', 'Talimogene laherparepvec', 'Idelalisib', 'Hyaluronidase (Human Recombinant)', 'Secukinumab', 'Hydroxocobalamin', 'Ethinamate', 'Abatacept', 'Benzathine benzylpenicillin', 'Oxymetholone', 'Pembrolizumab', 'Asparaginase Erwinia chrysanthemi', 'Dermatophagoides farinae', 'Magnesium acetate tetrahydrate', 'Lomustine', 'Dexmethylphenidate', 'Afatinib', 'Bicisate', 'Ertugliflozin', 'Guanfacine', 'Nonoxynol-9', 'Erythropoietin', 'Atazanavir', 'Carboprost Tromethamine', 'Methotrexate', 'Travoprost', 'Nabiximols', 'Lenograstim', 'Salmon Calcitonin', 'Pyrazinamide', 'Nelfinavir', 'Cobicistat', 'Glycyrrhizic acid', 'Hydroxystilbamidine Isethionate', 'Fencamfamine', 'Tipiracil', 'Etravirine', 'Furosemide', 'Pazopanib', 'Etoposide', 'Prednisone', 'Dexibuprofen', 'Monopotassium phosphate', 'Human vaccinia virus immune globulin', 'Dermatophagoides pteronyssinus', 'Droxidopa', 'Cyclothiazide', 'Iodine', 'Medium-chain triglycerides', 'Fomivirsen', 'Lindane', 'Hexobarbital', 'Clarithromycin', 'Asparaginase Escherichia coli', 'Levomefolic acid', 'Dimetindene', 'Vigabatrin', 'Indium In-111 chloride', 'Ampicillin', 'Capreomycin', 'Dyclonine', 'Vinflunine', 'Methylphenidate', 'Regorafenib', 'Oxygen', 'Amprenavir', 'Carbon dioxide', 'Somatostatin', 'Mipomersen', 'Oxcarbazepine', 'Efalizumab', 'Caspofungin', 'Delamanid', 'Amitriptyline', 'Potassium Iodide', 'Floxuridine', 'Levonorgestrel', 'Darunavir', 'Peginterferon alfa-2b', 'Diloxanide', 'Meticillin', 'Hydrocodone', 'Budesonide', 'Trimethadione', 'Ribavirin', 'Propanoic acid', 'Ferric sulfate', 'Rosuvastatin', 'Potassium', 'Amiodarone', 'Moxonidine', 'Filgrastim', 'alpha-Tocopherol acetate', 'Doxorubicin', 'Rilpivirine', 'Thonzylamine', 'Flunitrazepam', 'Fosnetupitant', 'Panitumumab', 'Besilesomab', 'Hexachlorophene', 'Protein S human', 'Sodium stibogluconate', 'Clindamycin', 'Safinamide', 'Telmisartan', 'Beta carotene', 'Paramethadione', 'Methyl cellulose', 'Phenindamine', 'Calcium levulinate', 'Ticlopidine', 'Hexylresorcinol', 'Flecainide', 'Sulfisoxazole', 'Elvitegravir', 'Bioallethrin', 'Emtricitabine', 'Dactinomycin', 'Bacitracin', 'Ifosfamide', 'Ustekinumab', 'Docetaxel', 'Zotepine', 'Cannabidiol', 'Captopril', 'Fluoride ion F-18', 'Rasagiline', 'Abacavir', 'Trabectedin', 'Tegafur', 'Hydroxyethyl Starch', 'Zinc oxide', 'Lamotrigine', 'Metolazone', 'Peginterferon alfa-2a', 'Eprosartan', 'Penbutolol', 'Fish oil', 'Remestemcel-L', 'Dacarbazine', 'Tetrabenazine', 'Cresol', 'Guselkumab', 'Nivolumab', 'Abemaciclib', 'Indapamide', 'Zidovudine', 'Bromodiphenhydramine', 'Haloperidol', 'Methyclothiazide', 'Cetuximab', 'Procarbazine', 'Ixekizumab', 'Asunaprevir', 'Sofosbuvir', 'Neomycin', 'Mifamurtide', 'Testosterone undecanoate', 'Lymecycline', 'Tenofovir disoproxil', 'Durvalumab', 'Tofacitinib', 'Cetylpyridinium', 'Sodium glycerophosphate', 'Levoleucovorin', 'Thiotepa', 'Talc', 'Isocarboxazid', 'Triprolidine', 'Vinorelbine', 'Gadobenic acid', 'Didanosine', 'Cycloserine', 'Netupitant', 'Iohexol', 'Phenelzine', 'Bovine type I collagen', 'Octreotide', 'Unoprostone', 'Hepatitis B Vaccine (Recombinant)', 'Raltegravir', 'Axicabtagene ciloleucel', 'Piracetam', 'Dinoprostone', 'Anidulafungin', 'Doxylamine', 'Ethchlorvynol', 'Labetalol', 'Bimatoprost', 'Lasofoxifene', 'Ethionamide', 'Tretinoin', 'Obeticholic acid', 'Trimethoprim', 'Lipegfilgrastim', 'Palonosetron', 'Thrombomodulin Alfa', 'Hesperetin', 'Tetrachlorodecaoxide', 'Omega-3-carboxylic acids', 'Amiloride', 'Stem bromelain', 'Human cytomegalovirus immune globulin', 'Cyclizine', 'Melphalan', 'Pancrelipase', 'Perboric acid', 'Oprelvekin', 'Methsuximide', 'Nicoboxil', 'Methocarbamol', 'Allopurinol', 'Pemetrexed', 'Fosamprenavir', 'Lopinavir', 'Hyaluronic acid', 'Ondansetron', 'Phenazopyridine', 'Rolapitant', 'Ivacaftor', 'Proguanil', 'Misoprostol', 'Saxagliptin', 'Cantharidin', 'Fludeoxyglucose F-18', 'Baricitinib', 'Suramin', 'Tolcapone', 'Hyaluronidase', 'Hepatitis A Vaccine', 'Bromocriptine', 'Tamibarotene', 'Megestrol acetate', 'Bismuth Subsalicylate', 'Kappadione', 'Carboplatin', 'Niraparib', 'Brentuximab vedotin', 'Polysilicone-15', 'Pseudoephedrine', 'Cabergoline', 'Temoporfin', 'Angiotensin II', 'Triflusal', 'Florbetapir (18F)', 'Domiphen', 'Riociguat', 'Salbutamol', 'Olaparib', 'Chlorthalidone', 'Pegfilgrastim', 'Rasburicase', 'Ixabepilone', 'Peppermint oil', 'Estrogens, esterified', 'Mecasermin', 'Thiopental', 'Oxybenzone', 'Aurothioglucose', 'Isoflurophate', 'Capecitabine', 'Acetylcholine', 'Ubidecarenone', 'Cinnarizine', 'Streptomycin', 'alpha-Tocopherol succinate', 'Selegiline', 'Novobiocin', 'Flutemetamol (18F)', 'Nabilone', 'Magnesium gluconate', 'Dolutegravir', 'Dronabinol', 'Atezolizumab', 'Posaconazole', 'Benzoyl peroxide', 'Sipuleucel-T', 'Liotrix', 'Rucaparib', 'Chlorphenesin', 'Dalteparin', 'Tolnaftate', 'Omeprazole', 'Velpatasvir', 'Inotuzumab ozogamicin', 'Nelarabine', 'Resorcinol', 'Bufexamac', 'Xylose', 'Dolasetron', 'Theophylline', 'Lorpiprazole', 'Nisoldipine', 'Gefitinib', 'Dinutuximab', 'Nevirapine', 'Chlorothiazide', 'Strontium ranelate', 'Fosaprepitant', 'Griseofulvin', 'Pertuzumab', 'Acetylcarnitine', 'Defibrotide', 'Palifermin', 'Ritonavir', 'Hexocyclium', 'Lacidipine', 'Gemtuzumab ozogamicin', 'Buclizine', 'N-acetyltyrosine', 'Zalcitabine', 'Asenapine', 'Atomoxetine', 'Demeclocycline', 'Antipyrine', 'Azidocillin', 'Sarilumab', 'Melatonin', 'Sodium acetate', 'Micafungin', 'Ramucirumab', 'Cerivastatin', 'Pramocaine', 'Esmolol', 'Erlotinib', 'Ketamine', 'Chloropyramine', 'Sacubitril', 'Flumethasone'}"
229,K51,M32,False,True,{'Prednisolone'}
230,H20,L30,False,True,{'Prednisone'}
231,F17,F16,False,True,"{'Molindone', 'Quetiapine', 'Prochlorperazine', 'Olanzapine', 'Perphenazine', 'Fluphenazine', 'Aripiprazole', 'Chlorprothixene', 'Aripiprazole lauroxil', 'Loxapine', 'Ziprasidone'}"
232,J30,L50,False,True,"{'Carbinoxamine', 'Cyproheptadine'}"
233,M32,D86,False,True,{'Prednisone'}
234,N00,N01,False,True,"{'Hydroflumethiazide', 'Bexarotene', 'Infliximab', 'Ancestim', 'Eribulin', 'Icotinib', 'Aprepitant', 'Galactose', 'Olaratumab', 'Coagulation factor VII human', 'Florbetaben (18F)', 'Moxisylyte', 'Phentolamine', 'Natural alpha interferon', 'Normethadone', 'Temsirolimus', 'Torasemide', 'Talimogene laherparepvec', 'Idelalisib', 'Hyaluronidase (Human Recombinant)', 'Secukinumab', 'Hydroxocobalamin', 'Ethinamate', 'Abatacept', 'Benzathine benzylpenicillin', 'Oxymetholone', 'Pembrolizumab', 'Asparaginase Erwinia chrysanthemi', 'Dermatophagoides farinae', 'Magnesium acetate tetrahydrate', 'Lomustine', 'Dexmethylphenidate', 'Afatinib', 'Bicisate', 'Ertugliflozin', 'Guanfacine', 'Nonoxynol-9', 'Erythropoietin', 'Atazanavir', 'Carboprost Tromethamine', 'Methotrexate', 'Travoprost', 'Nabiximols', 'Lenograstim', 'Salmon Calcitonin', 'Pyrazinamide', 'Nelfinavir', 'Cobicistat', 'Glycyrrhizic acid', 'Hydroxystilbamidine Isethionate', 'Fencamfamine', 'Tipiracil', 'Etravirine', 'Furosemide', 'Pazopanib', 'Etoposide', 'Prednisone', 'Dexibuprofen', 'Monopotassium phosphate', 'Human vaccinia virus immune globulin', 'Dermatophagoides pteronyssinus', 'Droxidopa', 'Cyclothiazide', 'Iodine', 'Medium-chain triglycerides', 'Fomivirsen', 'Lindane', 'Hexobarbital', 'Clarithromycin', 'Asparaginase Escherichia coli', 'Levomefolic acid', 'Dimetindene', 'Vigabatrin', 'Indium In-111 chloride', 'Ampicillin', 'Capreomycin', 'Dyclonine', 'Vinflunine', 'Methylphenidate', 'Regorafenib', 'Oxygen', 'Amprenavir', 'Carbon dioxide', 'Somatostatin', 'Mipomersen', 'Oxcarbazepine', 'Efalizumab', 'Caspofungin', 'Delamanid', 'Amitriptyline', 'Potassium Iodide', 'Floxuridine', 'Levonorgestrel', 'Darunavir', 'Peginterferon alfa-2b', 'Diloxanide', 'Meticillin', 'Hydrocodone', 'Budesonide', 'Trimethadione', 'Ribavirin', 'Propanoic acid', 'Ferric sulfate', 'Rosuvastatin', 'Potassium', 'Amiodarone', 'Moxonidine', 'Filgrastim', 'alpha-Tocopherol acetate', 'Doxorubicin', 'Rilpivirine', 'Thonzylamine', 'Flunitrazepam', 'Fosnetupitant', 'Panitumumab', 'Besilesomab', 'Hexachlorophene', 'Protein S human', 'Sodium stibogluconate', 'Clindamycin', 'Safinamide', 'Telmisartan', 'Beta carotene', 'Paramethadione', 'Methyl cellulose', 'Phenindamine', 'Calcium levulinate', 'Ticlopidine', 'Hexylresorcinol', 'Flecainide', 'Sulfisoxazole', 'Elvitegravir', 'Bioallethrin', 'Emtricitabine', 'Dactinomycin', 'Bacitracin', 'Ifosfamide', 'Ustekinumab', 'Docetaxel', 'Zotepine', 'Cannabidiol', 'Captopril', 'Fluoride ion F-18', 'Rasagiline', 'Abacavir', 'Trabectedin', 'Tegafur', 'Hydroxyethyl Starch', 'Zinc oxide', 'Lamotrigine', 'Metolazone', 'Peginterferon alfa-2a', 'Eprosartan', 'Penbutolol', 'Fish oil', 'Remestemcel-L', 'Dacarbazine', 'Tetrabenazine', 'Cresol', 'Guselkumab', 'Nivolumab', 'Abemaciclib', 'Indapamide', 'Zidovudine', 'Bromodiphenhydramine', 'Haloperidol', 'Methyclothiazide', 'Cetuximab', 'Procarbazine', 'Ixekizumab', 'Asunaprevir', 'Sofosbuvir', 'Neomycin', 'Mifamurtide', 'Testosterone undecanoate', 'Lymecycline', 'Tenofovir disoproxil', 'Durvalumab', 'Tofacitinib', 'Cetylpyridinium', 'Sodium glycerophosphate', 'Levoleucovorin', 'Thiotepa', 'Talc', 'Isocarboxazid', 'Triprolidine', 'Vinorelbine', 'Gadobenic acid', 'Didanosine', 'Cycloserine', 'Netupitant', 'Iohexol', 'Phenelzine', 'Bovine type I collagen', 'Octreotide', 'Unoprostone', 'Hepatitis B Vaccine (Recombinant)', 'Raltegravir', 'Axicabtagene ciloleucel', 'Piracetam', 'Dinoprostone', 'Anidulafungin', 'Doxylamine', 'Ethchlorvynol', 'Labetalol', 'Bimatoprost', 'Lasofoxifene', 'Ethionamide', 'Tretinoin', 'Obeticholic acid', 'Trimethoprim', 'Lipegfilgrastim', 'Palonosetron', 'Thrombomodulin Alfa', 'Hesperetin', 'Tetrachlorodecaoxide', 'Omega-3-carboxylic acids', 'Amiloride', 'Stem bromelain', 'Human cytomegalovirus immune globulin', 'Cyclizine', 'Melphalan', 'Pancrelipase', 'Perboric acid', 'Oprelvekin', 'Methsuximide', 'Nicoboxil', 'Methocarbamol', 'Allopurinol', 'Pemetrexed', 'Fosamprenavir', 'Lopinavir', 'Hyaluronic acid', 'Ondansetron', 'Phenazopyridine', 'Rolapitant', 'Ivacaftor', 'Proguanil', 'Misoprostol', 'Saxagliptin', 'Cantharidin', 'Fludeoxyglucose F-18', 'Baricitinib', 'Suramin', 'Tolcapone', 'Hyaluronidase', 'Hepatitis A Vaccine', 'Bromocriptine', 'Tamibarotene', 'Megestrol acetate', 'Bismuth Subsalicylate', 'Kappadione', 'Carboplatin', 'Niraparib', 'Brentuximab vedotin', 'Polysilicone-15', 'Pseudoephedrine', 'Cabergoline', 'Temoporfin', 'Angiotensin II', 'Triflusal', 'Florbetapir (18F)', 'Domiphen', 'Riociguat', 'Salbutamol', 'Olaparib', 'Chlorthalidone', 'Pegfilgrastim', 'Rasburicase', 'Ixabepilone', 'Peppermint oil', 'Estrogens, esterified', 'Mecasermin', 'Thiopental', 'Oxybenzone', 'Aurothioglucose', 'Isoflurophate', 'Capecitabine', 'Acetylcholine', 'Ubidecarenone', 'Cinnarizine', 'Streptomycin', 'alpha-Tocopherol succinate', 'Selegiline', 'Novobiocin', 'Flutemetamol (18F)', 'Nabilone', 'Magnesium gluconate', 'Dolutegravir', 'Dronabinol', 'Atezolizumab', 'Posaconazole', 'Benzoyl peroxide', 'Sipuleucel-T', 'Liotrix', 'Rucaparib', 'Chlorphenesin', 'Dalteparin', 'Tolnaftate', 'Omeprazole', 'Velpatasvir', 'Inotuzumab ozogamicin', 'Nelarabine', 'Resorcinol', 'Bufexamac', 'Xylose', 'Dolasetron', 'Theophylline', 'Lorpiprazole', 'Nisoldipine', 'Gefitinib', 'Dinutuximab', 'Nevirapine', 'Chlorothiazide', 'Strontium ranelate', 'Fosaprepitant', 'Griseofulvin', 'Pertuzumab', 'Acetylcarnitine', 'Defibrotide', 'Palifermin', 'Ritonavir', 'Hexocyclium', 'Lacidipine', 'Gemtuzumab ozogamicin', 'Buclizine', 'N-acetyltyrosine', 'Zalcitabine', 'Asenapine', 'Atomoxetine', 'Demeclocycline', 'Antipyrine', 'Azidocillin', 'Sarilumab', 'Melatonin', 'Sodium acetate', 'Micafungin', 'Ramucirumab', 'Cerivastatin', 'Pramocaine', 'Esmolol', 'Erlotinib', 'Ketamine', 'Chloropyramine', 'Sacubitril', 'Flumethasone'}"
235,H20,D86,False,True,{'Prednisone'}
236,E14,I50,False,True,"{'Quinapril', 'Lisinopril', 'Ramipril', 'Fosinopril', 'Telmisartan', 'Trandolapril'}"
237,I64,I70,False,True,{'Clopidogrel'}
238,F17,F19,False,True,"{'Molindone', 'Quetiapine', 'Prochlorperazine', 'Olanzapine', 'Perphenazine', 'Fluphenazine', 'Aripiprazole', 'Chlorprothixene', 'Aripiprazole lauroxil', 'Loxapine', 'Ziprasidone'}"
239,K51,L93,False,True,{'Prednisolone'}
240,I64,I26,False,True,"{'Rivaroxaban', 'Phenprocoumon', 'Edoxaban'}"
241,I20,I64,False,True,{'Prasugrel'}
242,K51,K58,True,False,{'Plantago seed'}
243,F50,F40,True,False,"{'Fluoxetine', 'Imipramine', 'Paroxetine'}"
244,K37,K65,True,False,{'Meropenem'}
245,F32,F40,True,False,{'Imipramine'}
246,F13,F20,True,False,"{'Quetiapine', 'Olanzapine', 'Aripiprazole', 'Chlorprothixene', 'Aripiprazole lauroxil', 'Loxapine', 'Ziprasidone'}"
247,K29,K21,True,False,{'Bismuth Subcitrate'}
248,H10,N05,True,False,"{'Dermatophagoides farinae', 'Chloropyramine', 'Prednisone', 'Triprolidine', 'Sulfisoxazole', 'Dermatophagoides pteronyssinus'}"
249,J01,J42,True,False,{'Clarithromycin'}
250,D29,N02,True,False,"{'Sipuleucel-T', 'Ixabepilone', 'Estrogens, esterified', 'Melatonin', 'Testosterone undecanoate', 'Docetaxel', 'Megestrol acetate'}"
251,N03,N05,True,False,"{'Hydroflumethiazide', 'Bexarotene', 'Infliximab', 'Ancestim', 'Eribulin', 'Icotinib', 'Aprepitant', 'Galactose', 'Olaratumab', 'Coagulation factor VII human', 'Florbetaben (18F)', 'Moxisylyte', 'Phentolamine', 'Natural alpha interferon', 'Normethadone', 'Temsirolimus', 'Torasemide', 'Talimogene laherparepvec', 'Idelalisib', 'Hyaluronidase (Human Recombinant)', 'Secukinumab', 'Hydroxocobalamin', 'Ethinamate', 'Abatacept', 'Benzathine benzylpenicillin', 'Oxymetholone', 'Pembrolizumab', 'Asparaginase Erwinia chrysanthemi', 'Dermatophagoides farinae', 'Magnesium acetate tetrahydrate', 'Lomustine', 'Dexmethylphenidate', 'Afatinib', 'Bicisate', 'Ertugliflozin', 'Guanfacine', 'Nonoxynol-9', 'Erythropoietin', 'Atazanavir', 'Carboprost Tromethamine', 'Methotrexate', 'Travoprost', 'Nabiximols', 'Lenograstim', 'Salmon Calcitonin', 'Pyrazinamide', 'Nelfinavir', 'Cobicistat', 'Glycyrrhizic acid', 'Hydroxystilbamidine Isethionate', 'Fencamfamine', 'Tipiracil', 'Etravirine', 'Furosemide', 'Pazopanib', 'Etoposide', 'Prednisone', 'Dexibuprofen', 'Monopotassium phosphate', 'Human vaccinia virus immune globulin', 'Dermatophagoides pteronyssinus', 'Droxidopa', 'Cyclothiazide', 'Iodine', 'Medium-chain triglycerides', 'Fomivirsen', 'Lindane', 'Hexobarbital', 'Clarithromycin', 'Asparaginase Escherichia coli', 'Levomefolic acid', 'Dimetindene', 'Vigabatrin', 'Indium In-111 chloride', 'Ampicillin', 'Capreomycin', 'Dyclonine', 'Vinflunine', 'Methylphenidate', 'Regorafenib', 'Oxygen', 'Amprenavir', 'Carbon dioxide', 'Somatostatin', 'Mipomersen', 'Oxcarbazepine', 'Efalizumab', 'Caspofungin', 'Delamanid', 'Amitriptyline', 'Potassium Iodide', 'Floxuridine', 'Levonorgestrel', 'Darunavir', 'Peginterferon alfa-2b', 'Diloxanide', 'Meticillin', 'Hydrocodone', 'Budesonide', 'Trimethadione', 'Ribavirin', 'Propanoic acid', 'Ferric sulfate', 'Rosuvastatin', 'Potassium', 'Amiodarone', 'Moxonidine', 'Filgrastim', 'alpha-Tocopherol acetate', 'Doxorubicin', 'Rilpivirine', 'Thonzylamine', 'Flunitrazepam', 'Fosnetupitant', 'Panitumumab', 'Besilesomab', 'Hexachlorophene', 'Protein S human', 'Sodium stibogluconate', 'Clindamycin', 'Safinamide', 'Telmisartan', 'Beta carotene', 'Paramethadione', 'Methyl cellulose', 'Phenindamine', 'Calcium levulinate', 'Ticlopidine', 'Hexylresorcinol', 'Flecainide', 'Sulfisoxazole', 'Elvitegravir', 'Bioallethrin', 'Emtricitabine', 'Dactinomycin', 'Bacitracin', 'Ifosfamide', 'Ustekinumab', 'Docetaxel', 'Zotepine', 'Cannabidiol', 'Captopril', 'Fluoride ion F-18', 'Rasagiline', 'Abacavir', 'Trabectedin', 'Tegafur', 'Hydroxyethyl Starch', 'Zinc oxide', 'Lamotrigine', 'Metolazone', 'Peginterferon alfa-2a', 'Eprosartan', 'Penbutolol', 'Fish oil', 'Remestemcel-L', 'Dacarbazine', 'Tetrabenazine', 'Cresol', 'Guselkumab', 'Nivolumab', 'Abemaciclib', 'Indapamide', 'Zidovudine', 'Bromodiphenhydramine', 'Haloperidol', 'Methyclothiazide', 'Cetuximab', 'Procarbazine', 'Ixekizumab', 'Asunaprevir', 'Sofosbuvir', 'Neomycin', 'Mifamurtide', 'Testosterone undecanoate', 'Lymecycline', 'Tenofovir disoproxil', 'Durvalumab', 'Tofacitinib', 'Cetylpyridinium', 'Sodium glycerophosphate', 'Levoleucovorin', 'Thiotepa', 'Talc', 'Isocarboxazid', 'Triprolidine', 'Vinorelbine', 'Gadobenic acid', 'Didanosine', 'Cycloserine', 'Netupitant', 'Iohexol', 'Phenelzine', 'Bovine type I collagen', 'Octreotide', 'Unoprostone', 'Hepatitis B Vaccine (Recombinant)', 'Raltegravir', 'Axicabtagene ciloleucel', 'Piracetam', 'Dinoprostone', 'Anidulafungin', 'Doxylamine', 'Ethchlorvynol', 'Labetalol', 'Bimatoprost', 'Lasofoxifene', 'Ethionamide', 'Tretinoin', 'Obeticholic acid', 'Trimethoprim', 'Lipegfilgrastim', 'Palonosetron', 'Thrombomodulin Alfa', 'Hesperetin', 'Tetrachlorodecaoxide', 'Omega-3-carboxylic acids', 'Amiloride', 'Stem bromelain', 'Human cytomegalovirus immune globulin', 'Cyclizine', 'Melphalan', 'Pancrelipase', 'Perboric acid', 'Oprelvekin', 'Methsuximide', 'Nicoboxil', 'Methocarbamol', 'Allopurinol', 'Pemetrexed', 'Fosamprenavir', 'Lopinavir', 'Hyaluronic acid', 'Ondansetron', 'Phenazopyridine', 'Rolapitant', 'Ivacaftor', 'Proguanil', 'Misoprostol', 'Saxagliptin', 'Cantharidin', 'Fludeoxyglucose F-18', 'Baricitinib', 'Suramin', 'Tolcapone', 'Hyaluronidase', 'Hepatitis A Vaccine', 'Bromocriptine', 'Tamibarotene', 'Megestrol acetate', 'Bismuth Subsalicylate', 'Kappadione', 'Carboplatin', 'Niraparib', 'Brentuximab vedotin', 'Polysilicone-15', 'Pseudoephedrine', 'Cabergoline', 'Temoporfin', 'Angiotensin II', 'Triflusal', 'Florbetapir (18F)', 'Domiphen', 'Riociguat', 'Salbutamol', 'Olaparib', 'Chlorthalidone', 'Pegfilgrastim', 'Rasburicase', 'Ixabepilone', 'Peppermint oil', 'Estrogens, esterified', 'Mecasermin', 'Thiopental', 'Oxybenzone', 'Aurothioglucose', 'Isoflurophate', 'Capecitabine', 'Acetylcholine', 'Ubidecarenone', 'Cinnarizine', 'Streptomycin', 'alpha-Tocopherol succinate', 'Selegiline', 'Novobiocin', 'Flutemetamol (18F)', 'Nabilone', 'Magnesium gluconate', 'Dolutegravir', 'Dronabinol', 'Atezolizumab', 'Posaconazole', 'Benzoyl peroxide', 'Sipuleucel-T', 'Liotrix', 'Rucaparib', 'Chlorphenesin', 'Dalteparin', 'Tolnaftate', 'Omeprazole', 'Velpatasvir', 'Inotuzumab ozogamicin', 'Nelarabine', 'Resorcinol', 'Bufexamac', 'Xylose', 'Dolasetron', 'Theophylline', 'Lorpiprazole', 'Nisoldipine', 'Gefitinib', 'Dinutuximab', 'Nevirapine', 'Chlorothiazide', 'Strontium ranelate', 'Fosaprepitant', 'Griseofulvin', 'Pertuzumab', 'Acetylcarnitine', 'Defibrotide', 'Palifermin', 'Ritonavir', 'Hexocyclium', 'Lacidipine', 'Gemtuzumab ozogamicin', 'Buclizine', 'N-acetyltyrosine', 'Zalcitabine', 'Asenapine', 'Atomoxetine', 'Demeclocycline', 'Antipyrine', 'Azidocillin', 'Sarilumab', 'Melatonin', 'Sodium acetate', 'Micafungin', 'Ramucirumab', 'Cerivastatin', 'Pramocaine', 'Esmolol', 'Erlotinib', 'Ketamine', 'Chloropyramine', 'Sacubitril', 'Flumethasone'}"
252,F40,F42,True,False,"{'Fluoxetine', 'Paroxetine', 'Sertraline'}"
253,F03,F05,True,False,{'Haloperidol'}
254,J44,J40,True,False,"{'Ipratropium', 'Olodaterol', 'Terpin hydrate', 'Arformoterol', 'Aclidinium', 'Indacaterol'}"
255,H10,N02,True,False,"{'Dermatophagoides farinae', 'Chloropyramine', 'Prednisone', 'Triprolidine', 'Sulfisoxazole', 'Dermatophagoides pteronyssinus'}"
256,H26,H40,True,False,{'Hyaluronic acid'}
257,N02,N41,True,False,{'Trimethoprim'}
258,N30,C68,True,False,"{'Ciprofloxacin', 'Enoxacin'}"
259,F20,F15,True,False,"{'Quetiapine', 'Olanzapine', 'Aripiprazole', 'Chlorprothixene', 'Aripiprazole lauroxil', 'Loxapine', 'Ziprasidone'}"
260,J40,J43,True,False,"{'Bambuterol', 'Oxtriphylline', 'Aminophylline', 'Vilanterol', 'Ipratropium', 'Orciprenaline', 'Olodaterol', 'Theophylline', 'Arformoterol', 'Dyphylline', 'Fluticasone furoate', 'Terbutaline', 'Indacaterol', 'Aclidinium'}"
261,J47,J40,True,False,{'Terpin hydrate'}
262,E06,K51,True,False,{'Prednisolone'}
263,F20,F25,True,False,"{'Amisulpride', 'Asenapine', 'Armodafinil', 'Pimavanserin'}"
264,L71,H16,True,False,{'Loteprednol'}
265,C38,D48,True,False,"{'Tacrolimus', 'Cefazolin', 'Pixantrone', 'Phenoxymethylpenicillin'}"
266,N30,N41,True,False,{'Trimethoprim'}
267,C71,C38,True,False,{'Metrizamide'}
268,K21,K29,True,False,{'Bismuth Subcitrate'}
269,F43,F50,True,False,{'Imipramine'}
270,J44,J47,True,False,{'Terpin hydrate'}
271,F43,F40,True,False,"{'Imipramine', 'Sertraline'}"
272,H10,J40,True,False,{'Moxifloxacin'}
273,F32,F43,True,False,{'Imipramine'}
274,D12,D13,True,False,{'Fluorouracil'}
275,H10,H16,True,False,"{'Cromoglicic acid', 'Hydroxypropyl cellulose', 'Natamycin', 'Prednisone', 'Sulfacetamide', 'Trifluridine', 'Idoxuridine', 'Rose bengal', 'Loteprednol', 'Lifitegrast', 'Lodoxamide'}"
276,N30,H10,True,False,{'Acetyl sulfisoxazole'}
277,I21,I50,True,False,"{'Eplerenone', 'Metoprolol'}"
278,K59,K51,True,False,{'Plantago seed'}
279,F20,F63,True,False,{'Clomipramine'}
280,J47,J44,True,False,{'Terpin hydrate'}
281,N05,M45,True,False,"{'Tofacitinib', 'Infliximab'}"
282,B37,D48,True,False,{'Clotrimazole'}
283,F03,F20,True,False,{'Haloperidol'}
284,N30,N02,True,False,"{'Hyaluronic acid', 'Trimethoprim'}"
